scenario,WBA2,WBA3,WBA4,WBA5,WBA6,WBA7N,WBA7S,WBA8N,WBA8S,WBA9,WBA10,WBA11,WBA12,WBA13,WBA14,WBA15N,WBA15S,WBA16,WBA17N,WBA17S,WBA18,WBA19,WBA20,WBA21,WBA22,WBA23,WBA24,WBA25,WBA26N,WBA26S,WBA50,WBA60N,WBA60S,WBA61,WBA62,WBA63,WBA64,WBA71,WBA72,WBA73,WBA90,DETAW
s0011,3.023304205592264,2.008837380202868,2.0036840459554166,2.018392267569058,2.033177429924507,2.022859498002217,1.9970728852958197,2.012646165677558,1.9962538514867956,2.0489977963304984,2.0152417584161846,2.0411469948532774,2.0238035425731526,2.0161869899188813,2.029490007229392,2.0311506252115072,3.208039591465037,3.0079727754726133,2.0387124687180664,3.0095097869130716,3.010094225273671,3.051946559013591,2.0134116506217925,3.0030019147060036,3.0646557894806867,3.3289901221694436,3.8135231709786304,2.0198843806417974,3.156820384397708,2.025127533033679,1.9880085746067782,1.9982258823835162,1.974496040681085,1.9658057137886888,3.3022974490757715,4.184063227693863,4.709300891823531,1.9558862079664379,1.9181148779796016,3.2729866511131003,4.943711247499375,2.0062671404888093
s0020,3.021617555820993,1.9464045952166744,2.04701682051841,1.7923864705215231,3.000189191738177,3.8854659088467627,2.218080663799599,2.737142555594501,2.2126557484163856,1.9849707622646713,1.92659699684548,1.956256896349293,1.9762043768254887,1.9521068566471664,2.0022074967579853,2.0687732432674473,3.3936339331631817,3.007760882339309,1.9582717491446093,3.008311239672622,3.0084728251815367,3.0514387261541756,1.810695816599737,3.0031100934067414,3.104092121708169,3.611850240837267,4.326631069230372,2.2416756268443043,3.3238643421201983,2.8617426762901363,2.357499741586511,2.9655236303677652,3.0223505555314185,2.2704627243007134,3.4384410778255683,4.493061863723909,4.812653347441589,3.0022349714899383,3.3541674888207256,4.054926859995727,4.965451946672035,2.5448630494097455
s0020-R,3.021617555820993,1.9464045952166744,2.04701682051841,1.7923864705215231,3.000189191738177,3.8854659088467627,2.218080663799599,2.737142555594501,2.2126557484163856,1.9849707622646713,1.92659699684548,1.956256896349293,1.9762043768254887,1.9521068566471664,2.0022074967579853,2.0687732432674473,3.3936339331631817,3.007760882339309,1.9582717491446093,3.008311239672622,3.0084728251815367,3.0514387261541756,1.810695816599737,3.0031100934067414,3.104092121708169,3.611850240837267,4.326631069230372,2.2416756268443043,3.3238643421201983,2.8617426762901363,2.357499741586511,2.9655236303677652,3.0223505555314185,2.2704627243007134,3.4384410778255683,4.493061863723909,4.812653347441589,3.0022349714899383,3.3541674888207256,4.054926859995727,4.965451946672035,2.5448630494097455
s0021,3.0219858444158914,1.956236163707872,2.0453221593352073,1.7964185874229437,2.970209626360555,3.8575121145953473,2.2227288850170965,2.7310570334476445,2.207296101735216,2.0359558586292583,1.9209940487189607,1.8778979972808543,2.014198626005367,1.9537283983075047,2.1114131361289274,2.201803041961135,3.4150534386583145,3.007257781044565,1.8942040169648635,3.0082309016719617,3.008781271981817,3.050559540908696,1.7849310306162267,3.0029207454515183,3.1037452180047413,3.616745351621781,4.3267541099891735,2.1759536898784173,3.3230279707179813,2.837436504907601,2.3566071104836435,2.9622504217013677,3.0227482356674265,2.272246794744724,3.437822768829728,4.492250770326176,4.812502203649667,3.0022184186127063,3.353186126657727,4.054141943239533,4.9653976561582684,2.5168858183302394
s0023,1.0426425577016005,1.783944721922007,2.5875223963053964,1.9123792863258187,2.2224948660819646,3.180194263608334,2.994791915361283,2.478573581280781,3.6738990387718746,1.1168983326476303,1.2421774729928945,3.526165286151868,4.7245381870248195,4.985092518068255,4.972918652069955,4.983132481453286,4.937985297940527,1.0660822671340995,3.0416121636807993,3.816708070570543,3.238348613299906,4.570616824029585,2.5088162592667054,1.2524337943026163,1.304462547591846,1.4774215668982438,1.4994398852653346,3.0005889199131652,1.4999677709189605,2.9782230601554742,2.3582507592272557,3.0030257075219278,3.008916956937189,4.13012404849403,4.371068845938853,4.235979753612858,4.897373800814433,3.189719658359749,2.9993143739176786,3.0001368841373597,3.005050663252515,2.9682146739964628
s0024,1.0427266868920084,1.8024972434219193,2.588934716984803,1.9297733592949018,2.2287407716034084,3.180135235224453,2.995376345403615,2.493171332910592,3.674136102797677,1.1237714734597932,1.2458965033728884,3.5384564024358403,4.724397409475759,4.985042178929436,4.972913305655857,4.983132231772588,4.93798906105637,1.066206490674793,3.0443548722872613,3.8253558776403382,3.2382720158866136,4.569527981091343,2.510833710611921,1.2532747503780381,1.3043446742129179,1.4778501615990847,1.4994463976847494,3.0005861293213743,3.000001085616467,2.978808536477474,2.370180213674468,3.003031737302759,3.009139837422993,4.131304000845982,4.371108544352248,4.236644707910941,4.89742607655515,3.189713769084338,2.9993170642512923,3.0001297505634326,3.0051263442032408,2.969093649161658
s0025,3.022102519995105,1.9496460138827347,2.046176151201878,1.8060285803768896,2.973359521374566,3.835938239156058,2.191047964860418,2.730651024017442,2.1874782919903053,2.0813244301065645,1.9349602895004232,2.0090861140796727,2.0102525113310463,1.9864933643635698,2.0475085323153124,2.07686104048572,3.3421539224013435,3.007530394181911,2.0401797012719403,3.009295177554003,3.011233363262069,3.052201169462775,1.777918502048653,3.003085179057267,3.0957898975233364,3.5234042977781277,4.240355047168565,2.319964828518441,3.300543907715282,3.0423842424784953,3.004720517821932,3.308368830825565,3.3149002625000774,3.037565946642528,3.2178427397298885,3.8726609510575427,4.45758830622305,2.839197247619281,2.8663208198728385,3.402524938279559,4.915324411690372,3.0758051838012506
s0026,3.022172944135093,1.9503792953857666,2.0436015763368207,1.7906759768408949,2.9595171421498394,3.8095653497060695,2.2001734084024385,2.7176126295124776,2.1957882959933968,2.026243124989566,1.927478876792398,1.9898564013631805,1.9882348132831422,1.977290275544898,2.0003427976223036,2.0247915264894245,3.2358479688203174,3.007860579996395,2.018477282377125,3.0094318326802814,3.0104550064066613,3.051259835489722,1.8102508896708922,3.0032558637718534,3.092696593399805,3.4782663213192238,4.213527084875722,2.2627016316508084,3.289245847801815,2.8376252060504243,1.8950208883946322,2.8753475760198155,2.873062986711582,2.0070221030501223,1.475576093588075,3.1840770468602257,1.4678184970183215,2.363476405452988,2.2791911453380895,3.211455947637642,4.916728395969191,2.49649313286755
s0027,3.015015317943827,1.943667182352681,2.034818815042926,1.877379058313911,2.6228154001247432,2.985999577024107,2.1716593969227027,2.511099456421875,2.1557523029327292,2.093519695143754,1.9845050617034263,2.0544713458335475,2.004235869736828,1.9928484179901405,1.9940899221149866,2.013520621311334,3.0946934253658784,3.0061241350975907,2.075774149981409,3.008311980761666,3.010832100859145,3.0497468471783162,1.7774411327107826,3.0028615019685514,3.049297051701832,3.237104254834442,3.646176542882173,2.3237763851345643,3.118536835455344,3.0164630835150255,3.0044460938104036,3.290294574515435,3.313273694767938,3.0374249862897984,3.2188283233840425,3.872163043353429,4.456890050754245,2.8579413960166207,2.860031711207454,3.3997059152071447,4.914975286673547,3.0559367624369083
s0028,3.0217995273264413,1.95543741229264,2.0020198219743373,2.153979100933596,1.8684913674791188,1.681289767931554,1.9475748998790112,1.839551743239442,2.010236695939982,2.1901254324307797,2.1814378881269225,2.244776182347793,2.131827389406023,2.1579648157065563,2.050799876336904,2.0806299816788023,1.4554620880611537,3.0075746295936545,2.267653801430183,3.008780476808404,3.009343201697036,3.052664967095572,2.1103639364425018,3.003242692393142,3.0116599231131413,3.0354994612589237,3.1164845420142626,1.8906891718365642,1.434234793224253,2.037007747418835,1.5512548840980278,1.8369181126601482,1.3934848234130177,1.3896115712954715,1.473872565548681,3.1801149720478548,1.4663301038449184,2.112111607867612,2.239705518085689,3.1772144076752054,4.909584930376511,1.8608699995835187
s0030,3.0219103574907167,1.9390461254347202,2.068819133780055,1.8367527033943138,3.0096759102466093,4.160582667145028,2.228849586310732,2.831564823822815,2.1810859266140716,2.138429856354275,1.963074605301033,2.0210509334129143,2.0093587061254228,1.8563938909522446,2.0854556834086244,2.1412454355994748,3.3426001204853537,3.008338281363853,2.027862953976439,3.0087131891468246,3.009517323059678,3.0533199902928203,1.6296871978942333,3.0023220802274917,3.0870153398619986,3.480774552245062,4.137988510671882,1.986759681569695,3.2420203760154442,2.2310250576322015,2.296357867539886,2.3759994895601615,3.0126875876600514,2.332702794290517,3.56006228679954,4.498558811268513,4.82196617564296,2.8016154546306904,3.131875785961775,3.7779394319815447,4.960880541191453,2.1885015949703828
s0031,3.037279919867125,2.0486605944392924,2.0680699584328606,1.8573278600706011,3.0205732156066216,4.452118078980407,2.528507357150735,3.0721764676183647,3.0716398919460923,3.002560549415213,1.987669090635732,2.2845228498986465,2.0007706706310517,1.9789634694123106,2.0551068756286943,2.099621066935602,3.314102210411565,3.0226614725450776,2.3775757361933167,3.0677366547687903,3.1227855379661777,3.262070362343497,1.8824637793059358,3.009574239772773,3.137509838404372,3.5017042586802845,4.139587993728217,2.025045023233374,3.2536825327291026,2.3360138474865373,3.0116309145473803,2.7341470303020894,3.073512219961337,1.3659782273567753,3.427978657106017,4.723699586122825,4.872484546414395,3.028131785799476,4.162269263067163,4.3667646325748075,4.970358391085186,2.292674366572375
s0031-R,3.037279919867125,2.0486605944392924,2.0680699584328606,1.8573278600706011,3.0205732156066216,4.452118078980407,2.528507357150735,3.0721764676183647,3.0716398919460923,3.002560549415213,1.987669090635732,2.2845228498986465,2.0007706706310517,1.9789634694123106,2.0551068756286943,2.099621066935602,3.314102210411565,3.0226614725450776,2.3775757361933167,3.0677366547687903,3.1227855379661777,3.262070362343497,1.8824637793059358,3.009574239772773,3.137509838404372,3.5017042586802845,4.139587993728217,2.025045023233374,3.2536825327291026,2.3360138474865373,3.0116309145473803,2.7341470303020894,3.073512219961337,1.3659782273567753,3.427978657106017,4.723699586122825,4.872484546414395,3.028131785799476,4.162269263067163,4.3667646325748075,4.970358391085186,2.292674366572375
s0032,3.0203947111600447,1.968289569742872,1.9986963299608096,2.163494419343845,1.942721242981768,1.7792492982859944,2.114750301153659,1.932156462898702,2.036776788320487,2.2441433327086253,2.1747887749090524,2.0088480568813436,2.1155351934630935,2.1235244168939227,2.1016768142488242,2.142041034554406,3.0126091972824276,3.0085653888544592,1.995023613612596,3.009667117490254,3.0106066144421235,3.0559090455014344,2.1941795930540544,3.004119425880045,3.008674478627423,3.0143763031715585,3.0265564669455345,1.777828347592785,1.4019535256452011,1.7834521995201236,1.5660470275973783,1.6777523895607258,1.3843194598591015,1.2639818874675628,1.4873877500199468,3.61924123783455,4.427525050859572,2.5171644130377886,3.103613342443055,3.5935789414307626,4.939987129409301,1.6817375834133261
s0032-R,3.0203947111600447,1.968289569742872,1.9986963299608096,2.163494419343845,1.942721242981768,1.7792492982859944,2.114750301153659,1.932156462898702,2.036776788320487,2.2441433327086253,2.1747887749090524,2.0088480568813436,2.1155351934630935,2.1235244168939227,2.1016768142488242,2.142041034554406,3.0126091972824276,3.0085653888544592,1.995023613612596,3.009667117490254,3.0106066144421235,3.0559090455014344,2.1941795930540544,3.004119425880045,3.008674478627423,3.0143763031715585,3.0265564669455345,1.777828347592785,1.4019535256452011,1.7834521995201236,1.5660470275973783,1.6777523895607258,1.3843194598591015,1.2639818874675628,1.4873877500199468,3.61924123783455,4.427525050859572,2.5171644130377886,3.103613342443055,3.5935789414307626,4.939987129409301,1.6817375834133261
s0033,3.0372885752907237,2.052404105414555,2.0002265691910672,2.1899378587449476,1.9413892107764026,1.7848970307912908,2.2333286844612075,2.7913667860186595,2.8859696096337784,3.0005585020376975,2.2237415550005366,2.436751695004581,2.142942011153652,2.1586694450791515,2.096486276836833,2.1435348125425926,3.0118093694270125,3.0203145283434156,2.5146222327401335,3.0548135563568755,3.0893241213362153,3.2600542070094365,2.303229470875759,3.007383446759798,3.034424256016171,3.0377474001965443,3.027577131238144,1.749146472478285,1.395481784357907,1.6948606929093017,1.4584045699239039,1.658728049293714,1.398926592824721,1.2729317738075296,1.3282317672091566,3.4382837909377466,4.303527125721048,2.361292566751123,3.097133182944315,3.449334436594209,4.93518329599025,1.6470094955020644
s0033-R,3.0372885752907237,2.052404105414555,2.0002265691910672,2.1899378587449476,1.9413892107764026,1.7848970307912908,2.2333286844612075,2.7913667860186595,2.8859696096337784,3.0005585020376975,2.2237415550005366,2.436751695004581,2.142942011153652,2.1586694450791515,2.096486276836833,2.1435348125425926,3.0118093694270125,3.0203145283434156,2.5146222327401335,3.0548135563568755,3.0893241213362153,3.2600542070094365,2.303229470875759,3.007383446759798,3.034424256016171,3.0377474001965443,3.027577131238144,1.749146472478285,1.395481784357907,1.6948606929093017,1.4584045699239039,1.658728049293714,1.398926592824721,1.2729317738075296,1.3282317672091566,3.4382837909377466,4.303527125721048,2.361292566751123,3.097133182944315,3.449334436594209,4.93518329599025,1.6470094955020644
s0035,3.019977968406728,1.944393726099459,2.0476557615362823,1.7967486326767146,3.000585465495473,3.8940999340104367,2.2218172638931493,2.7381653888580506,2.196732778256541,1.9842995873461415,1.9298392665243393,1.9749320901856855,1.978496901756469,1.9720646266013966,1.9851825106485699,2.0085129813789915,3.2305302621347685,3.0071467098528513,1.9971585292912568,3.007915383846725,3.007982831003757,3.049855842264569,1.8404574032254093,3.0032355162044335,3.0916827130752456,3.4782839555320404,4.216916343837292,2.1391056236333705,3.289244487273397,2.775325566927081,2.369794720296425,2.9252650530011466,3.0213297311446636,2.270403606318217,3.437917613369096,4.4933348845970364,4.8129555025740896,3.0023357081864464,3.368444580965954,4.074506630212799,4.965922676714062,2.474013569859406
s0037,3.0199027845557698,1.9434846382499695,2.045763769268408,1.7925258764713783,2.9926421345118186,3.8605880971067523,2.2068680438713617,2.729365953597668,2.198412768355479,1.9869573072838826,1.9275996682756054,1.974346384646707,1.9847683939006133,1.9748974427038193,1.997151495152749,2.020552070400335,3.2329103864958544,3.007206440168609,1.9986429919166442,3.008132285774793,3.0085738497450953,3.0501843286969197,1.8049289714977477,3.003069876285894,3.0917885833331002,3.4793256065462055,4.217656876786628,2.0892773390411588,3.2894755359993484,2.771815859599619,2.30893277666077,2.9256176923545842,3.021289698661428,2.2596850064244016,3.4404374502910837,4.492106904860126,4.812617207475582,3.0004375811492,3.353185116786345,4.053482332027203,4.965395008748478,2.4546556962026265
s0039,1.042467489820487,1.7715499210346968,2.5285234297170476,3.018729067406331,2.412704916195377,3.302257793883213,3.017875921957036,2.3290581125933856,3.667417975239599,1.1075426398599741,1.5734646198258146,4.17204351677991,4.744757371489357,4.991878238404686,4.978813450944821,4.983349784858109,4.937992976288235,1.0669142980006898,3.0588718763186056,4.092649226999875,3.2493509210001896,4.7389051878764805,2.5033404595588618,1.2505654015348437,1.2862325005158115,3.004802177469563,1.499779229620112,3.001475256682896,3.0016874448497712,2.971593067022294,2.7824244113635777,3.0029535597290162,3.020684541731548,4.296221544050879,4.727124138573703,4.46285662368566,4.903230459122178,3.1898018161958426,2.999319283641069,3.0001888695633245,3.0074151463653522,2.9666946661804547
s0040,1.0430077421626256,2.050350599966113,2.5776826218015882,2.6055573213079297,2.3382451324073337,3.253865299068754,3.008592502560552,2.5166046057729314,3.663909109184116,1.11544568285442,1.5639314308633563,4.155796117286865,4.742704483185299,4.991373911077783,4.978150150631919,4.98331994163448,4.937974783060786,1.0669597334743943,3.056521960124804,4.090145463491107,3.248004916534168,4.725826177353234,2.5115301952511704,1.2676104330135143,1.3080947469427366,1.490722601364859,1.4996226280663831,3.0010997631696084,3.000891745836965,2.980816467145492,2.788101008483405,3.00294243906403,3.0201885533498327,4.280003174531166,4.7092794001612575,4.441307847156596,4.902459457088352,3.189750310590216,2.9993304389056132,3.0001771331682368,3.0073906925355347,2.9679246585411203
s0041,1.0425978177049564,1.7666881509599965,2.535480113974458,3.0028096114399387,2.3840138851016333,3.287017637917339,3.015523148597913,2.4167611370268407,3.6630324229260802,1.106632108349321,1.5178541518863349,4.128580278553176,4.741915279992564,4.991388946870112,4.9782229086465835,4.983325402946767,4.937969151730476,1.0666083919951648,3.055195077393892,4.087202349474843,3.247882234049752,4.725935320820291,2.504498098255249,1.2545352685309266,1.2920440075058373,3.0002534616200083,1.4997348426093922,3.001387286625595,3.001497222681118,2.9760605952000034,2.7586430828246953,3.002932504557744,3.01927183603269,4.279849329636851,4.709523078518059,4.441434364395155,4.90257798574743,3.1897542134890156,2.9993235414018775,3.0001702134586137,3.0073540574666366,2.9666386742037694
s0042,1.042528271238792,1.7504053676852425,2.5427268148444337,3.015463907979257,2.40772508141655,3.29894802226653,3.018116482347979,2.4265356914946965,3.665935726742812,1.110355226816025,1.5585049938626376,4.162026604398018,4.743616671075877,4.991635806927916,4.978502732950802,4.983337998788451,4.937969885647466,1.066941228087804,3.059328229980937,4.089817101666008,3.248418362452857,4.732262016730361,2.50235516247657,1.2526536044831644,1.2954170141829981,3.004029566844379,1.4997705367710796,3.0014690099228623,3.001758673615648,2.976869468961471,2.7815425115247363,3.0029653597860926,3.0203582041011154,4.286197881357199,4.719876626932864,4.452865103569556,4.902938368185009,3.189759653387457,2.999323279262646,3.0002119159177467,3.007384534856342,2.9672562867655
s0044,3.019976910780509,1.9473932460052596,2.060239942660835,1.798244770739124,3.008152221617569,4.041082821035037,2.2677066396600405,2.6436277054293513,2.0723065318788754,1.9174235331914513,1.9234205515158078,1.9729713016731365,1.9950003351692414,1.9791366119667617,2.015800209652497,2.0413727892584856,3.2384241376051484,3.0075072789841,1.9797740134863533,3.0040958484885034,3.000046066432084,3.030265952465494,1.9764613135236817,3.0037261811494127,3.0838427784617006,3.4726393563735893,4.2105313186373,2.2387250851938636,3.284225400405172,2.846692272459892,2.986227386413297,2.9736022329658347,3.033870605422802,2.494732646489293,3.469626969713017,4.536847133604526,4.827430726915364,3.0087644020749256,3.8808499299822286,4.457705718411123,4.977100119865164,2.5668686793642834
s0045,3.0218415064526956,1.949395853229594,2.046094074262915,1.7962884980792513,2.9872581418592103,3.8481822124046703,2.2013005187435306,2.7283572172970527,2.198681563899676,2.008740921370161,1.9292617678968442,1.9869726079677426,1.9903327811563865,1.9823117718658467,1.9968071828328675,2.024535480033361,3.2322669751930584,3.0076414974350065,2.0106365859468034,3.008914008447405,3.0100776554086415,3.051915297508693,1.7932769582649581,3.0031733090867654,3.0928514588654474,3.478459348006754,4.216477606609491,2.2331258191024927,3.2903887647970875,2.856106353615683,2.3447390987054604,2.9616655012570563,3.0217141842741366,2.2613528422894738,3.4353495998670867,4.490865310161747,4.811986085890258,3.0019198992926595,3.3392245197081754,4.0345451528755145,4.964808971609033,2.5447927556346794
s0046,3.0228953986448475,1.9636590627724875,2.077968372462754,1.8362545561558796,3.027469240661339,4.4888533909902275,2.467668319446271,3.00899233383369,2.3853279599848918,2.2108461541260915,1.9611717909234985,1.9186966138859733,1.9727228267638708,1.9528561235736213,2.037012778092782,2.0666770979518447,3.3070396076298474,3.009101880346314,1.880287515922232,3.0095906892252637,3.0100871431674423,3.0519440466624967,1.743239851092781,3.0026082640066596,3.0841513801400087,3.4583613723928117,4.136590864190614,2.061634545212021,3.254445529416692,2.501000050287363,2.6566746566290727,2.9197459157699113,3.035048760243775,1.327695397016626,3.5550781890894347,4.651837682806805,4.875910231530947,3.0201508208010224,4.068911245866756,4.3321441431057295,4.967967171213861,2.245705730796168
s0046-R,3.0228953986448475,1.9636590627724875,2.077968372462754,1.8362545561558796,3.027469240661339,4.4888533909902275,2.467668319446271,3.00899233383369,2.3853279599848918,2.2108461541260915,1.9611717909234985,1.9186966138859733,1.9727228267638708,1.9528561235736213,2.037012778092782,2.0666770979518447,3.3070396076298474,3.009101880346314,1.880287515922232,3.0095906892252637,3.0100871431674423,3.0519440466624967,1.743239851092781,3.0026082640066596,3.0841513801400087,3.4583613723928117,4.136590864190614,2.061634545212021,3.254445529416692,2.501000050287363,2.6566746566290727,2.9197459157699113,3.035048760243775,1.327695397016626,3.5550781890894347,4.651837682806805,4.875910231530947,3.0201508208010224,4.068911245866756,4.3321441431057295,4.967967171213861,2.245705730796168
s0047,3.037109905425143,2.0466757482185964,2.171919054953535,1.8316576631257013,3.014569269561206,4.034228738531115,2.301481434223001,2.7562339045574755,2.2759055650772066,1.8162401957986676,1.8491098370422572,1.4066339997524155,1.9456146196458803,1.9573626689226673,2.0250007028157677,2.032200463885449,3.2285574113650113,3.000416545571105,1.4117704353047649,3.002080661309408,3.003547687768978,3.0586352527811123,1.6235146406909167,3.0025647361599304,3.0845513345735465,3.437914725689926,4.12518477055342,2.3141715293383993,3.249831081005445,3.0345378784786163,3.000526062629666,3.1952230629763885,3.1280858466705714,3.006514345492948,3.6704783691778,4.620668071964505,4.861267830815884,3.0109448300093304,3.63030786736755,4.286869441805347,4.970779273692403,2.9660645481427164
s0047-R,3.037109905425143,2.0466757482185964,2.171919054953535,1.8316576631257013,3.014569269561206,4.034228738531115,2.301481434223001,2.7562339045574755,2.2759055650772066,1.8162401957986676,1.8491098370422572,1.4066339997524155,1.9456146196458803,1.9573626689226673,2.0250007028157677,2.032200463885449,3.2285574113650113,3.000416545571105,1.4117704353047649,3.002080661309408,3.003547687768978,3.0586352527811123,1.6235146406909167,3.0025647361599304,3.0845513345735465,3.437914725689926,4.12518477055342,2.3141715293383993,3.249831081005445,3.0345378784786163,3.000526062629666,3.1952230629763885,3.1280858466705714,3.006514345492948,3.6704783691778,4.620668071964505,4.861267830815884,3.0109448300093304,3.63030786736755,4.286869441805347,4.970779273692403,2.9660645481427164
s0048,3.033806421102577,2.0933685164106977,2.11571786029831,1.9429725884096154,2.4712970307507476,2.500489098507818,2.2364781106462157,2.3103498531981277,2.2336250360003955,1.788082643605787,1.859834166168758,1.3771761887827934,2.149827920046505,2.0459650491555266,2.463892475976885,2.486795623991023,3.6248836330427308,3.0022567956210775,1.3729871030439562,3.0031387641600675,3.003810755856075,3.0570894422929458,1.8836946817021083,3.003745310010484,3.102317436135925,3.5832216098979917,4.179801379041899,2.266147641421895,3.2767528566427018,2.882671910919593,3.0162570696780624,3.059102430611074,3.098134466682517,3.0254608831525753,3.6100478096342297,4.418689478030782,4.804706693312342,2.826425656634984,2.256969876562663,3.533307477119064,4.957854897850417,2.715536329701424
s0049,3.0384232406190343,2.073217395271192,2.1804418039634292,1.873122925819902,3.022281745627307,4.110624363187524,2.3049937474702404,2.7722797197577025,2.291511996891598,1.8885473000729118,1.857361604951607,1.3774747140975234,2.0498439355166953,1.994035390158068,2.2371875552123566,2.246356322047591,3.586903778647152,3.003101328904655,1.3929463834111464,3.0062953831236086,3.00793923108021,3.062394889794185,1.621364452541183,3.002951699230467,3.1158663474131028,3.6873732765488767,4.337532548504892,2.3223594267860124,3.3434954826443968,3.0652567087097315,3.001292909316843,3.192318535112106,3.124922663628727,3.0064640464314385,3.67680231319681,4.624134466500385,4.861703506744694,3.012702613658766,3.6773394605829353,4.303804049133191,4.970964297321476,2.9991669220781656
s0050,1.0507993177236494,2.651847056346811,2.6325725044236763,1.8561288423102877,2.289722241313841,3.374036771055504,2.990887964891946,2.2100607689735536,3.6575682317373928,1.2118883107767635,2.387040927149064,4.073199257287494,4.737070983599903,4.987919036454495,4.9746569872417705,4.98318663347413,4.936506696291989,1.0801803494671007,3.167047643776622,4.048537551577366,3.255057201470801,4.642360277117444,2.686660082742558,1.291471403775252,1.3201206027649441,1.4760719612423139,1.4994630781887688,3.0012688773234095,1.4997143853458563,2.9648208721518032,2.9197592942321924,3.00300375284512,3.027806218661137,4.487597899306408,4.506919318813162,4.299077148932204,4.898942240743023,3.1857915883260084,2.999431933738319,3.001016668523255,3.0070460122384985,2.975158852733835
s0051,1.0513483320112549,3.011272109116608,2.6536928455400943,1.871491701156976,2.3282259537776304,3.4002347609211916,2.991306187516148,2.2186228199118547,3.672332143315343,1.2824003949813885,2.3685492063803446,4.0632127353489995,4.736802165006431,4.987870466043312,4.974637424090001,4.983186750366256,4.93652447936296,1.0816061813683293,3.1712304617382534,4.036639849593518,3.2550844110034483,4.640886954206455,2.695111867025768,1.3173213366333578,1.3288516350079256,1.4764922114137016,1.4994928022119458,3.001399569520314,1.499732709201473,2.965229373781156,2.915089715689825,3.0031304879988676,3.027536629669218,4.487400496499627,4.503254136899474,4.295757268978485,4.898950825127828,3.185828368353482,2.9994467963317724,3.0010811676510407,3.0069416692011695,2.976269466089918
s0056,3.052389496967222,2.1666467995854246,2.3813527910946886,2.0687840220569527,3.069435544836078,4.643750605196242,2.693338668713854,3.021670135756054,2.6776344825775604,2.3158876119543432,1.9976740408564098,1.8021163257284405,2.2632495569003352,2.2196435108916917,2.3430288373281556,2.3821832363142317,3.3599840570490582,3.010828532860063,2.076304397543326,3.01429161931013,3.0153751339989845,3.0746312899057258,1.47278029017746,3.0017272666479635,3.124476784266182,3.6133059238452327,4.311668035258067,2.433473342632438,3.3700363898938694,3.17939295271222,3.029678288180535,3.4477379322943196,3.25926392210241,3.049316118123814,3.8929298855105143,4.6922693004169425,4.884539617164585,3.029332622874574,3.998603166426167,4.439295339490407,4.974726606762901,3.161588716051075
s0056-R,3.052389496967222,2.1666467995854246,2.3813527910946886,2.0687840220569527,3.069435544836078,4.643750605196242,2.693338668713854,3.021670135756054,2.6776344825775604,2.3158876119543432,1.9976740408564098,1.8021163257284405,2.2632495569003352,2.2196435108916917,2.3430288373281556,2.3821832363142317,3.3599840570490582,3.010828532860063,2.076304397543326,3.01429161931013,3.0153751339989845,3.0746312899057258,1.47278029017746,3.0017272666479635,3.124476784266182,3.6133059238452327,4.311668035258067,2.433473342632438,3.3700363898938694,3.17939295271222,3.029678288180535,3.4477379322943196,3.25926392210241,3.049316118123814,3.8929298855105143,4.6922693004169425,4.884539617164585,3.029332622874574,3.998603166426167,4.439295339490407,4.974726606762901,3.161588716051075
s0057,3.0486521600732375,2.207265187147476,2.2801165440490156,2.014668936492217,3.007221558554265,3.3729407267758256,2.5842431804205837,2.765782571387542,2.618365936364822,2.196485239481243,1.9891924787659971,1.6843043176397314,2.4412835207943844,2.3027565281412583,2.7301442092039974,2.7980564319619194,3.6948835082982425,3.015163454874069,1.8094002046080715,3.0179507530665344,3.0179566185403024,3.0727766274143566,1.7359637216444321,3.004980344777423,3.1432237701051737,3.7459647947819197,4.352335851498393,2.4892848316423035,3.403661610376251,3.1382408564398867,3.052427305711251,3.304305676940799,3.2355985993308245,3.069135848886491,3.931456885514725,4.554501924543445,4.843414180655514,3.0112869768544366,2.8564105957452965,3.771232210729884,4.964454788793656,3.1035446826752517
s0058,3.0536534668909603,2.188041926848294,2.3890878472330987,2.105214657784776,3.0770805403686685,4.662824589166892,2.7249230512098546,3.0262539530199284,2.7230135873130057,2.6222109190072316,2.0931745217370388,3.0096823612973407,2.3146940104281266,2.3090676351447037,2.2445068627260643,2.253327446373378,3.7485243097642065,3.024283489852724,3.007767581160043,3.0290464393233183,3.0297756994133196,3.083131073617654,1.4670846766097871,3.001998932424941,3.1605487420179874,3.8988630363316323,4.4509316688190745,2.401119981188196,3.4662172100604343,3.2354970857350605,3.0308563999717086,3.461394335177211,3.25695043098341,3.049498342344036,3.8888794538403677,4.692283511215202,4.884609509667547,3.031596540531189,4.012978407526635,4.4462402017059555,4.974988960480423,3.16869276968443
s0059,1.0680703273777663,3.299757148695728,2.856118494777169,1.9573106331077885,2.5347716363720503,3.7674033488568113,2.9974395740444244,1.8936837241778148,3.8493341522362603,3.098737805166109,4.3005824538219235,4.446652601244027,4.743101165528329,4.989263955478996,4.975866884211318,4.9833108088656655,4.939828661809925,1.1393885616479986,3.4033619734270153,4.259316340043893,3.252416113452337,4.6808175829048135,2.8652040279039097,3.0021467034745952,1.432143953174424,1.478838387504238,1.4996388350977106,3.002847357649432,3.000121059128803,2.9464266792493996,3.015866171251698,3.0041192635381098,3.040011539396849,4.606008826035044,4.585428946930147,4.346920989099846,4.900594102685483,3.1948990998816313,2.999644176304688,3.002562668106318,3.0097605354639194,2.991008266340652
s0060,1.0687586330284662,3.313766501563954,2.85674377339282,2.229110845127137,2.6583518846254526,3.8858751652294745,3.0051984685637203,1.9822635978349568,3.8872511735566926,3.1742703617681056,4.337673062367991,4.44327709173508,4.742846793988759,4.989261758078385,4.975848698538406,4.983309614044826,4.9398385759000645,1.142015294900697,3.4263637582106425,4.256216010942452,3.252256602068072,4.681113375288303,2.87243138459527,3.002583383884223,1.4344467668584715,1.484468771906871,1.4997672307609546,3.00347546785298,3.0006741881683987,2.9515222399201226,3.0167247961134827,3.0044191288771858,3.039650179517898,4.60581125155108,4.582109526725037,4.343715831622157,4.900521813340983,3.1949311494184647,2.999659191509034,3.00280879955019,3.009704950021744,3.000261147602805
s0062,3.0290817279312,2.039707673364336,2.1505944454697556,1.870228993744798,2.7574923960670428,2.9602057253906304,2.218421848485741,2.484321367129824,2.205057487449231,1.9376308177214812,1.8834087405463182,1.4886176719272153,2.0736874743859492,2.032329209980797,2.214013847061427,2.2501620887465377,3.2541108538222248,3.0034427344130195,1.490877387996104,3.0062904911313133,3.0098442656383453,3.06182047403267,1.666105695948891,3.002927118706837,3.0524480562634864,3.287753243896279,3.639273899534642,2.4477004413990207,3.1062892148839762,3.0892657993782406,3.026683795989775,3.5335986782232798,3.435013865743076,3.0639851245709786,3.3588392314587425,4.128239713552768,4.6805533006354665,3.002128798677916,3.064630798462596,3.530952839069959,4.922887202822253,3.1997924688804673
s0063,3.040899983275808,2.1075271305146557,2.333932752392269,1.9566322933427003,3.025780934819938,4.242953634490096,2.5763581549490673,2.957322241341803,2.5974090170124002,2.233177675114157,1.949816598929936,1.7846755065148865,2.2590242495778234,2.196981642078834,2.381219965021289,2.446387124845134,3.2908352049174994,3.0107508341604956,1.9278997784047098,3.013545127782065,3.0162941397999514,3.0761224905367923,1.6704036768137431,3.0037533408472226,3.07251293161223,3.37618377238283,3.8248106785355054,2.5619443378285442,3.166579709514643,3.188788396835082,3.060508042858911,3.782674073948257,3.584652212238667,3.105586850383956,3.4975813307241053,4.2910001516854654,4.7521562453533885,3.016701817557569,3.3151489714365723,3.7478045215664784,4.932296506628429,3.382376557545222
s0065,3.0179786738262133,1.9372228681342774,2.0170107436004936,1.8103526740801672,2.4864925996325833,2.785588603120552,2.0649046855325714,2.3301172288164884,1.9910732344508224,1.9543144573533078,1.9291201791111159,2.1883404582580943,1.9734147062582341,2.0278022948470933,1.9196597901139982,1.9173229950204629,3.205965262285585,3.0071424320062166,2.317535630225037,3.0073067802762696,3.0072800856418054,3.0484629565164765,1.819056580791279,3.00194389679879,3.0492077923236964,3.3362262315912328,3.8990568711746025,1.9994590164034176,3.13624598070023,1.9726945968769845,2.5015022553903,2.242557423754752,2.7944425610165093,2.0793028953078077,3.436977278267806,4.492194101981597,4.815814375465051,3.007813495008541,3.4173374456125307,4.131264693454684,4.96760294127377,2.085176465359682
s0067,3.0369369440502316,2.0501682924447016,2.1696871827463684,1.8264898932345313,3.010050796766021,3.8721130512721196,2.2328283428454987,2.729501452699198,2.220747256665762,1.9384114939597876,1.8540669153001226,1.4788332740302481,2.107394612873429,2.02829649524911,2.392971843181968,2.4658271501677547,3.6976242149045824,3.0066280103879612,1.483626572715134,3.0076789898118577,3.009856210780866,3.0643349978978627,1.5931513348628425,3.0026667702323344,3.0997986008182123,3.6104093702844886,4.227421088829621,2.4252975775167185,3.297052521178593,3.132066344767404,3.0274883275873794,3.5459123387865903,3.432473853233806,3.0638880393646004,3.359240818226149,4.128360816868426,4.68055220845564,3.0036174412268064,3.0696694821680577,3.538462099271346,4.923350389092528,3.226227123148394
s0068,3.036554160156506,2.0416896626132166,2.162749946516254,1.8052703735226245,3.009004901602057,3.8441074761481064,2.2511844776508254,2.707059225293471,2.2360171165473908,1.8429164106009144,1.8428011565584792,1.4523756986999674,1.9630787134413565,1.9671449420739795,2.0388321209223443,2.0504618193901467,3.2309670700588367,3.0014746204934033,1.4569840943379622,3.003609238382069,3.0055882289480946,3.0603508101926833,1.617903568744693,3.0019022193785405,3.0875175433225315,3.451820250801841,4.164194336093348,2.2037093216659915,3.2677258410589567,2.657779070697611,1.7251120392059365,2.4765901221154376,1.6910731029795847,1.5144183184615843,1.4922096634689104,3.449534230300132,3.9580457560383833,2.419732641968305,2.535948630873435,3.362568312734192,4.935005634416818,2.3903042584082144
s0069,3.0362612294635816,2.0481874748549944,2.1088652858145354,2.145480842934354,2.028883086531202,1.81257080372422,2.0860981314024687,1.9137928192025193,2.0580365683469783,1.982995207094067,2.052551096075083,1.5238130626310724,2.142443181123502,2.176840629670524,2.1366268710053213,2.1614839968126875,1.476233077635657,3.0033344813320872,1.5081113482102906,3.0058724867615343,3.008032927091448,3.0570164541529317,1.995600505413134,3.0035158208246235,3.02185682561728,3.066655386508546,3.1952828070388097,1.9327089234021009,1.4787343474933765,2.375916020082851,1.7416368069146237,2.3129346424210917,1.6768719103183134,1.5145921547809251,1.4922406923950646,3.446743067042832,3.9439572692978286,2.459884182047685,2.5310432691743205,3.3551933126753237,4.933330131691142,2.0329562692059557
s0071,3.0370881848236193,2.0448945675188197,2.189455413412637,1.8590867536912108,3.0188746700165576,4.111695260853645,2.273356976957861,2.79142842104135,2.196991735133895,2.00721389817977,1.8980690750597995,1.5062171677901053,2.1293360918568114,1.9021955742947965,2.485706345703514,2.597648185332423,3.7247049498262155,3.0093940363776808,1.498796990297363,3.0081615479551465,3.007859411462937,3.0664732190622943,1.4644720438902767,3.0021661477956245,3.098951721228288,3.5959847594001646,4.147177352540625,1.9551488031157709,3.2456654824880027,2.6495576109793815,2.8931149643989853,3.0313944763609713,3.103804686312487,2.910450407183951,3.7383726999738482,4.621130995627917,4.866146223704994,3.0069686089752556,3.3709890214861904,4.056964821900595,4.966504927294159,2.5139245622854323
s0072,3.053132648948786,2.157096762861043,2.2147138064330396,1.939939810857498,3.046839403484987,4.5597320381624895,2.7243273960720282,3.0790971000094065,3.0875613508372957,2.983114426504203,1.9510757829846996,1.5702409607772392,2.11078959507656,2.0349384713868255,2.4063174676235377,2.5005596190204695,3.671097950150071,3.023532119073574,1.5687014862943767,3.0645263668688423,3.1057332435866765,3.29528212651079,1.664880152548181,3.009287708934954,3.1456041092751494,3.5939277996882093,4.126055711361395,2.0855441610260197,3.2490162453861506,2.7324933389810604,3.0624372759175684,3.1345223373081623,3.210703026642925,1.7824980522386333,3.833821820323741,4.78012256541119,4.9011598031096835,3.068768958026513,4.435238906975796,4.531973993855515,4.9764479416948175,2.9642540868980003
s0072-R,3.053132648948786,2.157096762861043,2.2147138064330396,1.939939810857498,3.046839403484987,4.5597320381624895,2.7243273960720282,3.0790971000094065,3.0875613508372957,2.983114426504203,1.9510757829846996,1.5702409607772392,2.11078959507656,2.0349384713868255,2.4063174676235377,2.5005596190204695,3.671097950150071,3.023532119073574,1.5687014862943767,3.0645263668688423,3.1057332435866765,3.29528212651079,1.664880152548181,3.009287708934954,3.1456041092751494,3.5939277996882093,4.126055711361395,2.0855441610260197,3.2490162453861506,2.7324933389810604,3.0624372759175684,3.1345223373081623,3.210703026642925,1.7824980522386333,3.833821820323741,4.78012256541119,4.9011598031096835,3.068768958026513,4.435238906975796,4.531973993855515,4.9764479416948175,2.9642540868980003
s0073,3.0381188776976407,2.084365875725967,2.136688087860919,2.1916966992599693,2.4996491221003723,2.1659186731955518,2.4132116122388894,2.1651917657589888,2.30875260731223,2.1215541153800643,2.0746416461097295,1.421413728321928,2.1855181236703367,2.16250518367184,2.361014900669383,2.417791176327241,3.2175469059663455,3.0049696287570415,1.4048670284859854,3.006913471471135,3.009349715757627,3.0607442455229177,2.1012085229297046,3.0050334604560662,3.0260547480990465,3.08324491435026,3.1405428529470507,1.825430715517686,1.4733252264093062,2.246770698252758,2.0740379964564934,2.4472881304391922,2.106671155986872,1.3634736709938682,3.1531325020764864,3.948372925893543,4.703692483687318,3.0093902964235553,3.5719324208875944,3.961849126865872,4.9525938249878925,1.8890429477252857
s0073-R,3.0381188776976407,2.084365875725967,2.136688087860919,2.1916966992599693,2.4996491221003723,2.1659186731955518,2.4132116122388894,2.1651917657589888,2.30875260731223,2.1215541153800643,2.0746416461097295,1.421413728321928,2.1855181236703367,2.16250518367184,2.361014900669383,2.417791176327241,3.2175469059663455,3.0049696287570415,1.4048670284859854,3.006913471471135,3.009349715757627,3.0607442455229177,2.1012085229297046,3.0050334604560662,3.0260547480990465,3.08324491435026,3.1405428529470507,1.825430715517686,1.4733252264093062,2.246770698252758,2.0740379964564934,2.4472881304391922,2.106671155986872,1.3634736709938682,3.1531325020764864,3.948372925893543,4.703692483687318,3.0093902964235553,3.5719324208875944,3.961849126865872,4.9525938249878925,1.8890429477252857
s0074,3.0625624464788523,2.317133539659531,2.3066116915216046,2.0211217343642396,3.0264948075708262,4.253203647888669,2.968616039406393,3.076680662333485,3.1561158177634567,3.0032953040242774,1.9720779654676246,2.240865913112815,2.427566587065783,2.2918985761915693,2.7060530904467135,2.8207496777214107,3.6778617747789637,3.031795647516833,2.510309078827592,3.0791409990134864,3.1322112448293673,3.295627043961977,1.8195548580659664,3.0126338069021754,3.194173967047885,3.7560495655995867,4.340439092272239,2.3216296363880566,3.3978921863776916,3.135395026543799,3.189146185003404,3.453680496552527,3.414016642420389,3.039306692319018,4.277605759474913,4.763939638761398,4.884483681446881,3.0783154938090447,3.902365289985205,4.37638555964678,4.973924855401137,3.336705544876551
s0074-R,3.0625624464788523,2.317133539659531,2.3066116915216046,2.0211217343642396,3.0264948075708262,4.253203647888669,2.968616039406393,3.076680662333485,3.1561158177634567,3.0032953040242774,1.9720779654676246,2.240865913112815,2.427566587065783,2.2918985761915693,2.7060530904467135,2.8207496777214107,3.6778617747789637,3.031795647516833,2.510309078827592,3.0791409990134864,3.1322112448293673,3.295627043961977,1.8195548580659664,3.0126338069021754,3.194173967047885,3.7560495655995867,4.340439092272239,2.3216296363880566,3.3978921863776916,3.135395026543799,3.189146185003404,3.453680496552527,3.414016642420389,3.039306692319018,4.277605759474913,4.763939638761398,4.884483681446881,3.0783154938090447,3.902365289985205,4.37638555964678,4.973924855401137,3.336705544876551
s0075,3.034333320988436,2.0351120677194245,2.168988921872118,1.826035799673532,3.0128995141679678,3.981590748313163,2.2963396429238587,2.7382738614661055,2.257987180870682,1.8030749590036983,1.8447970323976697,1.3938749310914615,1.9371673473798436,1.9466048949057866,2.0213659728767146,2.0278313388468545,3.234523100895349,1.493545394043583,1.3977750326583627,3.001259867105676,3.002386241187314,3.0589476862284632,1.6683106422604876,3.0029293888032527,3.0894639336604617,3.455507455453016,4.170546155634403,2.2206320592845143,3.2779122283657567,3.031683486588644,3.0012565894360628,3.1775705738576603,3.1231129027410303,3.0061896636008414,3.6783851744072447,4.624588428457734,4.861968373607963,3.012484723449352,3.6865418046735963,4.310863588212566,4.97121587366359,2.886798604920637
s0077,3.034044347706794,2.0307190124742185,2.168572234405274,1.8141668670085478,3.012808962809556,3.989645056970451,2.2890099012727676,2.740102158847044,2.2639143939744644,1.8189237072703466,1.8431253560901033,1.415456106269513,1.9535977128105544,1.9607524662293008,2.0385090063152504,2.0485263372296654,3.238968792831129,3.0010209904688296,1.4209442374291559,3.0032514641538355,3.0050377164369335,3.059107247692826,1.6681868122975267,3.002872375152277,3.0898455787773886,3.4567474293663087,4.169912025827014,2.218987070287688,3.2787287885975096,3.031832522383331,3.0002107564835954,3.1756157494854294,3.1227890617656895,3.005706366896265,3.6778281361881864,4.624511760770255,4.8618340104453415,3.0106867593880247,3.676597327241912,4.302974697181172,4.970947402666518,2.8760495734921903
s0078,1.05069135606388,2.7272514032725583,2.652472389882248,3.07589324639882,2.573960233092994,3.5562895165061925,3.035620837958034,2.0477878096049102,3.6723701708029406,1.2222483093437788,3.8022672220671847,4.445957689954602,4.7562850505691365,4.993129968296823,4.980416811298591,4.9834148685973965,4.936565660219702,1.0811823942586345,3.1947906988456194,4.258291406806489,3.2611132275175403,4.777362360799315,2.696011952842378,1.294881669390327,1.330553254822265,3.022934846329883,1.4999818234209719,3.002702189326925,3.0033256692687336,2.9577930393806082,3.0095629111968045,3.0031951248925273,3.039212526496087,4.567456374142775,4.801984905468239,4.536162259217729,4.905129910806657,3.186007874364177,2.9994304017569475,3.0011580146849357,3.0095809597529226,2.975148153205091
s0079,1.0496590187233146,1.8083747243147412,2.588444953895287,3.0225003992011312,2.5073522738944614,3.510628419377149,3.0250191707256247,2.0283782888469135,3.6705152734373865,1.1737302092915185,3.5969939933318855,4.424028140091569,4.749690190047304,4.992235804906431,4.979235142868696,4.983365415099506,4.93653608152051,1.0767819827038176,3.1886141792340736,4.252777432580093,3.25944433818068,4.7505988749379835,2.686881545818277,1.2627266542043611,1.3108504450235199,3.0064048978669864,1.4998356012856007,3.002321335765644,3.0023759408530086,2.957665531783394,3.0073978508158468,3.003158303825064,3.037183567376181,4.547002929657747,4.750197614160262,4.483593436061028,4.90377709809308,3.18594043374903,2.9994105598912846,3.0010980922468087,3.0094815743447048,2.972470487443357
s0080,1.04956726564567,1.7716245238228372,2.5833806872185097,3.0207052991485077,2.5010348357592798,3.506347881119726,3.0243505605008454,2.023279654429975,3.668396464826137,1.1654806089170657,3.6093348924604824,4.431962744350861,4.750876501985848,4.992415351593792,4.97947316289099,4.9833765155342995,4.936535338276277,1.077013909991679,3.1850275854224335,4.253518103296457,3.2598433244153755,4.755738080004587,2.684014786288161,1.2593064111680552,1.3088021721222065,3.006076127115167,1.4998338630432029,3.0023038193147507,3.0023371918036785,2.95750635367093,3.007514365606426,3.0031362305996923,3.037843193415868,4.550065517240607,4.757820523937771,4.496606773588854,4.904042020815556,3.18593383937026,2.9994100419108,3.001066937403872,3.0094950085511827,2.9722562549503104
s0081,1.0511412206406345,2.821981071875835,2.6955941781352024,3.0634462298373637,2.5506072593432876,3.5450911003276824,3.0334735396717143,2.2547361722585832,3.668667518272839,1.2276328408151802,3.7793538556483157,4.439807805713771,4.753479444827301,4.9927983028013605,4.979966697461229,4.983398398526348,4.936552192789708,1.0809240483476867,3.194656382829417,4.259230188850263,3.26047224890984,4.7669299295717575,2.6997616348208036,1.3043227639006865,1.3617176962982216,3.019452687829231,1.499952425975752,3.002644680335445,3.0031683683419717,2.9686051165951386,3.0094052725390705,3.0031570501140843,3.0385285484402864,4.557647425698134,4.781466958724177,4.5172147061853565,4.90460679074712,3.1859662884755227,2.999437045260952,3.0011319605806968,3.0096069424682015,2.9754541378243617
s0082,3.0390901639368018,2.062725587200954,2.1761587853316584,1.8275735794569288,3.017614383895315,4.171212693734828,2.3657479104537806,2.9222578394875063,2.356686505301869,1.9105817517490398,1.8546861835828032,1.4641175473394306,1.9917721451913266,1.9841561956597216,2.086699190858714,2.102445614469028,3.246806624565317,3.0037923122059436,1.4693859544308334,3.0094946028698963,3.0130953847418347,3.0741739286961414,1.6369069696618639,3.00312658776827,3.09634692050726,3.465015940540723,4.170792954405343,2.3834713482968692,3.2861770749501953,3.0588922318176883,3.018567341906158,3.197849929089492,3.1392207718727065,3.0140253862956996,3.7044139860622436,4.648612889596572,4.870496517568385,3.0231427423264945,4.163156628064132,4.54195510129157,4.97952927126569,3.016579468356159
s0083,3.0374097080099878,2.049068604177328,2.166312034477088,1.8218533355650912,3.010500164217668,3.8901585326231447,2.2734203826945785,2.735831512268824,2.256263167217919,1.849466916266127,1.8502469159538857,1.4330260319571633,1.9788388377255024,1.9813284992835447,2.0624884214135304,2.079552163979413,3.241683148675247,3.0021632231504953,1.4365019680201216,3.0041725747373587,3.005934645310401,3.0609583234057185,1.6257948815974457,3.002771352212021,3.091373154081502,3.4583287329179133,4.170729284798545,2.315329150059349,3.2812103386460256,3.052531076805515,2.854769600910141,3.188068344556368,3.122574337600733,3.004762774982197,3.6733123791429367,4.622052938145991,4.86084265473192,3.0090851931135174,3.620043707544453,4.259394146644818,4.969404107319338,2.979289924380953
s0084,3.039079543946406,2.086950840844854,2.2157821944363327,1.8622936985585836,3.048477539027982,4.547403377542429,2.6331615940088886,3.0106537171782706,2.4973943131463714,2.045632836187962,1.8995528037873406,1.4672000849136888,2.1104258977237604,2.033341121593003,2.4143950912577212,2.483720019867855,3.6655906574821113,3.0097819737856693,1.477651773127413,3.009424159292006,3.008888472410968,3.063898772173785,1.6041470543594634,3.0027047771622146,3.09691324524998,3.5640408525741183,4.152266913553267,2.137276318248965,3.285617088264193,3.0356077024545196,3.030542191300022,3.2762575801186515,3.191041784851891,1.8480520905609201,3.8699960940708116,4.733995998302024,4.903566930426684,3.0536872426632327,4.329769608964382,4.490944084001669,4.974059223628424,2.9774746383966137
s0084-R,3.039079543946406,2.086950840844854,2.2157821944363327,1.8622936985585836,3.048477539027982,4.547403377542429,2.6331615940088886,3.0106537171782706,2.4973943131463714,2.045632836187962,1.8995528037873406,1.4672000849136888,2.1104258977237604,2.033341121593003,2.4143950912577212,2.483720019867855,3.6655906574821113,3.0097819737856693,1.477651773127413,3.009424159292006,3.008888472410968,3.063898772173785,1.6041470543594634,3.0027047771622146,3.09691324524998,3.5640408525741183,4.152266913553267,2.137276318248965,3.285617088264193,3.0356077024545196,3.030542191300022,3.2762575801186515,3.191041784851891,1.8480520905609201,3.8699960940708116,4.733995998302024,4.903566930426684,3.0536872426632327,4.329769608964382,4.490944084001669,4.974059223628424,2.9774746383966137
s0085,3.0347755345307776,2.0489277946827205,2.1592616780072995,1.7902758491427584,3.0091139929200423,3.951368499316074,2.30376229185457,2.8241723581834535,2.3329674849672246,1.830473186214542,1.8271545093552897,1.4082841645734425,2.0144191404854865,2.022116680580228,2.239190982600867,2.2628662839066735,3.7496602589630856,3.003691357688808,1.417008151952478,3.007393334784597,3.010281502750842,3.077822322526254,1.5933431812440897,3.002253124189831,3.1040589300753205,3.7230729333095596,4.366053471783471,1.9517594366901339,3.2881448136255753,2.301824522602083,3.0095966775668868,3.0097549011885274,3.1182575331029887,3.0094132380963874,3.680626408509255,4.631718757687306,4.864387296311684,3.0193125065708912,3.773957924629312,4.359511158930316,4.972751024297173,2.3580939317683773
s0087,3.0501022248947405,2.1216522764268517,2.3660753568322406,1.995493195642907,3.060314076228182,4.606804271925313,2.608961794806825,3.019959143016665,2.6284356701787437,2.2832393858066515,1.9422374079565938,1.731716622490605,2.2828268454760714,2.185932681832774,2.5227071391769433,2.6084667530590817,3.668057343639,3.012691970852158,1.8569152341976707,3.0145523766161793,3.01635928514934,3.0796517251003057,1.468376544449973,3.0014773366860212,3.1177931748680763,3.692842735432847,4.336396192583539,2.3844464322007193,3.364799765120805,3.2409461217378395,3.0608529675209026,3.808853778292142,3.583091053941839,3.105450883392226,3.500966481572934,4.290759918355833,4.751874553440277,3.0170379867707497,3.3153911221284473,3.745919663418536,4.931867233236701,3.42526844670674
s0088,3.0514748473042936,2.142083943537102,2.367227094859749,2.0232338487794927,3.0621893741620387,4.616013470029608,2.6302220841465234,3.019477313549625,2.6274231853015024,2.1924105481106615,1.9495068082856566,1.5755096439595238,2.1428233744527327,2.1334295990492365,2.218227679303287,2.2492255426025194,3.3343577483580087,3.0063475387673106,1.6906007916321597,3.008050333441191,3.008402498875746,3.0727250822164294,1.4509715806858594,3.000670959350983,3.1104225931752585,3.5701111232976723,4.297253619649762,2.193564664660423,3.3475998583476616,3.03463622710833,2.223517734232327,3.0340319242830738,2.699358550106906,2.1159662290987935,3.0549779648861,3.6820279239493097,4.504400188815207,2.7345764381515374,3.0412864980597614,3.6112991674112824,4.9484084342231025,2.7150853878644132
s0089,3.049664914754565,2.108553260960341,2.258991605440089,2.2346420744098974,2.5587657370372794,2.2833817815830573,2.4127019954541984,2.2182225677879552,2.373146342448373,2.198935196811172,2.1254245070685744,1.8389075300548712,2.288851044748516,2.3362566747627094,2.227374578482401,2.274823188521705,3.004903362893136,3.0075880066374863,1.933271563259714,3.0089063466903023,3.0102044261093424,3.0652116613545934,1.9087825940412746,3.00373063066434,3.028631786086749,3.1022956775649644,3.285405217031927,1.9418157369605118,3.0108982149568577,2.683461250087341,2.2422320381108856,2.906739077384837,2.6490184084487796,2.106158972899371,3.054958178601536,3.6784208900912843,4.499550034838883,2.771723804736566,3.028114892329658,3.5901423587480172,4.946788991012112,2.1871295240858153
s0091,3.050824576180419,2.119241406268431,2.386283492985062,2.063431538123387,3.0676128846151056,4.632124129710126,2.6219842829712077,3.0229251016087875,2.570520225940685,2.413996555078171,2.0258423637098373,1.9840279094538085,2.3334007292860974,2.1729079769802326,2.5392273143260553,2.648192865703267,3.6638490477190437,3.0147884350083443,2.0905687373554676,3.0144176541580388,3.014163719989119,3.0785105324517343,1.3598334034552446,3.0010124423194573,3.1104914271640776,3.6643658069760345,4.26952993281829,1.8706884737796554,3.3041905980045736,3.0284581623051725,3.0224754089790324,3.24902390181477,3.216817600461363,3.0267044478396903,3.8762966775969807,4.687535691784699,4.88790807911335,3.0229499768138903,3.694552372366886,4.273456381539702,4.970467857831167,3.038624691979976
s0092,3.066487360151773,2.230612223054126,2.420377054699646,2.1532146892836925,3.0983978492391264,4.746689915295045,3.027812264693733,3.116632510172319,3.1702317724399305,3.0042731094030932,2.0771367690826548,2.1308751328639373,2.291905864414931,2.2106445345645422,2.502011730938266,2.598611816940874,3.6305103322112973,3.0274549030327313,2.293410632661381,3.072409567728314,3.118221786066101,3.30779153129879,1.501147631419141,3.0079839414746252,3.160410616906854,3.6739644838247965,4.259083349294647,2.1358380403763695,3.3096821460039503,3.057040491035144,3.1419437010821745,3.4102806568195536,3.408538897382743,3.0397507182399863,4.210513028002674,4.809769687801069,4.9154318525687835,3.09628871455117,4.552717606531301,4.607315171260787,4.979786118742713,3.256136768444424
s0092-R,3.066487360151773,2.230612223054126,2.420377054699646,2.1532146892836925,3.0983978492391264,4.746689915295045,3.027812264693733,3.116632510172319,3.1702317724399305,3.0042731094030932,2.0771367690826548,2.1308751328639373,2.291905864414931,2.2106445345645422,2.502011730938266,2.598611816940874,3.6305103322112973,3.0274549030327313,2.293410632661381,3.072409567728314,3.118221786066101,3.30779153129879,1.501147631419141,3.0079839414746252,3.160410616906854,3.6739644838247965,4.259083349294647,2.1358380403763695,3.3096821460039503,3.057040491035144,3.1419437010821745,3.4102806568195536,3.408538897382743,3.0397507182399863,4.210513028002674,4.809769687801069,4.9154318525687835,3.09628871455117,4.552717606531301,4.607315171260787,4.979786118742713,3.256136768444424
s0093,3.0591384699785427,2.252320577759682,2.3050130115306966,2.374659569980327,3.0115370814746703,2.827018227982058,2.810343562536832,2.9627240863711126,2.805221791306066,3.001153804285964,2.3160961749906397,2.4981433126764996,2.508798062616817,2.477853583560128,2.5775393288638027,2.670339302521291,3.2086968877361275,3.0158723831770673,2.8587970858837704,3.018780228367213,3.022328086487099,3.0744004226076123,2.0864553042996263,3.0057716173127207,3.0351108377633778,3.132562567613277,3.267287432211314,1.8646377517666592,3.02458930819598,2.8482735836382176,3.0117876221824584,3.1367008385964574,3.0524477052450694,1.3792911449941196,3.0875751443247346,4.176401250463813,4.790244868960408,3.029897191157034,4.0123859442913385,4.259077936584591,4.961273733822823,2.2345780850510506
s0093-R,3.0591384699785427,2.252320577759682,2.3050130115306966,2.374659569980327,3.0115370814746703,2.827018227982058,2.810343562536832,2.9627240863711126,2.805221791306066,3.001153804285964,2.3160961749906397,2.4981433126764996,2.508798062616817,2.477853583560128,2.5775393288638027,2.670339302521291,3.2086968877361275,3.0158723831770673,2.8587970858837704,3.018780228367213,3.022328086487099,3.0744004226076123,2.0864553042996263,3.0057716173127207,3.0351108377633778,3.132562567613277,3.267287432211314,1.8646377517666592,3.02458930819598,2.8482735836382176,3.0117876221824584,3.1367008385964574,3.0524477052450694,1.3792911449941196,3.0875751443247346,4.176401250463813,4.790244868960408,3.029897191157034,4.0123859442913385,4.259077936584591,4.961273733822823,2.2345780850510506
s0094,3.065435125587849,2.233923878861824,2.3012547223050834,2.3209265976120736,3.0032434017266123,2.814084964307618,2.927962318746377,3.0383491358864845,3.129313125059893,3.0038010856057453,2.222211848768553,2.24754188616836,2.4354214322780843,2.396316464243251,2.548526753595427,2.654268214631834,3.217052586178204,3.0258340135890713,2.4277133675856772,3.065998243974694,3.10874779310628,3.291011405219042,2.3291638262356917,3.0092161409208464,3.058980806190596,3.1407476650168955,3.210542123831375,1.846384955232975,1.4804035381821603,2.258391151284338,3.032722489683481,2.6622203361591126,3.0247525525172576,1.3565067083459317,3.0158312973241945,4.341753170004926,4.786007424642206,3.0495699621680186,4.007616671350884,4.2711356386034485,4.964779626667734,2.0109305049140938
s0094-R,3.065435125587849,2.233923878861824,2.3012547223050834,2.3209265976120736,3.0032434017266123,2.814084964307618,2.927962318746377,3.0383491358864845,3.129313125059893,3.0038010856057453,2.222211848768553,2.24754188616836,2.4354214322780843,2.396316464243251,2.548526753595427,2.654268214631834,3.217052586178204,3.0258340135890713,2.4277133675856772,3.065998243974694,3.10874779310628,3.291011405219042,2.3291638262356917,3.0092161409208464,3.058980806190596,3.1407476650168955,3.210542123831375,1.846384955232975,1.4804035381821603,2.258391151284338,3.032722489683481,2.6622203361591126,3.0247525525172576,1.3565067083459317,3.0158312973241945,4.341753170004926,4.786007424642206,3.0495699621680186,4.007616671350884,4.2711356386034485,4.964779626667734,2.0109305049140938
s0095,3.047757268465116,2.1319763803720524,2.3795460092628193,2.0722150772071197,3.0700101723368807,4.642334535235351,2.6946669288549074,3.0216276797515143,2.673603178854173,2.3216781658220196,1.9987597089128397,1.8151681265288793,2.3013696873437617,2.23972226251679,2.3958437161350616,2.4356266997290144,3.3535744945675168,3.0122272162016666,2.0915200164984746,3.0165336536539913,3.0180799865332766,3.0762399340843105,1.5151656918938405,3.002477687219497,3.1246781538402697,3.602953538374995,4.315406636856767,2.3737029724437275,3.3875371490584874,3.180735798282682,3.028859862443008,3.433428565314517,3.2536669396049867,3.0486000291550264,3.8965140815161607,4.692501589757688,4.884611588471994,3.0283053877325665,3.997390643781853,4.438316986368033,4.974809545584991,3.1417961129163055
s0097,3.0478428167834473,2.131910964258415,2.3788243188022986,2.0673652672357274,3.0698281151109232,4.643329516581257,2.690749944743916,3.021596524755842,2.6661838132118403,2.293252219704738,1.9728886751514447,1.70783254152579,2.2172022024322167,2.1831444584499273,2.2954425168324004,2.331932830774206,3.337324889491968,3.00981474815792,1.8777212726582255,3.0135698370516573,3.0150484322511373,3.0749448710541905,1.5032239689173785,3.0019699790117507,3.11937634932636,3.5872144602038434,4.30615574771033,2.25282451474437,3.3732401619652492,3.1638302525463615,3.0281388040063875,3.4263988663517577,3.2529533009713543,3.047902886360581,3.8907189415723633,4.692320737020571,4.884552563198432,3.0273549879650057,3.9950409333107544,4.436757059674154,4.974609918625293,3.1314230762265467
s0098,1.0728772489118361,3.4261692319276564,3.1823930219817598,3.1903760225435183,2.8613698503941247,3.9716972144167255,3.070814665885882,2.2792010109701115,3.8559781345738013,3.1066639964586975,4.630838748334463,4.597247879157874,4.763445258520525,4.993434527291633,4.980955915129182,4.983533054541393,4.939917860582004,1.1523027118696587,3.419540637925612,4.399822358073256,3.257865617869632,4.792081974745912,2.9147061299933776,3.0049306585035476,3.0587782374098067,3.0569686146366832,3.0009718164786228,3.00476825431188,3.0064377728713594,2.9687569204607946,3.029867586445929,3.0043601970373848,3.0500124341138273,4.658224431541644,4.832226908398924,4.574231858903263,4.9067028248735785,3.1951903215176065,2.9996702031067817,3.0026206969811495,3.012457255972532,2.9936746264820333
s0099,1.0685187336073103,3.312669591869061,2.969938726667827,3.1191107634873863,2.7715028532086103,3.897124140502706,3.05285226136531,2.005407537718974,3.8453090460446413,3.077443881665446,4.593638233166627,4.589199051643512,4.7555899856187525,4.992665688356978,4.979937359061995,4.983474850432858,4.939875709738386,1.136039052324788,3.4042109472828046,4.392998503620596,3.256125813919867,4.7687899298973955,2.885040583367733,3.0026424507541134,3.018847458897965,3.03663527258327,3.0005115132003257,3.004240682684808,3.004922559447287,2.9549786170079098,3.0271335334132803,3.0042421406894646,3.047817504314971,4.6436936960400494,4.784030406006749,4.520445965606396,4.90508460843143,3.1950962676549786,2.999633826694972,3.002536526160712,3.012263213113023,2.989615958058086
s0100,1.0709192196751622,3.371754201678974,3.0818242945118577,3.041805271346202,2.6559328272949303,3.8332032481839478,3.040634648686151,2.2375249926834364,3.8448859597028155,3.0899120497211183,4.610465884583849,4.592464050354413,4.757563164276907,4.992915980412563,4.980279040941883,4.983497204831018,4.939885227848259,1.145623214187441,3.408184476170553,4.395313494840712,3.2564728213866423,4.775532496748518,2.897711016702395,3.0036932548430446,3.039017758792085,3.0132294504461044,1.4999490271407094,3.003743235336894,3.0038797447806753,2.965606268624304,3.0282997440583577,3.004244530745855,3.0485152161965323,4.6468039118389575,4.798149693991321,4.53410625911982,4.9056576924534365,3.1951100155592385,2.9996547196267263,3.002556562992707,3.012334995867772,2.9914838671183244
s0101,1.0716815206822004,3.4096654758575706,3.0879445588877212,3.0959928511098185,2.724544930372275,3.885573237362912,3.051437405935895,2.0493871409062017,3.8579098927822866,3.096087581645083,4.617148542786191,4.59361451614334,4.7605384907745965,4.993181130544611,4.9806026237850265,4.983509630397285,4.939926574684065,1.1479402633975322,3.4135920467072354,4.395225793919383,3.256979377107134,4.783955463932047,2.909102202571235,3.0044700747139483,3.038742858372869,3.029018392846278,3.000214933021044,3.004111060944683,3.0047648309782873,2.957279742326835,3.0289439943923484,3.004348072973917,3.049391083239222,4.651365021712288,4.819482843069628,4.555661775301074,4.906081871643306,3.195188623494483,2.9996585118767567,3.002624171400834,3.0123304020486885,2.9923649985598355
s0102,3.059575042978712,2.201777667021421,2.3956361712059753,2.076426955941315,3.0778779078136314,4.698940495961794,2.8421013463821714,3.07115854563785,3.0394829952226976,2.4856704781043604,1.9720445357183032,1.663460365603028,2.1450375855661763,2.1344832072977398,2.2118459404778466,2.2470819171984138,3.3329868441486865,3.0126302440514485,1.7864829935206656,3.031121050795602,3.048075525138397,3.150034459076744,1.4826067007217878,3.0038714317007384,3.1399421461631727,3.591824583605199,4.302815276612394,2.3009767947301873,3.3672462819535225,3.1886283169058434,3.052724891854806,3.463045425215575,3.272218164550915,3.0570172422066224,3.900354542450408,4.705422901312197,4.890570237709572,3.043549259832349,4.3182946427332105,4.594892664969137,4.981162016873592,3.1876600683598175
s0103,3.0521903362986085,2.163619822673965,2.372098649835244,2.0523530669574406,3.065878141615978,4.623185607570122,2.65516682456276,3.019780396714273,2.639584844906299,2.3253046079994766,1.9720437661999166,1.7310492376284015,2.2294338566847975,2.1955280363179055,2.3073761225242717,2.344367897555265,3.347021366627274,3.0104776729390244,1.9264686381439318,3.013669067417376,3.0145115404602025,3.0753645500455544,1.4675927679124738,3.0017127049332726,3.120817343663668,3.593778300366724,4.3092629538104275,2.3792649818655494,3.3785380717873283,3.1897346136036036,3.028196564526734,3.4439028598654713,3.2538545817946627,3.048386986750415,3.8897294019940967,4.690599542149626,4.883959062615343,3.029927441053227,3.948296834362957,4.416495004615022,4.973886093745007,3.156440799858411
s0104,3.0605525190911127,2.25434404458547,2.4317280657113267,2.2219181472540193,3.111367113575772,4.762223653054189,2.970141421523234,3.079726652353834,2.9465409393947644,3.001231727370487,2.191528986183826,2.616494455833188,2.4108290130098133,2.341712106524577,2.5728672554891787,2.662714207243186,3.6329910496000335,3.0190869275755987,2.953496689457872,3.0209565420548548,3.0222914750878638,3.0793857376439653,1.414034479889523,3.001434182194405,3.113011049689974,3.6573417497135656,4.2999586153388,2.0992745275358877,3.3631926571246273,3.1702206965073683,3.092700203458483,3.6060645143297223,3.3685846011621834,2.7497898461045334,3.8855719503857085,4.7715091336346696,4.917820077622366,3.0815342660242386,4.519656651387415,4.577338316319281,4.97675623350601,3.2427656870392116
s0104-R,3.0605525190911127,2.25434404458547,2.4317280657113267,2.2219181472540193,3.111367113575772,4.762223653054189,2.970141421523234,3.079726652353834,2.9465409393947644,3.001231727370487,2.191528986183826,2.616494455833188,2.4108290130098133,2.341712106524577,2.5728672554891787,2.662714207243186,3.6329910496000335,3.0190869275755987,2.953496689457872,3.0209565420548548,3.0222914750878638,3.0793857376439653,1.414034479889523,3.001434182194405,3.113011049689974,3.6573417497135656,4.2999586153388,2.0992745275358877,3.3631926571246273,3.1702206965073683,3.092700203458483,3.6060645143297223,3.3685846011621834,2.7497898461045334,3.8855719503857085,4.7715091336346696,4.917820077622366,3.0815342660242386,4.519656651387415,4.577338316319281,4.97675623350601,3.2427656870392116
s0105,3.0515989992002415,2.1555705052449854,2.385133922237432,2.0627938811750552,3.078128026201942,4.689689476705315,2.801860518106845,3.0469857695160094,2.92640580097094,2.364908532473754,2.0235013357721536,1.827899276807745,2.4070344508097046,2.312149602131609,2.700999260830275,2.7844631537896887,3.95049757474841,3.0168797618380814,2.1064664596883915,3.021361664220189,3.0221771568311238,3.0998738166118636,1.5504389476098157,3.0028717042346735,3.1527336479682755,3.9885983114655,4.506284393874607,2.1812406565312665,3.411659013584331,2.9049618810750824,3.038965393056566,3.255629546023103,3.245841300547631,3.0488387711485134,3.862704446221219,4.694953389209919,4.886346832162064,3.0364224173117598,4.098604509487334,4.479713384857569,4.976331709583989,3.0321838689627003
s0107,3.0562213316869578,1.965419320015948,2.345107698795921,2.313374222399132,3.0341696248081447,3.975022118207529,3.082955754500206,3.004489747123583,2.973958478640428,2.9681078155624743,2.388803789300286,2.69394172342136,2.9245402355164414,2.7179756565204523,3.0053617441911986,3.0264169744538263,4.050302716460343,3.027110395383613,2.871370930947207,3.031492449339184,3.028675727974423,3.103208101546786,2.6159515053956395,3.0063811034593444,3.2041507972951715,4.12834463117874,4.541051327285595,2.691140530751296,3.586599991663215,3.343710672470441,3.0439524368059625,3.8161090629927,3.4447517126835336,3.1269780959485156,4.368820047953951,4.685615320657278,4.878078267072623,3.053935748545196,4.4481993637206205,4.562594048161748,4.9768961230202144,3.3752577857738646
s0108,3.053469275536997,1.9228204639661537,2.4809818930947634,2.5126974644739586,3.120040709246173,4.7337648899022104,3.161255537319923,3.050032571259953,3.0159893139402394,2.9916269794802908,2.2264493318448983,2.257692024962201,2.6860526720824653,2.5801291420037007,2.777454120481752,2.84043069055582,3.674149496179963,3.0225238453496144,2.660517882068098,3.0318773421513843,3.0317717552262224,3.1127284423215382,2.4615352018832057,3.0081907831154893,3.222172925022517,4.068498235209611,4.561479858761685,3.1708002399817223,3.696961186868109,3.625087610844271,3.0304295273151687,4.194699378637495,3.5364342144229384,3.13007785086326,4.27800778610374,4.743908929947435,4.903220538318055,3.0367032100742044,4.297130831287215,4.505648763424065,4.975275862401122,3.6575622585659207
s0108-R,3.053469275536997,1.9228204639661537,2.4809818930947634,2.5126974644739586,3.120040709246173,4.7337648899022104,3.161255537319923,3.050032571259953,3.0159893139402394,2.9916269794802908,2.2264493318448983,2.257692024962201,2.6860526720824653,2.5801291420037007,2.777454120481752,2.84043069055582,3.674149496179963,3.0225238453496144,2.660517882068098,3.0318773421513843,3.0317717552262224,3.1127284423215382,2.4615352018832057,3.0081907831154893,3.222172925022517,4.068498235209611,4.561479858761685,3.1708002399817223,3.696961186868109,3.625087610844271,3.0304295273151687,4.194699378637495,3.5364342144229384,3.13007785086326,4.27800778610374,4.743908929947435,4.903220538318055,3.0367032100742044,4.297130831287215,4.505648763424065,4.975275862401122,3.6575622585659207
s0109,3.0553359091331926,1.9572576189993987,2.493621192272961,2.6110581103392647,3.1298878762716518,4.74931533939401,3.1795666363721677,3.0612862508265315,3.029925376212897,3.0067739097811756,2.411887210190365,3.054371523549354,3.0053461164600064,2.877377613634464,3.019752946388362,3.0812789525260498,4.24907826213331,3.03877157608821,3.0163646037541194,3.0510161113351497,3.052490572756204,3.121869129675708,3.004172666876395,3.010582887646766,3.2610587790940566,4.3085731953288215,4.630375390959786,3.28816994781003,3.8148678661339686,3.7195311712529326,3.032956977863283,4.204348752752381,3.532972601052784,3.1308391207748825,4.27873744909162,4.743752935302854,4.90324126154418,3.040123295541096,4.310174944668116,4.515238184272384,4.975674910975925,3.702529659449768
s0110,1.0757841382566888,3.5013676159829323,3.1364866929370963,3.0736896259454833,3.0135309930662473,4.307974146345411,3.0377008976757334,3.0150538967212808,4.288757237591521,3.860119602783888,4.839026014603525,4.738250539800741,4.777265965037126,4.989222256728009,4.976186139531828,4.9807718866645185,1.0698718588278762,1.1260007926212898,3.682097936175526,4.51534776197099,3.274554460794888,4.675567122535614,2.9317560951641672,3.0084497631850797,3.0417265912069946,3.0263933775995437,3.0012527514325273,3.006064280788442,3.003665180818344,3.002610267291337,3.066820353858437,3.0073819202195033,3.0771313716612507,4.679423551169579,4.565225346235482,4.344197113070534,4.895688895520169,3.0085883840864596,2.99970752737939,3.005676172884883,3.0162708093619925,3.017179982836052
s0111,1.0740177704381468,3.458939818357127,3.108378253154211,3.0259810108272887,3.0042554935167187,4.212705532293466,3.0247994053199077,3.015407829025235,4.270339715072161,3.801504744054711,4.837036458740267,4.737899085059965,4.776846260596435,4.989183625022438,4.976186042141838,4.980772428206574,1.0698168578209337,1.1210608054265285,3.666147419747479,4.51606933959564,3.274304860679276,4.674079250982981,2.9220293850483037,3.007385781367772,3.0365525903536663,3.011984297727034,3.000684337648866,3.0052141878194307,3.00262843242618,3.002545579850617,3.0659964042724432,3.0071059501791106,3.0770313632685635,4.679649885035202,4.56900142277221,4.344228729747787,4.895828764052086,3.0085696352745432,2.999683666170843,3.0055483711616473,3.016305416436603,3.0158730131205833
s0112,3.0510951246194176,1.88226804125961,2.4588968211993265,2.3981175430995187,3.104473346620871,4.7010278737149624,3.112672444365917,3.033456598564288,2.9696041220383766,2.211661368597637,2.0765718178921677,1.316534422540215,2.4860912457520277,2.378169941010569,2.848270224898528,2.9201263370909984,4.1196059196188415,3.0095261457631532,1.3669904775510904,3.0125210324456564,3.010313519055285,3.105591428150544,2.24849475408333,3.007540536828027,3.2013071996344267,4.161289221846599,4.57582065909939,3.173368066064424,3.6609532885689893,3.6509424338508656,3.0536783487949113,4.376415582764338,3.8840821567014765,3.1866787087090995,3.9662505342131187,4.499911696173076,4.819514789701314,3.0206077675868213,3.6596008046368147,3.874172361156604,4.921551981428864,3.911218395945282
s0113,3.0568299032900033,1.9672698151219863,2.3444139868655696,2.27884483250134,3.0346623147580174,3.982952755020355,3.098344864600511,3.004254572628731,2.972954094734096,2.738060104393407,2.1307658157659066,2.066260873820036,2.7399986266404404,2.6109179548761423,2.862093985962858,2.9174778513272894,3.6493660305201576,3.0202827429089116,2.6172949159405867,3.0262581819693537,3.023886070452181,3.1002074383604277,2.6475201899211434,3.007673328542383,3.21638915139161,4.026212014500343,4.548117572084465,2.860253014728767,3.687495181066999,3.555940276614419,3.038975693497351,4.045772903866332,3.4620907326912316,3.1292853077873715,4.387091079412055,4.676328622928304,4.870968765674044,3.050294938400504,4.459936193520171,4.572236722275405,4.976734133060312,3.5011777244186284
s0114,3.0409875545881624,1.8713816991093317,2.4057263075059674,2.256912868815551,3.057940004721776,4.450576664552405,3.091010163654174,3.0051988769805527,2.929281577349215,2.129720190836628,2.0453937964388533,1.3188449971386915,2.4035905228728023,2.352069836913978,2.608968715054637,2.6535693421394733,3.5877226722254294,3.006098666929213,1.3673143861489958,3.010441908370271,3.0104342667769233,3.099889541389165,2.6269961074387806,3.0058813350461078,3.1341370308260346,3.719490934997202,4.3237930491825525,3.01322350237657,3.402980506595934,3.5506590149672332,3.052944017527528,4.356080315628097,3.881135810787124,3.186918717265835,3.967623886216693,4.499825479103212,4.819567295474211,3.020279376237775,3.6537224735759164,3.8667740087548306,4.921237237474887,3.786852950942727
s0115,3.056871797093685,1.9687488567408487,2.3438070959517128,2.281862893807541,3.0345146773653453,3.983999800215482,3.099072169694822,3.0045122345684905,2.976074313342072,2.7508184716111694,2.1350650399663547,2.0851443497592053,2.7480175311170196,2.6152532645085946,2.873347927502982,2.928516184266969,3.649831517642621,3.0204967059257934,2.635237775551198,3.0266853680187444,3.024569024865942,3.1008830926854305,2.686043060676851,3.007745171686966,3.217121093351955,4.027636270091812,4.548622410761158,2.859632617368483,3.6892148166388696,3.5588183072542954,3.0390219703729704,4.048116864239056,3.462319433118078,3.128886184199156,4.386892075377107,4.676252947944658,4.87091429957202,3.050365775272061,4.4600818169752605,4.57235885719601,4.976739520750879,3.50159729040656
s0117,3.051187894148575,1.8927304536680505,2.464843550126654,2.4795608117322336,3.105840727699122,4.700032256627983,3.075269550655586,3.042016033150965,2.9480827548192234,2.911786726570016,2.310455296066121,1.5403802729448206,2.552690983847362,2.3778303857478638,2.819552260339588,2.927843105593763,4.053572910667119,3.0158158180086447,1.5609193817644726,3.019822143347378,3.0204630005974336,3.1147494342494624,2.8861097072255593,3.0097735640930656,3.1819127768857767,4.0828180408844235,4.530261304888049,3.1763157571144527,3.5416687931483612,3.3678638059756953,3.0211300579570546,3.9341875658252476,3.4694083767444237,3.088828545107838,4.283250561672722,4.741600376993105,4.905659454191115,3.0305715476919666,4.087803177899657,4.388675070188439,4.9717079238604684,3.492332403206254
s0118,3.0706105141016087,1.9304116724850744,2.403749758344702,2.345883156328489,3.065616569485764,4.664123488771748,3.343434113765017,3.0882409051473916,3.2660618986501517,3.0086249265263207,2.174973802086152,1.3595579698200086,2.5135439264190844,2.4064525233123053,2.8354502321855586,2.883157045745439,4.0093077000774615,3.0140877280826945,1.4428261353726626,3.0717434472095686,3.156986832710361,3.303299390916991,2.9531563280609094,3.0118733874229586,3.245687210828454,4.12274392173722,4.529825630892473,2.7982871801589453,3.5488761129270587,3.316596388482406,3.231078755339241,4.0405449783548075,3.8167203523369997,3.2309534922757894,4.65454470050125,4.837120633462133,4.91284140236179,3.1388172751846968,4.7166023448451835,4.7040329837798005,4.982321054860139,3.7524223954067706
s0118-R,3.0706105141016087,1.9304116724850744,2.403749758344702,2.345883156328489,3.065616569485764,4.664123488771748,3.343434113765017,3.0882409051473916,3.2660618986501517,3.0086249265263207,2.174973802086152,1.3595579698200086,2.5135439264190844,2.4064525233123053,2.8354502321855586,2.883157045745439,4.0093077000774615,3.0140877280826945,1.4428261353726626,3.0717434472095686,3.156986832710361,3.303299390916991,2.9531563280609094,3.0118733874229586,3.245687210828454,4.12274392173722,4.529825630892473,2.7982871801589453,3.5488761129270587,3.316596388482406,3.231078755339241,4.0405449783548075,3.8167203523369997,3.2309534922757894,4.65454470050125,4.837120633462133,4.91284140236179,3.1388172751846968,4.7166023448451835,4.7040329837798005,4.982321054860139,3.7524223954067706
s0119,3.0769435583626716,2.0483038950729346,2.3996826642299656,2.4593965060097536,3.0671357218401067,4.62523820349917,3.2631124365099655,3.069040840512042,3.1042002811882883,3.021875353201216,2.9300200587936276,3.3617561923980315,3.002359705942236,3.000598676824532,3.0020318716643297,3.0187673771777175,4.011593786787549,3.0369812262304228,3.0730685016098476,3.046177685704144,3.0549152826120856,3.1064368574188244,2.571438094757369,3.0075897939660203,3.205994696238965,4.119518072235351,4.560148509075391,2.9594670989407947,3.6683281934544656,3.582650431512673,3.2388968689107847,4.4504065705672655,4.084710960591796,3.2775597992152563,4.647611992275607,4.8054386428402465,4.914786752752761,3.138069821004464,4.711272001576771,4.686108903453049,4.979641572505329,3.988803903310795
s0119-R,3.0769435583626716,2.0483038950729346,2.3996826642299656,2.4593965060097536,3.0671357218401067,4.62523820349917,3.2631124365099655,3.069040840512042,3.1042002811882883,3.021875353201216,2.9300200587936276,3.3617561923980315,3.002359705942236,3.000598676824532,3.0020318716643297,3.0187673771777175,4.011593786787549,3.0369812262304228,3.0730685016098476,3.046177685704144,3.0549152826120856,3.1064368574188244,2.571438094757369,3.0075897939660203,3.205994696238965,4.119518072235351,4.560148509075391,2.9594670989407947,3.6683281934544656,3.582650431512673,3.2388968689107847,4.4504065705672655,4.084710960591796,3.2775597992152563,4.647611992275607,4.8054386428402465,4.914786752752761,3.138069821004464,4.711272001576771,4.686108903453049,4.979641572505329,3.988803903310795
s0120,3.07102269475339,1.924320652891406,2.403457461063875,2.336870972188365,3.0647239471324097,4.666444464837623,3.3466186989529496,3.0889144447171293,3.271841499334097,3.0085767801071754,2.1789476545513837,1.367479205577063,2.518023325580442,2.41256489299094,2.831295434995578,2.8756305069822448,4.004681370174828,3.014555593072109,1.455371801437808,3.0738993834602253,3.1612018350844373,3.3028107241796527,2.804458909757919,3.0113099209893464,3.245704734547536,4.122732456203251,4.530820874071447,2.762347193283542,3.554757538647613,3.322989388313831,3.2324584769543563,4.043763826668628,3.818033042048272,3.2326975635469712,4.654122929190284,4.836827026026592,4.912819048923653,3.139286777969913,4.717142249543983,4.704700922736186,4.982358585619037,3.755599864448121
s0120-R,3.07102269475339,1.924320652891406,2.403457461063875,2.336870972188365,3.0647239471324097,4.666444464837623,3.3466186989529496,3.0889144447171293,3.271841499334097,3.0085767801071754,2.1789476545513837,1.367479205577063,2.518023325580442,2.41256489299094,2.831295434995578,2.8756305069822448,4.004681370174828,3.014555593072109,1.455371801437808,3.0738993834602253,3.1612018350844373,3.3028107241796527,2.804458909757919,3.0113099209893464,3.245704734547536,4.122732456203251,4.530820874071447,2.762347193283542,3.554757538647613,3.322989388313831,3.2324584769543563,4.043763826668628,3.818033042048272,3.2326975635469712,4.654122929190284,4.836827026026592,4.912819048923653,3.139286777969913,4.717142249543983,4.704700922736186,4.982358585619037,3.755599864448121
s0121,3.0483460811584395,1.8943211937640878,2.4764102707100757,2.5135844909119776,3.1189032781666604,4.731368435878887,3.158599020737314,3.049262431348365,3.014852280933426,3.000900049167585,2.272621106734329,2.578677879702246,2.713235869582941,2.6100582581611587,2.7864531307937344,2.849571517804101,3.6343462300992444,3.023109803858599,2.9345483800702263,3.032739363040808,3.03323949213779,3.1122147508462508,2.373358191061424,3.007900620555391,3.2129405740463013,4.013756253409097,4.551864737189284,3.1259536474999106,3.7034563890303382,3.62882386405799,3.0302375660742564,4.171404625660717,3.527364531441245,3.1290954946818914,4.278462985748037,4.744254026664634,4.903322421172115,3.0361260989443544,4.307096698373495,4.510186921694334,4.975444433445007,3.626011513391825
s0123,3.048174035690371,1.8952678875307294,2.4796107493390465,2.518777504505002,3.120218519386144,4.733660133766879,3.1567030889251773,3.0499603949044776,3.015415523906625,3.000612468973593,2.274672523091723,2.546723112368821,2.7039811624514876,2.5956766706603984,2.7804863876769126,2.8414623825728467,3.631693529656224,3.02285842994334,2.893893542568881,3.032114046402383,3.0322070471563913,3.111752406788432,2.403699757497722,3.0079093299150186,3.2143357624945983,4.016517047702266,4.553228566439122,3.134960053704949,3.708744976400906,3.6337232917236646,3.0300412860712296,4.173209319761302,3.527366397336422,3.1290445750563505,4.277992147212911,4.744179327526674,4.903366035240042,3.0360017430159068,4.304184952902678,4.509438721210396,4.9754585927251505,3.6290499919447865
s0124,1.082244114532238,3.662473235316125,3.9598843144147597,3.2146826051358603,3.0169623593494914,4.358073715323731,3.119406316075784,3.1001338557124973,4.31769873190674,4.0480548585801985,4.868083644988347,4.7822789929657175,4.7884654855816216,4.993101264725811,4.980774289579845,4.981033434242595,1.0713392304891025,1.130098583203329,3.835612923535571,4.581859736339374,3.277605754850144,4.777531153098965,3.002745057095039,3.0120548883564457,3.180094780184447,3.0711055136323857,3.0020637178641967,3.007543030996392,3.0106890362447336,3.0146374845708785,3.0818692333059485,3.008276778568307,3.0895868178875716,4.71158224146741,4.805029226964235,4.554390304409316,4.901732232375364,3.0091603409055114,2.999720954350772,3.006797344095701,3.0191886898771676,3.0231446732041904
s0125,1.0749163324294921,3.477208237311316,3.518279776474084,3.174137710766239,2.9805984436456407,4.1454523285425156,3.077396359946285,3.0040180678695116,4.2620798901679855,3.7221700186890048,4.857263560206704,4.77828488907101,4.78502162247989,4.99245714055987,4.979835223862753,4.980974789218985,1.0705107734386032,1.1130873245815938,3.680988177612015,4.574401639081457,3.2773160301498954,4.757183125661793,2.9599887698929646,3.008139964011886,3.1063415032966155,3.0566595088546453,3.0010795121549974,3.0054404214313997,3.0071780813528406,3.0013544492405346,3.0755625229895887,3.007212790713851,3.0862776732047,4.701815573975932,4.752122276360474,4.499725378768499,4.900343344826071,3.0088860012951546,2.9996571239379852,3.0056528824884996,3.01871988889733,3.0136394361798424
s0126,1.0762600714231543,3.4992409884851794,3.570505251080186,3.217287671005555,3.006734228229509,4.227696008550429,3.0867250509344046,3.014134555942296,4.273370312832233,3.792261754868025,4.859131506138631,4.7788172722185065,4.785823342305487,4.992585814208089,4.980030966948959,4.9809838851350445,1.0705501092730698,1.1168015543162018,3.7027872610813235,4.575865183040361,3.2771112042837456,4.760970286950716,2.967118050873096,3.0086686357956647,3.1164367654919616,3.0698720621580367,3.0016146029224156,3.006105644052351,3.007979290167382,3.0029521425876715,3.076804527007973,3.0074265826632156,3.086909580957249,4.703315511279772,4.767051515098133,4.512904641937396,4.900544449304275,3.0089039174375984,2.9996745376649034,3.0057716817004465,3.018821476969154,3.015487907597485
s0127,1.0775101158260587,3.543170806397387,3.6941418457158948,3.2471690094557952,3.0139768854799946,4.305658211849358,3.1059976282490855,3.032437789496326,4.287515376073308,3.835360695729788,4.860710960219209,4.779486383455924,4.787153889088544,4.992852515049021,4.980378139946708,4.981007960639784,1.0709189102027923,1.1208039151546563,3.7134215800291073,4.57666604412414,3.2776186861294216,4.769551138930055,2.9786670312273156,3.0094482071795117,3.1346853692253056,3.080503247091511,3.0022144847170935,3.0070292909104026,3.0095745007872314,3.0055591770568526,3.0776373456718518,3.0076815752243795,3.0876706888197796,4.707575183449554,4.784638011602405,4.52829281756074,4.901063035835063,3.0090212564099312,2.9996844387483916,3.0058605060166044,3.0188683800528944,3.016675805669035
s0128,3.0660313805909096,1.975193239160863,2.3622534073485904,2.3029000118221945,3.044567287509021,4.441899200576398,3.225158804952098,3.070072509957275,3.19125450378978,2.872805605258513,2.0051265645531897,1.3099839100658826,2.407811619612073,2.380398291673923,2.552852055693826,2.568472012362448,3.620949670795129,3.0124610449202627,1.413320913832327,3.0510150847950555,3.0939273121891113,3.2118717068734592,2.9366548020433623,3.0113106459571743,3.2472003413291044,4.020662557569214,4.5408630411701605,3.0096195874400773,3.6470514410078834,3.5082885658781944,3.0581749186344536,4.05539494878662,3.4808384391156144,3.1364862474209785,4.401709976063444,4.692336716201743,4.877264092908331,3.0642789630033676,4.559373522067084,4.6630745233687225,4.98179404815856,3.538636178363598
s0129,3.0532437965967296,1.9216282977278998,2.471435129634992,2.483617515523675,3.115550944632763,4.723166088648568,3.1345329844714223,3.0462520288473103,3.0070592680427266,2.951191339474399,2.2205369551862226,2.251170759484794,2.689832211410633,2.5893488022674536,2.7743941933140057,2.8404974170354746,3.6300713659943726,3.022031677274724,2.648287402216346,3.0302436730312463,3.0296107189367363,3.109570611083991,2.287532266355495,3.0078501015710586,3.213252602066077,4.011063135888916,4.550926606678505,3.1496661660841028,3.7042164806751448,3.6488780788541857,3.0305400356012138,4.186249504601684,3.5303186632927437,3.1295045028842754,4.2776044956968,4.7435230120183665,4.90301410588782,3.0388067588217433,4.289818994707192,4.500887050112331,4.97502178527115,3.6581089628724914
s0130,3.073520988400713,2.042530135001243,2.5505459309012632,2.8443187046307,3.1656948451654587,4.819614515887657,3.3265503744155143,3.1277935608406082,3.1481823775001314,3.029190231537258,3.025939154611817,3.375699005996301,3.002076836754692,3.0005157982154413,3.0016146034784326,3.0189365037641513,4.1008481599108615,3.0376898504314074,3.073517420886738,3.048554131830606,3.058683833962236,3.119080097850174,2.258764965263587,3.008694077147839,3.1941950921940787,4.145453357013131,4.5656164026749995,3.1928847534537304,3.6529548752359746,3.6727785005305624,3.1852115508967156,4.499545098173179,4.085427225775989,3.244923040993593,4.592818767117709,4.799958673428405,4.928459812864581,3.103511064408659,4.633607077804089,4.620291163199167,4.977389156561767,4.072982412068751
s0130-R,3.073520988400713,2.042530135001243,2.5505459309012632,2.8443187046307,3.1656948451654587,4.819614515887657,3.3265503744155143,3.1277935608406082,3.1481823775001314,3.029190231537258,3.025939154611817,3.375699005996301,3.002076836754692,3.0005157982154413,3.0016146034784326,3.0189365037641513,4.1008481599108615,3.0376898504314074,3.073517420886738,3.048554131830606,3.058683833962236,3.119080097850174,2.258764965263587,3.008694077147839,3.1941950921940787,4.145453357013131,4.5656164026749995,3.1928847534537304,3.6529548752359746,3.6727785005305624,3.1852115508967156,4.499545098173179,4.085427225775989,3.244923040993593,4.592818767117709,4.799958673428405,4.928459812864581,3.103511064408659,4.633607077804089,4.620291163199167,4.977389156561767,4.072982412068751
s0131,3.0558108425359585,1.9751713712928427,2.345895182451782,2.3175763551615267,3.0404660587657713,4.218132020030123,3.1452531385331204,3.031033492204482,3.070909774740745,3.0019567791280375,2.3326384604847066,2.8503913476740603,2.9502906440951735,2.7549375527437143,3.0064189616849584,3.0311056093695736,4.196859539811207,3.032262063970709,3.003093142114764,3.0500416232729184,3.0626704341039916,3.153631726482962,2.884721609594745,3.008607465508072,3.2337669654911716,4.299798022157553,4.653141197636146,2.805644519645112,3.6549150721538126,3.240049827786053,3.051540488618695,3.7778221863348116,3.450057369568452,3.1233626054909243,4.378534717145368,4.683214446364458,4.87512967741493,3.0667638329438964,4.506022904383388,4.612190749543359,4.978765639690106,3.3447859330541982
s0133,3.054145912831889,2.0058166375046356,2.2471611574610364,2.070199681577502,2.0177046476752856,1.9329344632926166,2.059431803466579,1.92803643998496,1.993507485314279,1.926401328150659,1.946941462559108,1.6542509850999942,2.2638908350026856,2.1888481658081718,2.4636883701934558,2.5265175457036193,3.5671849419355457,3.008228520974598,1.6924627702772383,3.011510957399696,3.013519350555179,3.053005776411029,1.7092305007709256,3.0020644881452863,3.0894373794317165,3.555405192315174,4.145413790219861,1.805448608915167,3.2444540046823773,2.3117633479570374,1.3053681557027728,2.4180628968519375,2.214109460987539,1.8308383273313962,3.523949351183168,4.268658981213491,4.697095555540547,1.446795583147868,3.3229450452602816,3.3379036145631815,4.944130912412482,1.9620713791025866
s0134,3.053556408695138,1.980088464002729,2.289303201949293,1.866176009529636,2.7250648256090604,2.836861282574462,2.1633340830126624,2.348498611844093,2.0885311117220704,1.9007316730967903,1.8646529616915204,1.5278995262750033,2.054937272444394,2.071010754667298,2.0901894360368316,2.1132839310689695,3.2472935643522387,3.0030791210862864,1.5399818030061527,3.0082989069498565,3.0110996184194883,3.0541604924595234,1.5842945400766808,3.001465794282707,3.089223117909707,3.486705548454718,4.181828855507741,1.9337334380467444,3.2755593956476297,3.02496716096118,1.3475478669790313,3.1238294350014097,3.0301326705740035,1.8729408512986816,3.590627862211177,4.49522277549377,4.804851657688741,1.5662908902253903,3.183595703362233,3.221859299427687,4.9362061649727575,2.5468817864779787
s0134-R,3.053556408695138,1.980088464002729,2.289303201949293,1.866176009529636,2.7250648256090604,2.836861282574462,2.1633340830126624,2.348498611844093,2.0885311117220704,1.9007316730967903,1.8646529616915204,1.5278995262750033,2.054937272444394,2.071010754667298,2.0901894360368316,2.1132839310689695,3.2472935643522387,3.0030791210862864,1.5399818030061527,3.0082989069498565,3.0110996184194883,3.0541604924595234,1.5842945400766808,3.001465794282707,3.089223117909707,3.486705548454718,4.181828855507741,1.9337334380467444,3.2755593956476297,3.02496716096118,1.3475478669790313,3.1238294350014097,3.0301326705740035,1.8729408512986816,3.590627862211177,4.49522277549377,4.804851657688741,1.5662908902253903,3.183595703362233,3.221859299427687,4.9362061649727575,2.5468817864779787
s0135,3.0542397777620924,1.9976456898025932,2.2925003829468737,1.8938256402625266,2.802298937281384,2.899245495886029,2.1831347804301497,2.449256014701082,2.0961495627231566,2.0844870629451977,1.9091869277093099,1.7418268850568874,2.1737333810040056,2.1308069186632723,2.2685164402480464,2.392472414779247,3.565177770452781,3.0113063245998193,1.8397653679080306,3.0175925478838117,3.020007886785896,3.058516345810626,1.6131071143851559,3.0021739367465488,3.1299767980272115,3.764103509179817,4.400542078354052,2.018362773273143,3.397992821398866,3.0729806452371373,1.3334929538511682,3.129733548702629,3.027404266248256,1.840269461449288,3.590344395164983,4.488709431584198,4.804045024621227,1.5173327534980139,3.1617716962831945,3.187558327528243,4.933708037694716,2.6168154855454597
s0136,1.061911638900772,1.5293534138897458,2.6513863973107146,2.0449376894056415,2.613867705569077,3.542870825725941,3.0046962817653307,2.4102730340167895,3.782767239994242,1.2223090425157452,1.3379042590635297,3.543953251526568,4.690596024581237,4.968074965673019,4.97128608093806,4.978798412970128,1.0117208316299748,1.0924404483683372,1.164292964456489,3.840550334897057,3.2371805464811603,3.829519967664058,2.85488754536606,1.2600101955199114,1.3296274022195984,1.4808472699066852,1.499738484194171,3.0022895924153636,3.000708954490572,2.9764341757652804,2.5402227578655308,3.003845515698991,3.006906153514136,4.140060168667441,3.7952766586566993,4.167395182848878,4.890200121741971,1.3554248640416535,2.999529358720197,1.4995527123718082,3.005145019117276,2.9712995981016532
s0137,1.061185846463553,1.4360076394033439,2.640614976691615,1.8587560556144198,2.4876854647869373,3.4312019771131177,2.998770710749761,2.4096904869640396,3.7523700188546982,1.1649701079831722,1.3313058589085434,3.5456821944201193,4.691082014611958,4.968589185388522,4.971316480797428,4.978797561376052,1.0117194167280827,1.0905215676405182,1.180827471627865,3.8428557663331455,3.237251719556216,3.845279776631937,2.8483945631559173,1.245157181549701,1.325178383597397,1.4767630552898776,1.4996301579701559,3.0017734282333537,3.0002735902827777,2.9763380749431265,2.5303552475105455,3.003623960378419,3.0070544543050115,4.141609902042541,3.8196899156758164,4.170475278580135,4.890271939592695,1.355353909467996,2.9995159440229746,1.49962633248258,3.0051639666032277,2.969788706590696
s0138,3.0528892764334183,1.9676198882591627,2.2860379016819556,1.8442009235558459,2.628306007488279,2.8028319205555907,2.157351566421675,2.3365015052677967,2.0934616418529517,1.8264394369092636,1.8441066620567037,1.447903036165786,2.0734371687077173,2.0424993126281623,2.2913651649528775,2.3644860017638,3.631412125265393,3.004034789684341,1.4324714729567454,3.0072712938255464,3.0104531254557214,3.056030469160821,1.6256306774943594,3.0022275305497828,3.099346620031863,3.636100576618825,4.292029500133148,2.1345186785373698,3.3164208247422673,3.106746381944716,1.4683039489966492,3.4890706842508377,3.3491210318577918,3.0283106095536776,3.3571700142423726,3.8430335160841187,4.3417609195044635,1.4928664693609814,2.4049572812684215,1.2929850945033776,1.4907695602009154,3.119612675150494
s0139,3.0532500373339566,1.9774070901461807,2.2841064379766505,1.856563251201242,2.5891896015882,2.7844197836532434,2.1506293695139385,2.3226001739062365,2.0722366554523344,1.8938351622742613,1.861824059840874,1.5042796970698307,2.0272730292502468,2.0477953317643625,2.065315712388785,2.082562197076753,3.2665264918877317,3.001364381492765,1.508599027350575,3.0065878397765147,3.0098415900234903,3.0543565707380584,1.5594121454253864,3.0008047406892966,3.0964897841321277,3.533716136353357,4.260613908070286,1.8288302312201143,3.3073362540196865,2.5621809262565245,1.2447263421223593,2.202399347132378,1.3826022944324954,1.318202883513621,3.027651038386714,3.1871129244046625,1.4571440164831964,1.3927708910392171,1.9164368278452006,1.2551783247755754,1.4962570538074687,2.0317143747857864
s0140,3.0442979323582238,1.9609389475181898,2.2746335442126395,1.953473433344235,2.315727445213889,2.407882057756861,2.1357221661979455,2.1689119508509105,2.0788965987891,1.8477515268037927,1.9018076008629052,1.470393771463796,2.055387976255086,2.0530559898920178,2.1601641778521046,2.2041973584187247,3.253825691791352,3.0009655939243016,1.4408903294504252,3.005658973991502,3.0099675824321928,3.0538118558095726,1.6305939935367326,3.0019797631498126,3.0557214732901943,3.3345229040040536,3.776904526966027,2.077137412363254,3.1428697611364225,3.0788729170580664,1.4611001922029179,3.4696882442238914,3.3476828224091886,3.028007899347641,3.3508944695473133,3.8409042975175245,4.339520556814796,1.4866916929366467,2.385710404925627,1.2901822872254993,1.4888304463998068,3.0949503899968445
s0141,3.052500308399209,1.968916994006812,2.2372250807971312,2.2414112168413665,1.739484052912369,1.6056157008644432,2.0399662538391965,1.8033371024714668,2.034265859314567,1.9791045416487176,2.0742856676086157,1.5275067945077334,2.1719103479007016,2.2381945049008376,2.1170497683940384,2.1382690947784795,1.47222757721452,3.000856667535108,1.4710978846430973,3.0053796847450664,3.008610499615208,3.0503296041869743,1.7689525842370135,3.0010825368859315,3.022340436505357,3.105494351291728,3.300203043576505,1.7135843519661633,3.004223030253565,2.2170508490810343,1.240857127808832,2.03089574052374,1.3788803441286794,1.3150558750097279,3.0247185252554356,3.184970210540888,1.4562371258952638,1.376710371040605,1.887572680995277,1.2490381339273535,1.4869910454232527,1.776337240041643
s0143,3.053507378499906,1.9657812456732153,2.315261707584442,1.8998320648466183,2.9309689892892394,3.1164726436060084,2.2436085289028442,2.5406255865041962,2.1571877758875857,2.0107682405412266,1.904502663545048,1.5466524478595902,2.1068299406962407,1.9626762154767041,2.3421677246367762,2.462641570356556,3.629866522793038,3.0078044943246045,1.5090070582461106,3.009165432658212,3.011236609931382,3.0605241586079277,1.633383318068541,3.002680117807751,3.09659626296176,3.6042018341617204,4.217790396146352,1.8554495368337585,3.2619309793810642,2.5180738010860733,1.3593711432203288,2.801386319837349,3.002861662103361,1.6647544869812063,3.586479000119499,4.485359089307897,4.814659530296915,1.5895353464084723,3.0216022963332794,3.0434150050845967,4.92786308933922,2.179720200085377
s0144,3.066527279484744,2.010507298511252,2.3406038680147887,1.8786441470715132,3.018190132999447,4.127991419953102,2.6664985203730254,3.0395421124747912,3.0275562647972096,2.6494329334914912,1.849651643945096,1.4876203275414557,2.0785327804670084,2.059848805800968,2.267472265726588,2.343674347198987,3.591438793158033,3.0175346527989957,1.4985377836438272,3.064952395004708,3.1143072561299734,3.2945508514442823,1.7288731594445856,3.0084355930938016,3.1479380337280967,3.6218161523831807,4.207620216794301,1.9016742938508107,3.2675504083991194,2.5540200431990323,1.3863243798973495,3.0178105493257945,3.0684456748570965,2.484400444914651,3.522748493981029,4.693242524918322,4.865805701220358,2.2071512092827597,4.159631468691323,4.017176859036235,4.960986456166527,2.2570227876565996
s0144-R,3.066527279484744,2.010507298511252,2.3406038680147887,1.8786441470715132,3.018190132999447,4.127991419953102,2.6664985203730254,3.0395421124747912,3.0275562647972096,2.6494329334914912,1.849651643945096,1.4876203275414557,2.0785327804670084,2.059848805800968,2.267472265726588,2.343674347198987,3.591438793158033,3.0175346527989957,1.4985377836438272,3.064952395004708,3.1143072561299734,3.2945508514442823,1.7288731594445856,3.0084355930938016,3.1479380337280967,3.6218161523831807,4.207620216794301,1.9016742938508107,3.2675504083991194,2.5540200431990323,1.3863243798973495,3.0178105493257945,3.0684456748570965,2.484400444914651,3.522748493981029,4.693242524918322,4.865805701220358,2.2071512092827597,4.159631468691323,4.017176859036235,4.960986456166527,2.2570227876565996
s0145,3.0590597610067642,2.025084039281387,2.2665379071707443,2.3082880316920056,2.1090315771950072,1.7898742660777347,2.3335771329448116,2.126172450421818,2.252949679677686,2.7688951899209506,2.2958750057809394,3.0433280934440865,2.4652992994729566,2.464788977427845,2.4188387350361538,2.5216399966951233,3.1952940898835043,3.0148560886999523,3.010401108237598,3.0162703236990995,3.0178819320423145,3.061039102067506,1.9025471484646457,3.0027028720349302,3.0194682636450856,3.1170357452261146,3.2332397339208128,1.6680458221609915,1.4673700595039514,1.9115096427698366,1.2581274509518814,1.7718525715467397,1.4695956862804351,1.495718543046846,3.1141640738317666,3.667375747365432,4.246085943830028,1.3800590594333826,2.905796403741216,1.3541546563266695,4.759672348596983,1.6810980942762082
s0145-R,3.0590597610067642,2.025084039281387,2.2665379071707443,2.3082880316920056,2.1090315771950072,1.7898742660777347,2.3335771329448116,2.126172450421818,2.252949679677686,2.7688951899209506,2.2958750057809394,3.0433280934440865,2.4652992994729566,2.464788977427845,2.4188387350361538,2.5216399966951233,3.1952940898835043,3.0148560886999523,3.010401108237598,3.0162703236990995,3.0178819320423145,3.061039102067506,1.9025471484646457,3.0027028720349302,3.0194682636450856,3.1170357452261146,3.2332397339208128,1.6680458221609915,1.4673700595039514,1.9115096427698366,1.2581274509518814,1.7718525715467397,1.4695956862804351,1.495718543046846,3.1141640738317666,3.667375747365432,4.246085943830028,1.3800590594333826,2.905796403741216,1.3541546563266695,4.759672348596983,1.6810980942762082
s0146,3.06513220482511,2.034775743313676,2.2627769286274066,2.270587476478533,1.9899540388277632,1.808966756066361,2.501567184913541,2.7870686316462727,3.0125789904352223,3.0001680840242066,2.1301919761268815,1.7292302767827414,2.2817989941401593,2.2935565261805375,2.351218817387679,2.436792593884043,3.204957887362974,3.017162804700724,1.6695561283884444,3.0612744948210677,3.1086204844570884,3.280274559002602,1.9559254363981675,3.005590389460381,3.054796860726504,3.146262403638033,3.2329322412688404,1.6503795586811623,1.4645057087566073,1.784311719853987,1.2530155288193376,1.7306718120507778,1.4108523445618038,1.3514166858537386,1.4583478216562262,3.4342331045442034,4.146554703684051,1.4103528016648263,3.1400560488777454,1.4508955873986382,4.884907933831467,1.6296557656211466
s0146-R,3.06513220482511,2.034775743313676,2.2627769286274066,2.270587476478533,1.9899540388277632,1.808966756066361,2.501567184913541,2.7870686316462727,3.0125789904352223,3.0001680840242066,2.1301919761268815,1.7292302767827414,2.2817989941401593,2.2935565261805375,2.351218817387679,2.436792593884043,3.204957887362974,3.017162804700724,1.6695561283884444,3.0612744948210677,3.1086204844570884,3.280274559002602,1.9559254363981675,3.005590389460381,3.054796860726504,3.146262403638033,3.2329322412688404,1.6503795586811623,1.4645057087566073,1.784311719853987,1.2530155288193376,1.7306718120507778,1.4108523445618038,1.3514166858537386,1.4583478216562262,3.4342331045442034,4.146554703684051,1.4103528016648263,3.1400560488777454,1.4508955873986382,4.884907933831467,1.6296557656211466
s0147,3.050150784252501,1.9722486697858508,2.2887054366323873,1.8704032361909926,2.702798280399798,2.8394257324493144,2.173842816827557,2.352296231663799,2.0924603561723805,1.881461406141538,1.8660965254901996,1.5157792423195575,2.070218876754993,2.0756109058336034,2.1175929642245803,2.142572701744613,3.2775112325733815,3.0026378529759965,1.526448178685527,3.006954039074206,3.0088402407279387,3.055307136615117,1.595945056478667,3.0017622339098042,3.102438847065711,3.547308324207038,4.273713222579226,1.8822261859139542,3.330140563473512,3.0346956646326793,1.3425185540694722,3.1129848520996637,3.0257164498090816,1.8535305837341831,3.5927866122055656,4.4956596471971295,4.804930000959926,1.554082105558695,3.1852615457687548,3.2235051900960547,4.935903450308529,2.507878431087179
s0149,3.050036741959324,1.968306886331965,2.2864151181780112,1.8577927076728846,2.658444621664026,2.8144965525494574,2.163844739749365,2.3342856563339156,2.0869525889402603,1.8865447213343955,1.8599131870165708,1.5218377909061984,2.056856275502341,2.072079781609615,2.097348210335712,2.121963759398848,3.2751152456811576,3.002903645237193,1.5328258444367846,3.0086509482979396,3.0121767042287866,3.054830682205474,1.5895878190834336,3.001647376460682,3.1007024238012715,3.5429095948828127,4.269756973330672,1.8544132813315994,3.326141077839118,3.0300267543856285,1.3451116679088178,3.1083458466906726,3.0256108193023175,1.8569208843128857,3.5960996417993387,4.49589126399417,4.805095661821639,1.5642167699240899,3.190274723575888,3.2320650538240767,4.936759122661598,2.4794008728048675
s0150,1.0622808767675929,1.4799929391442532,2.686325325436075,3.0760248227399907,2.6887296637768454,3.5638087692869345,3.039456191585284,2.5242501351703233,3.7529317107855364,1.2140930487125074,2.7550690985532573,4.221244807715168,4.716480299075261,4.989707975741718,4.978087475706043,4.979141335643476,1.0117222731360789,1.0936800054340254,1.3083929735678188,4.139240030693802,3.2465844212101045,4.613927339821087,2.8615739829029163,1.2543870099086243,1.3541194439695994,3.0233049244976677,3.000216918871319,3.0029598585945307,3.003676550062344,2.982463569981107,3.000130724659902,3.0037088367892952,3.018683249931555,4.297780911542438,4.581704661109734,4.423751994792016,4.896589787017093,1.3558873358116381,2.9995301194682735,1.499837837786355,3.0077925057100017,2.97342191384581
s0151,1.0615164345468293,1.422010006682057,2.6573888923290925,3.007290112565624,2.606355467620667,3.4958127042776295,3.0246323280578418,2.4732557583667507,3.754395221875842,1.1844906099734336,2.3549854727720385,4.126997077877418,4.708160589736144,4.987695904425558,4.976811189006915,4.979079988408783,1.0117201737282833,1.0907178656632455,1.2566433032103255,4.126345307612008,3.244624458387844,4.544288778231931,2.853289348105214,1.2442154364320648,1.3355236914988222,3.0026930802777474,1.4998957941203979,3.002418990228735,3.0024066780101357,2.979539806219821,2.928697299180879,3.0036891214747334,3.0150438978710214,4.269156600660176,4.459292337840537,4.378901298976003,4.895499021582379,1.3556762231430324,2.9995150168014417,1.4997848923303043,3.007630382885912,2.9718570883173103
s0152,1.06208869173801,1.474239718085354,2.681736299145615,3.0118457370184775,2.6085266486248235,3.509736076790116,3.027248840807537,2.519374507982528,3.7548425006579675,1.1880099731092084,2.436153996539467,4.128183276087364,4.708613262427879,4.987835105325113,4.976899768591101,4.979082721856222,1.0117218773741505,1.091332165936123,1.283164002384077,4.129609294898988,3.2447061884737933,4.547760464664612,2.859049242827972,1.2532932070976253,1.3483767043994708,3.004243972033915,1.4999043754101538,3.002522942369209,3.0026526130509175,2.981858706058875,2.9420466083439925,3.0037139085257403,3.015120376425043,4.270390942986628,4.471839870416734,4.38192829432593,4.895584587550622,1.3557511214068068,2.9995195832642985,1.4998052947362293,3.007671584404546,2.9723540391731413
s0153,1.0611527788855741,1.3938166352465773,2.6424444675063827,3.011446186094698,2.599729537373609,3.5032538516613316,3.027058448326631,2.443469271061911,3.753002992180104,1.1876956643565715,2.4591372133640146,4.142429147653041,4.711674571219696,4.988692912206509,4.977428253192333,4.9791111094799465,1.0117192646881887,1.0917239883298118,1.2962343161093854,4.1309254076561395,3.2454305920682134,4.577081782838108,2.8491623740199046,1.2378278353872445,1.3300162243219331,3.004153014417112,1.4999019865175691,3.0024926376799965,3.002657234133887,2.9785086151648708,2.94949635688639,3.0037091077331586,3.0161282153443882,4.284117814065979,4.522672371169948,4.404241971837774,4.89610796726949,1.3557353304672177,2.999515213531609,1.4998246639144708,3.0076868146297544,2.9721580269902086
s0154,3.059005225787155,2.000090013618442,2.3003507180339624,1.8732915943344755,2.8230833447518044,3.1059886911602614,2.296404070341647,2.869555008648895,2.4328402356680985,2.1320668205452282,1.8655904458942283,1.4675025243502466,1.9781623719254158,2.0116667105817796,2.0204432210766,2.0331090431825825,3.2784699500095593,3.0038854907410615,1.4575192062530182,3.0240978929894795,3.0410945865960572,3.1165798277188443,1.6267249136955955,3.0033925652665765,3.1199296079872676,3.5560646775587283,4.263315605781248,2.058716624749799,3.3139211116503264,3.0245417639370737,1.3520090678901409,3.1218104209900144,3.037032002738725,1.9144942543181873,3.610437821499837,4.5284613021421425,4.819164152095661,1.5180971092066633,3.6947928491167876,3.9771786140423577,4.964984400987503,2.6219196125189104
s0155,3.053506042143861,1.9814820771679966,2.2886487766774932,1.8651027901199038,2.6745427424750314,2.8229064871685825,2.1673150729617587,2.3435580523915474,2.094518853102667,1.89524175260574,1.8649356707383271,1.5359734694846239,2.069155816398153,2.081532737542255,2.106819501946053,2.138760871814,3.2775919173205015,3.0036622375058086,1.5450629440797266,3.009205177934357,3.0125302197443244,3.0552684154926175,1.5885418864251726,3.0017802434797254,3.102112224451452,3.544054952597033,4.270304728618986,1.9686579639086927,3.3279271832885984,3.0433099356085087,1.3428556172372628,3.1190571322701723,3.0260353855821784,1.8511777048310256,3.587686205678359,4.492958996889569,4.803746701876987,1.5706730643506477,3.1466893653114236,3.1652612653742933,4.931455725152337,2.5757395908663057
s0156,3.0617978833646076,2.055149733275533,2.3397830060230715,1.9797250274182836,3.024363377410051,4.018298506243879,2.4779082734231834,3.00082360400232,2.3702775862091827,2.7794053748513603,2.10004074736059,3.0433250868012895,2.3289160871196564,2.307440156324601,2.3817470984739346,2.4969532571469433,3.5911516540419117,3.0194379038875363,3.0118566393007216,3.02165047335189,3.0234714574209662,3.065967560732761,1.660524691357569,3.0028173732652284,3.092931202011278,3.5811788524845865,4.216652738020638,1.90480331853179,3.2806670851660567,2.809646081844389,1.3751676755828526,3.0627258255670573,3.0744228919325334,2.956500620680774,3.901876853808988,4.639397626346177,4.863054695679603,1.7492802034599189,3.7417062029167107,3.5906468797796385,4.942966185074103,2.386873576952376
s0156-R,3.0617978833646076,2.055149733275533,2.3397830060230715,1.9797250274182836,3.024363377410051,4.018298506243879,2.4779082734231834,3.00082360400232,2.3702775862091827,2.7794053748513603,2.10004074736059,3.0433250868012895,2.3289160871196564,2.307440156324601,2.3817470984739346,2.4969532571469433,3.5911516540419117,3.0194379038875363,3.0118566393007216,3.02165047335189,3.0234714574209662,3.065967560732761,1.660524691357569,3.0028173732652284,3.092931202011278,3.5811788524845865,4.216652738020638,1.90480331853179,3.2806670851660567,2.809646081844389,1.3751676755828526,3.0627258255670573,3.0744228919325334,2.956500620680774,3.901876853808988,4.639397626346177,4.863054695679603,1.7492802034599189,3.7417062029167107,3.5906468797796385,4.942966185074103,2.386873576952376
s0157,3.0532468716531316,1.9761178245640922,2.2855910976913547,1.842785806170798,2.714397902467974,2.9604640664550024,2.2269742212332155,2.6356865725549605,2.2708593713808884,1.9397540945171192,1.833982005139726,1.4970252364564358,2.0721397604511838,2.10627517433978,2.21404584318868,2.2615140983554114,3.6160584886113405,3.0051061532411145,1.5134941962491073,3.0172906875500303,3.025837961492493,3.097104396529932,1.566060349658975,3.001696860631738,3.1049617858959793,3.687253023475364,4.3358067047958615,1.7059235031990876,3.2741944369066256,2.1934004989953135,1.3314582532553187,2.735488215278769,3.0185340996500445,1.8299159004938055,3.5850804500987064,4.500923269382062,4.809195711111632,1.477311608931641,3.2401616286126944,3.2932965156121177,4.939858166556701,1.964597286171573
