table,tier_short_code,scenario_short_code,location_id,tier_level,source_file
tier_result,CWS_DEL,s0011,,,CWS_DEL.csv
tier_result,CWS_DEL,s0020,,,CWS_DEL.csv
tier_result,CWS_DEL,s0021,,,CWS_DEL.csv
tier_result,CWS_DEL,s0023,,,CWS_DEL.csv
tier_result,CWS_DEL,s0024,,,CWS_DEL.csv
tier_result,CWS_DEL,s0025,,,CWS_DEL.csv
tier_result,CWS_DEL,s0026,,,CWS_DEL.csv
tier_result,CWS_DEL,s0027,,,CWS_DEL.csv
tier_result,CWS_DEL,s0028,,,CWS_DEL.csv
tier_result,CWS_DEL,s0030,,,CWS_DEL.csv
tier_result,CWS_DEL,s0031,,,CWS_DEL.csv
tier_result,CWS_DEL,s0032,,,CWS_DEL.csv
tier_result,CWS_DEL,s0033,,,CWS_DEL.csv
tier_result,CWS_DEL,s0035,,,CWS_DEL.csv
tier_result,CWS_DEL,s0036,,,CWS_DEL.csv
tier_result,CWS_DEL,s0037,,,CWS_DEL.csv
tier_result,CWS_DEL,s0039,,,CWS_DEL.csv
tier_result,CWS_DEL,s0040,,,CWS_DEL.csv
tier_result,CWS_DEL,s0041,,,CWS_DEL.csv
tier_result,CWS_DEL,s0042,,,CWS_DEL.csv
tier_result,CWS_DEL,s0044,,,CWS_DEL.csv
tier_result,CWS_DEL,s0045,,,CWS_DEL.csv
tier_result,CWS_DEL,s0046,,,CWS_DEL.csv
tier_result,CWS_DEL,s0047,,,CWS_DEL.csv
tier_result,CWS_DEL,s0048,,,CWS_DEL.csv
tier_result,CWS_DEL,s0049,,,CWS_DEL.csv
tier_result,CWS_DEL,s0050,,,CWS_DEL.csv
tier_result,CWS_DEL,s0051,,,CWS_DEL.csv
tier_result,CWS_DEL,s0056,,,CWS_DEL.csv
tier_result,CWS_DEL,s0057,,,CWS_DEL.csv
tier_result,CWS_DEL,s0058,,,CWS_DEL.csv
tier_result,CWS_DEL,s0059,,,CWS_DEL.csv
tier_result,CWS_DEL,s0060,,,CWS_DEL.csv
tier_result,CWS_DEL,s0062,,,CWS_DEL.csv
tier_result,CWS_DEL,s0063,,,CWS_DEL.csv
tier_result,CWS_DEL,s0065,,,CWS_DEL.csv
tier_result,CWS_DEL,s0067,,,CWS_DEL.csv
tier_result,CWS_DEL,s0068,,,CWS_DEL.csv
tier_result,CWS_DEL,s0069,,,CWS_DEL.csv
tier_result,CWS_DEL,s0071,,,CWS_DEL.csv
tier_result,CWS_DEL,s0072,,,CWS_DEL.csv
tier_result,CWS_DEL,s0073,,,CWS_DEL.csv
tier_result,CWS_DEL,s0074,,,CWS_DEL.csv
tier_result,CWS_DEL,s0075,,,CWS_DEL.csv
tier_result,CWS_DEL,s0076,,,CWS_DEL.csv
tier_result,CWS_DEL,s0077,,,CWS_DEL.csv
tier_result,CWS_DEL,s0078,,,CWS_DEL.csv
tier_result,CWS_DEL,s0079,,,CWS_DEL.csv
tier_result,CWS_DEL,s0080,,,CWS_DEL.csv
tier_result,CWS_DEL,s0081,,,CWS_DEL.csv
tier_result,CWS_DEL,s0082,,,CWS_DEL.csv
tier_result,CWS_DEL,s0083,,,CWS_DEL.csv
tier_result,CWS_DEL,s0084,,,CWS_DEL.csv
tier_result,CWS_DEL,s0085,,,CWS_DEL.csv
tier_result,CWS_DEL,s0087,,,CWS_DEL.csv
tier_result,CWS_DEL,s0088,,,CWS_DEL.csv
tier_result,CWS_DEL,s0089,,,CWS_DEL.csv
tier_result,CWS_DEL,s0091,,,CWS_DEL.csv
tier_result,CWS_DEL,s0092,,,CWS_DEL.csv
tier_result,CWS_DEL,s0093,,,CWS_DEL.csv
tier_result,CWS_DEL,s0094,,,CWS_DEL.csv
tier_result,CWS_DEL,s0095,,,CWS_DEL.csv
tier_result,CWS_DEL,s0096,,,CWS_DEL.csv
tier_result,CWS_DEL,s0097,,,CWS_DEL.csv
tier_result,CWS_DEL,s0098,,,CWS_DEL.csv
tier_result,CWS_DEL,s0099,,,CWS_DEL.csv
tier_result,CWS_DEL,s0100,,,CWS_DEL.csv
tier_result,CWS_DEL,s0101,,,CWS_DEL.csv
tier_result,CWS_DEL,s0102,,,CWS_DEL.csv
tier_result,CWS_DEL,s0103,,,CWS_DEL.csv
tier_result,CWS_DEL,s0104,,,CWS_DEL.csv
tier_result,CWS_DEL,s0105,,,CWS_DEL.csv
tier_location_result,CWS_DEL,s0011,02_PU,3,CWS_DEL.csv
tier_location_result,CWS_DEL,s0011,02_SU,4,CWS_DEL.csv
tier_location_result,CWS_DEL,s0011,03_PU1,1,CWS_DEL.csv
tier_location_result,CWS_DEL,s0011,03_PU2,4,CWS_DEL.csv
tier_location_result,CWS_DEL,s0011,03_SU,4,CWS_DEL.csv
tier_location_result,CWS_DEL,s0011,11_NU1,1,CWS_DEL.csv
tier_location_result,CWS_DEL,s0011,12_NU1,1,CWS_DEL.csv
tier_location_result,CWS_DEL,s0011,13_NU1,1,CWS_DEL.csv
tier_location_result,CWS_DEL,s0011,16_PU,4,CWS_DEL.csv
tier_location_result,CWS_DEL,s0011,20_NU1,4,CWS_DEL.csv
tier_location_result,CWS_DEL,s0011,21_PU,1,CWS_DEL.csv
tier_location_result,CWS_DEL,s0011,24_NU1,4,CWS_DEL.csv
tier_location_result,CWS_DEL,s0011,24_NU2,2,CWS_DEL.csv
tier_location_result,CWS_DEL,s0011,24_NU3,2,CWS_DEL.csv
tier_location_result,CWS_DEL,s0011,25_PU,4,CWS_DEL.csv
tier_location_result,CWS_DEL,s0011,26N_NU1,4,CWS_DEL.csv
tier_location_result,CWS_DEL,s0011,26N_NU2,4,CWS_DEL.csv
tier_location_result,CWS_DEL,s0011,26N_NU3,4,CWS_DEL.csv
tier_location_result,CWS_DEL,s0011,26N_PU1,1,CWS_DEL.csv
tier_location_result,CWS_DEL,s0011,26N_PU2,1,CWS_DEL.csv
tier_location_result,CWS_DEL,s0011,26N_PU3,1,CWS_DEL.csv
tier_location_result,CWS_DEL,s0011,26S_NU1,1,CWS_DEL.csv
tier_location_result,CWS_DEL,s0011,26S_NU3,4,CWS_DEL.csv
tier_location_result,CWS_DEL,s0011,26S_PU1,1,CWS_DEL.csv
tier_location_result,CWS_DEL,s0011,26S_PU2,4,CWS_DEL.csv
tier_location_result,CWS_DEL,s0011,26S_PU4,3,CWS_DEL.csv
tier_location_result,CWS_DEL,s0011,26S_PU5,1,CWS_DEL.csv
tier_location_result,CWS_DEL,s0011,26S_PU6,4,CWS_DEL.csv
tier_location_result,CWS_DEL,s0011,50_PU,4,CWS_DEL.csv
tier_location_result,CWS_DEL,s0011,60N_NU1,4,CWS_DEL.csv
tier_location_result,CWS_DEL,s0011,60N_NU2,1,CWS_DEL.csv
tier_location_result,CWS_DEL,s0011,60S_NU1,2,CWS_DEL.csv
tier_location_result,CWS_DEL,s0011,61_NU2,4,CWS_DEL.csv
tier_location_result,CWS_DEL,s0011,62_NU,1,CWS_DEL.csv
tier_location_result,CWS_DEL,s0011,71_NU,1,CWS_DEL.csv
tier_location_result,CWS_DEL,s0011,72_NU,1,CWS_DEL.csv
tier_location_result,CWS_DEL,s0011,72_PU,1,CWS_DEL.csv
tier_location_result,CWS_DEL,s0011,90_PU,3,CWS_DEL.csv
tier_location_result,CWS_DEL,s0011,ACFC,1,CWS_DEL.csv
tier_location_result,CWS_DEL,s0011,AMADR,4,CWS_DEL.csv
tier_location_result,CWS_DEL,s0011,AMCYN,1,CWS_DEL.csv
tier_location_result,CWS_DEL,s0011,ANTOC,1,CWS_DEL.csv
tier_location_result,CWS_DEL,s0011,BNCIA,1,CWS_DEL.csv
tier_location_result,CWS_DEL,s0011,CCWD,1,CWS_DEL.csv
tier_location_result,CWS_DEL,s0011,CSB038,4,CWS_DEL.csv
tier_location_result,CWS_DEL,s0011,CSB103,4,CWS_DEL.csv
tier_location_result,CWS_DEL,s0011,CSPSO,4,CWS_DEL.csv
tier_location_result,CWS_DEL,s0011,CSTIC,3,CWS_DEL.csv
tier_location_result,CWS_DEL,s0011,ELDID_NU1,1,CWS_DEL.csv
tier_location_result,CWS_DEL,s0011,ELDID_NU2,1,CWS_DEL.csv
tier_location_result,CWS_DEL,s0011,ELDID_NU3,1,CWS_DEL.csv
tier_location_result,CWS_DEL,s0011,ESB324,4,CWS_DEL.csv
tier_location_result,CWS_DEL,s0011,ESB347,4,CWS_DEL.csv
tier_location_result,CWS_DEL,s0011,ESB414,4,CWS_DEL.csv
tier_location_result,CWS_DEL,s0011,ESB415,4,CWS_DEL.csv
tier_location_result,CWS_DEL,s0011,ESB420,4,CWS_DEL.csv
tier_location_result,CWS_DEL,s0011,FRFLD,1,CWS_DEL.csv
tier_location_result,CWS_DEL,s0011,GDPUD_NU,2,CWS_DEL.csv
tier_location_result,CWS_DEL,s0011,GRSVL,3,CWS_DEL.csv
tier_location_result,CWS_DEL,s0011,JLIND,1,CWS_DEL.csv
tier_location_result,CWS_DEL,s0011,KCWA,4,CWS_DEL.csv
tier_location_result,CWS_DEL,s0011,MWD,1,CWS_DEL.csv
tier_location_result,CWS_DEL,s0011,NAPA,1,CWS_DEL.csv
tier_location_result,CWS_DEL,s0011,NAPA2,3,CWS_DEL.csv
tier_location_result,CWS_DEL,s0011,PCWA3,2,CWS_DEL.csv
tier_location_result,CWS_DEL,s0011,PLMAS,3,CWS_DEL.csv
tier_location_result,CWS_DEL,s0011,SBA029,4,CWS_DEL.csv
tier_location_result,CWS_DEL,s0011,SBA036,4,CWS_DEL.csv
tier_location_result,CWS_DEL,s0011,SCVWD,3,CWS_DEL.csv
tier_location_result,CWS_DEL,s0011,SUISN,4,CWS_DEL.csv
tier_location_result,CWS_DEL,s0011,SVWRD,4,CWS_DEL.csv
tier_location_result,CWS_DEL,s0011,TLMNE,1,CWS_DEL.csv
tier_location_result,CWS_DEL,s0011,TVAFB,1,CWS_DEL.csv
tier_location_result,CWS_DEL,s0011,UNION,1,CWS_DEL.csv
tier_location_result,CWS_DEL,s0011,UPANG,1,CWS_DEL.csv
tier_location_result,CWS_DEL,s0011,VLLJO,2,CWS_DEL.csv
tier_location_result,CWS_DEL,s0011,WLDWD,3,CWS_DEL.csv
tier_location_result,CWS_DEL,s0020,02_PU,3,CWS_DEL.csv
tier_location_result,CWS_DEL,s0020,02_SU,4,CWS_DEL.csv
tier_location_result,CWS_DEL,s0020,03_PU1,2,CWS_DEL.csv
tier_location_result,CWS_DEL,s0020,03_PU2,4,CWS_DEL.csv
tier_location_result,CWS_DEL,s0020,03_SU,4,CWS_DEL.csv
tier_location_result,CWS_DEL,s0020,11_NU1,1,CWS_DEL.csv
tier_location_result,CWS_DEL,s0020,12_NU1,1,CWS_DEL.csv
tier_location_result,CWS_DEL,s0020,13_NU1,1,CWS_DEL.csv
tier_location_result,CWS_DEL,s0020,16_PU,4,CWS_DEL.csv
tier_location_result,CWS_DEL,s0020,20_NU1,4,CWS_DEL.csv
tier_location_result,CWS_DEL,s0020,21_PU,1,CWS_DEL.csv
tier_location_result,CWS_DEL,s0020,24_NU1,4,CWS_DEL.csv
tier_location_result,CWS_DEL,s0020,24_NU2,2,CWS_DEL.csv
tier_location_result,CWS_DEL,s0020,24_NU3,2,CWS_DEL.csv
tier_location_result,CWS_DEL,s0020,25_PU,4,CWS_DEL.csv
tier_location_result,CWS_DEL,s0020,26N_NU1,4,CWS_DEL.csv
tier_location_result,CWS_DEL,s0020,26N_NU2,4,CWS_DEL.csv
tier_location_result,CWS_DEL,s0020,26N_NU3,4,CWS_DEL.csv
tier_location_result,CWS_DEL,s0020,26N_PU1,1,CWS_DEL.csv
tier_location_result,CWS_DEL,s0020,26N_PU2,1,CWS_DEL.csv
tier_location_result,CWS_DEL,s0020,26N_PU3,1,CWS_DEL.csv
tier_location_result,CWS_DEL,s0020,26S_NU1,1,CWS_DEL.csv
tier_location_result,CWS_DEL,s0020,26S_NU3,4,CWS_DEL.csv
tier_location_result,CWS_DEL,s0020,26S_PU1,1,CWS_DEL.csv
tier_location_result,CWS_DEL,s0020,26S_PU2,4,CWS_DEL.csv
tier_location_result,CWS_DEL,s0020,26S_PU4,3,CWS_DEL.csv
tier_location_result,CWS_DEL,s0020,26S_PU5,1,CWS_DEL.csv
tier_location_result,CWS_DEL,s0020,26S_PU6,4,CWS_DEL.csv
tier_location_result,CWS_DEL,s0020,50_PU,4,CWS_DEL.csv
tier_location_result,CWS_DEL,s0020,60N_NU1,4,CWS_DEL.csv
tier_location_result,CWS_DEL,s0020,60N_NU2,1,CWS_DEL.csv
tier_location_result,CWS_DEL,s0020,60S_NU1,2,CWS_DEL.csv
tier_location_result,CWS_DEL,s0020,61_NU2,4,CWS_DEL.csv
tier_location_result,CWS_DEL,s0020,62_NU,1,CWS_DEL.csv
tier_location_result,CWS_DEL,s0020,72_NU,1,CWS_DEL.csv
tier_location_result,CWS_DEL,s0020,72_PU,1,CWS_DEL.csv
tier_location_result,CWS_DEL,s0020,90_PU,3,CWS_DEL.csv
tier_location_result,CWS_DEL,s0020,ACFC,1,CWS_DEL.csv
tier_location_result,CWS_DEL,s0020,AMADR,4,CWS_DEL.csv
tier_location_result,CWS_DEL,s0020,AMCYN,1,CWS_DEL.csv
tier_location_result,CWS_DEL,s0020,ANTOC,1,CWS_DEL.csv
tier_location_result,CWS_DEL,s0020,BNCIA,1,CWS_DEL.csv
tier_location_result,CWS_DEL,s0020,CCWD,1,CWS_DEL.csv
tier_location_result,CWS_DEL,s0020,CSB038,4,CWS_DEL.csv
tier_location_result,CWS_DEL,s0020,CSB103,4,CWS_DEL.csv
tier_location_result,CWS_DEL,s0020,CSPSO,4,CWS_DEL.csv
tier_location_result,CWS_DEL,s0020,CSTIC,3,CWS_DEL.csv
tier_location_result,CWS_DEL,s0020,ELDID_NU1,1,CWS_DEL.csv
tier_location_result,CWS_DEL,s0020,ELDID_NU2,1,CWS_DEL.csv
tier_location_result,CWS_DEL,s0020,ELDID_NU3,1,CWS_DEL.csv
tier_location_result,CWS_DEL,s0020,ESB324,4,CWS_DEL.csv
tier_location_result,CWS_DEL,s0020,ESB347,4,CWS_DEL.csv
tier_location_result,CWS_DEL,s0020,ESB414,4,CWS_DEL.csv
tier_location_result,CWS_DEL,s0020,ESB415,4,CWS_DEL.csv
tier_location_result,CWS_DEL,s0020,ESB420,4,CWS_DEL.csv
tier_location_result,CWS_DEL,s0020,FRFLD,1,CWS_DEL.csv
tier_location_result,CWS_DEL,s0020,GDPUD_NU,2,CWS_DEL.csv
tier_location_result,CWS_DEL,s0020,GRSVL,3,CWS_DEL.csv
tier_location_result,CWS_DEL,s0020,JLIND,1,CWS_DEL.csv
tier_location_result,CWS_DEL,s0020,KCWA,4,CWS_DEL.csv
tier_location_result,CWS_DEL,s0020,MWD,1,CWS_DEL.csv
tier_location_result,CWS_DEL,s0020,NAPA,1,CWS_DEL.csv
tier_location_result,CWS_DEL,s0020,NAPA2,3,CWS_DEL.csv
tier_location_result,CWS_DEL,s0020,PCWA3,1,CWS_DEL.csv
tier_location_result,CWS_DEL,s0020,PLMAS,3,CWS_DEL.csv
tier_location_result,CWS_DEL,s0020,SBA029,4,CWS_DEL.csv
tier_location_result,CWS_DEL,s0020,SBA036,4,CWS_DEL.csv
tier_location_result,CWS_DEL,s0020,SCVWD,3,CWS_DEL.csv
tier_location_result,CWS_DEL,s0020,SUISN,4,CWS_DEL.csv
tier_location_result,CWS_DEL,s0020,SVWRD,4,CWS_DEL.csv
tier_location_result,CWS_DEL,s0020,TLMNE,1,CWS_DEL.csv
tier_location_result,CWS_DEL,s0020,TVAFB,1,CWS_DEL.csv
tier_location_result,CWS_DEL,s0020,UNION,1,CWS_DEL.csv
tier_location_result,CWS_DEL,s0020,UPANG,1,CWS_DEL.csv
tier_location_result,CWS_DEL,s0020,VLLJO,2,CWS_DEL.csv
tier_location_result,CWS_DEL,s0020,WLDWD,3,CWS_DEL.csv
tier_location_result,CWS_DEL,s0021,02_PU,3,CWS_DEL.csv
tier_location_result,CWS_DEL,s0021,02_SU,4,CWS_DEL.csv
tier_location_result,CWS_DEL,s0021,03_PU1,3,CWS_DEL.csv
tier_location_result,CWS_DEL,s0021,03_PU2,4,CWS_DEL.csv
tier_location_result,CWS_DEL,s0021,03_SU,4,CWS_DEL.csv
tier_location_result,CWS_DEL,s0021,11_NU1,2,CWS_DEL.csv
tier_location_result,CWS_DEL,s0021,12_NU1,2,CWS_DEL.csv
tier_location_result,CWS_DEL,s0021,13_NU1,1,CWS_DEL.csv
tier_location_result,CWS_DEL,s0021,16_PU,4,CWS_DEL.csv
tier_location_result,CWS_DEL,s0021,20_NU1,4,CWS_DEL.csv
tier_location_result,CWS_DEL,s0021,21_PU,1,CWS_DEL.csv
tier_location_result,CWS_DEL,s0021,24_NU1,4,CWS_DEL.csv
tier_location_result,CWS_DEL,s0021,24_NU2,2,CWS_DEL.csv
tier_location_result,CWS_DEL,s0021,24_NU3,2,CWS_DEL.csv
tier_location_result,CWS_DEL,s0021,25_PU,4,CWS_DEL.csv
tier_location_result,CWS_DEL,s0021,26N_NU1,4,CWS_DEL.csv
tier_location_result,CWS_DEL,s0021,26N_NU2,4,CWS_DEL.csv
tier_location_result,CWS_DEL,s0021,26N_NU3,4,CWS_DEL.csv
tier_location_result,CWS_DEL,s0021,26N_PU1,2,CWS_DEL.csv
tier_location_result,CWS_DEL,s0021,26N_PU2,1,CWS_DEL.csv
tier_location_result,CWS_DEL,s0021,26N_PU3,1,CWS_DEL.csv
tier_location_result,CWS_DEL,s0021,26S_NU1,1,CWS_DEL.csv
tier_location_result,CWS_DEL,s0021,26S_NU3,4,CWS_DEL.csv
tier_location_result,CWS_DEL,s0021,26S_PU1,2,CWS_DEL.csv
tier_location_result,CWS_DEL,s0021,26S_PU2,4,CWS_DEL.csv
tier_location_result,CWS_DEL,s0021,26S_PU4,3,CWS_DEL.csv
tier_location_result,CWS_DEL,s0021,26S_PU5,1,CWS_DEL.csv
tier_location_result,CWS_DEL,s0021,26S_PU6,4,CWS_DEL.csv
tier_location_result,CWS_DEL,s0021,50_PU,4,CWS_DEL.csv
tier_location_result,CWS_DEL,s0021,60N_NU1,4,CWS_DEL.csv
tier_location_result,CWS_DEL,s0021,60N_NU2,1,CWS_DEL.csv
tier_location_result,CWS_DEL,s0021,60S_NU1,2,CWS_DEL.csv
tier_location_result,CWS_DEL,s0021,61_NU2,4,CWS_DEL.csv
tier_location_result,CWS_DEL,s0021,62_NU,1,CWS_DEL.csv
tier_location_result,CWS_DEL,s0021,72_NU,1,CWS_DEL.csv
tier_location_result,CWS_DEL,s0021,72_PU,1,CWS_DEL.csv
tier_location_result,CWS_DEL,s0021,90_PU,3,CWS_DEL.csv
tier_location_result,CWS_DEL,s0021,ACFC,1,CWS_DEL.csv
tier_location_result,CWS_DEL,s0021,AMADR,4,CWS_DEL.csv
tier_location_result,CWS_DEL,s0021,AMCYN,1,CWS_DEL.csv
tier_location_result,CWS_DEL,s0021,ANTOC,1,CWS_DEL.csv
tier_location_result,CWS_DEL,s0021,BNCIA,1,CWS_DEL.csv
tier_location_result,CWS_DEL,s0021,CCWD,1,CWS_DEL.csv
tier_location_result,CWS_DEL,s0021,CSB038,4,CWS_DEL.csv
tier_location_result,CWS_DEL,s0021,CSB103,4,CWS_DEL.csv
tier_location_result,CWS_DEL,s0021,CSPSO,4,CWS_DEL.csv
tier_location_result,CWS_DEL,s0021,CSTIC,3,CWS_DEL.csv
tier_location_result,CWS_DEL,s0021,ELDID_NU1,1,CWS_DEL.csv
tier_location_result,CWS_DEL,s0021,ELDID_NU2,1,CWS_DEL.csv
tier_location_result,CWS_DEL,s0021,ELDID_NU3,1,CWS_DEL.csv
tier_location_result,CWS_DEL,s0021,ESB324,4,CWS_DEL.csv
tier_location_result,CWS_DEL,s0021,ESB347,4,CWS_DEL.csv
tier_location_result,CWS_DEL,s0021,ESB414,4,CWS_DEL.csv
tier_location_result,CWS_DEL,s0021,ESB415,4,CWS_DEL.csv
tier_location_result,CWS_DEL,s0021,ESB420,4,CWS_DEL.csv
tier_location_result,CWS_DEL,s0021,FRFLD,1,CWS_DEL.csv
tier_location_result,CWS_DEL,s0021,GDPUD_NU,2,CWS_DEL.csv
tier_location_result,CWS_DEL,s0021,GRSVL,3,CWS_DEL.csv
tier_location_result,CWS_DEL,s0021,JLIND,1,CWS_DEL.csv
tier_location_result,CWS_DEL,s0021,KCWA,4,CWS_DEL.csv
tier_location_result,CWS_DEL,s0021,MWD,1,CWS_DEL.csv
tier_location_result,CWS_DEL,s0021,NAPA,1,CWS_DEL.csv
tier_location_result,CWS_DEL,s0021,NAPA2,3,CWS_DEL.csv
tier_location_result,CWS_DEL,s0021,PCWA3,1,CWS_DEL.csv
tier_location_result,CWS_DEL,s0021,PLMAS,3,CWS_DEL.csv
tier_location_result,CWS_DEL,s0021,SBA029,4,CWS_DEL.csv
tier_location_result,CWS_DEL,s0021,SBA036,4,CWS_DEL.csv
tier_location_result,CWS_DEL,s0021,SCVWD,2,CWS_DEL.csv
tier_location_result,CWS_DEL,s0021,SUISN,4,CWS_DEL.csv
tier_location_result,CWS_DEL,s0021,SVWRD,4,CWS_DEL.csv
tier_location_result,CWS_DEL,s0021,TLMNE,1,CWS_DEL.csv
tier_location_result,CWS_DEL,s0021,TVAFB,1,CWS_DEL.csv
tier_location_result,CWS_DEL,s0021,UNION,1,CWS_DEL.csv
tier_location_result,CWS_DEL,s0021,UPANG,1,CWS_DEL.csv
tier_location_result,CWS_DEL,s0021,VLLJO,2,CWS_DEL.csv
tier_location_result,CWS_DEL,s0021,WLDWD,3,CWS_DEL.csv
tier_location_result,CWS_DEL,s0023,02_PU,3,CWS_DEL.csv
tier_location_result,CWS_DEL,s0023,02_SU,4,CWS_DEL.csv
tier_location_result,CWS_DEL,s0023,03_PU1,3,CWS_DEL.csv
tier_location_result,CWS_DEL,s0023,03_PU2,4,CWS_DEL.csv
tier_location_result,CWS_DEL,s0023,03_SU,4,CWS_DEL.csv
tier_location_result,CWS_DEL,s0023,11_NU1,2,CWS_DEL.csv
tier_location_result,CWS_DEL,s0023,12_NU1,2,CWS_DEL.csv
tier_location_result,CWS_DEL,s0023,13_NU1,1,CWS_DEL.csv
tier_location_result,CWS_DEL,s0023,16_PU,4,CWS_DEL.csv
tier_location_result,CWS_DEL,s0023,20_NU1,4,CWS_DEL.csv
tier_location_result,CWS_DEL,s0023,21_PU,2,CWS_DEL.csv
tier_location_result,CWS_DEL,s0023,24_NU1,4,CWS_DEL.csv
tier_location_result,CWS_DEL,s0023,24_NU2,4,CWS_DEL.csv
tier_location_result,CWS_DEL,s0023,24_NU3,2,CWS_DEL.csv
tier_location_result,CWS_DEL,s0023,25_PU,4,CWS_DEL.csv
tier_location_result,CWS_DEL,s0023,26N_NU1,4,CWS_DEL.csv
tier_location_result,CWS_DEL,s0023,26N_NU2,4,CWS_DEL.csv
tier_location_result,CWS_DEL,s0023,26N_NU3,4,CWS_DEL.csv
tier_location_result,CWS_DEL,s0023,26N_PU1,1,CWS_DEL.csv
tier_location_result,CWS_DEL,s0023,26N_PU2,1,CWS_DEL.csv
tier_location_result,CWS_DEL,s0023,26N_PU3,1,CWS_DEL.csv
tier_location_result,CWS_DEL,s0023,26S_NU1,2,CWS_DEL.csv
tier_location_result,CWS_DEL,s0023,26S_NU3,4,CWS_DEL.csv
tier_location_result,CWS_DEL,s0023,26S_PU1,1,CWS_DEL.csv
tier_location_result,CWS_DEL,s0023,26S_PU2,4,CWS_DEL.csv
tier_location_result,CWS_DEL,s0023,26S_PU4,3,CWS_DEL.csv
tier_location_result,CWS_DEL,s0023,26S_PU5,3,CWS_DEL.csv
tier_location_result,CWS_DEL,s0023,26S_PU6,4,CWS_DEL.csv
tier_location_result,CWS_DEL,s0023,50_PU,4,CWS_DEL.csv
tier_location_result,CWS_DEL,s0023,60N_NU1,4,CWS_DEL.csv
tier_location_result,CWS_DEL,s0023,60N_NU2,1,CWS_DEL.csv
tier_location_result,CWS_DEL,s0023,60S_NU1,2,CWS_DEL.csv
tier_location_result,CWS_DEL,s0023,61_NU2,4,CWS_DEL.csv
tier_location_result,CWS_DEL,s0023,62_NU,1,CWS_DEL.csv
tier_location_result,CWS_DEL,s0023,71_NU,1,CWS_DEL.csv
tier_location_result,CWS_DEL,s0023,72_NU,1,CWS_DEL.csv
tier_location_result,CWS_DEL,s0023,72_PU,1,CWS_DEL.csv
tier_location_result,CWS_DEL,s0023,90_PU,3,CWS_DEL.csv
tier_location_result,CWS_DEL,s0023,ACFC,1,CWS_DEL.csv
tier_location_result,CWS_DEL,s0023,AMADR,4,CWS_DEL.csv
tier_location_result,CWS_DEL,s0023,AMCYN,1,CWS_DEL.csv
tier_location_result,CWS_DEL,s0023,ANTOC,1,CWS_DEL.csv
tier_location_result,CWS_DEL,s0023,BNCIA,1,CWS_DEL.csv
tier_location_result,CWS_DEL,s0023,CCWD,1,CWS_DEL.csv
tier_location_result,CWS_DEL,s0023,CSB038,4,CWS_DEL.csv
tier_location_result,CWS_DEL,s0023,CSB103,4,CWS_DEL.csv
tier_location_result,CWS_DEL,s0023,CSPSO,4,CWS_DEL.csv
tier_location_result,CWS_DEL,s0023,CSTIC,3,CWS_DEL.csv
tier_location_result,CWS_DEL,s0023,ELDID_NU1,1,CWS_DEL.csv
tier_location_result,CWS_DEL,s0023,ELDID_NU2,1,CWS_DEL.csv
tier_location_result,CWS_DEL,s0023,ELDID_NU3,1,CWS_DEL.csv
tier_location_result,CWS_DEL,s0023,ESB324,4,CWS_DEL.csv
tier_location_result,CWS_DEL,s0023,ESB347,4,CWS_DEL.csv
tier_location_result,CWS_DEL,s0023,ESB414,4,CWS_DEL.csv
tier_location_result,CWS_DEL,s0023,ESB415,4,CWS_DEL.csv
tier_location_result,CWS_DEL,s0023,ESB420,4,CWS_DEL.csv
tier_location_result,CWS_DEL,s0023,FRFLD,1,CWS_DEL.csv
tier_location_result,CWS_DEL,s0023,GDPUD_NU,2,CWS_DEL.csv
tier_location_result,CWS_DEL,s0023,GRSVL,2,CWS_DEL.csv
tier_location_result,CWS_DEL,s0023,JLIND,1,CWS_DEL.csv
tier_location_result,CWS_DEL,s0023,KCWA,4,CWS_DEL.csv
tier_location_result,CWS_DEL,s0023,MWD,1,CWS_DEL.csv
tier_location_result,CWS_DEL,s0023,NAPA,1,CWS_DEL.csv
tier_location_result,CWS_DEL,s0023,NAPA2,3,CWS_DEL.csv
tier_location_result,CWS_DEL,s0023,PCWA3,2,CWS_DEL.csv
tier_location_result,CWS_DEL,s0023,PLMAS,3,CWS_DEL.csv
tier_location_result,CWS_DEL,s0023,SBA029,4,CWS_DEL.csv
tier_location_result,CWS_DEL,s0023,SBA036,4,CWS_DEL.csv
tier_location_result,CWS_DEL,s0023,SCVWD,3,CWS_DEL.csv
tier_location_result,CWS_DEL,s0023,SUISN,4,CWS_DEL.csv
tier_location_result,CWS_DEL,s0023,SVWRD,4,CWS_DEL.csv
tier_location_result,CWS_DEL,s0023,TLMNE,1,CWS_DEL.csv
tier_location_result,CWS_DEL,s0023,TVAFB,1,CWS_DEL.csv
tier_location_result,CWS_DEL,s0023,UNION,1,CWS_DEL.csv
tier_location_result,CWS_DEL,s0023,UPANG,1,CWS_DEL.csv
tier_location_result,CWS_DEL,s0023,VLLJO,1,CWS_DEL.csv
tier_location_result,CWS_DEL,s0023,WLDWD,3,CWS_DEL.csv
tier_location_result,CWS_DEL,s0024,02_PU,3,CWS_DEL.csv
tier_location_result,CWS_DEL,s0024,02_SU,4,CWS_DEL.csv
tier_location_result,CWS_DEL,s0024,03_PU1,3,CWS_DEL.csv
tier_location_result,CWS_DEL,s0024,03_PU2,4,CWS_DEL.csv
tier_location_result,CWS_DEL,s0024,03_SU,4,CWS_DEL.csv
tier_location_result,CWS_DEL,s0024,11_NU1,1,CWS_DEL.csv
tier_location_result,CWS_DEL,s0024,12_NU1,1,CWS_DEL.csv
tier_location_result,CWS_DEL,s0024,13_NU1,1,CWS_DEL.csv
tier_location_result,CWS_DEL,s0024,16_PU,4,CWS_DEL.csv
tier_location_result,CWS_DEL,s0024,20_NU1,4,CWS_DEL.csv
tier_location_result,CWS_DEL,s0024,21_PU,1,CWS_DEL.csv
tier_location_result,CWS_DEL,s0024,24_NU1,4,CWS_DEL.csv
tier_location_result,CWS_DEL,s0024,24_NU2,4,CWS_DEL.csv
tier_location_result,CWS_DEL,s0024,24_NU3,2,CWS_DEL.csv
tier_location_result,CWS_DEL,s0024,25_PU,4,CWS_DEL.csv
tier_location_result,CWS_DEL,s0024,26N_NU1,4,CWS_DEL.csv
tier_location_result,CWS_DEL,s0024,26N_NU2,4,CWS_DEL.csv
tier_location_result,CWS_DEL,s0024,26N_NU3,4,CWS_DEL.csv
tier_location_result,CWS_DEL,s0024,26N_PU1,1,CWS_DEL.csv
tier_location_result,CWS_DEL,s0024,26N_PU2,1,CWS_DEL.csv
tier_location_result,CWS_DEL,s0024,26N_PU3,1,CWS_DEL.csv
tier_location_result,CWS_DEL,s0024,26S_NU1,1,CWS_DEL.csv
tier_location_result,CWS_DEL,s0024,26S_NU3,4,CWS_DEL.csv
tier_location_result,CWS_DEL,s0024,26S_PU1,1,CWS_DEL.csv
tier_location_result,CWS_DEL,s0024,26S_PU2,4,CWS_DEL.csv
tier_location_result,CWS_DEL,s0024,26S_PU4,3,CWS_DEL.csv
tier_location_result,CWS_DEL,s0024,26S_PU5,3,CWS_DEL.csv
tier_location_result,CWS_DEL,s0024,26S_PU6,4,CWS_DEL.csv
tier_location_result,CWS_DEL,s0024,50_PU,4,CWS_DEL.csv
tier_location_result,CWS_DEL,s0024,60N_NU1,4,CWS_DEL.csv
tier_location_result,CWS_DEL,s0024,60N_NU2,1,CWS_DEL.csv
tier_location_result,CWS_DEL,s0024,60S_NU1,2,CWS_DEL.csv
tier_location_result,CWS_DEL,s0024,61_NU2,4,CWS_DEL.csv
tier_location_result,CWS_DEL,s0024,62_NU,1,CWS_DEL.csv
tier_location_result,CWS_DEL,s0024,71_NU,1,CWS_DEL.csv
tier_location_result,CWS_DEL,s0024,72_NU,1,CWS_DEL.csv
tier_location_result,CWS_DEL,s0024,72_PU,1,CWS_DEL.csv
tier_location_result,CWS_DEL,s0024,90_PU,3,CWS_DEL.csv
tier_location_result,CWS_DEL,s0024,ACFC,1,CWS_DEL.csv
tier_location_result,CWS_DEL,s0024,AMADR,4,CWS_DEL.csv
tier_location_result,CWS_DEL,s0024,AMCYN,1,CWS_DEL.csv
tier_location_result,CWS_DEL,s0024,ANTOC,1,CWS_DEL.csv
tier_location_result,CWS_DEL,s0024,BNCIA,1,CWS_DEL.csv
tier_location_result,CWS_DEL,s0024,CCWD,1,CWS_DEL.csv
tier_location_result,CWS_DEL,s0024,CSB038,4,CWS_DEL.csv
tier_location_result,CWS_DEL,s0024,CSB103,4,CWS_DEL.csv
tier_location_result,CWS_DEL,s0024,CSPSO,4,CWS_DEL.csv
tier_location_result,CWS_DEL,s0024,CSTIC,3,CWS_DEL.csv
tier_location_result,CWS_DEL,s0024,ELDID_NU1,1,CWS_DEL.csv
tier_location_result,CWS_DEL,s0024,ELDID_NU2,1,CWS_DEL.csv
tier_location_result,CWS_DEL,s0024,ELDID_NU3,1,CWS_DEL.csv
tier_location_result,CWS_DEL,s0024,ESB324,4,CWS_DEL.csv
tier_location_result,CWS_DEL,s0024,ESB347,4,CWS_DEL.csv
tier_location_result,CWS_DEL,s0024,ESB414,4,CWS_DEL.csv
tier_location_result,CWS_DEL,s0024,ESB415,4,CWS_DEL.csv
tier_location_result,CWS_DEL,s0024,ESB420,4,CWS_DEL.csv
tier_location_result,CWS_DEL,s0024,FRFLD,1,CWS_DEL.csv
tier_location_result,CWS_DEL,s0024,GDPUD_NU,2,CWS_DEL.csv
tier_location_result,CWS_DEL,s0024,GRSVL,2,CWS_DEL.csv
tier_location_result,CWS_DEL,s0024,JLIND,1,CWS_DEL.csv
tier_location_result,CWS_DEL,s0024,KCWA,4,CWS_DEL.csv
tier_location_result,CWS_DEL,s0024,MWD,1,CWS_DEL.csv
tier_location_result,CWS_DEL,s0024,NAPA,1,CWS_DEL.csv
tier_location_result,CWS_DEL,s0024,NAPA2,3,CWS_DEL.csv
tier_location_result,CWS_DEL,s0024,PCWA3,2,CWS_DEL.csv
tier_location_result,CWS_DEL,s0024,PLMAS,3,CWS_DEL.csv
tier_location_result,CWS_DEL,s0024,SBA029,4,CWS_DEL.csv
tier_location_result,CWS_DEL,s0024,SBA036,4,CWS_DEL.csv
tier_location_result,CWS_DEL,s0024,SCVWD,3,CWS_DEL.csv
tier_location_result,CWS_DEL,s0024,SUISN,4,CWS_DEL.csv
tier_location_result,CWS_DEL,s0024,SVWRD,4,CWS_DEL.csv
tier_location_result,CWS_DEL,s0024,TLMNE,1,CWS_DEL.csv
tier_location_result,CWS_DEL,s0024,TVAFB,1,CWS_DEL.csv
tier_location_result,CWS_DEL,s0024,UNION,1,CWS_DEL.csv
tier_location_result,CWS_DEL,s0024,UPANG,1,CWS_DEL.csv
tier_location_result,CWS_DEL,s0024,VLLJO,1,CWS_DEL.csv
tier_location_result,CWS_DEL,s0024,WLDWD,3,CWS_DEL.csv
tier_location_result,CWS_DEL,s0025,02_PU,3,CWS_DEL.csv
tier_location_result,CWS_DEL,s0025,02_SU,4,CWS_DEL.csv
tier_location_result,CWS_DEL,s0025,03_PU1,1,CWS_DEL.csv
tier_location_result,CWS_DEL,s0025,03_PU2,4,CWS_DEL.csv
tier_location_result,CWS_DEL,s0025,03_SU,4,CWS_DEL.csv
tier_location_result,CWS_DEL,s0025,11_NU1,1,CWS_DEL.csv
tier_location_result,CWS_DEL,s0025,12_NU1,1,CWS_DEL.csv
tier_location_result,CWS_DEL,s0025,13_NU1,1,CWS_DEL.csv
tier_location_result,CWS_DEL,s0025,16_PU,4,CWS_DEL.csv
tier_location_result,CWS_DEL,s0025,20_NU1,4,CWS_DEL.csv
tier_location_result,CWS_DEL,s0025,21_PU,1,CWS_DEL.csv
tier_location_result,CWS_DEL,s0025,24_NU1,4,CWS_DEL.csv
tier_location_result,CWS_DEL,s0025,24_NU2,2,CWS_DEL.csv
tier_location_result,CWS_DEL,s0025,24_NU3,2,CWS_DEL.csv
tier_location_result,CWS_DEL,s0025,25_PU,4,CWS_DEL.csv
tier_location_result,CWS_DEL,s0025,26N_NU1,4,CWS_DEL.csv
tier_location_result,CWS_DEL,s0025,26N_NU2,4,CWS_DEL.csv
tier_location_result,CWS_DEL,s0025,26N_NU3,4,CWS_DEL.csv
tier_location_result,CWS_DEL,s0025,26N_PU1,1,CWS_DEL.csv
tier_location_result,CWS_DEL,s0025,26N_PU2,1,CWS_DEL.csv
tier_location_result,CWS_DEL,s0025,26N_PU3,1,CWS_DEL.csv
tier_location_result,CWS_DEL,s0025,26S_NU1,1,CWS_DEL.csv
tier_location_result,CWS_DEL,s0025,26S_NU3,4,CWS_DEL.csv
tier_location_result,CWS_DEL,s0025,26S_PU1,1,CWS_DEL.csv
tier_location_result,CWS_DEL,s0025,26S_PU2,4,CWS_DEL.csv
tier_location_result,CWS_DEL,s0025,26S_PU4,3,CWS_DEL.csv
tier_location_result,CWS_DEL,s0025,26S_PU5,1,CWS_DEL.csv
tier_location_result,CWS_DEL,s0025,26S_PU6,4,CWS_DEL.csv
tier_location_result,CWS_DEL,s0025,50_PU,4,CWS_DEL.csv
tier_location_result,CWS_DEL,s0025,60N_NU1,4,CWS_DEL.csv
tier_location_result,CWS_DEL,s0025,60N_NU2,1,CWS_DEL.csv
tier_location_result,CWS_DEL,s0025,60S_NU1,2,CWS_DEL.csv
tier_location_result,CWS_DEL,s0025,61_NU2,4,CWS_DEL.csv
tier_location_result,CWS_DEL,s0025,62_NU,1,CWS_DEL.csv
tier_location_result,CWS_DEL,s0025,72_NU,1,CWS_DEL.csv
tier_location_result,CWS_DEL,s0025,72_PU,1,CWS_DEL.csv
tier_location_result,CWS_DEL,s0025,90_PU,3,CWS_DEL.csv
tier_location_result,CWS_DEL,s0025,ACFC,1,CWS_DEL.csv
tier_location_result,CWS_DEL,s0025,AMADR,4,CWS_DEL.csv
tier_location_result,CWS_DEL,s0025,AMCYN,1,CWS_DEL.csv
tier_location_result,CWS_DEL,s0025,ANTOC,1,CWS_DEL.csv
tier_location_result,CWS_DEL,s0025,BNCIA,1,CWS_DEL.csv
tier_location_result,CWS_DEL,s0025,CCWD,1,CWS_DEL.csv
tier_location_result,CWS_DEL,s0025,CSB038,4,CWS_DEL.csv
tier_location_result,CWS_DEL,s0025,CSB103,4,CWS_DEL.csv
tier_location_result,CWS_DEL,s0025,CSPSO,4,CWS_DEL.csv
tier_location_result,CWS_DEL,s0025,CSTIC,3,CWS_DEL.csv
tier_location_result,CWS_DEL,s0025,ELDID_NU1,1,CWS_DEL.csv
tier_location_result,CWS_DEL,s0025,ELDID_NU2,1,CWS_DEL.csv
tier_location_result,CWS_DEL,s0025,ELDID_NU3,1,CWS_DEL.csv
tier_location_result,CWS_DEL,s0025,ESB324,4,CWS_DEL.csv
tier_location_result,CWS_DEL,s0025,ESB347,4,CWS_DEL.csv
tier_location_result,CWS_DEL,s0025,ESB414,4,CWS_DEL.csv
tier_location_result,CWS_DEL,s0025,ESB415,4,CWS_DEL.csv
tier_location_result,CWS_DEL,s0025,ESB420,4,CWS_DEL.csv
tier_location_result,CWS_DEL,s0025,FRFLD,1,CWS_DEL.csv
tier_location_result,CWS_DEL,s0025,GDPUD_NU,2,CWS_DEL.csv
tier_location_result,CWS_DEL,s0025,GRSVL,3,CWS_DEL.csv
tier_location_result,CWS_DEL,s0025,JLIND,1,CWS_DEL.csv
tier_location_result,CWS_DEL,s0025,KCWA,4,CWS_DEL.csv
tier_location_result,CWS_DEL,s0025,MWD,1,CWS_DEL.csv
tier_location_result,CWS_DEL,s0025,NAPA,1,CWS_DEL.csv
tier_location_result,CWS_DEL,s0025,NAPA2,3,CWS_DEL.csv
tier_location_result,CWS_DEL,s0025,PCWA3,1,CWS_DEL.csv
tier_location_result,CWS_DEL,s0025,PLMAS,3,CWS_DEL.csv
tier_location_result,CWS_DEL,s0025,SBA029,4,CWS_DEL.csv
tier_location_result,CWS_DEL,s0025,SBA036,4,CWS_DEL.csv
tier_location_result,CWS_DEL,s0025,SCVWD,3,CWS_DEL.csv
tier_location_result,CWS_DEL,s0025,SUISN,4,CWS_DEL.csv
tier_location_result,CWS_DEL,s0025,SVWRD,4,CWS_DEL.csv
tier_location_result,CWS_DEL,s0025,TLMNE,1,CWS_DEL.csv
tier_location_result,CWS_DEL,s0025,TVAFB,1,CWS_DEL.csv
tier_location_result,CWS_DEL,s0025,UNION,1,CWS_DEL.csv
tier_location_result,CWS_DEL,s0025,UPANG,1,CWS_DEL.csv
tier_location_result,CWS_DEL,s0025,VLLJO,2,CWS_DEL.csv
tier_location_result,CWS_DEL,s0025,WLDWD,3,CWS_DEL.csv
tier_location_result,CWS_DEL,s0026,02_PU,3,CWS_DEL.csv
tier_location_result,CWS_DEL,s0026,02_SU,4,CWS_DEL.csv
tier_location_result,CWS_DEL,s0026,03_PU1,2,CWS_DEL.csv
tier_location_result,CWS_DEL,s0026,03_PU2,4,CWS_DEL.csv
tier_location_result,CWS_DEL,s0026,03_SU,4,CWS_DEL.csv
tier_location_result,CWS_DEL,s0026,11_NU1,1,CWS_DEL.csv
tier_location_result,CWS_DEL,s0026,12_NU1,1,CWS_DEL.csv
tier_location_result,CWS_DEL,s0026,13_NU1,1,CWS_DEL.csv
tier_location_result,CWS_DEL,s0026,16_PU,4,CWS_DEL.csv
tier_location_result,CWS_DEL,s0026,20_NU1,4,CWS_DEL.csv
tier_location_result,CWS_DEL,s0026,21_PU,1,CWS_DEL.csv
tier_location_result,CWS_DEL,s0026,24_NU1,4,CWS_DEL.csv
tier_location_result,CWS_DEL,s0026,24_NU2,2,CWS_DEL.csv
tier_location_result,CWS_DEL,s0026,24_NU3,2,CWS_DEL.csv
tier_location_result,CWS_DEL,s0026,25_PU,4,CWS_DEL.csv
tier_location_result,CWS_DEL,s0026,26N_NU1,4,CWS_DEL.csv
tier_location_result,CWS_DEL,s0026,26N_NU2,4,CWS_DEL.csv
tier_location_result,CWS_DEL,s0026,26N_NU3,4,CWS_DEL.csv
tier_location_result,CWS_DEL,s0026,26N_PU1,1,CWS_DEL.csv
tier_location_result,CWS_DEL,s0026,26N_PU2,1,CWS_DEL.csv
tier_location_result,CWS_DEL,s0026,26N_PU3,1,CWS_DEL.csv
tier_location_result,CWS_DEL,s0026,26S_NU1,1,CWS_DEL.csv
tier_location_result,CWS_DEL,s0026,26S_NU3,4,CWS_DEL.csv
tier_location_result,CWS_DEL,s0026,26S_PU1,1,CWS_DEL.csv
tier_location_result,CWS_DEL,s0026,26S_PU2,4,CWS_DEL.csv
tier_location_result,CWS_DEL,s0026,26S_PU4,3,CWS_DEL.csv
tier_location_result,CWS_DEL,s0026,26S_PU5,1,CWS_DEL.csv
tier_location_result,CWS_DEL,s0026,26S_PU6,4,CWS_DEL.csv
tier_location_result,CWS_DEL,s0026,50_PU,4,CWS_DEL.csv
tier_location_result,CWS_DEL,s0026,60N_NU1,4,CWS_DEL.csv
tier_location_result,CWS_DEL,s0026,60N_NU2,1,CWS_DEL.csv
tier_location_result,CWS_DEL,s0026,60S_NU1,2,CWS_DEL.csv
tier_location_result,CWS_DEL,s0026,61_NU2,4,CWS_DEL.csv
tier_location_result,CWS_DEL,s0026,62_NU,1,CWS_DEL.csv
tier_location_result,CWS_DEL,s0026,72_NU,1,CWS_DEL.csv
tier_location_result,CWS_DEL,s0026,72_PU,1,CWS_DEL.csv
tier_location_result,CWS_DEL,s0026,90_PU,3,CWS_DEL.csv
tier_location_result,CWS_DEL,s0026,ACFC,1,CWS_DEL.csv
tier_location_result,CWS_DEL,s0026,AMADR,4,CWS_DEL.csv
tier_location_result,CWS_DEL,s0026,AMCYN,1,CWS_DEL.csv
tier_location_result,CWS_DEL,s0026,ANTOC,1,CWS_DEL.csv
tier_location_result,CWS_DEL,s0026,BNCIA,1,CWS_DEL.csv
tier_location_result,CWS_DEL,s0026,CCWD,1,CWS_DEL.csv
tier_location_result,CWS_DEL,s0026,CSB038,4,CWS_DEL.csv
tier_location_result,CWS_DEL,s0026,CSB103,4,CWS_DEL.csv
tier_location_result,CWS_DEL,s0026,CSPSO,4,CWS_DEL.csv
tier_location_result,CWS_DEL,s0026,CSTIC,3,CWS_DEL.csv
tier_location_result,CWS_DEL,s0026,ELDID_NU1,1,CWS_DEL.csv
tier_location_result,CWS_DEL,s0026,ELDID_NU2,1,CWS_DEL.csv
tier_location_result,CWS_DEL,s0026,ELDID_NU3,1,CWS_DEL.csv
tier_location_result,CWS_DEL,s0026,ESB324,4,CWS_DEL.csv
tier_location_result,CWS_DEL,s0026,ESB347,4,CWS_DEL.csv
tier_location_result,CWS_DEL,s0026,ESB414,4,CWS_DEL.csv
tier_location_result,CWS_DEL,s0026,ESB415,4,CWS_DEL.csv
tier_location_result,CWS_DEL,s0026,ESB420,4,CWS_DEL.csv
tier_location_result,CWS_DEL,s0026,FRFLD,1,CWS_DEL.csv
tier_location_result,CWS_DEL,s0026,GDPUD_NU,2,CWS_DEL.csv
tier_location_result,CWS_DEL,s0026,GRSVL,3,CWS_DEL.csv
tier_location_result,CWS_DEL,s0026,JLIND,1,CWS_DEL.csv
tier_location_result,CWS_DEL,s0026,KCWA,4,CWS_DEL.csv
tier_location_result,CWS_DEL,s0026,MWD,1,CWS_DEL.csv
tier_location_result,CWS_DEL,s0026,NAPA,1,CWS_DEL.csv
tier_location_result,CWS_DEL,s0026,NAPA2,3,CWS_DEL.csv
tier_location_result,CWS_DEL,s0026,PCWA3,1,CWS_DEL.csv
tier_location_result,CWS_DEL,s0026,PLMAS,3,CWS_DEL.csv
tier_location_result,CWS_DEL,s0026,SBA029,4,CWS_DEL.csv
tier_location_result,CWS_DEL,s0026,SBA036,4,CWS_DEL.csv
tier_location_result,CWS_DEL,s0026,SCVWD,3,CWS_DEL.csv
tier_location_result,CWS_DEL,s0026,SUISN,4,CWS_DEL.csv
tier_location_result,CWS_DEL,s0026,SVWRD,4,CWS_DEL.csv
tier_location_result,CWS_DEL,s0026,TLMNE,1,CWS_DEL.csv
tier_location_result,CWS_DEL,s0026,TVAFB,1,CWS_DEL.csv
tier_location_result,CWS_DEL,s0026,UNION,1,CWS_DEL.csv
tier_location_result,CWS_DEL,s0026,UPANG,1,CWS_DEL.csv
tier_location_result,CWS_DEL,s0026,VLLJO,2,CWS_DEL.csv
tier_location_result,CWS_DEL,s0026,WLDWD,3,CWS_DEL.csv
tier_location_result,CWS_DEL,s0027,02_PU,3,CWS_DEL.csv
tier_location_result,CWS_DEL,s0027,02_SU,4,CWS_DEL.csv
tier_location_result,CWS_DEL,s0027,03_PU1,1,CWS_DEL.csv
tier_location_result,CWS_DEL,s0027,03_PU2,4,CWS_DEL.csv
tier_location_result,CWS_DEL,s0027,03_SU,4,CWS_DEL.csv
tier_location_result,CWS_DEL,s0027,11_NU1,1,CWS_DEL.csv
tier_location_result,CWS_DEL,s0027,12_NU1,1,CWS_DEL.csv
tier_location_result,CWS_DEL,s0027,13_NU1,1,CWS_DEL.csv
tier_location_result,CWS_DEL,s0027,16_PU,4,CWS_DEL.csv
tier_location_result,CWS_DEL,s0027,20_NU1,4,CWS_DEL.csv
tier_location_result,CWS_DEL,s0027,21_PU,1,CWS_DEL.csv
tier_location_result,CWS_DEL,s0027,24_NU1,4,CWS_DEL.csv
tier_location_result,CWS_DEL,s0027,24_NU2,2,CWS_DEL.csv
tier_location_result,CWS_DEL,s0027,24_NU3,4,CWS_DEL.csv
tier_location_result,CWS_DEL,s0027,25_PU,4,CWS_DEL.csv
tier_location_result,CWS_DEL,s0027,26N_NU1,4,CWS_DEL.csv
tier_location_result,CWS_DEL,s0027,26N_NU2,4,CWS_DEL.csv
tier_location_result,CWS_DEL,s0027,26N_NU3,4,CWS_DEL.csv
tier_location_result,CWS_DEL,s0027,26N_PU1,1,CWS_DEL.csv
tier_location_result,CWS_DEL,s0027,26N_PU2,1,CWS_DEL.csv
tier_location_result,CWS_DEL,s0027,26N_PU3,1,CWS_DEL.csv
tier_location_result,CWS_DEL,s0027,26S_NU1,1,CWS_DEL.csv
tier_location_result,CWS_DEL,s0027,26S_NU3,4,CWS_DEL.csv
tier_location_result,CWS_DEL,s0027,26S_PU1,1,CWS_DEL.csv
tier_location_result,CWS_DEL,s0027,26S_PU2,4,CWS_DEL.csv
tier_location_result,CWS_DEL,s0027,26S_PU4,3,CWS_DEL.csv
tier_location_result,CWS_DEL,s0027,26S_PU5,1,CWS_DEL.csv
tier_location_result,CWS_DEL,s0027,26S_PU6,4,CWS_DEL.csv
tier_location_result,CWS_DEL,s0027,50_PU,4,CWS_DEL.csv
tier_location_result,CWS_DEL,s0027,60N_NU1,4,CWS_DEL.csv
tier_location_result,CWS_DEL,s0027,60N_NU2,1,CWS_DEL.csv
tier_location_result,CWS_DEL,s0027,60S_NU1,2,CWS_DEL.csv
tier_location_result,CWS_DEL,s0027,61_NU2,4,CWS_DEL.csv
tier_location_result,CWS_DEL,s0027,62_NU,1,CWS_DEL.csv
tier_location_result,CWS_DEL,s0027,72_NU,1,CWS_DEL.csv
tier_location_result,CWS_DEL,s0027,72_PU,1,CWS_DEL.csv
tier_location_result,CWS_DEL,s0027,90_PU,3,CWS_DEL.csv
tier_location_result,CWS_DEL,s0027,ACFC,1,CWS_DEL.csv
tier_location_result,CWS_DEL,s0027,AMADR,4,CWS_DEL.csv
tier_location_result,CWS_DEL,s0027,AMCYN,1,CWS_DEL.csv
tier_location_result,CWS_DEL,s0027,ANTOC,1,CWS_DEL.csv
tier_location_result,CWS_DEL,s0027,BNCIA,1,CWS_DEL.csv
tier_location_result,CWS_DEL,s0027,CCWD,1,CWS_DEL.csv
tier_location_result,CWS_DEL,s0027,CSB038,4,CWS_DEL.csv
tier_location_result,CWS_DEL,s0027,CSB103,4,CWS_DEL.csv
tier_location_result,CWS_DEL,s0027,CSPSO,4,CWS_DEL.csv
tier_location_result,CWS_DEL,s0027,CSTIC,3,CWS_DEL.csv
tier_location_result,CWS_DEL,s0027,ELDID_NU1,1,CWS_DEL.csv
tier_location_result,CWS_DEL,s0027,ELDID_NU2,1,CWS_DEL.csv
tier_location_result,CWS_DEL,s0027,ELDID_NU3,1,CWS_DEL.csv
tier_location_result,CWS_DEL,s0027,ESB324,4,CWS_DEL.csv
tier_location_result,CWS_DEL,s0027,ESB347,4,CWS_DEL.csv
tier_location_result,CWS_DEL,s0027,ESB414,4,CWS_DEL.csv
tier_location_result,CWS_DEL,s0027,ESB415,4,CWS_DEL.csv
tier_location_result,CWS_DEL,s0027,ESB420,4,CWS_DEL.csv
tier_location_result,CWS_DEL,s0027,FRFLD,1,CWS_DEL.csv
tier_location_result,CWS_DEL,s0027,GDPUD_NU,2,CWS_DEL.csv
tier_location_result,CWS_DEL,s0027,GRSVL,3,CWS_DEL.csv
tier_location_result,CWS_DEL,s0027,JLIND,1,CWS_DEL.csv
tier_location_result,CWS_DEL,s0027,KCWA,4,CWS_DEL.csv
tier_location_result,CWS_DEL,s0027,MWD,1,CWS_DEL.csv
tier_location_result,CWS_DEL,s0027,NAPA,1,CWS_DEL.csv
tier_location_result,CWS_DEL,s0027,NAPA2,3,CWS_DEL.csv
tier_location_result,CWS_DEL,s0027,PCWA3,2,CWS_DEL.csv
tier_location_result,CWS_DEL,s0027,PLMAS,3,CWS_DEL.csv
tier_location_result,CWS_DEL,s0027,SBA029,4,CWS_DEL.csv
tier_location_result,CWS_DEL,s0027,SBA036,4,CWS_DEL.csv
tier_location_result,CWS_DEL,s0027,SCVWD,3,CWS_DEL.csv
tier_location_result,CWS_DEL,s0027,SUISN,4,CWS_DEL.csv
tier_location_result,CWS_DEL,s0027,SVWRD,4,CWS_DEL.csv
tier_location_result,CWS_DEL,s0027,TLMNE,1,CWS_DEL.csv
tier_location_result,CWS_DEL,s0027,TVAFB,1,CWS_DEL.csv
tier_location_result,CWS_DEL,s0027,UNION,1,CWS_DEL.csv
tier_location_result,CWS_DEL,s0027,UPANG,1,CWS_DEL.csv
tier_location_result,CWS_DEL,s0027,VLLJO,2,CWS_DEL.csv
tier_location_result,CWS_DEL,s0027,WLDWD,3,CWS_DEL.csv
tier_location_result,CWS_DEL,s0028,02_PU,3,CWS_DEL.csv
tier_location_result,CWS_DEL,s0028,02_SU,4,CWS_DEL.csv
tier_location_result,CWS_DEL,s0028,03_PU1,1,CWS_DEL.csv
tier_location_result,CWS_DEL,s0028,03_PU2,4,CWS_DEL.csv
tier_location_result,CWS_DEL,s0028,03_SU,4,CWS_DEL.csv
tier_location_result,CWS_DEL,s0028,11_NU1,1,CWS_DEL.csv
tier_location_result,CWS_DEL,s0028,12_NU1,1,CWS_DEL.csv
tier_location_result,CWS_DEL,s0028,13_NU1,1,CWS_DEL.csv
tier_location_result,CWS_DEL,s0028,16_PU,4,CWS_DEL.csv
tier_location_result,CWS_DEL,s0028,20_NU1,4,CWS_DEL.csv
tier_location_result,CWS_DEL,s0028,21_PU,1,CWS_DEL.csv
tier_location_result,CWS_DEL,s0028,24_NU1,4,CWS_DEL.csv
tier_location_result,CWS_DEL,s0028,24_NU2,2,CWS_DEL.csv
tier_location_result,CWS_DEL,s0028,24_NU3,2,CWS_DEL.csv
tier_location_result,CWS_DEL,s0028,25_PU,4,CWS_DEL.csv
tier_location_result,CWS_DEL,s0028,26N_NU1,4,CWS_DEL.csv
tier_location_result,CWS_DEL,s0028,26N_NU2,4,CWS_DEL.csv
tier_location_result,CWS_DEL,s0028,26N_NU3,4,CWS_DEL.csv
tier_location_result,CWS_DEL,s0028,26N_PU1,1,CWS_DEL.csv
tier_location_result,CWS_DEL,s0028,26N_PU2,1,CWS_DEL.csv
tier_location_result,CWS_DEL,s0028,26N_PU3,1,CWS_DEL.csv
tier_location_result,CWS_DEL,s0028,26S_NU1,1,CWS_DEL.csv
tier_location_result,CWS_DEL,s0028,26S_NU3,4,CWS_DEL.csv
tier_location_result,CWS_DEL,s0028,26S_PU1,1,CWS_DEL.csv
tier_location_result,CWS_DEL,s0028,26S_PU2,4,CWS_DEL.csv
tier_location_result,CWS_DEL,s0028,26S_PU4,3,CWS_DEL.csv
tier_location_result,CWS_DEL,s0028,26S_PU5,1,CWS_DEL.csv
tier_location_result,CWS_DEL,s0028,26S_PU6,4,CWS_DEL.csv
tier_location_result,CWS_DEL,s0028,50_PU,4,CWS_DEL.csv
tier_location_result,CWS_DEL,s0028,60N_NU1,4,CWS_DEL.csv
tier_location_result,CWS_DEL,s0028,60N_NU2,1,CWS_DEL.csv
tier_location_result,CWS_DEL,s0028,60S_NU1,2,CWS_DEL.csv
tier_location_result,CWS_DEL,s0028,61_NU2,4,CWS_DEL.csv
tier_location_result,CWS_DEL,s0028,62_NU,1,CWS_DEL.csv
tier_location_result,CWS_DEL,s0028,72_NU,1,CWS_DEL.csv
tier_location_result,CWS_DEL,s0028,72_PU,1,CWS_DEL.csv
tier_location_result,CWS_DEL,s0028,90_PU,3,CWS_DEL.csv
tier_location_result,CWS_DEL,s0028,ACFC,1,CWS_DEL.csv
tier_location_result,CWS_DEL,s0028,AMADR,4,CWS_DEL.csv
tier_location_result,CWS_DEL,s0028,AMCYN,1,CWS_DEL.csv
tier_location_result,CWS_DEL,s0028,ANTOC,1,CWS_DEL.csv
tier_location_result,CWS_DEL,s0028,BNCIA,1,CWS_DEL.csv
tier_location_result,CWS_DEL,s0028,CCWD,1,CWS_DEL.csv
tier_location_result,CWS_DEL,s0028,CSB038,4,CWS_DEL.csv
tier_location_result,CWS_DEL,s0028,CSB103,4,CWS_DEL.csv
tier_location_result,CWS_DEL,s0028,CSPSO,4,CWS_DEL.csv
tier_location_result,CWS_DEL,s0028,CSTIC,3,CWS_DEL.csv
tier_location_result,CWS_DEL,s0028,ELDID_NU1,1,CWS_DEL.csv
tier_location_result,CWS_DEL,s0028,ELDID_NU2,1,CWS_DEL.csv
tier_location_result,CWS_DEL,s0028,ELDID_NU3,1,CWS_DEL.csv
tier_location_result,CWS_DEL,s0028,ESB324,4,CWS_DEL.csv
tier_location_result,CWS_DEL,s0028,ESB347,4,CWS_DEL.csv
tier_location_result,CWS_DEL,s0028,ESB414,4,CWS_DEL.csv
tier_location_result,CWS_DEL,s0028,ESB415,4,CWS_DEL.csv
tier_location_result,CWS_DEL,s0028,ESB420,4,CWS_DEL.csv
tier_location_result,CWS_DEL,s0028,FRFLD,1,CWS_DEL.csv
tier_location_result,CWS_DEL,s0028,GDPUD_NU,2,CWS_DEL.csv
tier_location_result,CWS_DEL,s0028,GRSVL,1,CWS_DEL.csv
tier_location_result,CWS_DEL,s0028,JLIND,1,CWS_DEL.csv
tier_location_result,CWS_DEL,s0028,KCWA,4,CWS_DEL.csv
tier_location_result,CWS_DEL,s0028,MWD,1,CWS_DEL.csv
tier_location_result,CWS_DEL,s0028,NAPA,1,CWS_DEL.csv
tier_location_result,CWS_DEL,s0028,NAPA2,2,CWS_DEL.csv
tier_location_result,CWS_DEL,s0028,PCWA3,1,CWS_DEL.csv
tier_location_result,CWS_DEL,s0028,PLMAS,3,CWS_DEL.csv
tier_location_result,CWS_DEL,s0028,SBA029,4,CWS_DEL.csv
tier_location_result,CWS_DEL,s0028,SBA036,4,CWS_DEL.csv
tier_location_result,CWS_DEL,s0028,SCVWD,3,CWS_DEL.csv
tier_location_result,CWS_DEL,s0028,SUISN,4,CWS_DEL.csv
tier_location_result,CWS_DEL,s0028,SVWRD,4,CWS_DEL.csv
tier_location_result,CWS_DEL,s0028,TLMNE,1,CWS_DEL.csv
tier_location_result,CWS_DEL,s0028,TVAFB,1,CWS_DEL.csv
tier_location_result,CWS_DEL,s0028,UNION,1,CWS_DEL.csv
tier_location_result,CWS_DEL,s0028,UPANG,1,CWS_DEL.csv
tier_location_result,CWS_DEL,s0028,VLLJO,2,CWS_DEL.csv
tier_location_result,CWS_DEL,s0028,WLDWD,3,CWS_DEL.csv
tier_location_result,CWS_DEL,s0030,02_PU,1,CWS_DEL.csv
tier_location_result,CWS_DEL,s0030,02_SU,4,CWS_DEL.csv
tier_location_result,CWS_DEL,s0030,03_PU1,1,CWS_DEL.csv
tier_location_result,CWS_DEL,s0030,03_PU2,4,CWS_DEL.csv
tier_location_result,CWS_DEL,s0030,03_SU,4,CWS_DEL.csv
tier_location_result,CWS_DEL,s0030,11_NU1,1,CWS_DEL.csv
tier_location_result,CWS_DEL,s0030,12_NU1,1,CWS_DEL.csv
tier_location_result,CWS_DEL,s0030,13_NU1,1,CWS_DEL.csv
tier_location_result,CWS_DEL,s0030,16_PU,4,CWS_DEL.csv
tier_location_result,CWS_DEL,s0030,20_NU1,4,CWS_DEL.csv
tier_location_result,CWS_DEL,s0030,21_PU,1,CWS_DEL.csv
tier_location_result,CWS_DEL,s0030,24_NU1,4,CWS_DEL.csv
tier_location_result,CWS_DEL,s0030,24_NU2,2,CWS_DEL.csv
tier_location_result,CWS_DEL,s0030,24_NU3,2,CWS_DEL.csv
tier_location_result,CWS_DEL,s0030,25_PU,4,CWS_DEL.csv
tier_location_result,CWS_DEL,s0030,26N_NU1,4,CWS_DEL.csv
tier_location_result,CWS_DEL,s0030,26N_NU2,4,CWS_DEL.csv
tier_location_result,CWS_DEL,s0030,26N_NU3,4,CWS_DEL.csv
tier_location_result,CWS_DEL,s0030,26N_PU1,1,CWS_DEL.csv
tier_location_result,CWS_DEL,s0030,26N_PU2,1,CWS_DEL.csv
tier_location_result,CWS_DEL,s0030,26N_PU3,1,CWS_DEL.csv
tier_location_result,CWS_DEL,s0030,26S_NU1,1,CWS_DEL.csv
tier_location_result,CWS_DEL,s0030,26S_NU3,4,CWS_DEL.csv
tier_location_result,CWS_DEL,s0030,26S_PU1,1,CWS_DEL.csv
tier_location_result,CWS_DEL,s0030,26S_PU2,4,CWS_DEL.csv
tier_location_result,CWS_DEL,s0030,26S_PU4,3,CWS_DEL.csv
tier_location_result,CWS_DEL,s0030,26S_PU5,1,CWS_DEL.csv
tier_location_result,CWS_DEL,s0030,26S_PU6,4,CWS_DEL.csv
tier_location_result,CWS_DEL,s0030,50_PU,4,CWS_DEL.csv
tier_location_result,CWS_DEL,s0030,60N_NU1,4,CWS_DEL.csv
tier_location_result,CWS_DEL,s0030,60N_NU2,1,CWS_DEL.csv
tier_location_result,CWS_DEL,s0030,60S_NU1,2,CWS_DEL.csv
tier_location_result,CWS_DEL,s0030,61_NU2,4,CWS_DEL.csv
tier_location_result,CWS_DEL,s0030,62_NU,1,CWS_DEL.csv
tier_location_result,CWS_DEL,s0030,71_NU,1,CWS_DEL.csv
tier_location_result,CWS_DEL,s0030,72_NU,1,CWS_DEL.csv
tier_location_result,CWS_DEL,s0030,72_PU,1,CWS_DEL.csv
tier_location_result,CWS_DEL,s0030,90_PU,2,CWS_DEL.csv
tier_location_result,CWS_DEL,s0030,ACFC,1,CWS_DEL.csv
tier_location_result,CWS_DEL,s0030,AMADR,4,CWS_DEL.csv
tier_location_result,CWS_DEL,s0030,AMCYN,1,CWS_DEL.csv
tier_location_result,CWS_DEL,s0030,ANTOC,1,CWS_DEL.csv
tier_location_result,CWS_DEL,s0030,BNCIA,1,CWS_DEL.csv
tier_location_result,CWS_DEL,s0030,CCWD,1,CWS_DEL.csv
tier_location_result,CWS_DEL,s0030,CSB038,4,CWS_DEL.csv
tier_location_result,CWS_DEL,s0030,CSB103,4,CWS_DEL.csv
tier_location_result,CWS_DEL,s0030,CSPSO,4,CWS_DEL.csv
tier_location_result,CWS_DEL,s0030,CSTIC,3,CWS_DEL.csv
tier_location_result,CWS_DEL,s0030,ELDID_NU1,1,CWS_DEL.csv
tier_location_result,CWS_DEL,s0030,ELDID_NU2,1,CWS_DEL.csv
tier_location_result,CWS_DEL,s0030,ELDID_NU3,1,CWS_DEL.csv
tier_location_result,CWS_DEL,s0030,ESB324,4,CWS_DEL.csv
tier_location_result,CWS_DEL,s0030,ESB347,4,CWS_DEL.csv
tier_location_result,CWS_DEL,s0030,ESB414,4,CWS_DEL.csv
tier_location_result,CWS_DEL,s0030,ESB415,4,CWS_DEL.csv
tier_location_result,CWS_DEL,s0030,ESB420,4,CWS_DEL.csv
tier_location_result,CWS_DEL,s0030,FRFLD,1,CWS_DEL.csv
tier_location_result,CWS_DEL,s0030,GDPUD_NU,1,CWS_DEL.csv
tier_location_result,CWS_DEL,s0030,GRSVL,1,CWS_DEL.csv
tier_location_result,CWS_DEL,s0030,JLIND,1,CWS_DEL.csv
tier_location_result,CWS_DEL,s0030,KCWA,4,CWS_DEL.csv
tier_location_result,CWS_DEL,s0030,MWD,1,CWS_DEL.csv
tier_location_result,CWS_DEL,s0030,NAPA,1,CWS_DEL.csv
tier_location_result,CWS_DEL,s0030,NAPA2,3,CWS_DEL.csv
tier_location_result,CWS_DEL,s0030,PCWA3,1,CWS_DEL.csv
tier_location_result,CWS_DEL,s0030,PLMAS,1,CWS_DEL.csv
tier_location_result,CWS_DEL,s0030,SBA029,4,CWS_DEL.csv
tier_location_result,CWS_DEL,s0030,SBA036,4,CWS_DEL.csv
tier_location_result,CWS_DEL,s0030,SCVWD,2,CWS_DEL.csv
tier_location_result,CWS_DEL,s0030,SUISN,4,CWS_DEL.csv
tier_location_result,CWS_DEL,s0030,SVWRD,4,CWS_DEL.csv
tier_location_result,CWS_DEL,s0030,TLMNE,1,CWS_DEL.csv
tier_location_result,CWS_DEL,s0030,TVAFB,1,CWS_DEL.csv
tier_location_result,CWS_DEL,s0030,UNION,1,CWS_DEL.csv
tier_location_result,CWS_DEL,s0030,UPANG,1,CWS_DEL.csv
tier_location_result,CWS_DEL,s0030,VLLJO,2,CWS_DEL.csv
tier_location_result,CWS_DEL,s0030,WLDWD,3,CWS_DEL.csv
tier_location_result,CWS_DEL,s0031,02_PU,1,CWS_DEL.csv
tier_location_result,CWS_DEL,s0031,02_SU,4,CWS_DEL.csv
tier_location_result,CWS_DEL,s0031,03_PU1,1,CWS_DEL.csv
tier_location_result,CWS_DEL,s0031,03_PU2,4,CWS_DEL.csv
tier_location_result,CWS_DEL,s0031,03_SU,4,CWS_DEL.csv
tier_location_result,CWS_DEL,s0031,11_NU1,1,CWS_DEL.csv
tier_location_result,CWS_DEL,s0031,12_NU1,1,CWS_DEL.csv
tier_location_result,CWS_DEL,s0031,13_NU1,1,CWS_DEL.csv
tier_location_result,CWS_DEL,s0031,16_PU,4,CWS_DEL.csv
tier_location_result,CWS_DEL,s0031,20_NU1,4,CWS_DEL.csv
tier_location_result,CWS_DEL,s0031,21_PU,1,CWS_DEL.csv
tier_location_result,CWS_DEL,s0031,24_NU1,4,CWS_DEL.csv
tier_location_result,CWS_DEL,s0031,24_NU2,2,CWS_DEL.csv
tier_location_result,CWS_DEL,s0031,24_NU3,2,CWS_DEL.csv
tier_location_result,CWS_DEL,s0031,25_PU,4,CWS_DEL.csv
tier_location_result,CWS_DEL,s0031,26N_NU1,4,CWS_DEL.csv
tier_location_result,CWS_DEL,s0031,26N_NU2,4,CWS_DEL.csv
tier_location_result,CWS_DEL,s0031,26N_NU3,4,CWS_DEL.csv
tier_location_result,CWS_DEL,s0031,26N_PU1,1,CWS_DEL.csv
tier_location_result,CWS_DEL,s0031,26N_PU2,1,CWS_DEL.csv
tier_location_result,CWS_DEL,s0031,26N_PU3,1,CWS_DEL.csv
tier_location_result,CWS_DEL,s0031,26S_NU1,1,CWS_DEL.csv
tier_location_result,CWS_DEL,s0031,26S_NU3,4,CWS_DEL.csv
tier_location_result,CWS_DEL,s0031,26S_PU1,1,CWS_DEL.csv
tier_location_result,CWS_DEL,s0031,26S_PU2,4,CWS_DEL.csv
tier_location_result,CWS_DEL,s0031,26S_PU4,4,CWS_DEL.csv
tier_location_result,CWS_DEL,s0031,26S_PU5,1,CWS_DEL.csv
tier_location_result,CWS_DEL,s0031,26S_PU6,4,CWS_DEL.csv
tier_location_result,CWS_DEL,s0031,50_PU,4,CWS_DEL.csv
tier_location_result,CWS_DEL,s0031,60N_NU1,4,CWS_DEL.csv
tier_location_result,CWS_DEL,s0031,60N_NU2,1,CWS_DEL.csv
tier_location_result,CWS_DEL,s0031,60S_NU1,2,CWS_DEL.csv
tier_location_result,CWS_DEL,s0031,61_NU2,4,CWS_DEL.csv
tier_location_result,CWS_DEL,s0031,62_NU,1,CWS_DEL.csv
tier_location_result,CWS_DEL,s0031,71_NU,1,CWS_DEL.csv
tier_location_result,CWS_DEL,s0031,72_NU,1,CWS_DEL.csv
tier_location_result,CWS_DEL,s0031,72_PU,1,CWS_DEL.csv
tier_location_result,CWS_DEL,s0031,90_PU,4,CWS_DEL.csv
tier_location_result,CWS_DEL,s0031,ACFC,1,CWS_DEL.csv
tier_location_result,CWS_DEL,s0031,AMADR,4,CWS_DEL.csv
tier_location_result,CWS_DEL,s0031,AMCYN,1,CWS_DEL.csv
tier_location_result,CWS_DEL,s0031,ANTOC,1,CWS_DEL.csv
tier_location_result,CWS_DEL,s0031,BNCIA,1,CWS_DEL.csv
tier_location_result,CWS_DEL,s0031,CCWD,1,CWS_DEL.csv
tier_location_result,CWS_DEL,s0031,CSB038,4,CWS_DEL.csv
tier_location_result,CWS_DEL,s0031,CSB103,4,CWS_DEL.csv
tier_location_result,CWS_DEL,s0031,CSPSO,4,CWS_DEL.csv
tier_location_result,CWS_DEL,s0031,CSTIC,3,CWS_DEL.csv
tier_location_result,CWS_DEL,s0031,ELDID_NU1,1,CWS_DEL.csv
tier_location_result,CWS_DEL,s0031,ELDID_NU2,1,CWS_DEL.csv
tier_location_result,CWS_DEL,s0031,ELDID_NU3,1,CWS_DEL.csv
tier_location_result,CWS_DEL,s0031,ESB324,4,CWS_DEL.csv
tier_location_result,CWS_DEL,s0031,ESB347,4,CWS_DEL.csv
tier_location_result,CWS_DEL,s0031,ESB414,4,CWS_DEL.csv
tier_location_result,CWS_DEL,s0031,ESB415,4,CWS_DEL.csv
tier_location_result,CWS_DEL,s0031,ESB420,4,CWS_DEL.csv
tier_location_result,CWS_DEL,s0031,FRFLD,1,CWS_DEL.csv
tier_location_result,CWS_DEL,s0031,GDPUD_NU,2,CWS_DEL.csv
tier_location_result,CWS_DEL,s0031,GRSVL,3,CWS_DEL.csv
tier_location_result,CWS_DEL,s0031,JLIND,1,CWS_DEL.csv
tier_location_result,CWS_DEL,s0031,KCWA,4,CWS_DEL.csv
tier_location_result,CWS_DEL,s0031,MWD,1,CWS_DEL.csv
tier_location_result,CWS_DEL,s0031,NAPA,1,CWS_DEL.csv
tier_location_result,CWS_DEL,s0031,NAPA2,3,CWS_DEL.csv
tier_location_result,CWS_DEL,s0031,PCWA3,1,CWS_DEL.csv
tier_location_result,CWS_DEL,s0031,PLMAS,3,CWS_DEL.csv
tier_location_result,CWS_DEL,s0031,SBA029,4,CWS_DEL.csv
tier_location_result,CWS_DEL,s0031,SBA036,4,CWS_DEL.csv
tier_location_result,CWS_DEL,s0031,SCVWD,4,CWS_DEL.csv
tier_location_result,CWS_DEL,s0031,SUISN,4,CWS_DEL.csv
tier_location_result,CWS_DEL,s0031,SVWRD,4,CWS_DEL.csv
tier_location_result,CWS_DEL,s0031,TLMNE,1,CWS_DEL.csv
tier_location_result,CWS_DEL,s0031,TVAFB,1,CWS_DEL.csv
tier_location_result,CWS_DEL,s0031,UNION,1,CWS_DEL.csv
tier_location_result,CWS_DEL,s0031,UPANG,1,CWS_DEL.csv
tier_location_result,CWS_DEL,s0031,VLLJO,2,CWS_DEL.csv
tier_location_result,CWS_DEL,s0031,WLDWD,3,CWS_DEL.csv
tier_location_result,CWS_DEL,s0032,02_PU,3,CWS_DEL.csv
tier_location_result,CWS_DEL,s0032,02_SU,4,CWS_DEL.csv
tier_location_result,CWS_DEL,s0032,03_PU1,3,CWS_DEL.csv
tier_location_result,CWS_DEL,s0032,03_PU2,4,CWS_DEL.csv
tier_location_result,CWS_DEL,s0032,03_SU,4,CWS_DEL.csv
tier_location_result,CWS_DEL,s0032,11_NU1,2,CWS_DEL.csv
tier_location_result,CWS_DEL,s0032,12_NU1,2,CWS_DEL.csv
tier_location_result,CWS_DEL,s0032,13_NU1,1,CWS_DEL.csv
tier_location_result,CWS_DEL,s0032,16_PU,4,CWS_DEL.csv
tier_location_result,CWS_DEL,s0032,20_NU1,4,CWS_DEL.csv
tier_location_result,CWS_DEL,s0032,21_PU,1,CWS_DEL.csv
tier_location_result,CWS_DEL,s0032,24_NU1,4,CWS_DEL.csv
tier_location_result,CWS_DEL,s0032,24_NU2,2,CWS_DEL.csv
tier_location_result,CWS_DEL,s0032,24_NU3,2,CWS_DEL.csv
tier_location_result,CWS_DEL,s0032,25_PU,4,CWS_DEL.csv
tier_location_result,CWS_DEL,s0032,26N_NU1,4,CWS_DEL.csv
tier_location_result,CWS_DEL,s0032,26N_NU2,4,CWS_DEL.csv
tier_location_result,CWS_DEL,s0032,26N_NU3,4,CWS_DEL.csv
tier_location_result,CWS_DEL,s0032,26N_PU1,1,CWS_DEL.csv
tier_location_result,CWS_DEL,s0032,26N_PU2,1,CWS_DEL.csv
tier_location_result,CWS_DEL,s0032,26N_PU3,1,CWS_DEL.csv
tier_location_result,CWS_DEL,s0032,26S_NU1,1,CWS_DEL.csv
tier_location_result,CWS_DEL,s0032,26S_NU3,4,CWS_DEL.csv
tier_location_result,CWS_DEL,s0032,26S_PU1,1,CWS_DEL.csv
tier_location_result,CWS_DEL,s0032,26S_PU2,4,CWS_DEL.csv
tier_location_result,CWS_DEL,s0032,26S_PU4,4,CWS_DEL.csv
tier_location_result,CWS_DEL,s0032,26S_PU5,1,CWS_DEL.csv
tier_location_result,CWS_DEL,s0032,26S_PU6,4,CWS_DEL.csv
tier_location_result,CWS_DEL,s0032,50_PU,4,CWS_DEL.csv
tier_location_result,CWS_DEL,s0032,60N_NU1,4,CWS_DEL.csv
tier_location_result,CWS_DEL,s0032,60N_NU2,1,CWS_DEL.csv
tier_location_result,CWS_DEL,s0032,60S_NU1,2,CWS_DEL.csv
tier_location_result,CWS_DEL,s0032,61_NU2,4,CWS_DEL.csv
tier_location_result,CWS_DEL,s0032,62_NU,1,CWS_DEL.csv
tier_location_result,CWS_DEL,s0032,71_NU,1,CWS_DEL.csv
tier_location_result,CWS_DEL,s0032,72_NU,1,CWS_DEL.csv
tier_location_result,CWS_DEL,s0032,72_PU,1,CWS_DEL.csv
tier_location_result,CWS_DEL,s0032,90_PU,4,CWS_DEL.csv
tier_location_result,CWS_DEL,s0032,ACFC,1,CWS_DEL.csv
tier_location_result,CWS_DEL,s0032,AMADR,4,CWS_DEL.csv
tier_location_result,CWS_DEL,s0032,AMCYN,1,CWS_DEL.csv
tier_location_result,CWS_DEL,s0032,ANTOC,1,CWS_DEL.csv
tier_location_result,CWS_DEL,s0032,BNCIA,1,CWS_DEL.csv
tier_location_result,CWS_DEL,s0032,CCWD,1,CWS_DEL.csv
tier_location_result,CWS_DEL,s0032,CSB038,4,CWS_DEL.csv
tier_location_result,CWS_DEL,s0032,CSB103,4,CWS_DEL.csv
tier_location_result,CWS_DEL,s0032,CSPSO,4,CWS_DEL.csv
tier_location_result,CWS_DEL,s0032,CSTIC,3,CWS_DEL.csv
tier_location_result,CWS_DEL,s0032,ELDID_NU1,1,CWS_DEL.csv
tier_location_result,CWS_DEL,s0032,ELDID_NU2,1,CWS_DEL.csv
tier_location_result,CWS_DEL,s0032,ELDID_NU3,1,CWS_DEL.csv
tier_location_result,CWS_DEL,s0032,ESB324,4,CWS_DEL.csv
tier_location_result,CWS_DEL,s0032,ESB347,4,CWS_DEL.csv
tier_location_result,CWS_DEL,s0032,ESB414,4,CWS_DEL.csv
tier_location_result,CWS_DEL,s0032,ESB415,4,CWS_DEL.csv
tier_location_result,CWS_DEL,s0032,ESB420,4,CWS_DEL.csv
tier_location_result,CWS_DEL,s0032,FRFLD,1,CWS_DEL.csv
tier_location_result,CWS_DEL,s0032,GDPUD_NU,2,CWS_DEL.csv
tier_location_result,CWS_DEL,s0032,GRSVL,1,CWS_DEL.csv
tier_location_result,CWS_DEL,s0032,JLIND,1,CWS_DEL.csv
tier_location_result,CWS_DEL,s0032,KCWA,4,CWS_DEL.csv
tier_location_result,CWS_DEL,s0032,MWD,1,CWS_DEL.csv
tier_location_result,CWS_DEL,s0032,NAPA,1,CWS_DEL.csv
tier_location_result,CWS_DEL,s0032,NAPA2,3,CWS_DEL.csv
tier_location_result,CWS_DEL,s0032,PCWA3,2,CWS_DEL.csv
tier_location_result,CWS_DEL,s0032,PLMAS,3,CWS_DEL.csv
tier_location_result,CWS_DEL,s0032,SBA029,4,CWS_DEL.csv
tier_location_result,CWS_DEL,s0032,SBA036,4,CWS_DEL.csv
tier_location_result,CWS_DEL,s0032,SCVWD,4,CWS_DEL.csv
tier_location_result,CWS_DEL,s0032,SUISN,4,CWS_DEL.csv
tier_location_result,CWS_DEL,s0032,SVWRD,4,CWS_DEL.csv
tier_location_result,CWS_DEL,s0032,TLMNE,1,CWS_DEL.csv
tier_location_result,CWS_DEL,s0032,TVAFB,1,CWS_DEL.csv
tier_location_result,CWS_DEL,s0032,UNION,1,CWS_DEL.csv
tier_location_result,CWS_DEL,s0032,UPANG,1,CWS_DEL.csv
tier_location_result,CWS_DEL,s0032,VLLJO,2,CWS_DEL.csv
tier_location_result,CWS_DEL,s0032,WLDWD,3,CWS_DEL.csv
tier_location_result,CWS_DEL,s0033,02_PU,1,CWS_DEL.csv
tier_location_result,CWS_DEL,s0033,02_SU,4,CWS_DEL.csv
tier_location_result,CWS_DEL,s0033,03_PU1,1,CWS_DEL.csv
tier_location_result,CWS_DEL,s0033,03_PU2,4,CWS_DEL.csv
tier_location_result,CWS_DEL,s0033,03_SU,4,CWS_DEL.csv
tier_location_result,CWS_DEL,s0033,11_NU1,1,CWS_DEL.csv
tier_location_result,CWS_DEL,s0033,12_NU1,1,CWS_DEL.csv
tier_location_result,CWS_DEL,s0033,13_NU1,1,CWS_DEL.csv
tier_location_result,CWS_DEL,s0033,16_PU,4,CWS_DEL.csv
tier_location_result,CWS_DEL,s0033,20_NU1,4,CWS_DEL.csv
tier_location_result,CWS_DEL,s0033,21_PU,1,CWS_DEL.csv
tier_location_result,CWS_DEL,s0033,24_NU1,4,CWS_DEL.csv
tier_location_result,CWS_DEL,s0033,24_NU2,2,CWS_DEL.csv
tier_location_result,CWS_DEL,s0033,24_NU3,2,CWS_DEL.csv
tier_location_result,CWS_DEL,s0033,25_PU,4,CWS_DEL.csv
tier_location_result,CWS_DEL,s0033,26N_NU1,4,CWS_DEL.csv
tier_location_result,CWS_DEL,s0033,26N_NU2,4,CWS_DEL.csv
tier_location_result,CWS_DEL,s0033,26N_NU3,4,CWS_DEL.csv
tier_location_result,CWS_DEL,s0033,26N_PU1,1,CWS_DEL.csv
tier_location_result,CWS_DEL,s0033,26N_PU2,1,CWS_DEL.csv
tier_location_result,CWS_DEL,s0033,26N_PU3,1,CWS_DEL.csv
tier_location_result,CWS_DEL,s0033,26S_NU1,1,CWS_DEL.csv
tier_location_result,CWS_DEL,s0033,26S_NU3,4,CWS_DEL.csv
tier_location_result,CWS_DEL,s0033,26S_PU1,1,CWS_DEL.csv
tier_location_result,CWS_DEL,s0033,26S_PU2,4,CWS_DEL.csv
tier_location_result,CWS_DEL,s0033,26S_PU4,4,CWS_DEL.csv
tier_location_result,CWS_DEL,s0033,26S_PU5,1,CWS_DEL.csv
tier_location_result,CWS_DEL,s0033,26S_PU6,4,CWS_DEL.csv
tier_location_result,CWS_DEL,s0033,50_PU,4,CWS_DEL.csv
tier_location_result,CWS_DEL,s0033,60N_NU1,4,CWS_DEL.csv
tier_location_result,CWS_DEL,s0033,60N_NU2,1,CWS_DEL.csv
tier_location_result,CWS_DEL,s0033,60S_NU1,2,CWS_DEL.csv
tier_location_result,CWS_DEL,s0033,61_NU2,4,CWS_DEL.csv
tier_location_result,CWS_DEL,s0033,62_NU,1,CWS_DEL.csv
tier_location_result,CWS_DEL,s0033,71_NU,1,CWS_DEL.csv
tier_location_result,CWS_DEL,s0033,72_NU,1,CWS_DEL.csv
tier_location_result,CWS_DEL,s0033,72_PU,1,CWS_DEL.csv
tier_location_result,CWS_DEL,s0033,90_PU,3,CWS_DEL.csv
tier_location_result,CWS_DEL,s0033,ACFC,1,CWS_DEL.csv
tier_location_result,CWS_DEL,s0033,AMADR,4,CWS_DEL.csv
tier_location_result,CWS_DEL,s0033,AMCYN,1,CWS_DEL.csv
tier_location_result,CWS_DEL,s0033,ANTOC,1,CWS_DEL.csv
tier_location_result,CWS_DEL,s0033,BNCIA,1,CWS_DEL.csv
tier_location_result,CWS_DEL,s0033,CCWD,1,CWS_DEL.csv
tier_location_result,CWS_DEL,s0033,CSB038,4,CWS_DEL.csv
tier_location_result,CWS_DEL,s0033,CSB103,4,CWS_DEL.csv
tier_location_result,CWS_DEL,s0033,CSPSO,4,CWS_DEL.csv
tier_location_result,CWS_DEL,s0033,CSTIC,3,CWS_DEL.csv
tier_location_result,CWS_DEL,s0033,ELDID_NU1,1,CWS_DEL.csv
tier_location_result,CWS_DEL,s0033,ELDID_NU2,1,CWS_DEL.csv
tier_location_result,CWS_DEL,s0033,ELDID_NU3,1,CWS_DEL.csv
tier_location_result,CWS_DEL,s0033,ESB324,4,CWS_DEL.csv
tier_location_result,CWS_DEL,s0033,ESB347,4,CWS_DEL.csv
tier_location_result,CWS_DEL,s0033,ESB414,4,CWS_DEL.csv
tier_location_result,CWS_DEL,s0033,ESB415,4,CWS_DEL.csv
tier_location_result,CWS_DEL,s0033,ESB420,4,CWS_DEL.csv
tier_location_result,CWS_DEL,s0033,FRFLD,1,CWS_DEL.csv
tier_location_result,CWS_DEL,s0033,GDPUD_NU,2,CWS_DEL.csv
tier_location_result,CWS_DEL,s0033,GRSVL,1,CWS_DEL.csv
tier_location_result,CWS_DEL,s0033,JLIND,1,CWS_DEL.csv
tier_location_result,CWS_DEL,s0033,KCWA,4,CWS_DEL.csv
tier_location_result,CWS_DEL,s0033,MWD,1,CWS_DEL.csv
tier_location_result,CWS_DEL,s0033,NAPA,1,CWS_DEL.csv
tier_location_result,CWS_DEL,s0033,NAPA2,3,CWS_DEL.csv
tier_location_result,CWS_DEL,s0033,PCWA3,2,CWS_DEL.csv
tier_location_result,CWS_DEL,s0033,PLMAS,3,CWS_DEL.csv
tier_location_result,CWS_DEL,s0033,SBA029,4,CWS_DEL.csv
tier_location_result,CWS_DEL,s0033,SBA036,4,CWS_DEL.csv
tier_location_result,CWS_DEL,s0033,SCVWD,3,CWS_DEL.csv
tier_location_result,CWS_DEL,s0033,SUISN,4,CWS_DEL.csv
tier_location_result,CWS_DEL,s0033,SVWRD,4,CWS_DEL.csv
tier_location_result,CWS_DEL,s0033,TLMNE,1,CWS_DEL.csv
tier_location_result,CWS_DEL,s0033,TVAFB,1,CWS_DEL.csv
tier_location_result,CWS_DEL,s0033,UNION,1,CWS_DEL.csv
tier_location_result,CWS_DEL,s0033,UPANG,1,CWS_DEL.csv
tier_location_result,CWS_DEL,s0033,VLLJO,2,CWS_DEL.csv
tier_location_result,CWS_DEL,s0033,WLDWD,3,CWS_DEL.csv
tier_location_result,CWS_DEL,s0035,02_PU,2,CWS_DEL.csv
tier_location_result,CWS_DEL,s0035,02_SU,4,CWS_DEL.csv
tier_location_result,CWS_DEL,s0035,03_PU1,2,CWS_DEL.csv
tier_location_result,CWS_DEL,s0035,03_PU2,4,CWS_DEL.csv
tier_location_result,CWS_DEL,s0035,03_SU,4,CWS_DEL.csv
tier_location_result,CWS_DEL,s0035,11_NU1,1,CWS_DEL.csv
tier_location_result,CWS_DEL,s0035,12_NU1,1,CWS_DEL.csv
tier_location_result,CWS_DEL,s0035,13_NU1,1,CWS_DEL.csv
tier_location_result,CWS_DEL,s0035,16_PU,4,CWS_DEL.csv
tier_location_result,CWS_DEL,s0035,20_NU1,4,CWS_DEL.csv
tier_location_result,CWS_DEL,s0035,21_PU,1,CWS_DEL.csv
tier_location_result,CWS_DEL,s0035,24_NU1,4,CWS_DEL.csv
tier_location_result,CWS_DEL,s0035,24_NU2,2,CWS_DEL.csv
tier_location_result,CWS_DEL,s0035,24_NU3,2,CWS_DEL.csv
tier_location_result,CWS_DEL,s0035,25_PU,4,CWS_DEL.csv
tier_location_result,CWS_DEL,s0035,26N_NU1,4,CWS_DEL.csv
tier_location_result,CWS_DEL,s0035,26N_NU2,4,CWS_DEL.csv
tier_location_result,CWS_DEL,s0035,26N_NU3,4,CWS_DEL.csv
tier_location_result,CWS_DEL,s0035,26N_PU1,1,CWS_DEL.csv
tier_location_result,CWS_DEL,s0035,26N_PU2,1,CWS_DEL.csv
tier_location_result,CWS_DEL,s0035,26N_PU3,1,CWS_DEL.csv
tier_location_result,CWS_DEL,s0035,26S_NU1,1,CWS_DEL.csv
tier_location_result,CWS_DEL,s0035,26S_NU3,4,CWS_DEL.csv
tier_location_result,CWS_DEL,s0035,26S_PU1,1,CWS_DEL.csv
tier_location_result,CWS_DEL,s0035,26S_PU2,4,CWS_DEL.csv
tier_location_result,CWS_DEL,s0035,26S_PU4,1,CWS_DEL.csv
tier_location_result,CWS_DEL,s0035,26S_PU5,1,CWS_DEL.csv
tier_location_result,CWS_DEL,s0035,26S_PU6,4,CWS_DEL.csv
tier_location_result,CWS_DEL,s0035,50_PU,4,CWS_DEL.csv
tier_location_result,CWS_DEL,s0035,60N_NU1,4,CWS_DEL.csv
tier_location_result,CWS_DEL,s0035,60N_NU2,1,CWS_DEL.csv
tier_location_result,CWS_DEL,s0035,60S_NU1,2,CWS_DEL.csv
tier_location_result,CWS_DEL,s0035,61_NU2,4,CWS_DEL.csv
tier_location_result,CWS_DEL,s0035,62_NU,1,CWS_DEL.csv
tier_location_result,CWS_DEL,s0035,72_NU,1,CWS_DEL.csv
tier_location_result,CWS_DEL,s0035,72_PU,1,CWS_DEL.csv
tier_location_result,CWS_DEL,s0035,90_PU,3,CWS_DEL.csv
tier_location_result,CWS_DEL,s0035,ACFC,1,CWS_DEL.csv
tier_location_result,CWS_DEL,s0035,AMADR,4,CWS_DEL.csv
tier_location_result,CWS_DEL,s0035,AMCYN,1,CWS_DEL.csv
tier_location_result,CWS_DEL,s0035,ANTOC,1,CWS_DEL.csv
tier_location_result,CWS_DEL,s0035,BNCIA,1,CWS_DEL.csv
tier_location_result,CWS_DEL,s0035,CCWD,1,CWS_DEL.csv
tier_location_result,CWS_DEL,s0035,CSB038,4,CWS_DEL.csv
tier_location_result,CWS_DEL,s0035,CSB103,4,CWS_DEL.csv
tier_location_result,CWS_DEL,s0035,CSPSO,4,CWS_DEL.csv
tier_location_result,CWS_DEL,s0035,CSTIC,3,CWS_DEL.csv
tier_location_result,CWS_DEL,s0035,ELDID_NA1,4,CWS_DEL.csv
tier_location_result,CWS_DEL,s0035,ELDID_NU1,1,CWS_DEL.csv
tier_location_result,CWS_DEL,s0035,ELDID_NU2,1,CWS_DEL.csv
tier_location_result,CWS_DEL,s0035,ELDID_NU3,1,CWS_DEL.csv
tier_location_result,CWS_DEL,s0035,ESB324,4,CWS_DEL.csv
tier_location_result,CWS_DEL,s0035,ESB347,4,CWS_DEL.csv
tier_location_result,CWS_DEL,s0035,ESB414,4,CWS_DEL.csv
tier_location_result,CWS_DEL,s0035,ESB415,4,CWS_DEL.csv
tier_location_result,CWS_DEL,s0035,ESB420,4,CWS_DEL.csv
tier_location_result,CWS_DEL,s0035,FRFLD,1,CWS_DEL.csv
tier_location_result,CWS_DEL,s0035,GDPUD_NU,2,CWS_DEL.csv
tier_location_result,CWS_DEL,s0035,GRSVL,3,CWS_DEL.csv
tier_location_result,CWS_DEL,s0035,JLIND,1,CWS_DEL.csv
tier_location_result,CWS_DEL,s0035,KCWA,4,CWS_DEL.csv
tier_location_result,CWS_DEL,s0035,MWD,1,CWS_DEL.csv
tier_location_result,CWS_DEL,s0035,NAPA,1,CWS_DEL.csv
tier_location_result,CWS_DEL,s0035,NAPA2,3,CWS_DEL.csv
tier_location_result,CWS_DEL,s0035,PCWA3,1,CWS_DEL.csv
tier_location_result,CWS_DEL,s0035,PLMAS,3,CWS_DEL.csv
tier_location_result,CWS_DEL,s0035,SBA029,4,CWS_DEL.csv
tier_location_result,CWS_DEL,s0035,SBA036,4,CWS_DEL.csv
tier_location_result,CWS_DEL,s0035,SCVWD,1,CWS_DEL.csv
tier_location_result,CWS_DEL,s0035,SUISN,4,CWS_DEL.csv
tier_location_result,CWS_DEL,s0035,SVWRD,4,CWS_DEL.csv
tier_location_result,CWS_DEL,s0035,TLMNE,1,CWS_DEL.csv
tier_location_result,CWS_DEL,s0035,TVAFB,1,CWS_DEL.csv
tier_location_result,CWS_DEL,s0035,UNION,1,CWS_DEL.csv
tier_location_result,CWS_DEL,s0035,UPANG,1,CWS_DEL.csv
tier_location_result,CWS_DEL,s0035,VLLJO,2,CWS_DEL.csv
tier_location_result,CWS_DEL,s0035,WLDWD,3,CWS_DEL.csv
tier_location_result,CWS_DEL,s0036,02_PU,2,CWS_DEL.csv
tier_location_result,CWS_DEL,s0036,02_SU,4,CWS_DEL.csv
tier_location_result,CWS_DEL,s0036,03_PU1,2,CWS_DEL.csv
tier_location_result,CWS_DEL,s0036,03_PU2,4,CWS_DEL.csv
tier_location_result,CWS_DEL,s0036,03_SU,4,CWS_DEL.csv
tier_location_result,CWS_DEL,s0036,11_NU1,1,CWS_DEL.csv
tier_location_result,CWS_DEL,s0036,12_NU1,1,CWS_DEL.csv
tier_location_result,CWS_DEL,s0036,13_NU1,1,CWS_DEL.csv
tier_location_result,CWS_DEL,s0036,16_PU,4,CWS_DEL.csv
tier_location_result,CWS_DEL,s0036,20_NU1,4,CWS_DEL.csv
tier_location_result,CWS_DEL,s0036,21_PU,1,CWS_DEL.csv
tier_location_result,CWS_DEL,s0036,24_NU1,4,CWS_DEL.csv
tier_location_result,CWS_DEL,s0036,24_NU2,2,CWS_DEL.csv
tier_location_result,CWS_DEL,s0036,24_NU3,2,CWS_DEL.csv
tier_location_result,CWS_DEL,s0036,25_PU,4,CWS_DEL.csv
tier_location_result,CWS_DEL,s0036,26N_NU1,4,CWS_DEL.csv
tier_location_result,CWS_DEL,s0036,26N_NU2,4,CWS_DEL.csv
tier_location_result,CWS_DEL,s0036,26N_NU3,4,CWS_DEL.csv
tier_location_result,CWS_DEL,s0036,26N_PU1,1,CWS_DEL.csv
tier_location_result,CWS_DEL,s0036,26N_PU2,1,CWS_DEL.csv
tier_location_result,CWS_DEL,s0036,26N_PU3,1,CWS_DEL.csv
tier_location_result,CWS_DEL,s0036,26S_NU1,1,CWS_DEL.csv
tier_location_result,CWS_DEL,s0036,26S_NU3,4,CWS_DEL.csv
tier_location_result,CWS_DEL,s0036,26S_PU1,1,CWS_DEL.csv
tier_location_result,CWS_DEL,s0036,26S_PU2,4,CWS_DEL.csv
tier_location_result,CWS_DEL,s0036,26S_PU4,1,CWS_DEL.csv
tier_location_result,CWS_DEL,s0036,26S_PU5,1,CWS_DEL.csv
tier_location_result,CWS_DEL,s0036,26S_PU6,4,CWS_DEL.csv
tier_location_result,CWS_DEL,s0036,50_PU,4,CWS_DEL.csv
tier_location_result,CWS_DEL,s0036,60N_NU1,4,CWS_DEL.csv
tier_location_result,CWS_DEL,s0036,60N_NU2,1,CWS_DEL.csv
tier_location_result,CWS_DEL,s0036,60S_NU1,2,CWS_DEL.csv
tier_location_result,CWS_DEL,s0036,61_NU2,4,CWS_DEL.csv
tier_location_result,CWS_DEL,s0036,62_NU,1,CWS_DEL.csv
tier_location_result,CWS_DEL,s0036,72_NU,1,CWS_DEL.csv
tier_location_result,CWS_DEL,s0036,72_PU,1,CWS_DEL.csv
tier_location_result,CWS_DEL,s0036,90_PU,2,CWS_DEL.csv
tier_location_result,CWS_DEL,s0036,ACFC,1,CWS_DEL.csv
tier_location_result,CWS_DEL,s0036,AMADR,4,CWS_DEL.csv
tier_location_result,CWS_DEL,s0036,AMCYN,1,CWS_DEL.csv
tier_location_result,CWS_DEL,s0036,ANTOC,1,CWS_DEL.csv
tier_location_result,CWS_DEL,s0036,BNCIA,1,CWS_DEL.csv
tier_location_result,CWS_DEL,s0036,CCWD,1,CWS_DEL.csv
tier_location_result,CWS_DEL,s0036,CSB038,4,CWS_DEL.csv
tier_location_result,CWS_DEL,s0036,CSB103,4,CWS_DEL.csv
tier_location_result,CWS_DEL,s0036,CSPSO,4,CWS_DEL.csv
tier_location_result,CWS_DEL,s0036,CSTIC,3,CWS_DEL.csv
tier_location_result,CWS_DEL,s0036,ELDID_NU1,1,CWS_DEL.csv
tier_location_result,CWS_DEL,s0036,ELDID_NU2,1,CWS_DEL.csv
tier_location_result,CWS_DEL,s0036,ELDID_NU3,1,CWS_DEL.csv
tier_location_result,CWS_DEL,s0036,ESB324,4,CWS_DEL.csv
tier_location_result,CWS_DEL,s0036,ESB347,4,CWS_DEL.csv
tier_location_result,CWS_DEL,s0036,ESB414,4,CWS_DEL.csv
tier_location_result,CWS_DEL,s0036,ESB415,4,CWS_DEL.csv
tier_location_result,CWS_DEL,s0036,ESB420,4,CWS_DEL.csv
tier_location_result,CWS_DEL,s0036,FRFLD,1,CWS_DEL.csv
tier_location_result,CWS_DEL,s0036,GDPUD_NU,2,CWS_DEL.csv
tier_location_result,CWS_DEL,s0036,GRSVL,3,CWS_DEL.csv
tier_location_result,CWS_DEL,s0036,JLIND,1,CWS_DEL.csv
tier_location_result,CWS_DEL,s0036,KCWA,4,CWS_DEL.csv
tier_location_result,CWS_DEL,s0036,MWD,1,CWS_DEL.csv
tier_location_result,CWS_DEL,s0036,NAPA,1,CWS_DEL.csv
tier_location_result,CWS_DEL,s0036,NAPA2,3,CWS_DEL.csv
tier_location_result,CWS_DEL,s0036,PCWA3,1,CWS_DEL.csv
tier_location_result,CWS_DEL,s0036,PLMAS,3,CWS_DEL.csv
tier_location_result,CWS_DEL,s0036,SBA029,4,CWS_DEL.csv
tier_location_result,CWS_DEL,s0036,SBA036,4,CWS_DEL.csv
tier_location_result,CWS_DEL,s0036,SCVWD,1,CWS_DEL.csv
tier_location_result,CWS_DEL,s0036,SUISN,4,CWS_DEL.csv
tier_location_result,CWS_DEL,s0036,SVWRD,4,CWS_DEL.csv
tier_location_result,CWS_DEL,s0036,TLMNE,1,CWS_DEL.csv
tier_location_result,CWS_DEL,s0036,TVAFB,1,CWS_DEL.csv
tier_location_result,CWS_DEL,s0036,UNION,1,CWS_DEL.csv
tier_location_result,CWS_DEL,s0036,UPANG,1,CWS_DEL.csv
tier_location_result,CWS_DEL,s0036,VLLJO,2,CWS_DEL.csv
tier_location_result,CWS_DEL,s0036,WLDWD,3,CWS_DEL.csv
tier_location_result,CWS_DEL,s0037,02_PU,3,CWS_DEL.csv
tier_location_result,CWS_DEL,s0037,02_SU,4,CWS_DEL.csv
tier_location_result,CWS_DEL,s0037,03_PU1,2,CWS_DEL.csv
tier_location_result,CWS_DEL,s0037,03_PU2,4,CWS_DEL.csv
tier_location_result,CWS_DEL,s0037,03_SU,4,CWS_DEL.csv
tier_location_result,CWS_DEL,s0037,11_NU1,1,CWS_DEL.csv
tier_location_result,CWS_DEL,s0037,12_NU1,1,CWS_DEL.csv
tier_location_result,CWS_DEL,s0037,13_NU1,1,CWS_DEL.csv
tier_location_result,CWS_DEL,s0037,16_PU,4,CWS_DEL.csv
tier_location_result,CWS_DEL,s0037,20_NU1,4,CWS_DEL.csv
tier_location_result,CWS_DEL,s0037,21_PU,1,CWS_DEL.csv
tier_location_result,CWS_DEL,s0037,24_NU1,4,CWS_DEL.csv
tier_location_result,CWS_DEL,s0037,24_NU2,2,CWS_DEL.csv
tier_location_result,CWS_DEL,s0037,24_NU3,2,CWS_DEL.csv
tier_location_result,CWS_DEL,s0037,25_PU,4,CWS_DEL.csv
tier_location_result,CWS_DEL,s0037,26N_NU1,4,CWS_DEL.csv
tier_location_result,CWS_DEL,s0037,26N_NU2,4,CWS_DEL.csv
tier_location_result,CWS_DEL,s0037,26N_NU3,4,CWS_DEL.csv
tier_location_result,CWS_DEL,s0037,26N_PU1,1,CWS_DEL.csv
tier_location_result,CWS_DEL,s0037,26N_PU2,1,CWS_DEL.csv
tier_location_result,CWS_DEL,s0037,26N_PU3,1,CWS_DEL.csv
tier_location_result,CWS_DEL,s0037,26S_NU1,1,CWS_DEL.csv
tier_location_result,CWS_DEL,s0037,26S_NU3,4,CWS_DEL.csv
tier_location_result,CWS_DEL,s0037,26S_PU1,1,CWS_DEL.csv
tier_location_result,CWS_DEL,s0037,26S_PU2,4,CWS_DEL.csv
tier_location_result,CWS_DEL,s0037,26S_PU4,1,CWS_DEL.csv
tier_location_result,CWS_DEL,s0037,26S_PU5,1,CWS_DEL.csv
tier_location_result,CWS_DEL,s0037,26S_PU6,4,CWS_DEL.csv
tier_location_result,CWS_DEL,s0037,50_PU,4,CWS_DEL.csv
tier_location_result,CWS_DEL,s0037,60N_NU1,4,CWS_DEL.csv
tier_location_result,CWS_DEL,s0037,60N_NU2,1,CWS_DEL.csv
tier_location_result,CWS_DEL,s0037,60S_NU1,2,CWS_DEL.csv
tier_location_result,CWS_DEL,s0037,61_NU2,4,CWS_DEL.csv
tier_location_result,CWS_DEL,s0037,62_NU,1,CWS_DEL.csv
tier_location_result,CWS_DEL,s0037,72_NU,1,CWS_DEL.csv
tier_location_result,CWS_DEL,s0037,72_PU,1,CWS_DEL.csv
tier_location_result,CWS_DEL,s0037,90_PU,3,CWS_DEL.csv
tier_location_result,CWS_DEL,s0037,ACFC,1,CWS_DEL.csv
tier_location_result,CWS_DEL,s0037,AMADR,4,CWS_DEL.csv
tier_location_result,CWS_DEL,s0037,AMCYN,1,CWS_DEL.csv
tier_location_result,CWS_DEL,s0037,ANTOC,1,CWS_DEL.csv
tier_location_result,CWS_DEL,s0037,BNCIA,1,CWS_DEL.csv
tier_location_result,CWS_DEL,s0037,CCWD,1,CWS_DEL.csv
tier_location_result,CWS_DEL,s0037,CSB038,4,CWS_DEL.csv
tier_location_result,CWS_DEL,s0037,CSB103,4,CWS_DEL.csv
tier_location_result,CWS_DEL,s0037,CSPSO,4,CWS_DEL.csv
tier_location_result,CWS_DEL,s0037,CSTIC,3,CWS_DEL.csv
tier_location_result,CWS_DEL,s0037,ELDID_NU1,1,CWS_DEL.csv
tier_location_result,CWS_DEL,s0037,ELDID_NU2,1,CWS_DEL.csv
tier_location_result,CWS_DEL,s0037,ELDID_NU3,1,CWS_DEL.csv
tier_location_result,CWS_DEL,s0037,ESB324,4,CWS_DEL.csv
tier_location_result,CWS_DEL,s0037,ESB347,4,CWS_DEL.csv
tier_location_result,CWS_DEL,s0037,ESB414,4,CWS_DEL.csv
tier_location_result,CWS_DEL,s0037,ESB415,4,CWS_DEL.csv
tier_location_result,CWS_DEL,s0037,ESB420,4,CWS_DEL.csv
tier_location_result,CWS_DEL,s0037,FRFLD,1,CWS_DEL.csv
tier_location_result,CWS_DEL,s0037,GDPUD_NU,2,CWS_DEL.csv
tier_location_result,CWS_DEL,s0037,GRSVL,3,CWS_DEL.csv
tier_location_result,CWS_DEL,s0037,JLIND,1,CWS_DEL.csv
tier_location_result,CWS_DEL,s0037,KCWA,4,CWS_DEL.csv
tier_location_result,CWS_DEL,s0037,MWD,1,CWS_DEL.csv
tier_location_result,CWS_DEL,s0037,NAPA,1,CWS_DEL.csv
tier_location_result,CWS_DEL,s0037,NAPA2,3,CWS_DEL.csv
tier_location_result,CWS_DEL,s0037,PCWA3,1,CWS_DEL.csv
tier_location_result,CWS_DEL,s0037,PLMAS,3,CWS_DEL.csv
tier_location_result,CWS_DEL,s0037,SBA029,4,CWS_DEL.csv
tier_location_result,CWS_DEL,s0037,SBA036,4,CWS_DEL.csv
tier_location_result,CWS_DEL,s0037,SCVWD,1,CWS_DEL.csv
tier_location_result,CWS_DEL,s0037,SUISN,4,CWS_DEL.csv
tier_location_result,CWS_DEL,s0037,SVWRD,4,CWS_DEL.csv
tier_location_result,CWS_DEL,s0037,TLMNE,1,CWS_DEL.csv
tier_location_result,CWS_DEL,s0037,TVAFB,1,CWS_DEL.csv
tier_location_result,CWS_DEL,s0037,UNION,1,CWS_DEL.csv
tier_location_result,CWS_DEL,s0037,UPANG,1,CWS_DEL.csv
tier_location_result,CWS_DEL,s0037,VLLJO,2,CWS_DEL.csv
tier_location_result,CWS_DEL,s0037,WLDWD,3,CWS_DEL.csv
tier_location_result,CWS_DEL,s0039,02_PU,2,CWS_DEL.csv
tier_location_result,CWS_DEL,s0039,02_SU,4,CWS_DEL.csv
tier_location_result,CWS_DEL,s0039,03_PU1,3,CWS_DEL.csv
tier_location_result,CWS_DEL,s0039,03_PU2,4,CWS_DEL.csv
tier_location_result,CWS_DEL,s0039,03_SU,4,CWS_DEL.csv
tier_location_result,CWS_DEL,s0039,11_NU1,1,CWS_DEL.csv
tier_location_result,CWS_DEL,s0039,12_NU1,1,CWS_DEL.csv
tier_location_result,CWS_DEL,s0039,13_NU1,1,CWS_DEL.csv
tier_location_result,CWS_DEL,s0039,16_PU,4,CWS_DEL.csv
tier_location_result,CWS_DEL,s0039,20_NU1,4,CWS_DEL.csv
tier_location_result,CWS_DEL,s0039,21_PU,1,CWS_DEL.csv
tier_location_result,CWS_DEL,s0039,24_NU1,4,CWS_DEL.csv
tier_location_result,CWS_DEL,s0039,24_NU2,4,CWS_DEL.csv
tier_location_result,CWS_DEL,s0039,24_NU3,2,CWS_DEL.csv
tier_location_result,CWS_DEL,s0039,25_PU,4,CWS_DEL.csv
tier_location_result,CWS_DEL,s0039,26N_NU1,4,CWS_DEL.csv
tier_location_result,CWS_DEL,s0039,26N_NU2,4,CWS_DEL.csv
tier_location_result,CWS_DEL,s0039,26N_NU3,4,CWS_DEL.csv
tier_location_result,CWS_DEL,s0039,26N_PU1,1,CWS_DEL.csv
tier_location_result,CWS_DEL,s0039,26N_PU2,1,CWS_DEL.csv
tier_location_result,CWS_DEL,s0039,26N_PU3,1,CWS_DEL.csv
tier_location_result,CWS_DEL,s0039,26S_NU1,1,CWS_DEL.csv
tier_location_result,CWS_DEL,s0039,26S_NU3,4,CWS_DEL.csv
tier_location_result,CWS_DEL,s0039,26S_PU1,1,CWS_DEL.csv
tier_location_result,CWS_DEL,s0039,26S_PU2,4,CWS_DEL.csv
tier_location_result,CWS_DEL,s0039,26S_PU4,4,CWS_DEL.csv
tier_location_result,CWS_DEL,s0039,26S_PU5,4,CWS_DEL.csv
tier_location_result,CWS_DEL,s0039,26S_PU6,4,CWS_DEL.csv
tier_location_result,CWS_DEL,s0039,50_PU,4,CWS_DEL.csv
tier_location_result,CWS_DEL,s0039,60N_NU1,4,CWS_DEL.csv
tier_location_result,CWS_DEL,s0039,60N_NU2,1,CWS_DEL.csv
tier_location_result,CWS_DEL,s0039,60S_NU1,2,CWS_DEL.csv
tier_location_result,CWS_DEL,s0039,61_NU2,4,CWS_DEL.csv
tier_location_result,CWS_DEL,s0039,62_NU,1,CWS_DEL.csv
tier_location_result,CWS_DEL,s0039,71_NU,1,CWS_DEL.csv
tier_location_result,CWS_DEL,s0039,72_NU,1,CWS_DEL.csv
tier_location_result,CWS_DEL,s0039,72_PU,1,CWS_DEL.csv
tier_location_result,CWS_DEL,s0039,90_PU,4,CWS_DEL.csv
tier_location_result,CWS_DEL,s0039,ACFC,1,CWS_DEL.csv
tier_location_result,CWS_DEL,s0039,AMADR,4,CWS_DEL.csv
tier_location_result,CWS_DEL,s0039,AMCYN,1,CWS_DEL.csv
tier_location_result,CWS_DEL,s0039,ANTOC,1,CWS_DEL.csv
tier_location_result,CWS_DEL,s0039,BNCIA,1,CWS_DEL.csv
tier_location_result,CWS_DEL,s0039,CCWD,1,CWS_DEL.csv
tier_location_result,CWS_DEL,s0039,CSB038,4,CWS_DEL.csv
tier_location_result,CWS_DEL,s0039,CSB103,4,CWS_DEL.csv
tier_location_result,CWS_DEL,s0039,CSPSO,4,CWS_DEL.csv
tier_location_result,CWS_DEL,s0039,CSTIC,3,CWS_DEL.csv
tier_location_result,CWS_DEL,s0039,ELDID_NU1,1,CWS_DEL.csv
tier_location_result,CWS_DEL,s0039,ELDID_NU2,1,CWS_DEL.csv
tier_location_result,CWS_DEL,s0039,ELDID_NU3,1,CWS_DEL.csv
tier_location_result,CWS_DEL,s0039,ESB324,4,CWS_DEL.csv
tier_location_result,CWS_DEL,s0039,ESB347,4,CWS_DEL.csv
tier_location_result,CWS_DEL,s0039,ESB414,4,CWS_DEL.csv
tier_location_result,CWS_DEL,s0039,ESB415,4,CWS_DEL.csv
tier_location_result,CWS_DEL,s0039,ESB420,4,CWS_DEL.csv
tier_location_result,CWS_DEL,s0039,FRFLD,1,CWS_DEL.csv
tier_location_result,CWS_DEL,s0039,GDPUD_NU,2,CWS_DEL.csv
tier_location_result,CWS_DEL,s0039,GRSVL,2,CWS_DEL.csv
tier_location_result,CWS_DEL,s0039,JLIND,1,CWS_DEL.csv
tier_location_result,CWS_DEL,s0039,KCWA,4,CWS_DEL.csv
tier_location_result,CWS_DEL,s0039,MWD,1,CWS_DEL.csv
tier_location_result,CWS_DEL,s0039,NAPA,1,CWS_DEL.csv
tier_location_result,CWS_DEL,s0039,NAPA2,3,CWS_DEL.csv
tier_location_result,CWS_DEL,s0039,PCWA3,2,CWS_DEL.csv
tier_location_result,CWS_DEL,s0039,PLMAS,3,CWS_DEL.csv
tier_location_result,CWS_DEL,s0039,SBA029,4,CWS_DEL.csv
tier_location_result,CWS_DEL,s0039,SBA036,4,CWS_DEL.csv
tier_location_result,CWS_DEL,s0039,SCVWD,4,CWS_DEL.csv
tier_location_result,CWS_DEL,s0039,SUISN,4,CWS_DEL.csv
tier_location_result,CWS_DEL,s0039,SVWRD,4,CWS_DEL.csv
tier_location_result,CWS_DEL,s0039,TLMNE,1,CWS_DEL.csv
tier_location_result,CWS_DEL,s0039,TVAFB,1,CWS_DEL.csv
tier_location_result,CWS_DEL,s0039,UNION,1,CWS_DEL.csv
tier_location_result,CWS_DEL,s0039,UPANG,1,CWS_DEL.csv
tier_location_result,CWS_DEL,s0039,VLLJO,1,CWS_DEL.csv
tier_location_result,CWS_DEL,s0039,WLDWD,3,CWS_DEL.csv
tier_location_result,CWS_DEL,s0040,02_PU,1,CWS_DEL.csv
tier_location_result,CWS_DEL,s0040,02_SU,4,CWS_DEL.csv
tier_location_result,CWS_DEL,s0040,03_PU1,3,CWS_DEL.csv
tier_location_result,CWS_DEL,s0040,03_PU2,4,CWS_DEL.csv
tier_location_result,CWS_DEL,s0040,03_SU,4,CWS_DEL.csv
tier_location_result,CWS_DEL,s0040,11_NU1,1,CWS_DEL.csv
tier_location_result,CWS_DEL,s0040,12_NU1,1,CWS_DEL.csv
tier_location_result,CWS_DEL,s0040,13_NU1,1,CWS_DEL.csv
tier_location_result,CWS_DEL,s0040,16_PU,4,CWS_DEL.csv
tier_location_result,CWS_DEL,s0040,20_NU1,4,CWS_DEL.csv
tier_location_result,CWS_DEL,s0040,21_PU,1,CWS_DEL.csv
tier_location_result,CWS_DEL,s0040,24_NU1,4,CWS_DEL.csv
tier_location_result,CWS_DEL,s0040,24_NU2,4,CWS_DEL.csv
tier_location_result,CWS_DEL,s0040,24_NU3,2,CWS_DEL.csv
tier_location_result,CWS_DEL,s0040,25_PU,4,CWS_DEL.csv
tier_location_result,CWS_DEL,s0040,26N_NU1,4,CWS_DEL.csv
tier_location_result,CWS_DEL,s0040,26N_NU2,4,CWS_DEL.csv
tier_location_result,CWS_DEL,s0040,26N_NU3,4,CWS_DEL.csv
tier_location_result,CWS_DEL,s0040,26N_PU1,1,CWS_DEL.csv
tier_location_result,CWS_DEL,s0040,26N_PU2,1,CWS_DEL.csv
tier_location_result,CWS_DEL,s0040,26N_PU3,1,CWS_DEL.csv
tier_location_result,CWS_DEL,s0040,26S_NU1,1,CWS_DEL.csv
tier_location_result,CWS_DEL,s0040,26S_NU3,4,CWS_DEL.csv
tier_location_result,CWS_DEL,s0040,26S_PU1,1,CWS_DEL.csv
tier_location_result,CWS_DEL,s0040,26S_PU2,4,CWS_DEL.csv
tier_location_result,CWS_DEL,s0040,26S_PU4,4,CWS_DEL.csv
tier_location_result,CWS_DEL,s0040,26S_PU5,3,CWS_DEL.csv
tier_location_result,CWS_DEL,s0040,26S_PU6,4,CWS_DEL.csv
tier_location_result,CWS_DEL,s0040,50_PU,4,CWS_DEL.csv
tier_location_result,CWS_DEL,s0040,60N_NU1,4,CWS_DEL.csv
tier_location_result,CWS_DEL,s0040,60N_NU2,1,CWS_DEL.csv
tier_location_result,CWS_DEL,s0040,60S_NU1,2,CWS_DEL.csv
tier_location_result,CWS_DEL,s0040,61_NU2,4,CWS_DEL.csv
tier_location_result,CWS_DEL,s0040,62_NU,1,CWS_DEL.csv
tier_location_result,CWS_DEL,s0040,71_NU,1,CWS_DEL.csv
tier_location_result,CWS_DEL,s0040,72_NU,1,CWS_DEL.csv
tier_location_result,CWS_DEL,s0040,72_PU,1,CWS_DEL.csv
tier_location_result,CWS_DEL,s0040,90_PU,4,CWS_DEL.csv
tier_location_result,CWS_DEL,s0040,ACFC,1,CWS_DEL.csv
tier_location_result,CWS_DEL,s0040,AMADR,4,CWS_DEL.csv
tier_location_result,CWS_DEL,s0040,AMCYN,1,CWS_DEL.csv
tier_location_result,CWS_DEL,s0040,ANTOC,1,CWS_DEL.csv
tier_location_result,CWS_DEL,s0040,BNCIA,1,CWS_DEL.csv
tier_location_result,CWS_DEL,s0040,CCWD,1,CWS_DEL.csv
tier_location_result,CWS_DEL,s0040,CSB038,4,CWS_DEL.csv
tier_location_result,CWS_DEL,s0040,CSB103,4,CWS_DEL.csv
tier_location_result,CWS_DEL,s0040,CSPSO,4,CWS_DEL.csv
tier_location_result,CWS_DEL,s0040,CSTIC,3,CWS_DEL.csv
tier_location_result,CWS_DEL,s0040,ELDID_NU1,1,CWS_DEL.csv
tier_location_result,CWS_DEL,s0040,ELDID_NU2,1,CWS_DEL.csv
tier_location_result,CWS_DEL,s0040,ELDID_NU3,1,CWS_DEL.csv
tier_location_result,CWS_DEL,s0040,ESB324,4,CWS_DEL.csv
tier_location_result,CWS_DEL,s0040,ESB347,4,CWS_DEL.csv
tier_location_result,CWS_DEL,s0040,ESB414,4,CWS_DEL.csv
tier_location_result,CWS_DEL,s0040,ESB415,4,CWS_DEL.csv
tier_location_result,CWS_DEL,s0040,ESB420,4,CWS_DEL.csv
tier_location_result,CWS_DEL,s0040,FRFLD,1,CWS_DEL.csv
tier_location_result,CWS_DEL,s0040,GDPUD_NU,2,CWS_DEL.csv
tier_location_result,CWS_DEL,s0040,GRSVL,2,CWS_DEL.csv
tier_location_result,CWS_DEL,s0040,JLIND,1,CWS_DEL.csv
tier_location_result,CWS_DEL,s0040,KCWA,4,CWS_DEL.csv
tier_location_result,CWS_DEL,s0040,MWD,1,CWS_DEL.csv
tier_location_result,CWS_DEL,s0040,NAPA,1,CWS_DEL.csv
tier_location_result,CWS_DEL,s0040,NAPA2,3,CWS_DEL.csv
tier_location_result,CWS_DEL,s0040,PCWA3,2,CWS_DEL.csv
tier_location_result,CWS_DEL,s0040,PLMAS,3,CWS_DEL.csv
tier_location_result,CWS_DEL,s0040,SBA029,4,CWS_DEL.csv
tier_location_result,CWS_DEL,s0040,SBA036,4,CWS_DEL.csv
tier_location_result,CWS_DEL,s0040,SCVWD,4,CWS_DEL.csv
tier_location_result,CWS_DEL,s0040,SUISN,4,CWS_DEL.csv
tier_location_result,CWS_DEL,s0040,SVWRD,4,CWS_DEL.csv
tier_location_result,CWS_DEL,s0040,TLMNE,1,CWS_DEL.csv
tier_location_result,CWS_DEL,s0040,TVAFB,1,CWS_DEL.csv
tier_location_result,CWS_DEL,s0040,UNION,1,CWS_DEL.csv
tier_location_result,CWS_DEL,s0040,UPANG,1,CWS_DEL.csv
tier_location_result,CWS_DEL,s0040,VLLJO,1,CWS_DEL.csv
tier_location_result,CWS_DEL,s0040,WLDWD,3,CWS_DEL.csv
tier_location_result,CWS_DEL,s0041,02_PU,1,CWS_DEL.csv
tier_location_result,CWS_DEL,s0041,02_SU,4,CWS_DEL.csv
tier_location_result,CWS_DEL,s0041,03_PU1,3,CWS_DEL.csv
tier_location_result,CWS_DEL,s0041,03_PU2,4,CWS_DEL.csv
tier_location_result,CWS_DEL,s0041,03_SU,4,CWS_DEL.csv
tier_location_result,CWS_DEL,s0041,11_NU1,1,CWS_DEL.csv
tier_location_result,CWS_DEL,s0041,12_NU1,1,CWS_DEL.csv
tier_location_result,CWS_DEL,s0041,13_NU1,1,CWS_DEL.csv
tier_location_result,CWS_DEL,s0041,16_PU,4,CWS_DEL.csv
tier_location_result,CWS_DEL,s0041,20_NU1,4,CWS_DEL.csv
tier_location_result,CWS_DEL,s0041,21_PU,1,CWS_DEL.csv
tier_location_result,CWS_DEL,s0041,24_NU1,4,CWS_DEL.csv
tier_location_result,CWS_DEL,s0041,24_NU2,4,CWS_DEL.csv
tier_location_result,CWS_DEL,s0041,24_NU3,2,CWS_DEL.csv
tier_location_result,CWS_DEL,s0041,25_PU,4,CWS_DEL.csv
tier_location_result,CWS_DEL,s0041,26N_NU1,4,CWS_DEL.csv
tier_location_result,CWS_DEL,s0041,26N_NU2,4,CWS_DEL.csv
tier_location_result,CWS_DEL,s0041,26N_NU3,4,CWS_DEL.csv
tier_location_result,CWS_DEL,s0041,26N_PU1,1,CWS_DEL.csv
tier_location_result,CWS_DEL,s0041,26N_PU2,1,CWS_DEL.csv
tier_location_result,CWS_DEL,s0041,26N_PU3,1,CWS_DEL.csv
tier_location_result,CWS_DEL,s0041,26S_NU1,1,CWS_DEL.csv
tier_location_result,CWS_DEL,s0041,26S_NU3,4,CWS_DEL.csv
tier_location_result,CWS_DEL,s0041,26S_PU1,1,CWS_DEL.csv
tier_location_result,CWS_DEL,s0041,26S_PU2,4,CWS_DEL.csv
tier_location_result,CWS_DEL,s0041,26S_PU4,4,CWS_DEL.csv
tier_location_result,CWS_DEL,s0041,26S_PU5,3,CWS_DEL.csv
tier_location_result,CWS_DEL,s0041,26S_PU6,4,CWS_DEL.csv
tier_location_result,CWS_DEL,s0041,50_PU,4,CWS_DEL.csv
tier_location_result,CWS_DEL,s0041,60N_NU1,4,CWS_DEL.csv
tier_location_result,CWS_DEL,s0041,60N_NU2,1,CWS_DEL.csv
tier_location_result,CWS_DEL,s0041,60S_NU1,2,CWS_DEL.csv
tier_location_result,CWS_DEL,s0041,61_NU2,4,CWS_DEL.csv
tier_location_result,CWS_DEL,s0041,62_NU,1,CWS_DEL.csv
tier_location_result,CWS_DEL,s0041,71_NU,1,CWS_DEL.csv
tier_location_result,CWS_DEL,s0041,72_NU,1,CWS_DEL.csv
tier_location_result,CWS_DEL,s0041,72_PU,1,CWS_DEL.csv
tier_location_result,CWS_DEL,s0041,90_PU,4,CWS_DEL.csv
tier_location_result,CWS_DEL,s0041,ACFC,1,CWS_DEL.csv
tier_location_result,CWS_DEL,s0041,AMADR,4,CWS_DEL.csv
tier_location_result,CWS_DEL,s0041,AMCYN,1,CWS_DEL.csv
tier_location_result,CWS_DEL,s0041,ANTOC,1,CWS_DEL.csv
tier_location_result,CWS_DEL,s0041,BNCIA,1,CWS_DEL.csv
tier_location_result,CWS_DEL,s0041,CCWD,1,CWS_DEL.csv
tier_location_result,CWS_DEL,s0041,CSB038,4,CWS_DEL.csv
tier_location_result,CWS_DEL,s0041,CSB103,4,CWS_DEL.csv
tier_location_result,CWS_DEL,s0041,CSPSO,4,CWS_DEL.csv
tier_location_result,CWS_DEL,s0041,CSTIC,3,CWS_DEL.csv
tier_location_result,CWS_DEL,s0041,ELDID_NU1,1,CWS_DEL.csv
tier_location_result,CWS_DEL,s0041,ELDID_NU2,1,CWS_DEL.csv
tier_location_result,CWS_DEL,s0041,ELDID_NU3,1,CWS_DEL.csv
tier_location_result,CWS_DEL,s0041,ESB324,4,CWS_DEL.csv
tier_location_result,CWS_DEL,s0041,ESB347,4,CWS_DEL.csv
tier_location_result,CWS_DEL,s0041,ESB414,4,CWS_DEL.csv
tier_location_result,CWS_DEL,s0041,ESB415,4,CWS_DEL.csv
tier_location_result,CWS_DEL,s0041,ESB420,4,CWS_DEL.csv
tier_location_result,CWS_DEL,s0041,FRFLD,1,CWS_DEL.csv
tier_location_result,CWS_DEL,s0041,GDPUD_NU,2,CWS_DEL.csv
tier_location_result,CWS_DEL,s0041,GRSVL,2,CWS_DEL.csv
tier_location_result,CWS_DEL,s0041,JLIND,1,CWS_DEL.csv
tier_location_result,CWS_DEL,s0041,KCWA,4,CWS_DEL.csv
tier_location_result,CWS_DEL,s0041,MWD,1,CWS_DEL.csv
tier_location_result,CWS_DEL,s0041,NAPA,1,CWS_DEL.csv
tier_location_result,CWS_DEL,s0041,NAPA2,3,CWS_DEL.csv
tier_location_result,CWS_DEL,s0041,PCWA3,2,CWS_DEL.csv
tier_location_result,CWS_DEL,s0041,PLMAS,3,CWS_DEL.csv
tier_location_result,CWS_DEL,s0041,SBA029,4,CWS_DEL.csv
tier_location_result,CWS_DEL,s0041,SBA036,4,CWS_DEL.csv
tier_location_result,CWS_DEL,s0041,SCVWD,4,CWS_DEL.csv
tier_location_result,CWS_DEL,s0041,SUISN,4,CWS_DEL.csv
tier_location_result,CWS_DEL,s0041,SVWRD,4,CWS_DEL.csv
tier_location_result,CWS_DEL,s0041,TLMNE,1,CWS_DEL.csv
tier_location_result,CWS_DEL,s0041,TVAFB,1,CWS_DEL.csv
tier_location_result,CWS_DEL,s0041,UNION,1,CWS_DEL.csv
tier_location_result,CWS_DEL,s0041,UPANG,1,CWS_DEL.csv
tier_location_result,CWS_DEL,s0041,VLLJO,1,CWS_DEL.csv
tier_location_result,CWS_DEL,s0041,WLDWD,3,CWS_DEL.csv
tier_location_result,CWS_DEL,s0042,02_PU,2,CWS_DEL.csv
tier_location_result,CWS_DEL,s0042,02_SU,4,CWS_DEL.csv
tier_location_result,CWS_DEL,s0042,03_PU1,3,CWS_DEL.csv
tier_location_result,CWS_DEL,s0042,03_PU2,4,CWS_DEL.csv
tier_location_result,CWS_DEL,s0042,03_SU,4,CWS_DEL.csv
tier_location_result,CWS_DEL,s0042,11_NU1,1,CWS_DEL.csv
tier_location_result,CWS_DEL,s0042,12_NU1,1,CWS_DEL.csv
tier_location_result,CWS_DEL,s0042,13_NU1,1,CWS_DEL.csv
tier_location_result,CWS_DEL,s0042,16_PU,4,CWS_DEL.csv
tier_location_result,CWS_DEL,s0042,20_NU1,4,CWS_DEL.csv
tier_location_result,CWS_DEL,s0042,21_PU,1,CWS_DEL.csv
tier_location_result,CWS_DEL,s0042,24_NU1,4,CWS_DEL.csv
tier_location_result,CWS_DEL,s0042,24_NU2,4,CWS_DEL.csv
tier_location_result,CWS_DEL,s0042,24_NU3,2,CWS_DEL.csv
tier_location_result,CWS_DEL,s0042,25_PU,4,CWS_DEL.csv
tier_location_result,CWS_DEL,s0042,26N_NU1,4,CWS_DEL.csv
tier_location_result,CWS_DEL,s0042,26N_NU2,4,CWS_DEL.csv
tier_location_result,CWS_DEL,s0042,26N_NU3,4,CWS_DEL.csv
tier_location_result,CWS_DEL,s0042,26N_PU1,1,CWS_DEL.csv
tier_location_result,CWS_DEL,s0042,26N_PU2,1,CWS_DEL.csv
tier_location_result,CWS_DEL,s0042,26N_PU3,1,CWS_DEL.csv
tier_location_result,CWS_DEL,s0042,26S_NU1,1,CWS_DEL.csv
tier_location_result,CWS_DEL,s0042,26S_NU3,4,CWS_DEL.csv
tier_location_result,CWS_DEL,s0042,26S_PU1,1,CWS_DEL.csv
tier_location_result,CWS_DEL,s0042,26S_PU2,4,CWS_DEL.csv
tier_location_result,CWS_DEL,s0042,26S_PU4,4,CWS_DEL.csv
tier_location_result,CWS_DEL,s0042,26S_PU5,4,CWS_DEL.csv
tier_location_result,CWS_DEL,s0042,26S_PU6,4,CWS_DEL.csv
tier_location_result,CWS_DEL,s0042,50_PU,4,CWS_DEL.csv
tier_location_result,CWS_DEL,s0042,60N_NU1,4,CWS_DEL.csv
tier_location_result,CWS_DEL,s0042,60N_NU2,1,CWS_DEL.csv
tier_location_result,CWS_DEL,s0042,60S_NU1,2,CWS_DEL.csv
tier_location_result,CWS_DEL,s0042,61_NU2,4,CWS_DEL.csv
tier_location_result,CWS_DEL,s0042,62_NU,1,CWS_DEL.csv
tier_location_result,CWS_DEL,s0042,71_NU,1,CWS_DEL.csv
tier_location_result,CWS_DEL,s0042,72_NU,1,CWS_DEL.csv
tier_location_result,CWS_DEL,s0042,72_PU,1,CWS_DEL.csv
tier_location_result,CWS_DEL,s0042,90_PU,4,CWS_DEL.csv
tier_location_result,CWS_DEL,s0042,ACFC,1,CWS_DEL.csv
tier_location_result,CWS_DEL,s0042,AMADR,4,CWS_DEL.csv
tier_location_result,CWS_DEL,s0042,AMCYN,1,CWS_DEL.csv
tier_location_result,CWS_DEL,s0042,ANTOC,1,CWS_DEL.csv
tier_location_result,CWS_DEL,s0042,BNCIA,1,CWS_DEL.csv
tier_location_result,CWS_DEL,s0042,CCWD,1,CWS_DEL.csv
tier_location_result,CWS_DEL,s0042,CSB038,4,CWS_DEL.csv
tier_location_result,CWS_DEL,s0042,CSB103,4,CWS_DEL.csv
tier_location_result,CWS_DEL,s0042,CSPSO,4,CWS_DEL.csv
tier_location_result,CWS_DEL,s0042,CSTIC,3,CWS_DEL.csv
tier_location_result,CWS_DEL,s0042,ELDID_NU1,1,CWS_DEL.csv
tier_location_result,CWS_DEL,s0042,ELDID_NU2,1,CWS_DEL.csv
tier_location_result,CWS_DEL,s0042,ELDID_NU3,1,CWS_DEL.csv
tier_location_result,CWS_DEL,s0042,ESB324,4,CWS_DEL.csv
tier_location_result,CWS_DEL,s0042,ESB347,4,CWS_DEL.csv
tier_location_result,CWS_DEL,s0042,ESB414,4,CWS_DEL.csv
tier_location_result,CWS_DEL,s0042,ESB415,4,CWS_DEL.csv
tier_location_result,CWS_DEL,s0042,ESB420,4,CWS_DEL.csv
tier_location_result,CWS_DEL,s0042,FRFLD,1,CWS_DEL.csv
tier_location_result,CWS_DEL,s0042,GDPUD_NU,2,CWS_DEL.csv
tier_location_result,CWS_DEL,s0042,GRSVL,2,CWS_DEL.csv
tier_location_result,CWS_DEL,s0042,JLIND,1,CWS_DEL.csv
tier_location_result,CWS_DEL,s0042,KCWA,4,CWS_DEL.csv
tier_location_result,CWS_DEL,s0042,MWD,1,CWS_DEL.csv
tier_location_result,CWS_DEL,s0042,NAPA,1,CWS_DEL.csv
tier_location_result,CWS_DEL,s0042,NAPA2,3,CWS_DEL.csv
tier_location_result,CWS_DEL,s0042,PCWA3,2,CWS_DEL.csv
tier_location_result,CWS_DEL,s0042,PLMAS,3,CWS_DEL.csv
tier_location_result,CWS_DEL,s0042,SBA029,4,CWS_DEL.csv
tier_location_result,CWS_DEL,s0042,SBA036,4,CWS_DEL.csv
tier_location_result,CWS_DEL,s0042,SCVWD,4,CWS_DEL.csv
tier_location_result,CWS_DEL,s0042,SUISN,4,CWS_DEL.csv
tier_location_result,CWS_DEL,s0042,SVWRD,4,CWS_DEL.csv
tier_location_result,CWS_DEL,s0042,TLMNE,1,CWS_DEL.csv
tier_location_result,CWS_DEL,s0042,TVAFB,1,CWS_DEL.csv
tier_location_result,CWS_DEL,s0042,UNION,1,CWS_DEL.csv
tier_location_result,CWS_DEL,s0042,UPANG,1,CWS_DEL.csv
tier_location_result,CWS_DEL,s0042,VLLJO,1,CWS_DEL.csv
tier_location_result,CWS_DEL,s0042,WLDWD,3,CWS_DEL.csv
tier_location_result,CWS_DEL,s0044,02_PU,1,CWS_DEL.csv
tier_location_result,CWS_DEL,s0044,02_SU,4,CWS_DEL.csv
tier_location_result,CWS_DEL,s0044,03_PU1,3,CWS_DEL.csv
tier_location_result,CWS_DEL,s0044,03_PU2,4,CWS_DEL.csv
tier_location_result,CWS_DEL,s0044,03_SU,4,CWS_DEL.csv
tier_location_result,CWS_DEL,s0044,11_NU1,1,CWS_DEL.csv
tier_location_result,CWS_DEL,s0044,12_NU1,1,CWS_DEL.csv
tier_location_result,CWS_DEL,s0044,13_NU1,1,CWS_DEL.csv
tier_location_result,CWS_DEL,s0044,16_PU,4,CWS_DEL.csv
tier_location_result,CWS_DEL,s0044,20_NU1,4,CWS_DEL.csv
tier_location_result,CWS_DEL,s0044,21_PU,1,CWS_DEL.csv
tier_location_result,CWS_DEL,s0044,24_NU1,4,CWS_DEL.csv
tier_location_result,CWS_DEL,s0044,24_NU2,2,CWS_DEL.csv
tier_location_result,CWS_DEL,s0044,24_NU3,2,CWS_DEL.csv
tier_location_result,CWS_DEL,s0044,25_PU,4,CWS_DEL.csv
tier_location_result,CWS_DEL,s0044,26N_NU1,4,CWS_DEL.csv
tier_location_result,CWS_DEL,s0044,26N_NU2,4,CWS_DEL.csv
tier_location_result,CWS_DEL,s0044,26N_NU3,4,CWS_DEL.csv
tier_location_result,CWS_DEL,s0044,26N_PU1,1,CWS_DEL.csv
tier_location_result,CWS_DEL,s0044,26N_PU2,1,CWS_DEL.csv
tier_location_result,CWS_DEL,s0044,26N_PU3,1,CWS_DEL.csv
tier_location_result,CWS_DEL,s0044,26S_NU1,1,CWS_DEL.csv
tier_location_result,CWS_DEL,s0044,26S_NU3,4,CWS_DEL.csv
tier_location_result,CWS_DEL,s0044,26S_PU1,1,CWS_DEL.csv
tier_location_result,CWS_DEL,s0044,26S_PU2,4,CWS_DEL.csv
tier_location_result,CWS_DEL,s0044,26S_PU4,3,CWS_DEL.csv
tier_location_result,CWS_DEL,s0044,26S_PU5,3,CWS_DEL.csv
tier_location_result,CWS_DEL,s0044,26S_PU6,4,CWS_DEL.csv
tier_location_result,CWS_DEL,s0044,50_PU,4,CWS_DEL.csv
tier_location_result,CWS_DEL,s0044,60N_NU1,4,CWS_DEL.csv
tier_location_result,CWS_DEL,s0044,60N_NU2,1,CWS_DEL.csv
tier_location_result,CWS_DEL,s0044,60S_NU1,2,CWS_DEL.csv
tier_location_result,CWS_DEL,s0044,61_NU2,4,CWS_DEL.csv
tier_location_result,CWS_DEL,s0044,62_NU,1,CWS_DEL.csv
tier_location_result,CWS_DEL,s0044,72_NU,1,CWS_DEL.csv
tier_location_result,CWS_DEL,s0044,72_PU,1,CWS_DEL.csv
tier_location_result,CWS_DEL,s0044,90_PU,4,CWS_DEL.csv
tier_location_result,CWS_DEL,s0044,ACFC,1,CWS_DEL.csv
tier_location_result,CWS_DEL,s0044,AMADR,4,CWS_DEL.csv
tier_location_result,CWS_DEL,s0044,AMCYN,1,CWS_DEL.csv
tier_location_result,CWS_DEL,s0044,ANTOC,1,CWS_DEL.csv
tier_location_result,CWS_DEL,s0044,BNCIA,1,CWS_DEL.csv
tier_location_result,CWS_DEL,s0044,CCWD,1,CWS_DEL.csv
tier_location_result,CWS_DEL,s0044,CSB038,4,CWS_DEL.csv
tier_location_result,CWS_DEL,s0044,CSB103,4,CWS_DEL.csv
tier_location_result,CWS_DEL,s0044,CSPSO,4,CWS_DEL.csv
tier_location_result,CWS_DEL,s0044,CSTIC,3,CWS_DEL.csv
tier_location_result,CWS_DEL,s0044,ELDID_NU1,1,CWS_DEL.csv
tier_location_result,CWS_DEL,s0044,ELDID_NU2,1,CWS_DEL.csv
tier_location_result,CWS_DEL,s0044,ELDID_NU3,1,CWS_DEL.csv
tier_location_result,CWS_DEL,s0044,ESB324,4,CWS_DEL.csv
tier_location_result,CWS_DEL,s0044,ESB347,4,CWS_DEL.csv
tier_location_result,CWS_DEL,s0044,ESB414,4,CWS_DEL.csv
tier_location_result,CWS_DEL,s0044,ESB415,4,CWS_DEL.csv
tier_location_result,CWS_DEL,s0044,ESB420,4,CWS_DEL.csv
tier_location_result,CWS_DEL,s0044,FRFLD,1,CWS_DEL.csv
tier_location_result,CWS_DEL,s0044,GDPUD_NU,2,CWS_DEL.csv
tier_location_result,CWS_DEL,s0044,GRSVL,3,CWS_DEL.csv
tier_location_result,CWS_DEL,s0044,JLIND,1,CWS_DEL.csv
tier_location_result,CWS_DEL,s0044,KCWA,4,CWS_DEL.csv
tier_location_result,CWS_DEL,s0044,MWD,1,CWS_DEL.csv
tier_location_result,CWS_DEL,s0044,NAPA,1,CWS_DEL.csv
tier_location_result,CWS_DEL,s0044,NAPA2,3,CWS_DEL.csv
tier_location_result,CWS_DEL,s0044,PCWA3,1,CWS_DEL.csv
tier_location_result,CWS_DEL,s0044,PLMAS,3,CWS_DEL.csv
tier_location_result,CWS_DEL,s0044,SBA029,4,CWS_DEL.csv
tier_location_result,CWS_DEL,s0044,SBA036,4,CWS_DEL.csv
tier_location_result,CWS_DEL,s0044,SCVWD,4,CWS_DEL.csv
tier_location_result,CWS_DEL,s0044,SUISN,4,CWS_DEL.csv
tier_location_result,CWS_DEL,s0044,SVWRD,4,CWS_DEL.csv
tier_location_result,CWS_DEL,s0044,TLMNE,1,CWS_DEL.csv
tier_location_result,CWS_DEL,s0044,TVAFB,1,CWS_DEL.csv
tier_location_result,CWS_DEL,s0044,UNION,1,CWS_DEL.csv
tier_location_result,CWS_DEL,s0044,UPANG,1,CWS_DEL.csv
tier_location_result,CWS_DEL,s0044,VLLJO,2,CWS_DEL.csv
tier_location_result,CWS_DEL,s0044,WLDWD,3,CWS_DEL.csv
tier_location_result,CWS_DEL,s0045,02_PU,3,CWS_DEL.csv
tier_location_result,CWS_DEL,s0045,02_SU,4,CWS_DEL.csv
tier_location_result,CWS_DEL,s0045,03_PU1,1,CWS_DEL.csv
tier_location_result,CWS_DEL,s0045,03_PU2,4,CWS_DEL.csv
tier_location_result,CWS_DEL,s0045,03_SU,4,CWS_DEL.csv
tier_location_result,CWS_DEL,s0045,11_NU1,1,CWS_DEL.csv
tier_location_result,CWS_DEL,s0045,12_NU1,1,CWS_DEL.csv
tier_location_result,CWS_DEL,s0045,13_NU1,1,CWS_DEL.csv
tier_location_result,CWS_DEL,s0045,16_PU,4,CWS_DEL.csv
tier_location_result,CWS_DEL,s0045,20_NU1,4,CWS_DEL.csv
tier_location_result,CWS_DEL,s0045,21_PU,1,CWS_DEL.csv
tier_location_result,CWS_DEL,s0045,24_NU1,4,CWS_DEL.csv
tier_location_result,CWS_DEL,s0045,24_NU2,2,CWS_DEL.csv
tier_location_result,CWS_DEL,s0045,24_NU3,2,CWS_DEL.csv
tier_location_result,CWS_DEL,s0045,25_PU,4,CWS_DEL.csv
tier_location_result,CWS_DEL,s0045,26N_NU1,4,CWS_DEL.csv
tier_location_result,CWS_DEL,s0045,26N_NU2,4,CWS_DEL.csv
tier_location_result,CWS_DEL,s0045,26N_NU3,4,CWS_DEL.csv
tier_location_result,CWS_DEL,s0045,26N_PU1,1,CWS_DEL.csv
tier_location_result,CWS_DEL,s0045,26N_PU2,1,CWS_DEL.csv
tier_location_result,CWS_DEL,s0045,26N_PU3,1,CWS_DEL.csv
tier_location_result,CWS_DEL,s0045,26S_NU1,1,CWS_DEL.csv
tier_location_result,CWS_DEL,s0045,26S_NU3,4,CWS_DEL.csv
tier_location_result,CWS_DEL,s0045,26S_PU1,1,CWS_DEL.csv
tier_location_result,CWS_DEL,s0045,26S_PU2,4,CWS_DEL.csv
tier_location_result,CWS_DEL,s0045,26S_PU4,3,CWS_DEL.csv
tier_location_result,CWS_DEL,s0045,26S_PU5,1,CWS_DEL.csv
tier_location_result,CWS_DEL,s0045,26S_PU6,4,CWS_DEL.csv
tier_location_result,CWS_DEL,s0045,50_PU,4,CWS_DEL.csv
tier_location_result,CWS_DEL,s0045,60N_NU1,4,CWS_DEL.csv
tier_location_result,CWS_DEL,s0045,60N_NU2,1,CWS_DEL.csv
tier_location_result,CWS_DEL,s0045,60S_NU1,2,CWS_DEL.csv
tier_location_result,CWS_DEL,s0045,61_NU2,4,CWS_DEL.csv
tier_location_result,CWS_DEL,s0045,62_NU,1,CWS_DEL.csv
tier_location_result,CWS_DEL,s0045,72_NU,1,CWS_DEL.csv
tier_location_result,CWS_DEL,s0045,72_PU,1,CWS_DEL.csv
tier_location_result,CWS_DEL,s0045,90_PU,3,CWS_DEL.csv
tier_location_result,CWS_DEL,s0045,ACFC,1,CWS_DEL.csv
tier_location_result,CWS_DEL,s0045,AMADR,4,CWS_DEL.csv
tier_location_result,CWS_DEL,s0045,AMCYN,1,CWS_DEL.csv
tier_location_result,CWS_DEL,s0045,ANTOC,1,CWS_DEL.csv
tier_location_result,CWS_DEL,s0045,BNCIA,1,CWS_DEL.csv
tier_location_result,CWS_DEL,s0045,CCWD,1,CWS_DEL.csv
tier_location_result,CWS_DEL,s0045,CSB038,4,CWS_DEL.csv
tier_location_result,CWS_DEL,s0045,CSB103,4,CWS_DEL.csv
tier_location_result,CWS_DEL,s0045,CSPSO,4,CWS_DEL.csv
tier_location_result,CWS_DEL,s0045,CSTIC,3,CWS_DEL.csv
tier_location_result,CWS_DEL,s0045,ELDID_NU1,1,CWS_DEL.csv
tier_location_result,CWS_DEL,s0045,ELDID_NU2,1,CWS_DEL.csv
tier_location_result,CWS_DEL,s0045,ELDID_NU3,1,CWS_DEL.csv
tier_location_result,CWS_DEL,s0045,ESB324,4,CWS_DEL.csv
tier_location_result,CWS_DEL,s0045,ESB347,4,CWS_DEL.csv
tier_location_result,CWS_DEL,s0045,ESB414,4,CWS_DEL.csv
tier_location_result,CWS_DEL,s0045,ESB415,4,CWS_DEL.csv
tier_location_result,CWS_DEL,s0045,ESB420,4,CWS_DEL.csv
tier_location_result,CWS_DEL,s0045,FRFLD,1,CWS_DEL.csv
tier_location_result,CWS_DEL,s0045,GDPUD_NU,2,CWS_DEL.csv
tier_location_result,CWS_DEL,s0045,GRSVL,3,CWS_DEL.csv
tier_location_result,CWS_DEL,s0045,JLIND,1,CWS_DEL.csv
tier_location_result,CWS_DEL,s0045,KCWA,4,CWS_DEL.csv
tier_location_result,CWS_DEL,s0045,MWD,1,CWS_DEL.csv
tier_location_result,CWS_DEL,s0045,NAPA,1,CWS_DEL.csv
tier_location_result,CWS_DEL,s0045,NAPA2,3,CWS_DEL.csv
tier_location_result,CWS_DEL,s0045,PCWA3,1,CWS_DEL.csv
tier_location_result,CWS_DEL,s0045,PLMAS,3,CWS_DEL.csv
tier_location_result,CWS_DEL,s0045,SBA029,4,CWS_DEL.csv
tier_location_result,CWS_DEL,s0045,SBA036,4,CWS_DEL.csv
tier_location_result,CWS_DEL,s0045,SCVWD,3,CWS_DEL.csv
tier_location_result,CWS_DEL,s0045,SUISN,4,CWS_DEL.csv
tier_location_result,CWS_DEL,s0045,SVWRD,4,CWS_DEL.csv
tier_location_result,CWS_DEL,s0045,TLMNE,1,CWS_DEL.csv
tier_location_result,CWS_DEL,s0045,TVAFB,1,CWS_DEL.csv
tier_location_result,CWS_DEL,s0045,UNION,1,CWS_DEL.csv
tier_location_result,CWS_DEL,s0045,UPANG,1,CWS_DEL.csv
tier_location_result,CWS_DEL,s0045,VLLJO,2,CWS_DEL.csv
tier_location_result,CWS_DEL,s0045,WLDWD,3,CWS_DEL.csv
tier_location_result,CWS_DEL,s0046,02_PU,3,CWS_DEL.csv
tier_location_result,CWS_DEL,s0046,02_SU,4,CWS_DEL.csv
tier_location_result,CWS_DEL,s0046,03_PU1,3,CWS_DEL.csv
tier_location_result,CWS_DEL,s0046,03_PU2,4,CWS_DEL.csv
tier_location_result,CWS_DEL,s0046,03_SU,4,CWS_DEL.csv
tier_location_result,CWS_DEL,s0046,11_NU1,2,CWS_DEL.csv
tier_location_result,CWS_DEL,s0046,12_NU1,2,CWS_DEL.csv
tier_location_result,CWS_DEL,s0046,13_NU1,1,CWS_DEL.csv
tier_location_result,CWS_DEL,s0046,16_PU,4,CWS_DEL.csv
tier_location_result,CWS_DEL,s0046,20_NU1,4,CWS_DEL.csv
tier_location_result,CWS_DEL,s0046,21_PU,1,CWS_DEL.csv
tier_location_result,CWS_DEL,s0046,24_NU1,4,CWS_DEL.csv
tier_location_result,CWS_DEL,s0046,24_NU2,2,CWS_DEL.csv
tier_location_result,CWS_DEL,s0046,24_NU3,2,CWS_DEL.csv
tier_location_result,CWS_DEL,s0046,25_PU,4,CWS_DEL.csv
tier_location_result,CWS_DEL,s0046,26N_NU1,4,CWS_DEL.csv
tier_location_result,CWS_DEL,s0046,26N_NU2,4,CWS_DEL.csv
tier_location_result,CWS_DEL,s0046,26N_NU3,4,CWS_DEL.csv
tier_location_result,CWS_DEL,s0046,26N_PU1,1,CWS_DEL.csv
tier_location_result,CWS_DEL,s0046,26N_PU2,1,CWS_DEL.csv
tier_location_result,CWS_DEL,s0046,26N_PU3,1,CWS_DEL.csv
tier_location_result,CWS_DEL,s0046,26S_NU1,1,CWS_DEL.csv
tier_location_result,CWS_DEL,s0046,26S_NU3,4,CWS_DEL.csv
tier_location_result,CWS_DEL,s0046,26S_PU1,1,CWS_DEL.csv
tier_location_result,CWS_DEL,s0046,26S_PU2,4,CWS_DEL.csv
tier_location_result,CWS_DEL,s0046,26S_PU4,4,CWS_DEL.csv
tier_location_result,CWS_DEL,s0046,26S_PU5,1,CWS_DEL.csv
tier_location_result,CWS_DEL,s0046,26S_PU6,4,CWS_DEL.csv
tier_location_result,CWS_DEL,s0046,50_PU,4,CWS_DEL.csv
tier_location_result,CWS_DEL,s0046,60N_NU1,4,CWS_DEL.csv
tier_location_result,CWS_DEL,s0046,60N_NU2,1,CWS_DEL.csv
tier_location_result,CWS_DEL,s0046,60S_NU1,2,CWS_DEL.csv
tier_location_result,CWS_DEL,s0046,61_NU2,4,CWS_DEL.csv
tier_location_result,CWS_DEL,s0046,62_NU,1,CWS_DEL.csv
tier_location_result,CWS_DEL,s0046,71_NU,1,CWS_DEL.csv
tier_location_result,CWS_DEL,s0046,72_NU,1,CWS_DEL.csv
tier_location_result,CWS_DEL,s0046,72_PU,1,CWS_DEL.csv
tier_location_result,CWS_DEL,s0046,90_PU,4,CWS_DEL.csv
tier_location_result,CWS_DEL,s0046,ACFC,1,CWS_DEL.csv
tier_location_result,CWS_DEL,s0046,AMADR,4,CWS_DEL.csv
tier_location_result,CWS_DEL,s0046,AMCYN,1,CWS_DEL.csv
tier_location_result,CWS_DEL,s0046,ANTOC,1,CWS_DEL.csv
tier_location_result,CWS_DEL,s0046,BNCIA,1,CWS_DEL.csv
tier_location_result,CWS_DEL,s0046,CCWD,1,CWS_DEL.csv
tier_location_result,CWS_DEL,s0046,CSB038,4,CWS_DEL.csv
tier_location_result,CWS_DEL,s0046,CSB103,4,CWS_DEL.csv
tier_location_result,CWS_DEL,s0046,CSPSO,4,CWS_DEL.csv
tier_location_result,CWS_DEL,s0046,CSTIC,3,CWS_DEL.csv
tier_location_result,CWS_DEL,s0046,ELDID_NU1,1,CWS_DEL.csv
tier_location_result,CWS_DEL,s0046,ELDID_NU2,1,CWS_DEL.csv
tier_location_result,CWS_DEL,s0046,ELDID_NU3,1,CWS_DEL.csv
tier_location_result,CWS_DEL,s0046,ESB324,4,CWS_DEL.csv
tier_location_result,CWS_DEL,s0046,ESB347,4,CWS_DEL.csv
tier_location_result,CWS_DEL,s0046,ESB414,4,CWS_DEL.csv
tier_location_result,CWS_DEL,s0046,ESB415,4,CWS_DEL.csv
tier_location_result,CWS_DEL,s0046,ESB420,4,CWS_DEL.csv
tier_location_result,CWS_DEL,s0046,FRFLD,1,CWS_DEL.csv
tier_location_result,CWS_DEL,s0046,GDPUD_NU,2,CWS_DEL.csv
tier_location_result,CWS_DEL,s0046,GRSVL,3,CWS_DEL.csv
tier_location_result,CWS_DEL,s0046,JLIND,1,CWS_DEL.csv
tier_location_result,CWS_DEL,s0046,KCWA,4,CWS_DEL.csv
tier_location_result,CWS_DEL,s0046,MWD,1,CWS_DEL.csv
tier_location_result,CWS_DEL,s0046,NAPA,1,CWS_DEL.csv
tier_location_result,CWS_DEL,s0046,NAPA2,3,CWS_DEL.csv
tier_location_result,CWS_DEL,s0046,PCWA3,1,CWS_DEL.csv
tier_location_result,CWS_DEL,s0046,PLMAS,3,CWS_DEL.csv
tier_location_result,CWS_DEL,s0046,SBA029,4,CWS_DEL.csv
tier_location_result,CWS_DEL,s0046,SBA036,4,CWS_DEL.csv
tier_location_result,CWS_DEL,s0046,SCVWD,4,CWS_DEL.csv
tier_location_result,CWS_DEL,s0046,SUISN,4,CWS_DEL.csv
tier_location_result,CWS_DEL,s0046,SVWRD,4,CWS_DEL.csv
tier_location_result,CWS_DEL,s0046,TLMNE,1,CWS_DEL.csv
tier_location_result,CWS_DEL,s0046,TVAFB,1,CWS_DEL.csv
tier_location_result,CWS_DEL,s0046,UNION,1,CWS_DEL.csv
tier_location_result,CWS_DEL,s0046,UPANG,1,CWS_DEL.csv
tier_location_result,CWS_DEL,s0046,VLLJO,2,CWS_DEL.csv
tier_location_result,CWS_DEL,s0046,WLDWD,3,CWS_DEL.csv
tier_location_result,CWS_DEL,s0047,02_PU,3,CWS_DEL.csv
tier_location_result,CWS_DEL,s0047,02_SU,4,CWS_DEL.csv
tier_location_result,CWS_DEL,s0047,03_PU1,3,CWS_DEL.csv
tier_location_result,CWS_DEL,s0047,03_PU2,4,CWS_DEL.csv
tier_location_result,CWS_DEL,s0047,03_SU,4,CWS_DEL.csv
tier_location_result,CWS_DEL,s0047,11_NU1,3,CWS_DEL.csv
tier_location_result,CWS_DEL,s0047,12_NU1,3,CWS_DEL.csv
tier_location_result,CWS_DEL,s0047,13_NU1,1,CWS_DEL.csv
tier_location_result,CWS_DEL,s0047,16_PU,4,CWS_DEL.csv
tier_location_result,CWS_DEL,s0047,20_NU1,4,CWS_DEL.csv
tier_location_result,CWS_DEL,s0047,21_PU,3,CWS_DEL.csv
tier_location_result,CWS_DEL,s0047,24_NU1,4,CWS_DEL.csv
tier_location_result,CWS_DEL,s0047,24_NU2,1,CWS_DEL.csv
tier_location_result,CWS_DEL,s0047,24_NU3,3,CWS_DEL.csv
tier_location_result,CWS_DEL,s0047,25_PU,4,CWS_DEL.csv
tier_location_result,CWS_DEL,s0047,26N_NU1,4,CWS_DEL.csv
tier_location_result,CWS_DEL,s0047,26N_NU2,4,CWS_DEL.csv
tier_location_result,CWS_DEL,s0047,26N_NU3,3,CWS_DEL.csv
tier_location_result,CWS_DEL,s0047,26N_PU1,3,CWS_DEL.csv
tier_location_result,CWS_DEL,s0047,26N_PU2,1,CWS_DEL.csv
tier_location_result,CWS_DEL,s0047,26N_PU3,1,CWS_DEL.csv
tier_location_result,CWS_DEL,s0047,26S_NU1,3,CWS_DEL.csv
tier_location_result,CWS_DEL,s0047,26S_NU3,3,CWS_DEL.csv
tier_location_result,CWS_DEL,s0047,26S_PU1,3,CWS_DEL.csv
tier_location_result,CWS_DEL,s0047,26S_PU2,4,CWS_DEL.csv
tier_location_result,CWS_DEL,s0047,26S_PU4,3,CWS_DEL.csv
tier_location_result,CWS_DEL,s0047,26S_PU5,3,CWS_DEL.csv
tier_location_result,CWS_DEL,s0047,26S_PU6,4,CWS_DEL.csv
tier_location_result,CWS_DEL,s0047,50_PU,4,CWS_DEL.csv
tier_location_result,CWS_DEL,s0047,60N_NU1,4,CWS_DEL.csv
tier_location_result,CWS_DEL,s0047,60N_NU2,1,CWS_DEL.csv
tier_location_result,CWS_DEL,s0047,60S_NU1,2,CWS_DEL.csv
tier_location_result,CWS_DEL,s0047,61_NU2,4,CWS_DEL.csv
tier_location_result,CWS_DEL,s0047,62_NU,1,CWS_DEL.csv
tier_location_result,CWS_DEL,s0047,72_NU,1,CWS_DEL.csv
tier_location_result,CWS_DEL,s0047,72_PU,1,CWS_DEL.csv
tier_location_result,CWS_DEL,s0047,90_PU,4,CWS_DEL.csv
tier_location_result,CWS_DEL,s0047,ACFC,1,CWS_DEL.csv
tier_location_result,CWS_DEL,s0047,AMADR,4,CWS_DEL.csv
tier_location_result,CWS_DEL,s0047,AMCYN,1,CWS_DEL.csv
tier_location_result,CWS_DEL,s0047,ANTOC,1,CWS_DEL.csv
tier_location_result,CWS_DEL,s0047,BNCIA,1,CWS_DEL.csv
tier_location_result,CWS_DEL,s0047,CCWD,1,CWS_DEL.csv
tier_location_result,CWS_DEL,s0047,CSB038,4,CWS_DEL.csv
tier_location_result,CWS_DEL,s0047,CSB103,4,CWS_DEL.csv
tier_location_result,CWS_DEL,s0047,CSPSO,4,CWS_DEL.csv
tier_location_result,CWS_DEL,s0047,CSTIC,3,CWS_DEL.csv
tier_location_result,CWS_DEL,s0047,ELDID_NA1,4,CWS_DEL.csv
tier_location_result,CWS_DEL,s0047,ELDID_NU1,1,CWS_DEL.csv
tier_location_result,CWS_DEL,s0047,ELDID_NU2,1,CWS_DEL.csv
tier_location_result,CWS_DEL,s0047,ELDID_NU3,1,CWS_DEL.csv
tier_location_result,CWS_DEL,s0047,ESB324,4,CWS_DEL.csv
tier_location_result,CWS_DEL,s0047,ESB347,4,CWS_DEL.csv
tier_location_result,CWS_DEL,s0047,ESB414,4,CWS_DEL.csv
tier_location_result,CWS_DEL,s0047,ESB415,4,CWS_DEL.csv
tier_location_result,CWS_DEL,s0047,ESB420,4,CWS_DEL.csv
tier_location_result,CWS_DEL,s0047,FRFLD,1,CWS_DEL.csv
tier_location_result,CWS_DEL,s0047,GDPUD_NU,2,CWS_DEL.csv
tier_location_result,CWS_DEL,s0047,GRSVL,3,CWS_DEL.csv
tier_location_result,CWS_DEL,s0047,JLIND,1,CWS_DEL.csv
tier_location_result,CWS_DEL,s0047,KCWA,4,CWS_DEL.csv
tier_location_result,CWS_DEL,s0047,MWD,1,CWS_DEL.csv
tier_location_result,CWS_DEL,s0047,NAPA,1,CWS_DEL.csv
tier_location_result,CWS_DEL,s0047,NAPA2,3,CWS_DEL.csv
tier_location_result,CWS_DEL,s0047,PCWA3,3,CWS_DEL.csv
tier_location_result,CWS_DEL,s0047,PLMAS,3,CWS_DEL.csv
tier_location_result,CWS_DEL,s0047,SBA029,4,CWS_DEL.csv
tier_location_result,CWS_DEL,s0047,SBA036,4,CWS_DEL.csv
tier_location_result,CWS_DEL,s0047,SCVWD,4,CWS_DEL.csv
tier_location_result,CWS_DEL,s0047,SUISN,4,CWS_DEL.csv
tier_location_result,CWS_DEL,s0047,SVWRD,4,CWS_DEL.csv
tier_location_result,CWS_DEL,s0047,TLMNE,1,CWS_DEL.csv
tier_location_result,CWS_DEL,s0047,TVAFB,1,CWS_DEL.csv
tier_location_result,CWS_DEL,s0047,UNION,1,CWS_DEL.csv
tier_location_result,CWS_DEL,s0047,UPANG,1,CWS_DEL.csv
tier_location_result,CWS_DEL,s0047,VLLJO,2,CWS_DEL.csv
tier_location_result,CWS_DEL,s0047,WLDWD,3,CWS_DEL.csv
tier_location_result,CWS_DEL,s0048,02_PU,3,CWS_DEL.csv
tier_location_result,CWS_DEL,s0048,02_SU,3,CWS_DEL.csv
tier_location_result,CWS_DEL,s0048,03_PU1,3,CWS_DEL.csv
tier_location_result,CWS_DEL,s0048,03_PU2,4,CWS_DEL.csv
tier_location_result,CWS_DEL,s0048,03_SU,4,CWS_DEL.csv
tier_location_result,CWS_DEL,s0048,11_NU1,3,CWS_DEL.csv
tier_location_result,CWS_DEL,s0048,12_NU1,3,CWS_DEL.csv
tier_location_result,CWS_DEL,s0048,13_NU1,1,CWS_DEL.csv
tier_location_result,CWS_DEL,s0048,16_PU,4,CWS_DEL.csv
tier_location_result,CWS_DEL,s0048,20_NU1,4,CWS_DEL.csv
tier_location_result,CWS_DEL,s0048,21_PU,2,CWS_DEL.csv
tier_location_result,CWS_DEL,s0048,24_NU1,4,CWS_DEL.csv
tier_location_result,CWS_DEL,s0048,24_NU2,3,CWS_DEL.csv
tier_location_result,CWS_DEL,s0048,24_NU3,3,CWS_DEL.csv
tier_location_result,CWS_DEL,s0048,25_PU,4,CWS_DEL.csv
tier_location_result,CWS_DEL,s0048,26N_NU1,4,CWS_DEL.csv
tier_location_result,CWS_DEL,s0048,26N_NU2,4,CWS_DEL.csv
tier_location_result,CWS_DEL,s0048,26N_NU3,4,CWS_DEL.csv
tier_location_result,CWS_DEL,s0048,26N_PU1,4,CWS_DEL.csv
tier_location_result,CWS_DEL,s0048,26N_PU2,1,CWS_DEL.csv
tier_location_result,CWS_DEL,s0048,26N_PU3,1,CWS_DEL.csv
tier_location_result,CWS_DEL,s0048,26S_NU1,2,CWS_DEL.csv
tier_location_result,CWS_DEL,s0048,26S_NU3,4,CWS_DEL.csv
tier_location_result,CWS_DEL,s0048,26S_PU1,3,CWS_DEL.csv
tier_location_result,CWS_DEL,s0048,26S_PU2,4,CWS_DEL.csv
tier_location_result,CWS_DEL,s0048,26S_PU4,4,CWS_DEL.csv
tier_location_result,CWS_DEL,s0048,26S_PU5,3,CWS_DEL.csv
tier_location_result,CWS_DEL,s0048,26S_PU6,4,CWS_DEL.csv
tier_location_result,CWS_DEL,s0048,50_PU,4,CWS_DEL.csv
tier_location_result,CWS_DEL,s0048,60N_NU1,4,CWS_DEL.csv
tier_location_result,CWS_DEL,s0048,60N_NU2,1,CWS_DEL.csv
tier_location_result,CWS_DEL,s0048,60S_NU1,2,CWS_DEL.csv
tier_location_result,CWS_DEL,s0048,61_NU2,4,CWS_DEL.csv
tier_location_result,CWS_DEL,s0048,62_NU,1,CWS_DEL.csv
tier_location_result,CWS_DEL,s0048,71_NU,1,CWS_DEL.csv
tier_location_result,CWS_DEL,s0048,72_NU,1,CWS_DEL.csv
tier_location_result,CWS_DEL,s0048,72_PU,1,CWS_DEL.csv
tier_location_result,CWS_DEL,s0048,90_PU,4,CWS_DEL.csv
tier_location_result,CWS_DEL,s0048,ACFC,1,CWS_DEL.csv
tier_location_result,CWS_DEL,s0048,AMADR,4,CWS_DEL.csv
tier_location_result,CWS_DEL,s0048,AMCYN,1,CWS_DEL.csv
tier_location_result,CWS_DEL,s0048,ANTOC,1,CWS_DEL.csv
tier_location_result,CWS_DEL,s0048,BNCIA,1,CWS_DEL.csv
tier_location_result,CWS_DEL,s0048,CCWD,1,CWS_DEL.csv
tier_location_result,CWS_DEL,s0048,CSB038,4,CWS_DEL.csv
tier_location_result,CWS_DEL,s0048,CSB103,4,CWS_DEL.csv
tier_location_result,CWS_DEL,s0048,CSPSO,4,CWS_DEL.csv
tier_location_result,CWS_DEL,s0048,CSTIC,3,CWS_DEL.csv
tier_location_result,CWS_DEL,s0048,ELDID_NU1,1,CWS_DEL.csv
tier_location_result,CWS_DEL,s0048,ELDID_NU2,1,CWS_DEL.csv
tier_location_result,CWS_DEL,s0048,ELDID_NU3,1,CWS_DEL.csv
tier_location_result,CWS_DEL,s0048,ESB324,4,CWS_DEL.csv
tier_location_result,CWS_DEL,s0048,ESB347,4,CWS_DEL.csv
tier_location_result,CWS_DEL,s0048,ESB414,4,CWS_DEL.csv
tier_location_result,CWS_DEL,s0048,ESB415,4,CWS_DEL.csv
tier_location_result,CWS_DEL,s0048,ESB420,4,CWS_DEL.csv
tier_location_result,CWS_DEL,s0048,FRFLD,1,CWS_DEL.csv
tier_location_result,CWS_DEL,s0048,GDPUD_NU,2,CWS_DEL.csv
tier_location_result,CWS_DEL,s0048,GRSVL,3,CWS_DEL.csv
tier_location_result,CWS_DEL,s0048,JLIND,1,CWS_DEL.csv
tier_location_result,CWS_DEL,s0048,KCWA,4,CWS_DEL.csv
tier_location_result,CWS_DEL,s0048,MWD,1,CWS_DEL.csv
tier_location_result,CWS_DEL,s0048,NAPA,1,CWS_DEL.csv
tier_location_result,CWS_DEL,s0048,NAPA2,3,CWS_DEL.csv
tier_location_result,CWS_DEL,s0048,PCWA3,3,CWS_DEL.csv
tier_location_result,CWS_DEL,s0048,PLMAS,3,CWS_DEL.csv
tier_location_result,CWS_DEL,s0048,SBA029,4,CWS_DEL.csv
tier_location_result,CWS_DEL,s0048,SBA036,4,CWS_DEL.csv
tier_location_result,CWS_DEL,s0048,SCVWD,4,CWS_DEL.csv
tier_location_result,CWS_DEL,s0048,SUISN,4,CWS_DEL.csv
tier_location_result,CWS_DEL,s0048,SVWRD,4,CWS_DEL.csv
tier_location_result,CWS_DEL,s0048,TLMNE,1,CWS_DEL.csv
tier_location_result,CWS_DEL,s0048,TVAFB,1,CWS_DEL.csv
tier_location_result,CWS_DEL,s0048,UNION,1,CWS_DEL.csv
tier_location_result,CWS_DEL,s0048,UPANG,1,CWS_DEL.csv
tier_location_result,CWS_DEL,s0048,VLLJO,2,CWS_DEL.csv
tier_location_result,CWS_DEL,s0048,WLDWD,3,CWS_DEL.csv
tier_location_result,CWS_DEL,s0049,02_PU,3,CWS_DEL.csv
tier_location_result,CWS_DEL,s0049,02_SU,4,CWS_DEL.csv
tier_location_result,CWS_DEL,s0049,03_PU1,3,CWS_DEL.csv
tier_location_result,CWS_DEL,s0049,03_PU2,4,CWS_DEL.csv
tier_location_result,CWS_DEL,s0049,03_SU,4,CWS_DEL.csv
tier_location_result,CWS_DEL,s0049,11_NU1,3,CWS_DEL.csv
tier_location_result,CWS_DEL,s0049,12_NU1,3,CWS_DEL.csv
tier_location_result,CWS_DEL,s0049,13_NU1,1,CWS_DEL.csv
tier_location_result,CWS_DEL,s0049,16_PU,4,CWS_DEL.csv
tier_location_result,CWS_DEL,s0049,20_NU1,4,CWS_DEL.csv
tier_location_result,CWS_DEL,s0049,21_PU,3,CWS_DEL.csv
tier_location_result,CWS_DEL,s0049,24_NU1,4,CWS_DEL.csv
tier_location_result,CWS_DEL,s0049,24_NU2,2,CWS_DEL.csv
tier_location_result,CWS_DEL,s0049,24_NU3,3,CWS_DEL.csv
tier_location_result,CWS_DEL,s0049,25_PU,4,CWS_DEL.csv
tier_location_result,CWS_DEL,s0049,26N_NU1,4,CWS_DEL.csv
tier_location_result,CWS_DEL,s0049,26N_NU2,4,CWS_DEL.csv
tier_location_result,CWS_DEL,s0049,26N_NU3,4,CWS_DEL.csv
tier_location_result,CWS_DEL,s0049,26N_PU1,3,CWS_DEL.csv
tier_location_result,CWS_DEL,s0049,26N_PU2,1,CWS_DEL.csv
tier_location_result,CWS_DEL,s0049,26N_PU3,1,CWS_DEL.csv
tier_location_result,CWS_DEL,s0049,26S_NU1,3,CWS_DEL.csv
tier_location_result,CWS_DEL,s0049,26S_NU3,4,CWS_DEL.csv
tier_location_result,CWS_DEL,s0049,26S_PU1,3,CWS_DEL.csv
tier_location_result,CWS_DEL,s0049,26S_PU2,4,CWS_DEL.csv
tier_location_result,CWS_DEL,s0049,26S_PU4,3,CWS_DEL.csv
tier_location_result,CWS_DEL,s0049,26S_PU5,3,CWS_DEL.csv
tier_location_result,CWS_DEL,s0049,26S_PU6,4,CWS_DEL.csv
tier_location_result,CWS_DEL,s0049,50_PU,4,CWS_DEL.csv
tier_location_result,CWS_DEL,s0049,60N_NU1,4,CWS_DEL.csv
tier_location_result,CWS_DEL,s0049,60N_NU2,1,CWS_DEL.csv
tier_location_result,CWS_DEL,s0049,60S_NU1,2,CWS_DEL.csv
tier_location_result,CWS_DEL,s0049,61_NU2,4,CWS_DEL.csv
tier_location_result,CWS_DEL,s0049,62_NU,1,CWS_DEL.csv
tier_location_result,CWS_DEL,s0049,72_NU,1,CWS_DEL.csv
tier_location_result,CWS_DEL,s0049,72_PU,1,CWS_DEL.csv
tier_location_result,CWS_DEL,s0049,90_PU,4,CWS_DEL.csv
tier_location_result,CWS_DEL,s0049,ACFC,1,CWS_DEL.csv
tier_location_result,CWS_DEL,s0049,AMADR,4,CWS_DEL.csv
tier_location_result,CWS_DEL,s0049,AMCYN,1,CWS_DEL.csv
tier_location_result,CWS_DEL,s0049,ANTOC,1,CWS_DEL.csv
tier_location_result,CWS_DEL,s0049,BNCIA,1,CWS_DEL.csv
tier_location_result,CWS_DEL,s0049,CCWD,1,CWS_DEL.csv
tier_location_result,CWS_DEL,s0049,CSB038,4,CWS_DEL.csv
tier_location_result,CWS_DEL,s0049,CSB103,4,CWS_DEL.csv
tier_location_result,CWS_DEL,s0049,CSPSO,4,CWS_DEL.csv
tier_location_result,CWS_DEL,s0049,CSTIC,3,CWS_DEL.csv
tier_location_result,CWS_DEL,s0049,ELDID_NU1,1,CWS_DEL.csv
tier_location_result,CWS_DEL,s0049,ELDID_NU2,1,CWS_DEL.csv
tier_location_result,CWS_DEL,s0049,ELDID_NU3,1,CWS_DEL.csv
tier_location_result,CWS_DEL,s0049,ESB324,4,CWS_DEL.csv
tier_location_result,CWS_DEL,s0049,ESB347,4,CWS_DEL.csv
tier_location_result,CWS_DEL,s0049,ESB414,4,CWS_DEL.csv
tier_location_result,CWS_DEL,s0049,ESB415,4,CWS_DEL.csv
tier_location_result,CWS_DEL,s0049,ESB420,4,CWS_DEL.csv
tier_location_result,CWS_DEL,s0049,FRFLD,1,CWS_DEL.csv
tier_location_result,CWS_DEL,s0049,GDPUD_NU,2,CWS_DEL.csv
tier_location_result,CWS_DEL,s0049,GRSVL,3,CWS_DEL.csv
tier_location_result,CWS_DEL,s0049,JLIND,1,CWS_DEL.csv
tier_location_result,CWS_DEL,s0049,KCWA,4,CWS_DEL.csv
tier_location_result,CWS_DEL,s0049,MWD,1,CWS_DEL.csv
tier_location_result,CWS_DEL,s0049,NAPA,1,CWS_DEL.csv
tier_location_result,CWS_DEL,s0049,NAPA2,3,CWS_DEL.csv
tier_location_result,CWS_DEL,s0049,PCWA3,3,CWS_DEL.csv
tier_location_result,CWS_DEL,s0049,PLMAS,3,CWS_DEL.csv
tier_location_result,CWS_DEL,s0049,SBA029,4,CWS_DEL.csv
tier_location_result,CWS_DEL,s0049,SBA036,4,CWS_DEL.csv
tier_location_result,CWS_DEL,s0049,SCVWD,4,CWS_DEL.csv
tier_location_result,CWS_DEL,s0049,SUISN,4,CWS_DEL.csv
tier_location_result,CWS_DEL,s0049,SVWRD,4,CWS_DEL.csv
tier_location_result,CWS_DEL,s0049,TLMNE,1,CWS_DEL.csv
tier_location_result,CWS_DEL,s0049,TVAFB,1,CWS_DEL.csv
tier_location_result,CWS_DEL,s0049,UNION,1,CWS_DEL.csv
tier_location_result,CWS_DEL,s0049,UPANG,1,CWS_DEL.csv
tier_location_result,CWS_DEL,s0049,VLLJO,3,CWS_DEL.csv
tier_location_result,CWS_DEL,s0049,WLDWD,3,CWS_DEL.csv
tier_location_result,CWS_DEL,s0050,02_PU,3,CWS_DEL.csv
tier_location_result,CWS_DEL,s0050,02_SU,4,CWS_DEL.csv
tier_location_result,CWS_DEL,s0050,03_PU1,3,CWS_DEL.csv
tier_location_result,CWS_DEL,s0050,03_PU2,4,CWS_DEL.csv
tier_location_result,CWS_DEL,s0050,03_SU,4,CWS_DEL.csv
tier_location_result,CWS_DEL,s0050,11_NU1,3,CWS_DEL.csv
tier_location_result,CWS_DEL,s0050,12_NU1,3,CWS_DEL.csv
tier_location_result,CWS_DEL,s0050,13_NU1,1,CWS_DEL.csv
tier_location_result,CWS_DEL,s0050,16_PU,4,CWS_DEL.csv
tier_location_result,CWS_DEL,s0050,20_NU1,4,CWS_DEL.csv
tier_location_result,CWS_DEL,s0050,21_PU,1,CWS_DEL.csv
tier_location_result,CWS_DEL,s0050,24_NU1,4,CWS_DEL.csv
tier_location_result,CWS_DEL,s0050,24_NU2,4,CWS_DEL.csv
tier_location_result,CWS_DEL,s0050,24_NU3,2,CWS_DEL.csv
tier_location_result,CWS_DEL,s0050,25_PU,4,CWS_DEL.csv
tier_location_result,CWS_DEL,s0050,26N_NU1,4,CWS_DEL.csv
tier_location_result,CWS_DEL,s0050,26N_NU2,4,CWS_DEL.csv
tier_location_result,CWS_DEL,s0050,26N_NU3,4,CWS_DEL.csv
tier_location_result,CWS_DEL,s0050,26N_PU1,2,CWS_DEL.csv
tier_location_result,CWS_DEL,s0050,26N_PU2,1,CWS_DEL.csv
tier_location_result,CWS_DEL,s0050,26N_PU3,1,CWS_DEL.csv
tier_location_result,CWS_DEL,s0050,26S_NU1,2,CWS_DEL.csv
tier_location_result,CWS_DEL,s0050,26S_NU3,4,CWS_DEL.csv
tier_location_result,CWS_DEL,s0050,26S_PU1,1,CWS_DEL.csv
tier_location_result,CWS_DEL,s0050,26S_PU2,4,CWS_DEL.csv
tier_location_result,CWS_DEL,s0050,26S_PU4,3,CWS_DEL.csv
tier_location_result,CWS_DEL,s0050,26S_PU5,3,CWS_DEL.csv
tier_location_result,CWS_DEL,s0050,26S_PU6,4,CWS_DEL.csv
tier_location_result,CWS_DEL,s0050,50_PU,4,CWS_DEL.csv
tier_location_result,CWS_DEL,s0050,60N_NU1,4,CWS_DEL.csv
tier_location_result,CWS_DEL,s0050,60N_NU2,1,CWS_DEL.csv
tier_location_result,CWS_DEL,s0050,60S_NU1,2,CWS_DEL.csv
tier_location_result,CWS_DEL,s0050,61_NU2,4,CWS_DEL.csv
tier_location_result,CWS_DEL,s0050,62_NU,1,CWS_DEL.csv
tier_location_result,CWS_DEL,s0050,71_NU,1,CWS_DEL.csv
tier_location_result,CWS_DEL,s0050,72_NU,1,CWS_DEL.csv
tier_location_result,CWS_DEL,s0050,72_PU,1,CWS_DEL.csv
tier_location_result,CWS_DEL,s0050,90_PU,4,CWS_DEL.csv
tier_location_result,CWS_DEL,s0050,ACFC,1,CWS_DEL.csv
tier_location_result,CWS_DEL,s0050,AMADR,4,CWS_DEL.csv
tier_location_result,CWS_DEL,s0050,AMCYN,1,CWS_DEL.csv
tier_location_result,CWS_DEL,s0050,ANTOC,1,CWS_DEL.csv
tier_location_result,CWS_DEL,s0050,BNCIA,1,CWS_DEL.csv
tier_location_result,CWS_DEL,s0050,CCWD,1,CWS_DEL.csv
tier_location_result,CWS_DEL,s0050,CSB038,4,CWS_DEL.csv
tier_location_result,CWS_DEL,s0050,CSB103,4,CWS_DEL.csv
tier_location_result,CWS_DEL,s0050,CSPSO,4,CWS_DEL.csv
tier_location_result,CWS_DEL,s0050,CSTIC,3,CWS_DEL.csv
tier_location_result,CWS_DEL,s0050,ELDID_NU1,1,CWS_DEL.csv
tier_location_result,CWS_DEL,s0050,ELDID_NU2,1,CWS_DEL.csv
tier_location_result,CWS_DEL,s0050,ELDID_NU3,1,CWS_DEL.csv
tier_location_result,CWS_DEL,s0050,ESB324,4,CWS_DEL.csv
tier_location_result,CWS_DEL,s0050,ESB347,4,CWS_DEL.csv
tier_location_result,CWS_DEL,s0050,ESB414,4,CWS_DEL.csv
tier_location_result,CWS_DEL,s0050,ESB415,4,CWS_DEL.csv
tier_location_result,CWS_DEL,s0050,ESB420,4,CWS_DEL.csv
tier_location_result,CWS_DEL,s0050,FRFLD,1,CWS_DEL.csv
tier_location_result,CWS_DEL,s0050,GDPUD_NU,2,CWS_DEL.csv
tier_location_result,CWS_DEL,s0050,GRSVL,2,CWS_DEL.csv
tier_location_result,CWS_DEL,s0050,JLIND,1,CWS_DEL.csv
tier_location_result,CWS_DEL,s0050,KCWA,4,CWS_DEL.csv
tier_location_result,CWS_DEL,s0050,MWD,1,CWS_DEL.csv
tier_location_result,CWS_DEL,s0050,NAPA,1,CWS_DEL.csv
tier_location_result,CWS_DEL,s0050,NAPA2,3,CWS_DEL.csv
tier_location_result,CWS_DEL,s0050,PCWA3,3,CWS_DEL.csv
tier_location_result,CWS_DEL,s0050,PLMAS,3,CWS_DEL.csv
tier_location_result,CWS_DEL,s0050,SBA029,4,CWS_DEL.csv
tier_location_result,CWS_DEL,s0050,SBA036,4,CWS_DEL.csv
tier_location_result,CWS_DEL,s0050,SCVWD,4,CWS_DEL.csv
tier_location_result,CWS_DEL,s0050,SUISN,4,CWS_DEL.csv
tier_location_result,CWS_DEL,s0050,SVWRD,4,CWS_DEL.csv
tier_location_result,CWS_DEL,s0050,TLMNE,1,CWS_DEL.csv
tier_location_result,CWS_DEL,s0050,TVAFB,1,CWS_DEL.csv
tier_location_result,CWS_DEL,s0050,UNION,1,CWS_DEL.csv
tier_location_result,CWS_DEL,s0050,UPANG,1,CWS_DEL.csv
tier_location_result,CWS_DEL,s0050,VLLJO,1,CWS_DEL.csv
tier_location_result,CWS_DEL,s0050,WLDWD,3,CWS_DEL.csv
tier_location_result,CWS_DEL,s0051,02_PU,3,CWS_DEL.csv
tier_location_result,CWS_DEL,s0051,02_SU,4,CWS_DEL.csv
tier_location_result,CWS_DEL,s0051,03_PU1,3,CWS_DEL.csv
tier_location_result,CWS_DEL,s0051,03_PU2,4,CWS_DEL.csv
tier_location_result,CWS_DEL,s0051,03_SU,4,CWS_DEL.csv
tier_location_result,CWS_DEL,s0051,11_NU1,3,CWS_DEL.csv
tier_location_result,CWS_DEL,s0051,12_NU1,3,CWS_DEL.csv
tier_location_result,CWS_DEL,s0051,13_NU1,1,CWS_DEL.csv
tier_location_result,CWS_DEL,s0051,16_PU,4,CWS_DEL.csv
tier_location_result,CWS_DEL,s0051,20_NU1,4,CWS_DEL.csv
tier_location_result,CWS_DEL,s0051,21_PU,3,CWS_DEL.csv
tier_location_result,CWS_DEL,s0051,24_NU1,4,CWS_DEL.csv
tier_location_result,CWS_DEL,s0051,24_NU2,4,CWS_DEL.csv
tier_location_result,CWS_DEL,s0051,24_NU3,3,CWS_DEL.csv
tier_location_result,CWS_DEL,s0051,25_PU,4,CWS_DEL.csv
tier_location_result,CWS_DEL,s0051,26N_NU1,4,CWS_DEL.csv
tier_location_result,CWS_DEL,s0051,26N_NU2,4,CWS_DEL.csv
tier_location_result,CWS_DEL,s0051,26N_NU3,4,CWS_DEL.csv
tier_location_result,CWS_DEL,s0051,26N_PU1,2,CWS_DEL.csv
tier_location_result,CWS_DEL,s0051,26N_PU2,1,CWS_DEL.csv
tier_location_result,CWS_DEL,s0051,26N_PU3,1,CWS_DEL.csv
tier_location_result,CWS_DEL,s0051,26S_NU1,3,CWS_DEL.csv
tier_location_result,CWS_DEL,s0051,26S_NU3,4,CWS_DEL.csv
tier_location_result,CWS_DEL,s0051,26S_PU1,2,CWS_DEL.csv
tier_location_result,CWS_DEL,s0051,26S_PU2,4,CWS_DEL.csv
tier_location_result,CWS_DEL,s0051,26S_PU4,3,CWS_DEL.csv
tier_location_result,CWS_DEL,s0051,26S_PU5,3,CWS_DEL.csv
tier_location_result,CWS_DEL,s0051,26S_PU6,4,CWS_DEL.csv
tier_location_result,CWS_DEL,s0051,50_PU,4,CWS_DEL.csv
tier_location_result,CWS_DEL,s0051,60N_NU1,4,CWS_DEL.csv
tier_location_result,CWS_DEL,s0051,60N_NU2,1,CWS_DEL.csv
tier_location_result,CWS_DEL,s0051,60S_NU1,2,CWS_DEL.csv
tier_location_result,CWS_DEL,s0051,61_NU2,4,CWS_DEL.csv
tier_location_result,CWS_DEL,s0051,62_NU,1,CWS_DEL.csv
tier_location_result,CWS_DEL,s0051,71_NU,1,CWS_DEL.csv
tier_location_result,CWS_DEL,s0051,72_NU,1,CWS_DEL.csv
tier_location_result,CWS_DEL,s0051,72_PU,1,CWS_DEL.csv
tier_location_result,CWS_DEL,s0051,90_PU,4,CWS_DEL.csv
tier_location_result,CWS_DEL,s0051,ACFC,1,CWS_DEL.csv
tier_location_result,CWS_DEL,s0051,AMADR,4,CWS_DEL.csv
tier_location_result,CWS_DEL,s0051,AMCYN,1,CWS_DEL.csv
tier_location_result,CWS_DEL,s0051,ANTOC,1,CWS_DEL.csv
tier_location_result,CWS_DEL,s0051,BNCIA,1,CWS_DEL.csv
tier_location_result,CWS_DEL,s0051,CCWD,1,CWS_DEL.csv
tier_location_result,CWS_DEL,s0051,CSB038,4,CWS_DEL.csv
tier_location_result,CWS_DEL,s0051,CSB103,4,CWS_DEL.csv
tier_location_result,CWS_DEL,s0051,CSPSO,4,CWS_DEL.csv
tier_location_result,CWS_DEL,s0051,CSTIC,3,CWS_DEL.csv
tier_location_result,CWS_DEL,s0051,ELDID_NU1,1,CWS_DEL.csv
tier_location_result,CWS_DEL,s0051,ELDID_NU2,1,CWS_DEL.csv
tier_location_result,CWS_DEL,s0051,ELDID_NU3,1,CWS_DEL.csv
tier_location_result,CWS_DEL,s0051,ESB324,4,CWS_DEL.csv
tier_location_result,CWS_DEL,s0051,ESB347,4,CWS_DEL.csv
tier_location_result,CWS_DEL,s0051,ESB414,4,CWS_DEL.csv
tier_location_result,CWS_DEL,s0051,ESB415,4,CWS_DEL.csv
tier_location_result,CWS_DEL,s0051,ESB420,4,CWS_DEL.csv
tier_location_result,CWS_DEL,s0051,FRFLD,1,CWS_DEL.csv
tier_location_result,CWS_DEL,s0051,GDPUD_NU,2,CWS_DEL.csv
tier_location_result,CWS_DEL,s0051,GRSVL,2,CWS_DEL.csv
tier_location_result,CWS_DEL,s0051,JLIND,1,CWS_DEL.csv
tier_location_result,CWS_DEL,s0051,KCWA,4,CWS_DEL.csv
tier_location_result,CWS_DEL,s0051,MWD,1,CWS_DEL.csv
tier_location_result,CWS_DEL,s0051,NAPA,1,CWS_DEL.csv
tier_location_result,CWS_DEL,s0051,NAPA2,3,CWS_DEL.csv
tier_location_result,CWS_DEL,s0051,PCWA3,3,CWS_DEL.csv
tier_location_result,CWS_DEL,s0051,PLMAS,3,CWS_DEL.csv
tier_location_result,CWS_DEL,s0051,SBA029,4,CWS_DEL.csv
tier_location_result,CWS_DEL,s0051,SBA036,4,CWS_DEL.csv
tier_location_result,CWS_DEL,s0051,SCVWD,4,CWS_DEL.csv
tier_location_result,CWS_DEL,s0051,SUISN,4,CWS_DEL.csv
tier_location_result,CWS_DEL,s0051,SVWRD,4,CWS_DEL.csv
tier_location_result,CWS_DEL,s0051,TLMNE,1,CWS_DEL.csv
tier_location_result,CWS_DEL,s0051,TVAFB,2,CWS_DEL.csv
tier_location_result,CWS_DEL,s0051,UNION,1,CWS_DEL.csv
tier_location_result,CWS_DEL,s0051,UPANG,1,CWS_DEL.csv
tier_location_result,CWS_DEL,s0051,VLLJO,2,CWS_DEL.csv
tier_location_result,CWS_DEL,s0051,WLDWD,3,CWS_DEL.csv
tier_location_result,CWS_DEL,s0056,02_PU,3,CWS_DEL.csv
tier_location_result,CWS_DEL,s0056,02_SU,4,CWS_DEL.csv
tier_location_result,CWS_DEL,s0056,03_PU1,3,CWS_DEL.csv
tier_location_result,CWS_DEL,s0056,03_PU2,4,CWS_DEL.csv
tier_location_result,CWS_DEL,s0056,03_SU,4,CWS_DEL.csv
tier_location_result,CWS_DEL,s0056,11_NU1,3,CWS_DEL.csv
tier_location_result,CWS_DEL,s0056,12_NU1,3,CWS_DEL.csv
tier_location_result,CWS_DEL,s0056,13_NU1,1,CWS_DEL.csv
tier_location_result,CWS_DEL,s0056,16_PU,4,CWS_DEL.csv
tier_location_result,CWS_DEL,s0056,20_NU1,4,CWS_DEL.csv
tier_location_result,CWS_DEL,s0056,21_PU,3,CWS_DEL.csv
tier_location_result,CWS_DEL,s0056,24_NU1,4,CWS_DEL.csv
tier_location_result,CWS_DEL,s0056,24_NU2,1,CWS_DEL.csv
tier_location_result,CWS_DEL,s0056,24_NU3,3,CWS_DEL.csv
tier_location_result,CWS_DEL,s0056,25_PU,4,CWS_DEL.csv
tier_location_result,CWS_DEL,s0056,26N_NU1,4,CWS_DEL.csv
tier_location_result,CWS_DEL,s0056,26N_NU2,4,CWS_DEL.csv
tier_location_result,CWS_DEL,s0056,26N_NU3,3,CWS_DEL.csv
tier_location_result,CWS_DEL,s0056,26N_PU1,3,CWS_DEL.csv
tier_location_result,CWS_DEL,s0056,26N_PU2,1,CWS_DEL.csv
tier_location_result,CWS_DEL,s0056,26N_PU3,1,CWS_DEL.csv
tier_location_result,CWS_DEL,s0056,26S_NU1,3,CWS_DEL.csv
tier_location_result,CWS_DEL,s0056,26S_NU3,3,CWS_DEL.csv
tier_location_result,CWS_DEL,s0056,26S_PU1,3,CWS_DEL.csv
tier_location_result,CWS_DEL,s0056,26S_PU2,4,CWS_DEL.csv
tier_location_result,CWS_DEL,s0056,26S_PU4,3,CWS_DEL.csv
tier_location_result,CWS_DEL,s0056,26S_PU5,3,CWS_DEL.csv
tier_location_result,CWS_DEL,s0056,26S_PU6,4,CWS_DEL.csv
tier_location_result,CWS_DEL,s0056,50_PU,4,CWS_DEL.csv
tier_location_result,CWS_DEL,s0056,60N_NU1,4,CWS_DEL.csv
tier_location_result,CWS_DEL,s0056,60N_NU2,1,CWS_DEL.csv
tier_location_result,CWS_DEL,s0056,60S_NU1,2,CWS_DEL.csv
tier_location_result,CWS_DEL,s0056,61_NU2,4,CWS_DEL.csv
tier_location_result,CWS_DEL,s0056,62_NU,1,CWS_DEL.csv
tier_location_result,CWS_DEL,s0056,72_NU,1,CWS_DEL.csv
tier_location_result,CWS_DEL,s0056,72_PU,1,CWS_DEL.csv
tier_location_result,CWS_DEL,s0056,90_PU,4,CWS_DEL.csv
tier_location_result,CWS_DEL,s0056,ACFC,1,CWS_DEL.csv
tier_location_result,CWS_DEL,s0056,AMADR,4,CWS_DEL.csv
tier_location_result,CWS_DEL,s0056,AMCYN,1,CWS_DEL.csv
tier_location_result,CWS_DEL,s0056,ANTOC,1,CWS_DEL.csv
tier_location_result,CWS_DEL,s0056,BNCIA,1,CWS_DEL.csv
tier_location_result,CWS_DEL,s0056,CCWD,1,CWS_DEL.csv
tier_location_result,CWS_DEL,s0056,CLLPT,1,CWS_DEL.csv
tier_location_result,CWS_DEL,s0056,CSB038,4,CWS_DEL.csv
tier_location_result,CWS_DEL,s0056,CSB103,4,CWS_DEL.csv
tier_location_result,CWS_DEL,s0056,CSPSO,4,CWS_DEL.csv
tier_location_result,CWS_DEL,s0056,CSTIC,4,CWS_DEL.csv
tier_location_result,CWS_DEL,s0056,ELDID_NA1,4,CWS_DEL.csv
tier_location_result,CWS_DEL,s0056,ELDID_NU1,1,CWS_DEL.csv
tier_location_result,CWS_DEL,s0056,ELDID_NU2,2,CWS_DEL.csv
tier_location_result,CWS_DEL,s0056,ELDID_NU3,2,CWS_DEL.csv
tier_location_result,CWS_DEL,s0056,ESB324,4,CWS_DEL.csv
tier_location_result,CWS_DEL,s0056,ESB347,4,CWS_DEL.csv
tier_location_result,CWS_DEL,s0056,ESB414,4,CWS_DEL.csv
tier_location_result,CWS_DEL,s0056,ESB415,4,CWS_DEL.csv
tier_location_result,CWS_DEL,s0056,ESB420,4,CWS_DEL.csv
tier_location_result,CWS_DEL,s0056,FRFLD,1,CWS_DEL.csv
tier_location_result,CWS_DEL,s0056,GDPUD_NU,2,CWS_DEL.csv
tier_location_result,CWS_DEL,s0056,GRSVL,3,CWS_DEL.csv
tier_location_result,CWS_DEL,s0056,JLIND,1,CWS_DEL.csv
tier_location_result,CWS_DEL,s0056,KCWA,4,CWS_DEL.csv
tier_location_result,CWS_DEL,s0056,MWD,1,CWS_DEL.csv
tier_location_result,CWS_DEL,s0056,NAPA,1,CWS_DEL.csv
tier_location_result,CWS_DEL,s0056,NAPA2,3,CWS_DEL.csv
tier_location_result,CWS_DEL,s0056,PCWA3,3,CWS_DEL.csv
tier_location_result,CWS_DEL,s0056,PLMAS,3,CWS_DEL.csv
tier_location_result,CWS_DEL,s0056,SBA029,4,CWS_DEL.csv
tier_location_result,CWS_DEL,s0056,SBA036,4,CWS_DEL.csv
tier_location_result,CWS_DEL,s0056,SCVWD,4,CWS_DEL.csv
tier_location_result,CWS_DEL,s0056,SUISN,4,CWS_DEL.csv
tier_location_result,CWS_DEL,s0056,SVWRD,4,CWS_DEL.csv
tier_location_result,CWS_DEL,s0056,TLMNE,1,CWS_DEL.csv
tier_location_result,CWS_DEL,s0056,TVAFB,1,CWS_DEL.csv
tier_location_result,CWS_DEL,s0056,UNION,1,CWS_DEL.csv
tier_location_result,CWS_DEL,s0056,UPANG,1,CWS_DEL.csv
tier_location_result,CWS_DEL,s0056,VLLJO,3,CWS_DEL.csv
tier_location_result,CWS_DEL,s0056,WLDWD,3,CWS_DEL.csv
tier_location_result,CWS_DEL,s0057,02_PU,3,CWS_DEL.csv
tier_location_result,CWS_DEL,s0057,02_SU,3,CWS_DEL.csv
tier_location_result,CWS_DEL,s0057,03_PU1,3,CWS_DEL.csv
tier_location_result,CWS_DEL,s0057,03_PU2,4,CWS_DEL.csv
tier_location_result,CWS_DEL,s0057,03_SU,4,CWS_DEL.csv
tier_location_result,CWS_DEL,s0057,11_NU1,3,CWS_DEL.csv
tier_location_result,CWS_DEL,s0057,12_NU1,3,CWS_DEL.csv
tier_location_result,CWS_DEL,s0057,13_NU1,1,CWS_DEL.csv
tier_location_result,CWS_DEL,s0057,16_PU,4,CWS_DEL.csv
tier_location_result,CWS_DEL,s0057,20_NU1,4,CWS_DEL.csv
tier_location_result,CWS_DEL,s0057,21_PU,3,CWS_DEL.csv
tier_location_result,CWS_DEL,s0057,24_NU1,4,CWS_DEL.csv
tier_location_result,CWS_DEL,s0057,24_NU2,4,CWS_DEL.csv
tier_location_result,CWS_DEL,s0057,24_NU3,3,CWS_DEL.csv
tier_location_result,CWS_DEL,s0057,25_PU,4,CWS_DEL.csv
tier_location_result,CWS_DEL,s0057,26N_NU1,4,CWS_DEL.csv
tier_location_result,CWS_DEL,s0057,26N_NU2,4,CWS_DEL.csv
tier_location_result,CWS_DEL,s0057,26N_NU3,4,CWS_DEL.csv
tier_location_result,CWS_DEL,s0057,26N_PU1,4,CWS_DEL.csv
tier_location_result,CWS_DEL,s0057,26N_PU2,1,CWS_DEL.csv
tier_location_result,CWS_DEL,s0057,26N_PU3,1,CWS_DEL.csv
tier_location_result,CWS_DEL,s0057,26S_NU1,3,CWS_DEL.csv
tier_location_result,CWS_DEL,s0057,26S_NU3,4,CWS_DEL.csv
tier_location_result,CWS_DEL,s0057,26S_PU1,3,CWS_DEL.csv
tier_location_result,CWS_DEL,s0057,26S_PU2,4,CWS_DEL.csv
tier_location_result,CWS_DEL,s0057,26S_PU4,4,CWS_DEL.csv
tier_location_result,CWS_DEL,s0057,26S_PU5,4,CWS_DEL.csv
tier_location_result,CWS_DEL,s0057,26S_PU6,4,CWS_DEL.csv
tier_location_result,CWS_DEL,s0057,50_PU,4,CWS_DEL.csv
tier_location_result,CWS_DEL,s0057,60N_NU1,4,CWS_DEL.csv
tier_location_result,CWS_DEL,s0057,60N_NU2,1,CWS_DEL.csv
tier_location_result,CWS_DEL,s0057,60S_NU1,3,CWS_DEL.csv
tier_location_result,CWS_DEL,s0057,61_NU2,4,CWS_DEL.csv
tier_location_result,CWS_DEL,s0057,62_NU,1,CWS_DEL.csv
tier_location_result,CWS_DEL,s0057,71_NU,1,CWS_DEL.csv
tier_location_result,CWS_DEL,s0057,72_NU,1,CWS_DEL.csv
tier_location_result,CWS_DEL,s0057,72_PU,1,CWS_DEL.csv
tier_location_result,CWS_DEL,s0057,90_PU,4,CWS_DEL.csv
tier_location_result,CWS_DEL,s0057,ACFC,1,CWS_DEL.csv
tier_location_result,CWS_DEL,s0057,AMADR,4,CWS_DEL.csv
tier_location_result,CWS_DEL,s0057,AMCYN,1,CWS_DEL.csv
tier_location_result,CWS_DEL,s0057,ANTOC,1,CWS_DEL.csv
tier_location_result,CWS_DEL,s0057,BNCIA,1,CWS_DEL.csv
tier_location_result,CWS_DEL,s0057,CCWD,1,CWS_DEL.csv
tier_location_result,CWS_DEL,s0057,CSB038,4,CWS_DEL.csv
tier_location_result,CWS_DEL,s0057,CSB103,4,CWS_DEL.csv
tier_location_result,CWS_DEL,s0057,CSPSO,4,CWS_DEL.csv
tier_location_result,CWS_DEL,s0057,CSTIC,4,CWS_DEL.csv
tier_location_result,CWS_DEL,s0057,ELDID_NU1,1,CWS_DEL.csv
tier_location_result,CWS_DEL,s0057,ELDID_NU2,1,CWS_DEL.csv
tier_location_result,CWS_DEL,s0057,ELDID_NU3,1,CWS_DEL.csv
tier_location_result,CWS_DEL,s0057,ESB324,4,CWS_DEL.csv
tier_location_result,CWS_DEL,s0057,ESB347,4,CWS_DEL.csv
tier_location_result,CWS_DEL,s0057,ESB414,4,CWS_DEL.csv
tier_location_result,CWS_DEL,s0057,ESB415,4,CWS_DEL.csv
tier_location_result,CWS_DEL,s0057,ESB420,4,CWS_DEL.csv
tier_location_result,CWS_DEL,s0057,FRFLD,1,CWS_DEL.csv
tier_location_result,CWS_DEL,s0057,GDPUD_NU,2,CWS_DEL.csv
tier_location_result,CWS_DEL,s0057,GRSVL,3,CWS_DEL.csv
tier_location_result,CWS_DEL,s0057,JLIND,1,CWS_DEL.csv
tier_location_result,CWS_DEL,s0057,KCWA,4,CWS_DEL.csv
tier_location_result,CWS_DEL,s0057,MWD,1,CWS_DEL.csv
tier_location_result,CWS_DEL,s0057,NAPA,1,CWS_DEL.csv
tier_location_result,CWS_DEL,s0057,NAPA2,3,CWS_DEL.csv
tier_location_result,CWS_DEL,s0057,PCWA3,3,CWS_DEL.csv
tier_location_result,CWS_DEL,s0057,PLMAS,3,CWS_DEL.csv
tier_location_result,CWS_DEL,s0057,SBA029,4,CWS_DEL.csv
tier_location_result,CWS_DEL,s0057,SBA036,4,CWS_DEL.csv
tier_location_result,CWS_DEL,s0057,SCVWD,4,CWS_DEL.csv
tier_location_result,CWS_DEL,s0057,SUISN,4,CWS_DEL.csv
tier_location_result,CWS_DEL,s0057,SVWRD,4,CWS_DEL.csv
tier_location_result,CWS_DEL,s0057,TLMNE,1,CWS_DEL.csv
tier_location_result,CWS_DEL,s0057,TVAFB,1,CWS_DEL.csv
tier_location_result,CWS_DEL,s0057,UNION,1,CWS_DEL.csv
tier_location_result,CWS_DEL,s0057,UPANG,1,CWS_DEL.csv
tier_location_result,CWS_DEL,s0057,VLLJO,3,CWS_DEL.csv
tier_location_result,CWS_DEL,s0057,WLDWD,3,CWS_DEL.csv
tier_location_result,CWS_DEL,s0058,02_PU,3,CWS_DEL.csv
tier_location_result,CWS_DEL,s0058,02_SU,4,CWS_DEL.csv
tier_location_result,CWS_DEL,s0058,03_PU1,3,CWS_DEL.csv
tier_location_result,CWS_DEL,s0058,03_PU2,4,CWS_DEL.csv
tier_location_result,CWS_DEL,s0058,03_SU,4,CWS_DEL.csv
tier_location_result,CWS_DEL,s0058,11_NU1,3,CWS_DEL.csv
tier_location_result,CWS_DEL,s0058,12_NU1,3,CWS_DEL.csv
tier_location_result,CWS_DEL,s0058,13_NU1,1,CWS_DEL.csv
tier_location_result,CWS_DEL,s0058,16_PU,4,CWS_DEL.csv
tier_location_result,CWS_DEL,s0058,20_NU1,4,CWS_DEL.csv
tier_location_result,CWS_DEL,s0058,21_PU,3,CWS_DEL.csv
tier_location_result,CWS_DEL,s0058,24_NU1,4,CWS_DEL.csv
tier_location_result,CWS_DEL,s0058,24_NU2,2,CWS_DEL.csv
tier_location_result,CWS_DEL,s0058,24_NU3,3,CWS_DEL.csv
tier_location_result,CWS_DEL,s0058,25_PU,4,CWS_DEL.csv
tier_location_result,CWS_DEL,s0058,26N_NU1,4,CWS_DEL.csv
tier_location_result,CWS_DEL,s0058,26N_NU2,4,CWS_DEL.csv
tier_location_result,CWS_DEL,s0058,26N_NU3,4,CWS_DEL.csv
tier_location_result,CWS_DEL,s0058,26N_PU1,3,CWS_DEL.csv
tier_location_result,CWS_DEL,s0058,26N_PU2,1,CWS_DEL.csv
tier_location_result,CWS_DEL,s0058,26N_PU3,1,CWS_DEL.csv
tier_location_result,CWS_DEL,s0058,26S_NU1,3,CWS_DEL.csv
tier_location_result,CWS_DEL,s0058,26S_NU3,4,CWS_DEL.csv
tier_location_result,CWS_DEL,s0058,26S_PU1,3,CWS_DEL.csv
tier_location_result,CWS_DEL,s0058,26S_PU2,4,CWS_DEL.csv
tier_location_result,CWS_DEL,s0058,26S_PU4,4,CWS_DEL.csv
tier_location_result,CWS_DEL,s0058,26S_PU5,3,CWS_DEL.csv
tier_location_result,CWS_DEL,s0058,26S_PU6,4,CWS_DEL.csv
tier_location_result,CWS_DEL,s0058,50_PU,4,CWS_DEL.csv
tier_location_result,CWS_DEL,s0058,60N_NU1,4,CWS_DEL.csv
tier_location_result,CWS_DEL,s0058,60N_NU2,1,CWS_DEL.csv
tier_location_result,CWS_DEL,s0058,60S_NU1,2,CWS_DEL.csv
tier_location_result,CWS_DEL,s0058,61_NU2,4,CWS_DEL.csv
tier_location_result,CWS_DEL,s0058,62_NU,1,CWS_DEL.csv
tier_location_result,CWS_DEL,s0058,72_NU,1,CWS_DEL.csv
tier_location_result,CWS_DEL,s0058,72_PU,1,CWS_DEL.csv
tier_location_result,CWS_DEL,s0058,90_PU,4,CWS_DEL.csv
tier_location_result,CWS_DEL,s0058,ACFC,1,CWS_DEL.csv
tier_location_result,CWS_DEL,s0058,AMADR,4,CWS_DEL.csv
tier_location_result,CWS_DEL,s0058,AMCYN,1,CWS_DEL.csv
tier_location_result,CWS_DEL,s0058,ANTOC,1,CWS_DEL.csv
tier_location_result,CWS_DEL,s0058,BNCIA,1,CWS_DEL.csv
tier_location_result,CWS_DEL,s0058,CCWD,1,CWS_DEL.csv
tier_location_result,CWS_DEL,s0058,CSB038,4,CWS_DEL.csv
tier_location_result,CWS_DEL,s0058,CSB103,4,CWS_DEL.csv
tier_location_result,CWS_DEL,s0058,CSPSO,4,CWS_DEL.csv
tier_location_result,CWS_DEL,s0058,CSTIC,4,CWS_DEL.csv
tier_location_result,CWS_DEL,s0058,ELDID_NU1,1,CWS_DEL.csv
tier_location_result,CWS_DEL,s0058,ELDID_NU2,1,CWS_DEL.csv
tier_location_result,CWS_DEL,s0058,ELDID_NU3,2,CWS_DEL.csv
tier_location_result,CWS_DEL,s0058,ESB324,4,CWS_DEL.csv
tier_location_result,CWS_DEL,s0058,ESB347,4,CWS_DEL.csv
tier_location_result,CWS_DEL,s0058,ESB414,4,CWS_DEL.csv
tier_location_result,CWS_DEL,s0058,ESB415,4,CWS_DEL.csv
tier_location_result,CWS_DEL,s0058,ESB420,4,CWS_DEL.csv
tier_location_result,CWS_DEL,s0058,FRFLD,1,CWS_DEL.csv
tier_location_result,CWS_DEL,s0058,GDPUD_NU,2,CWS_DEL.csv
tier_location_result,CWS_DEL,s0058,GRSVL,3,CWS_DEL.csv
tier_location_result,CWS_DEL,s0058,JLIND,1,CWS_DEL.csv
tier_location_result,CWS_DEL,s0058,KCWA,4,CWS_DEL.csv
tier_location_result,CWS_DEL,s0058,MWD,1,CWS_DEL.csv
tier_location_result,CWS_DEL,s0058,NAPA,1,CWS_DEL.csv
tier_location_result,CWS_DEL,s0058,NAPA2,3,CWS_DEL.csv
tier_location_result,CWS_DEL,s0058,PCWA3,3,CWS_DEL.csv
tier_location_result,CWS_DEL,s0058,PLMAS,3,CWS_DEL.csv
tier_location_result,CWS_DEL,s0058,SBA029,4,CWS_DEL.csv
tier_location_result,CWS_DEL,s0058,SBA036,4,CWS_DEL.csv
tier_location_result,CWS_DEL,s0058,SCVWD,4,CWS_DEL.csv
tier_location_result,CWS_DEL,s0058,SUISN,4,CWS_DEL.csv
tier_location_result,CWS_DEL,s0058,SVWRD,4,CWS_DEL.csv
tier_location_result,CWS_DEL,s0058,TLMNE,1,CWS_DEL.csv
tier_location_result,CWS_DEL,s0058,TVAFB,2,CWS_DEL.csv
tier_location_result,CWS_DEL,s0058,UNION,1,CWS_DEL.csv
tier_location_result,CWS_DEL,s0058,UPANG,1,CWS_DEL.csv
tier_location_result,CWS_DEL,s0058,VLLJO,3,CWS_DEL.csv
tier_location_result,CWS_DEL,s0058,WLDWD,3,CWS_DEL.csv
tier_location_result,CWS_DEL,s0059,02_PU,3,CWS_DEL.csv
tier_location_result,CWS_DEL,s0059,02_SU,4,CWS_DEL.csv
tier_location_result,CWS_DEL,s0059,03_PU1,3,CWS_DEL.csv
tier_location_result,CWS_DEL,s0059,03_PU2,4,CWS_DEL.csv
tier_location_result,CWS_DEL,s0059,03_SU,4,CWS_DEL.csv
tier_location_result,CWS_DEL,s0059,11_NU1,3,CWS_DEL.csv
tier_location_result,CWS_DEL,s0059,12_NU1,3,CWS_DEL.csv
tier_location_result,CWS_DEL,s0059,13_NU1,1,CWS_DEL.csv
tier_location_result,CWS_DEL,s0059,16_PU,4,CWS_DEL.csv
tier_location_result,CWS_DEL,s0059,20_NU1,4,CWS_DEL.csv
tier_location_result,CWS_DEL,s0059,21_PU,3,CWS_DEL.csv
tier_location_result,CWS_DEL,s0059,24_NU1,4,CWS_DEL.csv
tier_location_result,CWS_DEL,s0059,24_NU2,4,CWS_DEL.csv
tier_location_result,CWS_DEL,s0059,24_NU3,3,CWS_DEL.csv
tier_location_result,CWS_DEL,s0059,25_PU,4,CWS_DEL.csv
tier_location_result,CWS_DEL,s0059,26N_NU1,4,CWS_DEL.csv
tier_location_result,CWS_DEL,s0059,26N_NU2,4,CWS_DEL.csv
tier_location_result,CWS_DEL,s0059,26N_NU3,4,CWS_DEL.csv
tier_location_result,CWS_DEL,s0059,26N_PU1,3,CWS_DEL.csv
tier_location_result,CWS_DEL,s0059,26N_PU2,1,CWS_DEL.csv
tier_location_result,CWS_DEL,s0059,26N_PU3,1,CWS_DEL.csv
tier_location_result,CWS_DEL,s0059,26S_NU1,3,CWS_DEL.csv
tier_location_result,CWS_DEL,s0059,26S_NU3,4,CWS_DEL.csv
tier_location_result,CWS_DEL,s0059,26S_PU1,2,CWS_DEL.csv
tier_location_result,CWS_DEL,s0059,26S_PU2,4,CWS_DEL.csv
tier_location_result,CWS_DEL,s0059,26S_PU4,4,CWS_DEL.csv
tier_location_result,CWS_DEL,s0059,26S_PU5,3,CWS_DEL.csv
tier_location_result,CWS_DEL,s0059,26S_PU6,4,CWS_DEL.csv
tier_location_result,CWS_DEL,s0059,50_PU,4,CWS_DEL.csv
tier_location_result,CWS_DEL,s0059,60N_NU1,4,CWS_DEL.csv
tier_location_result,CWS_DEL,s0059,60N_NU2,1,CWS_DEL.csv
tier_location_result,CWS_DEL,s0059,60S_NU1,2,CWS_DEL.csv
tier_location_result,CWS_DEL,s0059,61_NU2,4,CWS_DEL.csv
tier_location_result,CWS_DEL,s0059,62_NU,1,CWS_DEL.csv
tier_location_result,CWS_DEL,s0059,71_NU,1,CWS_DEL.csv
tier_location_result,CWS_DEL,s0059,72_NU,1,CWS_DEL.csv
tier_location_result,CWS_DEL,s0059,72_PU,1,CWS_DEL.csv
tier_location_result,CWS_DEL,s0059,90_PU,4,CWS_DEL.csv
tier_location_result,CWS_DEL,s0059,ACFC,1,CWS_DEL.csv
tier_location_result,CWS_DEL,s0059,AMADR,4,CWS_DEL.csv
tier_location_result,CWS_DEL,s0059,AMCYN,1,CWS_DEL.csv
tier_location_result,CWS_DEL,s0059,ANTOC,1,CWS_DEL.csv
tier_location_result,CWS_DEL,s0059,BNCIA,1,CWS_DEL.csv
tier_location_result,CWS_DEL,s0059,CCWD,1,CWS_DEL.csv
tier_location_result,CWS_DEL,s0059,CSB038,4,CWS_DEL.csv
tier_location_result,CWS_DEL,s0059,CSB103,4,CWS_DEL.csv
tier_location_result,CWS_DEL,s0059,CSPSO,4,CWS_DEL.csv
tier_location_result,CWS_DEL,s0059,CSTIC,3,CWS_DEL.csv
tier_location_result,CWS_DEL,s0059,ELDID_NU1,1,CWS_DEL.csv
tier_location_result,CWS_DEL,s0059,ELDID_NU2,1,CWS_DEL.csv
tier_location_result,CWS_DEL,s0059,ELDID_NU3,1,CWS_DEL.csv
tier_location_result,CWS_DEL,s0059,ESB324,4,CWS_DEL.csv
tier_location_result,CWS_DEL,s0059,ESB347,4,CWS_DEL.csv
tier_location_result,CWS_DEL,s0059,ESB414,4,CWS_DEL.csv
tier_location_result,CWS_DEL,s0059,ESB415,4,CWS_DEL.csv
tier_location_result,CWS_DEL,s0059,ESB420,4,CWS_DEL.csv
tier_location_result,CWS_DEL,s0059,FRFLD,1,CWS_DEL.csv
tier_location_result,CWS_DEL,s0059,GDPUD_NU,2,CWS_DEL.csv
tier_location_result,CWS_DEL,s0059,GRSVL,2,CWS_DEL.csv
tier_location_result,CWS_DEL,s0059,JLIND,1,CWS_DEL.csv
tier_location_result,CWS_DEL,s0059,KCWA,4,CWS_DEL.csv
tier_location_result,CWS_DEL,s0059,MWD,1,CWS_DEL.csv
tier_location_result,CWS_DEL,s0059,NAPA,1,CWS_DEL.csv
tier_location_result,CWS_DEL,s0059,NAPA2,3,CWS_DEL.csv
tier_location_result,CWS_DEL,s0059,PCWA3,3,CWS_DEL.csv
tier_location_result,CWS_DEL,s0059,PLMAS,3,CWS_DEL.csv
tier_location_result,CWS_DEL,s0059,SBA029,4,CWS_DEL.csv
tier_location_result,CWS_DEL,s0059,SBA036,4,CWS_DEL.csv
tier_location_result,CWS_DEL,s0059,SCVWD,4,CWS_DEL.csv
tier_location_result,CWS_DEL,s0059,SUISN,4,CWS_DEL.csv
tier_location_result,CWS_DEL,s0059,SVWRD,4,CWS_DEL.csv
tier_location_result,CWS_DEL,s0059,TLMNE,1,CWS_DEL.csv
tier_location_result,CWS_DEL,s0059,TVAFB,2,CWS_DEL.csv
tier_location_result,CWS_DEL,s0059,UNION,1,CWS_DEL.csv
tier_location_result,CWS_DEL,s0059,UPANG,1,CWS_DEL.csv
tier_location_result,CWS_DEL,s0059,VLLJO,2,CWS_DEL.csv
tier_location_result,CWS_DEL,s0059,WLDWD,3,CWS_DEL.csv
tier_location_result,CWS_DEL,s0060,02_PU,3,CWS_DEL.csv
tier_location_result,CWS_DEL,s0060,02_SU,4,CWS_DEL.csv
tier_location_result,CWS_DEL,s0060,03_PU1,3,CWS_DEL.csv
tier_location_result,CWS_DEL,s0060,03_PU2,4,CWS_DEL.csv
tier_location_result,CWS_DEL,s0060,03_SU,4,CWS_DEL.csv
tier_location_result,CWS_DEL,s0060,11_NU1,3,CWS_DEL.csv
tier_location_result,CWS_DEL,s0060,12_NU1,3,CWS_DEL.csv
tier_location_result,CWS_DEL,s0060,13_NU1,1,CWS_DEL.csv
tier_location_result,CWS_DEL,s0060,16_PU,4,CWS_DEL.csv
tier_location_result,CWS_DEL,s0060,20_NU1,4,CWS_DEL.csv
tier_location_result,CWS_DEL,s0060,21_PU,3,CWS_DEL.csv
tier_location_result,CWS_DEL,s0060,24_NU1,4,CWS_DEL.csv
tier_location_result,CWS_DEL,s0060,24_NU2,4,CWS_DEL.csv
tier_location_result,CWS_DEL,s0060,24_NU3,3,CWS_DEL.csv
tier_location_result,CWS_DEL,s0060,25_PU,4,CWS_DEL.csv
tier_location_result,CWS_DEL,s0060,26N_NU1,4,CWS_DEL.csv
tier_location_result,CWS_DEL,s0060,26N_NU2,4,CWS_DEL.csv
tier_location_result,CWS_DEL,s0060,26N_NU3,4,CWS_DEL.csv
tier_location_result,CWS_DEL,s0060,26N_PU1,3,CWS_DEL.csv
tier_location_result,CWS_DEL,s0060,26N_PU2,1,CWS_DEL.csv
tier_location_result,CWS_DEL,s0060,26N_PU3,1,CWS_DEL.csv
tier_location_result,CWS_DEL,s0060,26S_NU1,3,CWS_DEL.csv
tier_location_result,CWS_DEL,s0060,26S_NU3,4,CWS_DEL.csv
tier_location_result,CWS_DEL,s0060,26S_PU1,3,CWS_DEL.csv
tier_location_result,CWS_DEL,s0060,26S_PU2,4,CWS_DEL.csv
tier_location_result,CWS_DEL,s0060,26S_PU4,4,CWS_DEL.csv
tier_location_result,CWS_DEL,s0060,26S_PU5,3,CWS_DEL.csv
tier_location_result,CWS_DEL,s0060,26S_PU6,4,CWS_DEL.csv
tier_location_result,CWS_DEL,s0060,50_PU,4,CWS_DEL.csv
tier_location_result,CWS_DEL,s0060,60N_NU1,4,CWS_DEL.csv
tier_location_result,CWS_DEL,s0060,60N_NU2,1,CWS_DEL.csv
tier_location_result,CWS_DEL,s0060,60S_NU1,2,CWS_DEL.csv
tier_location_result,CWS_DEL,s0060,61_NU2,4,CWS_DEL.csv
tier_location_result,CWS_DEL,s0060,62_NU,1,CWS_DEL.csv
tier_location_result,CWS_DEL,s0060,71_NU,1,CWS_DEL.csv
tier_location_result,CWS_DEL,s0060,72_NU,1,CWS_DEL.csv
tier_location_result,CWS_DEL,s0060,72_PU,1,CWS_DEL.csv
tier_location_result,CWS_DEL,s0060,90_PU,4,CWS_DEL.csv
tier_location_result,CWS_DEL,s0060,ACFC,1,CWS_DEL.csv
tier_location_result,CWS_DEL,s0060,AMADR,4,CWS_DEL.csv
tier_location_result,CWS_DEL,s0060,AMCYN,1,CWS_DEL.csv
tier_location_result,CWS_DEL,s0060,ANTOC,1,CWS_DEL.csv
tier_location_result,CWS_DEL,s0060,BNCIA,1,CWS_DEL.csv
tier_location_result,CWS_DEL,s0060,CCWD,1,CWS_DEL.csv
tier_location_result,CWS_DEL,s0060,CSB038,4,CWS_DEL.csv
tier_location_result,CWS_DEL,s0060,CSB103,4,CWS_DEL.csv
tier_location_result,CWS_DEL,s0060,CSPSO,4,CWS_DEL.csv
tier_location_result,CWS_DEL,s0060,CSTIC,3,CWS_DEL.csv
tier_location_result,CWS_DEL,s0060,ELDID_NU1,1,CWS_DEL.csv
tier_location_result,CWS_DEL,s0060,ELDID_NU2,1,CWS_DEL.csv
tier_location_result,CWS_DEL,s0060,ELDID_NU3,1,CWS_DEL.csv
tier_location_result,CWS_DEL,s0060,ESB324,4,CWS_DEL.csv
tier_location_result,CWS_DEL,s0060,ESB347,4,CWS_DEL.csv
tier_location_result,CWS_DEL,s0060,ESB414,4,CWS_DEL.csv
tier_location_result,CWS_DEL,s0060,ESB415,4,CWS_DEL.csv
tier_location_result,CWS_DEL,s0060,ESB420,4,CWS_DEL.csv
tier_location_result,CWS_DEL,s0060,FRFLD,1,CWS_DEL.csv
tier_location_result,CWS_DEL,s0060,GDPUD_NU,2,CWS_DEL.csv
tier_location_result,CWS_DEL,s0060,GRSVL,2,CWS_DEL.csv
tier_location_result,CWS_DEL,s0060,JLIND,1,CWS_DEL.csv
tier_location_result,CWS_DEL,s0060,KCWA,4,CWS_DEL.csv
tier_location_result,CWS_DEL,s0060,MWD,1,CWS_DEL.csv
tier_location_result,CWS_DEL,s0060,NAPA,1,CWS_DEL.csv
tier_location_result,CWS_DEL,s0060,NAPA2,3,CWS_DEL.csv
tier_location_result,CWS_DEL,s0060,PCWA3,3,CWS_DEL.csv
tier_location_result,CWS_DEL,s0060,PLMAS,3,CWS_DEL.csv
tier_location_result,CWS_DEL,s0060,SBA029,4,CWS_DEL.csv
tier_location_result,CWS_DEL,s0060,SBA036,4,CWS_DEL.csv
tier_location_result,CWS_DEL,s0060,SCVWD,4,CWS_DEL.csv
tier_location_result,CWS_DEL,s0060,SUISN,4,CWS_DEL.csv
tier_location_result,CWS_DEL,s0060,SVWRD,4,CWS_DEL.csv
tier_location_result,CWS_DEL,s0060,TLMNE,1,CWS_DEL.csv
tier_location_result,CWS_DEL,s0060,TVAFB,2,CWS_DEL.csv
tier_location_result,CWS_DEL,s0060,UNION,1,CWS_DEL.csv
tier_location_result,CWS_DEL,s0060,UPANG,1,CWS_DEL.csv
tier_location_result,CWS_DEL,s0060,VLLJO,2,CWS_DEL.csv
tier_location_result,CWS_DEL,s0060,WLDWD,3,CWS_DEL.csv
tier_location_result,CWS_DEL,s0062,02_PU,2,CWS_DEL.csv
tier_location_result,CWS_DEL,s0062,02_SU,4,CWS_DEL.csv
tier_location_result,CWS_DEL,s0062,03_PU1,1,CWS_DEL.csv
tier_location_result,CWS_DEL,s0062,03_PU2,4,CWS_DEL.csv
tier_location_result,CWS_DEL,s0062,03_SU,4,CWS_DEL.csv
tier_location_result,CWS_DEL,s0062,11_NU1,1,CWS_DEL.csv
tier_location_result,CWS_DEL,s0062,12_NU1,1,CWS_DEL.csv
tier_location_result,CWS_DEL,s0062,13_NU1,1,CWS_DEL.csv
tier_location_result,CWS_DEL,s0062,16_PU,4,CWS_DEL.csv
tier_location_result,CWS_DEL,s0062,20_NU1,4,CWS_DEL.csv
tier_location_result,CWS_DEL,s0062,21_PU,1,CWS_DEL.csv
tier_location_result,CWS_DEL,s0062,24_NU1,4,CWS_DEL.csv
tier_location_result,CWS_DEL,s0062,24_NU2,1,CWS_DEL.csv
tier_location_result,CWS_DEL,s0062,24_NU3,4,CWS_DEL.csv
tier_location_result,CWS_DEL,s0062,25_PU,4,CWS_DEL.csv
tier_location_result,CWS_DEL,s0062,26N_NU1,4,CWS_DEL.csv
tier_location_result,CWS_DEL,s0062,26N_NU2,4,CWS_DEL.csv
tier_location_result,CWS_DEL,s0062,26N_NU3,1,CWS_DEL.csv
tier_location_result,CWS_DEL,s0062,26N_PU1,1,CWS_DEL.csv
tier_location_result,CWS_DEL,s0062,26N_PU2,1,CWS_DEL.csv
tier_location_result,CWS_DEL,s0062,26N_PU3,1,CWS_DEL.csv
tier_location_result,CWS_DEL,s0062,26S_NU1,1,CWS_DEL.csv
tier_location_result,CWS_DEL,s0062,26S_NU3,3,CWS_DEL.csv
tier_location_result,CWS_DEL,s0062,26S_PU1,1,CWS_DEL.csv
tier_location_result,CWS_DEL,s0062,26S_PU2,4,CWS_DEL.csv
tier_location_result,CWS_DEL,s0062,26S_PU4,2,CWS_DEL.csv
tier_location_result,CWS_DEL,s0062,26S_PU5,1,CWS_DEL.csv
tier_location_result,CWS_DEL,s0062,26S_PU6,4,CWS_DEL.csv
tier_location_result,CWS_DEL,s0062,50_PU,4,CWS_DEL.csv
tier_location_result,CWS_DEL,s0062,60N_NU1,4,CWS_DEL.csv
tier_location_result,CWS_DEL,s0062,60N_NU2,1,CWS_DEL.csv
tier_location_result,CWS_DEL,s0062,60S_NU1,2,CWS_DEL.csv
tier_location_result,CWS_DEL,s0062,61_NU2,4,CWS_DEL.csv
tier_location_result,CWS_DEL,s0062,62_NU,1,CWS_DEL.csv
tier_location_result,CWS_DEL,s0062,72_NU,1,CWS_DEL.csv
tier_location_result,CWS_DEL,s0062,72_PU,1,CWS_DEL.csv
tier_location_result,CWS_DEL,s0062,90_PU,3,CWS_DEL.csv
tier_location_result,CWS_DEL,s0062,ACFC,1,CWS_DEL.csv
tier_location_result,CWS_DEL,s0062,AMADR,4,CWS_DEL.csv
tier_location_result,CWS_DEL,s0062,AMCYN,1,CWS_DEL.csv
tier_location_result,CWS_DEL,s0062,ANTOC,1,CWS_DEL.csv
tier_location_result,CWS_DEL,s0062,BNCIA,1,CWS_DEL.csv
tier_location_result,CWS_DEL,s0062,CCWD,1,CWS_DEL.csv
tier_location_result,CWS_DEL,s0062,CSB038,4,CWS_DEL.csv
tier_location_result,CWS_DEL,s0062,CSB103,4,CWS_DEL.csv
tier_location_result,CWS_DEL,s0062,CSPSO,4,CWS_DEL.csv
tier_location_result,CWS_DEL,s0062,CSTIC,3,CWS_DEL.csv
tier_location_result,CWS_DEL,s0062,ELDID_NA1,4,CWS_DEL.csv
tier_location_result,CWS_DEL,s0062,ELDID_NU1,1,CWS_DEL.csv
tier_location_result,CWS_DEL,s0062,ELDID_NU2,1,CWS_DEL.csv
tier_location_result,CWS_DEL,s0062,ELDID_NU3,1,CWS_DEL.csv
tier_location_result,CWS_DEL,s0062,ESB324,4,CWS_DEL.csv
tier_location_result,CWS_DEL,s0062,ESB347,4,CWS_DEL.csv
tier_location_result,CWS_DEL,s0062,ESB414,4,CWS_DEL.csv
tier_location_result,CWS_DEL,s0062,ESB415,4,CWS_DEL.csv
tier_location_result,CWS_DEL,s0062,ESB420,4,CWS_DEL.csv
tier_location_result,CWS_DEL,s0062,FRFLD,1,CWS_DEL.csv
tier_location_result,CWS_DEL,s0062,GDPUD_NU,2,CWS_DEL.csv
tier_location_result,CWS_DEL,s0062,GRSVL,3,CWS_DEL.csv
tier_location_result,CWS_DEL,s0062,JLIND,1,CWS_DEL.csv
tier_location_result,CWS_DEL,s0062,KCWA,4,CWS_DEL.csv
tier_location_result,CWS_DEL,s0062,MWD,1,CWS_DEL.csv
tier_location_result,CWS_DEL,s0062,NAPA,1,CWS_DEL.csv
tier_location_result,CWS_DEL,s0062,NAPA2,3,CWS_DEL.csv
tier_location_result,CWS_DEL,s0062,PCWA3,3,CWS_DEL.csv
tier_location_result,CWS_DEL,s0062,PLMAS,3,CWS_DEL.csv
tier_location_result,CWS_DEL,s0062,SBA029,4,CWS_DEL.csv
tier_location_result,CWS_DEL,s0062,SBA036,4,CWS_DEL.csv
tier_location_result,CWS_DEL,s0062,SCVWD,3,CWS_DEL.csv
tier_location_result,CWS_DEL,s0062,SUISN,4,CWS_DEL.csv
tier_location_result,CWS_DEL,s0062,SVWRD,4,CWS_DEL.csv
tier_location_result,CWS_DEL,s0062,TLMNE,1,CWS_DEL.csv
tier_location_result,CWS_DEL,s0062,TVAFB,1,CWS_DEL.csv
tier_location_result,CWS_DEL,s0062,UNION,1,CWS_DEL.csv
tier_location_result,CWS_DEL,s0062,UPANG,1,CWS_DEL.csv
tier_location_result,CWS_DEL,s0062,VLLJO,2,CWS_DEL.csv
tier_location_result,CWS_DEL,s0062,WLDWD,3,CWS_DEL.csv
tier_location_result,CWS_DEL,s0063,02_PU,3,CWS_DEL.csv
tier_location_result,CWS_DEL,s0063,02_SU,4,CWS_DEL.csv
tier_location_result,CWS_DEL,s0063,03_PU1,2,CWS_DEL.csv
tier_location_result,CWS_DEL,s0063,03_PU2,4,CWS_DEL.csv
tier_location_result,CWS_DEL,s0063,03_SU,4,CWS_DEL.csv
tier_location_result,CWS_DEL,s0063,11_NU1,3,CWS_DEL.csv
tier_location_result,CWS_DEL,s0063,12_NU1,3,CWS_DEL.csv
tier_location_result,CWS_DEL,s0063,13_NU1,1,CWS_DEL.csv
tier_location_result,CWS_DEL,s0063,16_PU,4,CWS_DEL.csv
tier_location_result,CWS_DEL,s0063,20_NU1,4,CWS_DEL.csv
tier_location_result,CWS_DEL,s0063,21_PU,1,CWS_DEL.csv
tier_location_result,CWS_DEL,s0063,24_NU1,4,CWS_DEL.csv
tier_location_result,CWS_DEL,s0063,24_NU2,1,CWS_DEL.csv
tier_location_result,CWS_DEL,s0063,24_NU3,4,CWS_DEL.csv
tier_location_result,CWS_DEL,s0063,25_PU,4,CWS_DEL.csv
tier_location_result,CWS_DEL,s0063,26N_NU1,4,CWS_DEL.csv
tier_location_result,CWS_DEL,s0063,26N_NU2,4,CWS_DEL.csv
tier_location_result,CWS_DEL,s0063,26N_NU3,1,CWS_DEL.csv
tier_location_result,CWS_DEL,s0063,26N_PU1,2,CWS_DEL.csv
tier_location_result,CWS_DEL,s0063,26N_PU2,1,CWS_DEL.csv
tier_location_result,CWS_DEL,s0063,26N_PU3,1,CWS_DEL.csv
tier_location_result,CWS_DEL,s0063,26S_NU1,1,CWS_DEL.csv
tier_location_result,CWS_DEL,s0063,26S_NU3,3,CWS_DEL.csv
tier_location_result,CWS_DEL,s0063,26S_PU1,3,CWS_DEL.csv
tier_location_result,CWS_DEL,s0063,26S_PU2,4,CWS_DEL.csv
tier_location_result,CWS_DEL,s0063,26S_PU4,3,CWS_DEL.csv
tier_location_result,CWS_DEL,s0063,26S_PU5,1,CWS_DEL.csv
tier_location_result,CWS_DEL,s0063,26S_PU6,4,CWS_DEL.csv
tier_location_result,CWS_DEL,s0063,50_PU,4,CWS_DEL.csv
tier_location_result,CWS_DEL,s0063,60N_NU1,4,CWS_DEL.csv
tier_location_result,CWS_DEL,s0063,60N_NU2,1,CWS_DEL.csv
tier_location_result,CWS_DEL,s0063,60S_NU1,2,CWS_DEL.csv
tier_location_result,CWS_DEL,s0063,61_NU2,4,CWS_DEL.csv
tier_location_result,CWS_DEL,s0063,62_NU,1,CWS_DEL.csv
tier_location_result,CWS_DEL,s0063,72_NU,1,CWS_DEL.csv
tier_location_result,CWS_DEL,s0063,72_PU,1,CWS_DEL.csv
tier_location_result,CWS_DEL,s0063,90_PU,4,CWS_DEL.csv
tier_location_result,CWS_DEL,s0063,ACFC,1,CWS_DEL.csv
tier_location_result,CWS_DEL,s0063,AMADR,4,CWS_DEL.csv
tier_location_result,CWS_DEL,s0063,AMCYN,1,CWS_DEL.csv
tier_location_result,CWS_DEL,s0063,ANTOC,1,CWS_DEL.csv
tier_location_result,CWS_DEL,s0063,BNCIA,1,CWS_DEL.csv
tier_location_result,CWS_DEL,s0063,CCWD,1,CWS_DEL.csv
tier_location_result,CWS_DEL,s0063,CSB038,4,CWS_DEL.csv
tier_location_result,CWS_DEL,s0063,CSB103,4,CWS_DEL.csv
tier_location_result,CWS_DEL,s0063,CSPSO,4,CWS_DEL.csv
tier_location_result,CWS_DEL,s0063,CSTIC,3,CWS_DEL.csv
tier_location_result,CWS_DEL,s0063,ELDID_NA1,4,CWS_DEL.csv
tier_location_result,CWS_DEL,s0063,ELDID_NU1,1,CWS_DEL.csv
tier_location_result,CWS_DEL,s0063,ELDID_NU2,1,CWS_DEL.csv
tier_location_result,CWS_DEL,s0063,ELDID_NU3,1,CWS_DEL.csv
tier_location_result,CWS_DEL,s0063,ESB324,4,CWS_DEL.csv
tier_location_result,CWS_DEL,s0063,ESB347,4,CWS_DEL.csv
tier_location_result,CWS_DEL,s0063,ESB414,4,CWS_DEL.csv
tier_location_result,CWS_DEL,s0063,ESB415,4,CWS_DEL.csv
tier_location_result,CWS_DEL,s0063,ESB420,4,CWS_DEL.csv
tier_location_result,CWS_DEL,s0063,FRFLD,1,CWS_DEL.csv
tier_location_result,CWS_DEL,s0063,GDPUD_NU,2,CWS_DEL.csv
tier_location_result,CWS_DEL,s0063,GRSVL,3,CWS_DEL.csv
tier_location_result,CWS_DEL,s0063,JLIND,1,CWS_DEL.csv
tier_location_result,CWS_DEL,s0063,KCWA,4,CWS_DEL.csv
tier_location_result,CWS_DEL,s0063,MWD,1,CWS_DEL.csv
tier_location_result,CWS_DEL,s0063,NAPA,1,CWS_DEL.csv
tier_location_result,CWS_DEL,s0063,NAPA2,3,CWS_DEL.csv
tier_location_result,CWS_DEL,s0063,PCWA3,3,CWS_DEL.csv
tier_location_result,CWS_DEL,s0063,PLMAS,3,CWS_DEL.csv
tier_location_result,CWS_DEL,s0063,SBA029,4,CWS_DEL.csv
tier_location_result,CWS_DEL,s0063,SBA036,4,CWS_DEL.csv
tier_location_result,CWS_DEL,s0063,SCVWD,4,CWS_DEL.csv
tier_location_result,CWS_DEL,s0063,SUISN,4,CWS_DEL.csv
tier_location_result,CWS_DEL,s0063,SVWRD,4,CWS_DEL.csv
tier_location_result,CWS_DEL,s0063,TLMNE,1,CWS_DEL.csv
tier_location_result,CWS_DEL,s0063,TVAFB,1,CWS_DEL.csv
tier_location_result,CWS_DEL,s0063,UNION,1,CWS_DEL.csv
tier_location_result,CWS_DEL,s0063,UPANG,1,CWS_DEL.csv
tier_location_result,CWS_DEL,s0063,VLLJO,3,CWS_DEL.csv
tier_location_result,CWS_DEL,s0063,WLDWD,3,CWS_DEL.csv
tier_location_result,CWS_DEL,s0065,02_PU,3,CWS_DEL.csv
tier_location_result,CWS_DEL,s0065,02_SU,4,CWS_DEL.csv
tier_location_result,CWS_DEL,s0065,03_PU1,3,CWS_DEL.csv
tier_location_result,CWS_DEL,s0065,03_PU2,4,CWS_DEL.csv
tier_location_result,CWS_DEL,s0065,03_SU,4,CWS_DEL.csv
tier_location_result,CWS_DEL,s0065,11_NU1,3,CWS_DEL.csv
tier_location_result,CWS_DEL,s0065,12_NU1,3,CWS_DEL.csv
tier_location_result,CWS_DEL,s0065,13_NU1,3,CWS_DEL.csv
tier_location_result,CWS_DEL,s0065,16_PU,4,CWS_DEL.csv
tier_location_result,CWS_DEL,s0065,20_NU1,4,CWS_DEL.csv
tier_location_result,CWS_DEL,s0065,21_PU,3,CWS_DEL.csv
tier_location_result,CWS_DEL,s0065,24_NU1,4,CWS_DEL.csv
tier_location_result,CWS_DEL,s0065,24_NU2,3,CWS_DEL.csv
tier_location_result,CWS_DEL,s0065,24_NU3,3,CWS_DEL.csv
tier_location_result,CWS_DEL,s0065,25_PU,4,CWS_DEL.csv
tier_location_result,CWS_DEL,s0065,26N_NU1,4,CWS_DEL.csv
tier_location_result,CWS_DEL,s0065,26N_NU2,4,CWS_DEL.csv
tier_location_result,CWS_DEL,s0065,26N_NU3,4,CWS_DEL.csv
tier_location_result,CWS_DEL,s0065,26N_PU1,3,CWS_DEL.csv
tier_location_result,CWS_DEL,s0065,26N_PU2,3,CWS_DEL.csv
tier_location_result,CWS_DEL,s0065,26N_PU3,3,CWS_DEL.csv
tier_location_result,CWS_DEL,s0065,26S_NU1,3,CWS_DEL.csv
tier_location_result,CWS_DEL,s0065,26S_NU3,4,CWS_DEL.csv
tier_location_result,CWS_DEL,s0065,26S_PU1,3,CWS_DEL.csv
tier_location_result,CWS_DEL,s0065,26S_PU2,4,CWS_DEL.csv
tier_location_result,CWS_DEL,s0065,26S_PU4,3,CWS_DEL.csv
tier_location_result,CWS_DEL,s0065,26S_PU5,3,CWS_DEL.csv
tier_location_result,CWS_DEL,s0065,26S_PU6,4,CWS_DEL.csv
tier_location_result,CWS_DEL,s0065,50_PU,4,CWS_DEL.csv
tier_location_result,CWS_DEL,s0065,60N_NU1,4,CWS_DEL.csv
tier_location_result,CWS_DEL,s0065,60N_NU2,1,CWS_DEL.csv
tier_location_result,CWS_DEL,s0065,60S_NU1,2,CWS_DEL.csv
tier_location_result,CWS_DEL,s0065,61_NU2,4,CWS_DEL.csv
tier_location_result,CWS_DEL,s0065,62_NU,1,CWS_DEL.csv
tier_location_result,CWS_DEL,s0065,71_NU,1,CWS_DEL.csv
tier_location_result,CWS_DEL,s0065,72_NU,1,CWS_DEL.csv
tier_location_result,CWS_DEL,s0065,72_PU,1,CWS_DEL.csv
tier_location_result,CWS_DEL,s0065,90_PU,3,CWS_DEL.csv
tier_location_result,CWS_DEL,s0065,ACFC,1,CWS_DEL.csv
tier_location_result,CWS_DEL,s0065,AMADR,4,CWS_DEL.csv
tier_location_result,CWS_DEL,s0065,AMCYN,1,CWS_DEL.csv
tier_location_result,CWS_DEL,s0065,ANTOC,1,CWS_DEL.csv
tier_location_result,CWS_DEL,s0065,BNCIA,1,CWS_DEL.csv
tier_location_result,CWS_DEL,s0065,CCWD,1,CWS_DEL.csv
tier_location_result,CWS_DEL,s0065,CSB038,4,CWS_DEL.csv
tier_location_result,CWS_DEL,s0065,CSB103,4,CWS_DEL.csv
tier_location_result,CWS_DEL,s0065,CSPSO,4,CWS_DEL.csv
tier_location_result,CWS_DEL,s0065,CSTIC,4,CWS_DEL.csv
tier_location_result,CWS_DEL,s0065,ELDID_NU1,1,CWS_DEL.csv
tier_location_result,CWS_DEL,s0065,ELDID_NU2,1,CWS_DEL.csv
tier_location_result,CWS_DEL,s0065,ELDID_NU3,3,CWS_DEL.csv
tier_location_result,CWS_DEL,s0065,ESB324,4,CWS_DEL.csv
tier_location_result,CWS_DEL,s0065,ESB347,4,CWS_DEL.csv
tier_location_result,CWS_DEL,s0065,ESB414,4,CWS_DEL.csv
tier_location_result,CWS_DEL,s0065,ESB415,4,CWS_DEL.csv
tier_location_result,CWS_DEL,s0065,ESB420,4,CWS_DEL.csv
tier_location_result,CWS_DEL,s0065,FRFLD,1,CWS_DEL.csv
tier_location_result,CWS_DEL,s0065,GDPUD_NU,2,CWS_DEL.csv
tier_location_result,CWS_DEL,s0065,GRSVL,3,CWS_DEL.csv
tier_location_result,CWS_DEL,s0065,JLIND,1,CWS_DEL.csv
tier_location_result,CWS_DEL,s0065,MWD,1,CWS_DEL.csv
tier_location_result,CWS_DEL,s0065,NAPA,1,CWS_DEL.csv
tier_location_result,CWS_DEL,s0065,NAPA2,3,CWS_DEL.csv
tier_location_result,CWS_DEL,s0065,PCWA3,2,CWS_DEL.csv
tier_location_result,CWS_DEL,s0065,PLMAS,3,CWS_DEL.csv
tier_location_result,CWS_DEL,s0065,SBA029,4,CWS_DEL.csv
tier_location_result,CWS_DEL,s0065,SBA036,4,CWS_DEL.csv
tier_location_result,CWS_DEL,s0065,SCVWD,3,CWS_DEL.csv
tier_location_result,CWS_DEL,s0065,SUISN,4,CWS_DEL.csv
tier_location_result,CWS_DEL,s0065,SVWRD,4,CWS_DEL.csv
tier_location_result,CWS_DEL,s0065,TLMNE,1,CWS_DEL.csv
tier_location_result,CWS_DEL,s0065,TVAFB,1,CWS_DEL.csv
tier_location_result,CWS_DEL,s0065,UNION,1,CWS_DEL.csv
tier_location_result,CWS_DEL,s0065,UPANG,1,CWS_DEL.csv
tier_location_result,CWS_DEL,s0065,VLLJO,3,CWS_DEL.csv
tier_location_result,CWS_DEL,s0065,WLDWD,3,CWS_DEL.csv
tier_location_result,CWS_DEL,s0067,02_PU,2,CWS_DEL.csv
tier_location_result,CWS_DEL,s0067,02_SU,4,CWS_DEL.csv
tier_location_result,CWS_DEL,s0067,03_PU1,2,CWS_DEL.csv
tier_location_result,CWS_DEL,s0067,03_PU2,4,CWS_DEL.csv
tier_location_result,CWS_DEL,s0067,03_SU,4,CWS_DEL.csv
tier_location_result,CWS_DEL,s0067,11_NU1,1,CWS_DEL.csv
tier_location_result,CWS_DEL,s0067,12_NU1,1,CWS_DEL.csv
tier_location_result,CWS_DEL,s0067,13_NU1,1,CWS_DEL.csv
tier_location_result,CWS_DEL,s0067,16_PU,4,CWS_DEL.csv
tier_location_result,CWS_DEL,s0067,20_NU1,4,CWS_DEL.csv
tier_location_result,CWS_DEL,s0067,21_PU,1,CWS_DEL.csv
tier_location_result,CWS_DEL,s0067,24_NU1,4,CWS_DEL.csv
tier_location_result,CWS_DEL,s0067,24_NU2,2,CWS_DEL.csv
tier_location_result,CWS_DEL,s0067,24_NU3,3,CWS_DEL.csv
tier_location_result,CWS_DEL,s0067,25_PU,4,CWS_DEL.csv
tier_location_result,CWS_DEL,s0067,26N_NU1,4,CWS_DEL.csv
tier_location_result,CWS_DEL,s0067,26N_NU2,4,CWS_DEL.csv
tier_location_result,CWS_DEL,s0067,26N_NU3,4,CWS_DEL.csv
tier_location_result,CWS_DEL,s0067,26N_PU1,1,CWS_DEL.csv
tier_location_result,CWS_DEL,s0067,26N_PU2,1,CWS_DEL.csv
tier_location_result,CWS_DEL,s0067,26N_PU3,1,CWS_DEL.csv
tier_location_result,CWS_DEL,s0067,26S_NU1,1,CWS_DEL.csv
tier_location_result,CWS_DEL,s0067,26S_NU3,4,CWS_DEL.csv
tier_location_result,CWS_DEL,s0067,26S_PU1,1,CWS_DEL.csv
tier_location_result,CWS_DEL,s0067,26S_PU2,4,CWS_DEL.csv
tier_location_result,CWS_DEL,s0067,26S_PU4,3,CWS_DEL.csv
tier_location_result,CWS_DEL,s0067,26S_PU5,1,CWS_DEL.csv
tier_location_result,CWS_DEL,s0067,26S_PU6,4,CWS_DEL.csv
tier_location_result,CWS_DEL,s0067,50_PU,4,CWS_DEL.csv
tier_location_result,CWS_DEL,s0067,60N_NU1,4,CWS_DEL.csv
tier_location_result,CWS_DEL,s0067,60N_NU2,1,CWS_DEL.csv
tier_location_result,CWS_DEL,s0067,60S_NU1,2,CWS_DEL.csv
tier_location_result,CWS_DEL,s0067,61_NU2,4,CWS_DEL.csv
tier_location_result,CWS_DEL,s0067,62_NU,1,CWS_DEL.csv
tier_location_result,CWS_DEL,s0067,72_NU,1,CWS_DEL.csv
tier_location_result,CWS_DEL,s0067,72_PU,1,CWS_DEL.csv
tier_location_result,CWS_DEL,s0067,90_PU,3,CWS_DEL.csv
tier_location_result,CWS_DEL,s0067,ACFC,1,CWS_DEL.csv
tier_location_result,CWS_DEL,s0067,AMADR,4,CWS_DEL.csv
tier_location_result,CWS_DEL,s0067,AMCYN,1,CWS_DEL.csv
tier_location_result,CWS_DEL,s0067,ANTOC,1,CWS_DEL.csv
tier_location_result,CWS_DEL,s0067,BNCIA,1,CWS_DEL.csv
tier_location_result,CWS_DEL,s0067,CCWD,1,CWS_DEL.csv
tier_location_result,CWS_DEL,s0067,CSB038,4,CWS_DEL.csv
tier_location_result,CWS_DEL,s0067,CSB103,4,CWS_DEL.csv
tier_location_result,CWS_DEL,s0067,CSPSO,4,CWS_DEL.csv
tier_location_result,CWS_DEL,s0067,CSTIC,3,CWS_DEL.csv
tier_location_result,CWS_DEL,s0067,ELDID_NU1,1,CWS_DEL.csv
tier_location_result,CWS_DEL,s0067,ELDID_NU2,1,CWS_DEL.csv
tier_location_result,CWS_DEL,s0067,ELDID_NU3,1,CWS_DEL.csv
tier_location_result,CWS_DEL,s0067,ESB324,4,CWS_DEL.csv
tier_location_result,CWS_DEL,s0067,ESB347,4,CWS_DEL.csv
tier_location_result,CWS_DEL,s0067,ESB414,4,CWS_DEL.csv
tier_location_result,CWS_DEL,s0067,ESB415,4,CWS_DEL.csv
tier_location_result,CWS_DEL,s0067,ESB420,4,CWS_DEL.csv
tier_location_result,CWS_DEL,s0067,FRFLD,1,CWS_DEL.csv
tier_location_result,CWS_DEL,s0067,GDPUD_NU,2,CWS_DEL.csv
tier_location_result,CWS_DEL,s0067,GRSVL,3,CWS_DEL.csv
tier_location_result,CWS_DEL,s0067,JLIND,1,CWS_DEL.csv
tier_location_result,CWS_DEL,s0067,KCWA,4,CWS_DEL.csv
tier_location_result,CWS_DEL,s0067,MWD,1,CWS_DEL.csv
tier_location_result,CWS_DEL,s0067,NAPA,1,CWS_DEL.csv
tier_location_result,CWS_DEL,s0067,NAPA2,3,CWS_DEL.csv
tier_location_result,CWS_DEL,s0067,PCWA3,3,CWS_DEL.csv
tier_location_result,CWS_DEL,s0067,PLMAS,3,CWS_DEL.csv
tier_location_result,CWS_DEL,s0067,SBA029,4,CWS_DEL.csv
tier_location_result,CWS_DEL,s0067,SBA036,4,CWS_DEL.csv
tier_location_result,CWS_DEL,s0067,SCVWD,3,CWS_DEL.csv
tier_location_result,CWS_DEL,s0067,SUISN,4,CWS_DEL.csv
tier_location_result,CWS_DEL,s0067,SVWRD,4,CWS_DEL.csv
tier_location_result,CWS_DEL,s0067,TLMNE,1,CWS_DEL.csv
tier_location_result,CWS_DEL,s0067,TVAFB,1,CWS_DEL.csv
tier_location_result,CWS_DEL,s0067,UNION,1,CWS_DEL.csv
tier_location_result,CWS_DEL,s0067,UPANG,1,CWS_DEL.csv
tier_location_result,CWS_DEL,s0067,VLLJO,2,CWS_DEL.csv
tier_location_result,CWS_DEL,s0067,WLDWD,3,CWS_DEL.csv
tier_location_result,CWS_DEL,s0068,02_PU,3,CWS_DEL.csv
tier_location_result,CWS_DEL,s0068,02_SU,4,CWS_DEL.csv
tier_location_result,CWS_DEL,s0068,03_PU1,3,CWS_DEL.csv
tier_location_result,CWS_DEL,s0068,03_PU2,4,CWS_DEL.csv
tier_location_result,CWS_DEL,s0068,03_SU,4,CWS_DEL.csv
tier_location_result,CWS_DEL,s0068,11_NU1,3,CWS_DEL.csv
tier_location_result,CWS_DEL,s0068,12_NU1,3,CWS_DEL.csv
tier_location_result,CWS_DEL,s0068,13_NU1,1,CWS_DEL.csv
tier_location_result,CWS_DEL,s0068,16_PU,4,CWS_DEL.csv
tier_location_result,CWS_DEL,s0068,20_NU1,4,CWS_DEL.csv
tier_location_result,CWS_DEL,s0068,21_PU,2,CWS_DEL.csv
tier_location_result,CWS_DEL,s0068,24_NU1,4,CWS_DEL.csv
tier_location_result,CWS_DEL,s0068,24_NU2,2,CWS_DEL.csv
tier_location_result,CWS_DEL,s0068,24_NU3,3,CWS_DEL.csv
tier_location_result,CWS_DEL,s0068,25_PU,4,CWS_DEL.csv
tier_location_result,CWS_DEL,s0068,26N_NU1,4,CWS_DEL.csv
tier_location_result,CWS_DEL,s0068,26N_NU2,4,CWS_DEL.csv
tier_location_result,CWS_DEL,s0068,26N_NU3,4,CWS_DEL.csv
tier_location_result,CWS_DEL,s0068,26N_PU1,2,CWS_DEL.csv
tier_location_result,CWS_DEL,s0068,26N_PU2,1,CWS_DEL.csv
tier_location_result,CWS_DEL,s0068,26N_PU3,1,CWS_DEL.csv
tier_location_result,CWS_DEL,s0068,26S_NU1,2,CWS_DEL.csv
tier_location_result,CWS_DEL,s0068,26S_NU3,4,CWS_DEL.csv
tier_location_result,CWS_DEL,s0068,26S_PU1,2,CWS_DEL.csv
tier_location_result,CWS_DEL,s0068,26S_PU2,4,CWS_DEL.csv
tier_location_result,CWS_DEL,s0068,26S_PU4,3,CWS_DEL.csv
tier_location_result,CWS_DEL,s0068,26S_PU5,2,CWS_DEL.csv
tier_location_result,CWS_DEL,s0068,26S_PU6,4,CWS_DEL.csv
tier_location_result,CWS_DEL,s0068,50_PU,4,CWS_DEL.csv
tier_location_result,CWS_DEL,s0068,60N_NU1,4,CWS_DEL.csv
tier_location_result,CWS_DEL,s0068,60N_NU2,1,CWS_DEL.csv
tier_location_result,CWS_DEL,s0068,60S_NU1,2,CWS_DEL.csv
tier_location_result,CWS_DEL,s0068,61_NU2,4,CWS_DEL.csv
tier_location_result,CWS_DEL,s0068,62_NU,1,CWS_DEL.csv
tier_location_result,CWS_DEL,s0068,72_NU,1,CWS_DEL.csv
tier_location_result,CWS_DEL,s0068,72_PU,1,CWS_DEL.csv
tier_location_result,CWS_DEL,s0068,90_PU,3,CWS_DEL.csv
tier_location_result,CWS_DEL,s0068,ACFC,1,CWS_DEL.csv
tier_location_result,CWS_DEL,s0068,AMADR,4,CWS_DEL.csv
tier_location_result,CWS_DEL,s0068,AMCYN,1,CWS_DEL.csv
tier_location_result,CWS_DEL,s0068,ANTOC,1,CWS_DEL.csv
tier_location_result,CWS_DEL,s0068,BNCIA,1,CWS_DEL.csv
tier_location_result,CWS_DEL,s0068,CCWD,1,CWS_DEL.csv
tier_location_result,CWS_DEL,s0068,CSB038,4,CWS_DEL.csv
tier_location_result,CWS_DEL,s0068,CSB103,4,CWS_DEL.csv
tier_location_result,CWS_DEL,s0068,CSPSO,4,CWS_DEL.csv
tier_location_result,CWS_DEL,s0068,CSTIC,3,CWS_DEL.csv
tier_location_result,CWS_DEL,s0068,ELDID_NU1,1,CWS_DEL.csv
tier_location_result,CWS_DEL,s0068,ELDID_NU2,1,CWS_DEL.csv
tier_location_result,CWS_DEL,s0068,ELDID_NU3,1,CWS_DEL.csv
tier_location_result,CWS_DEL,s0068,ESB324,4,CWS_DEL.csv
tier_location_result,CWS_DEL,s0068,ESB347,4,CWS_DEL.csv
tier_location_result,CWS_DEL,s0068,ESB414,4,CWS_DEL.csv
tier_location_result,CWS_DEL,s0068,ESB415,4,CWS_DEL.csv
tier_location_result,CWS_DEL,s0068,ESB420,4,CWS_DEL.csv
tier_location_result,CWS_DEL,s0068,FRFLD,1,CWS_DEL.csv
tier_location_result,CWS_DEL,s0068,GDPUD_NU,2,CWS_DEL.csv
tier_location_result,CWS_DEL,s0068,GRSVL,3,CWS_DEL.csv
tier_location_result,CWS_DEL,s0068,JLIND,1,CWS_DEL.csv
tier_location_result,CWS_DEL,s0068,KCWA,4,CWS_DEL.csv
tier_location_result,CWS_DEL,s0068,MWD,1,CWS_DEL.csv
tier_location_result,CWS_DEL,s0068,NAPA,1,CWS_DEL.csv
tier_location_result,CWS_DEL,s0068,NAPA2,3,CWS_DEL.csv
tier_location_result,CWS_DEL,s0068,PCWA3,3,CWS_DEL.csv
tier_location_result,CWS_DEL,s0068,PLMAS,3,CWS_DEL.csv
tier_location_result,CWS_DEL,s0068,SBA029,4,CWS_DEL.csv
tier_location_result,CWS_DEL,s0068,SBA036,4,CWS_DEL.csv
tier_location_result,CWS_DEL,s0068,SCVWD,3,CWS_DEL.csv
tier_location_result,CWS_DEL,s0068,SUISN,4,CWS_DEL.csv
tier_location_result,CWS_DEL,s0068,SVWRD,4,CWS_DEL.csv
tier_location_result,CWS_DEL,s0068,TLMNE,1,CWS_DEL.csv
tier_location_result,CWS_DEL,s0068,TVAFB,1,CWS_DEL.csv
tier_location_result,CWS_DEL,s0068,UNION,1,CWS_DEL.csv
tier_location_result,CWS_DEL,s0068,UPANG,1,CWS_DEL.csv
tier_location_result,CWS_DEL,s0068,VLLJO,3,CWS_DEL.csv
tier_location_result,CWS_DEL,s0068,WLDWD,3,CWS_DEL.csv
tier_location_result,CWS_DEL,s0069,02_PU,3,CWS_DEL.csv
tier_location_result,CWS_DEL,s0069,02_SU,4,CWS_DEL.csv
tier_location_result,CWS_DEL,s0069,03_PU1,3,CWS_DEL.csv
tier_location_result,CWS_DEL,s0069,03_PU2,4,CWS_DEL.csv
tier_location_result,CWS_DEL,s0069,03_SU,4,CWS_DEL.csv
tier_location_result,CWS_DEL,s0069,11_NU1,2,CWS_DEL.csv
tier_location_result,CWS_DEL,s0069,12_NU1,2,CWS_DEL.csv
tier_location_result,CWS_DEL,s0069,13_NU1,1,CWS_DEL.csv
tier_location_result,CWS_DEL,s0069,16_PU,4,CWS_DEL.csv
tier_location_result,CWS_DEL,s0069,20_NU1,4,CWS_DEL.csv
tier_location_result,CWS_DEL,s0069,21_PU,1,CWS_DEL.csv
tier_location_result,CWS_DEL,s0069,24_NU1,4,CWS_DEL.csv
tier_location_result,CWS_DEL,s0069,24_NU2,2,CWS_DEL.csv
tier_location_result,CWS_DEL,s0069,24_NU3,3,CWS_DEL.csv
tier_location_result,CWS_DEL,s0069,25_PU,4,CWS_DEL.csv
tier_location_result,CWS_DEL,s0069,26N_NU1,4,CWS_DEL.csv
tier_location_result,CWS_DEL,s0069,26N_NU2,4,CWS_DEL.csv
tier_location_result,CWS_DEL,s0069,26N_NU3,4,CWS_DEL.csv
tier_location_result,CWS_DEL,s0069,26N_PU1,1,CWS_DEL.csv
tier_location_result,CWS_DEL,s0069,26N_PU2,1,CWS_DEL.csv
tier_location_result,CWS_DEL,s0069,26N_PU3,1,CWS_DEL.csv
tier_location_result,CWS_DEL,s0069,26S_NU1,1,CWS_DEL.csv
tier_location_result,CWS_DEL,s0069,26S_NU3,4,CWS_DEL.csv
tier_location_result,CWS_DEL,s0069,26S_PU1,1,CWS_DEL.csv
tier_location_result,CWS_DEL,s0069,26S_PU2,4,CWS_DEL.csv
tier_location_result,CWS_DEL,s0069,26S_PU4,3,CWS_DEL.csv
tier_location_result,CWS_DEL,s0069,26S_PU5,1,CWS_DEL.csv
tier_location_result,CWS_DEL,s0069,26S_PU6,4,CWS_DEL.csv
tier_location_result,CWS_DEL,s0069,50_PU,4,CWS_DEL.csv
tier_location_result,CWS_DEL,s0069,60N_NU1,4,CWS_DEL.csv
tier_location_result,CWS_DEL,s0069,60N_NU2,1,CWS_DEL.csv
tier_location_result,CWS_DEL,s0069,60S_NU1,2,CWS_DEL.csv
tier_location_result,CWS_DEL,s0069,61_NU2,4,CWS_DEL.csv
tier_location_result,CWS_DEL,s0069,62_NU,1,CWS_DEL.csv
tier_location_result,CWS_DEL,s0069,72_NU,1,CWS_DEL.csv
tier_location_result,CWS_DEL,s0069,72_PU,1,CWS_DEL.csv
tier_location_result,CWS_DEL,s0069,90_PU,3,CWS_DEL.csv
tier_location_result,CWS_DEL,s0069,ACFC,1,CWS_DEL.csv
tier_location_result,CWS_DEL,s0069,AMADR,4,CWS_DEL.csv
tier_location_result,CWS_DEL,s0069,AMCYN,1,CWS_DEL.csv
tier_location_result,CWS_DEL,s0069,ANTOC,1,CWS_DEL.csv
tier_location_result,CWS_DEL,s0069,BNCIA,1,CWS_DEL.csv
tier_location_result,CWS_DEL,s0069,CCWD,1,CWS_DEL.csv
tier_location_result,CWS_DEL,s0069,CSB038,4,CWS_DEL.csv
tier_location_result,CWS_DEL,s0069,CSB103,4,CWS_DEL.csv
tier_location_result,CWS_DEL,s0069,CSPSO,4,CWS_DEL.csv
tier_location_result,CWS_DEL,s0069,CSTIC,3,CWS_DEL.csv
tier_location_result,CWS_DEL,s0069,ELDID_NU1,1,CWS_DEL.csv
tier_location_result,CWS_DEL,s0069,ELDID_NU2,1,CWS_DEL.csv
tier_location_result,CWS_DEL,s0069,ELDID_NU3,1,CWS_DEL.csv
tier_location_result,CWS_DEL,s0069,ESB324,4,CWS_DEL.csv
tier_location_result,CWS_DEL,s0069,ESB347,4,CWS_DEL.csv
tier_location_result,CWS_DEL,s0069,ESB414,4,CWS_DEL.csv
tier_location_result,CWS_DEL,s0069,ESB415,4,CWS_DEL.csv
tier_location_result,CWS_DEL,s0069,ESB420,4,CWS_DEL.csv
tier_location_result,CWS_DEL,s0069,FRFLD,1,CWS_DEL.csv
tier_location_result,CWS_DEL,s0069,GDPUD_NU,2,CWS_DEL.csv
tier_location_result,CWS_DEL,s0069,GRSVL,2,CWS_DEL.csv
tier_location_result,CWS_DEL,s0069,JLIND,1,CWS_DEL.csv
tier_location_result,CWS_DEL,s0069,KCWA,4,CWS_DEL.csv
tier_location_result,CWS_DEL,s0069,MWD,1,CWS_DEL.csv
tier_location_result,CWS_DEL,s0069,NAPA,1,CWS_DEL.csv
tier_location_result,CWS_DEL,s0069,NAPA2,3,CWS_DEL.csv
tier_location_result,CWS_DEL,s0069,PCWA3,3,CWS_DEL.csv
tier_location_result,CWS_DEL,s0069,PLMAS,3,CWS_DEL.csv
tier_location_result,CWS_DEL,s0069,SBA029,4,CWS_DEL.csv
tier_location_result,CWS_DEL,s0069,SBA036,4,CWS_DEL.csv
tier_location_result,CWS_DEL,s0069,SCVWD,3,CWS_DEL.csv
tier_location_result,CWS_DEL,s0069,SUISN,4,CWS_DEL.csv
tier_location_result,CWS_DEL,s0069,SVWRD,4,CWS_DEL.csv
tier_location_result,CWS_DEL,s0069,TLMNE,1,CWS_DEL.csv
tier_location_result,CWS_DEL,s0069,TVAFB,1,CWS_DEL.csv
tier_location_result,CWS_DEL,s0069,UNION,1,CWS_DEL.csv
tier_location_result,CWS_DEL,s0069,UPANG,1,CWS_DEL.csv
tier_location_result,CWS_DEL,s0069,VLLJO,2,CWS_DEL.csv
tier_location_result,CWS_DEL,s0069,WLDWD,3,CWS_DEL.csv
tier_location_result,CWS_DEL,s0071,02_PU,1,CWS_DEL.csv
tier_location_result,CWS_DEL,s0071,02_SU,4,CWS_DEL.csv
tier_location_result,CWS_DEL,s0071,03_PU1,1,CWS_DEL.csv
tier_location_result,CWS_DEL,s0071,03_PU2,4,CWS_DEL.csv
tier_location_result,CWS_DEL,s0071,03_SU,4,CWS_DEL.csv
tier_location_result,CWS_DEL,s0071,11_NU1,1,CWS_DEL.csv
tier_location_result,CWS_DEL,s0071,12_NU1,1,CWS_DEL.csv
tier_location_result,CWS_DEL,s0071,13_NU1,1,CWS_DEL.csv
tier_location_result,CWS_DEL,s0071,16_PU,4,CWS_DEL.csv
tier_location_result,CWS_DEL,s0071,20_NU1,4,CWS_DEL.csv
tier_location_result,CWS_DEL,s0071,21_PU,1,CWS_DEL.csv
tier_location_result,CWS_DEL,s0071,24_NU1,4,CWS_DEL.csv
tier_location_result,CWS_DEL,s0071,24_NU2,2,CWS_DEL.csv
tier_location_result,CWS_DEL,s0071,24_NU3,3,CWS_DEL.csv
tier_location_result,CWS_DEL,s0071,25_PU,4,CWS_DEL.csv
tier_location_result,CWS_DEL,s0071,26N_NU1,4,CWS_DEL.csv
tier_location_result,CWS_DEL,s0071,26N_NU2,4,CWS_DEL.csv
tier_location_result,CWS_DEL,s0071,26N_NU3,4,CWS_DEL.csv
tier_location_result,CWS_DEL,s0071,26N_PU1,1,CWS_DEL.csv
tier_location_result,CWS_DEL,s0071,26N_PU2,1,CWS_DEL.csv
tier_location_result,CWS_DEL,s0071,26N_PU3,1,CWS_DEL.csv
tier_location_result,CWS_DEL,s0071,26S_NU1,1,CWS_DEL.csv
tier_location_result,CWS_DEL,s0071,26S_NU3,4,CWS_DEL.csv
tier_location_result,CWS_DEL,s0071,26S_PU1,1,CWS_DEL.csv
tier_location_result,CWS_DEL,s0071,26S_PU2,4,CWS_DEL.csv
tier_location_result,CWS_DEL,s0071,26S_PU4,3,CWS_DEL.csv
tier_location_result,CWS_DEL,s0071,26S_PU5,1,CWS_DEL.csv
tier_location_result,CWS_DEL,s0071,26S_PU6,4,CWS_DEL.csv
tier_location_result,CWS_DEL,s0071,50_PU,4,CWS_DEL.csv
tier_location_result,CWS_DEL,s0071,60N_NU1,4,CWS_DEL.csv
tier_location_result,CWS_DEL,s0071,60N_NU2,1,CWS_DEL.csv
tier_location_result,CWS_DEL,s0071,60S_NU1,2,CWS_DEL.csv
tier_location_result,CWS_DEL,s0071,61_NU2,4,CWS_DEL.csv
tier_location_result,CWS_DEL,s0071,62_NU,1,CWS_DEL.csv
tier_location_result,CWS_DEL,s0071,71_NU,1,CWS_DEL.csv
tier_location_result,CWS_DEL,s0071,72_NU,1,CWS_DEL.csv
tier_location_result,CWS_DEL,s0071,72_PU,1,CWS_DEL.csv
tier_location_result,CWS_DEL,s0071,90_PU,2,CWS_DEL.csv
tier_location_result,CWS_DEL,s0071,ACFC,1,CWS_DEL.csv
tier_location_result,CWS_DEL,s0071,AMADR,4,CWS_DEL.csv
tier_location_result,CWS_DEL,s0071,AMCYN,1,CWS_DEL.csv
tier_location_result,CWS_DEL,s0071,ANTOC,1,CWS_DEL.csv
tier_location_result,CWS_DEL,s0071,BNCIA,1,CWS_DEL.csv
tier_location_result,CWS_DEL,s0071,CCWD,1,CWS_DEL.csv
tier_location_result,CWS_DEL,s0071,CSB038,4,CWS_DEL.csv
tier_location_result,CWS_DEL,s0071,CSB103,4,CWS_DEL.csv
tier_location_result,CWS_DEL,s0071,CSPSO,4,CWS_DEL.csv
tier_location_result,CWS_DEL,s0071,CSTIC,3,CWS_DEL.csv
tier_location_result,CWS_DEL,s0071,ELDID_NU1,1,CWS_DEL.csv
tier_location_result,CWS_DEL,s0071,ELDID_NU2,1,CWS_DEL.csv
tier_location_result,CWS_DEL,s0071,ELDID_NU3,1,CWS_DEL.csv
tier_location_result,CWS_DEL,s0071,ESB324,4,CWS_DEL.csv
tier_location_result,CWS_DEL,s0071,ESB347,4,CWS_DEL.csv
tier_location_result,CWS_DEL,s0071,ESB414,4,CWS_DEL.csv
tier_location_result,CWS_DEL,s0071,ESB415,4,CWS_DEL.csv
tier_location_result,CWS_DEL,s0071,ESB420,4,CWS_DEL.csv
tier_location_result,CWS_DEL,s0071,FRFLD,1,CWS_DEL.csv
tier_location_result,CWS_DEL,s0071,GDPUD_NU,1,CWS_DEL.csv
tier_location_result,CWS_DEL,s0071,GRSVL,2,CWS_DEL.csv
tier_location_result,CWS_DEL,s0071,JLIND,1,CWS_DEL.csv
tier_location_result,CWS_DEL,s0071,KCWA,4,CWS_DEL.csv
tier_location_result,CWS_DEL,s0071,MWD,1,CWS_DEL.csv
tier_location_result,CWS_DEL,s0071,NAPA,1,CWS_DEL.csv
tier_location_result,CWS_DEL,s0071,NAPA2,3,CWS_DEL.csv
tier_location_result,CWS_DEL,s0071,PCWA3,2,CWS_DEL.csv
tier_location_result,CWS_DEL,s0071,PLMAS,1,CWS_DEL.csv
tier_location_result,CWS_DEL,s0071,SBA029,4,CWS_DEL.csv
tier_location_result,CWS_DEL,s0071,SBA036,4,CWS_DEL.csv
tier_location_result,CWS_DEL,s0071,SCVWD,2,CWS_DEL.csv
tier_location_result,CWS_DEL,s0071,SUISN,4,CWS_DEL.csv
tier_location_result,CWS_DEL,s0071,SVWRD,4,CWS_DEL.csv
tier_location_result,CWS_DEL,s0071,TLMNE,1,CWS_DEL.csv
tier_location_result,CWS_DEL,s0071,TVAFB,1,CWS_DEL.csv
tier_location_result,CWS_DEL,s0071,UNION,1,CWS_DEL.csv
tier_location_result,CWS_DEL,s0071,UPANG,2,CWS_DEL.csv
tier_location_result,CWS_DEL,s0071,VLLJO,3,CWS_DEL.csv
tier_location_result,CWS_DEL,s0071,WLDWD,3,CWS_DEL.csv
tier_location_result,CWS_DEL,s0072,02_PU,1,CWS_DEL.csv
tier_location_result,CWS_DEL,s0072,02_SU,4,CWS_DEL.csv
tier_location_result,CWS_DEL,s0072,03_PU1,1,CWS_DEL.csv
tier_location_result,CWS_DEL,s0072,03_PU2,4,CWS_DEL.csv
tier_location_result,CWS_DEL,s0072,03_SU,4,CWS_DEL.csv
tier_location_result,CWS_DEL,s0072,11_NU1,1,CWS_DEL.csv
tier_location_result,CWS_DEL,s0072,12_NU1,1,CWS_DEL.csv
tier_location_result,CWS_DEL,s0072,13_NU1,1,CWS_DEL.csv
tier_location_result,CWS_DEL,s0072,16_PU,4,CWS_DEL.csv
tier_location_result,CWS_DEL,s0072,20_NU1,4,CWS_DEL.csv
tier_location_result,CWS_DEL,s0072,21_PU,1,CWS_DEL.csv
tier_location_result,CWS_DEL,s0072,24_NU1,4,CWS_DEL.csv
tier_location_result,CWS_DEL,s0072,24_NU2,2,CWS_DEL.csv
tier_location_result,CWS_DEL,s0072,24_NU3,3,CWS_DEL.csv
tier_location_result,CWS_DEL,s0072,25_PU,4,CWS_DEL.csv
tier_location_result,CWS_DEL,s0072,26N_NU1,4,CWS_DEL.csv
tier_location_result,CWS_DEL,s0072,26N_NU2,4,CWS_DEL.csv
tier_location_result,CWS_DEL,s0072,26N_NU3,4,CWS_DEL.csv
tier_location_result,CWS_DEL,s0072,26N_PU1,1,CWS_DEL.csv
tier_location_result,CWS_DEL,s0072,26N_PU2,1,CWS_DEL.csv
tier_location_result,CWS_DEL,s0072,26N_PU3,1,CWS_DEL.csv
tier_location_result,CWS_DEL,s0072,26S_NU1,1,CWS_DEL.csv
tier_location_result,CWS_DEL,s0072,26S_NU3,4,CWS_DEL.csv
tier_location_result,CWS_DEL,s0072,26S_PU1,1,CWS_DEL.csv
tier_location_result,CWS_DEL,s0072,26S_PU2,4,CWS_DEL.csv
tier_location_result,CWS_DEL,s0072,26S_PU4,4,CWS_DEL.csv
tier_location_result,CWS_DEL,s0072,26S_PU5,1,CWS_DEL.csv
tier_location_result,CWS_DEL,s0072,26S_PU6,4,CWS_DEL.csv
tier_location_result,CWS_DEL,s0072,50_PU,4,CWS_DEL.csv
tier_location_result,CWS_DEL,s0072,60N_NU1,4,CWS_DEL.csv
tier_location_result,CWS_DEL,s0072,60N_NU2,1,CWS_DEL.csv
tier_location_result,CWS_DEL,s0072,60S_NU1,2,CWS_DEL.csv
tier_location_result,CWS_DEL,s0072,61_NU2,4,CWS_DEL.csv
tier_location_result,CWS_DEL,s0072,62_NU,1,CWS_DEL.csv
tier_location_result,CWS_DEL,s0072,71_NU,1,CWS_DEL.csv
tier_location_result,CWS_DEL,s0072,72_NU,1,CWS_DEL.csv
tier_location_result,CWS_DEL,s0072,72_PU,1,CWS_DEL.csv
tier_location_result,CWS_DEL,s0072,90_PU,4,CWS_DEL.csv
tier_location_result,CWS_DEL,s0072,ACFC,1,CWS_DEL.csv
tier_location_result,CWS_DEL,s0072,AMADR,4,CWS_DEL.csv
tier_location_result,CWS_DEL,s0072,AMCYN,1,CWS_DEL.csv
tier_location_result,CWS_DEL,s0072,ANTOC,1,CWS_DEL.csv
tier_location_result,CWS_DEL,s0072,BNCIA,1,CWS_DEL.csv
tier_location_result,CWS_DEL,s0072,CCWD,1,CWS_DEL.csv
tier_location_result,CWS_DEL,s0072,CSB038,4,CWS_DEL.csv
tier_location_result,CWS_DEL,s0072,CSB103,4,CWS_DEL.csv
tier_location_result,CWS_DEL,s0072,CSPSO,4,CWS_DEL.csv
tier_location_result,CWS_DEL,s0072,CSTIC,3,CWS_DEL.csv
tier_location_result,CWS_DEL,s0072,ELDID_NU1,1,CWS_DEL.csv
tier_location_result,CWS_DEL,s0072,ELDID_NU2,1,CWS_DEL.csv
tier_location_result,CWS_DEL,s0072,ELDID_NU3,1,CWS_DEL.csv
tier_location_result,CWS_DEL,s0072,ESB324,4,CWS_DEL.csv
tier_location_result,CWS_DEL,s0072,ESB347,4,CWS_DEL.csv
tier_location_result,CWS_DEL,s0072,ESB414,4,CWS_DEL.csv
tier_location_result,CWS_DEL,s0072,ESB415,4,CWS_DEL.csv
tier_location_result,CWS_DEL,s0072,ESB420,4,CWS_DEL.csv
tier_location_result,CWS_DEL,s0072,FRFLD,1,CWS_DEL.csv
tier_location_result,CWS_DEL,s0072,GDPUD_NU,2,CWS_DEL.csv
tier_location_result,CWS_DEL,s0072,GRSVL,3,CWS_DEL.csv
tier_location_result,CWS_DEL,s0072,JLIND,1,CWS_DEL.csv
tier_location_result,CWS_DEL,s0072,KCWA,4,CWS_DEL.csv
tier_location_result,CWS_DEL,s0072,MWD,1,CWS_DEL.csv
tier_location_result,CWS_DEL,s0072,NAPA,1,CWS_DEL.csv
tier_location_result,CWS_DEL,s0072,NAPA2,3,CWS_DEL.csv
tier_location_result,CWS_DEL,s0072,PCWA3,3,CWS_DEL.csv
tier_location_result,CWS_DEL,s0072,PLMAS,3,CWS_DEL.csv
tier_location_result,CWS_DEL,s0072,SBA029,4,CWS_DEL.csv
tier_location_result,CWS_DEL,s0072,SBA036,4,CWS_DEL.csv
tier_location_result,CWS_DEL,s0072,SCVWD,4,CWS_DEL.csv
tier_location_result,CWS_DEL,s0072,SUISN,4,CWS_DEL.csv
tier_location_result,CWS_DEL,s0072,SVWRD,4,CWS_DEL.csv
tier_location_result,CWS_DEL,s0072,TLMNE,1,CWS_DEL.csv
tier_location_result,CWS_DEL,s0072,TVAFB,1,CWS_DEL.csv
tier_location_result,CWS_DEL,s0072,UNION,1,CWS_DEL.csv
tier_location_result,CWS_DEL,s0072,UPANG,1,CWS_DEL.csv
tier_location_result,CWS_DEL,s0072,VLLJO,2,CWS_DEL.csv
tier_location_result,CWS_DEL,s0072,WLDWD,3,CWS_DEL.csv
tier_location_result,CWS_DEL,s0073,02_PU,3,CWS_DEL.csv
tier_location_result,CWS_DEL,s0073,02_SU,4,CWS_DEL.csv
tier_location_result,CWS_DEL,s0073,03_PU1,3,CWS_DEL.csv
tier_location_result,CWS_DEL,s0073,03_PU2,4,CWS_DEL.csv
tier_location_result,CWS_DEL,s0073,03_SU,4,CWS_DEL.csv
tier_location_result,CWS_DEL,s0073,11_NU1,3,CWS_DEL.csv
tier_location_result,CWS_DEL,s0073,12_NU1,3,CWS_DEL.csv
tier_location_result,CWS_DEL,s0073,13_NU1,1,CWS_DEL.csv
tier_location_result,CWS_DEL,s0073,16_PU,4,CWS_DEL.csv
tier_location_result,CWS_DEL,s0073,20_NU1,4,CWS_DEL.csv
tier_location_result,CWS_DEL,s0073,21_PU,1,CWS_DEL.csv
tier_location_result,CWS_DEL,s0073,24_NU1,4,CWS_DEL.csv
tier_location_result,CWS_DEL,s0073,24_NU2,2,CWS_DEL.csv
tier_location_result,CWS_DEL,s0073,24_NU3,3,CWS_DEL.csv
tier_location_result,CWS_DEL,s0073,25_PU,4,CWS_DEL.csv
tier_location_result,CWS_DEL,s0073,26N_NU1,4,CWS_DEL.csv
tier_location_result,CWS_DEL,s0073,26N_NU2,4,CWS_DEL.csv
tier_location_result,CWS_DEL,s0073,26N_NU3,4,CWS_DEL.csv
tier_location_result,CWS_DEL,s0073,26N_PU1,3,CWS_DEL.csv
tier_location_result,CWS_DEL,s0073,26N_PU2,1,CWS_DEL.csv
tier_location_result,CWS_DEL,s0073,26N_PU3,1,CWS_DEL.csv
tier_location_result,CWS_DEL,s0073,26S_NU1,1,CWS_DEL.csv
tier_location_result,CWS_DEL,s0073,26S_NU3,4,CWS_DEL.csv
tier_location_result,CWS_DEL,s0073,26S_PU1,3,CWS_DEL.csv
tier_location_result,CWS_DEL,s0073,26S_PU2,4,CWS_DEL.csv
tier_location_result,CWS_DEL,s0073,26S_PU4,4,CWS_DEL.csv
tier_location_result,CWS_DEL,s0073,26S_PU5,1,CWS_DEL.csv
tier_location_result,CWS_DEL,s0073,26S_PU6,4,CWS_DEL.csv
tier_location_result,CWS_DEL,s0073,50_PU,4,CWS_DEL.csv
tier_location_result,CWS_DEL,s0073,60N_NU1,4,CWS_DEL.csv
tier_location_result,CWS_DEL,s0073,60N_NU2,1,CWS_DEL.csv
tier_location_result,CWS_DEL,s0073,60S_NU1,2,CWS_DEL.csv
tier_location_result,CWS_DEL,s0073,61_NU2,4,CWS_DEL.csv
tier_location_result,CWS_DEL,s0073,62_NU,1,CWS_DEL.csv
tier_location_result,CWS_DEL,s0073,71_NU,1,CWS_DEL.csv
tier_location_result,CWS_DEL,s0073,72_NU,1,CWS_DEL.csv
tier_location_result,CWS_DEL,s0073,72_PU,1,CWS_DEL.csv
tier_location_result,CWS_DEL,s0073,90_PU,4,CWS_DEL.csv
tier_location_result,CWS_DEL,s0073,ACFC,1,CWS_DEL.csv
tier_location_result,CWS_DEL,s0073,AMADR,4,CWS_DEL.csv
tier_location_result,CWS_DEL,s0073,AMCYN,1,CWS_DEL.csv
tier_location_result,CWS_DEL,s0073,ANTOC,1,CWS_DEL.csv
tier_location_result,CWS_DEL,s0073,BNCIA,1,CWS_DEL.csv
tier_location_result,CWS_DEL,s0073,CCWD,1,CWS_DEL.csv
tier_location_result,CWS_DEL,s0073,CSB038,4,CWS_DEL.csv
tier_location_result,CWS_DEL,s0073,CSB103,4,CWS_DEL.csv
tier_location_result,CWS_DEL,s0073,CSPSO,4,CWS_DEL.csv
tier_location_result,CWS_DEL,s0073,CSTIC,3,CWS_DEL.csv
tier_location_result,CWS_DEL,s0073,ELDID_NU1,1,CWS_DEL.csv
tier_location_result,CWS_DEL,s0073,ELDID_NU2,1,CWS_DEL.csv
tier_location_result,CWS_DEL,s0073,ELDID_NU3,2,CWS_DEL.csv
tier_location_result,CWS_DEL,s0073,ESB324,4,CWS_DEL.csv
tier_location_result,CWS_DEL,s0073,ESB347,4,CWS_DEL.csv
tier_location_result,CWS_DEL,s0073,ESB414,4,CWS_DEL.csv
tier_location_result,CWS_DEL,s0073,ESB415,4,CWS_DEL.csv
tier_location_result,CWS_DEL,s0073,ESB420,4,CWS_DEL.csv
tier_location_result,CWS_DEL,s0073,FRFLD,1,CWS_DEL.csv
tier_location_result,CWS_DEL,s0073,GDPUD_NU,2,CWS_DEL.csv
tier_location_result,CWS_DEL,s0073,GRSVL,2,CWS_DEL.csv
tier_location_result,CWS_DEL,s0073,JLIND,1,CWS_DEL.csv
tier_location_result,CWS_DEL,s0073,KCWA,4,CWS_DEL.csv
tier_location_result,CWS_DEL,s0073,MWD,1,CWS_DEL.csv
tier_location_result,CWS_DEL,s0073,NAPA,1,CWS_DEL.csv
tier_location_result,CWS_DEL,s0073,NAPA2,3,CWS_DEL.csv
tier_location_result,CWS_DEL,s0073,PCWA3,3,CWS_DEL.csv
tier_location_result,CWS_DEL,s0073,PLMAS,3,CWS_DEL.csv
tier_location_result,CWS_DEL,s0073,SBA029,4,CWS_DEL.csv
tier_location_result,CWS_DEL,s0073,SBA036,4,CWS_DEL.csv
tier_location_result,CWS_DEL,s0073,SCVWD,4,CWS_DEL.csv
tier_location_result,CWS_DEL,s0073,SUISN,4,CWS_DEL.csv
tier_location_result,CWS_DEL,s0073,SVWRD,4,CWS_DEL.csv
tier_location_result,CWS_DEL,s0073,TLMNE,1,CWS_DEL.csv
tier_location_result,CWS_DEL,s0073,TVAFB,1,CWS_DEL.csv
tier_location_result,CWS_DEL,s0073,UNION,1,CWS_DEL.csv
tier_location_result,CWS_DEL,s0073,UPANG,1,CWS_DEL.csv
tier_location_result,CWS_DEL,s0073,VLLJO,3,CWS_DEL.csv
tier_location_result,CWS_DEL,s0073,WLDWD,3,CWS_DEL.csv
tier_location_result,CWS_DEL,s0074,02_PU,2,CWS_DEL.csv
tier_location_result,CWS_DEL,s0074,02_SU,4,CWS_DEL.csv
tier_location_result,CWS_DEL,s0074,03_PU1,2,CWS_DEL.csv
tier_location_result,CWS_DEL,s0074,03_PU2,4,CWS_DEL.csv
tier_location_result,CWS_DEL,s0074,03_SU,4,CWS_DEL.csv
tier_location_result,CWS_DEL,s0074,11_NU1,1,CWS_DEL.csv
tier_location_result,CWS_DEL,s0074,12_NU1,1,CWS_DEL.csv
tier_location_result,CWS_DEL,s0074,13_NU1,1,CWS_DEL.csv
tier_location_result,CWS_DEL,s0074,16_PU,1,CWS_DEL.csv
tier_location_result,CWS_DEL,s0074,20_NU1,4,CWS_DEL.csv
tier_location_result,CWS_DEL,s0074,21_PU,1,CWS_DEL.csv
tier_location_result,CWS_DEL,s0074,24_NU1,3,CWS_DEL.csv
tier_location_result,CWS_DEL,s0074,24_NU2,1,CWS_DEL.csv
tier_location_result,CWS_DEL,s0074,24_NU3,3,CWS_DEL.csv
tier_location_result,CWS_DEL,s0074,25_PU,4,CWS_DEL.csv
tier_location_result,CWS_DEL,s0074,26N_NU1,4,CWS_DEL.csv
tier_location_result,CWS_DEL,s0074,26N_NU2,4,CWS_DEL.csv
tier_location_result,CWS_DEL,s0074,26N_NU3,4,CWS_DEL.csv
tier_location_result,CWS_DEL,s0074,26N_PU1,1,CWS_DEL.csv
tier_location_result,CWS_DEL,s0074,26N_PU2,1,CWS_DEL.csv
tier_location_result,CWS_DEL,s0074,26N_PU3,1,CWS_DEL.csv
tier_location_result,CWS_DEL,s0074,26S_NU1,1,CWS_DEL.csv
tier_location_result,CWS_DEL,s0074,26S_NU3,4,CWS_DEL.csv
tier_location_result,CWS_DEL,s0074,26S_PU1,1,CWS_DEL.csv
tier_location_result,CWS_DEL,s0074,26S_PU2,4,CWS_DEL.csv
tier_location_result,CWS_DEL,s0074,26S_PU4,4,CWS_DEL.csv
tier_location_result,CWS_DEL,s0074,26S_PU5,4,CWS_DEL.csv
tier_location_result,CWS_DEL,s0074,26S_PU6,1,CWS_DEL.csv
tier_location_result,CWS_DEL,s0074,50_PU,4,CWS_DEL.csv
tier_location_result,CWS_DEL,s0074,60N_NU1,4,CWS_DEL.csv
tier_location_result,CWS_DEL,s0074,60N_NU2,1,CWS_DEL.csv
tier_location_result,CWS_DEL,s0074,60S_NU1,2,CWS_DEL.csv
tier_location_result,CWS_DEL,s0074,61_NU2,4,CWS_DEL.csv
tier_location_result,CWS_DEL,s0074,62_NU,4,CWS_DEL.csv
tier_location_result,CWS_DEL,s0074,71_NU,4,CWS_DEL.csv
tier_location_result,CWS_DEL,s0074,72_NU,4,CWS_DEL.csv
tier_location_result,CWS_DEL,s0074,72_PU,1,CWS_DEL.csv
tier_location_result,CWS_DEL,s0074,90_PU,4,CWS_DEL.csv
tier_location_result,CWS_DEL,s0074,ACFC,1,CWS_DEL.csv
tier_location_result,CWS_DEL,s0074,AMADR,4,CWS_DEL.csv
tier_location_result,CWS_DEL,s0074,AMCYN,1,CWS_DEL.csv
tier_location_result,CWS_DEL,s0074,ANTOC,1,CWS_DEL.csv
tier_location_result,CWS_DEL,s0074,BNCIA,1,CWS_DEL.csv
tier_location_result,CWS_DEL,s0074,CCWD,1,CWS_DEL.csv
tier_location_result,CWS_DEL,s0074,CSB038,4,CWS_DEL.csv
tier_location_result,CWS_DEL,s0074,CSB103,4,CWS_DEL.csv
tier_location_result,CWS_DEL,s0074,CSPSO,4,CWS_DEL.csv
tier_location_result,CWS_DEL,s0074,CSTIC,3,CWS_DEL.csv
tier_location_result,CWS_DEL,s0074,ELDID_NU1,1,CWS_DEL.csv
tier_location_result,CWS_DEL,s0074,ELDID_NU2,1,CWS_DEL.csv
tier_location_result,CWS_DEL,s0074,ELDID_NU3,1,CWS_DEL.csv
tier_location_result,CWS_DEL,s0074,ESB324,4,CWS_DEL.csv
tier_location_result,CWS_DEL,s0074,ESB347,4,CWS_DEL.csv
tier_location_result,CWS_DEL,s0074,ESB414,4,CWS_DEL.csv
tier_location_result,CWS_DEL,s0074,ESB415,4,CWS_DEL.csv
tier_location_result,CWS_DEL,s0074,ESB420,4,CWS_DEL.csv
tier_location_result,CWS_DEL,s0074,FRFLD,1,CWS_DEL.csv
tier_location_result,CWS_DEL,s0074,GDPUD_NU,2,CWS_DEL.csv
tier_location_result,CWS_DEL,s0074,GRSVL,3,CWS_DEL.csv
tier_location_result,CWS_DEL,s0074,JLIND,1,CWS_DEL.csv
tier_location_result,CWS_DEL,s0074,KCWA,4,CWS_DEL.csv
tier_location_result,CWS_DEL,s0074,MWD,1,CWS_DEL.csv
tier_location_result,CWS_DEL,s0074,NAPA,1,CWS_DEL.csv
tier_location_result,CWS_DEL,s0074,NAPA2,3,CWS_DEL.csv
tier_location_result,CWS_DEL,s0074,PCWA3,3,CWS_DEL.csv
tier_location_result,CWS_DEL,s0074,PLMAS,3,CWS_DEL.csv
tier_location_result,CWS_DEL,s0074,SBA029,4,CWS_DEL.csv
tier_location_result,CWS_DEL,s0074,SBA036,4,CWS_DEL.csv
tier_location_result,CWS_DEL,s0074,SCVWD,4,CWS_DEL.csv
tier_location_result,CWS_DEL,s0074,SUISN,4,CWS_DEL.csv
tier_location_result,CWS_DEL,s0074,SVWRD,4,CWS_DEL.csv
tier_location_result,CWS_DEL,s0074,TLMNE,1,CWS_DEL.csv
tier_location_result,CWS_DEL,s0074,TVAFB,1,CWS_DEL.csv
tier_location_result,CWS_DEL,s0074,UNION,1,CWS_DEL.csv
tier_location_result,CWS_DEL,s0074,UPANG,1,CWS_DEL.csv
tier_location_result,CWS_DEL,s0074,VLLJO,2,CWS_DEL.csv
tier_location_result,CWS_DEL,s0074,WLDWD,3,CWS_DEL.csv
tier_location_result,CWS_DEL,s0075,02_PU,3,CWS_DEL.csv
tier_location_result,CWS_DEL,s0075,02_SU,4,CWS_DEL.csv
tier_location_result,CWS_DEL,s0075,03_PU1,3,CWS_DEL.csv
tier_location_result,CWS_DEL,s0075,03_PU2,4,CWS_DEL.csv
tier_location_result,CWS_DEL,s0075,03_SU,4,CWS_DEL.csv
tier_location_result,CWS_DEL,s0075,11_NU1,3,CWS_DEL.csv
tier_location_result,CWS_DEL,s0075,12_NU1,3,CWS_DEL.csv
tier_location_result,CWS_DEL,s0075,13_NU1,1,CWS_DEL.csv
tier_location_result,CWS_DEL,s0075,16_PU,4,CWS_DEL.csv
tier_location_result,CWS_DEL,s0075,20_NU1,4,CWS_DEL.csv
tier_location_result,CWS_DEL,s0075,21_PU,3,CWS_DEL.csv
tier_location_result,CWS_DEL,s0075,24_NU1,4,CWS_DEL.csv
tier_location_result,CWS_DEL,s0075,24_NU2,2,CWS_DEL.csv
tier_location_result,CWS_DEL,s0075,24_NU3,3,CWS_DEL.csv
tier_location_result,CWS_DEL,s0075,25_PU,4,CWS_DEL.csv
tier_location_result,CWS_DEL,s0075,26N_NU1,4,CWS_DEL.csv
tier_location_result,CWS_DEL,s0075,26N_NU2,4,CWS_DEL.csv
tier_location_result,CWS_DEL,s0075,26N_NU3,4,CWS_DEL.csv
tier_location_result,CWS_DEL,s0075,26N_PU1,3,CWS_DEL.csv
tier_location_result,CWS_DEL,s0075,26N_PU2,1,CWS_DEL.csv
tier_location_result,CWS_DEL,s0075,26N_PU3,1,CWS_DEL.csv
tier_location_result,CWS_DEL,s0075,26S_NU1,3,CWS_DEL.csv
tier_location_result,CWS_DEL,s0075,26S_NU3,4,CWS_DEL.csv
tier_location_result,CWS_DEL,s0075,26S_PU1,3,CWS_DEL.csv
tier_location_result,CWS_DEL,s0075,26S_PU2,4,CWS_DEL.csv
tier_location_result,CWS_DEL,s0075,26S_PU4,3,CWS_DEL.csv
tier_location_result,CWS_DEL,s0075,26S_PU5,3,CWS_DEL.csv
tier_location_result,CWS_DEL,s0075,26S_PU6,4,CWS_DEL.csv
tier_location_result,CWS_DEL,s0075,50_PU,4,CWS_DEL.csv
tier_location_result,CWS_DEL,s0075,60N_NU1,4,CWS_DEL.csv
tier_location_result,CWS_DEL,s0075,60N_NU2,1,CWS_DEL.csv
tier_location_result,CWS_DEL,s0075,60S_NU1,2,CWS_DEL.csv
tier_location_result,CWS_DEL,s0075,61_NU2,4,CWS_DEL.csv
tier_location_result,CWS_DEL,s0075,62_NU,1,CWS_DEL.csv
tier_location_result,CWS_DEL,s0075,72_NU,1,CWS_DEL.csv
tier_location_result,CWS_DEL,s0075,72_PU,1,CWS_DEL.csv
tier_location_result,CWS_DEL,s0075,90_PU,2,CWS_DEL.csv
tier_location_result,CWS_DEL,s0075,ACFC,1,CWS_DEL.csv
tier_location_result,CWS_DEL,s0075,AMADR,4,CWS_DEL.csv
tier_location_result,CWS_DEL,s0075,AMCYN,1,CWS_DEL.csv
tier_location_result,CWS_DEL,s0075,ANTOC,1,CWS_DEL.csv
tier_location_result,CWS_DEL,s0075,BNCIA,1,CWS_DEL.csv
tier_location_result,CWS_DEL,s0075,CCWD,1,CWS_DEL.csv
tier_location_result,CWS_DEL,s0075,CSB038,4,CWS_DEL.csv
tier_location_result,CWS_DEL,s0075,CSB103,4,CWS_DEL.csv
tier_location_result,CWS_DEL,s0075,CSPSO,4,CWS_DEL.csv
tier_location_result,CWS_DEL,s0075,CSTIC,3,CWS_DEL.csv
tier_location_result,CWS_DEL,s0075,ELDID_NA1,4,CWS_DEL.csv
tier_location_result,CWS_DEL,s0075,ELDID_NU1,1,CWS_DEL.csv
tier_location_result,CWS_DEL,s0075,ELDID_NU2,1,CWS_DEL.csv
tier_location_result,CWS_DEL,s0075,ELDID_NU3,2,CWS_DEL.csv
tier_location_result,CWS_DEL,s0075,ESB324,4,CWS_DEL.csv
tier_location_result,CWS_DEL,s0075,ESB347,4,CWS_DEL.csv
tier_location_result,CWS_DEL,s0075,ESB414,4,CWS_DEL.csv
tier_location_result,CWS_DEL,s0075,ESB415,4,CWS_DEL.csv
tier_location_result,CWS_DEL,s0075,ESB420,4,CWS_DEL.csv
tier_location_result,CWS_DEL,s0075,FRFLD,1,CWS_DEL.csv
tier_location_result,CWS_DEL,s0075,GDPUD_NU,2,CWS_DEL.csv
tier_location_result,CWS_DEL,s0075,GRSVL,3,CWS_DEL.csv
tier_location_result,CWS_DEL,s0075,JLIND,1,CWS_DEL.csv
tier_location_result,CWS_DEL,s0075,KCWA,4,CWS_DEL.csv
tier_location_result,CWS_DEL,s0075,MWD,1,CWS_DEL.csv
tier_location_result,CWS_DEL,s0075,NAPA,1,CWS_DEL.csv
tier_location_result,CWS_DEL,s0075,NAPA2,3,CWS_DEL.csv
tier_location_result,CWS_DEL,s0075,PCWA3,3,CWS_DEL.csv
tier_location_result,CWS_DEL,s0075,PLMAS,3,CWS_DEL.csv
tier_location_result,CWS_DEL,s0075,SBA029,4,CWS_DEL.csv
tier_location_result,CWS_DEL,s0075,SBA036,4,CWS_DEL.csv
tier_location_result,CWS_DEL,s0075,SCVWD,1,CWS_DEL.csv
tier_location_result,CWS_DEL,s0075,SUISN,4,CWS_DEL.csv
tier_location_result,CWS_DEL,s0075,SVWRD,4,CWS_DEL.csv
tier_location_result,CWS_DEL,s0075,TLMNE,1,CWS_DEL.csv
tier_location_result,CWS_DEL,s0075,TVAFB,1,CWS_DEL.csv
tier_location_result,CWS_DEL,s0075,UNION,1,CWS_DEL.csv
tier_location_result,CWS_DEL,s0075,UPANG,1,CWS_DEL.csv
tier_location_result,CWS_DEL,s0075,VLLJO,2,CWS_DEL.csv
tier_location_result,CWS_DEL,s0075,WLDWD,3,CWS_DEL.csv
tier_location_result,CWS_DEL,s0076,02_PU,3,CWS_DEL.csv
tier_location_result,CWS_DEL,s0076,02_SU,4,CWS_DEL.csv
tier_location_result,CWS_DEL,s0076,03_PU1,3,CWS_DEL.csv
tier_location_result,CWS_DEL,s0076,03_PU2,4,CWS_DEL.csv
tier_location_result,CWS_DEL,s0076,03_SU,4,CWS_DEL.csv
tier_location_result,CWS_DEL,s0076,11_NU1,3,CWS_DEL.csv
tier_location_result,CWS_DEL,s0076,12_NU1,3,CWS_DEL.csv
tier_location_result,CWS_DEL,s0076,13_NU1,1,CWS_DEL.csv
tier_location_result,CWS_DEL,s0076,16_PU,4,CWS_DEL.csv
tier_location_result,CWS_DEL,s0076,20_NU1,4,CWS_DEL.csv
tier_location_result,CWS_DEL,s0076,21_PU,3,CWS_DEL.csv
tier_location_result,CWS_DEL,s0076,24_NU1,4,CWS_DEL.csv
tier_location_result,CWS_DEL,s0076,24_NU2,2,CWS_DEL.csv
tier_location_result,CWS_DEL,s0076,24_NU3,3,CWS_DEL.csv
tier_location_result,CWS_DEL,s0076,25_PU,4,CWS_DEL.csv
tier_location_result,CWS_DEL,s0076,26N_NU1,4,CWS_DEL.csv
tier_location_result,CWS_DEL,s0076,26N_NU2,4,CWS_DEL.csv
tier_location_result,CWS_DEL,s0076,26N_NU3,4,CWS_DEL.csv
tier_location_result,CWS_DEL,s0076,26N_PU1,3,CWS_DEL.csv
tier_location_result,CWS_DEL,s0076,26N_PU2,1,CWS_DEL.csv
tier_location_result,CWS_DEL,s0076,26N_PU3,1,CWS_DEL.csv
tier_location_result,CWS_DEL,s0076,26S_NU1,3,CWS_DEL.csv
tier_location_result,CWS_DEL,s0076,26S_NU3,4,CWS_DEL.csv
tier_location_result,CWS_DEL,s0076,26S_PU1,3,CWS_DEL.csv
tier_location_result,CWS_DEL,s0076,26S_PU2,4,CWS_DEL.csv
tier_location_result,CWS_DEL,s0076,26S_PU4,3,CWS_DEL.csv
tier_location_result,CWS_DEL,s0076,26S_PU5,3,CWS_DEL.csv
tier_location_result,CWS_DEL,s0076,26S_PU6,4,CWS_DEL.csv
tier_location_result,CWS_DEL,s0076,50_PU,4,CWS_DEL.csv
tier_location_result,CWS_DEL,s0076,60N_NU1,4,CWS_DEL.csv
tier_location_result,CWS_DEL,s0076,60N_NU2,1,CWS_DEL.csv
tier_location_result,CWS_DEL,s0076,60S_NU1,2,CWS_DEL.csv
tier_location_result,CWS_DEL,s0076,61_NU2,4,CWS_DEL.csv
tier_location_result,CWS_DEL,s0076,62_NU,1,CWS_DEL.csv
tier_location_result,CWS_DEL,s0076,72_NU,1,CWS_DEL.csv
tier_location_result,CWS_DEL,s0076,72_PU,1,CWS_DEL.csv
tier_location_result,CWS_DEL,s0076,90_PU,2,CWS_DEL.csv
tier_location_result,CWS_DEL,s0076,ACFC,1,CWS_DEL.csv
tier_location_result,CWS_DEL,s0076,AMADR,4,CWS_DEL.csv
tier_location_result,CWS_DEL,s0076,AMCYN,1,CWS_DEL.csv
tier_location_result,CWS_DEL,s0076,ANTOC,1,CWS_DEL.csv
tier_location_result,CWS_DEL,s0076,BNCIA,1,CWS_DEL.csv
tier_location_result,CWS_DEL,s0076,CCWD,1,CWS_DEL.csv
tier_location_result,CWS_DEL,s0076,CSB038,4,CWS_DEL.csv
tier_location_result,CWS_DEL,s0076,CSB103,4,CWS_DEL.csv
tier_location_result,CWS_DEL,s0076,CSPSO,4,CWS_DEL.csv
tier_location_result,CWS_DEL,s0076,CSTIC,3,CWS_DEL.csv
tier_location_result,CWS_DEL,s0076,ELDID_NU1,1,CWS_DEL.csv
tier_location_result,CWS_DEL,s0076,ELDID_NU2,1,CWS_DEL.csv
tier_location_result,CWS_DEL,s0076,ELDID_NU3,2,CWS_DEL.csv
tier_location_result,CWS_DEL,s0076,ESB324,4,CWS_DEL.csv
tier_location_result,CWS_DEL,s0076,ESB347,4,CWS_DEL.csv
tier_location_result,CWS_DEL,s0076,ESB414,4,CWS_DEL.csv
tier_location_result,CWS_DEL,s0076,ESB415,4,CWS_DEL.csv
tier_location_result,CWS_DEL,s0076,ESB420,4,CWS_DEL.csv
tier_location_result,CWS_DEL,s0076,FRFLD,1,CWS_DEL.csv
tier_location_result,CWS_DEL,s0076,GDPUD_NU,2,CWS_DEL.csv
tier_location_result,CWS_DEL,s0076,GRSVL,3,CWS_DEL.csv
tier_location_result,CWS_DEL,s0076,JLIND,1,CWS_DEL.csv
tier_location_result,CWS_DEL,s0076,KCWA,4,CWS_DEL.csv
tier_location_result,CWS_DEL,s0076,MWD,1,CWS_DEL.csv
tier_location_result,CWS_DEL,s0076,NAPA,1,CWS_DEL.csv
tier_location_result,CWS_DEL,s0076,NAPA2,3,CWS_DEL.csv
tier_location_result,CWS_DEL,s0076,PCWA3,3,CWS_DEL.csv
tier_location_result,CWS_DEL,s0076,PLMAS,3,CWS_DEL.csv
tier_location_result,CWS_DEL,s0076,SBA029,4,CWS_DEL.csv
tier_location_result,CWS_DEL,s0076,SBA036,4,CWS_DEL.csv
tier_location_result,CWS_DEL,s0076,SCVWD,1,CWS_DEL.csv
tier_location_result,CWS_DEL,s0076,SUISN,4,CWS_DEL.csv
tier_location_result,CWS_DEL,s0076,SVWRD,4,CWS_DEL.csv
tier_location_result,CWS_DEL,s0076,TLMNE,1,CWS_DEL.csv
tier_location_result,CWS_DEL,s0076,TVAFB,1,CWS_DEL.csv
tier_location_result,CWS_DEL,s0076,UNION,1,CWS_DEL.csv
tier_location_result,CWS_DEL,s0076,UPANG,1,CWS_DEL.csv
tier_location_result,CWS_DEL,s0076,VLLJO,3,CWS_DEL.csv
tier_location_result,CWS_DEL,s0076,WLDWD,3,CWS_DEL.csv
tier_location_result,CWS_DEL,s0077,02_PU,3,CWS_DEL.csv
tier_location_result,CWS_DEL,s0077,02_SU,4,CWS_DEL.csv
tier_location_result,CWS_DEL,s0077,03_PU1,3,CWS_DEL.csv
tier_location_result,CWS_DEL,s0077,03_PU2,4,CWS_DEL.csv
tier_location_result,CWS_DEL,s0077,03_SU,4,CWS_DEL.csv
tier_location_result,CWS_DEL,s0077,11_NU1,3,CWS_DEL.csv
tier_location_result,CWS_DEL,s0077,12_NU1,3,CWS_DEL.csv
tier_location_result,CWS_DEL,s0077,13_NU1,1,CWS_DEL.csv
tier_location_result,CWS_DEL,s0077,16_PU,4,CWS_DEL.csv
tier_location_result,CWS_DEL,s0077,20_NU1,4,CWS_DEL.csv
tier_location_result,CWS_DEL,s0077,21_PU,2,CWS_DEL.csv
tier_location_result,CWS_DEL,s0077,24_NU1,4,CWS_DEL.csv
tier_location_result,CWS_DEL,s0077,24_NU2,2,CWS_DEL.csv
tier_location_result,CWS_DEL,s0077,24_NU3,3,CWS_DEL.csv
tier_location_result,CWS_DEL,s0077,25_PU,4,CWS_DEL.csv
tier_location_result,CWS_DEL,s0077,26N_NU1,4,CWS_DEL.csv
tier_location_result,CWS_DEL,s0077,26N_NU2,4,CWS_DEL.csv
tier_location_result,CWS_DEL,s0077,26N_NU3,4,CWS_DEL.csv
tier_location_result,CWS_DEL,s0077,26N_PU1,2,CWS_DEL.csv
tier_location_result,CWS_DEL,s0077,26N_PU2,1,CWS_DEL.csv
tier_location_result,CWS_DEL,s0077,26N_PU3,1,CWS_DEL.csv
tier_location_result,CWS_DEL,s0077,26S_NU1,2,CWS_DEL.csv
tier_location_result,CWS_DEL,s0077,26S_NU3,4,CWS_DEL.csv
tier_location_result,CWS_DEL,s0077,26S_PU1,2,CWS_DEL.csv
tier_location_result,CWS_DEL,s0077,26S_PU2,4,CWS_DEL.csv
tier_location_result,CWS_DEL,s0077,26S_PU4,2,CWS_DEL.csv
tier_location_result,CWS_DEL,s0077,26S_PU5,2,CWS_DEL.csv
tier_location_result,CWS_DEL,s0077,26S_PU6,4,CWS_DEL.csv
tier_location_result,CWS_DEL,s0077,50_PU,4,CWS_DEL.csv
tier_location_result,CWS_DEL,s0077,60N_NU1,4,CWS_DEL.csv
tier_location_result,CWS_DEL,s0077,60N_NU2,1,CWS_DEL.csv
tier_location_result,CWS_DEL,s0077,60S_NU1,2,CWS_DEL.csv
tier_location_result,CWS_DEL,s0077,61_NU2,4,CWS_DEL.csv
tier_location_result,CWS_DEL,s0077,62_NU,1,CWS_DEL.csv
tier_location_result,CWS_DEL,s0077,72_NU,1,CWS_DEL.csv
tier_location_result,CWS_DEL,s0077,72_PU,1,CWS_DEL.csv
tier_location_result,CWS_DEL,s0077,90_PU,3,CWS_DEL.csv
tier_location_result,CWS_DEL,s0077,ACFC,1,CWS_DEL.csv
tier_location_result,CWS_DEL,s0077,AMADR,4,CWS_DEL.csv
tier_location_result,CWS_DEL,s0077,AMCYN,1,CWS_DEL.csv
tier_location_result,CWS_DEL,s0077,ANTOC,1,CWS_DEL.csv
tier_location_result,CWS_DEL,s0077,BNCIA,1,CWS_DEL.csv
tier_location_result,CWS_DEL,s0077,CCWD,1,CWS_DEL.csv
tier_location_result,CWS_DEL,s0077,CSB038,4,CWS_DEL.csv
tier_location_result,CWS_DEL,s0077,CSB103,4,CWS_DEL.csv
tier_location_result,CWS_DEL,s0077,CSPSO,4,CWS_DEL.csv
tier_location_result,CWS_DEL,s0077,CSTIC,3,CWS_DEL.csv
tier_location_result,CWS_DEL,s0077,ELDID_NU1,1,CWS_DEL.csv
tier_location_result,CWS_DEL,s0077,ELDID_NU2,1,CWS_DEL.csv
tier_location_result,CWS_DEL,s0077,ELDID_NU3,2,CWS_DEL.csv
tier_location_result,CWS_DEL,s0077,ESB324,4,CWS_DEL.csv
tier_location_result,CWS_DEL,s0077,ESB347,4,CWS_DEL.csv
tier_location_result,CWS_DEL,s0077,ESB414,4,CWS_DEL.csv
tier_location_result,CWS_DEL,s0077,ESB415,4,CWS_DEL.csv
tier_location_result,CWS_DEL,s0077,ESB420,4,CWS_DEL.csv
tier_location_result,CWS_DEL,s0077,FRFLD,1,CWS_DEL.csv
tier_location_result,CWS_DEL,s0077,GDPUD_NU,2,CWS_DEL.csv
tier_location_result,CWS_DEL,s0077,GRSVL,3,CWS_DEL.csv
tier_location_result,CWS_DEL,s0077,JLIND,1,CWS_DEL.csv
tier_location_result,CWS_DEL,s0077,KCWA,4,CWS_DEL.csv
tier_location_result,CWS_DEL,s0077,MWD,1,CWS_DEL.csv
tier_location_result,CWS_DEL,s0077,NAPA,1,CWS_DEL.csv
tier_location_result,CWS_DEL,s0077,NAPA2,3,CWS_DEL.csv
tier_location_result,CWS_DEL,s0077,PCWA3,3,CWS_DEL.csv
tier_location_result,CWS_DEL,s0077,PLMAS,3,CWS_DEL.csv
tier_location_result,CWS_DEL,s0077,SBA029,4,CWS_DEL.csv
tier_location_result,CWS_DEL,s0077,SBA036,4,CWS_DEL.csv
tier_location_result,CWS_DEL,s0077,SCVWD,1,CWS_DEL.csv
tier_location_result,CWS_DEL,s0077,SUISN,4,CWS_DEL.csv
tier_location_result,CWS_DEL,s0077,SVWRD,4,CWS_DEL.csv
tier_location_result,CWS_DEL,s0077,TLMNE,1,CWS_DEL.csv
tier_location_result,CWS_DEL,s0077,TVAFB,1,CWS_DEL.csv
tier_location_result,CWS_DEL,s0077,UNION,1,CWS_DEL.csv
tier_location_result,CWS_DEL,s0077,UPANG,1,CWS_DEL.csv
tier_location_result,CWS_DEL,s0077,VLLJO,3,CWS_DEL.csv
tier_location_result,CWS_DEL,s0077,WLDWD,3,CWS_DEL.csv
tier_location_result,CWS_DEL,s0078,02_PU,3,CWS_DEL.csv
tier_location_result,CWS_DEL,s0078,02_SU,4,CWS_DEL.csv
tier_location_result,CWS_DEL,s0078,03_PU1,3,CWS_DEL.csv
tier_location_result,CWS_DEL,s0078,03_PU2,4,CWS_DEL.csv
tier_location_result,CWS_DEL,s0078,03_SU,4,CWS_DEL.csv
tier_location_result,CWS_DEL,s0078,11_NU1,1,CWS_DEL.csv
tier_location_result,CWS_DEL,s0078,12_NU1,1,CWS_DEL.csv
tier_location_result,CWS_DEL,s0078,13_NU1,1,CWS_DEL.csv
tier_location_result,CWS_DEL,s0078,16_PU,4,CWS_DEL.csv
tier_location_result,CWS_DEL,s0078,20_NU1,4,CWS_DEL.csv
tier_location_result,CWS_DEL,s0078,21_PU,1,CWS_DEL.csv
tier_location_result,CWS_DEL,s0078,24_NU1,4,CWS_DEL.csv
tier_location_result,CWS_DEL,s0078,24_NU2,4,CWS_DEL.csv
tier_location_result,CWS_DEL,s0078,24_NU3,2,CWS_DEL.csv
tier_location_result,CWS_DEL,s0078,25_PU,4,CWS_DEL.csv
tier_location_result,CWS_DEL,s0078,26N_NU1,4,CWS_DEL.csv
tier_location_result,CWS_DEL,s0078,26N_NU2,4,CWS_DEL.csv
tier_location_result,CWS_DEL,s0078,26N_NU3,4,CWS_DEL.csv
tier_location_result,CWS_DEL,s0078,26N_PU1,2,CWS_DEL.csv
tier_location_result,CWS_DEL,s0078,26N_PU2,1,CWS_DEL.csv
tier_location_result,CWS_DEL,s0078,26N_PU3,1,CWS_DEL.csv
tier_location_result,CWS_DEL,s0078,26S_NU1,1,CWS_DEL.csv
tier_location_result,CWS_DEL,s0078,26S_NU3,4,CWS_DEL.csv
tier_location_result,CWS_DEL,s0078,26S_PU1,2,CWS_DEL.csv
tier_location_result,CWS_DEL,s0078,26S_PU2,4,CWS_DEL.csv
tier_location_result,CWS_DEL,s0078,26S_PU4,4,CWS_DEL.csv
tier_location_result,CWS_DEL,s0078,26S_PU5,4,CWS_DEL.csv
tier_location_result,CWS_DEL,s0078,26S_PU6,4,CWS_DEL.csv
tier_location_result,CWS_DEL,s0078,50_PU,4,CWS_DEL.csv
tier_location_result,CWS_DEL,s0078,60N_NU1,4,CWS_DEL.csv
tier_location_result,CWS_DEL,s0078,60N_NU2,1,CWS_DEL.csv
tier_location_result,CWS_DEL,s0078,60S_NU1,2,CWS_DEL.csv
tier_location_result,CWS_DEL,s0078,61_NU2,4,CWS_DEL.csv
tier_location_result,CWS_DEL,s0078,62_NU,1,CWS_DEL.csv
tier_location_result,CWS_DEL,s0078,71_NU,1,CWS_DEL.csv
tier_location_result,CWS_DEL,s0078,72_NU,1,CWS_DEL.csv
tier_location_result,CWS_DEL,s0078,72_PU,1,CWS_DEL.csv
tier_location_result,CWS_DEL,s0078,90_PU,4,CWS_DEL.csv
tier_location_result,CWS_DEL,s0078,ACFC,1,CWS_DEL.csv
tier_location_result,CWS_DEL,s0078,AMADR,3,CWS_DEL.csv
tier_location_result,CWS_DEL,s0078,AMCYN,1,CWS_DEL.csv
tier_location_result,CWS_DEL,s0078,ANTOC,1,CWS_DEL.csv
tier_location_result,CWS_DEL,s0078,BNCIA,1,CWS_DEL.csv
tier_location_result,CWS_DEL,s0078,CCWD,1,CWS_DEL.csv
tier_location_result,CWS_DEL,s0078,CSB038,4,CWS_DEL.csv
tier_location_result,CWS_DEL,s0078,CSB103,4,CWS_DEL.csv
tier_location_result,CWS_DEL,s0078,CSPSO,4,CWS_DEL.csv
tier_location_result,CWS_DEL,s0078,CSTIC,3,CWS_DEL.csv
tier_location_result,CWS_DEL,s0078,ELDID_NU1,1,CWS_DEL.csv
tier_location_result,CWS_DEL,s0078,ELDID_NU2,1,CWS_DEL.csv
tier_location_result,CWS_DEL,s0078,ELDID_NU3,1,CWS_DEL.csv
tier_location_result,CWS_DEL,s0078,ESB324,4,CWS_DEL.csv
tier_location_result,CWS_DEL,s0078,ESB347,4,CWS_DEL.csv
tier_location_result,CWS_DEL,s0078,ESB414,4,CWS_DEL.csv
tier_location_result,CWS_DEL,s0078,ESB415,4,CWS_DEL.csv
tier_location_result,CWS_DEL,s0078,ESB420,4,CWS_DEL.csv
tier_location_result,CWS_DEL,s0078,FRFLD,1,CWS_DEL.csv
tier_location_result,CWS_DEL,s0078,GDPUD_NU,2,CWS_DEL.csv
tier_location_result,CWS_DEL,s0078,GRSVL,2,CWS_DEL.csv
tier_location_result,CWS_DEL,s0078,JLIND,1,CWS_DEL.csv
tier_location_result,CWS_DEL,s0078,KCWA,4,CWS_DEL.csv
tier_location_result,CWS_DEL,s0078,MWD,1,CWS_DEL.csv
tier_location_result,CWS_DEL,s0078,NAPA,1,CWS_DEL.csv
tier_location_result,CWS_DEL,s0078,NAPA2,3,CWS_DEL.csv
tier_location_result,CWS_DEL,s0078,PCWA3,3,CWS_DEL.csv
tier_location_result,CWS_DEL,s0078,PLMAS,3,CWS_DEL.csv
tier_location_result,CWS_DEL,s0078,SBA029,4,CWS_DEL.csv
tier_location_result,CWS_DEL,s0078,SBA036,4,CWS_DEL.csv
tier_location_result,CWS_DEL,s0078,SCVWD,4,CWS_DEL.csv
tier_location_result,CWS_DEL,s0078,SUISN,4,CWS_DEL.csv
tier_location_result,CWS_DEL,s0078,SVWRD,4,CWS_DEL.csv
tier_location_result,CWS_DEL,s0078,TLMNE,1,CWS_DEL.csv
tier_location_result,CWS_DEL,s0078,TVAFB,1,CWS_DEL.csv
tier_location_result,CWS_DEL,s0078,UNION,1,CWS_DEL.csv
tier_location_result,CWS_DEL,s0078,UPANG,1,CWS_DEL.csv
tier_location_result,CWS_DEL,s0078,VLLJO,1,CWS_DEL.csv
tier_location_result,CWS_DEL,s0078,WLDWD,3,CWS_DEL.csv
tier_location_result,CWS_DEL,s0079,02_PU,3,CWS_DEL.csv
tier_location_result,CWS_DEL,s0079,02_SU,4,CWS_DEL.csv
tier_location_result,CWS_DEL,s0079,03_PU1,3,CWS_DEL.csv
tier_location_result,CWS_DEL,s0079,03_PU2,4,CWS_DEL.csv
tier_location_result,CWS_DEL,s0079,03_SU,4,CWS_DEL.csv
tier_location_result,CWS_DEL,s0079,11_NU1,1,CWS_DEL.csv
tier_location_result,CWS_DEL,s0079,12_NU1,1,CWS_DEL.csv
tier_location_result,CWS_DEL,s0079,13_NU1,1,CWS_DEL.csv
tier_location_result,CWS_DEL,s0079,16_PU,4,CWS_DEL.csv
tier_location_result,CWS_DEL,s0079,20_NU1,4,CWS_DEL.csv
tier_location_result,CWS_DEL,s0079,21_PU,1,CWS_DEL.csv
tier_location_result,CWS_DEL,s0079,24_NU1,4,CWS_DEL.csv
tier_location_result,CWS_DEL,s0079,24_NU2,2,CWS_DEL.csv
tier_location_result,CWS_DEL,s0079,24_NU3,2,CWS_DEL.csv
tier_location_result,CWS_DEL,s0079,25_PU,4,CWS_DEL.csv
tier_location_result,CWS_DEL,s0079,26N_NU1,4,CWS_DEL.csv
tier_location_result,CWS_DEL,s0079,26N_NU2,4,CWS_DEL.csv
tier_location_result,CWS_DEL,s0079,26N_NU3,4,CWS_DEL.csv
tier_location_result,CWS_DEL,s0079,26N_PU1,1,CWS_DEL.csv
tier_location_result,CWS_DEL,s0079,26N_PU2,1,CWS_DEL.csv
tier_location_result,CWS_DEL,s0079,26N_PU3,1,CWS_DEL.csv
tier_location_result,CWS_DEL,s0079,26S_NU1,1,CWS_DEL.csv
tier_location_result,CWS_DEL,s0079,26S_NU3,4,CWS_DEL.csv
tier_location_result,CWS_DEL,s0079,26S_PU1,1,CWS_DEL.csv
tier_location_result,CWS_DEL,s0079,26S_PU2,4,CWS_DEL.csv
tier_location_result,CWS_DEL,s0079,26S_PU4,4,CWS_DEL.csv
tier_location_result,CWS_DEL,s0079,26S_PU5,4,CWS_DEL.csv
tier_location_result,CWS_DEL,s0079,26S_PU6,4,CWS_DEL.csv
tier_location_result,CWS_DEL,s0079,50_PU,4,CWS_DEL.csv
tier_location_result,CWS_DEL,s0079,60N_NU1,4,CWS_DEL.csv
tier_location_result,CWS_DEL,s0079,60N_NU2,1,CWS_DEL.csv
tier_location_result,CWS_DEL,s0079,60S_NU1,2,CWS_DEL.csv
tier_location_result,CWS_DEL,s0079,61_NU2,4,CWS_DEL.csv
tier_location_result,CWS_DEL,s0079,62_NU,1,CWS_DEL.csv
tier_location_result,CWS_DEL,s0079,71_NU,1,CWS_DEL.csv
tier_location_result,CWS_DEL,s0079,72_NU,1,CWS_DEL.csv
tier_location_result,CWS_DEL,s0079,72_PU,1,CWS_DEL.csv
tier_location_result,CWS_DEL,s0079,90_PU,4,CWS_DEL.csv
tier_location_result,CWS_DEL,s0079,ACFC,1,CWS_DEL.csv
tier_location_result,CWS_DEL,s0079,AMADR,4,CWS_DEL.csv
tier_location_result,CWS_DEL,s0079,AMCYN,1,CWS_DEL.csv
tier_location_result,CWS_DEL,s0079,ANTOC,1,CWS_DEL.csv
tier_location_result,CWS_DEL,s0079,BNCIA,1,CWS_DEL.csv
tier_location_result,CWS_DEL,s0079,CCWD,1,CWS_DEL.csv
tier_location_result,CWS_DEL,s0079,CSB038,4,CWS_DEL.csv
tier_location_result,CWS_DEL,s0079,CSB103,4,CWS_DEL.csv
tier_location_result,CWS_DEL,s0079,CSPSO,4,CWS_DEL.csv
tier_location_result,CWS_DEL,s0079,CSTIC,3,CWS_DEL.csv
tier_location_result,CWS_DEL,s0079,ELDID_NU1,1,CWS_DEL.csv
tier_location_result,CWS_DEL,s0079,ELDID_NU2,1,CWS_DEL.csv
tier_location_result,CWS_DEL,s0079,ELDID_NU3,1,CWS_DEL.csv
tier_location_result,CWS_DEL,s0079,ESB324,4,CWS_DEL.csv
tier_location_result,CWS_DEL,s0079,ESB347,4,CWS_DEL.csv
tier_location_result,CWS_DEL,s0079,ESB414,4,CWS_DEL.csv
tier_location_result,CWS_DEL,s0079,ESB415,4,CWS_DEL.csv
tier_location_result,CWS_DEL,s0079,ESB420,4,CWS_DEL.csv
tier_location_result,CWS_DEL,s0079,FRFLD,1,CWS_DEL.csv
tier_location_result,CWS_DEL,s0079,GDPUD_NU,2,CWS_DEL.csv
tier_location_result,CWS_DEL,s0079,GRSVL,2,CWS_DEL.csv
tier_location_result,CWS_DEL,s0079,JLIND,1,CWS_DEL.csv
tier_location_result,CWS_DEL,s0079,KCWA,4,CWS_DEL.csv
tier_location_result,CWS_DEL,s0079,MWD,1,CWS_DEL.csv
tier_location_result,CWS_DEL,s0079,NAPA,1,CWS_DEL.csv
tier_location_result,CWS_DEL,s0079,NAPA2,3,CWS_DEL.csv
tier_location_result,CWS_DEL,s0079,PCWA3,3,CWS_DEL.csv
tier_location_result,CWS_DEL,s0079,PLMAS,3,CWS_DEL.csv
tier_location_result,CWS_DEL,s0079,SBA029,4,CWS_DEL.csv
tier_location_result,CWS_DEL,s0079,SBA036,4,CWS_DEL.csv
tier_location_result,CWS_DEL,s0079,SCVWD,4,CWS_DEL.csv
tier_location_result,CWS_DEL,s0079,SUISN,4,CWS_DEL.csv
tier_location_result,CWS_DEL,s0079,SVWRD,4,CWS_DEL.csv
tier_location_result,CWS_DEL,s0079,TLMNE,1,CWS_DEL.csv
tier_location_result,CWS_DEL,s0079,TVAFB,1,CWS_DEL.csv
tier_location_result,CWS_DEL,s0079,UNION,1,CWS_DEL.csv
tier_location_result,CWS_DEL,s0079,UPANG,1,CWS_DEL.csv
tier_location_result,CWS_DEL,s0079,VLLJO,1,CWS_DEL.csv
tier_location_result,CWS_DEL,s0079,WLDWD,3,CWS_DEL.csv
tier_location_result,CWS_DEL,s0080,02_PU,3,CWS_DEL.csv
tier_location_result,CWS_DEL,s0080,02_SU,4,CWS_DEL.csv
tier_location_result,CWS_DEL,s0080,03_PU1,3,CWS_DEL.csv
tier_location_result,CWS_DEL,s0080,03_PU2,4,CWS_DEL.csv
tier_location_result,CWS_DEL,s0080,03_SU,4,CWS_DEL.csv
tier_location_result,CWS_DEL,s0080,11_NU1,1,CWS_DEL.csv
tier_location_result,CWS_DEL,s0080,12_NU1,1,CWS_DEL.csv
tier_location_result,CWS_DEL,s0080,13_NU1,1,CWS_DEL.csv
tier_location_result,CWS_DEL,s0080,16_PU,4,CWS_DEL.csv
tier_location_result,CWS_DEL,s0080,20_NU1,4,CWS_DEL.csv
tier_location_result,CWS_DEL,s0080,21_PU,1,CWS_DEL.csv
tier_location_result,CWS_DEL,s0080,24_NU1,4,CWS_DEL.csv
tier_location_result,CWS_DEL,s0080,24_NU2,4,CWS_DEL.csv
tier_location_result,CWS_DEL,s0080,24_NU3,2,CWS_DEL.csv
tier_location_result,CWS_DEL,s0080,25_PU,4,CWS_DEL.csv
tier_location_result,CWS_DEL,s0080,26N_NU1,4,CWS_DEL.csv
tier_location_result,CWS_DEL,s0080,26N_NU2,4,CWS_DEL.csv
tier_location_result,CWS_DEL,s0080,26N_NU3,4,CWS_DEL.csv
tier_location_result,CWS_DEL,s0080,26N_PU1,1,CWS_DEL.csv
tier_location_result,CWS_DEL,s0080,26N_PU2,1,CWS_DEL.csv
tier_location_result,CWS_DEL,s0080,26N_PU3,1,CWS_DEL.csv
tier_location_result,CWS_DEL,s0080,26S_NU1,1,CWS_DEL.csv
tier_location_result,CWS_DEL,s0080,26S_NU3,4,CWS_DEL.csv
tier_location_result,CWS_DEL,s0080,26S_PU1,1,CWS_DEL.csv
tier_location_result,CWS_DEL,s0080,26S_PU2,4,CWS_DEL.csv
tier_location_result,CWS_DEL,s0080,26S_PU4,4,CWS_DEL.csv
tier_location_result,CWS_DEL,s0080,26S_PU5,4,CWS_DEL.csv
tier_location_result,CWS_DEL,s0080,26S_PU6,4,CWS_DEL.csv
tier_location_result,CWS_DEL,s0080,50_PU,4,CWS_DEL.csv
tier_location_result,CWS_DEL,s0080,60N_NU1,4,CWS_DEL.csv
tier_location_result,CWS_DEL,s0080,60N_NU2,1,CWS_DEL.csv
tier_location_result,CWS_DEL,s0080,60S_NU1,2,CWS_DEL.csv
tier_location_result,CWS_DEL,s0080,61_NU2,4,CWS_DEL.csv
tier_location_result,CWS_DEL,s0080,62_NU,1,CWS_DEL.csv
tier_location_result,CWS_DEL,s0080,71_NU,1,CWS_DEL.csv
tier_location_result,CWS_DEL,s0080,72_NU,1,CWS_DEL.csv
tier_location_result,CWS_DEL,s0080,72_PU,1,CWS_DEL.csv
tier_location_result,CWS_DEL,s0080,90_PU,4,CWS_DEL.csv
tier_location_result,CWS_DEL,s0080,ACFC,1,CWS_DEL.csv
tier_location_result,CWS_DEL,s0080,AMADR,4,CWS_DEL.csv
tier_location_result,CWS_DEL,s0080,AMCYN,1,CWS_DEL.csv
tier_location_result,CWS_DEL,s0080,ANTOC,1,CWS_DEL.csv
tier_location_result,CWS_DEL,s0080,BNCIA,1,CWS_DEL.csv
tier_location_result,CWS_DEL,s0080,CCWD,1,CWS_DEL.csv
tier_location_result,CWS_DEL,s0080,CSB038,4,CWS_DEL.csv
tier_location_result,CWS_DEL,s0080,CSB103,4,CWS_DEL.csv
tier_location_result,CWS_DEL,s0080,CSPSO,4,CWS_DEL.csv
tier_location_result,CWS_DEL,s0080,CSTIC,3,CWS_DEL.csv
tier_location_result,CWS_DEL,s0080,ELDID_NU1,1,CWS_DEL.csv
tier_location_result,CWS_DEL,s0080,ELDID_NU2,1,CWS_DEL.csv
tier_location_result,CWS_DEL,s0080,ELDID_NU3,1,CWS_DEL.csv
tier_location_result,CWS_DEL,s0080,ESB324,4,CWS_DEL.csv
tier_location_result,CWS_DEL,s0080,ESB347,4,CWS_DEL.csv
tier_location_result,CWS_DEL,s0080,ESB414,4,CWS_DEL.csv
tier_location_result,CWS_DEL,s0080,ESB415,4,CWS_DEL.csv
tier_location_result,CWS_DEL,s0080,ESB420,4,CWS_DEL.csv
tier_location_result,CWS_DEL,s0080,FRFLD,1,CWS_DEL.csv
tier_location_result,CWS_DEL,s0080,GDPUD_NU,2,CWS_DEL.csv
tier_location_result,CWS_DEL,s0080,GRSVL,2,CWS_DEL.csv
tier_location_result,CWS_DEL,s0080,JLIND,1,CWS_DEL.csv
tier_location_result,CWS_DEL,s0080,KCWA,4,CWS_DEL.csv
tier_location_result,CWS_DEL,s0080,MWD,1,CWS_DEL.csv
tier_location_result,CWS_DEL,s0080,NAPA,1,CWS_DEL.csv
tier_location_result,CWS_DEL,s0080,NAPA2,3,CWS_DEL.csv
tier_location_result,CWS_DEL,s0080,PCWA3,3,CWS_DEL.csv
tier_location_result,CWS_DEL,s0080,PLMAS,3,CWS_DEL.csv
tier_location_result,CWS_DEL,s0080,SBA029,4,CWS_DEL.csv
tier_location_result,CWS_DEL,s0080,SBA036,4,CWS_DEL.csv
tier_location_result,CWS_DEL,s0080,SCVWD,4,CWS_DEL.csv
tier_location_result,CWS_DEL,s0080,SUISN,4,CWS_DEL.csv
tier_location_result,CWS_DEL,s0080,SVWRD,4,CWS_DEL.csv
tier_location_result,CWS_DEL,s0080,TLMNE,1,CWS_DEL.csv
tier_location_result,CWS_DEL,s0080,TVAFB,1,CWS_DEL.csv
tier_location_result,CWS_DEL,s0080,UNION,1,CWS_DEL.csv
tier_location_result,CWS_DEL,s0080,UPANG,1,CWS_DEL.csv
tier_location_result,CWS_DEL,s0080,VLLJO,1,CWS_DEL.csv
tier_location_result,CWS_DEL,s0080,WLDWD,3,CWS_DEL.csv
tier_location_result,CWS_DEL,s0081,02_PU,3,CWS_DEL.csv
tier_location_result,CWS_DEL,s0081,02_SU,4,CWS_DEL.csv
tier_location_result,CWS_DEL,s0081,03_PU1,3,CWS_DEL.csv
tier_location_result,CWS_DEL,s0081,03_PU2,4,CWS_DEL.csv
tier_location_result,CWS_DEL,s0081,03_SU,4,CWS_DEL.csv
tier_location_result,CWS_DEL,s0081,11_NU1,1,CWS_DEL.csv
tier_location_result,CWS_DEL,s0081,12_NU1,1,CWS_DEL.csv
tier_location_result,CWS_DEL,s0081,13_NU1,1,CWS_DEL.csv
tier_location_result,CWS_DEL,s0081,16_PU,4,CWS_DEL.csv
tier_location_result,CWS_DEL,s0081,20_NU1,4,CWS_DEL.csv
tier_location_result,CWS_DEL,s0081,21_PU,1,CWS_DEL.csv
tier_location_result,CWS_DEL,s0081,24_NU1,4,CWS_DEL.csv
tier_location_result,CWS_DEL,s0081,24_NU2,4,CWS_DEL.csv
tier_location_result,CWS_DEL,s0081,24_NU3,2,CWS_DEL.csv
tier_location_result,CWS_DEL,s0081,25_PU,4,CWS_DEL.csv
tier_location_result,CWS_DEL,s0081,26N_NU1,4,CWS_DEL.csv
tier_location_result,CWS_DEL,s0081,26N_NU2,4,CWS_DEL.csv
tier_location_result,CWS_DEL,s0081,26N_NU3,4,CWS_DEL.csv
tier_location_result,CWS_DEL,s0081,26N_PU1,1,CWS_DEL.csv
tier_location_result,CWS_DEL,s0081,26N_PU2,1,CWS_DEL.csv
tier_location_result,CWS_DEL,s0081,26N_PU3,1,CWS_DEL.csv
tier_location_result,CWS_DEL,s0081,26S_NU1,1,CWS_DEL.csv
tier_location_result,CWS_DEL,s0081,26S_NU3,4,CWS_DEL.csv
tier_location_result,CWS_DEL,s0081,26S_PU1,1,CWS_DEL.csv
tier_location_result,CWS_DEL,s0081,26S_PU2,4,CWS_DEL.csv
tier_location_result,CWS_DEL,s0081,26S_PU4,4,CWS_DEL.csv
tier_location_result,CWS_DEL,s0081,26S_PU5,4,CWS_DEL.csv
tier_location_result,CWS_DEL,s0081,26S_PU6,4,CWS_DEL.csv
tier_location_result,CWS_DEL,s0081,50_PU,4,CWS_DEL.csv
tier_location_result,CWS_DEL,s0081,60N_NU1,4,CWS_DEL.csv
tier_location_result,CWS_DEL,s0081,60N_NU2,1,CWS_DEL.csv
tier_location_result,CWS_DEL,s0081,60S_NU1,2,CWS_DEL.csv
tier_location_result,CWS_DEL,s0081,61_NU2,4,CWS_DEL.csv
tier_location_result,CWS_DEL,s0081,62_NU,1,CWS_DEL.csv
tier_location_result,CWS_DEL,s0081,71_NU,1,CWS_DEL.csv
tier_location_result,CWS_DEL,s0081,72_NU,1,CWS_DEL.csv
tier_location_result,CWS_DEL,s0081,72_PU,1,CWS_DEL.csv
tier_location_result,CWS_DEL,s0081,90_PU,4,CWS_DEL.csv
tier_location_result,CWS_DEL,s0081,ACFC,1,CWS_DEL.csv
tier_location_result,CWS_DEL,s0081,AMADR,3,CWS_DEL.csv
tier_location_result,CWS_DEL,s0081,AMCYN,1,CWS_DEL.csv
tier_location_result,CWS_DEL,s0081,ANTOC,1,CWS_DEL.csv
tier_location_result,CWS_DEL,s0081,BNCIA,1,CWS_DEL.csv
tier_location_result,CWS_DEL,s0081,CCWD,1,CWS_DEL.csv
tier_location_result,CWS_DEL,s0081,CSB038,4,CWS_DEL.csv
tier_location_result,CWS_DEL,s0081,CSB103,4,CWS_DEL.csv
tier_location_result,CWS_DEL,s0081,CSPSO,4,CWS_DEL.csv
tier_location_result,CWS_DEL,s0081,CSTIC,3,CWS_DEL.csv
tier_location_result,CWS_DEL,s0081,ELDID_NU1,1,CWS_DEL.csv
tier_location_result,CWS_DEL,s0081,ELDID_NU2,1,CWS_DEL.csv
tier_location_result,CWS_DEL,s0081,ELDID_NU3,1,CWS_DEL.csv
tier_location_result,CWS_DEL,s0081,ESB324,4,CWS_DEL.csv
tier_location_result,CWS_DEL,s0081,ESB347,4,CWS_DEL.csv
tier_location_result,CWS_DEL,s0081,ESB414,4,CWS_DEL.csv
tier_location_result,CWS_DEL,s0081,ESB415,4,CWS_DEL.csv
tier_location_result,CWS_DEL,s0081,ESB420,4,CWS_DEL.csv
tier_location_result,CWS_DEL,s0081,FRFLD,1,CWS_DEL.csv
tier_location_result,CWS_DEL,s0081,GDPUD_NU,2,CWS_DEL.csv
tier_location_result,CWS_DEL,s0081,GRSVL,2,CWS_DEL.csv
tier_location_result,CWS_DEL,s0081,JLIND,1,CWS_DEL.csv
tier_location_result,CWS_DEL,s0081,KCWA,4,CWS_DEL.csv
tier_location_result,CWS_DEL,s0081,MWD,1,CWS_DEL.csv
tier_location_result,CWS_DEL,s0081,NAPA,1,CWS_DEL.csv
tier_location_result,CWS_DEL,s0081,NAPA2,3,CWS_DEL.csv
tier_location_result,CWS_DEL,s0081,PCWA3,3,CWS_DEL.csv
tier_location_result,CWS_DEL,s0081,PLMAS,3,CWS_DEL.csv
tier_location_result,CWS_DEL,s0081,SBA029,4,CWS_DEL.csv
tier_location_result,CWS_DEL,s0081,SBA036,4,CWS_DEL.csv
tier_location_result,CWS_DEL,s0081,SCVWD,4,CWS_DEL.csv
tier_location_result,CWS_DEL,s0081,SUISN,4,CWS_DEL.csv
tier_location_result,CWS_DEL,s0081,SVWRD,4,CWS_DEL.csv
tier_location_result,CWS_DEL,s0081,TLMNE,1,CWS_DEL.csv
tier_location_result,CWS_DEL,s0081,TVAFB,1,CWS_DEL.csv
tier_location_result,CWS_DEL,s0081,UNION,1,CWS_DEL.csv
tier_location_result,CWS_DEL,s0081,UPANG,1,CWS_DEL.csv
tier_location_result,CWS_DEL,s0081,VLLJO,1,CWS_DEL.csv
tier_location_result,CWS_DEL,s0081,WLDWD,3,CWS_DEL.csv
tier_location_result,CWS_DEL,s0082,02_PU,1,CWS_DEL.csv
tier_location_result,CWS_DEL,s0082,02_SU,4,CWS_DEL.csv
tier_location_result,CWS_DEL,s0082,03_PU1,3,CWS_DEL.csv
tier_location_result,CWS_DEL,s0082,03_PU2,4,CWS_DEL.csv
tier_location_result,CWS_DEL,s0082,03_SU,4,CWS_DEL.csv
tier_location_result,CWS_DEL,s0082,11_NU1,2,CWS_DEL.csv
tier_location_result,CWS_DEL,s0082,12_NU1,2,CWS_DEL.csv
tier_location_result,CWS_DEL,s0082,13_NU1,1,CWS_DEL.csv
tier_location_result,CWS_DEL,s0082,16_PU,4,CWS_DEL.csv
tier_location_result,CWS_DEL,s0082,20_NU1,4,CWS_DEL.csv
tier_location_result,CWS_DEL,s0082,21_PU,1,CWS_DEL.csv
tier_location_result,CWS_DEL,s0082,24_NU1,4,CWS_DEL.csv
tier_location_result,CWS_DEL,s0082,24_NU2,2,CWS_DEL.csv
tier_location_result,CWS_DEL,s0082,24_NU3,3,CWS_DEL.csv
tier_location_result,CWS_DEL,s0082,25_PU,4,CWS_DEL.csv
tier_location_result,CWS_DEL,s0082,26N_NU1,4,CWS_DEL.csv
tier_location_result,CWS_DEL,s0082,26N_NU2,4,CWS_DEL.csv
tier_location_result,CWS_DEL,s0082,26N_NU3,4,CWS_DEL.csv
tier_location_result,CWS_DEL,s0082,26N_PU1,1,CWS_DEL.csv
tier_location_result,CWS_DEL,s0082,26N_PU2,1,CWS_DEL.csv
tier_location_result,CWS_DEL,s0082,26N_PU3,1,CWS_DEL.csv
tier_location_result,CWS_DEL,s0082,26S_NU1,1,CWS_DEL.csv
tier_location_result,CWS_DEL,s0082,26S_NU3,4,CWS_DEL.csv
tier_location_result,CWS_DEL,s0082,26S_PU1,1,CWS_DEL.csv
tier_location_result,CWS_DEL,s0082,26S_PU2,4,CWS_DEL.csv
tier_location_result,CWS_DEL,s0082,26S_PU4,3,CWS_DEL.csv
tier_location_result,CWS_DEL,s0082,26S_PU5,3,CWS_DEL.csv
tier_location_result,CWS_DEL,s0082,26S_PU6,4,CWS_DEL.csv
tier_location_result,CWS_DEL,s0082,50_PU,4,CWS_DEL.csv
tier_location_result,CWS_DEL,s0082,60N_NU1,4,CWS_DEL.csv
tier_location_result,CWS_DEL,s0082,60N_NU2,1,CWS_DEL.csv
tier_location_result,CWS_DEL,s0082,60S_NU1,2,CWS_DEL.csv
tier_location_result,CWS_DEL,s0082,61_NU2,4,CWS_DEL.csv
tier_location_result,CWS_DEL,s0082,62_NU,1,CWS_DEL.csv
tier_location_result,CWS_DEL,s0082,72_NU,1,CWS_DEL.csv
tier_location_result,CWS_DEL,s0082,72_PU,1,CWS_DEL.csv
tier_location_result,CWS_DEL,s0082,90_PU,4,CWS_DEL.csv
tier_location_result,CWS_DEL,s0082,ACFC,1,CWS_DEL.csv
tier_location_result,CWS_DEL,s0082,AMADR,4,CWS_DEL.csv
tier_location_result,CWS_DEL,s0082,AMCYN,1,CWS_DEL.csv
tier_location_result,CWS_DEL,s0082,ANTOC,1,CWS_DEL.csv
tier_location_result,CWS_DEL,s0082,BNCIA,1,CWS_DEL.csv
tier_location_result,CWS_DEL,s0082,CCWD,1,CWS_DEL.csv
tier_location_result,CWS_DEL,s0082,CSB038,4,CWS_DEL.csv
tier_location_result,CWS_DEL,s0082,CSB103,4,CWS_DEL.csv
tier_location_result,CWS_DEL,s0082,CSPSO,4,CWS_DEL.csv
tier_location_result,CWS_DEL,s0082,CSTIC,3,CWS_DEL.csv
tier_location_result,CWS_DEL,s0082,ELDID_NU1,1,CWS_DEL.csv
tier_location_result,CWS_DEL,s0082,ELDID_NU2,1,CWS_DEL.csv
tier_location_result,CWS_DEL,s0082,ELDID_NU3,1,CWS_DEL.csv
tier_location_result,CWS_DEL,s0082,ESB324,4,CWS_DEL.csv
tier_location_result,CWS_DEL,s0082,ESB347,4,CWS_DEL.csv
tier_location_result,CWS_DEL,s0082,ESB414,4,CWS_DEL.csv
tier_location_result,CWS_DEL,s0082,ESB415,4,CWS_DEL.csv
tier_location_result,CWS_DEL,s0082,ESB420,4,CWS_DEL.csv
tier_location_result,CWS_DEL,s0082,FRFLD,1,CWS_DEL.csv
tier_location_result,CWS_DEL,s0082,GDPUD_NU,2,CWS_DEL.csv
tier_location_result,CWS_DEL,s0082,GRSVL,3,CWS_DEL.csv
tier_location_result,CWS_DEL,s0082,JLIND,1,CWS_DEL.csv
tier_location_result,CWS_DEL,s0082,KCWA,4,CWS_DEL.csv
tier_location_result,CWS_DEL,s0082,MWD,1,CWS_DEL.csv
tier_location_result,CWS_DEL,s0082,NAPA,1,CWS_DEL.csv
tier_location_result,CWS_DEL,s0082,NAPA2,3,CWS_DEL.csv
tier_location_result,CWS_DEL,s0082,PCWA3,3,CWS_DEL.csv
tier_location_result,CWS_DEL,s0082,PLMAS,3,CWS_DEL.csv
tier_location_result,CWS_DEL,s0082,SBA029,4,CWS_DEL.csv
tier_location_result,CWS_DEL,s0082,SBA036,4,CWS_DEL.csv
tier_location_result,CWS_DEL,s0082,SCVWD,4,CWS_DEL.csv
tier_location_result,CWS_DEL,s0082,SUISN,4,CWS_DEL.csv
tier_location_result,CWS_DEL,s0082,SVWRD,4,CWS_DEL.csv
tier_location_result,CWS_DEL,s0082,TLMNE,1,CWS_DEL.csv
tier_location_result,CWS_DEL,s0082,TVAFB,1,CWS_DEL.csv
tier_location_result,CWS_DEL,s0082,UNION,1,CWS_DEL.csv
tier_location_result,CWS_DEL,s0082,UPANG,1,CWS_DEL.csv
tier_location_result,CWS_DEL,s0082,VLLJO,2,CWS_DEL.csv
tier_location_result,CWS_DEL,s0082,WLDWD,3,CWS_DEL.csv
tier_location_result,CWS_DEL,s0083,02_PU,3,CWS_DEL.csv
tier_location_result,CWS_DEL,s0083,02_SU,4,CWS_DEL.csv
tier_location_result,CWS_DEL,s0083,03_PU1,3,CWS_DEL.csv
tier_location_result,CWS_DEL,s0083,03_PU2,4,CWS_DEL.csv
tier_location_result,CWS_DEL,s0083,03_SU,4,CWS_DEL.csv
tier_location_result,CWS_DEL,s0083,11_NU1,2,CWS_DEL.csv
tier_location_result,CWS_DEL,s0083,12_NU1,2,CWS_DEL.csv
tier_location_result,CWS_DEL,s0083,13_NU1,1,CWS_DEL.csv
tier_location_result,CWS_DEL,s0083,16_PU,4,CWS_DEL.csv
tier_location_result,CWS_DEL,s0083,20_NU1,4,CWS_DEL.csv
tier_location_result,CWS_DEL,s0083,21_PU,2,CWS_DEL.csv
tier_location_result,CWS_DEL,s0083,24_NU1,4,CWS_DEL.csv
tier_location_result,CWS_DEL,s0083,24_NU2,2,CWS_DEL.csv
tier_location_result,CWS_DEL,s0083,24_NU3,3,CWS_DEL.csv
tier_location_result,CWS_DEL,s0083,25_PU,4,CWS_DEL.csv
tier_location_result,CWS_DEL,s0083,26N_NU1,4,CWS_DEL.csv
tier_location_result,CWS_DEL,s0083,26N_NU2,4,CWS_DEL.csv
tier_location_result,CWS_DEL,s0083,26N_NU3,4,CWS_DEL.csv
tier_location_result,CWS_DEL,s0083,26N_PU1,2,CWS_DEL.csv
tier_location_result,CWS_DEL,s0083,26N_PU2,1,CWS_DEL.csv
tier_location_result,CWS_DEL,s0083,26N_PU3,1,CWS_DEL.csv
tier_location_result,CWS_DEL,s0083,26S_NU1,2,CWS_DEL.csv
tier_location_result,CWS_DEL,s0083,26S_NU3,4,CWS_DEL.csv
tier_location_result,CWS_DEL,s0083,26S_PU1,2,CWS_DEL.csv
tier_location_result,CWS_DEL,s0083,26S_PU2,4,CWS_DEL.csv
tier_location_result,CWS_DEL,s0083,26S_PU4,3,CWS_DEL.csv
tier_location_result,CWS_DEL,s0083,26S_PU5,2,CWS_DEL.csv
tier_location_result,CWS_DEL,s0083,26S_PU6,4,CWS_DEL.csv
tier_location_result,CWS_DEL,s0083,50_PU,4,CWS_DEL.csv
tier_location_result,CWS_DEL,s0083,60N_NU1,4,CWS_DEL.csv
tier_location_result,CWS_DEL,s0083,60N_NU2,1,CWS_DEL.csv
tier_location_result,CWS_DEL,s0083,60S_NU1,2,CWS_DEL.csv
tier_location_result,CWS_DEL,s0083,61_NU2,4,CWS_DEL.csv
tier_location_result,CWS_DEL,s0083,62_NU,1,CWS_DEL.csv
tier_location_result,CWS_DEL,s0083,72_NU,1,CWS_DEL.csv
tier_location_result,CWS_DEL,s0083,72_PU,1,CWS_DEL.csv
tier_location_result,CWS_DEL,s0083,90_PU,4,CWS_DEL.csv
tier_location_result,CWS_DEL,s0083,ACFC,1,CWS_DEL.csv
tier_location_result,CWS_DEL,s0083,AMADR,4,CWS_DEL.csv
tier_location_result,CWS_DEL,s0083,AMCYN,1,CWS_DEL.csv
tier_location_result,CWS_DEL,s0083,ANTOC,1,CWS_DEL.csv
tier_location_result,CWS_DEL,s0083,BNCIA,1,CWS_DEL.csv
tier_location_result,CWS_DEL,s0083,CCWD,1,CWS_DEL.csv
tier_location_result,CWS_DEL,s0083,CSB038,4,CWS_DEL.csv
tier_location_result,CWS_DEL,s0083,CSB103,4,CWS_DEL.csv
tier_location_result,CWS_DEL,s0083,CSPSO,4,CWS_DEL.csv
tier_location_result,CWS_DEL,s0083,CSTIC,3,CWS_DEL.csv
tier_location_result,CWS_DEL,s0083,ELDID_NU1,1,CWS_DEL.csv
tier_location_result,CWS_DEL,s0083,ELDID_NU2,1,CWS_DEL.csv
tier_location_result,CWS_DEL,s0083,ELDID_NU3,1,CWS_DEL.csv
tier_location_result,CWS_DEL,s0083,ESB324,4,CWS_DEL.csv
tier_location_result,CWS_DEL,s0083,ESB347,4,CWS_DEL.csv
tier_location_result,CWS_DEL,s0083,ESB414,4,CWS_DEL.csv
tier_location_result,CWS_DEL,s0083,ESB415,4,CWS_DEL.csv
tier_location_result,CWS_DEL,s0083,ESB420,4,CWS_DEL.csv
tier_location_result,CWS_DEL,s0083,FRFLD,1,CWS_DEL.csv
tier_location_result,CWS_DEL,s0083,GDPUD_NU,2,CWS_DEL.csv
tier_location_result,CWS_DEL,s0083,GRSVL,3,CWS_DEL.csv
tier_location_result,CWS_DEL,s0083,JLIND,1,CWS_DEL.csv
tier_location_result,CWS_DEL,s0083,KCWA,4,CWS_DEL.csv
tier_location_result,CWS_DEL,s0083,MWD,1,CWS_DEL.csv
tier_location_result,CWS_DEL,s0083,NAPA,1,CWS_DEL.csv
tier_location_result,CWS_DEL,s0083,NAPA2,3,CWS_DEL.csv
tier_location_result,CWS_DEL,s0083,PCWA3,3,CWS_DEL.csv
tier_location_result,CWS_DEL,s0083,PLMAS,3,CWS_DEL.csv
tier_location_result,CWS_DEL,s0083,SBA029,4,CWS_DEL.csv
tier_location_result,CWS_DEL,s0083,SBA036,4,CWS_DEL.csv
tier_location_result,CWS_DEL,s0083,SCVWD,4,CWS_DEL.csv
tier_location_result,CWS_DEL,s0083,SUISN,4,CWS_DEL.csv
tier_location_result,CWS_DEL,s0083,SVWRD,4,CWS_DEL.csv
tier_location_result,CWS_DEL,s0083,TLMNE,1,CWS_DEL.csv
tier_location_result,CWS_DEL,s0083,TVAFB,1,CWS_DEL.csv
tier_location_result,CWS_DEL,s0083,UNION,1,CWS_DEL.csv
tier_location_result,CWS_DEL,s0083,UPANG,1,CWS_DEL.csv
tier_location_result,CWS_DEL,s0083,VLLJO,2,CWS_DEL.csv
tier_location_result,CWS_DEL,s0083,WLDWD,3,CWS_DEL.csv
tier_location_result,CWS_DEL,s0084,02_PU,3,CWS_DEL.csv
tier_location_result,CWS_DEL,s0084,02_SU,4,CWS_DEL.csv
tier_location_result,CWS_DEL,s0084,03_PU1,3,CWS_DEL.csv
tier_location_result,CWS_DEL,s0084,03_PU2,4,CWS_DEL.csv
tier_location_result,CWS_DEL,s0084,03_SU,4,CWS_DEL.csv
tier_location_result,CWS_DEL,s0084,11_NU1,3,CWS_DEL.csv
tier_location_result,CWS_DEL,s0084,12_NU1,3,CWS_DEL.csv
tier_location_result,CWS_DEL,s0084,13_NU1,1,CWS_DEL.csv
tier_location_result,CWS_DEL,s0084,16_PU,4,CWS_DEL.csv
tier_location_result,CWS_DEL,s0084,20_NU1,4,CWS_DEL.csv
tier_location_result,CWS_DEL,s0084,21_PU,1,CWS_DEL.csv
tier_location_result,CWS_DEL,s0084,24_NU1,4,CWS_DEL.csv
tier_location_result,CWS_DEL,s0084,24_NU2,2,CWS_DEL.csv
tier_location_result,CWS_DEL,s0084,24_NU3,3,CWS_DEL.csv
tier_location_result,CWS_DEL,s0084,25_PU,4,CWS_DEL.csv
tier_location_result,CWS_DEL,s0084,26N_NU1,4,CWS_DEL.csv
tier_location_result,CWS_DEL,s0084,26N_NU2,4,CWS_DEL.csv
tier_location_result,CWS_DEL,s0084,26N_NU3,4,CWS_DEL.csv
tier_location_result,CWS_DEL,s0084,26N_PU1,3,CWS_DEL.csv
tier_location_result,CWS_DEL,s0084,26N_PU2,1,CWS_DEL.csv
tier_location_result,CWS_DEL,s0084,26N_PU3,1,CWS_DEL.csv
tier_location_result,CWS_DEL,s0084,26S_NU1,2,CWS_DEL.csv
tier_location_result,CWS_DEL,s0084,26S_NU3,4,CWS_DEL.csv
tier_location_result,CWS_DEL,s0084,26S_PU1,3,CWS_DEL.csv
tier_location_result,CWS_DEL,s0084,26S_PU2,4,CWS_DEL.csv
tier_location_result,CWS_DEL,s0084,26S_PU4,4,CWS_DEL.csv
tier_location_result,CWS_DEL,s0084,26S_PU5,1,CWS_DEL.csv
tier_location_result,CWS_DEL,s0084,26S_PU6,4,CWS_DEL.csv
tier_location_result,CWS_DEL,s0084,50_PU,4,CWS_DEL.csv
tier_location_result,CWS_DEL,s0084,60N_NU1,4,CWS_DEL.csv
tier_location_result,CWS_DEL,s0084,60N_NU2,1,CWS_DEL.csv
tier_location_result,CWS_DEL,s0084,60S_NU1,2,CWS_DEL.csv
tier_location_result,CWS_DEL,s0084,61_NU2,4,CWS_DEL.csv
tier_location_result,CWS_DEL,s0084,62_NU,1,CWS_DEL.csv
tier_location_result,CWS_DEL,s0084,71_NU,1,CWS_DEL.csv
tier_location_result,CWS_DEL,s0084,72_NU,1,CWS_DEL.csv
tier_location_result,CWS_DEL,s0084,72_PU,1,CWS_DEL.csv
tier_location_result,CWS_DEL,s0084,90_PU,4,CWS_DEL.csv
tier_location_result,CWS_DEL,s0084,ACFC,1,CWS_DEL.csv
tier_location_result,CWS_DEL,s0084,AMADR,4,CWS_DEL.csv
tier_location_result,CWS_DEL,s0084,AMCYN,1,CWS_DEL.csv
tier_location_result,CWS_DEL,s0084,ANTOC,1,CWS_DEL.csv
tier_location_result,CWS_DEL,s0084,BNCIA,1,CWS_DEL.csv
tier_location_result,CWS_DEL,s0084,CCWD,1,CWS_DEL.csv
tier_location_result,CWS_DEL,s0084,CSB038,4,CWS_DEL.csv
tier_location_result,CWS_DEL,s0084,CSB103,4,CWS_DEL.csv
tier_location_result,CWS_DEL,s0084,CSPSO,4,CWS_DEL.csv
tier_location_result,CWS_DEL,s0084,CSTIC,3,CWS_DEL.csv
tier_location_result,CWS_DEL,s0084,ELDID_NU1,1,CWS_DEL.csv
tier_location_result,CWS_DEL,s0084,ELDID_NU2,1,CWS_DEL.csv
tier_location_result,CWS_DEL,s0084,ELDID_NU3,2,CWS_DEL.csv
tier_location_result,CWS_DEL,s0084,ESB324,4,CWS_DEL.csv
tier_location_result,CWS_DEL,s0084,ESB347,4,CWS_DEL.csv
tier_location_result,CWS_DEL,s0084,ESB414,4,CWS_DEL.csv
tier_location_result,CWS_DEL,s0084,ESB415,4,CWS_DEL.csv
tier_location_result,CWS_DEL,s0084,ESB420,4,CWS_DEL.csv
tier_location_result,CWS_DEL,s0084,FRFLD,1,CWS_DEL.csv
tier_location_result,CWS_DEL,s0084,GDPUD_NU,2,CWS_DEL.csv
tier_location_result,CWS_DEL,s0084,GRSVL,3,CWS_DEL.csv
tier_location_result,CWS_DEL,s0084,JLIND,1,CWS_DEL.csv
tier_location_result,CWS_DEL,s0084,KCWA,4,CWS_DEL.csv
tier_location_result,CWS_DEL,s0084,MWD,1,CWS_DEL.csv
tier_location_result,CWS_DEL,s0084,NAPA,1,CWS_DEL.csv
tier_location_result,CWS_DEL,s0084,NAPA2,3,CWS_DEL.csv
tier_location_result,CWS_DEL,s0084,PCWA3,3,CWS_DEL.csv
tier_location_result,CWS_DEL,s0084,PLMAS,3,CWS_DEL.csv
tier_location_result,CWS_DEL,s0084,SBA029,4,CWS_DEL.csv
tier_location_result,CWS_DEL,s0084,SBA036,4,CWS_DEL.csv
tier_location_result,CWS_DEL,s0084,SCVWD,4,CWS_DEL.csv
tier_location_result,CWS_DEL,s0084,SUISN,4,CWS_DEL.csv
tier_location_result,CWS_DEL,s0084,SVWRD,4,CWS_DEL.csv
tier_location_result,CWS_DEL,s0084,TLMNE,1,CWS_DEL.csv
tier_location_result,CWS_DEL,s0084,TVAFB,1,CWS_DEL.csv
tier_location_result,CWS_DEL,s0084,UNION,1,CWS_DEL.csv
tier_location_result,CWS_DEL,s0084,UPANG,1,CWS_DEL.csv
tier_location_result,CWS_DEL,s0084,VLLJO,2,CWS_DEL.csv
tier_location_result,CWS_DEL,s0084,WLDWD,3,CWS_DEL.csv
tier_location_result,CWS_DEL,s0085,02_PU,3,CWS_DEL.csv
tier_location_result,CWS_DEL,s0085,02_SU,4,CWS_DEL.csv
tier_location_result,CWS_DEL,s0085,03_PU1,3,CWS_DEL.csv
tier_location_result,CWS_DEL,s0085,03_PU2,4,CWS_DEL.csv
tier_location_result,CWS_DEL,s0085,03_SU,4,CWS_DEL.csv
tier_location_result,CWS_DEL,s0085,11_NU1,3,CWS_DEL.csv
tier_location_result,CWS_DEL,s0085,12_NU1,3,CWS_DEL.csv
tier_location_result,CWS_DEL,s0085,13_NU1,3,CWS_DEL.csv
tier_location_result,CWS_DEL,s0085,16_PU,4,CWS_DEL.csv
tier_location_result,CWS_DEL,s0085,20_NU1,4,CWS_DEL.csv
tier_location_result,CWS_DEL,s0085,21_PU,3,CWS_DEL.csv
tier_location_result,CWS_DEL,s0085,24_NU1,4,CWS_DEL.csv
tier_location_result,CWS_DEL,s0085,24_NU2,2,CWS_DEL.csv
tier_location_result,CWS_DEL,s0085,24_NU3,3,CWS_DEL.csv
tier_location_result,CWS_DEL,s0085,25_PU,4,CWS_DEL.csv
tier_location_result,CWS_DEL,s0085,26N_NU1,4,CWS_DEL.csv
tier_location_result,CWS_DEL,s0085,26N_NU2,4,CWS_DEL.csv
tier_location_result,CWS_DEL,s0085,26N_NU3,3,CWS_DEL.csv
tier_location_result,CWS_DEL,s0085,26N_PU1,3,CWS_DEL.csv
tier_location_result,CWS_DEL,s0085,26N_PU2,3,CWS_DEL.csv
tier_location_result,CWS_DEL,s0085,26N_PU3,3,CWS_DEL.csv
tier_location_result,CWS_DEL,s0085,26S_NU1,3,CWS_DEL.csv
tier_location_result,CWS_DEL,s0085,26S_NU3,3,CWS_DEL.csv
tier_location_result,CWS_DEL,s0085,26S_PU1,3,CWS_DEL.csv
tier_location_result,CWS_DEL,s0085,26S_PU2,4,CWS_DEL.csv
tier_location_result,CWS_DEL,s0085,26S_PU4,3,CWS_DEL.csv
tier_location_result,CWS_DEL,s0085,26S_PU5,3,CWS_DEL.csv
tier_location_result,CWS_DEL,s0085,26S_PU6,4,CWS_DEL.csv
tier_location_result,CWS_DEL,s0085,50_PU,4,CWS_DEL.csv
tier_location_result,CWS_DEL,s0085,60N_NU1,4,CWS_DEL.csv
tier_location_result,CWS_DEL,s0085,60N_NU2,1,CWS_DEL.csv
tier_location_result,CWS_DEL,s0085,60S_NU1,2,CWS_DEL.csv
tier_location_result,CWS_DEL,s0085,61_NU2,4,CWS_DEL.csv
tier_location_result,CWS_DEL,s0085,62_NU,1,CWS_DEL.csv
tier_location_result,CWS_DEL,s0085,71_NU,1,CWS_DEL.csv
tier_location_result,CWS_DEL,s0085,72_NU,1,CWS_DEL.csv
tier_location_result,CWS_DEL,s0085,72_PU,1,CWS_DEL.csv
tier_location_result,CWS_DEL,s0085,90_PU,4,CWS_DEL.csv
tier_location_result,CWS_DEL,s0085,ACFC,1,CWS_DEL.csv
tier_location_result,CWS_DEL,s0085,AMADR,4,CWS_DEL.csv
tier_location_result,CWS_DEL,s0085,AMCYN,1,CWS_DEL.csv
tier_location_result,CWS_DEL,s0085,ANTOC,1,CWS_DEL.csv
tier_location_result,CWS_DEL,s0085,BNCIA,1,CWS_DEL.csv
tier_location_result,CWS_DEL,s0085,CCWD,1,CWS_DEL.csv
tier_location_result,CWS_DEL,s0085,CSB038,4,CWS_DEL.csv
tier_location_result,CWS_DEL,s0085,CSB103,4,CWS_DEL.csv
tier_location_result,CWS_DEL,s0085,CSPSO,4,CWS_DEL.csv
tier_location_result,CWS_DEL,s0085,CSTIC,4,CWS_DEL.csv
tier_location_result,CWS_DEL,s0085,ELDID_NA1,4,CWS_DEL.csv
tier_location_result,CWS_DEL,s0085,ELDID_NU1,1,CWS_DEL.csv
tier_location_result,CWS_DEL,s0085,ELDID_NU2,1,CWS_DEL.csv
tier_location_result,CWS_DEL,s0085,ELDID_NU3,3,CWS_DEL.csv
tier_location_result,CWS_DEL,s0085,ESB324,4,CWS_DEL.csv
tier_location_result,CWS_DEL,s0085,ESB347,4,CWS_DEL.csv
tier_location_result,CWS_DEL,s0085,ESB414,4,CWS_DEL.csv
tier_location_result,CWS_DEL,s0085,ESB415,4,CWS_DEL.csv
tier_location_result,CWS_DEL,s0085,ESB420,4,CWS_DEL.csv
tier_location_result,CWS_DEL,s0085,FRFLD,1,CWS_DEL.csv
tier_location_result,CWS_DEL,s0085,GDPUD_NU,2,CWS_DEL.csv
tier_location_result,CWS_DEL,s0085,GRSVL,3,CWS_DEL.csv
tier_location_result,CWS_DEL,s0085,JLIND,1,CWS_DEL.csv
tier_location_result,CWS_DEL,s0085,MWD,1,CWS_DEL.csv
tier_location_result,CWS_DEL,s0085,NAPA,1,CWS_DEL.csv
tier_location_result,CWS_DEL,s0085,NAPA2,3,CWS_DEL.csv
tier_location_result,CWS_DEL,s0085,PCWA3,3,CWS_DEL.csv
tier_location_result,CWS_DEL,s0085,PLMAS,3,CWS_DEL.csv
tier_location_result,CWS_DEL,s0085,SBA029,4,CWS_DEL.csv
tier_location_result,CWS_DEL,s0085,SBA036,4,CWS_DEL.csv
tier_location_result,CWS_DEL,s0085,SCVWD,4,CWS_DEL.csv
tier_location_result,CWS_DEL,s0085,SUISN,4,CWS_DEL.csv
tier_location_result,CWS_DEL,s0085,SVWRD,4,CWS_DEL.csv
tier_location_result,CWS_DEL,s0085,TLMNE,1,CWS_DEL.csv
tier_location_result,CWS_DEL,s0085,TVAFB,1,CWS_DEL.csv
tier_location_result,CWS_DEL,s0085,UNION,1,CWS_DEL.csv
tier_location_result,CWS_DEL,s0085,UPANG,1,CWS_DEL.csv
tier_location_result,CWS_DEL,s0085,VLLJO,3,CWS_DEL.csv
tier_location_result,CWS_DEL,s0085,WLDWD,3,CWS_DEL.csv
tier_location_result,CWS_DEL,s0087,02_PU,3,CWS_DEL.csv
tier_location_result,CWS_DEL,s0087,02_SU,4,CWS_DEL.csv
tier_location_result,CWS_DEL,s0087,03_PU1,1,CWS_DEL.csv
tier_location_result,CWS_DEL,s0087,03_PU2,4,CWS_DEL.csv
tier_location_result,CWS_DEL,s0087,03_SU,4,CWS_DEL.csv
tier_location_result,CWS_DEL,s0087,11_NU1,1,CWS_DEL.csv
tier_location_result,CWS_DEL,s0087,12_NU1,1,CWS_DEL.csv
tier_location_result,CWS_DEL,s0087,13_NU1,1,CWS_DEL.csv
tier_location_result,CWS_DEL,s0087,16_PU,4,CWS_DEL.csv
tier_location_result,CWS_DEL,s0087,20_NU1,4,CWS_DEL.csv
tier_location_result,CWS_DEL,s0087,21_PU,1,CWS_DEL.csv
tier_location_result,CWS_DEL,s0087,24_NU1,4,CWS_DEL.csv
tier_location_result,CWS_DEL,s0087,24_NU2,2,CWS_DEL.csv
tier_location_result,CWS_DEL,s0087,24_NU3,2,CWS_DEL.csv
tier_location_result,CWS_DEL,s0087,25_PU,4,CWS_DEL.csv
tier_location_result,CWS_DEL,s0087,26N_NU1,4,CWS_DEL.csv
tier_location_result,CWS_DEL,s0087,26N_NU2,4,CWS_DEL.csv
tier_location_result,CWS_DEL,s0087,26N_NU3,4,CWS_DEL.csv
tier_location_result,CWS_DEL,s0087,26N_PU1,1,CWS_DEL.csv
tier_location_result,CWS_DEL,s0087,26N_PU2,1,CWS_DEL.csv
tier_location_result,CWS_DEL,s0087,26N_PU3,1,CWS_DEL.csv
tier_location_result,CWS_DEL,s0087,26S_NU1,1,CWS_DEL.csv
tier_location_result,CWS_DEL,s0087,26S_NU3,4,CWS_DEL.csv
tier_location_result,CWS_DEL,s0087,26S_PU1,1,CWS_DEL.csv
tier_location_result,CWS_DEL,s0087,26S_PU2,4,CWS_DEL.csv
tier_location_result,CWS_DEL,s0087,26S_PU4,3,CWS_DEL.csv
tier_location_result,CWS_DEL,s0087,26S_PU5,1,CWS_DEL.csv
tier_location_result,CWS_DEL,s0087,26S_PU6,4,CWS_DEL.csv
tier_location_result,CWS_DEL,s0087,50_PU,4,CWS_DEL.csv
tier_location_result,CWS_DEL,s0087,60N_NU1,4,CWS_DEL.csv
tier_location_result,CWS_DEL,s0087,60N_NU2,1,CWS_DEL.csv
tier_location_result,CWS_DEL,s0087,60S_NU1,2,CWS_DEL.csv
tier_location_result,CWS_DEL,s0087,61_NU2,4,CWS_DEL.csv
tier_location_result,CWS_DEL,s0087,62_NU,1,CWS_DEL.csv
tier_location_result,CWS_DEL,s0087,72_NU,1,CWS_DEL.csv
tier_location_result,CWS_DEL,s0087,72_PU,1,CWS_DEL.csv
tier_location_result,CWS_DEL,s0087,90_PU,3,CWS_DEL.csv
tier_location_result,CWS_DEL,s0087,ACFC,1,CWS_DEL.csv
tier_location_result,CWS_DEL,s0087,AMADR,4,CWS_DEL.csv
tier_location_result,CWS_DEL,s0087,AMCYN,1,CWS_DEL.csv
tier_location_result,CWS_DEL,s0087,ANTOC,1,CWS_DEL.csv
tier_location_result,CWS_DEL,s0087,BNCIA,1,CWS_DEL.csv
tier_location_result,CWS_DEL,s0087,CCWD,1,CWS_DEL.csv
tier_location_result,CWS_DEL,s0087,CSB038,4,CWS_DEL.csv
tier_location_result,CWS_DEL,s0087,CSB103,4,CWS_DEL.csv
tier_location_result,CWS_DEL,s0087,CSPSO,4,CWS_DEL.csv
tier_location_result,CWS_DEL,s0087,CSTIC,3,CWS_DEL.csv
tier_location_result,CWS_DEL,s0087,ELDID_NU1,1,CWS_DEL.csv
tier_location_result,CWS_DEL,s0087,ELDID_NU2,1,CWS_DEL.csv
tier_location_result,CWS_DEL,s0087,ELDID_NU3,1,CWS_DEL.csv
tier_location_result,CWS_DEL,s0087,ESB324,4,CWS_DEL.csv
tier_location_result,CWS_DEL,s0087,ESB347,4,CWS_DEL.csv
tier_location_result,CWS_DEL,s0087,ESB414,4,CWS_DEL.csv
tier_location_result,CWS_DEL,s0087,ESB415,4,CWS_DEL.csv
tier_location_result,CWS_DEL,s0087,ESB420,4,CWS_DEL.csv
tier_location_result,CWS_DEL,s0087,FRFLD,1,CWS_DEL.csv
tier_location_result,CWS_DEL,s0087,GDPUD_NU,2,CWS_DEL.csv
tier_location_result,CWS_DEL,s0087,GRSVL,3,CWS_DEL.csv
tier_location_result,CWS_DEL,s0087,JLIND,1,CWS_DEL.csv
tier_location_result,CWS_DEL,s0087,KCWA,4,CWS_DEL.csv
tier_location_result,CWS_DEL,s0087,MWD,1,CWS_DEL.csv
tier_location_result,CWS_DEL,s0087,NAPA,1,CWS_DEL.csv
tier_location_result,CWS_DEL,s0087,NAPA2,3,CWS_DEL.csv
tier_location_result,CWS_DEL,s0087,PCWA3,1,CWS_DEL.csv
tier_location_result,CWS_DEL,s0087,PLMAS,3,CWS_DEL.csv
tier_location_result,CWS_DEL,s0087,SBA029,4,CWS_DEL.csv
tier_location_result,CWS_DEL,s0087,SBA036,4,CWS_DEL.csv
tier_location_result,CWS_DEL,s0087,SCVWD,3,CWS_DEL.csv
tier_location_result,CWS_DEL,s0087,SUISN,4,CWS_DEL.csv
tier_location_result,CWS_DEL,s0087,SVWRD,4,CWS_DEL.csv
tier_location_result,CWS_DEL,s0087,TLMNE,1,CWS_DEL.csv
tier_location_result,CWS_DEL,s0087,TVAFB,1,CWS_DEL.csv
tier_location_result,CWS_DEL,s0087,UNION,1,CWS_DEL.csv
tier_location_result,CWS_DEL,s0087,UPANG,1,CWS_DEL.csv
tier_location_result,CWS_DEL,s0087,VLLJO,2,CWS_DEL.csv
tier_location_result,CWS_DEL,s0087,WLDWD,3,CWS_DEL.csv
tier_location_result,CWS_DEL,s0088,02_PU,3,CWS_DEL.csv
tier_location_result,CWS_DEL,s0088,02_SU,4,CWS_DEL.csv
tier_location_result,CWS_DEL,s0088,03_PU1,3,CWS_DEL.csv
tier_location_result,CWS_DEL,s0088,03_PU2,4,CWS_DEL.csv
tier_location_result,CWS_DEL,s0088,03_SU,4,CWS_DEL.csv
tier_location_result,CWS_DEL,s0088,11_NU1,3,CWS_DEL.csv
tier_location_result,CWS_DEL,s0088,12_NU1,3,CWS_DEL.csv
tier_location_result,CWS_DEL,s0088,13_NU1,1,CWS_DEL.csv
tier_location_result,CWS_DEL,s0088,16_PU,4,CWS_DEL.csv
tier_location_result,CWS_DEL,s0088,20_NU1,4,CWS_DEL.csv
tier_location_result,CWS_DEL,s0088,21_PU,3,CWS_DEL.csv
tier_location_result,CWS_DEL,s0088,24_NU1,4,CWS_DEL.csv
tier_location_result,CWS_DEL,s0088,24_NU2,2,CWS_DEL.csv
tier_location_result,CWS_DEL,s0088,24_NU3,3,CWS_DEL.csv
tier_location_result,CWS_DEL,s0088,25_PU,4,CWS_DEL.csv
tier_location_result,CWS_DEL,s0088,26N_NU1,4,CWS_DEL.csv
tier_location_result,CWS_DEL,s0088,26N_NU2,4,CWS_DEL.csv
tier_location_result,CWS_DEL,s0088,26N_NU3,4,CWS_DEL.csv
tier_location_result,CWS_DEL,s0088,26N_PU1,3,CWS_DEL.csv
tier_location_result,CWS_DEL,s0088,26N_PU2,1,CWS_DEL.csv
tier_location_result,CWS_DEL,s0088,26N_PU3,1,CWS_DEL.csv
tier_location_result,CWS_DEL,s0088,26S_NU1,3,CWS_DEL.csv
tier_location_result,CWS_DEL,s0088,26S_NU3,4,CWS_DEL.csv
tier_location_result,CWS_DEL,s0088,26S_PU1,3,CWS_DEL.csv
tier_location_result,CWS_DEL,s0088,26S_PU2,4,CWS_DEL.csv
tier_location_result,CWS_DEL,s0088,26S_PU4,3,CWS_DEL.csv
tier_location_result,CWS_DEL,s0088,26S_PU5,3,CWS_DEL.csv
tier_location_result,CWS_DEL,s0088,26S_PU6,4,CWS_DEL.csv
tier_location_result,CWS_DEL,s0088,50_PU,4,CWS_DEL.csv
tier_location_result,CWS_DEL,s0088,60N_NU1,4,CWS_DEL.csv
tier_location_result,CWS_DEL,s0088,60N_NU2,1,CWS_DEL.csv
tier_location_result,CWS_DEL,s0088,60S_NU1,2,CWS_DEL.csv
tier_location_result,CWS_DEL,s0088,61_NU2,4,CWS_DEL.csv
tier_location_result,CWS_DEL,s0088,62_NU,1,CWS_DEL.csv
tier_location_result,CWS_DEL,s0088,72_NU,1,CWS_DEL.csv
tier_location_result,CWS_DEL,s0088,72_PU,1,CWS_DEL.csv
tier_location_result,CWS_DEL,s0088,90_PU,4,CWS_DEL.csv
tier_location_result,CWS_DEL,s0088,ACFC,1,CWS_DEL.csv
tier_location_result,CWS_DEL,s0088,AMADR,4,CWS_DEL.csv
tier_location_result,CWS_DEL,s0088,AMCYN,1,CWS_DEL.csv
tier_location_result,CWS_DEL,s0088,ANTOC,1,CWS_DEL.csv
tier_location_result,CWS_DEL,s0088,BNCIA,1,CWS_DEL.csv
tier_location_result,CWS_DEL,s0088,CCWD,1,CWS_DEL.csv
tier_location_result,CWS_DEL,s0088,CSB038,4,CWS_DEL.csv
tier_location_result,CWS_DEL,s0088,CSB103,4,CWS_DEL.csv
tier_location_result,CWS_DEL,s0088,CSPSO,4,CWS_DEL.csv
tier_location_result,CWS_DEL,s0088,CSTIC,4,CWS_DEL.csv
tier_location_result,CWS_DEL,s0088,ELDID_NU1,1,CWS_DEL.csv
tier_location_result,CWS_DEL,s0088,ELDID_NU2,1,CWS_DEL.csv
tier_location_result,CWS_DEL,s0088,ELDID_NU3,1,CWS_DEL.csv
tier_location_result,CWS_DEL,s0088,ESB324,4,CWS_DEL.csv
tier_location_result,CWS_DEL,s0088,ESB347,4,CWS_DEL.csv
tier_location_result,CWS_DEL,s0088,ESB414,4,CWS_DEL.csv
tier_location_result,CWS_DEL,s0088,ESB415,4,CWS_DEL.csv
tier_location_result,CWS_DEL,s0088,ESB420,4,CWS_DEL.csv
tier_location_result,CWS_DEL,s0088,FRFLD,1,CWS_DEL.csv
tier_location_result,CWS_DEL,s0088,GDPUD_NU,2,CWS_DEL.csv
tier_location_result,CWS_DEL,s0088,GRSVL,3,CWS_DEL.csv
tier_location_result,CWS_DEL,s0088,JLIND,1,CWS_DEL.csv
tier_location_result,CWS_DEL,s0088,KCWA,4,CWS_DEL.csv
tier_location_result,CWS_DEL,s0088,MWD,1,CWS_DEL.csv
tier_location_result,CWS_DEL,s0088,NAPA,1,CWS_DEL.csv
tier_location_result,CWS_DEL,s0088,NAPA2,3,CWS_DEL.csv
tier_location_result,CWS_DEL,s0088,PCWA3,3,CWS_DEL.csv
tier_location_result,CWS_DEL,s0088,PLMAS,3,CWS_DEL.csv
tier_location_result,CWS_DEL,s0088,SBA029,4,CWS_DEL.csv
tier_location_result,CWS_DEL,s0088,SBA036,4,CWS_DEL.csv
tier_location_result,CWS_DEL,s0088,SCVWD,4,CWS_DEL.csv
tier_location_result,CWS_DEL,s0088,SUISN,4,CWS_DEL.csv
tier_location_result,CWS_DEL,s0088,SVWRD,4,CWS_DEL.csv
tier_location_result,CWS_DEL,s0088,TLMNE,1,CWS_DEL.csv
tier_location_result,CWS_DEL,s0088,TVAFB,1,CWS_DEL.csv
tier_location_result,CWS_DEL,s0088,UNION,1,CWS_DEL.csv
tier_location_result,CWS_DEL,s0088,UPANG,1,CWS_DEL.csv
tier_location_result,CWS_DEL,s0088,VLLJO,2,CWS_DEL.csv
tier_location_result,CWS_DEL,s0088,WLDWD,3,CWS_DEL.csv
tier_location_result,CWS_DEL,s0089,02_PU,3,CWS_DEL.csv
tier_location_result,CWS_DEL,s0089,02_SU,4,CWS_DEL.csv
tier_location_result,CWS_DEL,s0089,03_PU1,3,CWS_DEL.csv
tier_location_result,CWS_DEL,s0089,03_PU2,4,CWS_DEL.csv
tier_location_result,CWS_DEL,s0089,03_SU,4,CWS_DEL.csv
tier_location_result,CWS_DEL,s0089,11_NU1,3,CWS_DEL.csv
tier_location_result,CWS_DEL,s0089,12_NU1,3,CWS_DEL.csv
tier_location_result,CWS_DEL,s0089,13_NU1,1,CWS_DEL.csv
tier_location_result,CWS_DEL,s0089,16_PU,4,CWS_DEL.csv
tier_location_result,CWS_DEL,s0089,20_NU1,4,CWS_DEL.csv
tier_location_result,CWS_DEL,s0089,21_PU,3,CWS_DEL.csv
tier_location_result,CWS_DEL,s0089,24_NU1,4,CWS_DEL.csv
tier_location_result,CWS_DEL,s0089,24_NU2,2,CWS_DEL.csv
tier_location_result,CWS_DEL,s0089,24_NU3,3,CWS_DEL.csv
tier_location_result,CWS_DEL,s0089,25_PU,4,CWS_DEL.csv
tier_location_result,CWS_DEL,s0089,26N_NU1,4,CWS_DEL.csv
tier_location_result,CWS_DEL,s0089,26N_NU2,4,CWS_DEL.csv
tier_location_result,CWS_DEL,s0089,26N_NU3,4,CWS_DEL.csv
tier_location_result,CWS_DEL,s0089,26N_PU1,2,CWS_DEL.csv
tier_location_result,CWS_DEL,s0089,26N_PU2,1,CWS_DEL.csv
tier_location_result,CWS_DEL,s0089,26N_PU3,1,CWS_DEL.csv
tier_location_result,CWS_DEL,s0089,26S_NU1,3,CWS_DEL.csv
tier_location_result,CWS_DEL,s0089,26S_NU3,4,CWS_DEL.csv
tier_location_result,CWS_DEL,s0089,26S_PU1,2,CWS_DEL.csv
tier_location_result,CWS_DEL,s0089,26S_PU2,4,CWS_DEL.csv
tier_location_result,CWS_DEL,s0089,26S_PU4,3,CWS_DEL.csv
tier_location_result,CWS_DEL,s0089,26S_PU5,3,CWS_DEL.csv
tier_location_result,CWS_DEL,s0089,26S_PU6,4,CWS_DEL.csv
tier_location_result,CWS_DEL,s0089,50_PU,4,CWS_DEL.csv
tier_location_result,CWS_DEL,s0089,60N_NU1,4,CWS_DEL.csv
tier_location_result,CWS_DEL,s0089,60N_NU2,1,CWS_DEL.csv
tier_location_result,CWS_DEL,s0089,60S_NU1,2,CWS_DEL.csv
tier_location_result,CWS_DEL,s0089,61_NU2,4,CWS_DEL.csv
tier_location_result,CWS_DEL,s0089,62_NU,1,CWS_DEL.csv
tier_location_result,CWS_DEL,s0089,72_NU,1,CWS_DEL.csv
tier_location_result,CWS_DEL,s0089,72_PU,1,CWS_DEL.csv
tier_location_result,CWS_DEL,s0089,90_PU,4,CWS_DEL.csv
tier_location_result,CWS_DEL,s0089,ACFC,1,CWS_DEL.csv
tier_location_result,CWS_DEL,s0089,AMADR,4,CWS_DEL.csv
tier_location_result,CWS_DEL,s0089,AMCYN,1,CWS_DEL.csv
tier_location_result,CWS_DEL,s0089,ANTOC,1,CWS_DEL.csv
tier_location_result,CWS_DEL,s0089,BNCIA,1,CWS_DEL.csv
tier_location_result,CWS_DEL,s0089,CCWD,1,CWS_DEL.csv
tier_location_result,CWS_DEL,s0089,CSB038,4,CWS_DEL.csv
tier_location_result,CWS_DEL,s0089,CSB103,4,CWS_DEL.csv
tier_location_result,CWS_DEL,s0089,CSPSO,4,CWS_DEL.csv
tier_location_result,CWS_DEL,s0089,CSTIC,3,CWS_DEL.csv
tier_location_result,CWS_DEL,s0089,ELDID_NU1,1,CWS_DEL.csv
tier_location_result,CWS_DEL,s0089,ELDID_NU2,1,CWS_DEL.csv
tier_location_result,CWS_DEL,s0089,ELDID_NU3,1,CWS_DEL.csv
tier_location_result,CWS_DEL,s0089,ESB324,4,CWS_DEL.csv
tier_location_result,CWS_DEL,s0089,ESB347,4,CWS_DEL.csv
tier_location_result,CWS_DEL,s0089,ESB414,4,CWS_DEL.csv
tier_location_result,CWS_DEL,s0089,ESB415,4,CWS_DEL.csv
tier_location_result,CWS_DEL,s0089,ESB420,4,CWS_DEL.csv
tier_location_result,CWS_DEL,s0089,FRFLD,1,CWS_DEL.csv
tier_location_result,CWS_DEL,s0089,GDPUD_NU,2,CWS_DEL.csv
tier_location_result,CWS_DEL,s0089,GRSVL,2,CWS_DEL.csv
tier_location_result,CWS_DEL,s0089,JLIND,1,CWS_DEL.csv
tier_location_result,CWS_DEL,s0089,KCWA,4,CWS_DEL.csv
tier_location_result,CWS_DEL,s0089,MWD,1,CWS_DEL.csv
tier_location_result,CWS_DEL,s0089,NAPA,1,CWS_DEL.csv
tier_location_result,CWS_DEL,s0089,NAPA2,3,CWS_DEL.csv
tier_location_result,CWS_DEL,s0089,PCWA3,3,CWS_DEL.csv
tier_location_result,CWS_DEL,s0089,PLMAS,3,CWS_DEL.csv
tier_location_result,CWS_DEL,s0089,SBA029,4,CWS_DEL.csv
tier_location_result,CWS_DEL,s0089,SBA036,4,CWS_DEL.csv
tier_location_result,CWS_DEL,s0089,SCVWD,4,CWS_DEL.csv
tier_location_result,CWS_DEL,s0089,SUISN,4,CWS_DEL.csv
tier_location_result,CWS_DEL,s0089,SVWRD,4,CWS_DEL.csv
tier_location_result,CWS_DEL,s0089,TLMNE,1,CWS_DEL.csv
tier_location_result,CWS_DEL,s0089,TVAFB,1,CWS_DEL.csv
tier_location_result,CWS_DEL,s0089,UNION,1,CWS_DEL.csv
tier_location_result,CWS_DEL,s0089,UPANG,1,CWS_DEL.csv
tier_location_result,CWS_DEL,s0089,VLLJO,2,CWS_DEL.csv
tier_location_result,CWS_DEL,s0089,WLDWD,3,CWS_DEL.csv
tier_location_result,CWS_DEL,s0091,02_PU,1,CWS_DEL.csv
tier_location_result,CWS_DEL,s0091,02_SU,4,CWS_DEL.csv
tier_location_result,CWS_DEL,s0091,03_PU1,1,CWS_DEL.csv
tier_location_result,CWS_DEL,s0091,03_PU2,4,CWS_DEL.csv
tier_location_result,CWS_DEL,s0091,03_SU,4,CWS_DEL.csv
tier_location_result,CWS_DEL,s0091,11_NU1,1,CWS_DEL.csv
tier_location_result,CWS_DEL,s0091,12_NU1,1,CWS_DEL.csv
tier_location_result,CWS_DEL,s0091,13_NU1,1,CWS_DEL.csv
tier_location_result,CWS_DEL,s0091,16_PU,4,CWS_DEL.csv
tier_location_result,CWS_DEL,s0091,20_NU1,4,CWS_DEL.csv
tier_location_result,CWS_DEL,s0091,21_PU,1,CWS_DEL.csv
tier_location_result,CWS_DEL,s0091,24_NU1,4,CWS_DEL.csv
tier_location_result,CWS_DEL,s0091,24_NU2,2,CWS_DEL.csv
tier_location_result,CWS_DEL,s0091,24_NU3,3,CWS_DEL.csv
tier_location_result,CWS_DEL,s0091,25_PU,4,CWS_DEL.csv
tier_location_result,CWS_DEL,s0091,26N_NU1,4,CWS_DEL.csv
tier_location_result,CWS_DEL,s0091,26N_NU2,4,CWS_DEL.csv
tier_location_result,CWS_DEL,s0091,26N_NU3,4,CWS_DEL.csv
tier_location_result,CWS_DEL,s0091,26N_PU1,1,CWS_DEL.csv
tier_location_result,CWS_DEL,s0091,26N_PU2,1,CWS_DEL.csv
tier_location_result,CWS_DEL,s0091,26N_PU3,1,CWS_DEL.csv
tier_location_result,CWS_DEL,s0091,26S_NU1,1,CWS_DEL.csv
tier_location_result,CWS_DEL,s0091,26S_NU3,4,CWS_DEL.csv
tier_location_result,CWS_DEL,s0091,26S_PU1,1,CWS_DEL.csv
tier_location_result,CWS_DEL,s0091,26S_PU2,4,CWS_DEL.csv
tier_location_result,CWS_DEL,s0091,26S_PU4,3,CWS_DEL.csv
tier_location_result,CWS_DEL,s0091,26S_PU5,1,CWS_DEL.csv
tier_location_result,CWS_DEL,s0091,26S_PU6,4,CWS_DEL.csv
tier_location_result,CWS_DEL,s0091,50_PU,4,CWS_DEL.csv
tier_location_result,CWS_DEL,s0091,60N_NU1,4,CWS_DEL.csv
tier_location_result,CWS_DEL,s0091,60N_NU2,1,CWS_DEL.csv
tier_location_result,CWS_DEL,s0091,60S_NU1,2,CWS_DEL.csv
tier_location_result,CWS_DEL,s0091,61_NU2,4,CWS_DEL.csv
tier_location_result,CWS_DEL,s0091,62_NU,1,CWS_DEL.csv
tier_location_result,CWS_DEL,s0091,71_NU,1,CWS_DEL.csv
tier_location_result,CWS_DEL,s0091,72_NU,1,CWS_DEL.csv
tier_location_result,CWS_DEL,s0091,72_PU,1,CWS_DEL.csv
tier_location_result,CWS_DEL,s0091,90_PU,4,CWS_DEL.csv
tier_location_result,CWS_DEL,s0091,ACFC,1,CWS_DEL.csv
tier_location_result,CWS_DEL,s0091,AMADR,4,CWS_DEL.csv
tier_location_result,CWS_DEL,s0091,AMCYN,1,CWS_DEL.csv
tier_location_result,CWS_DEL,s0091,ANTOC,1,CWS_DEL.csv
tier_location_result,CWS_DEL,s0091,BNCIA,1,CWS_DEL.csv
tier_location_result,CWS_DEL,s0091,CCWD,1,CWS_DEL.csv
tier_location_result,CWS_DEL,s0091,CSB038,4,CWS_DEL.csv
tier_location_result,CWS_DEL,s0091,CSB103,4,CWS_DEL.csv
tier_location_result,CWS_DEL,s0091,CSPSO,4,CWS_DEL.csv
tier_location_result,CWS_DEL,s0091,CSTIC,3,CWS_DEL.csv
tier_location_result,CWS_DEL,s0091,ELDID_NU1,1,CWS_DEL.csv
tier_location_result,CWS_DEL,s0091,ELDID_NU2,1,CWS_DEL.csv
tier_location_result,CWS_DEL,s0091,ELDID_NU3,1,CWS_DEL.csv
tier_location_result,CWS_DEL,s0091,ESB324,4,CWS_DEL.csv
tier_location_result,CWS_DEL,s0091,ESB347,4,CWS_DEL.csv
tier_location_result,CWS_DEL,s0091,ESB414,4,CWS_DEL.csv
tier_location_result,CWS_DEL,s0091,ESB415,4,CWS_DEL.csv
tier_location_result,CWS_DEL,s0091,ESB420,4,CWS_DEL.csv
tier_location_result,CWS_DEL,s0091,FRFLD,1,CWS_DEL.csv
tier_location_result,CWS_DEL,s0091,GDPUD_NU,1,CWS_DEL.csv
tier_location_result,CWS_DEL,s0091,GRSVL,2,CWS_DEL.csv
tier_location_result,CWS_DEL,s0091,JLIND,1,CWS_DEL.csv
tier_location_result,CWS_DEL,s0091,KCWA,4,CWS_DEL.csv
tier_location_result,CWS_DEL,s0091,MWD,1,CWS_DEL.csv
tier_location_result,CWS_DEL,s0091,NAPA,1,CWS_DEL.csv
tier_location_result,CWS_DEL,s0091,NAPA2,3,CWS_DEL.csv
tier_location_result,CWS_DEL,s0091,PCWA3,3,CWS_DEL.csv
tier_location_result,CWS_DEL,s0091,PLMAS,1,CWS_DEL.csv
tier_location_result,CWS_DEL,s0091,SBA029,4,CWS_DEL.csv
tier_location_result,CWS_DEL,s0091,SBA036,4,CWS_DEL.csv
tier_location_result,CWS_DEL,s0091,SCVWD,4,CWS_DEL.csv
tier_location_result,CWS_DEL,s0091,SUISN,4,CWS_DEL.csv
tier_location_result,CWS_DEL,s0091,SVWRD,4,CWS_DEL.csv
tier_location_result,CWS_DEL,s0091,TLMNE,1,CWS_DEL.csv
tier_location_result,CWS_DEL,s0091,TVAFB,1,CWS_DEL.csv
tier_location_result,CWS_DEL,s0091,UNION,1,CWS_DEL.csv
tier_location_result,CWS_DEL,s0091,UPANG,2,CWS_DEL.csv
tier_location_result,CWS_DEL,s0091,VLLJO,3,CWS_DEL.csv
tier_location_result,CWS_DEL,s0091,WLDWD,3,CWS_DEL.csv
tier_location_result,CWS_DEL,s0092,02_PU,3,CWS_DEL.csv
tier_location_result,CWS_DEL,s0092,02_SU,4,CWS_DEL.csv
tier_location_result,CWS_DEL,s0092,03_PU1,3,CWS_DEL.csv
tier_location_result,CWS_DEL,s0092,03_PU2,4,CWS_DEL.csv
tier_location_result,CWS_DEL,s0092,03_SU,4,CWS_DEL.csv
tier_location_result,CWS_DEL,s0092,11_NU1,2,CWS_DEL.csv
tier_location_result,CWS_DEL,s0092,12_NU1,1,CWS_DEL.csv
tier_location_result,CWS_DEL,s0092,13_NU1,1,CWS_DEL.csv
tier_location_result,CWS_DEL,s0092,16_PU,4,CWS_DEL.csv
tier_location_result,CWS_DEL,s0092,20_NU1,4,CWS_DEL.csv
tier_location_result,CWS_DEL,s0092,21_PU,1,CWS_DEL.csv
tier_location_result,CWS_DEL,s0092,24_NU1,4,CWS_DEL.csv
tier_location_result,CWS_DEL,s0092,24_NU2,2,CWS_DEL.csv
tier_location_result,CWS_DEL,s0092,24_NU3,3,CWS_DEL.csv
tier_location_result,CWS_DEL,s0092,25_PU,4,CWS_DEL.csv
tier_location_result,CWS_DEL,s0092,26N_NU1,4,CWS_DEL.csv
tier_location_result,CWS_DEL,s0092,26N_NU2,4,CWS_DEL.csv
tier_location_result,CWS_DEL,s0092,26N_NU3,4,CWS_DEL.csv
tier_location_result,CWS_DEL,s0092,26N_PU1,1,CWS_DEL.csv
tier_location_result,CWS_DEL,s0092,26N_PU2,1,CWS_DEL.csv
tier_location_result,CWS_DEL,s0092,26N_PU3,1,CWS_DEL.csv
tier_location_result,CWS_DEL,s0092,26S_NU1,1,CWS_DEL.csv
tier_location_result,CWS_DEL,s0092,26S_NU3,4,CWS_DEL.csv
tier_location_result,CWS_DEL,s0092,26S_PU1,1,CWS_DEL.csv
tier_location_result,CWS_DEL,s0092,26S_PU2,4,CWS_DEL.csv
tier_location_result,CWS_DEL,s0092,26S_PU4,4,CWS_DEL.csv
tier_location_result,CWS_DEL,s0092,26S_PU5,1,CWS_DEL.csv
tier_location_result,CWS_DEL,s0092,26S_PU6,4,CWS_DEL.csv
tier_location_result,CWS_DEL,s0092,50_PU,4,CWS_DEL.csv
tier_location_result,CWS_DEL,s0092,60N_NU1,4,CWS_DEL.csv
tier_location_result,CWS_DEL,s0092,60N_NU2,1,CWS_DEL.csv
tier_location_result,CWS_DEL,s0092,60S_NU1,2,CWS_DEL.csv
tier_location_result,CWS_DEL,s0092,61_NU2,4,CWS_DEL.csv
tier_location_result,CWS_DEL,s0092,62_NU,1,CWS_DEL.csv
tier_location_result,CWS_DEL,s0092,71_NU,1,CWS_DEL.csv
tier_location_result,CWS_DEL,s0092,72_NU,1,CWS_DEL.csv
tier_location_result,CWS_DEL,s0092,72_PU,1,CWS_DEL.csv
tier_location_result,CWS_DEL,s0092,90_PU,4,CWS_DEL.csv
tier_location_result,CWS_DEL,s0092,ACFC,1,CWS_DEL.csv
tier_location_result,CWS_DEL,s0092,AMADR,4,CWS_DEL.csv
tier_location_result,CWS_DEL,s0092,AMCYN,1,CWS_DEL.csv
tier_location_result,CWS_DEL,s0092,ANTOC,1,CWS_DEL.csv
tier_location_result,CWS_DEL,s0092,BNCIA,1,CWS_DEL.csv
tier_location_result,CWS_DEL,s0092,CCWD,1,CWS_DEL.csv
tier_location_result,CWS_DEL,s0092,CSB038,4,CWS_DEL.csv
tier_location_result,CWS_DEL,s0092,CSB103,4,CWS_DEL.csv
tier_location_result,CWS_DEL,s0092,CSPSO,4,CWS_DEL.csv
tier_location_result,CWS_DEL,s0092,CSTIC,3,CWS_DEL.csv
tier_location_result,CWS_DEL,s0092,ELDID_NU1,1,CWS_DEL.csv
tier_location_result,CWS_DEL,s0092,ELDID_NU2,1,CWS_DEL.csv
tier_location_result,CWS_DEL,s0092,ELDID_NU3,1,CWS_DEL.csv
tier_location_result,CWS_DEL,s0092,ESB324,4,CWS_DEL.csv
tier_location_result,CWS_DEL,s0092,ESB347,4,CWS_DEL.csv
tier_location_result,CWS_DEL,s0092,ESB414,4,CWS_DEL.csv
tier_location_result,CWS_DEL,s0092,ESB415,4,CWS_DEL.csv
tier_location_result,CWS_DEL,s0092,ESB420,4,CWS_DEL.csv
tier_location_result,CWS_DEL,s0092,FRFLD,1,CWS_DEL.csv
tier_location_result,CWS_DEL,s0092,GDPUD_NU,2,CWS_DEL.csv
tier_location_result,CWS_DEL,s0092,GRSVL,3,CWS_DEL.csv
tier_location_result,CWS_DEL,s0092,JLIND,1,CWS_DEL.csv
tier_location_result,CWS_DEL,s0092,KCWA,4,CWS_DEL.csv
tier_location_result,CWS_DEL,s0092,MWD,1,CWS_DEL.csv
tier_location_result,CWS_DEL,s0092,NAPA,1,CWS_DEL.csv
tier_location_result,CWS_DEL,s0092,NAPA2,3,CWS_DEL.csv
tier_location_result,CWS_DEL,s0092,PCWA3,3,CWS_DEL.csv
tier_location_result,CWS_DEL,s0092,PLMAS,3,CWS_DEL.csv
tier_location_result,CWS_DEL,s0092,SBA029,4,CWS_DEL.csv
tier_location_result,CWS_DEL,s0092,SBA036,4,CWS_DEL.csv
tier_location_result,CWS_DEL,s0092,SCVWD,4,CWS_DEL.csv
tier_location_result,CWS_DEL,s0092,SUISN,4,CWS_DEL.csv
tier_location_result,CWS_DEL,s0092,SVWRD,4,CWS_DEL.csv
tier_location_result,CWS_DEL,s0092,TLMNE,1,CWS_DEL.csv
tier_location_result,CWS_DEL,s0092,TVAFB,1,CWS_DEL.csv
tier_location_result,CWS_DEL,s0092,UNION,1,CWS_DEL.csv
tier_location_result,CWS_DEL,s0092,UPANG,1,CWS_DEL.csv
tier_location_result,CWS_DEL,s0092,VLLJO,2,CWS_DEL.csv
tier_location_result,CWS_DEL,s0092,WLDWD,3,CWS_DEL.csv
tier_location_result,CWS_DEL,s0093,02_PU,4,CWS_DEL.csv
tier_location_result,CWS_DEL,s0093,02_SU,4,CWS_DEL.csv
tier_location_result,CWS_DEL,s0093,03_PU1,4,CWS_DEL.csv
tier_location_result,CWS_DEL,s0093,03_PU2,4,CWS_DEL.csv
tier_location_result,CWS_DEL,s0093,03_SU,4,CWS_DEL.csv
tier_location_result,CWS_DEL,s0093,11_NU1,3,CWS_DEL.csv
tier_location_result,CWS_DEL,s0093,12_NU1,3,CWS_DEL.csv
tier_location_result,CWS_DEL,s0093,13_NU1,1,CWS_DEL.csv
tier_location_result,CWS_DEL,s0093,16_PU,4,CWS_DEL.csv
tier_location_result,CWS_DEL,s0093,20_NU1,4,CWS_DEL.csv
tier_location_result,CWS_DEL,s0093,21_PU,1,CWS_DEL.csv
tier_location_result,CWS_DEL,s0093,24_NU1,4,CWS_DEL.csv
tier_location_result,CWS_DEL,s0093,24_NU2,2,CWS_DEL.csv
tier_location_result,CWS_DEL,s0093,24_NU3,3,CWS_DEL.csv
tier_location_result,CWS_DEL,s0093,25_PU,4,CWS_DEL.csv
tier_location_result,CWS_DEL,s0093,26N_NU1,4,CWS_DEL.csv
tier_location_result,CWS_DEL,s0093,26N_NU2,4,CWS_DEL.csv
tier_location_result,CWS_DEL,s0093,26N_NU3,4,CWS_DEL.csv
tier_location_result,CWS_DEL,s0093,26N_PU1,4,CWS_DEL.csv
tier_location_result,CWS_DEL,s0093,26N_PU2,1,CWS_DEL.csv
tier_location_result,CWS_DEL,s0093,26N_PU3,2,CWS_DEL.csv
tier_location_result,CWS_DEL,s0093,26S_NU1,2,CWS_DEL.csv
tier_location_result,CWS_DEL,s0093,26S_NU3,4,CWS_DEL.csv
tier_location_result,CWS_DEL,s0093,26S_PU1,4,CWS_DEL.csv
tier_location_result,CWS_DEL,s0093,26S_PU2,4,CWS_DEL.csv
tier_location_result,CWS_DEL,s0093,26S_PU4,4,CWS_DEL.csv
tier_location_result,CWS_DEL,s0093,26S_PU5,1,CWS_DEL.csv
tier_location_result,CWS_DEL,s0093,26S_PU6,4,CWS_DEL.csv
tier_location_result,CWS_DEL,s0093,50_PU,4,CWS_DEL.csv
tier_location_result,CWS_DEL,s0093,60N_NU1,4,CWS_DEL.csv
tier_location_result,CWS_DEL,s0093,60N_NU2,1,CWS_DEL.csv
tier_location_result,CWS_DEL,s0093,60S_NU1,3,CWS_DEL.csv
tier_location_result,CWS_DEL,s0093,61_NU2,4,CWS_DEL.csv
tier_location_result,CWS_DEL,s0093,62_NU,1,CWS_DEL.csv
tier_location_result,CWS_DEL,s0093,71_NU,1,CWS_DEL.csv
tier_location_result,CWS_DEL,s0093,72_NU,1,CWS_DEL.csv
tier_location_result,CWS_DEL,s0093,72_PU,1,CWS_DEL.csv
tier_location_result,CWS_DEL,s0093,90_PU,4,CWS_DEL.csv
tier_location_result,CWS_DEL,s0093,ACFC,1,CWS_DEL.csv
tier_location_result,CWS_DEL,s0093,AMADR,4,CWS_DEL.csv
tier_location_result,CWS_DEL,s0093,AMCYN,1,CWS_DEL.csv
tier_location_result,CWS_DEL,s0093,ANTOC,1,CWS_DEL.csv
tier_location_result,CWS_DEL,s0093,BNCIA,1,CWS_DEL.csv
tier_location_result,CWS_DEL,s0093,CCWD,1,CWS_DEL.csv
tier_location_result,CWS_DEL,s0093,CSB038,4,CWS_DEL.csv
tier_location_result,CWS_DEL,s0093,CSB103,4,CWS_DEL.csv
tier_location_result,CWS_DEL,s0093,CSPSO,4,CWS_DEL.csv
tier_location_result,CWS_DEL,s0093,CSTIC,3,CWS_DEL.csv
tier_location_result,CWS_DEL,s0093,ELDID_NU1,1,CWS_DEL.csv
tier_location_result,CWS_DEL,s0093,ELDID_NU2,1,CWS_DEL.csv
tier_location_result,CWS_DEL,s0093,ELDID_NU3,2,CWS_DEL.csv
tier_location_result,CWS_DEL,s0093,ESB324,4,CWS_DEL.csv
tier_location_result,CWS_DEL,s0093,ESB347,4,CWS_DEL.csv
tier_location_result,CWS_DEL,s0093,ESB414,4,CWS_DEL.csv
tier_location_result,CWS_DEL,s0093,ESB415,4,CWS_DEL.csv
tier_location_result,CWS_DEL,s0093,ESB420,4,CWS_DEL.csv
tier_location_result,CWS_DEL,s0093,FRFLD,1,CWS_DEL.csv
tier_location_result,CWS_DEL,s0093,GDPUD_NU,2,CWS_DEL.csv
tier_location_result,CWS_DEL,s0093,GRSVL,2,CWS_DEL.csv
tier_location_result,CWS_DEL,s0093,JLIND,1,CWS_DEL.csv
tier_location_result,CWS_DEL,s0093,KCWA,4,CWS_DEL.csv
tier_location_result,CWS_DEL,s0093,MWD,1,CWS_DEL.csv
tier_location_result,CWS_DEL,s0093,NAPA,1,CWS_DEL.csv
tier_location_result,CWS_DEL,s0093,NAPA2,3,CWS_DEL.csv
tier_location_result,CWS_DEL,s0093,PCWA3,3,CWS_DEL.csv
tier_location_result,CWS_DEL,s0093,PLMAS,3,CWS_DEL.csv
tier_location_result,CWS_DEL,s0093,SBA029,4,CWS_DEL.csv
tier_location_result,CWS_DEL,s0093,SBA036,4,CWS_DEL.csv
tier_location_result,CWS_DEL,s0093,SCVWD,4,CWS_DEL.csv
tier_location_result,CWS_DEL,s0093,SUISN,4,CWS_DEL.csv
tier_location_result,CWS_DEL,s0093,SVWRD,4,CWS_DEL.csv
tier_location_result,CWS_DEL,s0093,TLMNE,1,CWS_DEL.csv
tier_location_result,CWS_DEL,s0093,TVAFB,1,CWS_DEL.csv
tier_location_result,CWS_DEL,s0093,UNION,1,CWS_DEL.csv
tier_location_result,CWS_DEL,s0093,UPANG,1,CWS_DEL.csv
tier_location_result,CWS_DEL,s0093,VLLJO,3,CWS_DEL.csv
tier_location_result,CWS_DEL,s0093,WLDWD,3,CWS_DEL.csv
tier_location_result,CWS_DEL,s0094,02_PU,1,CWS_DEL.csv
tier_location_result,CWS_DEL,s0094,02_SU,4,CWS_DEL.csv
tier_location_result,CWS_DEL,s0094,03_PU1,1,CWS_DEL.csv
tier_location_result,CWS_DEL,s0094,03_PU2,4,CWS_DEL.csv
tier_location_result,CWS_DEL,s0094,03_SU,4,CWS_DEL.csv
tier_location_result,CWS_DEL,s0094,11_NU1,1,CWS_DEL.csv
tier_location_result,CWS_DEL,s0094,12_NU1,1,CWS_DEL.csv
tier_location_result,CWS_DEL,s0094,13_NU1,1,CWS_DEL.csv
tier_location_result,CWS_DEL,s0094,16_PU,4,CWS_DEL.csv
tier_location_result,CWS_DEL,s0094,20_NU1,4,CWS_DEL.csv
tier_location_result,CWS_DEL,s0094,21_PU,1,CWS_DEL.csv
tier_location_result,CWS_DEL,s0094,24_NU1,4,CWS_DEL.csv
tier_location_result,CWS_DEL,s0094,24_NU2,2,CWS_DEL.csv
tier_location_result,CWS_DEL,s0094,24_NU3,3,CWS_DEL.csv
tier_location_result,CWS_DEL,s0094,25_PU,4,CWS_DEL.csv
tier_location_result,CWS_DEL,s0094,26N_NU1,4,CWS_DEL.csv
tier_location_result,CWS_DEL,s0094,26N_NU2,4,CWS_DEL.csv
tier_location_result,CWS_DEL,s0094,26N_NU3,4,CWS_DEL.csv
tier_location_result,CWS_DEL,s0094,26N_PU1,1,CWS_DEL.csv
tier_location_result,CWS_DEL,s0094,26N_PU2,1,CWS_DEL.csv
tier_location_result,CWS_DEL,s0094,26N_PU3,1,CWS_DEL.csv
tier_location_result,CWS_DEL,s0094,26S_NU1,1,CWS_DEL.csv
tier_location_result,CWS_DEL,s0094,26S_NU3,4,CWS_DEL.csv
tier_location_result,CWS_DEL,s0094,26S_PU1,1,CWS_DEL.csv
tier_location_result,CWS_DEL,s0094,26S_PU2,4,CWS_DEL.csv
tier_location_result,CWS_DEL,s0094,26S_PU4,4,CWS_DEL.csv
tier_location_result,CWS_DEL,s0094,26S_PU5,1,CWS_DEL.csv
tier_location_result,CWS_DEL,s0094,26S_PU6,4,CWS_DEL.csv
tier_location_result,CWS_DEL,s0094,50_PU,4,CWS_DEL.csv
tier_location_result,CWS_DEL,s0094,60N_NU1,4,CWS_DEL.csv
tier_location_result,CWS_DEL,s0094,60N_NU2,1,CWS_DEL.csv
tier_location_result,CWS_DEL,s0094,60S_NU1,2,CWS_DEL.csv
tier_location_result,CWS_DEL,s0094,61_NU2,4,CWS_DEL.csv
tier_location_result,CWS_DEL,s0094,62_NU,1,CWS_DEL.csv
tier_location_result,CWS_DEL,s0094,71_NU,1,CWS_DEL.csv
tier_location_result,CWS_DEL,s0094,72_NU,1,CWS_DEL.csv
tier_location_result,CWS_DEL,s0094,72_PU,1,CWS_DEL.csv
tier_location_result,CWS_DEL,s0094,90_PU,4,CWS_DEL.csv
tier_location_result,CWS_DEL,s0094,ACFC,1,CWS_DEL.csv
tier_location_result,CWS_DEL,s0094,AMADR,4,CWS_DEL.csv
tier_location_result,CWS_DEL,s0094,AMCYN,1,CWS_DEL.csv
tier_location_result,CWS_DEL,s0094,ANTOC,1,CWS_DEL.csv
tier_location_result,CWS_DEL,s0094,BNCIA,1,CWS_DEL.csv
tier_location_result,CWS_DEL,s0094,CCWD,1,CWS_DEL.csv
tier_location_result,CWS_DEL,s0094,CSB038,4,CWS_DEL.csv
tier_location_result,CWS_DEL,s0094,CSB103,4,CWS_DEL.csv
tier_location_result,CWS_DEL,s0094,CSPSO,4,CWS_DEL.csv
tier_location_result,CWS_DEL,s0094,CSTIC,3,CWS_DEL.csv
tier_location_result,CWS_DEL,s0094,EBMUD,1,CWS_DEL.csv
tier_location_result,CWS_DEL,s0094,ELDID_NU1,1,CWS_DEL.csv
tier_location_result,CWS_DEL,s0094,ELDID_NU2,1,CWS_DEL.csv
tier_location_result,CWS_DEL,s0094,ELDID_NU3,1,CWS_DEL.csv
tier_location_result,CWS_DEL,s0094,ESB324,4,CWS_DEL.csv
tier_location_result,CWS_DEL,s0094,ESB347,4,CWS_DEL.csv
tier_location_result,CWS_DEL,s0094,ESB414,4,CWS_DEL.csv
tier_location_result,CWS_DEL,s0094,ESB415,4,CWS_DEL.csv
tier_location_result,CWS_DEL,s0094,ESB420,4,CWS_DEL.csv
tier_location_result,CWS_DEL,s0094,FRFLD,1,CWS_DEL.csv
tier_location_result,CWS_DEL,s0094,GDPUD_NU,2,CWS_DEL.csv
tier_location_result,CWS_DEL,s0094,GRSVL,2,CWS_DEL.csv
tier_location_result,CWS_DEL,s0094,JLIND,1,CWS_DEL.csv
tier_location_result,CWS_DEL,s0094,KCWA,4,CWS_DEL.csv
tier_location_result,CWS_DEL,s0094,MHILL_NU,1,CWS_DEL.csv
tier_location_result,CWS_DEL,s0094,MWD,1,CWS_DEL.csv
tier_location_result,CWS_DEL,s0094,NAPA,1,CWS_DEL.csv
tier_location_result,CWS_DEL,s0094,NAPA2,3,CWS_DEL.csv
tier_location_result,CWS_DEL,s0094,PCWA3,3,CWS_DEL.csv
tier_location_result,CWS_DEL,s0094,PLMAS,3,CWS_DEL.csv
tier_location_result,CWS_DEL,s0094,SBA029,4,CWS_DEL.csv
tier_location_result,CWS_DEL,s0094,SBA036,4,CWS_DEL.csv
tier_location_result,CWS_DEL,s0094,SBCWD,4,CWS_DEL.csv
tier_location_result,CWS_DEL,s0094,SCVWD,4,CWS_DEL.csv
tier_location_result,CWS_DEL,s0094,SUISN,4,CWS_DEL.csv
tier_location_result,CWS_DEL,s0094,SVWRD,4,CWS_DEL.csv
tier_location_result,CWS_DEL,s0094,TLMNE,1,CWS_DEL.csv
tier_location_result,CWS_DEL,s0094,TVAFB,1,CWS_DEL.csv
tier_location_result,CWS_DEL,s0094,UNION,1,CWS_DEL.csv
tier_location_result,CWS_DEL,s0094,UPANG,1,CWS_DEL.csv
tier_location_result,CWS_DEL,s0094,VLLJO,2,CWS_DEL.csv
tier_location_result,CWS_DEL,s0094,WLDWD,3,CWS_DEL.csv
tier_location_result,CWS_DEL,s0095,02_PU,3,CWS_DEL.csv
tier_location_result,CWS_DEL,s0095,02_SU,4,CWS_DEL.csv
tier_location_result,CWS_DEL,s0095,03_PU1,3,CWS_DEL.csv
tier_location_result,CWS_DEL,s0095,03_PU2,4,CWS_DEL.csv
tier_location_result,CWS_DEL,s0095,03_SU,4,CWS_DEL.csv
tier_location_result,CWS_DEL,s0095,11_NU1,3,CWS_DEL.csv
tier_location_result,CWS_DEL,s0095,12_NU1,3,CWS_DEL.csv
tier_location_result,CWS_DEL,s0095,13_NU1,1,CWS_DEL.csv
tier_location_result,CWS_DEL,s0095,16_PU,4,CWS_DEL.csv
tier_location_result,CWS_DEL,s0095,20_NU1,4,CWS_DEL.csv
tier_location_result,CWS_DEL,s0095,21_PU,3,CWS_DEL.csv
tier_location_result,CWS_DEL,s0095,24_NU1,4,CWS_DEL.csv
tier_location_result,CWS_DEL,s0095,24_NU2,2,CWS_DEL.csv
tier_location_result,CWS_DEL,s0095,24_NU3,3,CWS_DEL.csv
tier_location_result,CWS_DEL,s0095,25_PU,4,CWS_DEL.csv
tier_location_result,CWS_DEL,s0095,26N_NU1,4,CWS_DEL.csv
tier_location_result,CWS_DEL,s0095,26N_NU2,4,CWS_DEL.csv
tier_location_result,CWS_DEL,s0095,26N_NU3,4,CWS_DEL.csv
tier_location_result,CWS_DEL,s0095,26N_PU1,3,CWS_DEL.csv
tier_location_result,CWS_DEL,s0095,26N_PU2,1,CWS_DEL.csv
tier_location_result,CWS_DEL,s0095,26N_PU3,1,CWS_DEL.csv
tier_location_result,CWS_DEL,s0095,26S_NU1,3,CWS_DEL.csv
tier_location_result,CWS_DEL,s0095,26S_NU3,4,CWS_DEL.csv
tier_location_result,CWS_DEL,s0095,26S_PU1,3,CWS_DEL.csv
tier_location_result,CWS_DEL,s0095,26S_PU2,4,CWS_DEL.csv
tier_location_result,CWS_DEL,s0095,26S_PU4,3,CWS_DEL.csv
tier_location_result,CWS_DEL,s0095,26S_PU5,3,CWS_DEL.csv
tier_location_result,CWS_DEL,s0095,26S_PU6,4,CWS_DEL.csv
tier_location_result,CWS_DEL,s0095,50_PU,4,CWS_DEL.csv
tier_location_result,CWS_DEL,s0095,60N_NU1,4,CWS_DEL.csv
tier_location_result,CWS_DEL,s0095,60N_NU2,1,CWS_DEL.csv
tier_location_result,CWS_DEL,s0095,60S_NU1,2,CWS_DEL.csv
tier_location_result,CWS_DEL,s0095,61_NU2,4,CWS_DEL.csv
tier_location_result,CWS_DEL,s0095,62_NU,1,CWS_DEL.csv
tier_location_result,CWS_DEL,s0095,72_NU,1,CWS_DEL.csv
tier_location_result,CWS_DEL,s0095,72_PU,1,CWS_DEL.csv
tier_location_result,CWS_DEL,s0095,90_PU,3,CWS_DEL.csv
tier_location_result,CWS_DEL,s0095,ACFC,1,CWS_DEL.csv
tier_location_result,CWS_DEL,s0095,AMADR,4,CWS_DEL.csv
tier_location_result,CWS_DEL,s0095,AMCYN,1,CWS_DEL.csv
tier_location_result,CWS_DEL,s0095,ANTOC,1,CWS_DEL.csv
tier_location_result,CWS_DEL,s0095,BNCIA,1,CWS_DEL.csv
tier_location_result,CWS_DEL,s0095,CCWD,1,CWS_DEL.csv
tier_location_result,CWS_DEL,s0095,CSB038,4,CWS_DEL.csv
tier_location_result,CWS_DEL,s0095,CSB103,4,CWS_DEL.csv
tier_location_result,CWS_DEL,s0095,CSPSO,4,CWS_DEL.csv
tier_location_result,CWS_DEL,s0095,CSTIC,3,CWS_DEL.csv
tier_location_result,CWS_DEL,s0095,ELDID_NA1,4,CWS_DEL.csv
tier_location_result,CWS_DEL,s0095,ELDID_NU1,1,CWS_DEL.csv
tier_location_result,CWS_DEL,s0095,ELDID_NU2,2,CWS_DEL.csv
tier_location_result,CWS_DEL,s0095,ELDID_NU3,2,CWS_DEL.csv
tier_location_result,CWS_DEL,s0095,ESB324,4,CWS_DEL.csv
tier_location_result,CWS_DEL,s0095,ESB347,4,CWS_DEL.csv
tier_location_result,CWS_DEL,s0095,ESB414,4,CWS_DEL.csv
tier_location_result,CWS_DEL,s0095,ESB415,4,CWS_DEL.csv
tier_location_result,CWS_DEL,s0095,ESB420,4,CWS_DEL.csv
tier_location_result,CWS_DEL,s0095,FRFLD,1,CWS_DEL.csv
tier_location_result,CWS_DEL,s0095,GDPUD_NU,2,CWS_DEL.csv
tier_location_result,CWS_DEL,s0095,GRSVL,3,CWS_DEL.csv
tier_location_result,CWS_DEL,s0095,JLIND,1,CWS_DEL.csv
tier_location_result,CWS_DEL,s0095,KCWA,4,CWS_DEL.csv
tier_location_result,CWS_DEL,s0095,MWD,1,CWS_DEL.csv
tier_location_result,CWS_DEL,s0095,NAPA,1,CWS_DEL.csv
tier_location_result,CWS_DEL,s0095,NAPA2,3,CWS_DEL.csv
tier_location_result,CWS_DEL,s0095,PCWA3,3,CWS_DEL.csv
tier_location_result,CWS_DEL,s0095,PLMAS,3,CWS_DEL.csv
tier_location_result,CWS_DEL,s0095,SBA029,4,CWS_DEL.csv
tier_location_result,CWS_DEL,s0095,SBA036,4,CWS_DEL.csv
tier_location_result,CWS_DEL,s0095,SCVWD,1,CWS_DEL.csv
tier_location_result,CWS_DEL,s0095,SUISN,4,CWS_DEL.csv
tier_location_result,CWS_DEL,s0095,SVWRD,4,CWS_DEL.csv
tier_location_result,CWS_DEL,s0095,TLMNE,1,CWS_DEL.csv
tier_location_result,CWS_DEL,s0095,TVAFB,2,CWS_DEL.csv
tier_location_result,CWS_DEL,s0095,UNION,1,CWS_DEL.csv
tier_location_result,CWS_DEL,s0095,UPANG,1,CWS_DEL.csv
tier_location_result,CWS_DEL,s0095,VLLJO,2,CWS_DEL.csv
tier_location_result,CWS_DEL,s0095,WLDWD,3,CWS_DEL.csv
tier_location_result,CWS_DEL,s0096,02_PU,3,CWS_DEL.csv
tier_location_result,CWS_DEL,s0096,02_SU,4,CWS_DEL.csv
tier_location_result,CWS_DEL,s0096,03_PU1,3,CWS_DEL.csv
tier_location_result,CWS_DEL,s0096,03_PU2,4,CWS_DEL.csv
tier_location_result,CWS_DEL,s0096,03_SU,4,CWS_DEL.csv
tier_location_result,CWS_DEL,s0096,11_NU1,3,CWS_DEL.csv
tier_location_result,CWS_DEL,s0096,12_NU1,3,CWS_DEL.csv
tier_location_result,CWS_DEL,s0096,13_NU1,1,CWS_DEL.csv
tier_location_result,CWS_DEL,s0096,16_PU,4,CWS_DEL.csv
tier_location_result,CWS_DEL,s0096,20_NU1,4,CWS_DEL.csv
tier_location_result,CWS_DEL,s0096,21_PU,3,CWS_DEL.csv
tier_location_result,CWS_DEL,s0096,24_NU1,4,CWS_DEL.csv
tier_location_result,CWS_DEL,s0096,24_NU2,2,CWS_DEL.csv
tier_location_result,CWS_DEL,s0096,24_NU3,3,CWS_DEL.csv
tier_location_result,CWS_DEL,s0096,25_PU,4,CWS_DEL.csv
tier_location_result,CWS_DEL,s0096,26N_NU1,4,CWS_DEL.csv
tier_location_result,CWS_DEL,s0096,26N_NU2,4,CWS_DEL.csv
tier_location_result,CWS_DEL,s0096,26N_NU3,4,CWS_DEL.csv
tier_location_result,CWS_DEL,s0096,26N_PU1,3,CWS_DEL.csv
tier_location_result,CWS_DEL,s0096,26N_PU2,1,CWS_DEL.csv
tier_location_result,CWS_DEL,s0096,26N_PU3,1,CWS_DEL.csv
tier_location_result,CWS_DEL,s0096,26S_NU1,3,CWS_DEL.csv
tier_location_result,CWS_DEL,s0096,26S_NU3,4,CWS_DEL.csv
tier_location_result,CWS_DEL,s0096,26S_PU1,3,CWS_DEL.csv
tier_location_result,CWS_DEL,s0096,26S_PU2,4,CWS_DEL.csv
tier_location_result,CWS_DEL,s0096,26S_PU4,3,CWS_DEL.csv
tier_location_result,CWS_DEL,s0096,26S_PU5,3,CWS_DEL.csv
tier_location_result,CWS_DEL,s0096,26S_PU6,4,CWS_DEL.csv
tier_location_result,CWS_DEL,s0096,50_PU,4,CWS_DEL.csv
tier_location_result,CWS_DEL,s0096,60N_NU1,4,CWS_DEL.csv
tier_location_result,CWS_DEL,s0096,60N_NU2,1,CWS_DEL.csv
tier_location_result,CWS_DEL,s0096,60S_NU1,2,CWS_DEL.csv
tier_location_result,CWS_DEL,s0096,61_NU2,4,CWS_DEL.csv
tier_location_result,CWS_DEL,s0096,62_NU,1,CWS_DEL.csv
tier_location_result,CWS_DEL,s0096,72_NU,1,CWS_DEL.csv
tier_location_result,CWS_DEL,s0096,72_PU,1,CWS_DEL.csv
tier_location_result,CWS_DEL,s0096,90_PU,3,CWS_DEL.csv
tier_location_result,CWS_DEL,s0096,ACFC,1,CWS_DEL.csv
tier_location_result,CWS_DEL,s0096,AMADR,4,CWS_DEL.csv
tier_location_result,CWS_DEL,s0096,AMCYN,1,CWS_DEL.csv
tier_location_result,CWS_DEL,s0096,ANTOC,1,CWS_DEL.csv
tier_location_result,CWS_DEL,s0096,BNCIA,1,CWS_DEL.csv
tier_location_result,CWS_DEL,s0096,CCWD,1,CWS_DEL.csv
tier_location_result,CWS_DEL,s0096,CSB038,4,CWS_DEL.csv
tier_location_result,CWS_DEL,s0096,CSB103,4,CWS_DEL.csv
tier_location_result,CWS_DEL,s0096,CSPSO,4,CWS_DEL.csv
tier_location_result,CWS_DEL,s0096,CSTIC,4,CWS_DEL.csv
tier_location_result,CWS_DEL,s0096,ELDID_NU1,1,CWS_DEL.csv
tier_location_result,CWS_DEL,s0096,ELDID_NU2,1,CWS_DEL.csv
tier_location_result,CWS_DEL,s0096,ELDID_NU3,2,CWS_DEL.csv
tier_location_result,CWS_DEL,s0096,ESB324,4,CWS_DEL.csv
tier_location_result,CWS_DEL,s0096,ESB347,4,CWS_DEL.csv
tier_location_result,CWS_DEL,s0096,ESB414,4,CWS_DEL.csv
tier_location_result,CWS_DEL,s0096,ESB415,4,CWS_DEL.csv
tier_location_result,CWS_DEL,s0096,ESB420,4,CWS_DEL.csv
tier_location_result,CWS_DEL,s0096,FRFLD,1,CWS_DEL.csv
tier_location_result,CWS_DEL,s0096,GDPUD_NU,2,CWS_DEL.csv
tier_location_result,CWS_DEL,s0096,GRSVL,3,CWS_DEL.csv
tier_location_result,CWS_DEL,s0096,JLIND,1,CWS_DEL.csv
tier_location_result,CWS_DEL,s0096,KCWA,4,CWS_DEL.csv
tier_location_result,CWS_DEL,s0096,MWD,1,CWS_DEL.csv
tier_location_result,CWS_DEL,s0096,NAPA,1,CWS_DEL.csv
tier_location_result,CWS_DEL,s0096,NAPA2,3,CWS_DEL.csv
tier_location_result,CWS_DEL,s0096,PCWA3,3,CWS_DEL.csv
tier_location_result,CWS_DEL,s0096,PLMAS,3,CWS_DEL.csv
tier_location_result,CWS_DEL,s0096,SBA029,4,CWS_DEL.csv
tier_location_result,CWS_DEL,s0096,SBA036,4,CWS_DEL.csv
tier_location_result,CWS_DEL,s0096,SCVWD,1,CWS_DEL.csv
tier_location_result,CWS_DEL,s0096,SUISN,4,CWS_DEL.csv
tier_location_result,CWS_DEL,s0096,SVWRD,4,CWS_DEL.csv
tier_location_result,CWS_DEL,s0096,TLMNE,1,CWS_DEL.csv
tier_location_result,CWS_DEL,s0096,TVAFB,1,CWS_DEL.csv
tier_location_result,CWS_DEL,s0096,UNION,1,CWS_DEL.csv
tier_location_result,CWS_DEL,s0096,UPANG,1,CWS_DEL.csv
tier_location_result,CWS_DEL,s0096,VLLJO,2,CWS_DEL.csv
tier_location_result,CWS_DEL,s0096,WLDWD,3,CWS_DEL.csv
tier_location_result,CWS_DEL,s0097,02_PU,3,CWS_DEL.csv
tier_location_result,CWS_DEL,s0097,02_SU,4,CWS_DEL.csv
tier_location_result,CWS_DEL,s0097,03_PU1,3,CWS_DEL.csv
tier_location_result,CWS_DEL,s0097,03_PU2,4,CWS_DEL.csv
tier_location_result,CWS_DEL,s0097,03_SU,4,CWS_DEL.csv
tier_location_result,CWS_DEL,s0097,11_NU1,3,CWS_DEL.csv
tier_location_result,CWS_DEL,s0097,12_NU1,3,CWS_DEL.csv
tier_location_result,CWS_DEL,s0097,13_NU1,1,CWS_DEL.csv
tier_location_result,CWS_DEL,s0097,16_PU,4,CWS_DEL.csv
tier_location_result,CWS_DEL,s0097,20_NU1,4,CWS_DEL.csv
tier_location_result,CWS_DEL,s0097,21_PU,3,CWS_DEL.csv
tier_location_result,CWS_DEL,s0097,24_NU1,4,CWS_DEL.csv
tier_location_result,CWS_DEL,s0097,24_NU2,2,CWS_DEL.csv
tier_location_result,CWS_DEL,s0097,24_NU3,3,CWS_DEL.csv
tier_location_result,CWS_DEL,s0097,25_PU,4,CWS_DEL.csv
tier_location_result,CWS_DEL,s0097,26N_NU1,4,CWS_DEL.csv
tier_location_result,CWS_DEL,s0097,26N_NU2,4,CWS_DEL.csv
tier_location_result,CWS_DEL,s0097,26N_NU3,4,CWS_DEL.csv
tier_location_result,CWS_DEL,s0097,26N_PU1,3,CWS_DEL.csv
tier_location_result,CWS_DEL,s0097,26N_PU2,1,CWS_DEL.csv
tier_location_result,CWS_DEL,s0097,26N_PU3,1,CWS_DEL.csv
tier_location_result,CWS_DEL,s0097,26S_NU1,3,CWS_DEL.csv
tier_location_result,CWS_DEL,s0097,26S_NU3,4,CWS_DEL.csv
tier_location_result,CWS_DEL,s0097,26S_PU1,3,CWS_DEL.csv
tier_location_result,CWS_DEL,s0097,26S_PU2,4,CWS_DEL.csv
tier_location_result,CWS_DEL,s0097,26S_PU4,3,CWS_DEL.csv
tier_location_result,CWS_DEL,s0097,26S_PU5,3,CWS_DEL.csv
tier_location_result,CWS_DEL,s0097,26S_PU6,4,CWS_DEL.csv
tier_location_result,CWS_DEL,s0097,50_PU,4,CWS_DEL.csv
tier_location_result,CWS_DEL,s0097,60N_NU1,4,CWS_DEL.csv
tier_location_result,CWS_DEL,s0097,60N_NU2,1,CWS_DEL.csv
tier_location_result,CWS_DEL,s0097,60S_NU1,2,CWS_DEL.csv
tier_location_result,CWS_DEL,s0097,61_NU2,4,CWS_DEL.csv
tier_location_result,CWS_DEL,s0097,62_NU,1,CWS_DEL.csv
tier_location_result,CWS_DEL,s0097,72_NU,1,CWS_DEL.csv
tier_location_result,CWS_DEL,s0097,72_PU,1,CWS_DEL.csv
tier_location_result,CWS_DEL,s0097,90_PU,3,CWS_DEL.csv
tier_location_result,CWS_DEL,s0097,ACFC,1,CWS_DEL.csv
tier_location_result,CWS_DEL,s0097,AMADR,4,CWS_DEL.csv
tier_location_result,CWS_DEL,s0097,AMCYN,1,CWS_DEL.csv
tier_location_result,CWS_DEL,s0097,ANTOC,1,CWS_DEL.csv
tier_location_result,CWS_DEL,s0097,BNCIA,1,CWS_DEL.csv
tier_location_result,CWS_DEL,s0097,CCWD,1,CWS_DEL.csv
tier_location_result,CWS_DEL,s0097,CLLPT,1,CWS_DEL.csv
tier_location_result,CWS_DEL,s0097,CSB038,4,CWS_DEL.csv
tier_location_result,CWS_DEL,s0097,CSB103,4,CWS_DEL.csv
tier_location_result,CWS_DEL,s0097,CSPSO,4,CWS_DEL.csv
tier_location_result,CWS_DEL,s0097,CSTIC,4,CWS_DEL.csv
tier_location_result,CWS_DEL,s0097,ELDID_NU1,1,CWS_DEL.csv
tier_location_result,CWS_DEL,s0097,ELDID_NU2,1,CWS_DEL.csv
tier_location_result,CWS_DEL,s0097,ELDID_NU3,2,CWS_DEL.csv
tier_location_result,CWS_DEL,s0097,ESB324,4,CWS_DEL.csv
tier_location_result,CWS_DEL,s0097,ESB347,4,CWS_DEL.csv
tier_location_result,CWS_DEL,s0097,ESB414,4,CWS_DEL.csv
tier_location_result,CWS_DEL,s0097,ESB415,4,CWS_DEL.csv
tier_location_result,CWS_DEL,s0097,ESB420,4,CWS_DEL.csv
tier_location_result,CWS_DEL,s0097,FRFLD,1,CWS_DEL.csv
tier_location_result,CWS_DEL,s0097,GDPUD_NU,2,CWS_DEL.csv
tier_location_result,CWS_DEL,s0097,GRSVL,3,CWS_DEL.csv
tier_location_result,CWS_DEL,s0097,JLIND,1,CWS_DEL.csv
tier_location_result,CWS_DEL,s0097,KCWA,4,CWS_DEL.csv
tier_location_result,CWS_DEL,s0097,MWD,1,CWS_DEL.csv
tier_location_result,CWS_DEL,s0097,NAPA,1,CWS_DEL.csv
tier_location_result,CWS_DEL,s0097,NAPA2,3,CWS_DEL.csv
tier_location_result,CWS_DEL,s0097,PCWA3,3,CWS_DEL.csv
tier_location_result,CWS_DEL,s0097,PLMAS,3,CWS_DEL.csv
tier_location_result,CWS_DEL,s0097,SBA029,4,CWS_DEL.csv
tier_location_result,CWS_DEL,s0097,SBA036,4,CWS_DEL.csv
tier_location_result,CWS_DEL,s0097,SCVWD,1,CWS_DEL.csv
tier_location_result,CWS_DEL,s0097,SUISN,4,CWS_DEL.csv
tier_location_result,CWS_DEL,s0097,SVWRD,4,CWS_DEL.csv
tier_location_result,CWS_DEL,s0097,TLMNE,1,CWS_DEL.csv
tier_location_result,CWS_DEL,s0097,TVAFB,1,CWS_DEL.csv
tier_location_result,CWS_DEL,s0097,UNION,1,CWS_DEL.csv
tier_location_result,CWS_DEL,s0097,UPANG,1,CWS_DEL.csv
tier_location_result,CWS_DEL,s0097,VLLJO,2,CWS_DEL.csv
tier_location_result,CWS_DEL,s0097,WLDWD,3,CWS_DEL.csv
tier_location_result,CWS_DEL,s0098,02_PU,3,CWS_DEL.csv
tier_location_result,CWS_DEL,s0098,02_SU,4,CWS_DEL.csv
tier_location_result,CWS_DEL,s0098,03_PU1,4,CWS_DEL.csv
tier_location_result,CWS_DEL,s0098,03_PU2,4,CWS_DEL.csv
tier_location_result,CWS_DEL,s0098,03_SU,4,CWS_DEL.csv
tier_location_result,CWS_DEL,s0098,11_NU1,2,CWS_DEL.csv
tier_location_result,CWS_DEL,s0098,12_NU1,2,CWS_DEL.csv
tier_location_result,CWS_DEL,s0098,13_NU1,1,CWS_DEL.csv
tier_location_result,CWS_DEL,s0098,16_PU,4,CWS_DEL.csv
tier_location_result,CWS_DEL,s0098,20_NU1,4,CWS_DEL.csv
tier_location_result,CWS_DEL,s0098,21_PU,2,CWS_DEL.csv
tier_location_result,CWS_DEL,s0098,24_NU1,4,CWS_DEL.csv
tier_location_result,CWS_DEL,s0098,24_NU2,4,CWS_DEL.csv
tier_location_result,CWS_DEL,s0098,24_NU3,3,CWS_DEL.csv
tier_location_result,CWS_DEL,s0098,25_PU,4,CWS_DEL.csv
tier_location_result,CWS_DEL,s0098,26N_NU1,4,CWS_DEL.csv
tier_location_result,CWS_DEL,s0098,26N_NU2,4,CWS_DEL.csv
tier_location_result,CWS_DEL,s0098,26N_NU3,4,CWS_DEL.csv
tier_location_result,CWS_DEL,s0098,26N_PU1,2,CWS_DEL.csv
tier_location_result,CWS_DEL,s0098,26N_PU2,1,CWS_DEL.csv
tier_location_result,CWS_DEL,s0098,26N_PU3,1,CWS_DEL.csv
tier_location_result,CWS_DEL,s0098,26S_NU1,2,CWS_DEL.csv
tier_location_result,CWS_DEL,s0098,26S_NU3,4,CWS_DEL.csv
tier_location_result,CWS_DEL,s0098,26S_PU1,2,CWS_DEL.csv
tier_location_result,CWS_DEL,s0098,26S_PU2,4,CWS_DEL.csv
tier_location_result,CWS_DEL,s0098,26S_PU4,4,CWS_DEL.csv
tier_location_result,CWS_DEL,s0098,26S_PU5,4,CWS_DEL.csv
tier_location_result,CWS_DEL,s0098,26S_PU6,4,CWS_DEL.csv
tier_location_result,CWS_DEL,s0098,50_PU,4,CWS_DEL.csv
tier_location_result,CWS_DEL,s0098,60N_NU1,4,CWS_DEL.csv
tier_location_result,CWS_DEL,s0098,60N_NU2,1,CWS_DEL.csv
tier_location_result,CWS_DEL,s0098,60S_NU1,2,CWS_DEL.csv
tier_location_result,CWS_DEL,s0098,61_NU2,4,CWS_DEL.csv
tier_location_result,CWS_DEL,s0098,62_NU,1,CWS_DEL.csv
tier_location_result,CWS_DEL,s0098,71_NU,1,CWS_DEL.csv
tier_location_result,CWS_DEL,s0098,72_NU,1,CWS_DEL.csv
tier_location_result,CWS_DEL,s0098,72_PU,1,CWS_DEL.csv
tier_location_result,CWS_DEL,s0098,90_PU,4,CWS_DEL.csv
tier_location_result,CWS_DEL,s0098,ACFC,1,CWS_DEL.csv
tier_location_result,CWS_DEL,s0098,AMADR,3,CWS_DEL.csv
tier_location_result,CWS_DEL,s0098,AMCYN,1,CWS_DEL.csv
tier_location_result,CWS_DEL,s0098,ANTOC,1,CWS_DEL.csv
tier_location_result,CWS_DEL,s0098,BNCIA,1,CWS_DEL.csv
tier_location_result,CWS_DEL,s0098,CCWD,1,CWS_DEL.csv
tier_location_result,CWS_DEL,s0098,CSB038,4,CWS_DEL.csv
tier_location_result,CWS_DEL,s0098,CSB103,4,CWS_DEL.csv
tier_location_result,CWS_DEL,s0098,CSPSO,4,CWS_DEL.csv
tier_location_result,CWS_DEL,s0098,CSTIC,4,CWS_DEL.csv
tier_location_result,CWS_DEL,s0098,ELDID_NU1,1,CWS_DEL.csv
tier_location_result,CWS_DEL,s0098,ELDID_NU2,1,CWS_DEL.csv
tier_location_result,CWS_DEL,s0098,ELDID_NU3,1,CWS_DEL.csv
tier_location_result,CWS_DEL,s0098,ESB324,4,CWS_DEL.csv
tier_location_result,CWS_DEL,s0098,ESB347,4,CWS_DEL.csv
tier_location_result,CWS_DEL,s0098,ESB414,4,CWS_DEL.csv
tier_location_result,CWS_DEL,s0098,ESB415,4,CWS_DEL.csv
tier_location_result,CWS_DEL,s0098,ESB420,4,CWS_DEL.csv
tier_location_result,CWS_DEL,s0098,FRFLD,1,CWS_DEL.csv
tier_location_result,CWS_DEL,s0098,GDPUD_NU,2,CWS_DEL.csv
tier_location_result,CWS_DEL,s0098,GRSVL,2,CWS_DEL.csv
tier_location_result,CWS_DEL,s0098,JLIND,1,CWS_DEL.csv
tier_location_result,CWS_DEL,s0098,KCWA,4,CWS_DEL.csv
tier_location_result,CWS_DEL,s0098,MWD,1,CWS_DEL.csv
tier_location_result,CWS_DEL,s0098,NAPA,1,CWS_DEL.csv
tier_location_result,CWS_DEL,s0098,NAPA2,3,CWS_DEL.csv
tier_location_result,CWS_DEL,s0098,PCWA3,3,CWS_DEL.csv
tier_location_result,CWS_DEL,s0098,PLMAS,3,CWS_DEL.csv
tier_location_result,CWS_DEL,s0098,SBA029,4,CWS_DEL.csv
tier_location_result,CWS_DEL,s0098,SBA036,4,CWS_DEL.csv
tier_location_result,CWS_DEL,s0098,SCVWD,4,CWS_DEL.csv
tier_location_result,CWS_DEL,s0098,SUISN,4,CWS_DEL.csv
tier_location_result,CWS_DEL,s0098,SVWRD,4,CWS_DEL.csv
tier_location_result,CWS_DEL,s0098,TLMNE,1,CWS_DEL.csv
tier_location_result,CWS_DEL,s0098,TVAFB,2,CWS_DEL.csv
tier_location_result,CWS_DEL,s0098,UNION,1,CWS_DEL.csv
tier_location_result,CWS_DEL,s0098,UPANG,1,CWS_DEL.csv
tier_location_result,CWS_DEL,s0098,VLLJO,2,CWS_DEL.csv
tier_location_result,CWS_DEL,s0098,WLDWD,3,CWS_DEL.csv
tier_location_result,CWS_DEL,s0099,02_PU,3,CWS_DEL.csv
tier_location_result,CWS_DEL,s0099,02_SU,4,CWS_DEL.csv
tier_location_result,CWS_DEL,s0099,03_PU1,3,CWS_DEL.csv
tier_location_result,CWS_DEL,s0099,03_PU2,4,CWS_DEL.csv
tier_location_result,CWS_DEL,s0099,03_SU,4,CWS_DEL.csv
tier_location_result,CWS_DEL,s0099,11_NU1,1,CWS_DEL.csv
tier_location_result,CWS_DEL,s0099,12_NU1,2,CWS_DEL.csv
tier_location_result,CWS_DEL,s0099,13_NU1,1,CWS_DEL.csv
tier_location_result,CWS_DEL,s0099,16_PU,4,CWS_DEL.csv
tier_location_result,CWS_DEL,s0099,20_NU1,4,CWS_DEL.csv
tier_location_result,CWS_DEL,s0099,21_PU,1,CWS_DEL.csv
tier_location_result,CWS_DEL,s0099,24_NU1,4,CWS_DEL.csv
tier_location_result,CWS_DEL,s0099,24_NU2,4,CWS_DEL.csv
tier_location_result,CWS_DEL,s0099,24_NU3,3,CWS_DEL.csv
tier_location_result,CWS_DEL,s0099,25_PU,4,CWS_DEL.csv
tier_location_result,CWS_DEL,s0099,26N_NU1,4,CWS_DEL.csv
tier_location_result,CWS_DEL,s0099,26N_NU2,4,CWS_DEL.csv
tier_location_result,CWS_DEL,s0099,26N_NU3,4,CWS_DEL.csv
tier_location_result,CWS_DEL,s0099,26N_PU1,2,CWS_DEL.csv
tier_location_result,CWS_DEL,s0099,26N_PU2,1,CWS_DEL.csv
tier_location_result,CWS_DEL,s0099,26N_PU3,1,CWS_DEL.csv
tier_location_result,CWS_DEL,s0099,26S_NU1,2,CWS_DEL.csv
tier_location_result,CWS_DEL,s0099,26S_NU3,4,CWS_DEL.csv
tier_location_result,CWS_DEL,s0099,26S_PU1,2,CWS_DEL.csv
tier_location_result,CWS_DEL,s0099,26S_PU2,4,CWS_DEL.csv
tier_location_result,CWS_DEL,s0099,26S_PU4,4,CWS_DEL.csv
tier_location_result,CWS_DEL,s0099,26S_PU5,4,CWS_DEL.csv
tier_location_result,CWS_DEL,s0099,26S_PU6,4,CWS_DEL.csv
tier_location_result,CWS_DEL,s0099,50_PU,4,CWS_DEL.csv
tier_location_result,CWS_DEL,s0099,60N_NU1,4,CWS_DEL.csv
tier_location_result,CWS_DEL,s0099,60N_NU2,1,CWS_DEL.csv
tier_location_result,CWS_DEL,s0099,60S_NU1,2,CWS_DEL.csv
tier_location_result,CWS_DEL,s0099,61_NU2,4,CWS_DEL.csv
tier_location_result,CWS_DEL,s0099,62_NU,1,CWS_DEL.csv
tier_location_result,CWS_DEL,s0099,71_NU,1,CWS_DEL.csv
tier_location_result,CWS_DEL,s0099,72_NU,1,CWS_DEL.csv
tier_location_result,CWS_DEL,s0099,72_PU,1,CWS_DEL.csv
tier_location_result,CWS_DEL,s0099,90_PU,4,CWS_DEL.csv
tier_location_result,CWS_DEL,s0099,ACFC,1,CWS_DEL.csv
tier_location_result,CWS_DEL,s0099,AMADR,4,CWS_DEL.csv
tier_location_result,CWS_DEL,s0099,AMCYN,1,CWS_DEL.csv
tier_location_result,CWS_DEL,s0099,ANTOC,1,CWS_DEL.csv
tier_location_result,CWS_DEL,s0099,BNCIA,1,CWS_DEL.csv
tier_location_result,CWS_DEL,s0099,CCWD,1,CWS_DEL.csv
tier_location_result,CWS_DEL,s0099,CSB038,4,CWS_DEL.csv
tier_location_result,CWS_DEL,s0099,CSB103,4,CWS_DEL.csv
tier_location_result,CWS_DEL,s0099,CSPSO,4,CWS_DEL.csv
tier_location_result,CWS_DEL,s0099,CSTIC,4,CWS_DEL.csv
tier_location_result,CWS_DEL,s0099,ELDID_NU1,1,CWS_DEL.csv
tier_location_result,CWS_DEL,s0099,ELDID_NU2,1,CWS_DEL.csv
tier_location_result,CWS_DEL,s0099,ELDID_NU3,1,CWS_DEL.csv
tier_location_result,CWS_DEL,s0099,ESB324,4,CWS_DEL.csv
tier_location_result,CWS_DEL,s0099,ESB347,4,CWS_DEL.csv
tier_location_result,CWS_DEL,s0099,ESB414,4,CWS_DEL.csv
tier_location_result,CWS_DEL,s0099,ESB415,4,CWS_DEL.csv
tier_location_result,CWS_DEL,s0099,ESB420,4,CWS_DEL.csv
tier_location_result,CWS_DEL,s0099,FRFLD,1,CWS_DEL.csv
tier_location_result,CWS_DEL,s0099,GDPUD_NU,2,CWS_DEL.csv
tier_location_result,CWS_DEL,s0099,GRSVL,2,CWS_DEL.csv
tier_location_result,CWS_DEL,s0099,JLIND,1,CWS_DEL.csv
tier_location_result,CWS_DEL,s0099,KCWA,4,CWS_DEL.csv
tier_location_result,CWS_DEL,s0099,MWD,1,CWS_DEL.csv
tier_location_result,CWS_DEL,s0099,NAPA,1,CWS_DEL.csv
tier_location_result,CWS_DEL,s0099,NAPA2,3,CWS_DEL.csv
tier_location_result,CWS_DEL,s0099,PCWA3,3,CWS_DEL.csv
tier_location_result,CWS_DEL,s0099,PLMAS,3,CWS_DEL.csv
tier_location_result,CWS_DEL,s0099,SBA029,4,CWS_DEL.csv
tier_location_result,CWS_DEL,s0099,SBA036,4,CWS_DEL.csv
tier_location_result,CWS_DEL,s0099,SCVWD,4,CWS_DEL.csv
tier_location_result,CWS_DEL,s0099,SUISN,4,CWS_DEL.csv
tier_location_result,CWS_DEL,s0099,SVWRD,4,CWS_DEL.csv
tier_location_result,CWS_DEL,s0099,TLMNE,1,CWS_DEL.csv
tier_location_result,CWS_DEL,s0099,TVAFB,2,CWS_DEL.csv
tier_location_result,CWS_DEL,s0099,UNION,1,CWS_DEL.csv
tier_location_result,CWS_DEL,s0099,UPANG,1,CWS_DEL.csv
tier_location_result,CWS_DEL,s0099,VLLJO,1,CWS_DEL.csv
tier_location_result,CWS_DEL,s0099,WLDWD,3,CWS_DEL.csv
tier_location_result,CWS_DEL,s0100,02_PU,3,CWS_DEL.csv
tier_location_result,CWS_DEL,s0100,02_SU,4,CWS_DEL.csv
tier_location_result,CWS_DEL,s0100,03_PU1,3,CWS_DEL.csv
tier_location_result,CWS_DEL,s0100,03_PU2,4,CWS_DEL.csv
tier_location_result,CWS_DEL,s0100,03_SU,4,CWS_DEL.csv
tier_location_result,CWS_DEL,s0100,11_NU1,2,CWS_DEL.csv
tier_location_result,CWS_DEL,s0100,12_NU1,2,CWS_DEL.csv
tier_location_result,CWS_DEL,s0100,13_NU1,1,CWS_DEL.csv
tier_location_result,CWS_DEL,s0100,16_PU,4,CWS_DEL.csv
tier_location_result,CWS_DEL,s0100,20_NU1,4,CWS_DEL.csv
tier_location_result,CWS_DEL,s0100,21_PU,2,CWS_DEL.csv
tier_location_result,CWS_DEL,s0100,24_NU1,4,CWS_DEL.csv
tier_location_result,CWS_DEL,s0100,24_NU2,4,CWS_DEL.csv
tier_location_result,CWS_DEL,s0100,24_NU3,3,CWS_DEL.csv
tier_location_result,CWS_DEL,s0100,25_PU,4,CWS_DEL.csv
tier_location_result,CWS_DEL,s0100,26N_NU1,4,CWS_DEL.csv
tier_location_result,CWS_DEL,s0100,26N_NU2,4,CWS_DEL.csv
tier_location_result,CWS_DEL,s0100,26N_NU3,4,CWS_DEL.csv
tier_location_result,CWS_DEL,s0100,26N_PU1,2,CWS_DEL.csv
tier_location_result,CWS_DEL,s0100,26N_PU2,1,CWS_DEL.csv
tier_location_result,CWS_DEL,s0100,26N_PU3,1,CWS_DEL.csv
tier_location_result,CWS_DEL,s0100,26S_NU1,2,CWS_DEL.csv
tier_location_result,CWS_DEL,s0100,26S_NU3,4,CWS_DEL.csv
tier_location_result,CWS_DEL,s0100,26S_PU1,2,CWS_DEL.csv
tier_location_result,CWS_DEL,s0100,26S_PU2,4,CWS_DEL.csv
tier_location_result,CWS_DEL,s0100,26S_PU4,4,CWS_DEL.csv
tier_location_result,CWS_DEL,s0100,26S_PU5,4,CWS_DEL.csv
tier_location_result,CWS_DEL,s0100,26S_PU6,4,CWS_DEL.csv
tier_location_result,CWS_DEL,s0100,50_PU,4,CWS_DEL.csv
tier_location_result,CWS_DEL,s0100,60N_NU1,4,CWS_DEL.csv
tier_location_result,CWS_DEL,s0100,60N_NU2,1,CWS_DEL.csv
tier_location_result,CWS_DEL,s0100,60S_NU1,2,CWS_DEL.csv
tier_location_result,CWS_DEL,s0100,61_NU2,4,CWS_DEL.csv
tier_location_result,CWS_DEL,s0100,62_NU,1,CWS_DEL.csv
tier_location_result,CWS_DEL,s0100,71_NU,1,CWS_DEL.csv
tier_location_result,CWS_DEL,s0100,72_NU,1,CWS_DEL.csv
tier_location_result,CWS_DEL,s0100,72_PU,1,CWS_DEL.csv
tier_location_result,CWS_DEL,s0100,90_PU,4,CWS_DEL.csv
tier_location_result,CWS_DEL,s0100,ACFC,1,CWS_DEL.csv
tier_location_result,CWS_DEL,s0100,AMADR,4,CWS_DEL.csv
tier_location_result,CWS_DEL,s0100,AMCYN,1,CWS_DEL.csv
tier_location_result,CWS_DEL,s0100,ANTOC,1,CWS_DEL.csv
tier_location_result,CWS_DEL,s0100,BNCIA,1,CWS_DEL.csv
tier_location_result,CWS_DEL,s0100,CCWD,1,CWS_DEL.csv
tier_location_result,CWS_DEL,s0100,CSB038,4,CWS_DEL.csv
tier_location_result,CWS_DEL,s0100,CSB103,4,CWS_DEL.csv
tier_location_result,CWS_DEL,s0100,CSPSO,4,CWS_DEL.csv
tier_location_result,CWS_DEL,s0100,CSTIC,4,CWS_DEL.csv
tier_location_result,CWS_DEL,s0100,ELDID_NU1,1,CWS_DEL.csv
tier_location_result,CWS_DEL,s0100,ELDID_NU2,1,CWS_DEL.csv
tier_location_result,CWS_DEL,s0100,ELDID_NU3,1,CWS_DEL.csv
tier_location_result,CWS_DEL,s0100,ESB324,4,CWS_DEL.csv
tier_location_result,CWS_DEL,s0100,ESB347,4,CWS_DEL.csv
tier_location_result,CWS_DEL,s0100,ESB414,4,CWS_DEL.csv
tier_location_result,CWS_DEL,s0100,ESB415,4,CWS_DEL.csv
tier_location_result,CWS_DEL,s0100,ESB420,4,CWS_DEL.csv
tier_location_result,CWS_DEL,s0100,FRFLD,1,CWS_DEL.csv
tier_location_result,CWS_DEL,s0100,GDPUD_NU,2,CWS_DEL.csv
tier_location_result,CWS_DEL,s0100,GRSVL,2,CWS_DEL.csv
tier_location_result,CWS_DEL,s0100,JLIND,1,CWS_DEL.csv
tier_location_result,CWS_DEL,s0100,KCWA,4,CWS_DEL.csv
tier_location_result,CWS_DEL,s0100,MWD,1,CWS_DEL.csv
tier_location_result,CWS_DEL,s0100,NAPA,1,CWS_DEL.csv
tier_location_result,CWS_DEL,s0100,NAPA2,3,CWS_DEL.csv
tier_location_result,CWS_DEL,s0100,PCWA3,3,CWS_DEL.csv
tier_location_result,CWS_DEL,s0100,PLMAS,3,CWS_DEL.csv
tier_location_result,CWS_DEL,s0100,SBA029,4,CWS_DEL.csv
tier_location_result,CWS_DEL,s0100,SBA036,4,CWS_DEL.csv
tier_location_result,CWS_DEL,s0100,SCVWD,4,CWS_DEL.csv
tier_location_result,CWS_DEL,s0100,SUISN,4,CWS_DEL.csv
tier_location_result,CWS_DEL,s0100,SVWRD,4,CWS_DEL.csv
tier_location_result,CWS_DEL,s0100,TLMNE,1,CWS_DEL.csv
tier_location_result,CWS_DEL,s0100,TVAFB,2,CWS_DEL.csv
tier_location_result,CWS_DEL,s0100,UNION,1,CWS_DEL.csv
tier_location_result,CWS_DEL,s0100,UPANG,1,CWS_DEL.csv
tier_location_result,CWS_DEL,s0100,VLLJO,1,CWS_DEL.csv
tier_location_result,CWS_DEL,s0100,WLDWD,3,CWS_DEL.csv
tier_location_result,CWS_DEL,s0101,02_PU,3,CWS_DEL.csv
tier_location_result,CWS_DEL,s0101,02_SU,4,CWS_DEL.csv
tier_location_result,CWS_DEL,s0101,03_PU1,4,CWS_DEL.csv
tier_location_result,CWS_DEL,s0101,03_PU2,4,CWS_DEL.csv
tier_location_result,CWS_DEL,s0101,03_SU,4,CWS_DEL.csv
tier_location_result,CWS_DEL,s0101,11_NU1,3,CWS_DEL.csv
tier_location_result,CWS_DEL,s0101,12_NU1,3,CWS_DEL.csv
tier_location_result,CWS_DEL,s0101,13_NU1,1,CWS_DEL.csv
tier_location_result,CWS_DEL,s0101,16_PU,4,CWS_DEL.csv
tier_location_result,CWS_DEL,s0101,20_NU1,4,CWS_DEL.csv
tier_location_result,CWS_DEL,s0101,21_PU,2,CWS_DEL.csv
tier_location_result,CWS_DEL,s0101,24_NU1,4,CWS_DEL.csv
tier_location_result,CWS_DEL,s0101,24_NU2,4,CWS_DEL.csv
tier_location_result,CWS_DEL,s0101,24_NU3,3,CWS_DEL.csv
tier_location_result,CWS_DEL,s0101,25_PU,4,CWS_DEL.csv
tier_location_result,CWS_DEL,s0101,26N_NU1,4,CWS_DEL.csv
tier_location_result,CWS_DEL,s0101,26N_NU2,4,CWS_DEL.csv
tier_location_result,CWS_DEL,s0101,26N_NU3,4,CWS_DEL.csv
tier_location_result,CWS_DEL,s0101,26N_PU1,2,CWS_DEL.csv
tier_location_result,CWS_DEL,s0101,26N_PU2,1,CWS_DEL.csv
tier_location_result,CWS_DEL,s0101,26N_PU3,1,CWS_DEL.csv
tier_location_result,CWS_DEL,s0101,26S_NU1,3,CWS_DEL.csv
tier_location_result,CWS_DEL,s0101,26S_NU3,4,CWS_DEL.csv
tier_location_result,CWS_DEL,s0101,26S_PU1,2,CWS_DEL.csv
tier_location_result,CWS_DEL,s0101,26S_PU2,4,CWS_DEL.csv
tier_location_result,CWS_DEL,s0101,26S_PU4,4,CWS_DEL.csv
tier_location_result,CWS_DEL,s0101,26S_PU5,4,CWS_DEL.csv
tier_location_result,CWS_DEL,s0101,26S_PU6,4,CWS_DEL.csv
tier_location_result,CWS_DEL,s0101,50_PU,4,CWS_DEL.csv
tier_location_result,CWS_DEL,s0101,60N_NU1,4,CWS_DEL.csv
tier_location_result,CWS_DEL,s0101,60N_NU2,1,CWS_DEL.csv
tier_location_result,CWS_DEL,s0101,60S_NU1,2,CWS_DEL.csv
tier_location_result,CWS_DEL,s0101,61_NU2,4,CWS_DEL.csv
tier_location_result,CWS_DEL,s0101,62_NU,1,CWS_DEL.csv
tier_location_result,CWS_DEL,s0101,71_NU,1,CWS_DEL.csv
tier_location_result,CWS_DEL,s0101,72_NU,1,CWS_DEL.csv
tier_location_result,CWS_DEL,s0101,72_PU,1,CWS_DEL.csv
tier_location_result,CWS_DEL,s0101,90_PU,4,CWS_DEL.csv
tier_location_result,CWS_DEL,s0101,ACFC,1,CWS_DEL.csv
tier_location_result,CWS_DEL,s0101,AMADR,3,CWS_DEL.csv
tier_location_result,CWS_DEL,s0101,AMCYN,1,CWS_DEL.csv
tier_location_result,CWS_DEL,s0101,ANTOC,1,CWS_DEL.csv
tier_location_result,CWS_DEL,s0101,BNCIA,1,CWS_DEL.csv
tier_location_result,CWS_DEL,s0101,CCWD,1,CWS_DEL.csv
tier_location_result,CWS_DEL,s0101,CSB038,4,CWS_DEL.csv
tier_location_result,CWS_DEL,s0101,CSB103,4,CWS_DEL.csv
tier_location_result,CWS_DEL,s0101,CSPSO,4,CWS_DEL.csv
tier_location_result,CWS_DEL,s0101,CSTIC,4,CWS_DEL.csv
tier_location_result,CWS_DEL,s0101,ELDID_NU1,1,CWS_DEL.csv
tier_location_result,CWS_DEL,s0101,ELDID_NU2,1,CWS_DEL.csv
tier_location_result,CWS_DEL,s0101,ELDID_NU3,1,CWS_DEL.csv
tier_location_result,CWS_DEL,s0101,ESB324,4,CWS_DEL.csv
tier_location_result,CWS_DEL,s0101,ESB347,4,CWS_DEL.csv
tier_location_result,CWS_DEL,s0101,ESB414,4,CWS_DEL.csv
tier_location_result,CWS_DEL,s0101,ESB415,4,CWS_DEL.csv
tier_location_result,CWS_DEL,s0101,ESB420,4,CWS_DEL.csv
tier_location_result,CWS_DEL,s0101,FRFLD,1,CWS_DEL.csv
tier_location_result,CWS_DEL,s0101,GDPUD_NU,2,CWS_DEL.csv
tier_location_result,CWS_DEL,s0101,GRSVL,2,CWS_DEL.csv
tier_location_result,CWS_DEL,s0101,JLIND,1,CWS_DEL.csv
tier_location_result,CWS_DEL,s0101,KCWA,4,CWS_DEL.csv
tier_location_result,CWS_DEL,s0101,MWD,1,CWS_DEL.csv
tier_location_result,CWS_DEL,s0101,NAPA,1,CWS_DEL.csv
tier_location_result,CWS_DEL,s0101,NAPA2,3,CWS_DEL.csv
tier_location_result,CWS_DEL,s0101,PCWA3,3,CWS_DEL.csv
tier_location_result,CWS_DEL,s0101,PLMAS,3,CWS_DEL.csv
tier_location_result,CWS_DEL,s0101,SBA029,4,CWS_DEL.csv
tier_location_result,CWS_DEL,s0101,SBA036,4,CWS_DEL.csv
tier_location_result,CWS_DEL,s0101,SCVWD,4,CWS_DEL.csv
tier_location_result,CWS_DEL,s0101,SUISN,4,CWS_DEL.csv
tier_location_result,CWS_DEL,s0101,SVWRD,4,CWS_DEL.csv
tier_location_result,CWS_DEL,s0101,TLMNE,1,CWS_DEL.csv
tier_location_result,CWS_DEL,s0101,TVAFB,3,CWS_DEL.csv
tier_location_result,CWS_DEL,s0101,UNION,1,CWS_DEL.csv
tier_location_result,CWS_DEL,s0101,UPANG,1,CWS_DEL.csv
tier_location_result,CWS_DEL,s0101,VLLJO,2,CWS_DEL.csv
tier_location_result,CWS_DEL,s0101,WLDWD,3,CWS_DEL.csv
tier_location_result,CWS_DEL,s0102,02_PU,3,CWS_DEL.csv
tier_location_result,CWS_DEL,s0102,02_SU,4,CWS_DEL.csv
tier_location_result,CWS_DEL,s0102,03_PU1,3,CWS_DEL.csv
tier_location_result,CWS_DEL,s0102,03_PU2,4,CWS_DEL.csv
tier_location_result,CWS_DEL,s0102,03_SU,4,CWS_DEL.csv
tier_location_result,CWS_DEL,s0102,11_NU1,3,CWS_DEL.csv
tier_location_result,CWS_DEL,s0102,12_NU1,3,CWS_DEL.csv
tier_location_result,CWS_DEL,s0102,13_NU1,1,CWS_DEL.csv
tier_location_result,CWS_DEL,s0102,16_PU,4,CWS_DEL.csv
tier_location_result,CWS_DEL,s0102,20_NU1,4,CWS_DEL.csv
tier_location_result,CWS_DEL,s0102,21_PU,2,CWS_DEL.csv
tier_location_result,CWS_DEL,s0102,24_NU1,4,CWS_DEL.csv
tier_location_result,CWS_DEL,s0102,24_NU2,2,CWS_DEL.csv
tier_location_result,CWS_DEL,s0102,24_NU3,3,CWS_DEL.csv
tier_location_result,CWS_DEL,s0102,25_PU,4,CWS_DEL.csv
tier_location_result,CWS_DEL,s0102,26N_NU1,4,CWS_DEL.csv
tier_location_result,CWS_DEL,s0102,26N_NU2,4,CWS_DEL.csv
tier_location_result,CWS_DEL,s0102,26N_NU3,4,CWS_DEL.csv
tier_location_result,CWS_DEL,s0102,26N_PU1,2,CWS_DEL.csv
tier_location_result,CWS_DEL,s0102,26N_PU2,1,CWS_DEL.csv
tier_location_result,CWS_DEL,s0102,26N_PU3,1,CWS_DEL.csv
tier_location_result,CWS_DEL,s0102,26S_NU1,3,CWS_DEL.csv
tier_location_result,CWS_DEL,s0102,26S_NU3,4,CWS_DEL.csv
tier_location_result,CWS_DEL,s0102,26S_PU1,2,CWS_DEL.csv
tier_location_result,CWS_DEL,s0102,26S_PU2,4,CWS_DEL.csv
tier_location_result,CWS_DEL,s0102,26S_PU4,4,CWS_DEL.csv
tier_location_result,CWS_DEL,s0102,26S_PU5,3,CWS_DEL.csv
tier_location_result,CWS_DEL,s0102,26S_PU6,4,CWS_DEL.csv
tier_location_result,CWS_DEL,s0102,50_PU,4,CWS_DEL.csv
tier_location_result,CWS_DEL,s0102,60N_NU1,4,CWS_DEL.csv
tier_location_result,CWS_DEL,s0102,60N_NU2,1,CWS_DEL.csv
tier_location_result,CWS_DEL,s0102,60S_NU1,2,CWS_DEL.csv
tier_location_result,CWS_DEL,s0102,61_NU2,4,CWS_DEL.csv
tier_location_result,CWS_DEL,s0102,62_NU,1,CWS_DEL.csv
tier_location_result,CWS_DEL,s0102,72_NU,1,CWS_DEL.csv
tier_location_result,CWS_DEL,s0102,72_PU,1,CWS_DEL.csv
tier_location_result,CWS_DEL,s0102,90_PU,4,CWS_DEL.csv
tier_location_result,CWS_DEL,s0102,ACFC,1,CWS_DEL.csv
tier_location_result,CWS_DEL,s0102,AMADR,4,CWS_DEL.csv
tier_location_result,CWS_DEL,s0102,AMCYN,1,CWS_DEL.csv
tier_location_result,CWS_DEL,s0102,ANTOC,1,CWS_DEL.csv
tier_location_result,CWS_DEL,s0102,BNCIA,1,CWS_DEL.csv
tier_location_result,CWS_DEL,s0102,CCWD,1,CWS_DEL.csv
tier_location_result,CWS_DEL,s0102,CSB038,4,CWS_DEL.csv
tier_location_result,CWS_DEL,s0102,CSB103,4,CWS_DEL.csv
tier_location_result,CWS_DEL,s0102,CSPSO,4,CWS_DEL.csv
tier_location_result,CWS_DEL,s0102,CSTIC,3,CWS_DEL.csv
tier_location_result,CWS_DEL,s0102,ELDID_NU1,1,CWS_DEL.csv
tier_location_result,CWS_DEL,s0102,ELDID_NU2,1,CWS_DEL.csv
tier_location_result,CWS_DEL,s0102,ELDID_NU3,1,CWS_DEL.csv
tier_location_result,CWS_DEL,s0102,ESB324,4,CWS_DEL.csv
tier_location_result,CWS_DEL,s0102,ESB347,4,CWS_DEL.csv
tier_location_result,CWS_DEL,s0102,ESB414,4,CWS_DEL.csv
tier_location_result,CWS_DEL,s0102,ESB415,4,CWS_DEL.csv
tier_location_result,CWS_DEL,s0102,ESB420,4,CWS_DEL.csv
tier_location_result,CWS_DEL,s0102,FRFLD,1,CWS_DEL.csv
tier_location_result,CWS_DEL,s0102,GDPUD_NU,2,CWS_DEL.csv
tier_location_result,CWS_DEL,s0102,GRSVL,3,CWS_DEL.csv
tier_location_result,CWS_DEL,s0102,JLIND,1,CWS_DEL.csv
tier_location_result,CWS_DEL,s0102,KCWA,4,CWS_DEL.csv
tier_location_result,CWS_DEL,s0102,MWD,1,CWS_DEL.csv
tier_location_result,CWS_DEL,s0102,NAPA,1,CWS_DEL.csv
tier_location_result,CWS_DEL,s0102,NAPA2,3,CWS_DEL.csv
tier_location_result,CWS_DEL,s0102,PCWA3,3,CWS_DEL.csv
tier_location_result,CWS_DEL,s0102,PLMAS,3,CWS_DEL.csv
tier_location_result,CWS_DEL,s0102,SBA029,4,CWS_DEL.csv
tier_location_result,CWS_DEL,s0102,SBA036,4,CWS_DEL.csv
tier_location_result,CWS_DEL,s0102,SCVWD,4,CWS_DEL.csv
tier_location_result,CWS_DEL,s0102,SUISN,4,CWS_DEL.csv
tier_location_result,CWS_DEL,s0102,SVWRD,4,CWS_DEL.csv
tier_location_result,CWS_DEL,s0102,TLMNE,1,CWS_DEL.csv
tier_location_result,CWS_DEL,s0102,TVAFB,2,CWS_DEL.csv
tier_location_result,CWS_DEL,s0102,UNION,1,CWS_DEL.csv
tier_location_result,CWS_DEL,s0102,UPANG,1,CWS_DEL.csv
tier_location_result,CWS_DEL,s0102,VLLJO,2,CWS_DEL.csv
tier_location_result,CWS_DEL,s0102,WLDWD,3,CWS_DEL.csv
tier_location_result,CWS_DEL,s0103,02_PU,3,CWS_DEL.csv
tier_location_result,CWS_DEL,s0103,02_SU,4,CWS_DEL.csv
tier_location_result,CWS_DEL,s0103,03_PU1,3,CWS_DEL.csv
tier_location_result,CWS_DEL,s0103,03_PU2,4,CWS_DEL.csv
tier_location_result,CWS_DEL,s0103,03_SU,4,CWS_DEL.csv
tier_location_result,CWS_DEL,s0103,11_NU1,3,CWS_DEL.csv
tier_location_result,CWS_DEL,s0103,12_NU1,3,CWS_DEL.csv
tier_location_result,CWS_DEL,s0103,13_NU1,1,CWS_DEL.csv
tier_location_result,CWS_DEL,s0103,16_PU,4,CWS_DEL.csv
tier_location_result,CWS_DEL,s0103,20_NU1,4,CWS_DEL.csv
tier_location_result,CWS_DEL,s0103,21_PU,3,CWS_DEL.csv
tier_location_result,CWS_DEL,s0103,24_NU1,4,CWS_DEL.csv
tier_location_result,CWS_DEL,s0103,24_NU2,2,CWS_DEL.csv
tier_location_result,CWS_DEL,s0103,24_NU3,3,CWS_DEL.csv
tier_location_result,CWS_DEL,s0103,25_PU,4,CWS_DEL.csv
tier_location_result,CWS_DEL,s0103,26N_NU1,4,CWS_DEL.csv
tier_location_result,CWS_DEL,s0103,26N_NU2,4,CWS_DEL.csv
tier_location_result,CWS_DEL,s0103,26N_NU3,4,CWS_DEL.csv
tier_location_result,CWS_DEL,s0103,26N_PU1,3,CWS_DEL.csv
tier_location_result,CWS_DEL,s0103,26N_PU2,1,CWS_DEL.csv
tier_location_result,CWS_DEL,s0103,26N_PU3,1,CWS_DEL.csv
tier_location_result,CWS_DEL,s0103,26S_NU1,3,CWS_DEL.csv
tier_location_result,CWS_DEL,s0103,26S_NU3,4,CWS_DEL.csv
tier_location_result,CWS_DEL,s0103,26S_PU1,3,CWS_DEL.csv
tier_location_result,CWS_DEL,s0103,26S_PU2,4,CWS_DEL.csv
tier_location_result,CWS_DEL,s0103,26S_PU4,4,CWS_DEL.csv
tier_location_result,CWS_DEL,s0103,26S_PU5,3,CWS_DEL.csv
tier_location_result,CWS_DEL,s0103,26S_PU6,4,CWS_DEL.csv
tier_location_result,CWS_DEL,s0103,50_PU,4,CWS_DEL.csv
tier_location_result,CWS_DEL,s0103,60N_NU1,4,CWS_DEL.csv
tier_location_result,CWS_DEL,s0103,60N_NU2,1,CWS_DEL.csv
tier_location_result,CWS_DEL,s0103,60S_NU1,2,CWS_DEL.csv
tier_location_result,CWS_DEL,s0103,61_NU2,4,CWS_DEL.csv
tier_location_result,CWS_DEL,s0103,62_NU,1,CWS_DEL.csv
tier_location_result,CWS_DEL,s0103,72_NU,1,CWS_DEL.csv
tier_location_result,CWS_DEL,s0103,72_PU,1,CWS_DEL.csv
tier_location_result,CWS_DEL,s0103,90_PU,4,CWS_DEL.csv
tier_location_result,CWS_DEL,s0103,ACFC,1,CWS_DEL.csv
tier_location_result,CWS_DEL,s0103,AMADR,4,CWS_DEL.csv
tier_location_result,CWS_DEL,s0103,AMCYN,1,CWS_DEL.csv
tier_location_result,CWS_DEL,s0103,ANTOC,1,CWS_DEL.csv
tier_location_result,CWS_DEL,s0103,BNCIA,1,CWS_DEL.csv
tier_location_result,CWS_DEL,s0103,CCWD,1,CWS_DEL.csv
tier_location_result,CWS_DEL,s0103,CSB038,4,CWS_DEL.csv
tier_location_result,CWS_DEL,s0103,CSB103,4,CWS_DEL.csv
tier_location_result,CWS_DEL,s0103,CSPSO,4,CWS_DEL.csv
tier_location_result,CWS_DEL,s0103,CSTIC,4,CWS_DEL.csv
tier_location_result,CWS_DEL,s0103,ELDID_NU1,1,CWS_DEL.csv
tier_location_result,CWS_DEL,s0103,ELDID_NU2,1,CWS_DEL.csv
tier_location_result,CWS_DEL,s0103,ELDID_NU3,1,CWS_DEL.csv
tier_location_result,CWS_DEL,s0103,ESB324,4,CWS_DEL.csv
tier_location_result,CWS_DEL,s0103,ESB347,4,CWS_DEL.csv
tier_location_result,CWS_DEL,s0103,ESB414,4,CWS_DEL.csv
tier_location_result,CWS_DEL,s0103,ESB415,4,CWS_DEL.csv
tier_location_result,CWS_DEL,s0103,ESB420,4,CWS_DEL.csv
tier_location_result,CWS_DEL,s0103,FRFLD,1,CWS_DEL.csv
tier_location_result,CWS_DEL,s0103,GDPUD_NU,2,CWS_DEL.csv
tier_location_result,CWS_DEL,s0103,GRSVL,3,CWS_DEL.csv
tier_location_result,CWS_DEL,s0103,JLIND,1,CWS_DEL.csv
tier_location_result,CWS_DEL,s0103,KCWA,4,CWS_DEL.csv
tier_location_result,CWS_DEL,s0103,MWD,1,CWS_DEL.csv
tier_location_result,CWS_DEL,s0103,NAPA,1,CWS_DEL.csv
tier_location_result,CWS_DEL,s0103,NAPA2,3,CWS_DEL.csv
tier_location_result,CWS_DEL,s0103,PCWA3,3,CWS_DEL.csv
tier_location_result,CWS_DEL,s0103,PLMAS,3,CWS_DEL.csv
tier_location_result,CWS_DEL,s0103,SBA029,4,CWS_DEL.csv
tier_location_result,CWS_DEL,s0103,SBA036,4,CWS_DEL.csv
tier_location_result,CWS_DEL,s0103,SCVWD,4,CWS_DEL.csv
tier_location_result,CWS_DEL,s0103,SUISN,4,CWS_DEL.csv
tier_location_result,CWS_DEL,s0103,SVWRD,4,CWS_DEL.csv
tier_location_result,CWS_DEL,s0103,TLMNE,1,CWS_DEL.csv
tier_location_result,CWS_DEL,s0103,TVAFB,1,CWS_DEL.csv
tier_location_result,CWS_DEL,s0103,UNION,1,CWS_DEL.csv
tier_location_result,CWS_DEL,s0103,UPANG,1,CWS_DEL.csv
tier_location_result,CWS_DEL,s0103,VLLJO,3,CWS_DEL.csv
tier_location_result,CWS_DEL,s0103,WLDWD,3,CWS_DEL.csv
tier_location_result,CWS_DEL,s0104,02_PU,4,CWS_DEL.csv
tier_location_result,CWS_DEL,s0104,02_SU,4,CWS_DEL.csv
tier_location_result,CWS_DEL,s0104,03_PU1,3,CWS_DEL.csv
tier_location_result,CWS_DEL,s0104,03_PU2,4,CWS_DEL.csv
tier_location_result,CWS_DEL,s0104,03_SU,4,CWS_DEL.csv
tier_location_result,CWS_DEL,s0104,11_NU1,3,CWS_DEL.csv
tier_location_result,CWS_DEL,s0104,12_NU1,3,CWS_DEL.csv
tier_location_result,CWS_DEL,s0104,13_NU1,1,CWS_DEL.csv
tier_location_result,CWS_DEL,s0104,16_PU,4,CWS_DEL.csv
tier_location_result,CWS_DEL,s0104,20_NU1,4,CWS_DEL.csv
tier_location_result,CWS_DEL,s0104,21_PU,1,CWS_DEL.csv
tier_location_result,CWS_DEL,s0104,24_NU1,4,CWS_DEL.csv
tier_location_result,CWS_DEL,s0104,24_NU2,2,CWS_DEL.csv
tier_location_result,CWS_DEL,s0104,24_NU3,3,CWS_DEL.csv
tier_location_result,CWS_DEL,s0104,25_PU,4,CWS_DEL.csv
tier_location_result,CWS_DEL,s0104,26N_NU1,4,CWS_DEL.csv
tier_location_result,CWS_DEL,s0104,26N_NU2,4,CWS_DEL.csv
tier_location_result,CWS_DEL,s0104,26N_NU3,4,CWS_DEL.csv
tier_location_result,CWS_DEL,s0104,26N_PU1,4,CWS_DEL.csv
tier_location_result,CWS_DEL,s0104,26N_PU2,1,CWS_DEL.csv
tier_location_result,CWS_DEL,s0104,26N_PU3,2,CWS_DEL.csv
tier_location_result,CWS_DEL,s0104,26S_NU1,2,CWS_DEL.csv
tier_location_result,CWS_DEL,s0104,26S_NU3,4,CWS_DEL.csv
tier_location_result,CWS_DEL,s0104,26S_PU1,4,CWS_DEL.csv
tier_location_result,CWS_DEL,s0104,26S_PU2,4,CWS_DEL.csv
tier_location_result,CWS_DEL,s0104,26S_PU4,4,CWS_DEL.csv
tier_location_result,CWS_DEL,s0104,26S_PU5,1,CWS_DEL.csv
tier_location_result,CWS_DEL,s0104,26S_PU6,4,CWS_DEL.csv
tier_location_result,CWS_DEL,s0104,50_PU,4,CWS_DEL.csv
tier_location_result,CWS_DEL,s0104,60N_NU1,4,CWS_DEL.csv
tier_location_result,CWS_DEL,s0104,60N_NU2,1,CWS_DEL.csv
tier_location_result,CWS_DEL,s0104,60S_NU1,2,CWS_DEL.csv
tier_location_result,CWS_DEL,s0104,61_NU2,4,CWS_DEL.csv
tier_location_result,CWS_DEL,s0104,62_NU,1,CWS_DEL.csv
tier_location_result,CWS_DEL,s0104,71_NU,1,CWS_DEL.csv
tier_location_result,CWS_DEL,s0104,72_NU,1,CWS_DEL.csv
tier_location_result,CWS_DEL,s0104,72_PU,1,CWS_DEL.csv
tier_location_result,CWS_DEL,s0104,90_PU,4,CWS_DEL.csv
tier_location_result,CWS_DEL,s0104,ACFC,1,CWS_DEL.csv
tier_location_result,CWS_DEL,s0104,AMADR,4,CWS_DEL.csv
tier_location_result,CWS_DEL,s0104,AMCYN,1,CWS_DEL.csv
tier_location_result,CWS_DEL,s0104,ANTOC,1,CWS_DEL.csv
tier_location_result,CWS_DEL,s0104,BNCIA,1,CWS_DEL.csv
tier_location_result,CWS_DEL,s0104,CCWD,1,CWS_DEL.csv
tier_location_result,CWS_DEL,s0104,CSB038,4,CWS_DEL.csv
tier_location_result,CWS_DEL,s0104,CSB103,4,CWS_DEL.csv
tier_location_result,CWS_DEL,s0104,CSPSO,4,CWS_DEL.csv
tier_location_result,CWS_DEL,s0104,CSTIC,3,CWS_DEL.csv
tier_location_result,CWS_DEL,s0104,ELDID_NU1,1,CWS_DEL.csv
tier_location_result,CWS_DEL,s0104,ELDID_NU2,1,CWS_DEL.csv
tier_location_result,CWS_DEL,s0104,ELDID_NU3,2,CWS_DEL.csv
tier_location_result,CWS_DEL,s0104,ESB324,4,CWS_DEL.csv
tier_location_result,CWS_DEL,s0104,ESB347,4,CWS_DEL.csv
tier_location_result,CWS_DEL,s0104,ESB414,4,CWS_DEL.csv
tier_location_result,CWS_DEL,s0104,ESB415,4,CWS_DEL.csv
tier_location_result,CWS_DEL,s0104,ESB420,4,CWS_DEL.csv
tier_location_result,CWS_DEL,s0104,FRFLD,1,CWS_DEL.csv
tier_location_result,CWS_DEL,s0104,GDPUD_NU,2,CWS_DEL.csv
tier_location_result,CWS_DEL,s0104,GRSVL,3,CWS_DEL.csv
tier_location_result,CWS_DEL,s0104,JLIND,1,CWS_DEL.csv
tier_location_result,CWS_DEL,s0104,KCWA,4,CWS_DEL.csv
tier_location_result,CWS_DEL,s0104,MWD,1,CWS_DEL.csv
tier_location_result,CWS_DEL,s0104,NAPA,1,CWS_DEL.csv
tier_location_result,CWS_DEL,s0104,NAPA2,3,CWS_DEL.csv
tier_location_result,CWS_DEL,s0104,PCWA3,3,CWS_DEL.csv
tier_location_result,CWS_DEL,s0104,PLMAS,3,CWS_DEL.csv
tier_location_result,CWS_DEL,s0104,SBA029,4,CWS_DEL.csv
tier_location_result,CWS_DEL,s0104,SBA036,4,CWS_DEL.csv
tier_location_result,CWS_DEL,s0104,SCVWD,4,CWS_DEL.csv
tier_location_result,CWS_DEL,s0104,SUISN,4,CWS_DEL.csv
tier_location_result,CWS_DEL,s0104,SVWRD,4,CWS_DEL.csv
tier_location_result,CWS_DEL,s0104,TLMNE,1,CWS_DEL.csv
tier_location_result,CWS_DEL,s0104,TVAFB,1,CWS_DEL.csv
tier_location_result,CWS_DEL,s0104,UNION,1,CWS_DEL.csv
tier_location_result,CWS_DEL,s0104,UPANG,1,CWS_DEL.csv
tier_location_result,CWS_DEL,s0104,VLLJO,2,CWS_DEL.csv
tier_location_result,CWS_DEL,s0104,WLDWD,3,CWS_DEL.csv
tier_location_result,CWS_DEL,s0105,02_PU,3,CWS_DEL.csv
tier_location_result,CWS_DEL,s0105,02_SU,4,CWS_DEL.csv
tier_location_result,CWS_DEL,s0105,03_PU1,3,CWS_DEL.csv
tier_location_result,CWS_DEL,s0105,03_PU2,4,CWS_DEL.csv
tier_location_result,CWS_DEL,s0105,03_SU,4,CWS_DEL.csv
tier_location_result,CWS_DEL,s0105,11_NU1,3,CWS_DEL.csv
tier_location_result,CWS_DEL,s0105,12_NU1,3,CWS_DEL.csv
tier_location_result,CWS_DEL,s0105,13_NU1,3,CWS_DEL.csv
tier_location_result,CWS_DEL,s0105,16_PU,4,CWS_DEL.csv
tier_location_result,CWS_DEL,s0105,20_NU1,4,CWS_DEL.csv
tier_location_result,CWS_DEL,s0105,21_PU,3,CWS_DEL.csv
tier_location_result,CWS_DEL,s0105,24_NU1,4,CWS_DEL.csv
tier_location_result,CWS_DEL,s0105,24_NU2,2,CWS_DEL.csv
tier_location_result,CWS_DEL,s0105,24_NU3,3,CWS_DEL.csv
tier_location_result,CWS_DEL,s0105,25_PU,4,CWS_DEL.csv
tier_location_result,CWS_DEL,s0105,26N_NU1,4,CWS_DEL.csv
tier_location_result,CWS_DEL,s0105,26N_NU2,4,CWS_DEL.csv
tier_location_result,CWS_DEL,s0105,26N_NU3,3,CWS_DEL.csv
tier_location_result,CWS_DEL,s0105,26N_PU1,3,CWS_DEL.csv
tier_location_result,CWS_DEL,s0105,26N_PU2,3,CWS_DEL.csv
tier_location_result,CWS_DEL,s0105,26N_PU3,3,CWS_DEL.csv
tier_location_result,CWS_DEL,s0105,26S_NU1,3,CWS_DEL.csv
tier_location_result,CWS_DEL,s0105,26S_NU3,3,CWS_DEL.csv
tier_location_result,CWS_DEL,s0105,26S_PU1,3,CWS_DEL.csv
tier_location_result,CWS_DEL,s0105,26S_PU2,4,CWS_DEL.csv
tier_location_result,CWS_DEL,s0105,26S_PU4,3,CWS_DEL.csv
tier_location_result,CWS_DEL,s0105,26S_PU5,3,CWS_DEL.csv
tier_location_result,CWS_DEL,s0105,26S_PU6,4,CWS_DEL.csv
tier_location_result,CWS_DEL,s0105,50_PU,4,CWS_DEL.csv
tier_location_result,CWS_DEL,s0105,60N_NU1,4,CWS_DEL.csv
tier_location_result,CWS_DEL,s0105,60N_NU2,1,CWS_DEL.csv
tier_location_result,CWS_DEL,s0105,60S_NU1,2,CWS_DEL.csv
tier_location_result,CWS_DEL,s0105,61_NU2,4,CWS_DEL.csv
tier_location_result,CWS_DEL,s0105,62_NU,1,CWS_DEL.csv
tier_location_result,CWS_DEL,s0105,71_NU,1,CWS_DEL.csv
tier_location_result,CWS_DEL,s0105,72_NU,1,CWS_DEL.csv
tier_location_result,CWS_DEL,s0105,72_PU,1,CWS_DEL.csv
tier_location_result,CWS_DEL,s0105,90_PU,4,CWS_DEL.csv
tier_location_result,CWS_DEL,s0105,ACFC,1,CWS_DEL.csv
tier_location_result,CWS_DEL,s0105,AMADR,4,CWS_DEL.csv
tier_location_result,CWS_DEL,s0105,AMCYN,1,CWS_DEL.csv
tier_location_result,CWS_DEL,s0105,ANTOC,1,CWS_DEL.csv
tier_location_result,CWS_DEL,s0105,BNCIA,1,CWS_DEL.csv
tier_location_result,CWS_DEL,s0105,CCWD,1,CWS_DEL.csv
tier_location_result,CWS_DEL,s0105,CSB038,4,CWS_DEL.csv
tier_location_result,CWS_DEL,s0105,CSB103,4,CWS_DEL.csv
tier_location_result,CWS_DEL,s0105,CSPSO,4,CWS_DEL.csv
tier_location_result,CWS_DEL,s0105,CSTIC,4,CWS_DEL.csv
tier_location_result,CWS_DEL,s0105,ELDID_NA1,4,CWS_DEL.csv
tier_location_result,CWS_DEL,s0105,ELDID_NU1,1,CWS_DEL.csv
tier_location_result,CWS_DEL,s0105,ELDID_NU2,2,CWS_DEL.csv
tier_location_result,CWS_DEL,s0105,ELDID_NU3,3,CWS_DEL.csv
tier_location_result,CWS_DEL,s0105,ESB324,4,CWS_DEL.csv
tier_location_result,CWS_DEL,s0105,ESB347,4,CWS_DEL.csv
tier_location_result,CWS_DEL,s0105,ESB414,4,CWS_DEL.csv
tier_location_result,CWS_DEL,s0105,ESB415,4,CWS_DEL.csv
tier_location_result,CWS_DEL,s0105,ESB420,4,CWS_DEL.csv
tier_location_result,CWS_DEL,s0105,FRFLD,1,CWS_DEL.csv
tier_location_result,CWS_DEL,s0105,GDPUD_NU,2,CWS_DEL.csv
tier_location_result,CWS_DEL,s0105,GRSVL,3,CWS_DEL.csv
tier_location_result,CWS_DEL,s0105,JLIND,1,CWS_DEL.csv
tier_location_result,CWS_DEL,s0105,MWD,1,CWS_DEL.csv
tier_location_result,CWS_DEL,s0105,NAPA,1,CWS_DEL.csv
tier_location_result,CWS_DEL,s0105,NAPA2,3,CWS_DEL.csv
tier_location_result,CWS_DEL,s0105,PCWA3,3,CWS_DEL.csv
tier_location_result,CWS_DEL,s0105,PLMAS,3,CWS_DEL.csv
tier_location_result,CWS_DEL,s0105,SBA029,4,CWS_DEL.csv
tier_location_result,CWS_DEL,s0105,SBA036,4,CWS_DEL.csv
tier_location_result,CWS_DEL,s0105,SCVWD,4,CWS_DEL.csv
tier_location_result,CWS_DEL,s0105,SUISN,4,CWS_DEL.csv
tier_location_result,CWS_DEL,s0105,SVWRD,4,CWS_DEL.csv
tier_location_result,CWS_DEL,s0105,TLMNE,1,CWS_DEL.csv
tier_location_result,CWS_DEL,s0105,TVAFB,1,CWS_DEL.csv
tier_location_result,CWS_DEL,s0105,UNION,1,CWS_DEL.csv
tier_location_result,CWS_DEL,s0105,UPANG,1,CWS_DEL.csv
tier_location_result,CWS_DEL,s0105,VLLJO,3,CWS_DEL.csv
tier_location_result,CWS_DEL,s0105,WLDWD,3,CWS_DEL.csv
