WKT,CalSim_ID,Riv_Mi,Riv_Name,Comment,C2VSIM_GW,C2VSIM_SW,Type,Sub_Type,Nrest_Gage,Strm_Code,RM_II,HR
"POINT (-121.49288272133 38.6080381049684)",EMD001,1.24,Natomas East Main Drainage Canal,Conceptual inflow from RFS22,,,CH,CNL,,EMD,"1",SAC
"POINT (-122.116209879681 40.0828586992139)",SAC232,231.83,Sacramento River,Antelope Creek Confluence,"079","232",CH,STM,,SAC,"232",SAC
"POINT (-122.118061748561 40.0366012459284)",SAC228,228.02,Sacramento River,Elder Creek/Mill Creek Confluences (Elder Creek actually 0.5mi upstream)??,"086","236",CH,STM,,SAC,"228",SAC
"POINT (-122.095303346297 39.9907813585548)",SAC224,224,Sacramento River,Thomes Creek Confluence,"094","247",CH,STM,,SAC,"224",SAC
"POINT (-122.085127320657 39.9215205033056)",SAC218,218.23,Sacramento River,Deer Creek Confluence,"099","255",CH,STM,,SAC,"218",SAC
"POINT (-122.062843296628 39.8748231938971)",SAC214,214,Sacramento River,C2VSIM Node,"105","260",CH,STM,,SAC,"214",SAC
"POINT (-122.052568143912 39.8023852509814)",SAC207,206.55,Sacramento River,Glenn-Colusa Canal Diversion,"113","261",CH,STM,,SAC,"207",SAC
"POINT (-121.942632603754 39.6965644292454)",SAC196,195.71,Sacramento River,Big Chico Creek Confluence,"129","262",CH,STM,,SAC,"196",SAC
"POINT (-121.974536866373 39.6757787324338)",SAC193,192.56,Sacramento River,Stoney Creek Confluence,"140","274",CH,STM,,SAC,"193",SAC
"POINT (-121.992080992998 39.628938661153)",SAC185,185.36,Sacramento River,Closure Term (Ord Ferry) C2VSIM Node (Ord Ferry actually 0.5mi upstream) near USGS Gage - 11388700,,,CH,SG,11388700 / DWR A0-2570 (ORD),SAC,"185",SAC
"POINT (-121.999124612268 39.5965591120091)",SAC182,182,Sacramento River,C2VSIM Node,"155","276",CH,STM,,SAC,"182",SAC
"POINT (-122.002016930546 39.5539353086115)",SAC178,178,Sacramento River,C2VSIM Node. Sidds Landing Pump Station.,"171","277",CH,STM,,SAC,"178",SAC
"POINT (-121.994052925022 39.5083918257702)",SAC174,174,Sacramento River,C2VSIM Node,"186","278",CH,STM,,SAC,"174",SAC
"POINT (-121.996831601391 39.4404414193437)",SAC168,168,Sacramento River,C2VSIM Node (Should probably be located at real RM159.5 [Maxwell Pump Station])??,"202","279",CH,STM,,SAC,"168",SAC
"POINT (-122.01105479363 39.3698619797046)",SAC162,162,Sacramento River,C2VSIM Node,"221","280",CH,STM,,SAC,"162",SAC
"POINT (-122.030081136515 39.3399545533528)",SAC159,159.34,Sacramento River,Maxwell Pump Station - Diversion to 8NS. SACTO R AT MOULTON WEIR (CREST 76.8')',,,CH,SG,11389350 / DWR A0-2986 (MLW),SAC,"159",SAC
"POINT (-122.014603801811 39.2886594913749)",SAC154,154,Sacramento River,C2VSIM Node,"240","281",CH,STM,,SAC,"154",SAC
"POINT (-121.937387278281 39.1938708156423)",SAC141,140.63,Sacramento River,Butte Creek Confluence,"262","294",CH,STM,,SAC,"141",SAC
"POINT (-121.935511657673 39.1308394291463)",SAC134,134,Sacramento River,C2VSIM Node,"269","295",CH,STM,,SAC,"134",SAC
"POINT (-121.891681384946 39.0829003056676)",SAC129,129,Sacramento River,C2VSIM Node,"277","296",CH,STM,,SAC,"129",SAC
"POINT (-121.998302746115 39.2321213616247)",SAC148,148,Sacramento River,Colusa Weir. Colusa Weir Spill to Butte Basin near Colusa.,"254","282",CH,SG,11389470 / DWR A0-2981,SAC,"148",SAC
"POINT (-121.822414974841 39.0239923617066)",SAC122,121.76,Sacramento River,Tisdale Weir,"291","297",CH,STM,,SAC,"122",SAC
"POINT (-121.826503802137 39.0124579834957)",SAC121,120.87,Sacramento River,Diversion to RD108 at Wilkins Slough,,,CH,STM,"11390500",SAC,"121",SAC
"POINT (-121.832183561285 38.9602016175127)",SAC115,114.72,Sacramento River,C2VSIM Node (Pelger Pump Station),"303","298",CH,STM,,SAC,"115",SAC
"POINT (-121.805527183036 38.8935718072021)",SAC106,106,Sacramento River,C2VSIM Node,"315","299",CH,STM,,SAC,"106",SAC
"POINT (-121.727927118583 38.8529855577311)",SAC097,97,Sacramento River,C2VSIM Node (State Ranch Bend  Pump Station??),"327","300",CH,STM,,SAC,"97",SAC
"POINT (-121.715008369431 38.8023698689312)",SAC092,92.45,Sacramento River,Gage on Sacramento River at Knights Landing.,"339","301",CH,SG,11391000 / DWR (KNL),SAC,"92",SAC
"POINT (-121.651342971234 38.7644945180865)",SAC085,85.49,Sacramento River,Closure Term (Knights Landing [actullay several miles upstream]) Sutter Bypass Return and Yolo Bypass begin (Fremont Weir),"349","331",CH,STM,,SAC,"85",SAC
"POINT (-121.621761444832 38.784869143643)",SAC083,82.67,Sacramento River,Feather River Confluence. Schematic indicates spill from here to YBP050 C2VSIM Node.,"350","332",CH,STM,,SAC,"83",SAC
"POINT (-121.605164076665 38.7795450486475)",SAC082,81.69,Sacramento River,Cross Canal (includes Auburn Ravine) confluence,"351","368",CH,STM,,SAC,"82",SAC
"POINT (-121.599073558659 38.7735104026027)",SAC081,81.16,Sacramento River,C2VSIM Node. Sacramento River at Verona. USGS11425500/DWRA02150,"363","369",CH,SG,"11425500",SAC,"81",SAC
"POINT (-121.607298825016 38.7164385163857)",SAC077,77,Sacramento River,SRWRS diversion (Future),,,CH,STM,,SAC,"77",SAC
"POINT (-121.604302478143 38.7305658531)",SAC078,78,Sacramento River,Natomas Central MWC diversion point (Pritchard Lake Pump Station),"362","370",CH,STM,,SAC,"78",SAC
"POINT (-121.629845113154 38.6766490852198)",SAC074,73.63,Sacramento River,RD2035 Diversion/Pump Station,,,CH,STM,,SAC,"74",SAC
"POINT (-121.555463476641 38.6047409104687)",SAC066,66,Sacramento River,Sacramento Weir spill to Yolo Bypass. USGS11426000/DWRA02903,"372","372",CH,SG,"11426000",SAC,"66",SAC
"POINT (-121.50875277147 38.5971130042876)",SAC063,62.9,Sacramento River,American River confluence,"373","373",CH,STM,,SAC,"63",SAC
"POINT (-121.507074426313 38.5916735740306)",SAC062,62.51,Sacramento River,Sacramento WTP diversion,,,CH,STM,,SAC,"62",SAC
"POINT (-121.528789893363 38.5255691228497)",SAC057,57,Sacramento River,C2VSIM Node,"416","382",CH,STM,,SAC,"57",SAC
"POINT (-121.552233994697 38.4883857143412)",SAC053,53,Sacramento River,C2VSIM Node,"435","383",CH,STM,,SAC,"53",SAC
"POINT (-121.501714508218 38.4434531570368)",SAC048,48,Sacramento River,C2VSIM Node.,"451","384",CH,STM,,SAC,"48",SAC
"POINT (-121.086898021453 38.7232543663534)",WTPEDH,,,El Dorado Hills Water Treatment Plant,,,WTP,NA,,,,SAC
"POINT (-121.060110371758 38.6832549654432)",ELDID,,,El Dorado ID (Off-Model Node),,,OM,OMD,,,,SAC
"POINT (-121.059431903482 38.6372214091378)",EDWWTP,,,El Dorado Hills Wastewater Treatment Facility,,,WWTP,NA,,,,SAC
"POINT (-121.456997556927 38.6469038993999)",26N_NU3,,,City of Sacramento north of American River,,,PR,U,,,,SAC
"POINT (-121.239761450365 39.0222080157125)",BRR023,23.22,Bear River,Garden Bar Proposed Damsite,,,CH,STM,,BRR,"23",SAC
"POINT (-121.174441766308 39.018861951341)",BRR028,28,Bear River,Conceptual CalSimII node representation,,,CH,STM,,BRR,"28",SAC
"POINT (-121.521252752538 38.3674143657276)",SAC041,41,Sacramento River,"C2VSIM Node at Hood. DWR 'SRD"" gage at Hood.  USGS11447810 at MP38.8","463","385",CH,SG,"11447810",SAC,"41",SAC
"POINT (-121.577526044834 38.3178902817963)",SAC036,36,Sacramento River,C2VSIM Node,"475","386",CH,STM,,SAC,"36",SAC
"POINT (-121.510648297646 38.2470594438121)",SAC030,29.72,Sacramento River,Delta Cross Channel diversion,"476","387",CH,STM,,SAC,"30",SAC
"POINT (-121.586887169932 38.181650689512)",SAC022,22,Sacramento River,C2VSIM Node,"493","388",CH,STM,,SAC,"22",SAC
"POINT (-121.667472149724 38.1757504709747)",SAC017,16.75,Sacramento River,Yolo Bypass/Lindsey-Barker Slough confluence??,"492","389",CH,STM,,SAC,"17",SAC
"POINT (-121.775110561943 38.0706825560986)",SAC007,7,Sacramento River,C2VSIM Node,"526","415",CH,STM,,SAC,"7",SAC
"POINT (-121.842841474755 38.0663729682608)",SAC003,3,Sacramento River,C2VSIM Node,"525","416",CH,STM,,SAC,"3",SAC
"POINT (-121.890585593529 38.0459754637337)",SAC000,0,San Joaquin River,Sacramento/San Joaquin confluence??,"531","204",CH,STM,,SAC,"0",SAC
"POINT (-121.552334011987 37.8295805795633)",OMR027,27.26,Old/Middle Rivers,Conceptual common diversion for Banks and Jones (formerly Tracy) Pumping Stations,,,CH,STM,,OMR,"27",SAC
"POINT (-121.593925321992 37.8376506898927)",CAA000,0,California Aqueduct,Clifton Court Forebay,,,CH,CNL,,CAA,"0",SAC
"POINT (-121.585366536309 37.7966736163118)",DMC003,2.52,Delta-Mendota Canal,"C2VSIM node. C.W. ""Bill"" Jones (formerly Tracy) Pumping Plant","590",,CH,CNL,,DMC,"3",SJR
"POINT (-122.501470699525 40.5014059412439)",CLR009,9,Clear Creek,Return from 2_PA,,,CH,STM,,CLR,"9",SAC
"POINT (-121.949130591741 38.2837577515709)",WTPTAB,,,Travis AFB Water Treatment Plant,,,WTP,NA,,,,SAC
"POINT (-121.948440074103 38.2579275139284)",TVAFB,,,Travis Air Force Base,,,OM,OMD,,,,SAC
"POINT (-122.047032545788 38.2717457740705)",FRFLD,,,City of Fairfield,,,OM,OMD,,,,SAC
"POINT (-122.018533746844 38.2802247914972)",SUISN,,,Suisun City,,,OM,OMD,,,,SAC
"POINT (-122.286312521463 38.2705426941832)",NAPA,,,"Napa, Yountville, Calistoga",,,OM,OMD,,,,SAC
"POINT (-122.256622021528 38.1826414191945)",AMCYN,,,City of American Canyon,,,OM,OMD,,,,SAC
"POINT (-122.240982535574 38.1152367408041)",VLLJO,,,City of Vallejo,,,OM,OMD,,,,SAC
"POINT (-122.525012458262 40.5124621720832)",CLR011,10.61,Clear Creek,Near USGS Gage - 11372000,,,CH,SG,"11372000",CLR,"11",SAC
"POINT (-122.539710143206 40.5996758184056)",WKYTN,18,Clear Creek,Whiskeytown Dam,,,STR,SIM,,,,SAC
"POINT (-122.233030978574 40.5033060817407)",COW003,3,Cow Creek,C2VSIM Node near USGS Gage - 11374000,"017","213",CH,SG,"11374000",COW,"3",SAC
"POINT (-122.231260588078 40.5554280062246)",COW007,7.48,Cow Creek,Confluence of Cow Creek and Little Cow Creek downstream of Little Cow Creek USGS Gage - 11373500,"011","212",CH,STM,"11373500",COW,"7",SAC
"POINT (-122.146041502604 40.5430043315197)",COW014,14,Cow Creek,C2VSIM Node downstream of USGS Gage - 11372200,"012","211",CH,STM,"11372200",COW,"14",SAC
"POINT (-122.258537646668 40.3787344140679)",CWD004,4,Cottonwood Creek,C2VSIM Node downstream of USGS Gage - 11375970,"036","218",CH,STM,,CWD,"4",SAC
"POINT (-122.327858605365 40.3728564548166)",CWD009,8.5,Cottonwood Creek,Confluence South Fork Cottonwood Creek downstream of USGS Gage - 11375815,,,CH,STM,"11375815",CWD,"9",SAC
"POINT (-122.186585916633 40.2635354438835)",PYN001,0.45,Paynes Creek,C2VSIM Node near USGS Gage - 11377500,"046","225",CH,SG,"11377500",PYN,"1",SAC
"POINT (-122.133339961667 40.194981486645)",ANT010,10,Antelope Creek,C2VSIM Node near USGS Gage - 11379000. About 0.5mi upstream of diversion dam,"073","233",CH,STM,"11379000",ANT,"10",SAC
"POINT (-122.054429762789 40.0519053963886)",MLC004,4,Mill Creek,C2VSIM Node,"087","244",CH,STM,,MLC,"4",SAC
"POINT (-122.024175150043 40.0546791599124)",MLC006,5.68,Mill Creek,C2VSIM Node above USGS Gage - 11381500,"088","243",CH,SG,"11381500",MLC,"6",SAC
"POINT (-122.185216418239 40.0510495344975)",ELD005,5,Elder Creek,C2VSIM Node,"085","241",CH,STM,,ELD,"5",SAC
"POINT (-122.290900598942 40.0316809826158)",ELD012,12,Elder Creek,C2VSIM Node near USGS Gage - 11380000,"084","240",CH,STM,"11380000",ELD,"12",SAC
"POINT (-121.11010220383 38.5513172729983)",DEE023,22.92,Deer Creek (South),,,,CH,SG,"11335700",DEE,"23",SJR
"POINT (-122.25217385285 40.4163643820677)",02_SA,,,,,,S,A,,,,SAC
"POINT (-122.4188212638 40.7181896725562)",SHSTA,309.52,Sacramento River,Shasta Dam. Also represents historic flows from Sacramento River at Kennett. USGS11369500/DWRA2160,,,STR,SIM,"11369500",,,SAC
"POINT (-122.446102831619 40.6120114707312)",KSWCK,299.39,Sacramento River,Keswick Dam,,,STR,SIM,,,,SAC
"POINT (-122.394336550936 40.5924251355763)",SAC296,295.77,Sacramento River,ACID Diversion Dam,"001","205",CH,STM,,SAC,"296",SAC
"POINT (-122.36990328022 40.5921420404166)",SAC294,293.54,Sacramento River,BVWD Wintu Pump Station,"005","206",CH,STM,,SAC,"294",SAC
"POINT (-122.365126124773 40.5055001621677)",SAC287,286.55,Sacramento River,Clear Creek Confluence,"015","208",CH,STM,,SAC,"287",SAC
"POINT (-122.288036348362 40.4703171592546)",SAC281,281,Sacramento River,C2VSIM Node,"022","209",CH,STM,,SAC,"281",SAC
"POINT (-122.230868146631 40.4634401390916)",SAC277,277.39,Sacramento River,Cow Creek Confluence,"023","210",CH,STM,,SAC,"277",SAC
"POINT (-122.203871880561 40.4352110633623)",SAC275,274.88,Sacramento River,Bear Creek Confluence,"029","216",CH,STM,,SAC,"275",SAC
"POINT (-122.176067599642 40.3546854483798)",SAC269,268.54,Sacramento River,Cottonwood Creek/Battle Creek Confluences (Cottonwood actually 2mi upstream)??,"037","217",CH,STM,,SAC,"269",SAC
"POINT (-122.207731071799 40.3218207650485)",SAC265,265,Sacramento River,C2VSIM Node,"045","223",CH,STM,,SAC,"265",SAC
"POINT (-122.161780149703 40.3017312462748)",SAC259,259,Sacramento River,C2VSIM Node,"056","224",CH,STM,,SAC,"259",SAC
"POINT (-122.187205975185 40.2590864896053)",SAC250,249.87,Sacramento River,Paynes Creek Confluence,"067","229",CH,STM,,SAC,"250",SAC
"POINT (-122.182257852836 40.2319971009585)",SAC247,247.25,Sacramento River,C2VSIM Node,"068","230",CH,SG,"11378000",SAC,"247",SAC
"POINT (-122.203107268139 40.1533250020896)",SAC240,240,Sacramento River,Red Bluff Diversion Dam to TCC and CCL near USGS Gage - 11378930,"072","231",CH,STM,"11378930",SAC,"240",SAC
"POINT (-122.396011463375 40.6403939255806)",03_PU3,,,"City of Redding ""Buckeye""",,,PR,U,,,,SAC
"POINT (-122.155577549023 40.481228207975)",BCN005,5,Bear Creek,,,,CH,STM,,BCN,"5",SAC
"POINT (-122.239227064288 40.3867928768809)",CWD003,2.72,Cottonwood Creek,,,,CH,SG,"11376000",CWD,"3",SAC
"POINT (-122.37303613256 40.018265724261)",ELD017,17,Elder Creek,C2VSIM Node,"083","239",CH,STM,,ELD,"17",SAC
"POINT (-122.441536454123 40.0190600327703)",ELD022,22,Elder Creek,C2VSIM Node,"082","238",CH,STM,,ELD,"22",SAC
"POINT (-122.510461309582 40.0246447065807)",ELD027,26.69,Elder Creek,Elder Creek Nr Pakenta,"081","237",CH,SG,"11379500",ELD,"27",SAC
"POINT (-122.178204697842 39.9784573980231)",THM005,5,Thomes Creek,C2VSIM/CalSIM2 Node near USGS Gage - 11382100,"093","252",CH,STM,"11382100",THM,"5",SAC
"POINT (-122.28788783764 39.9676812685153)",THM012,12,Thomes Creek,C2VSIM Node,"092","251",CH,STM,,THM,"12",SAC
"POINT (-122.366344715221 39.9497026852993)",THM017,17,Thomes Creek,C2VSIM Node,"091","250",CH,STM,,THM,"17",SAC
"POINT (-122.424301691039 39.9213543870827)",THM021,21,Thomes Creek,C2VSIM Node,"101","249",CH,STM,,THM,"21",SAC
"POINT (-122.527682561025 39.8871899048149)",THM028,27.8,Thomes Creek,Thomes Creek at Pakenta,,,CH,SG,"11382000",THM,"28",SAC
"POINT (-121.945937657258 40.0136634493735)",DRC012,12,Deer Creek,Deer Creek near Vina,,,CH,SG,"11383500",DRC,"12",SAC
"POINT (-121.893655769104 39.7246036443292)",BCC004,4,Big Chico Creek,C2VSIM Node,"130","271",CH,STM,,BCC,"4",SAC
"POINT (-121.861001864266 39.7270627541166)",BCC006,6,Big Chico Creek,C2VSIM Node near USGS Gage - 11384200,"131","270",CH,STM,"11384200",BCC,"6",SAC
"POINT (-121.778932724753 39.7671688028151)",BCC012,12,Big Chico Creek,C2VSIM Node near USGS Gage - 11384004,"132","269",CH,SG,11384004 / DWR A0-4250 (BIC),BCC,"12",SAC
"POINT (-122.007809202212 39.710925993932)",STN004,3.69,Stony Creek,Glenn-Colusa Canal crossing C2VSIM Node,"128","267",CH,STM,,STN,"4",SAC
"POINT (-122.084566985652 39.7396875705154)",STN009,9,Stony Creek,C2VSIM Node,"127","266",CH,STM,,STN,"9",SAC
"POINT (-122.16429371834 39.7573599651612)",STN014,14,Stony Creek,0.6mi upstream of Tehama-Colusa Canal crossing. C2VSIM Node,"126","265",CH,STM,,STN,"14",SAC
"POINT (-122.2638256968 39.7979927970884)",STN021,20.92,Stony Creek,North Canal diversion. C2VSIM/CalSim2 Node,"125","264",CH,STM,,STN,"21",SAC
"POINT (-122.332129714952 39.8140458892088)",STN026,25.63,Stony Creek,South Canal diversion. C2VSIM/CalSim2 Node,"124","263",CH,SG,"11388000",STN,"26",SAC
"POINT (-122.338998414598 39.8143820958382)",BLKBT,26,Stony Creek,Black Butte Reservoir,,,STR,SIM,,,,SAC
"POINT (-122.5324241499 39.5857905231362)",SGRGE,49,Stony Creek,Stony Gorge Reservoir,,,STR,SIM,,,,SAC
"POINT (-122.515505787681 39.3569096837984)",EPARK,66.93,Stony Creek,East Park Reservoir,,,STR,SIM,,,,SAC
"POINT (-121.92849182755 39.1987336606231)",BSL001,0.61,Butte Slough,Actually Butte Slough.  C2VSIM Node,"263","292",CH,STM,,BSL,"1",SAC
"POINT (-121.946949593721 39.2392781317677)",BTC003,3.39,Butte Creek,"C2VSIM Node.  Schematic shows BGD drain conluence here, but it should be at BTC007","255","291",CH,STM,,BTC,"3",SAC
"POINT (-121.921730514198 39.2855025146164)",BTC007,7.27,Butte Creek,Actual confluence with Cherokee Canal/Biggs-West Gridley Drain,"242","290",CH,STM,,BTC,"7",SAC
"POINT (-121.89622446059 39.3377997424581)",BTC012,12.31,Butte Creek,Confluence with Angel Slough.,,,CH,STM,,BTC,"12",SAC
"POINT (-121.884926464546 39.4031802217078)",BTC018,18,Butte Creek,C2VSIM Node,"204","288",CH,STM,,BTC,"18",SAC
"POINT (-121.871824045444 39.4720626417257)",BTC024,24,Butte Creek,Schematic incorrectly calls this the confluence with Western Canal??.  Actually Western Canal confluence occurs at ~ mile 31.5.  C2VSIM Node,"188","287",CH,STM,,BTC,"24",SAC
"POINT (-121.85691937983 39.5320900510494)",BTC029,29,Butte Creek,C2VSIM Node.  Around 2.5mi downstream of actual confluence with Western Canal??,"173","286",CH,STM,,BTC,"29",SAC
"POINT (-121.829047817574 39.5622780192971)",BTC032,31.58,Butte Creek,C2VSIM/CalSim2 Node.  Return flow from Durham ID (or is it Dayton MWC). Gage Butte Creek below Western Canal.,"157","285",CH,SG,DWR A0-4158,BTC,"32",SAC
"POINT (-121.779421842399 39.6131168415366)",BTC036,36.12,Butte Creek,Adams and Gorrill Dams. C2VSIM/CalSim2 Node.,"147","285",CH,STM,,BTC,"36",SAC
"POINT (-121.708429071047 39.7257841730943)",BTC048,47.61,Butte Creek,Butte Creek near Chicol,,,CH,SG,"11390000",BTC,"48",SAC
"POINT (-121.641061934301 38.8242191358488)",FTR003,3,Feather River,C2VSIM Node,"340","365",CH,STM,,FTR,"3",SAC
"POINT (-121.607339391322 38.8892576935768)",FTR008,8,Feather River,Miscelaneous Riparian Diverters. C2VSIM Node near USGS Gage - 11425000,"329","363",CH,SG,"11425000",FTR,"8",SAC
"POINT (-121.580173765875 38.9402437515159)",FTR012,12.42,Feather River,Confluence with Bear River. C2VSIM Node,"330","356",CH,STM,,FTR,"12",SAC
"POINT (-121.580062993947 38.9558345812249)",FTR014,13.53,Feather River,Garden Highway MWC Pumps.,,,CH,STM,,FTR,"14",SAC
"POINT (-121.588877062609 38.9859047001767)",FTR016,15.72,Feather River,Feather Water District Pump Station #2. C2VSIM Node.,"318","355",CH,STM,,FTR,"16",SAC
"POINT (-121.596937926154 39.0111050331218)",FTR018,18.37,Feather River,Tudor MWC Pumps,,,CH,STM,,FTR,"18",SAC
"POINT (-121.609143519246 39.0453467791203)",FTR021,21.26,Feather River,Feather WD Pump Station #1,"307","354",CH,STM,,FTR,"21",SAC
"POINT (-121.592898886525 39.0949978686028)",FTR025,25.09,Feather River,C2VSIM Node,"295","353",CH,STM,A-0-5125,FTR,"25",SAC
"POINT (-121.611804170045 39.1616514334158)",FTR031,30.38,Feather River,,,,CH,STM,"11407700",FTR,"31",SAC
"POINT (-121.598134033435 39.1270467626568)",FTR028,27.73,Feather River,Confluence with Yuba River.,,,CH,STM,,FTR,"28",SAC
"POINT (-121.614193952023 39.2141930931128)",FTR036,36,Feather River,C2VSIM Node,"246","347",CH,STM,,FTR,"36",SAC
"POINT (-121.624773379629 39.2946176560454)",FTR045,44.81,Feather River,Confluence with Honcut Creek. C2VSIM Node.,"232","346",CH,STM,,FTR,"45",SAC
"POINT (-121.635887804275 39.2477862753501)",FTR039,39.36,Feather River,Sunset Pumps,,,CH,STM,,FTR,"39",SAC
"POINT (-121.632248877392 39.331910597855)",FTR048,48,Feather River,C2VSIM Node,"208","345",CH,STM,,FTR,"48",SAC
"POINT (-121.776039417426 39.7022724176)",BTC043,42.92,Butte Creek,Durham Mutual Dam,"143","283",CH,STM,,BTC,"43",SAC
"POINT (-121.633129440243 39.3820721788321)",FTR053,53,Feather River,C2VSIM Node,"192","344",CH,STM,,FTR,"53",SAC
"POINT (-121.636385310271 39.455032535421)",FTR059,59.16,Feather River,Thermalito Afterbay Outlet. C2VSIM/CalSim2 Node near USGS Gages - 11406920/11406870,"177","343",CH,STM,,FTR,"59",SAC
"POINT (-121.579858035904 39.4801886341077)",FTR063,63,Feather River,Return flow from Oroville WWTP. C2VSIM Node,"161","342",CH,STM,,FTR,"63",SAC
"POINT (-121.546197518484 39.5287371216932)",FTR068,67.59,Feather River,Power Canal Diversion to Thermalito Forerbay. C2VSIM/CalSim2 Node near Gage - 11406825,"162","341",CH,STM,"11406825",FTR,"68",SAC
"POINT (-121.483832932151 39.5378406665063)",OROVL,72.35,Feather River,Lake Oroville,,,STR,SIM,,,,SAC
"POINT (-121.466454167189 39.5569738556624)",FTR074,74,Feather River,,,,CH,STM,"11405200",FTR,"74",SAC
"POINT (-121.56312373713 39.1518034800873)",YUB003,3,Yuba River,Ellis Lake diversion (exact location unknown)??,,,CH,STM,,YUB,"3",SAC
"POINT (-121.52518814835 39.1755400936589)",YUB006,6,Yuba River,Yuba River near Marysville.  C2VSIM Node.,"284","350",CH,SG,11421000 / DWR A0-6150,YUB,"6",SAC
"POINT (-121.4443866677 39.2088035740879)",YUB011,11.31,Yuba River,Daguerre Point Dam.  C2VSIM/CalSim2 Node near USGS Gage - 11420800,"285","349",CH,STM,"11420800",YUB,"11",SAC
"POINT (-121.416526072514 39.2185943298888)",YUB013,13,Yuba River,Confluence with French Dry Creek.,,,CH,STM,,YUB,"13",SAC
"POINT (-121.411200432776 39.2192868499963)",YUB014,13.3,Yuba River,Confluence with French Dry Creek.,,,CH,STM,,YUB,"14",SAC
"POINT (-121.28021836843 39.2303901875528)",YUB023,22.68,Yuba River,Confluence with Deer Creek.,,,CH,STM,,YUB,"23",SAC
"POINT (-121.273580375649 39.2350489890032)",YUB024,23.44,Yuba River,CalSim2 Node near USGS Gage - 11418000,,,CH,SG,"11418000",YUB,"24",SAC
"POINT (-121.268979911195 39.2398044908474)",ENGLB,23.86,Yuba River,Englebright Lake,,,STR,SIM,,,,SAC
"POINT (-121.340859982972 39.2615576932025)",FDC006,6,French Dry Creek,CalSim2 Node downstream of USGS Gage - 11420700,,,CH,STM,"11420700",FDC,"6",SAC
"POINT (-121.313225887501 39.3232649306734)",MERLC,12.39,French Dry Creek,Merle Collins Reservoir near USGS Gage - 11420500,,,STR,NSM,"11420500",,,SAC
"POINT (-121.53585130246 38.9715695206015)",BRR004,4,Bear River,C2VSIM/CalSim2 Node.,"331","360",CH,STM,,BRR,"4",SAC
"POINT (-121.332026353727 39.042088569343)",BRR017,16.88,Bear River,Bear River Fish Release below Camp Far West Reservoir near Wheatland. Camp Far West Diversion Dam (South Sutter Canal). C2VSIM/CalSim2 Node.,"333","358",CH,SG,"11423800",BRR,"17",SAC
"POINT (-121.31736314867 39.0494730512336)",CMPFW,18,Bear River,Camp Far West Reservoir,"334","357",STR,NSM,,,,SAC
"POINT (-120.953958634282 39.1341492546281)",BRR050,49.83,Bear River,Bear River Canal diversion at Rollins Reservoir??,,,CH,STM,,BRR,"50",SAC
"POINT (-121.711326623476 38.6822564722585)",CCH003,3,Cache Creek,C2VSIM Node,"359","395",CH,STM,,CCH,"3",SAC
"POINT (-121.716233256183 38.7247195592587)",CCH006,6,Cache Creek,C2VSIM Node,"358","394",CH,STM,,CCH,"6",SAC
"POINT (-121.806830292528 38.7269669718411)",CCH012,12.43,Cache Creek,Cache Creek at Yolo. USGS11452500. C2VSIM Node,"348","393",CH,SG,"11452500",CCH,"12",SAC
"POINT (-121.750533986027 39.70960449171)",BTC045,44.57,Butte Creek,Parrot-Phelan Dam,,,CH,STM,,BTC,"45",SAC
"POINT (-121.645104041875 39.3650688207848)",FTR051,51,Feather River,Near DWR #A05165 (GRL),,,CH,SG,DWR A0-5165,FTR,"51",SAC
"POINT (-121.803029691454 39.4651745256121)",11_SA2,,,,,,S,A,,,,SAC
"POINT (-121.676758276139 39.4383805685891)",JBC002,1.81,Joint Board Canal,,,,CH,CNL,,JBC,"2",SAC
"POINT (-121.845011362086 39.4645158550479)",LDC007,7.43,Little Dry Creek,,,,CH,STM,,LDC,"7",SAC
"POINT (-121.07933301847 38.9490429308522)",WSE003,3,Wise Canal,Diversion to Boardman-Fiddler Green Diversion,,,CH,CNL,,WSE,"3",SAC
"POINT (-121.090099787697 38.9451143132484)",WSE004,3.74,Wise Canal,Rock Creek Reservoir,,,CH,CNL,"11425410",WSE,"4",SAC
"POINT (-120.660902806347 39.3089570873745)",DRM002,1.66,Drum Canal,Spill to Bear River (YB-137),,,CH,CNL,,DRM,"2",SAC
"POINT (-120.653252851733 39.3174570948948)",DRM001,0.88,Drum Canal,Drum Canal at Tunnel Outlet near Emigrant Gap,,,CH,SG,"11414170",DRM,"1",SAC
"POINT (-120.666593053144 39.309438523097)",BRR074,73.88,Bear River,Spill from Drum and South Yuba Canals,,,CH,STM,,BRR,"74",SAC
"POINT (-120.666601731305 39.3103531605436)",SYC003,1.87,South Yuba Canal,Spill to Bear River (YB-139),,,CH,CNL,,SYC,"3",SAC
"POINT (-121.635839487815 38.8804356221328)",17S_NA,,,,,,NP,A,,,,SAC
"POINT (-121.815569368734 38.9314198648416)",19_NU,,,Groundwater,,,NP,U,,,,SAC
"POINT (-121.713320372804 38.8949615949481)",19_SA,,,,,,S,A,,,,SAC
"POINT (-121.533603943591 39.2171305536047)",15N_NA2,,,,,,NP,A,,,,SAC
"POINT (-121.573716199605 39.1623156953635)",15N_NU,,,,,,NP,U,,,,SAC
"POINT (-121.598556714777 39.2733609475511)",15N_NA1,,,,,,NP,A,,,,SAC
"POINT (-121.417367772241 39.2604265821093)",14_NA,,,,,,NP,A,,,,SAC
"POINT (-121.458913323698 39.2599134367975)",RFS14,,,,,,RFS,NA,,,,SAC
"POINT (-121.534214080778 39.4394146714614)",13_NU2,,,Small Urban Communities,,,NP,U,,,,SAC
"POINT (-121.898992174627 39.1682831058448)",BSL004,3.8,Butte Slough,Butte Slough near Meridian,,,CH,SG,11390395 / DWR A0-2972,BSL,"4",SAC
"POINT (-121.662782999118 39.2749551627912)",11_NU2,,,Groundwater,,,NP,U,,,,SAC
"POINT (-121.714258085543 39.108147055859)",11_NA,,,,,,NP,A,,,,SAC
"POINT (-121.557663359471 39.01974865481)",15S_SA,,,,,,S,A,,,,SAC
"POINT (-121.538204104395 39.0801905201536)",15S_NU,,,Groundwater,,,NP,U,,,,SAC
"POINT (-121.468032525111 39.0855374962674)",15S_NA2,,,,,,NP,A,,,,SAC
"POINT (-121.670431250027 39.4076308495781)",JBC004,4.07,Joint Board Canal,,,,CH,CNL,,JBC,"4",SAC
"POINT (-121.660406461786 39.6687775888765)",LDC029,28.89,Little Dry Creek,,,,CH,STM,,LDC,"29",SAC
"POINT (-121.723010190335 39.6061983926719)",LDC021,20.54,Little Dry Creek,Not quite right inflow from Miocene Canal Spill,,,CH,STM,,LDC,"21",SAC
"POINT (-121.297229385053 39.2081882492812)",14_NU,,,Groundwater,,,NP,U,,,,SAC
"POINT (-121.651706287814 38.7123801515961)",YBP034,34.21,Yolo Bypass,Confluence with Knights Landing Ridge Cut,,,CH,BYP,,YBP,"34",SAC
"POINT (-121.066126526646 39.1608926783002)",WLF013,12.98,Wolf Creek,Tarr Canal Diversion from Wolf Creek,,,CH,STM,,WLF,"13",SAC
"POINT (-121.489518282088 37.857222130861)",OMR,,,Net Delta Depletion - Old and Middle Rivers,,,OM,OMDD,,,,SAC
"POINT (-121.526295045593 38.950916743572)",RFS23,,,,,,RFS,NA,,,,SAC
"POINT (-121.41429841215 38.9701332893795)",23_NA,,,,,,NP,A,,,,SAC
"POINT (-121.47437445773 38.7799480148288)",23_NU,,,,,,NP,U,,,,SAC
"POINT (-121.060201030405 38.8842941644696)",NFA016,15.94,North Fork American River,American River Pump Station diversion to Auburn Tunnel Pump Station via Auburn Tunnel. Actual confluence of Middle and North Forks 4.1 miles upstream,,,CH,STM,,NFA,"16",SAC
"POINT (-121.040871694571 38.9627912608982)",WTPBWM,,,Bowman Water Treatment Plant,,,WTP,NA,,,,SAC
"POINT (-121.256006432933 38.8398050043287)",24_NU2,,,,,,NP,U,,,,SAC
"POINT (-121.125174046943 38.8621710027107)",WTPFSS,,,PCWA Foothills and Sunset Water Treatment Plants represented at the Foothills location.,,,WTP,NA,,,,SAC
"POINT (-121.071981318893 38.9280074359418)",24_NU1,,,"Auburn, Bowman, Ophir, Newcastle",,,NP,U,,,,SAC
"POINT (-121.184968788494 38.7240868640451)",WTPRSV,,,City of Roseville Water Treatment Plant,,,WTP,NA,,,,SAC
"POINT (-121.173256474832 38.7152454941753)",WTPSJP,,,Sidney N. Person Water Treatment Plant,,,WTP,NA,,,,SAC
"POINT (-121.31927883638 38.736991384893)",DCWWTP,,,Dry Creek Wastewater Treatment Plant,,,WWTP,NA,,,,SAC
"POINT (-121.585885089581 38.7152971416296)",WTPSRW,,,Future SRWRS Water Treatment Plant,,,WTP,PRP,,,,SAC
"POINT (-121.400692572581 39.0955057258274)",15S_NA1,,,,,,NP,A,,,,SAC
"POINT (-121.536082674835 38.9822773439151)",DHC001,,Best Slough/Reeds/Dry/Hutchinson Creeks,"Conceptual Best Slough, Reeds Creek, Dry Creek, Hutchinson Creek collector",,,CH,STM,,DHC,,SAC
"POINT (-121.109103602825 38.9528141759998)",24_NU3,,,North Auburn,,,NP,U,,,,SAC
"POINT (-121.110480528814 38.9663301556155)",CCK038,38.13,Coon Creek,Return from Placer County WWTP#1 to Coon Creek,,,CH,STM,,CCK,"38",SAC
"POINT (-120.767275826596 39.2567439389948)",DRM011,10.67,Drum Canal,Drum Powerhouse 1 & 2 Combined Flow Drum No.1 and No.2 Power Plants near Blue Canyon. Drum Afterbay,,,CH,SG,"11414196",DRM,"11",SAC
"POINT (-120.785770742197 39.2193800758937)",TWL005,4.53,Towle Canal,Alta Forebay and Alta WTP,,,CH,CNL,,TWL,"5",SAC
"POINT (-121.564040089521 38.7400662108518)",22_SA1,,,,,,S,A,,,,SAC
"POINT (-121.58466315094 38.6855755180729)",22_NU,,,Groundwater,,,NP,U,,,,SAC
"POINT (-121.61879503984 38.6786435265386)",22_NA,,,Groundwater,,,NP,A,,,,SAC
"POINT (-121.536575600679 38.6664295580684)",RFS22,,,,,,RFS,NA,,,,SAC
"POINT (-121.463278843495 38.449175495357)",SRWWTP,,,Sacramento Regional CSD Wastewater Treatment Plant,,,WWTP,NA,,,,SAC
"POINT (-121.320246971276 38.7895403471869)",RFS26N,,,Lower PCWA Urban Return Collector,,,RFS,NA,,,,SAC
"POINT (-121.15073443797 38.6835445812748)",WTPFOL,,,Folsom No.1 Water Treatment Plant,,,WTP,NA,,,,SAC
"POINT (-121.303972323434 38.6261327711096)",WTPBJM,,,Carmichael Bajamont Water Treatment Plant,,,WTP,NA,,,,SAC
"POINT (-121.501414962232 38.5937987368029)",WTPSAC,,,Sacramento River Water Treatment Plant,,,WTP,NA,,,,SAC
"POINT (-121.55022766756 38.5966794969361)",WTPBTB,,,Bryte Bend Water Treatment Plant,,,WTP,NA,,,,SAC
"POINT (-121.416707974141 38.5560857587605)",WTPFBN,,,E.A. Fairbairn Water Treatment Plant,,,WTP,NA,,,,SAC
"POINT (-121.26509453479 38.6177577618289)",WTPCOL,,,Coloma Water Treatment Plant,,,WTP,NA,,,,SAC
"POINT (-121.465431860733 38.5554858693644)",26S_NU1,,,City of Sacramento south of American River,,,PR,U,,,,SAC
"POINT (-121.098473172553 38.8899175304432)",WSE008,8.42,Wise Canal,Wise Powerhouse and gage at Wise Powerhouse near Auburn,,,CH,SG,"11425415",WSE,"8",SAC
"POINT (-120.856210232026 39.1478289891)",PCWA3,,,"Off-Model Node PCWA3 (Monte Vista, Colfax, Applegate",,,OM,OMD,,,,SAC
"POINT (-121.053818061654 38.9223692395543)",WTPAUB,,,Auburn Water Treatment Plant,,,WTP,NA,,,,SAC
"POINT (-121.369789859255 38.625380626122)",26N_NU4,,,,,,PR,U,,,,SAC
"POINT (-121.368245947857 38.5440761788283)",26S_NU2,,,,,,PR,U,,,,SAC
"POINT (-121.502033751874 38.4556977690165)",SAC049,48.85,Sacramento River,Sacramento River at Freeport.,,,CH,SG,"11447650",SAC,"49",SAC
"POINT (-121.992311582796 38.682290454337)",20_NU2,,,"Esparto CSD, Madison CSD, Winters and Small Communities",,,NP,U,,,,SAC
"POINT (-121.319220955764 38.7338453455422)",DCK012,12.04,Dry Creek (Placer),Outfall from Roseville wastewater treatment plant,,,CH,STM,,DCK,"12",SAC
"POINT (-121.05667325049 38.9286735182481)",LBC038,37.85,Lower Boardman Canal,Diversion to Auburn Water Treatment Plant,,,CH,CNL,,LBC,"38",SAC
"POINT (-121.315635473235 38.4974582164091)",WTPVNY,,,Future Vineyards Surface Water Treatment Plant,,,WTP,NA,,,,SAC
"POINT (-121.683312436366 38.7367133375095)",KLR005,5,Knights Landing Ridge Cut,,,,CH,CNL,,KLR,"5",SAC
"POINT (-121.659312351204 38.6034774186634)",21_SA,,,,,,S,A,,,,SAC
"POINT (-121.918729825146 38.5969311643944)",20_NA1,,,,,,NP,A,,,,SAC
"POINT (-121.86707188596 38.6626130717528)",20_NA2,,,Groundwater,,,NP,A,,,,SAC
"POINT (-121.754988271925 38.660909954915)",20_NU1,,,Cities of Davis/Woodland and UC Davis. Groundwater,,,NP,U,,,,SAC
"POINT (-121.611644669906 38.7733376823523)",21_NA,,,,,,NP,A,,,,SAC
"POINT (-121.549743425456 38.5741577652479)",21_PU,,,City of West Sacramento,,,PR,U,,,,SAC
"POINT (-121.859802459969 38.4870487717902)",25_PA1,,,Solano Irrigation District,,,PR,A,,,,SAC
"POINT (-121.856850180922 38.3718920350728)",25_PA2,,,Maine Prairie Water District,,,PR,A,,,,SAC
"POINT (-121.759022813777 38.2136860226075)",25_NA,,,,,,NP,A,,,,SAC
"POINT (-121.82681905062 38.4481822253317)",25_NU,,,,,,NP,U,,,,SAC
"POINT (-121.859232673279 38.4648749797755)",RFS25,,,,,,RFS,NA,,,,SAC
"POINT (-121.493754437643 38.2277663695136)",MOK014,14.17,Mokelumne River,Connection to Cross Channel Canal. C2VSIM/CalSim2 Node.,"494","197",CH,STM,,MOK,"14",SJR
"POINT (-121.439474226876 38.2552727163245)",MOK019,19.03,Mokelumne River,C2VSIM Node,"478","196",CH,STM,,MOK,"19",SJR
"POINT (-121.411500846479 38.2324256760148)",MOK022,22.68,Mokelumne River,"Confluence with Cosumnes River and Dry Creek. Cannot tell which fork most accurately represents Cosumnes River, but this is closer to C2VSIM?? C2VSIM/CalSim2 Node.","479","181",CH,STM,,MOK,"22",SJR
"POINT (-121.335687374009 38.1994137066871)",MOK028,28,Mokelumne River,C2VSIM Node.,"497","180",CH,STM,,MOK,"28",SJR
"POINT (-121.298242931625 38.1520226066311)",MOK035,34.37,Mokelumne River,C2VSIM Node. Diversion to Woodbridge Canal,"512","179",CH,STM,,MOK,"35",SJR
"POINT (-121.13567468934 38.1801422104886)",MOK050,50,Mokelumne River,C2VSIM Node.,"514","177",CH,STM,,MOK,"50",SJR
"POINT (-121.197031933936 38.1570599198392)",MOK044,44,Mokelumne River,C2VSIM Node.,"513","178",CH,STM,,MOK,"44",SJR
"POINT (-121.07075188072 38.2059657517383)",MOK055,55,Mokelumne River,C2VSIM Node. CalSim2 Node??,"515","173",CH,STM,,MOK,"55",SJR
"POINT (-121.021885736257 38.2261354476504)",CMCHE,58.22,Mokelumne River,Camanche Reservoir. C2VSIM/CalSim2 Node ~1 mi upstream USGS Gage - 11323500.,"516","175",STR,NA,"11323500",,,SJR
"POINT (-121.381201426844 38.2866088237759)",CSM005,5,Cosumnes River,C2VSIM/CalSim2 Node near USGS Gage - 11336070,"466","193",CH,STM,"11336070",CSM,"5",SJR
"POINT (-121.341504842217 38.3608546536832)",CSM011,10.95,Cosumnes River,C2VSIM Node near USGS Gage - 11336000.,"454","192",CH,STM,"11336000",CSM,"11",SJR
"POINT (-121.286372621063 38.4052668050401)",CSM016,16,Cosumnes River,C2VSIM Node.,"439","191",CH,STM,,CSM,"16",SJR
"POINT (-121.225840019624 38.4432959538818)",CSM021,21,Cosumnes River,Downstream of Folsom South Canal Siphon. C2VSIM Node.,"425","190",CH,STM,,CSM,"21",SJR
"POINT (-121.174860220688 38.4895577065048)",CSM026,26,Cosumnes River,C2VSIM Node,"426","189",CH,STM,,CSM,"26",SJR
"POINT (-121.070140186393 38.4945307751484)",CSM033,33,Cosumnes River,C2VSIM Node.,"443","188",CH,STM,,CSM,"33",SJR
"POINT (-121.289865148694 38.2421420188111)",DSC008,8,Dry Creek/Sutter Creek,C2VSIM Node ~4mi downstream of USGS Gage - 11329500,"480","186",CH,STM,,DSC,"8",SJR
"POINT (-121.160047736512 38.2619958195015)",DSC016,16,Dry Creek/Sutter Creek,C2VSIM Node.,"498","185",CH,STM,,DSC,"16",SJR
"POINT (-121.064905181532 38.2995877913778)",DSC023,22.71,Dry Creek/Sutter Creek,Dry Creek near Ione. C2VSIM Node.,"499","184",CH,SG,"11328000",DSC,"23",SJR
"POINT (-120.991642942442 38.3152746318788)",DSC028,28,Dry Creek/Sutter Creek,C2VSIM Node,"505","183",CH,STM,,DSC,"28",SJR
"POINT (-120.956732031066 38.392503668613)",DSC035,35,Dry Creek/Sutter Creek,C2VSIM Node,"506","182",CH,STM,,DSC,"35",SJR
"POINT (-121.058277325923 39.0097813754979)",CMBIE,36.86,Bear River,Lake Combie and Combie Ophir Canal diversion,,,STR,NSM,,BRR,"37",SAC
"POINT (-122.488245057863 40.6266493619086)",WTPBUK,,,Buckeye Water Treatment Plant,,,WTP,NA,,,,SAC
"POINT (-121.121734270968 38.3455127406332)",60N_PU,,,SMUD Rancho Seco Power Facility. Renamed from 27_NU2,,,PR,U,,,,SJR
"POINT (-121.370859396746 37.5883041591032)",71_NA3,,,,,,NP,A,,,,SJR
"POINT (-121.054934922383 37.4554167218359)",71_NA1,,,,,,NP,A,,,,SJR
"POINT (-121.420858625894 37.8026376631341)",OMR039,39,Old/Middle Rivers,,,,CH,STM,,OMR,"39",SJR
"POINT (-121.015761180295 37.4134218885753)",ORT001,1.32,Orestimba Creek,Orestimba Creek at River Road near Crows Landing.,,,CH,SG,11274538 / DWR (OCL),ORT,"1",SJR
"POINT (-121.255863510983 38.308716171241)",60N_NA2,,,CONCEPTUAL - East Bay MUD. Renamed from 27_NU3,,,NP,A,,,,SJR
"POINT (-121.956453829896 39.4203047729443)",09_NU,,,Groundwater,,,NP,U,,,,SAC
"POINT (-121.041914285277 38.9568641629075)",BEC024,23.75,Bear River Canal,Halsey Powerhouse near Auburn,,,CH,SG,"11425310",BEC,"24",SAC
"POINT (-121.861111411883 38.6904356699981)",CCH017,17,Cache Creek,C2VSIM Node,"347","392",CH,STM,,CCH,"17",SAC
"POINT (-121.962152531088 38.6999582033827)",CCH023,23,Cache Creek,C2VSIM Node,"336","391",CH,STM,,CCH,"23",SAC
"POINT (-122.084907446402 38.7135613263721)",CCH030,30.48,Cache Creek,Cache Creek at Capay Diversion Dam,"335","390",CH,STM,"11452000",CCH,"30",SAC
"POINT (-122.614393288475 38.9252185935753)",CLRLK,86.41,Cache Creek,Clear Lake near USGS Gage - 11450100,,,STR,NSM,,CCH,"86",SAC
"POINT (-121.720490084457 38.5167605760367)",PTH007,7,Putah Creek,C2VSIM Node,"413","404",CH,STM,,PTH,"7",SAC
"POINT (-121.573640434153 38.3887924050456)",SACN,,,Net Delta Depletion - Sacramento River (North),,,OM,OMDD,,,,SAC
"POINT (-121.891954939931 38.0991361259601)",SACW,,,Net Delta Depletion - Sacramento River (West),,,OM,OMDD,,,,SAC
"POINT (-121.787137099501 38.5233072268235)",PTH011,10.77,Putah Creek,C2VSIM Node.Putah Creek near Davis. USGS11455000/DWRA09130,"412","403",CH,SG,11455000 / DWR  A0-9130,PTH,"11",SAC
"POINT (-120.642775773698 39.326836814115)",SPLDG,42.28,South Yuba River,Lake Spalding,,,STR,NA,,,"42",SAC
"POINT (-120.679199418605 39.3063459006242)",BRR073,72.91,Bear River,Bear River near Emigrant Gap,,,CH,SG,"11421710",BRR,"73",SAC
"POINT (-120.845211082784 39.2136792893624)",BRR060,60.36,Bear River,Bear River below Dutch Flat Afterbay near Dutch Flat. Combined flow USGS1142179+USGS11421780.,,,CH,SG,11421790 / 11421780,BRR,"60",SAC
"POINT (-121.86026535903 38.5383825255801)",PTH015,15,Putah Creek,C2VSIM Node,"411","402",CH,STM,,PTH,"15",SAC
"POINT (-121.94400948182 38.5295891207045)",PTH020,20,Putah Creek,C2VSIM Node,"410","401",CH,STM,,PTH,"20",SAC
"POINT (-122.004918901332 38.4934857044893)",PTH024,24.43,Putah Creek,Putah South Canal diversion (Lake Solano). C2VSIM Node near USGS Gage - 11454210,"428","400",CH,STM,"11454210",PTH,"24",SAC
"POINT (-122.104438420587 38.5134273095857)",BRYSA,31.05,Putah Creek,Lake Berryessa,,,STR,NSM,,,"31",SAC
"POINT (-121.729960506652 38.795592053363)",CBD001,0.65,Colusa Basin Drain,Knights Landing Ridgecut diversion. C2VSIM Node.,,,CH,CNL,,CBD,"1",SAC
"POINT (-121.910450461755 38.9517714270569)",CBD018,18,Colusa Basin Drain,C2VSIM Node,"302","326",CH,CNL,,CBD,"18",SAC
"POINT (-121.972428969402 39.0052218666954)",CBD023,23,Colusa Basin Drain,C2VSIM Node,"289","325",CH,CNL,,CBD,"23",SAC
"POINT (-122.009357840043 39.0663489822615)",CBD028,28,Colusa Basin Drain,C2VSIM Node,"275","354",CH,CNL,,CBD,"28",SAC
"POINT (-122.060601549179 39.195095729061)",CBD038,37.85,Colusa Basin Drain,DWR 'CDR' gage. Colusa Dran near HWY20,,,CH,SG,DWR  (CDR),CBD,"38",SAC
"POINT (-122.01851295686 39.1148732725144)",CBD031,31.48,Colusa Basin Drain,Confluence with Glenn-Colusa Canal. C2VSIM/CalSim2 Node,"268","317",CH,CNL,,CBD,"31",SAC
"POINT (-121.910448893753 38.8678726662898)",CBD012,12,Colusa Basin Drain,C2VSIM/CalSim2 Node,"314","327",CH,CNL,,CBD,"12",SAC
"POINT (-122.08802664268 39.2312921482344)",CBD041,41,Colusa Basin Drain,C2VSIM Node,"253","320",CH,CNL,,CBD,"41",SAC
"POINT (-122.092806496039 39.2715388997706)",CBD044,44,Colusa Basin Drain,C2VSIM Node,"239","319",CH,CNL,,CBD,"44",SAC
"POINT (-122.084265774271 39.3343947952822)",CBD049,49,Colusa Basin Drain,C2VSIM Node,"220","318",CH,CNL,,CBD,"49",SAC
"POINT (-122.790781962343 40.7268035608304)",LWSTN,112.29,Trinity River,Lewiston Dam near Clear Creek Tunnel diversion from Lewiston Lake. CalSim2 Node,,,STR,SIM,,,,SAC
"POINT (-122.76291833685 40.8011780316196)",TRNTY,119.56,Trinity River,Trinity Dam (Clair Engle Lake). CalSim2 Node,,,STR,SIM,,,,SAC
"POINT (-122.012076564142 39.6965907596156)",GCC007,7,Glenn-Colusa Canal,Downstream of Stony Creek crossing.??,,,CH,CNL,,GCC,"7",SAC
"POINT (-122.02719535969 39.6587140486165)",GCC010,10,Glenn-Colusa Canal,C2VSIM Node,"139","304",CH,CNL,,GCC,"10",SAC
"POINT (-122.083553681748 39.6161934077684)",GCC015,15,Glenn-Colusa Canal,C2VSIM Node,"154","305",CH,CNL,,GCC,"15",SAC
"POINT (-122.15762179021 39.5429366194243)",GCC022,22,Glenn-Colusa Canal,C2VSIM Node,"169","306",CH,CNL,,GCC,"22",SAC
"POINT (-122.215587562909 39.5003530150614)",GCC027,27,Glenn-Colusa Canal,Depending on which GCID lateral diverts to Sacramento NWR this node may need to be a couple of miles upstream?? C2VSIM Node,"183","307",CH,CNL,,GCC,"27",SAC
"POINT (-122.236699170072 39.4321880696112)",GCC032,32,Glenn-Colusa Canal,C2VSIM Node,"198","308",CH,CNL,,GCC,"32",SAC
"POINT (-122.246246398967 39.3395069327531)",GCC039,39,Glenn-Colusa Canal,C2VSIM Node,"216","310",CH,CNL,,GCC,"39",SAC
"POINT (-122.235579332234 39.3053603519039)",GCC042,42,Glenn-Colusa Canal,"If this is referring to the TCC/GCC interties, there are two and neither are located here.  In order to fix, nodes must be re-ordered?? C2VSIM Node","227","311",CH,CNL,,GCC,"42",SAC
"POINT (-122.246018817937 39.255031494634)",GCC046,46,Glenn-Colusa Canal,C2VSIM Node,"236","312",CH,CNL,,GCC,"46",SAC
"POINT (-122.253933219356 39.1992124961975)",GCC050,50,Glenn-Colusa Canal,C2VSIM Node,"250","313",CH,CNL,,GCC,"50",SAC
"POINT (-122.210251059692 39.1383138341201)",GCC056,55.57,Glenn-Colusa Canal,Williams Wasteway. C2VSIM Node,"258","314",CH,CNL,,GCC,"56",SAC
"POINT (-122.146229230506 39.1142052441513)",GCC060,60,Glenn-Colusa Canal,C2VSIM Node,"266","315",CH,CNL,,GCC,"60",SAC
"POINT (-122.069404742622 39.1152505080196)",GCC065,65,Glenn-Colusa Canal,C2VSIM Node,"267","316",CH,CNL,,GCC,"65",SAC
"POINT (-122.198534649071 40.1465681225078)",TCC001,0.5,Tehama-Colusa Canal,Tehama-Colusa/Corning canal bifurcation.,,,CH,CNL,,TCC,"1",SAC
"POINT (-122.174449388807 39.8695276176667)",TCC022,22,Tehama-Colusa Canal,"Moved this node to mile 22 b/c Kirkwood WD (4_PA2) is here, not at mile12??",,,CH,CNL,,TCC,"22",SAC
"POINT (-122.155064350818 39.744953196004)",TCC031,31,Tehama-Colusa Canal,Inflow from Stony Creek flood flows. Near USGS Gage - 394448122091401,,,CH,CNL,,TCC,"31",SAC
"POINT (-122.199796068573 39.6900018456521)",TCC036,36,Tehama-Colusa Canal,Diversion to 7N_PA,,,CH,CNL,,TCC,"36",SAC
"POINT (-122.280858128374 39.3794984510943)",TCC062,62.39,Tehama-Colusa Canal,TCC/GCC north Intertie. Moved from schematic location to match existing??,,,CH,CNL,,TCC,"62",SAC
"POINT (-122.28786733134 39.1408520212555)",TCC081,81,Tehama-Colusa Canal,Diversion to 7S_PA??,,,CH,CNL,,TCC,"81",SAC
"POINT (-122.232629170488 40.0887051381695)",CCL005,5,Corning Canal,Moved from schematic location to here b/c this is the northernmost purveyor in 4_PA1.  All others are much further south (~mi 13) perhaps some intermediate position would be better??,,,CH,CNL,,CCL,"5",SAC
"POINT (-121.524187361881 38.8524225977715)",ABN000,0,Auburn Ravine,Connection to Cross Canal and Sacramento River also connects to Natomas East Main Drain by way of Natomas Central MWD,,,CH,STM,,ABN,"0",SAC
"POINT (-122.199077020591 39.5266475278123)",07N_NU,,,Willows,,,NP,U,,,,SAC
"POINT (-122.058369363982 39.1880016610176)",CBD037,37.32,Colusa Basin Drain,C2VSIM Node near Colusa NWR Diversion,"260","321",CH,CNL,,CBD,"37",SAC
"POINT (-121.157361000399 38.8974947006865)",ABN024,23.5,Auburn Ravine,Diversion for Gold Hill Canal (Nevada Irrigation District)?? Auburn WWTP actually returns water at ~mile 26.5,,,CH,STM,,ABN,"24",SAC
"POINT (-121.103170957322 38.8900538545238)",ABN027,27,Auburn Ravine,South Canal diversion to Folsom Lake.  Also receives water from American River PS via Auburn Tunnel at the Auburn Pump Station on the South Canal. Foothill and Sunset WTPs also get water from South Canal.,,,CH,STM,,ABN,"27",SAC
"POINT (-121.506914764826 38.4716787064133)",SAC050,50,Sacramento River,Freeport Diversion,,,CH,STM,,SAC,"50",SAC
"POINT (-121.315346023127 38.4815405525438)",FPT013,12.55,Freeport Alignment,Planned Freeport pipeline alignment,,,CH,CNL,,FPT,"13",SAC
"POINT (-121.262559066942 38.5266689336339)",26S_PU6,,,,,,PR,U,,,,SAC
"POINT (-121.150360216559 38.6601674496643)",26S_PU1,,,,,,PR,U,,,,SAC
"POINT (-121.446518370463 38.5874202921512)",AMR004,4,American River,C2VSIM/CalSim2 Node at I-80 Bridge,"374","379",CH,STM,,AMR,"4",SAC
"POINT (-121.386721541192 38.5664935525342)",AMR009,9,American River,C2VSIM/CalSim2 Node near Watt Ave Bridge and USGS Gage - 11446980,"375","378",CH,STM,"11446980",AMR,"9",SAC
"POINT (-121.30314196283 38.6251477941397)",AMR017,16.58,American River,Diversion to Carmichael WTP. AMR015 moved upstream to accomodate the WTP physical location.,,,CH,STM,,AMR,"17",SAC
"POINT (-121.31142455221 38.6061659925324)",AMR015,15,American River,C2VSIM/CalSim2 Node moved from schematic location upstream to mile 18.  There is a bend in the river which makes this the shortest line to the C2VSIM location. Near USGS Gage - 383714121170200,"380","377",CH,STM,,AMR,"15",SAC
"POINT (-121.263134104477 38.6373076391725)",AMR020,20,American River,C2VSIM Node,"384","376",CH,STM,,AMR,"20",SAC
"POINT (-121.071588883143 38.8862625652703)",LBC043,42.62,Lower Boardman Canal,Diversion to Shirland Canal/Mormon Ravine,,,CH,CNL,,LBC,"43",SAC
"POINT (-121.525059565645 38.8932402289483)",CCK007,6.6,Coon Creek,Inflow from RFS23.,,,CH,STM,,CCK,"7",SAC
"POINT (-121.574039536574 38.8035743850605)",CRC002,2.41,Natomas Cross Canal,,,,CH,CNL,,CRC,"2",SAC
"POINT (-122.356245552354 40.5373847168122)",SAC289,289.15,Sacramento River,South Bonnieville Pumping Plant,"009","207",CH,STM,,SAC,"289",SAC
"POINT (-121.220443461738 38.6372982148497)",NTOMA,22.5,American River,Lake Natoma and diversion point for Folsom South Canal. C2VSIM/CalSim2 Node.,"385","375",STR,SIM,,,,SAC
"POINT (-121.156890533189 38.7077827916835)",FOLSM,29.39,American River,Folsom Lake Dam. Diversion point for San Juan (Sidney N. Peterson) and City of Roseville WTPs upstream of USGS Gage - 11446220. C2VSIM/CalSim2 Node.,"389","374",STR,SIM,"11446220",,,SAC
"POINT (-121.254774512931 38.6084621389278)",FSC003,3,Folsom South Canal,Diversion to Coloma WTP. CalSim2 Node,,,CH,CNL,,FSC,"3",SAC
"POINT (-121.216669423124 38.4572760521432)",FSC015,15,Folsom South Canal,Non-District Ag diversion,,,CH,CNL,,FSC,"15",SJR
"POINT (-121.189757288473 38.3365719398811)",FSC025,24.67,Folsom South Canal,Diversion to Rancho Seco Nuclear Power Plant,,,CH,CNL,,FSC,"25",SJR
"POINT (-121.183301779084 38.3120748394778)",FSC027,26.26,Folsom South Canal,Proposed Diversion to East Bay MUD via Mokolumne Aqueduct(wrong name in DU_Table).,,,CH,CNL,,FSC,"27",SAC
"POINT (-121.244141546608 38.4838734512688)",FSC013,12.56,Folsom South Canal,Inflow from proposed Freeport Diversion on Sacramento River.,,,CH,CNL,,FSC,"13",SAC
"POINT (-122.398707356778 40.5674788102694)",02_SU,,,,,,S,U,,,,SAC
"POINT (-122.480823901094 40.520688536708)",02_PU,,,,,,PR,U,,,,SAC
"POINT (-122.515680452241 40.4858981027312)",02_PA,,,,,,PR,A,,,,SAC
"POINT (-122.419611349541 40.6048508635461)",03_SU,,,Urban Settlement Contractors,,,S,U,,,,SAC
"POINT (-122.381173089878 40.6753607362613)",03_PU1,,,,,,PR,U,,,,SAC
"POINT (-122.252993988626 40.6366530197037)",03_PU2,,,,,,PR,U,,,,SAC
"POINT (-122.293783454058 40.5836689369473)",03_PA,,,,,,PR,A,,,,SAC
"POINT (-122.199122067384 40.3803979757993)",SAC271,271,Sacramento River,Confluence with Cottonwood Creek,,,CH,STM,,SAC,"271",SAC
"POINT (-122.194071817266 40.4174821035263)",SAC273,273.45,Sacramento River,Balls Ferry,,,CH,SG,DWR  (BSF),SAC,"273",SAC
"POINT (-122.296986057724 40.4469693926986)",02_NU,,,,,,NP,U,,,,SAC
"POINT (-122.536528575828 40.5960017768928)",WTPCSD,,,Clear Creek CSD WTP,,,WTP,NA,,,,SAC
"POINT (-122.413512659076 40.7132965755023)",WTPJMS,,,Shasta Lake Water Treatment Plant (proxy for Jones Valley/Shasta/Mountain Gate WTPs),,,WTP,NA,,,,SAC
"POINT (-122.369066936722 40.5026956793667)",CCWWTP,,,Clear Creek Wastewater Treatment Plant,,,WWTP,NA,,,,SAC
"POINT (-122.290128469172 40.4764439687379)",SWWWTP,,,"Stillwater WWTF? Model shows returns from this node to SAC285 which is about 4mi upstream.  CCWWTP is there, but on the wrong side of the river.",,,WWTP,NA,,,,SAC
"POINT (-122.418786342328 40.5819737621717)",WTPFTH,,,Foothill Water Treatment Plant,,,WTP,NA,,,,SAC
"POINT (-122.291256360261 40.3443376973288)",02_NA,,,,,,NP,A,,,,SAC
"POINT (-122.318809337937 40.492618862665)",03_SA,,,Non-District Settlement Ag,,,S,A,,,,SAC
"POINT (-122.096815816979 40.4823096725432)",03_NA,,,,,,NP,A,,,,SAC
"POINT (-122.078175210169 40.5013761753631)",03_NU,,,,,,NP,U,,,,SAC
"POINT (-122.117153797817 40.5281362366276)",BCN010,10,Bear Creek,Bear Creek North inflow point near USGS Gage - 113741000,,,CH,SG,"11374100",BCN,"10",SAC
"POINT (-122.444159022202 40.6015554426744)",SAC299,298.65,Sacramento River,Sacramento River at Keswick,,,CH,SG,"11370500",SAC,"299",SAC
"POINT (-122.033881701306 39.9969447862991)",05_NA,,,,,,NP,A,,,,SAC
"POINT (-122.090652613933 40.0630958217846)",05_NU,,,,,,NP,U,,,,SAC
"POINT (-122.205802365388 39.9926250728097)",04_PA1,,,,,,PR,A,,,,SAC
"POINT (-122.194667515852 39.8468038480148)",04_PA2,,,,,,PR,A,,,,SAC
"POINT (-122.25400370033 40.1702130863706)",04_NU1,,,Red Bluff,,,NP,U,,,,SAC
"POINT (-122.156258610367 39.9326389092639)",04_NA,,,,,,NP,A,,,,SAC
"POINT (-122.216314359848 39.7462493214978)",06_PA,,,,,,PR,A,,,,SAC
"POINT (-122.313438136286 39.8015710885902)",06_NA,,,,,,NP,A,,,,SAC
"POINT (-122.193298797273 39.7497383498727)",06_NU,,,City of Orland,,,NP,U,,,,SAC
"POINT (-122.244693658022 39.5847810626097)",07N_PA,,,,,,PR,A,,,,SAC
"POINT (-122.157420421254 39.586434953479)",07N_NA,,,,,,NP,A,,,,SAC
"POINT (-121.911100791183 39.6732264671513)",09_SA1,,,M and T Ranch Inc.,,,S,A,,,,SAC
"POINT (-121.925706486227 39.600807662417)",09_NA,,,,,,NP,A,,,,SAC
"POINT (-121.942415443211 39.3195149382542)",09_SA2,,,,,,S,A,,,,SAC
"POINT (-121.940790331426 39.5793146038634)",09_PR,,,,,,PR,R,,,,SAC
"POINT (-121.803962004865 39.6449320616554)",10_NU2,,,Urban concentration in aerial imagery.,,,NP,U,,,,SAC
"POINT (-121.727022712008 39.6139078043884)",10_NA,,,Durham ID,,,NP,A,,,,SAC
"POINT (-122.256513165066 39.3780949367238)",GCC036,36.03,Glenn-Colusa Canal,C2VSIM Node,"211","309",CH,CNL,,GCC,"36",SAC
"POINT (-122.288792266168 39.3297682784665)",TCC066,66.25,Tehama-Colusa Canal,Funks Reservoir,,,CH,CNL,,TCC,"66",SAC
"POINT (-121.599503702193 39.5146114579312)",11_NU1,,,,,,NP,U,,,,SAC
"POINT (-121.627907229736 39.5142171031573)",THRMF,,,Thermalito Forebay,,,STR,NA,,PCL,,SAC
"POINT (-121.653487813187 39.5007519004787)",THRMA,,,Thermalito Afterbay,,,STR,SIM,,,,SAC
"POINT (-121.394261371618 39.4516915226541)",13_NA,,,,,,NP,A,,,,SAC
"POINT (-121.512909266796 39.4873665086766)",13_NU1,,,,,,NP,U,,,,SAC
"POINT (-121.565218965184 39.4866739769036)",ORWWTP,,,Oroville Wastewater Treatment Plant,,,WWTP,NA,,,,SAC
"POINT (-121.475352162462 39.3728606960091)",RFS13,,,,,,RFS,NA,,,,SAC
"POINT (-121.591908483495 39.3713242429333)",12_NA,,,,,,NP,A,,,,SAC
"POINT (-121.552906194593 39.5067598895485)",12_NU1,,,,,,NP,U,,,,SAC
"POINT (-121.685679431118 39.5052078691135)",WEC000,0,,Diverstion to Western and Richvale Canals,,,CH,SG,11406880 / 11406900,WEC,"0",SAC
"POINT (-121.658583746121 39.4517155747584)",JBC000,0,Sutter-Butte Canal at Intake.  Joint Board Canal,,,,CH,SG,"11406910",JBC,"0",SAC
"POINT (-121.750783120726 39.4064457731364)",BGD000,,Biggs-West Gridley Drain,,,,CH,CNL,,BGD,,SAC
"POINT (-121.882095665033 39.3278708070276)",CRK005,,Biggs-West Gridley Drain,,,,CH,CNL,,CRK,,SAC
"POINT (-121.710546113794 39.4070445049013)",RFS11,,,,,,RFS,NA,,,,SAC
"POINT (-121.690488827431 39.4073394057527)",11_SA3,,,,,,S,A,,,,SAC
"POINT (-121.788352444711 39.526128933261)",11_SA1,,,,,,S,A,,,,SAC
"POINT (-121.824114796296 39.3287941545343)",17N_PR,,,,,,PR,R,,,,SAC
"POINT (-121.89384467784 39.3183559224442)",17N_NR,,,,,,NP,R,,,,SAC
"POINT (-121.924967038481 39.2642064134484)",17N_NA,,,Groundwater Only,,,NP,A,,,,SAC
"POINT (-122.162913134565 39.4427884039545)",08N_PR1,,,Sacramento NWR,,,PR,R,,,,SAC
"POINT (-121.377194232292 39.4957444944895)",OWC000,,Oroville-Wyandotte Canal,Conceptual Diversion Node,,,CH,CNL,,OWC,,SAC
"POINT (-121.372080242925 39.3678327168379)",HON021,20.5,South Honcut Creek,,,,CH,STM,,HON,"21",SAC
"POINT (-121.600735757381 39.6050302329945)",MIO023,,Upper Miocene Canal,,,,CH,CNL,,MIO,,SAC
"POINT (-122.027096074469 39.5048600904691)",08N_NA,,,,,,NP,A,,,,SAC
"POINT (-122.012125779489 39.7419704621123)",08N_NU,,,Groundwater,,,NP,U,,,,SAC
"POINT (-122.050300421473 39.3848925527937)",08N_SA1,,,,,,S,A,,,,SAC
"POINT (-122.145852746222 39.5016615852642)",08N_SA2,,,,,,S,A,,,,SAC
"POINT (-121.726815503471 39.0263180840683)",DWRPS2,,,,,,PS,NA,,,,SAC
"POINT (-121.634229819176 38.9317870695291)",DWRPS1,,,DWR Pump Station No.1,,,PS,NA,,,,SAC
"POINT (-121.967961727523 39.1622367967973)",08S_NA1,,,,,,NP,A,,,,SAC
"POINT (-122.150069444366 39.0638385579924)",07S_PA,,,,,,PR,A,,,,SAC
"POINT (-122.31644878262 39.2328031386384)",07S_NA,,,Groundwater,,,NP,A,,,,SAC
"POINT (-122.035921974466 39.2322149005538)",08S_SA1,,,,,,S,A,,,,SAC
"POINT (-122.177095401341 39.1945115777878)",08S_SA2,,,,,,S,A,,,,SAC
"POINT (-122.057664225453 39.1638235966625)",08S_PR,,,,,,PR,R,,,,SAC
"POINT (-122.151089607686 39.1541234977494)",08S_NU,,,"Cities of Colusa, Williams, Knights Landing and Small Communities.",,,NP,U,,,,SAC
"POINT (-121.782518909533 39.1150113102558)",SBP028,27.52,Sutter Bypass,C2VSIM Node at DWR Pump Station #3,"278","335",CH,BYP,,SBP,"28",SAC
"POINT (-121.834511834102 39.1448707026629)",SBP031,31,Sutter Bypass,C2VSIM Node near USGS Gage - 11390425,"270","334",CH,BYP,"11390425",SBP,"31",SAC
"POINT (-121.749261571707 39.0649303886966)",SBP024,23.52,Sutter Bypass,C2VSIM Node,"281","336",CH,BYP,,SBP,"24",SAC
"POINT (-121.811345902684 38.9085409959973)",SAC109,108.7,Sacramento River,Diversion. Unknown Pump Station,,,CH,STM,,SAC,"109",SAC
"POINT (-121.72151618729 38.802229479196)",SAC093,92.82,Sacramento River,Colusa Basin Drain return at Knights Landing,,,CH,STM,,SAC,"93",SAC
"POINT (-121.696922043484 38.7979026568672)",SAC091,91.18,Sacramento River,Portuguese Bend Pumping Plant,,,CH,STM,,SAC,"91",SAC
"POINT (-121.735065067325 39.026385819698)",SBP021,20.76,Sutter Bypass,SBP diversion to and return from DWRPS2.,"293","337",CH,BYP,,SBP,"21",SAC
"POINT (-121.711913453326 38.9845803165756)",SBP018,17.5,Sutter Bypass,,"305","338",CH,BYP,,SBP,"18",SAC
"POINT (-121.657845898099 38.9451011926654)",SBP014,13.53,Sutter Bypass,C2VSIM Node,"317","339",CH,BYP,,SBP,"14",SAC
"POINT (-121.639682250075 38.9281390957995)",SBP012,12,Sutter Bypass,Sutter Bypass at DWR Pump Station #1,,,CH,BYP,,SBP,"12",SAC
"POINT (-121.659733365283 38.6775909723708)",YBP032,31.72,Yolo Bypass,Yolo Bypass at Woodland.  Confluence with Cache Creek. Around 7mi downstream of Freemont Weir.  C2VSIM Node.,"360","396",CH,SG,"11453000",YBP,"32",SAC
"POINT (-121.613923677086 38.6030671831944)",YBP026,26,Yolo Bypass,C2VSIM Node,"401","397",CH,BYP,,YBP,"26",SAC
"POINT (-121.609289101019 38.5655866868713)",YBP023,23.37,Yolo Bypass,This node is already 2mi downstream of Sacramento Weir which should not occur until YBP038?? C2VSIM Node,"407","398",CH,BYP,,YBP,"23",SAC
"POINT (-121.637965156329 38.4631954557149)",YBP016,16,Yolo Bypass,Lisbon Weir. C2VSIM Node,"433","407",CH,BYP,,YBP,"16",SAC
"POINT (-121.610716919137 38.5157106799806)",YBP020,19.93,Yolo Bypass,Confluence with Putah Creek. Schematic shows this connecting to Sacremento Weir which enters bypass at ~mi30?? C2VSIM/CalSim2 Node,"414","399",CH,BYP,,YBP,"20",SAC
"POINT (-121.649429839263 38.4356400837267)",YBP014,14,Yolo Bypass,C2VSIM Node near USGS Gage - 11455125,"432","408",CH,BYP,"11455125",YBP,"14",SAC
"POINT (-121.662881505387 38.3934698293571)",YBP011,16,Yolo Bypass,C2VSIM Node near USGS Gage - 11455135,"448","409",CH,BYP,"11455135",YBP,"11",SAC
"POINT (-121.673068445864 38.3360383868852)",YBP007,11,Yolo Bypass,C2VSIM Node near USGS Gage - 11455145,"460","410",CH,BYP,"11455145",YBP,"7",SAC
"POINT (-121.678605266432 38.2347117460551)",CSL005,4.63,Yolo Bypass,Confluence with Barker Slough via Lindsey Slough. C2VSIM/CalSIM2 Node ~ 2.5mi upstream of USGS Gage - 11455350. Renamed from YBP021 per Andy D's request.,,,CH,BYP,,CSL,"5",SAC
"POINT (-121.79699394786 38.2762043604325)",BKR002,1.69,Barker Slough,Barker Slough Pumping Station.  What type of node is this?? CalSim2 Node.,,,CH,STM,,BKR,"2",SAC
"POINT (-121.624621906172 39.1603694289017)",WTPCYC,,,Yuba City Water Treatment Plant,,,WWTP,NA,,,,SAC
"POINT (-121.63941637975 39.1376223383869)",16_PU,,,,,,PR,U,,,,SAC
"POINT (-121.665860345762 39.1488636201862)",16_NU,,,,,,NP,U,,,,SAC
"POINT (-121.612267970863 39.1071834393652)",YCWWTP,,,Yuba City Wastewater Treatment Plant,,,WWTP,NA,,,,SAC
"POINT (-121.640659642489 39.0275619869018)",16_PA,,,,,,PR,A,,,,SAC
"POINT (-121.604250807131 38.9555045387466)",16_SA,,,,,,PR,A,,,,SAC
"POINT (-121.634501445518 38.9436172231125)",16_NA2,,,,,,NP,A,,,,SAC
"POINT (-120.66394308754 37.4243401685644)",MCD028,28.08,Merced River,C2VSIM node. Merced River at Cressey,"697","120",CH,SG,DWR (CRS),MCD,"28",SJR
"POINT (-120.577133861699 37.4660924159094)",MCD036,36,Merced River,C2VSIM node.,"698","119",CH,STM,,MCD,"36",SJR
"POINT (-120.50069782034 37.4706311918634)",MCD042,42,Merced River,C2VSIM node.,"699","118",CH,STM,,MCD,"42",SJR
"POINT (-120.434085489275 37.5202220403547)",MCD048,48,Merced River,C2VSIM node.,"700","117",CH,STM,"11271250",MCD,"48",SJR
"POINT (-120.367554866525 37.5111257361209)",MCD052,52.17,Merced River,C2VSIM node. Crocker-Huffman Diversion Dam to Main Canal near Merced Falls.,"701","116",CH,STM,,MCD,"52",SJR
"POINT (-120.270560163638 37.585276407006)",MCLRE,62.32,Merced River,Lake McClure/Exchequer Dam.,,,STR,SIM,"1127000",,,SJR
"POINT (-120.804034141151 37.260513187782)",EBP050,50,Eastside Bypass,"Bear Creek below East Side Canal near Crane Ranch - DWR B0-5516 (Mislocated!  Should be at ~BCK004 : -120.72,37.25388889)",,,CH,SG,DWR  B0-5516,EBP,"50",SJR
"POINT (-120.776415609952 37.2529384705776)",EBP048,48.12,Eastside Bypass,Confluence with Bear Creek. C2VSIM node.,"729","111",CH,BYP,,EBP,"48",SJR
"POINT (-120.713988221107 37.2196806817827)",EBP043,43,Eastside Bypass,Inflow from Owens Creek.  Owens Creek does NOT appear to connect directly to the Bypass anymore!,,,CH,BYP,,EBP,"43",SJR
"POINT (-120.699189171448 37.2063349981196)",EBP042,41.81,Eastside Bypass,Inflow from Deadmans Creek.,,,CH,BYP,,EBP,"42",SJR
"POINT (-120.691155248243 37.2017150616377)",EBP041,41.26,Eastside Bypass,Confluence with Mariposa Bypass.,,,CH,BYP,,EBP,"41",SJR
"POINT (-120.588109381508 37.1279934553834)",EBP033,32.94,Eastside Bypass,DWR Gage.,,,CH,SG,DWR (ELN),EBP,"33",SJR
"POINT (-120.584550359094 37.1187777480843)",EBP032,32.28,Eastside Bypass,Confluence with Sand Slough Bypass,,,CH,BYP,,EBP,"32",SJR
"POINT (-120.553020568812 37.1047542540095)",EBP030,30.14,Eastside Bypass,C2VSIM node. Confluence with Chowchilla River.,"785","87",CH,BYP,,EBP,"30",SJR
"POINT (-120.443923466758 37.0314920122287)",EBP022,21.73,Eastside Bypass,Confluence with Ash Slough,,,CH,BYP,,EBP,"22",SJR
"POINT (-120.411511804975 36.9959487428932)",EBP019,18.67,Eastside Bypass,Confluence with Berenda Slough,,,CH,BYP,,EBP,"19",SJR
"POINT (-120.381971382666 36.9755892133537)",EBP016,16.42,Eastside Bypass,C2VSIM node. Confluence with Fresno River,"819","76",CH,BYP,,EBP,"16",SJR
"POINT (-120.284724650172 36.7743949170031)",EBP001,0.08,Eastside Bypass,Chowchilla Bypass at head below control structure. DWRB07802,,,CH,SG,DWR  B0-7802,EBP,"1",SJR
"POINT (-120.292977809614 36.9678233678916)",FRS020,20,Fresno River,C2VSIM node.,"821","74",CH,STM,,FRS,"20",SJR
"POINT (-120.360479623857 36.9755150978433)",FRS016,16,Fresno River,C2VSIM node.,"820","75",CH,STM,"11258250",FRS,"16",SJR
"POINT (-120.089890572051 36.9683510443317)",FRS032,32,Fresno River,C2VSIM node.,"823","72",CH,STM,,FRS,"32",SJR
"POINT (-120.025814890095 36.9848047592062)",FRS036,36.03,Fresno River,C2VSIM node. John Franchi Diversion Dam. Main Canal Diversion to Madera ID,"824","74",CH,STM,,FRS,"36",SJR
"POINT (-120.452177419942 37.1000210021105)",CHW006,6,Chowchilla River,C2VSIM node.,"786","86",CH,STM,,CHW,"6",SJR
"POINT (-120.380382472951 37.1242767727523)",CHW011,11,Chowchilla River,C2VSIM node.,"787","85",CH,STM,,CHW,"11",SJR
"POINT (-120.298251328506 37.1475307095749)",CHW017,16.76,Chowchilla River,C2VSIM node.,"788","84",CH,STM,,CHW,"17",SJR
"POINT (-120.228418481871 37.1615014666709)",CHW021,21,Chowchilla River,C2VSIM node.,"789","83",CH,STM,,CHW,"21",SJR
"POINT (-120.1787155101 37.1610839814999)",CHW024,24,Chowchilla River,C2VSIM node.,"790","82",CH,STM,,CHW,"24",SJR
"POINT (-120.123297965887 37.1587499396962)",CHW028,27.3,Chowchilla River,C2VSIM node. Confluence with Madera Canal.,"791","81",CH,STM,,CHW,"28",SJR
"POINT (-120.063825141655 37.1773357389878)",CHW031,31,Chowchilla River,C2VSIM node.,"792","80",CH,STM,,CHW,"31",SJR
"POINT (-119.984468225505 37.2166966518196)",ESTMN,37.06,Chowchilla River,H.V. Eastman Lake/Buchanan Dam.,,,STR,SIM,,,,SJR
"POINT (-120.587729272198 37.1939548987728)",DED010,10,Deadman Creek,C2VSIM node.,"751","99",CH,STM,,DED,"10",SJR
"POINT (-120.456954052774 37.1928906112489)",DED019,19,Deadman Creek,C2VSIM node.,"752","98",CH,STM,,DED,"19",SJR
"POINT (-120.372507269452 37.2001840544746)",DED025,25,Deadman Creek,C2VSIM node.,"753","97",CH,STM,,DED,"25",SJR
"POINT (-120.2715341242 37.2041121248265)",DED032,32,Deadman Creek,C2VSIM node.,"754","96",CH,STM,,DED,"32",SJR
"POINT (-120.223640081875 37.209051057378)",DED035,35,Deadman Creek,C2VSIM node.,"755","95",CH,STM,,DED,"35",SJR
"POINT (-120.189744644386 37.2236080898409)",DED038,38,Deadman Creek,C2VSIM node.,"756","94",CH,STM,,DED,"38",SJR
"POINT (-120.130502471814 37.2374463459061)",DED044,44,Deadman Creek,C2VSIM node.,"757","93",CH,STM,,DED,"44",SJR
"POINT (-120.695416059042 37.2568209229664)",BCK006,6,Bear Creek,,,,CH,STM,,BCK,"6",SJR
"POINT (-120.643496596463 37.2590108144181)",BCK010,10,Bear Creek,C2VSIM node.,"736","110",CH,STM,,BCK,"10",SJR
"POINT (-120.554950011568 37.2998355991525)",BCK017,17,Bear Creek,C2VSIM node.,"737","109",CH,STM,,BCK,"17",SJR
"POINT (-120.453157792458 37.3096698084322)",BCK024,24,Bear Creek,C2VSIM node.,"738","108",CH,STM,"11260290",BCK,"24",SJR
"POINT (-120.350201917591 37.3138338397756)",BCK031,31,Bear Creek,C2VSIM node.,"739","107",CH,STM,,BCK,"31",SJR
"POINT (-120.296170321115 37.3385938236723)",BCK035,35,Bear Creek,C2VSIM node.,"740","106",CH,STM,,BCK,"35",SJR
"POINT (-120.228366770225 37.369903313655)",BCK040,40.16,Bear Creek,C2VSIM node. USACOE Gage - BAR,"741","105",CH,SG,USACE (BAR),BCK,"40",SJR
"POINT (-120.662390410602 36.9532090895227)",SLD027,27,San Luis Drain,Grasslands Bypass Project,,,CH,CNL,"11262890",SLD,"27",SJR
"POINT (-121.106793169152 37.5744495380446)",62_NA4,,,,,,NP,A,,,,SJR
"POINT (-120.838330293992 37.5456055909763)",RFS62,,,,,,RFS,NA,,,,SJR
"POINT (-120.544965370484 37.5104404464757)",62_NA6,,,,,,NP,A,,,,SJR
"POINT (-120.576435767306 37.3750766349175)",63_NA3,,,,,,NP,A,,,,SJR
"POINT (-120.438658362677 37.3756679118568)",MID021,20.66,Main Canal,Madera ID Main Canal,,,CH,CNL,,MID,"21",SJR
"POINT (-120.618608440286 37.4383616997105)",63_NA2,,,,,,NP,A,,,,SJR
"POINT (-120.731554546401 37.4164197722809)",62_NA2,,,,,,NP,A,,,,SJR
"POINT (-120.884430870162 37.3402756894845)",63_NA4,,,,,,NP,A,,,,SJR
"POINT (-121.085755338983 37.5146654955671)",62_NA5,,,,,,NP,A,,,,SJR
"POINT (-121.203151532796 37.9643518634726)",WTPWDH,,,Dr. Joe. Waidhofer WTP,,,WTP,NA,,,,SJR
"POINT (-121.328702271002 37.9361263358521)",STWWTP,,,City of Stockton Regional WCF Discharge,,,WWTP,NA,,,,SJR
"POINT (-121.44006910314 37.6836340821347)",WTPJJO,,,John Jones  WTP,,,WTP,NA,,,,SJR
"POINT (-121.581956459431 38.0527094158941)",OMR002,2,Old/Middle Rivers,,,,CH,STM,,OMR,"2",SAC
"POINT (-121.552721596452 37.8587421923474)",OMR024,24.33,Old River,,,,CH,STM,,OMR,"24",SAC
"POINT (-121.575438202757 37.8887417348044)",OMR021,21,Old/Middle Rivers,,,,CH,STM,,OMR,"21",SAC
"POINT (-121.575936742191 37.9734900196145)",OMR013,13.09,Old/Middle Rivers,,,,CH,STM,,OMR,"13",SAC
"POINT (-121.523855160244 37.8741982285198)",VCT002,2,Victoria Canal,,,,CH,STM,,VCT,"2",SAC
"POINT (-120.082810542894 36.9355522835437)",64_PA1,,,,,,PR,A,,,,SJR
"POINT (-120.297227778624 36.8851812875544)",64_PA3,,,Gravelly Ford W.D. and Root Creek W.D.,,,PR,A,,,,SJR
"POINT (-121.134050695766 37.9186192631681)",60S_PA2,,,,,,PR,A,,,,SJR
"POINT (-121.087214023424 37.9906443548538)",60S_PA1,,,,,,PR,A,,,,SJR
"POINT (-121.244222697448 38.1155337520664)",60N_NA3,,,,,,NP,A,,,,SJR
"POINT (-121.314808499147 38.0686865052641)",WTPDWS,,,,,,WTP,NA,,,,SJR
"POINT (-121.289772776326 37.9634339477752)",60S_NU1,,,,,,NP,U,,,,SJR
"POINT (-122.021909975424 38.0665849957924)",CHCGO,,,Port Chicago/Roe Island Channel,,,CH,NA,,,,SAC
"POINT (-121.512287784628 37.7338847013564)",71_PA8,,,,,,PR,A,,,,SJR
"POINT (-120.944960837001 37.0548411338931)",DMC076,,Delta-Mendota Canal,Wolfson Bypass,,,CH,CNL,,DMC,,SJR
"POINT (-121.350611031097 38.1076482883393)",60N_NA4,,,,,,NP,A,,,,SJR
"POINT (-121.124793441845 37.823959997915)",60S_NA2,,,,,,NP,A,,,,SJR
"POINT (-120.85230679422 37.9531787022434)",60S_NA1,,,,,,NP,A,,,,SJR
"POINT (-121.164753018139 38.2123182154782)",60N_NA5,,,,,,NP,A,,,,SJR
"POINT (-120.850074651509 38.2572997664447)",PARDE,,,Pardee Reservoir/Dam,,,STR,NA,,,,SJR
"POINT (-120.949096101891 38.2727220625457)",60N_NA1,,,,,,NP,A,,,,SJR
"POINT (-121.279995707134 38.1329101992557)",60N_NU1,,,"Galt, Lodi",,,NP,U,,,,SJR
"POINT (-121.070377022173 38.5105327868202)",60N_NU2,,,Rancho Murieta,,,NP,U,,,,SJR
"POINT (-121.0459932005 38.4999470667124)",CSM035,35.08,Cosumnes River,Cosumnes River at Michigan Bar,,,CH,SG,B11150,CSM,"35",SJR
"POINT (-119.883063799831 37.1105595842395)",HNSLY,,,Hensley Lake/Hidden Dam,,,STR,NA,,,,SJR
"POINT (-121.082283809493 37.0695203398731)",SLUIS,,,San Luis Reservoir/B.F. Sisk Dam,,,STR,NA,,,,SJR
"POINT (-119.905351766828 36.9574354031978)",64_NA1,,,,,,NP,A,,,,SJR
"POINT (-120.298124256553 37.1151452107721)",64_PA2,,,,,,PR,A,,,,SJR
"POINT (-121.750025868841 37.9822513687245)",CCC007,,Contra Costa Canal,,,,CH,CNL,,CCC,,SAC
"POINT (-121.640827634611 37.9759905953339)",RSL004,3.86,Rock Slough,,,,CH,STM,,RSL,"4",SAC
"POINT (-120.383313748972 37.0317032819977)",RFS64,,,,,,RFS,NA,,,,SJR
"POINT (-120.185788393359 37.3145546041123)",OWN040,39.64,Owens Creek,USACOE Gage - OWN,,,CH,SG,USACE (OWN),OWN,"40",SJR
"POINT (-120.147383058404 37.2908570882476)",MPS038,38,Mariposa Creek,USACOE Gage - MAR,,,CH,SG,USACE (MAR),MPS,"38",SJR
"POINT (-121.689992845767 37.8774833662598)",TRNSF,,,CCWD Transfer Facility,,,CH,NA,,,,SAC
"POINT (-121.729380142804 37.8380539742066)",LOSVQ,,,Los Vacqueros Reservoir/Dam,,,STR,NA,,,,SAC
"POINT (-121.512764645124 37.7573110703268)",RFS71A,,,,,,RFS,NA,,,,SJR
"POINT (-121.413448615408 37.7015869829721)",50_PA1,,,Banta-Carbona ID and Westside ID,,,PR,A,,,,SJR
"POINT (-121.522014793051 37.7167964740424)",71_PU1,,,Musco Family Olive Co.,,,PR,U,,,,SJR
"POINT (-121.26483393539 37.6487324795677)",71_NA2,,,,,,NP,A,,,,SJR
"POINT (-120.650416183435 39.321708015057)",SFY041,41.3,South Yuba River,South Yuba River Controlled REleas at Lake Spaulding near Emigrant.  USGS 11414210. Gage actually at MP 41.6,,,CH,SG,"11414210",SFY,"41",SAC
"POINT (-120.657687688612 39.3185255449394)",SFY040,40.79,South Yuba River,South Yuba River at Langs Crossing near Emigrant Gap. USGS 11414250. Below confluene with James Creek.,,,CH,SG,"11414250",SFY,"40",SAC
"POINT (-120.645323268386 39.3245971844909)",SYC000,0.24,South Yuba Canal,Spaulding No.2 Powerhouse. USGS 11414155,,,CH,SG,"11414155",SYC,"0",SAC
"POINT (-120.644710555369 39.3244667918064)",DRM000,0.216,Drum Canal,Spaulding No.1 Powerhouse.  USGS 11414154,,,CH,SG,"11414154",DRM,"0",SAC
"POINT (-121.037800041679 39.2303010984496)",GRSVL,,,Combined urban demand for Grass Valley and Nevada City,,,OM,OMD,,,,SAC
"POINT (-120.996950859743 39.2401646742999)",CSD014,14.45,Cascade Canal,,,,CH,CNL,,CSD,"14",SAC
"POINT (-121.030671903221 39.2416399186711)",DES006,6.44,D-S Canal,,,,CH,CNL,,DES,"6",SC
"POINT (-121.068517437979 39.2043419035905)",WLF017,16.51,Wolf Creek,Return from NID Off-Model demands. Grass Valley WWTP location.,,,CH,STM,,WLF,"17",SAC
"POINT (-121.192527426516 39.2097401852073)",NIDD2,,,Nevada ID - Deer Creek System Ag Demand No.2,,,OM,OMD,,,,SAC
"POINT (-121.173597044606 39.2496966067361)",NWT013,12.86,Newtown Canal,,,,CH,CNL,,NWT,"13",SAC
"POINT (-121.193200588605 39.2494973933634)",WLDWD,,,Lake Wildwood area urban demand.,,,OM,OMD,,,,SAC
"POINT (-120.886542640534 39.2950720704709)",DER027,27.13,Deer Creek,Confluence with South Fork Deer Creek,,,CH,STM,,DER,"27",SAC
"POINT (-121.050322822232 39.0340986790201)",LKPNE,,,Lake of the Pines WTP representing urban demand,,,OM,OMD,,,,SAC
"POINT (-121.346780219115 39.1068083254797)",DHC021,21.001,Best Slough/Reeds/Dry/Hutchinson Creeks,"Upstream of conceptual Best Slough Reeds Creek, Dry Creek, Hutchinson Creek collector (DHC001) at edge of rim watershed I_DHC021",,,CH,STM,,DHC,"21",SAC
"POINT (-120.639586640789 39.3412179015672)",BSC010,10.67,Bowman-Spaulding Conduit,Powerhouse bypass diversion,,,CH,CNL,,BSC,"10",SAC
"POINT (-120.746295413461 39.0101926263483)",MFA024,24.18,Middle Fork American River,Confluence with N Fk of Middle Fk American River,,,CH,STM,,MFA,"24",SAC
"POINT (-121.942835635712 38.918502647983)",08S_PA,,,,,,PR,A,,,,SAC
"POINT (-121.867204380554 38.8987712559938)",08S_SA3,,,,,,S,A,,,,SAC
"POINT (-121.804680565401 38.8518245272265)",RFS8S,,,,,,RFS,NA,,,,SAC
"POINT (-121.918424423527 39.1347879821681)",18_NU,,,Groundwater,,,NP,U,,,,SAC
"POINT (-121.732675865262 39.055859820822)",17S_PR,,,Difficult to locate within 17S.,,,PR,R,,,,SAC
"POINT (-121.822204837545 39.1070097088488)",18_NA,,,,,,NP,A,,,,SAC
"POINT (-121.841837930215 39.0909669259377)",18_SA,,,,,,S,A,,,,SAC
"POINT (-121.786516745147 39.0386893523988)",RFS18,,,Tisdale Weir?,,,RFS,NA,,,,SAC
"POINT (-121.753149410707 38.8700421643591)",SAC099,99.2,Sacramento River,State Ranch Bend Pumping Plant,,,CH,STM,,SAC,"99",SAC
"POINT (-122.000093548711 39.2145190441534)",SAC146,145.88,Sacramento River,Gage on Sacramento River at Colusa,,,CH,SG,11389500 / DWR A0-2420 (COL),SAC,"146",SAC
"POINT (-119.976004038738 36.0120205446004)",CAA172,172.86,California Aqueduct,C2VSIM node. Check 21-End of Repayment Reach 7,,,CH,CNL,,CAA,"172",SJR
"POINT (-120.058457183497 36.0979639921403)",CAA165,165,California Aqueduct,"C2VSIM node.Check #20.  Diversion to 90_PU (Avenal, Coalinga, Huron)",,,CH,CNL,,CAA,"165",SJR
"POINT (-120.057610692595 36.2099483058745)",CAA156,156,California Aqueduct,"C2VSIM node. Diversion to 90_PU (Avenal, Coalinga, Huron)",,,CH,CNL,,CAA,"156",SJR
"POINT (-120.061989796717 36.220206629738)",CAA155,156.11,California Aqueduct,C2VSIM node. Check 19-End of Repayment Reach 6,,,CH,CNL,,CAA,"155",SJR
"POINT (-120.2305430913 36.3257357118367)",CAA143,143.6,California Aqueduct,C2VSIM node. 0.1 mi upstream of Check 18-End of Repayment Reach 5. Diversion to Coalinga Canal,,,CH,CNL,,CAA,"143",SJR
"POINT (-120.571847547974 36.7105363943515)",CAA109,108.94,California Aqueduct,C2VSIM node. Check 15 - End of Repayment Reach 4,,,CH,CNL,,CAA,"109",SJR
"POINT (-120.828330119883 36.9239861943466)",CAA087,87.12,California Aqueduct,C2VSIM node. Dos Amigos Pumping Plant. End of Repayment Reach 3,"764, 780, 793",,CH,CNL,,CAA,"87",SJR
"POINT (-121.015101994078 37.0742150305227)",CAA071,71.26,California Aqueduct,Check 13 - End of Repayemnt Reach 3. Downstream end of O'Neill Forebay.,,,CH,CNL,,CAA,"71",SJR
"POINT (-121.048637908923 37.0836458184902)",CAA069,69,California Aqueduct,C2VSIM node. O'Neill Forebay. Diversion to San Luis Reservoir.,,,CH,CNL,"11263000",CAA,"69",SJR
"POINT (-121.060293049014 37.1129063619995)",CAA067,66.8,California Aqueduct,C2VSIM node. Check 12 - End of Repayment Reach 2B,,,CH,CNL,,CAA,"67",SJR
"POINT (-121.056369382887 37.1236903140977)",CAA066,66,California Aqueduct,Diversion to VA Cemetary?,,,CH,CNL,,CAA,"66",SJR
"POINT (-121.12608597338 37.3154712082035)",CAA051,51.34,California Aqueduct,C2VSIM node. Check 9/Siphon - End of Repayment Reach 2A.,,,CH,CNL,,CAA,"51",SJR
"POINT (-121.125627532872 37.3839962412331)",CAA046,46.04,California Aqueduct,Check 8,,,CH,CNL,,CAA,"46",SJR
"POINT (-121.010871862568 37.2047183507499)",XCC053,53,,,,,CH,CNL,,XCC,"53",SJR
"POINT (-121.72712021852 37.8732434190169)",MSH015,15.39,Marsh Creek,Marsh Creek near Byron (Discontinued),,,CH,SG,"11337500",MSH,"15",SJR
"POINT (-121.576242736808 38.1293188063738)",MOK004,3.64,Mokelumne River,Inflow from Georgianna Slough,"495","198",CH,STM,,MOK,"4",SJR
"POINT (-121.590538698663 38.1213038734734)",MOK,,,Delta Net Depletion - Mokelumne River,,,OM,OMDD,,,,SAC
"POINT (-121.516828086227 38.0711084066693)",SJRE,,,Net Delta Depletion - San Joaquin River (East),,,OM,OMDD,,,,SAC
"POINT (-121.700084743452 38.074455279272)",SJRW,,,Net Delta Depletion - San JOauin River (West),,,OM,OMDD,,,,SAC
"POINT (-121.638466024171 38.1536521691715)",SACS,,,Net Delta Depletion - Sacramento River (South),,,OM,OMDD,,,,SAC
"POINT (-121.933110959104 38.299608449152)",NBA009,8.9,North Bay Aqueduct,NBA diversion to Cache Slough Pipeline and WTPTAB,,,CH,CNL,,NBA,"9",SAC
"POINT (-121.960899008062 38.2992740305232)",NBA011,10.75,North Bay Aqueduct,Diversion to North Bay Regional Water Treatment Plant,,,CH,CNL,,NBA,"11",SAC
"POINT (-122.133416214855 38.2275620392131)",NBA021,21,North Bay Aqueduct,,,,CH,CNL,,NBA,"21",SAC
"POINT (-122.220322311048 38.2104734423276)",NBA027,27,North Bay Aqueduct,,,,CH,CNL,,NBA,"27",SAC
"POINT (-122.224275150403 38.2239480807451)",WTPJAC,,,Jameson Canyon WTP,,,WTP,NA,,,,SAC
"POINT (-122.227154266301 38.2238885887879)",WTPAMC,,,American Canyon WTP,,,WTP,NA,,,,SAC
"POINT (-122.241671259982 38.1377512229758)",WTPFMH,,,Flemming-Hill WTP,,,WTP,NA,,,,SAC
"POINT (-122.131815891114 38.090216174868)",WTPBNC,,,Benicia WTP,,,WTP,NA,,,,SAC
"POINT (-121.577538542102 37.8896885318542)",ORP000,,Old River Pipeline,CCWD Old River Pipeline from Old River Pump Station,,,CH,CNL,,ORP,,SAC
"POINT (-122.159464130032 38.2207747687551)",PSC033,33.52,Putah South Terminal Canal,,,,CH,CNL,,PSC,"33",SAC
"POINT (-122.159032183425 38.2061629567181)",VJB000,,,,,,CH,CNL,,VJB,,SAC
"POINT (-120.906003646657 37.2006759560011)",72_PR5,,,,,,PR,R,,,,SJR
"POINT (-121.226750177683 38.248352507149)",DSC012,12,Dry Creek/Sutter Creek,Dry Creek near Galt (DCG),"480","186",CH,SG,11329500 / DWR B0-1510,DSC,"12",SJR
"POINT (-121.778249328602 37.9654995200275)",EBMUD,,,Off model diversion to EBMUD,,,OM,OMD,,,,SJR
"POINT (-121.041390378091 38.2210636834571)",MOK057,57,Mokelumne River,Mokelumne River below Camanche Dam,,,CH,SG,"11323500",MOK,"57",SJR
"POINT (-120.919315505624 37.1403496762811)",72_PR1,,,,,,PR,R,,,,SJR
"POINT (-121.012777924982 37.2730260488389)",72_XA3,,,CCID (North),,,X,A,,,,SJR
"POINT (-120.947744319462 37.2804113428607)",72_PR2,,,,,,PR,R,,,,SJR
"POINT (-121.077369998759 37.1204346787956)",71_PU2,,,VA Cementary,,,PR,U,,,,SJR
"POINT (-121.014750389007 37.0478225059515)",73_PA1,,,,,,PR,A,,,,SJR
"POINT (-120.826571092909 37.0242900657027)",XCC033,33.09,,,,,CH,CNL,,XCC,"33",SJR
"POINT (-120.837653346308 37.2026830790762)",72_PR4,,,,,,PR,R,,,,SJR
"POINT (-121.01204061935 37.217915040953)",XCC054,54,Main Canal,,,,CH,CNL,,XCC,"54",SJR
"POINT (-121.701740838444 37.9955258929569)",CCC004,4,Contra Costa Canal,CCWD Pumping Plant #1,,,CH,CNL,,CCC,"4",SAC
"POINT (-120.231073999262 36.5051721293045)",90_PA1,,,,,,PR,A,,,,SJR
"POINT (-121.528834137015 37.716708222414)",CAA012,12.05,California Aqueduct,Check 2. Diversion to 70_PU2,,,CH,CNL,,CAA,"12",SJR
"POINT (-121.562653795252 37.7479030763936)",CAA009,9,California Aqueduct,Proposed CA-DMC Intertie,,,CH,CNL,,CAA,"9",SJR
"POINT (-121.60113819032 37.7709059471702)",CAA006,5.98,California Aqueduct,Check 1 - End of Repayment Reach 1,,,CH,CNL,,CAA,"6",SJR
"POINT (-121.619819694071 37.7824048835713)",CAA005,4.59,California Aqueduct,C2VSIM node. Diversion to South Bay Pump Station/Aqueduct,,,CH,CNL,,CAA,"5",SJR
"POINT (-121.620889441717 37.8007276534973)",CAA003,3.07,California Aqueduct,Harvey O. Banks Pumping Plant,,,CH,CNL,,CAA,"3",SJR
"POINT (-121.605293762405 37.8141132904987)",CAA002,1.81,California Aqueduct,Diversion to Byron-Bethany ID,,,CH,CNL,,CAA,"2",SJR
"POINT (-120.386065737224 36.7864726735144)",DMC116,115.58,Delta-Mendota Canal,C2VSIM node. Check Structure,,,CH,SG,DWR  B0-0770,DMC,"116",SJR
"POINT (-120.439711889482 36.8299184593432)",DMC111,111.21,Delta-Mendota Canal,C2VSIM node. Diversion to Firebaugh Wasteway.,,,CH,CNL,,DMC,"111",SJR
"POINT (-120.865271576446 38.075173138018)",CACWD,,,Calaveras County Water District,,,OM,OMD,,,,SJR
"POINT (-121.280625961123 37.9942591400959)",CLV006,5.73,Calaveras River,,,,CH,STM,,CLV,"6",SJR
"POINT (-120.475859034757 37.6854130994599)",DCT050,50.1,Dry Creek (Tuolumne),,,,CH,STM,,DCT,"50",SJR
"POINT (-120.436544456968 36.8353959575852)",FBW001,0.42,Firebaugh Wasteway,Artificial point to connect DMC diversion to wasteway,,,CH,CNL,,FBW,"1",SJR
"POINT (-120.526248979093 36.870613161713)",DMC105,105.06,Delta-Mendota Canal,C2VSIM node. Check Structure,,,CH,CNL,,DMC,"105",SJR
"POINT (-120.669774992422 36.889936229095)",DMC097,96.81,Delta-Mendota Canal,C2VSIM node. Check Structure,,,CH,CNL,,DMC,"97",SJR
"POINT (-120.769888199008 36.9201286142526)",DMC091,90.56,Delta-Mendota Canal,C2VSIM node. Diversion to 73_PA3 and XCC. Check Structure,,,CH,CNL,,DMC,"91",SJR
"POINT (-120.831791230958 36.9689212699983)",DMC085,85.09,Delta-Mendota Canal,C2VSIM node. Check Structure,,,CH,CNL,,DMC,"85",SJR
"POINT (-120.901116363643 37.0192926809098)",DMC080,79.6,Delta-Mendota Canal,C2VSIM node. Check Structure #15,,,CH,CNL,,DMC,"80",SJR
"POINT (-120.966474741433 37.0667206169801)",DMC074,74.4,Delta-Mendota Canal,C2VSIM node. Diversion to XCC? Check Structure #14,,,CH,CNL,,DMC,"74",SJR
"POINT (-121.037608860818 37.0909712980565)",DMC070,69.98,Delta-Mendota Canal,C2VSIM node. Diversion to Volta Wasteway. Check Structure #13,,,CH,CNL,,DMC,"70",SJR
"POINT (-120.890865324298 37.8585574002462)",WTPDGT,,,Nick C. DeGroot Water Treatment Plant,,,WTP,NA,,,,SJR
"POINT (-121.045894435383 37.169676142993)",DMC064,64.02,Delta-Mendota Canal,C2VSIM node. Check Structure #12,,,CH,CNL,,DMC,"64",SJR
"POINT (-121.077364625101 37.2420604735065)",DMC058,58.27,Delta-Mendota Canal,C2VSIM node. Check Structure #11,,,CH,CNL,,DMC,"58",SJR
"POINT (-121.088004886264 37.2909018648161)",DMC054,54.41,Delta-Mendota Canal,C2VSIM node. Diversion to Newman Wasteway and 71_PA6. Check Structure #10,,,CH,CNL,,DMC,"54",SJR
"POINT (-121.104457454962 37.3662358326289)",DMC049,48.66,Delta-Mendota Canal,C2VSIM node. Check Structure #9,,,CH,CNL,,DMC,"49",SJR
"POINT (-121.130890185049 37.4201835490356)",DMC044,44.3,Delta-Mendota Canal,C2VSIM node. Check Structure #8,,,CH,CNL,,DMC,"44",SJR
"POINT (-121.184995462438 37.4761272056112)",DMC039,38.7,Delta-Mendota Canal,C2VSIM node. Check Structure #7,,,CH,CNL,,DMC,"39",SJR
"POINT (-121.219293663906 37.5232371293935)",DMC034,34.34,Delta-Mendota Canal,"C2VSIM node. Diversion to Westley Wasteway, 71_PA2 and 71_PA3. Check Structure #6",,,CH,CNL,,DMC,"34",SJR
"POINT (-121.270834459179 37.560045667376)",DMC030,29.86,Delta-Mendota Canal,C2VSIM node. Diversion to 71_PA1. Check Structure #5,,,CH,CNL,,DMC,"30",SJR
"POINT (-121.325030889631 37.6179684427719)",DMC024,24.46,Delta-Mendota Canal,C2VSIM node. Check Structure,,,CH,CNL,,DMC,"24",SJR
"POINT (-121.37611404103 37.6432056382249)",DMC021,20.62,Delta-Mendota Canal,C2VSIM node. Diversion to 70_PA2. Check Structure,,,CH,CNL,,DMC,"21",SJR
"POINT (-121.434861327425 37.6791832196436)",DMC016,15.74,Delta-Mendota Canal,C2VSIM node. Diversion to John Jones WTP. Check Structure,,,CH,CNL,,DMC,"16",SJR
"POINT (-121.502497413114 37.7122517586637)",DMC011,11.34,Delta-Mendota Canal,C2VSIM node. USGS Gage.,,,CH,CNL,,DMC,"11",SJR
"POINT (-121.562539607188 37.7495139660135)",DMC007,7,Delta-Mendota Canal,Proposed CA-DMC Intertie,,,CH,CNL,,DMC,"7",SJR
"POINT (-120.340812391018 36.7305859037792)",FSL005,5,Fresno Slough,C2VSIM node.,"886","52",CH,STM,,FSL,"5",SJR
"POINT (-120.36987832583 36.7850905282135)",MDOTA,202.7,San Joaquin River,Mendota Pool. C2VSIM node.,"872","53",STR,SIM,,,,SJR
"POINT (-121.420588700691 37.7400428761029)",50_PU,,,City of Tracy,,,PR,U,,,,SJR
"POINT (-120.88370122449 37.8114324250737)",61_PA1,,,,,,PR,A,,,,SJR
"POINT (-120.757743063618 36.9403170646997)",XCC025,25.32,Main Canal,Intertie to DMC.  Diversion to 72_XA1.  Mileage doe NOT match ID.,,,CH,CNL,,XCC,"25",SJR
"POINT (-120.957908748389 37.0756158087393)",XCC043,42.74,Main Canal,Intertie to DMC. Diversion to 72_PR5,,,CH,CNL,,XCC,"43",SJR
"POINT (-121.739365929684 38.0267131473648)",SJR009,9,San Joaquin River,Inflow from Marsh Creek. C2VSIM node,"533","202",CH,STM,,SJR,"9",SAC
"POINT (-121.141969404646 38.5335089436057)",DEE020,20.24,Dry Creek (South),,,,CH,STM,,DEE,"20",SJR
"POINT (-120.619203433257 37.4518263844315)",MCD032,32.1,Merced River,,,,CH,STM,,MCD,"32",SJR
"POINT (-121.681443207033 38.0602446127748)",SJR013,13,San Joaquin River,Confluence with Threemile Slough/Connection to Sacramento River. C2VSIM node. USGS Gage.,"534","201",CH,STM,,SJR,"13",SAC
"POINT (-121.577388890351 38.0968481968065)",SJR022,21.68,San Joaquin River,Confluence with Mokelumne River. C2VSIMnode.,"520","172",CH,STM,,SJR,"22",SAC
"POINT (-121.568864251768 38.0757120577103)",SJR023,23.27,San Joaquin River,Confluence with Old River. C2VSIM node.,"540","171",CH,STM,,SJR,"23",SAC
"POINT (-121.535440410452 38.0559016877792)",SJR026,25.89,San Joaquin River,Confluence with Middle River.,,,CH,STM,,SJR,"26",SAC
"POINT (-121.498593696976 38.0428147107945)",SJR028,28.23,San Joaquin River,Diversion to future Stockton WTPDWS.  C2VSIM node.,"543","170",CH,STM,,SJR,"28",SAC
"POINT (-121.444671082558 37.9976576835536)",SJR033,32.59,San Joaquin River,Confluence with Turner Cut (Middle River access). C2VSIM node.,"553","169",CH,STM,,SJR,"33",SAC
"POINT (-121.36897847241 37.9664960661041)",SJR038,37.53,San Joaquin River,Confluence with Calaveras River. C2VSIM node.,"558","160",CH,STM,,SJR,"38",SAC
"POINT (-121.330521669484 37.9352821427554)",SJR042,41.68,San Joaquin River,Return from SRWWTP (Stockton Regional WWTP). NOT confluence with FCS (See SJR043),"567","159",CH,STM,,SJR,"42",SAC
"POINT (-121.319653731372 37.9205699997518)",SJR043,42.92,San Joaquin River,Confluence with French Camp Slough.,,,CH,STM,,SJR,"43",SJR
"POINT (-121.318614303013 37.8578142849828)",SJR048,48,San Joaquin River,C2VSIM node.,"576","158",CH,STM,,SJR,"48",SJR
"POINT (-120.852202072002 37.2478785315985)",SAL006,5.83,Salt Slough,Salt Slough at HWY165 near Stevinson,,,CH,SG,"11261100",SAL,"6",SJR
"POINT (-121.625034556016 37.7772375411933)",SBA000,,,South Bay Pumping Plant,,,CH,CNL,,SBA,,SJR
"POINT (-121.32683876131 37.8079036307083)",SJR053,53.34,San Joaquin River,Old River split. Diversion to Net Delta Depletion.,,,CH,STM,,SJR,"53",SJR
"POINT (-120.684072688816 37.8480782288405)",UFC000,0,Upper Farmington Canal,End of Goodwin Tunnel,,,CH,CNL,,UFC,"0",SJR
"POINT (-121.307999112512 37.787793199125)",SJR056,56,San Joaquin River,C2VSIM node.,"592","157",CH,STM,,SJR,"56",SJR
"POINT (-121.297660855363 37.7261427569583)",SJR062,61.64,San Joaquin River,C2VSIM node. Diversion to Banta-Carbona Lift Canal.,"605","156",CH,STM,,SJR,"62",SJR
"POINT (-121.265292774099 37.6757661263042)",SJR070,69.82,San Joaquin River,C2VSIM node. USGS Gage near Vernalis,,,CH,SG,"11303500",SJR,"70",SJR
"POINT (-121.241480861061 37.6650025424292)",SJR072,71.56,San Joaquin River,C2VSIM node. Confluence with Stanislaus River. Stanislaus River at mouth near Vernalis. DWRB03102,"615","145",CH,SG,DWR B0-3102,SJR,"72",SJR
"POINT (-121.228623284464 37.6412132395128)",SJR075,74.91,San Joaquin River,San Joaquin River at Maze Rd Bridge near Modesto,,,CH,SG,"11290500",SJR,"75",SJR
"POINT (-121.17418152442 37.6060331217013)",SJR081,81.49,San Joaquin River,C2VSIM node. Confluence wtih Tuolumne River.,"633","134",CH,STM,,SJR,"81",SJR
"POINT (-121.177846205931 37.6055720987525)",SJR082,81.76,San Joaquin River,Diversion to Westside ID Canal.,,,CH,STM,,SJR,"82",SJR
"POINT (-121.153857899483 37.5598291695543)",SJR087,87.31,San Joaquin River,Confluence with Westley Wasteway.,,,CH,STM,,SJR,"87",SJR
"POINT (-121.123299263682 37.5543778974097)",SJR090,90,San Joaquin River,C2VSIM node.,"649","133",CH,STM,,SJR,"90",SJR
"POINT (-121.115710563015 37.5428233817173)",SJR091,91,San Joaquin River,Confluence with Del Puerto Creek.,,,CH,STM,,SJR,"91",SJR
"POINT (-121.082417136905 37.4975875505351)",SJR096,95.94,San Joaquin River,San Joaquin near Patterson,"660","132",CH,SG,CDEC (SJP),SJR,"96",SJR
"POINT (-121.013459444108 37.4314283591501)",SJR105,104.69,San Joaquin River,San Joaquin River near Crows Landing.,,,CH,SG,"11274550",SJR,"105",SJR
"POINT (-121.035193344602 37.9195304370534)",LJC010,14.44,Littlejohns Creek,Diversion to 60S_PA2,,,CH,STM,,LJC,"10",SJR
"POINT (-121.448683877391 37.6726803716981)",CHC000,,Corral Hollow Creek,Straight to groundwater. Nearby USGS 11304000,"609",N/A,CH,GWO,,CHC,,SJR
"POINT (-121.138519158852 37.0689938470619)",SFLPE,,,San Felipe Division,,,OM,OMD,,,,SJR
"POINT (-120.741962586996 36.8335688679462)",CAA095,95.49,California Aqueduct,Check #14.,,,CH,CNL,,CAA,"95",SJR
"POINT (-120.060725417946 36.9755410902421)",64_NU,,,"Madera, Chowchilla, Madera Acres",,,NP,U,,,,SJR
"POINT (-120.929585188527 37.9002468113976)",LJC022,22.48,Littlejohns Creek,Farmington Flood Control Basin,,,CH,STM,,LJC,"22",SJR
"POINT (-121.164200763662 37.7039615450524)",STS011,11,Stanislaus River,C2VSIM node.,"616","153",CH,STM,,STS,"11",SJR
"POINT (-121.08966993456 37.7382600663221)",STS020,20,Stanislaus River,C2VSIM node.,"617","152",CH,STM,,STS,"20",SJR
"POINT (-120.99883039781 37.756908930821)",STS030,30,Stanislaus River,C2VSIM node.,"618","151",CH,STM,,STS,"30",SJR
"POINT (-120.921752245437 37.7488196691782)",STS036,36,Stanislaus River,C2VSIM node.,"619","150",CH,STM,,STS,"36",SJR
"POINT (-120.832818395052 37.7845470526306)",STS043,43,Stanislaus River,C2VSIM node.,"620","149",CH,STM,,STS,"43",SJR
"POINT (-120.728841212053 37.7939142577219)",STS050,50,Stanislaus River,C2VSIM node.,"621","148",CH,STM,,STS,"50",SJR
"POINT (-120.69386253169 37.8089301082706)",STS053,53,Stanislaus River,C2VSIM node.,"622","147",CH,STM,,STS,"53",SJR
"POINT (-120.629914811235 37.8627730966893)",STS059,59.39,Stanislaus River,,,,CH,STM,,STS,"59",SJR
"POINT (-120.604795153164 37.8764631221572)",TULOC,61.14,Stanislaus River,Tullock Reservoir/Dam.,,,STR,SIM,,,,SJR
"POINT (-120.523946703997 37.948791613459)",MELON,69.21,Stanislaus River,New Melones Reservoir/Dam.,,,STR,SIM,"11299200",,,SJR
"POINT (-120.976711186929 37.3508129740667)",SJR115,115.86,San Joaquin River,San Joaquin River near Newman,,,CH,SG,"11274000",SJR,"115",SJR
"POINT (-120.975294646787 37.3492656131981)",SJR116,116,San Joaquin River,C2VSIM Gage. Confluence with Merced River.,"693","115",CH,STM,,SJR,"116",SJR
"POINT (-120.972665927717 37.3383792039708)",SJR117,117.19,San Joaquin River,Confluence with Newman Wasteway.,,,CH,STM,,SJR,"117",SJR
"POINT (-120.952396412747 37.3314136884007)",SJR119,119.1,San Joaquin River,Confluence with Mud Slough (North),,,CH,STM,,SJR,"119",SJR
"POINT (-120.930526819092 37.3098827199457)",SJR123,123.22,San Joaquin River,San Joaquin River at Fremont Ford Bridge near Stevinson. C2VSIM Node.,"702","114",CH,SG,"11261500",SJR,"123",SJR
"POINT (-121.00327384699 37.4227091887103)",SJR106,106.43,San Joaquin River,C2VSIM node.  Confluence with Orestimba Creek.,"671","127",CH,STM,,SJR,"106",SJR
"POINT (-120.992414316005 37.3847355928844)",SJR111,111,San Joaquin River,C2VSIM node.,"683","126",CH,STM,,SJR,"111",SJR
"POINT (-121.30789071061 37.986041853549)",CLV004,4,Calaveras River,C2VSIM node.,"559","166",CH,STM,,CLV,"4",SJR
"POINT (-121.234335139341 38.0162796886497)",CLV009,9,Calaveras River,Calaveras River near Stockton,,,CH,SG,"11310900",CLV,"9",SJR
"POINT (-121.222044053264 38.0269433654539)",CLV010,10,Calaveras River,C2VSIM node.  Need to be added to model.,"560","165",CH,STM,,CLV,"10",SJR
"POINT (-121.148050649853 38.067925909728)",CLV016,16,Calaveras River,C2VSIM node.,"561","164",CH,STM,,CLV,"16",SJR
"POINT (-121.059111247369 38.0492618402251)",CLV023,23,Calaveras River,C2VSIM node.,"562","163",CH,STM,,CLV,"23",SJR
"POINT (-121.01008393039 38.0530512727587)",CLV026,26.14,Calaveras River,Diversion to 60S_PA1 (SEWD). NO C2VSIM NODE HERE!,,,CH,STM,"11310100",CLV,"26",SJR
"POINT (-120.985081077826 38.0680288164072)",CLV028,28,Calaveras River,C2VSIM node.,"563","162",CH,STM,,CLV,"28",SJR
"POINT (-120.865434979067 38.089036622856)",CLV037,37.1,Calaveras River,Calaveras River at Jenny Lind,,,CH,SG,"11309500",CLV,"37",SJR
"POINT (-120.880904561598 38.0802406131233)",CLV035,35,Calaveras River,C2VSIM node.,"564","161",CH,STM,,CLV,"35",SJR
"POINT (-120.832573077358 38.1499919583783)",CLV043,43.43,Calaveras River,Diversion to Jenny Lind WTP,,,CH,STM,,CLV,"43",SJR
"POINT (-120.825510770262 38.1480405511547)",CLV044,43.87,Calaveras River,Calaveras River below New Hogan Dam,,,CH,SG,"11308900",CLV,"44",SJR
"POINT (-120.813110184089 38.1504802112896)",NHGAN,44.63,Calaveras River,New Hogan Reservoir/Dam,,,STR,SIM,,,,SJR
"POINT (-120.888532130105 38.3028421761352)",AMADR,8.58,Jackson Creek,Lake Amador/Devils Lake,,,STR,SIM,,,,SJR
"POINT (-121.012549970318 38.2989955299687)",DSC026,26.14,Dry Creek/Sutter Creek,Inflow from AMADR via Jackson Creek.,,,CH,NA,,DSC,"26",SJR
"POINT (-121.26639498063 37.9888513353462)",SDC001,4,Stockton Diverting Canal,USGS Gage. Existing?,,,CH,CNL,"11311000",SDC,"1",SJR
"POINT (-122.271866626182 38.9134805924885)",CCH053,53.28,Cache Creek,Cache Creek above Rumsey,,,CH,SG,"11451760",CCH,"53",SAC
"POINT (-122.333248400536 38.9264567552977)",CCH058,58.4,Cache Creek,Confluence with Bear Creek,,,CH,STM,,CCH,"58",SAC
"POINT (-122.568719355562 39.0193191389417)",NFC005,5.18,North Fork Cache Creek,N.F. Cache Creek near Lower Lake,,,CH,SG,"11451500",NFC,"5",SAC
"POINT (-122.534243036583 39.0755362426433)",NFC013,12.62,North Fork Cache Creek,N.F. Cache Creek near Clear Lake Oaks,,,CH,SG,"11451300",NFC,"13",SAC
"POINT (-122.536529706623 39.0805758680718)",INDVL,13,North Fork Cache Creek,Indian Valley Reservoir/Dam,,,STR,NA,,NFC,"13",SAC
"POINT (-122.34495461555 38.9440884682366)",BRC002,1.62,Bear Creek,Bear Creek near Rumsey,,,CH,SG,"11451720",BRC,"2",SAC
"POINT (-122.342211143308 38.9582061336629)",BRC003,3,Bear Creek,Above Holsten Chimney Canyon near Rumsey,,,CH,SG,"11451715",BRC,"3",SAC
"POINT (-121.753491979606 38.5995244782417)",WSB000,0,Willow Slough Bypass,,,,CH,BYP,,WSB,"0",SAC
"POINT (-121.967441603913 38.5202172780949)",PTH021,21.48,Putah Creek,Putah Creek at Winters,,,CH,SG,"11454500",PTH,"21",SAC
"POINT (-122.082116335351 38.5149392648722)",PTH030,29.68,Putah Creek,Putah Creek near Winters,,,CH,SG,"11454000",PTH,"30",SAC
"POINT (-121.952323346256 38.4855426796932)",PSC003,3.26,Putah South Canal,,,,CH,CNL,,PSC,"3",SAC
"POINT (-121.808655231088 38.5450004023576)",20_PA,,,UC Davis. Water source on wrong side of Putah Creek,,,PR,A,,,,SAC
"POINT (-121.953034571189 38.4432547226395)",PSC006,6.35,Putah South Canal,,,,CH,CNL,,PSC,"6",SAC
"POINT (-121.975326512153 38.3216204588756)",CSPSO,,,Solano State Prison,,,OM,OMD,,,,SAC
"POINT (-121.960142492377 38.3260876324727)",PSC015,15,Putah South Canal,Diversion to Solano State Prison,,,CH,CNL,,PSC,"15",SAC
"POINT (-121.966668193083 38.3022708318452)",PSC017,16.79,Putah South Canal,Diverison to North Bay Regional Water Treatment Plant,,,CH,CNL,,PSC,"17",SAC
"POINT (-121.966584687406 38.2991788179148)",WTPNBR,,,North Bay Regional Water Treatment Plant,,,WTP,NA,,,,SAC
"POINT (-122.007870678768 38.2890036823027)",PSC020,19.6,Putah South Canal,Diversion to Cement Hill Water Treatment Plant,,,CH,CNL,,PSC,"20",SAC
"POINT (-122.009113722326 38.2879804417963)",WTPCMT,,,Cement Hill Water Treatment Plant,,,WTP,NA,,,,SAC
"POINT (-122.068388386249 38.2726185506796)",PSC024,23.53,Putah South Canal,Diversion to Waterman Water Treatment Plant,,,CH,CNL,,PSC,"24",SAC
"POINT (-122.068490876559 38.2762299890838)",WTPWMN,,,Waterman Water Treatment Plant,,,WTP,NA,,,,SAC
"POINT (-121.937335666756 38.3730350701233)",25_PU,,,City of Vacaville,,,PR,U,,,,SAC
"POINT (-121.67865806155 38.2637118426549)",YBP002,2,Yolo Bypass,C2VSIM Node,"473","411",CH,BYP,,YBP,"2",SAC
"POINT (-120.952979609132 39.1357797494567)",RLLNS,49.96,Bear River,Rollins Reservoir/Dam,,,STR,NSM,,,,SAC
"POINT (-120.954594525155 39.1327712828575)",BEC000,0.11,Bear River Canal,Bear River Canal near Colfax,,,CH,SG,"11422000",BEC,"0",SAC
"POINT (-121.02474252026 38.9824937345404)",BEC021,21.39,Bear River Canal,Inflow from Bowman Feeder,,,CH,CNL,,BEC,"21",SAC
"POINT (-121.037217790235 38.974334745394)",BEC022,22.36,Bear River Canal,Diversion to Bowman WTP,,,CH,CNL,,BEC,"22",SAC
"POINT (-121.189919650613 38.9143274032635)",24_NA1,,,Nevada ID,,,NP,A,,,,SAC
"POINT (-121.075730175236 39.235653703982)",NIDD1,,,Nevada ID - Deer Creek System Ag Demand No.1,,,OM,OMD,,,,SAC
"POINT (-121.088954229059 39.0035718236332)",CBC001,0.77,Combie Ophir Canal,Spil to Coon Creek by way of Orr Creek and Gold Hill Canal,,,CH,CNL,,CBC,"1",SAC
"POINT (-121.083265361301 39.0119188687737)",CBC000,,Combie Ophir Canal,Diversion point from Combie Aqueduct,,,CH,CNL,,CBC,"0",SAC
"POINT (-121.138417085825 38.9741415627836)",CCK036,36.33,Coon Creek,Spill from Combie Ophir Canal,,,CH,STM,,CCK,"36",SAC
"POINT (-121.010554405907 39.2305384566055)",WLF021,20.64,Wolf Creek,D-S Canal Spill to Wolf Creek,,,CH,STM,,WLF,"21",SAC
"POINT (-121.130667542386 39.0339812967626)",BRR031,31.13,Bear River,Conceptual Tarr Canal return.  Not really Tarr Canal location.,,,CH,STM,,BRR,"31",SAC
"POINT (-121.164788458017 39.1392325082409)",NIDB1,,Tarr Ditch,Nevada ID - Tarr Ditch.  Includes diversion from Combie Lake. Bear River Shed,,,OM,OMD,,,,SAC
"POINT (-121.335461474537 38.9414358618798)",CCK022,21.65,Coon Creek,Return from 24_NA1,,,CH,STM,,CCK,"22",SAC
"POINT (-121.101931014335 38.8884336285298)",ABT002,2.23,Auburn Tunnel,Auburn Tunnel Pump Station offset (530' east) for display,,,CH,CNL,,ABT,"2",SAC
"POINT (-121.103786340146 38.8876797035228)",STH001,0.39,South Canal,,,,CH,CNL,,STH,"1",SAC
"POINT (-121.119635952168 38.8898876070832)",ABN026,25.95,Auburn Ravine,Outfall from Auburn Tunnel,,,CH,STM,,ABN,"26",SAC
"POINT (-121.098612151313 38.8894984783394)",STH000,,South Canal,Spill to Auburn Ravine,,,CH,CNL,,STH,"0",SAC
"POINT (-121.004419216849 38.9892686471011)",LBC030,30.03,Lower Boardman Canal,Bowman Feeder Diversion point,,,CH,CNL,,LBC,"30",SAC
"POINT (-121.019678114557 38.9686704101462)",LBC032,31.94,Lower Boardman Canal,Inflow from Ragsdale Random,,,CH,CNL,,LBC,"32",SAC
"POINT (-121.117892909399 38.8599199557405)",STH004,3.62,South Canal,Diversion to Foothill Water Treatment Plant.  Location not exact.,,,CH,CNL,,STH,"4",SAC
"POINT (-121.229993431343 38.7764308873211)",SCR002,2.25,Secret Ravine,,,,CH,STM,,SCR,"2",SAC
"POINT (-121.094389142724 38.8365779264255)",MRM001,0.46,Mormon Ravine near Newcastle,Measured from N.Fork American centerline,,,CH,SG,"11425418",MRM,"1",SAC
"POINT (-121.0930261181 38.8351882024461)",STH007,6.63,South Canal,Newcastle Power Plant near Newcastle,,,CH,SG,"11425416",STH,"7",SAC
"POINT (-121.183631477786 38.6952336091444)",26N_PU3,,,,,,PR,U,,,,SAC
"POINT (-121.366782696562 38.7131431255387)",26N_NU1,,,,,,PR,U,,,,SAC
"POINT (-121.237959690475 38.6946710325227)",26N_PU2,,,,,,PR,U,,,,SAC
"POINT (-121.321484033381 38.6259362674418)",26N_NU2,,,,,,PR,U,,,,SAC
"POINT (-121.369126268715 38.5904753813002)",26N_NU5,,,,,,NP,U,,,,SAC
"POINT (-121.227476033329 38.6350916466081)",AMR022,22.07,American River,American River at Fair Oaks,,,CH,SG,"11446500",AMR,"22",SAC
"POINT (-121.283027064399 38.603291472695)",26S_PU2,,,,,,PR,U,,,,SAC
"POINT (-121.216721395985 38.6111794246159)",26S_NU4,,,AeroJet/Boeing groundwater remediation,,,NP,U,,,,SAC
"POINT (-121.416775895942 38.5595454192576)",AMR007,7.27,American River,Diversion to Fairbairn Water Treatment Plant,,,CH,STM,,AMR,"7",SAC
"POINT (-121.388548358108 38.4941820485278)",26S_NU3,,,,,,NP,U,,,,SAC
"POINT (-121.329599542307 38.4214932508388)",26S_PU5,,,,,,PR,U,,,,SAC
"POINT (-121.43129756967 38.4247991681317)",26S_PU4,,,,,,PR,U,,,,SAC
"POINT (-121.087973824501 38.8323336693277)",NFA011,10.95,North Fork American River,Inflow from Mormon Ravine and Newcastle Power Plant,,,CH,STM,,NFA,"11",SAC
"POINT (-122.80356536928 40.7198626614591)",TRN111,111.19,Trinity River,Trinity River at Lewiston,,,CH,SG,"11525500",TRN,"111",SAC
"POINT (-122.626270767759 40.6480085825931)",CLR025,25.21,Clear Creek,Judge Francis Carr PH outfall,,,CH,STM,,CLR,"25",SAC
"POINT (-121.109140957437 38.8429345491738)",STH005,5.19,South Canal,South Canal Spillway near Newcastle,,,CH,CNL,"11425417",STH,"5",SAC
"POINT (-120.802874803032 39.2159037858223)",LBR002,2.16,Little Bear River,Alta Powerhouse,,,CH,SG,"11421725",LBR,"2",SAC
"POINT (-120.836969717275 39.2173067841664)",BRR061,60.91,Bear River,Dutch Flat Powerhouse outfall. Confluence wtih Little Bear River,,,CH,STM,,BRR,"61",SAC
"POINT (-120.751696576923 39.2421018493809)",CYN009,9.41,Canyon Creek (South),Canyon Creek below Towle Diversion near Blue Canyon,,,CH,SG,"11426196",CYN,"9",SAC
"POINT (-120.744482928205 39.2463073190605)",CYN010,9.9,Canyon Creek,Inflow from Towle Diversion from Drum Forebay,,,CH,STM,,CYN,"10",SAC
"POINT (-120.750174693915 39.2494969201734)",DRM009,9.48,Drum Canal,Drum Forebay and Towle Diversion Pipeline,,,CH,CNL,,DRM,"9",SAC
"POINT (-120.767892599911 39.2570033755232)",BRR067,66.41,Bear River,Retrun from Drum Canal,,,CH,STM,,BRR,"67",SAC
"POINT (-120.775124274013 39.2542612909537)",BRR066,65.91,Bear River,Dutch Flat Diversions to Tunnel and Flume/Bear River below Drum Afterbay. Combined Flow USGS11421770+USGS11421750+USGS11421760.,,,CH,SG,11421770 / 11421750 / 11421760,BRR,"66",SAC
"POINT (-120.72990970925 39.2648746820953)",DRM008,7.76,Drum Canal,Drum Canal near Drum Forebay near Blue Canyon,,,CH,SG,"11414190",DRM,"8",SAC
"POINT (-120.664564577832 39.3057495476622)",DRM003,1.96,Drum Canal,Inflow from Lake Valley Canal,,,CH,CNL,,DRM,"3",SAC
"POINT (-120.642533853082 39.2989117324908)",LVC001,1.45,Lake Valley Canal,Lake Valley Canal near Emigrant Gap,,,CH,SG,"11426190",LVC,"1",SAC
"POINT (-121.249056720878 37.8812385664248)",FCS006,5.64,French Camp Slough,French Camp Slough near French Camp,,,CH,SG,DWR  B0-2805,FCS,"6",SJR
"POINT (-121.236166818589 37.8764677405233)",FCS007,6.56,French Camp Slough,Confluence with Littlejohns Creek.,,,CH,STM,,FCS,"7",SJR
"POINT (-120.806710625075 37.1551095976544)",SAL017,16.52,Salt Slough,Confluence with Mud Slough (South).,,,CH,STM,"11261000",SAL,"17",SJR
"POINT (-120.947983375212 37.299466133366)",MSN004,4.02,Mud Slough (North),Confluence with Los Banos Creek,,,CH,STM,,MSN,"4",SJR
"POINT (-120.906157082442 37.2612579111517)",MSN009,9.31,Mud Slough (North),Confluence with San Luis Drain,,,CH,STM,"11262900",MSN,"9",SJR
"POINT (-120.940877435777 37.2157328766155)",LBN008,7.94,Los Banos Creek,Confluence with Garzas Creek,,,CH,STM,,LBN,"8",SJR
"POINT (-120.905824305554 37.1856661705126)",LBN012,11.74,Los Banos Creek,Confluence with Volta Wasteway,,,CH,STM,,LBN,"12",SJR
"POINT (-120.889433353754 37.0289628623431)",LBN025,25,Los Banos Creek,,,,CH,STM,,LBN,"25",SJR
"POINT (-120.932754237611 36.9928242417163)",BANOS,27.96,Los Banos Creek,Los Banos Reservoir/Los Banos Creek Detention Dam,,,STR,SIM,,,,SJR
"POINT (-120.919192582314 37.1301896760294)",VLW008,8,Volta Wasteway,,,,CH,CNL,,VLW,"8",SJR
"POINT (-121.015923414453 37.2932253238572)",NMW004,4,Newman Wasteway,,,,CH,CNL,,NMW,"4",SJR
"POINT (-121.127217256149 37.2358310868661)",GRZ012,12,Garzas Creek,USGS Gage.,,,CH,STM,"11263050",GRZ,"12",SJR
"POINT (-121.070526988689 37.3489054306224)",ORT009,9,Orestimba Creek,C2VSIM node.,"682","129",CH,STM,,ORT,"9",SJR
"POINT (-121.13502049978 37.3100686384136)",ORT014,14,Orestimba Creek,Orestimba Creek near Newman. C2VSIM node.,"681","128",CH,SG,"11274500",ORT,"14",SJR
"POINT (-120.980704058774 37.2991995037618)",RFS72B,,,,,,RFS,NA,,,,SJR
"POINT (-119.955817436754 37.0836416831939)",DBC024,24.24,Dry Creek/Berenda Creek (Conceptual Combination),Conceptual representation of both Dry Creek and Berenda Creek Inflow.,,,CH,STM,,DBC,"24",SJR
"POINT (-120.07288720867 37.046172235955)",DBC014,14.1,Dry Creek/Berenda Creek (Conceptual Combination),Diversion to 64_PA1,,,CH,STM,,DBC,"14",SJR
"POINT (-121.212298580024 37.4830434875431)",DPC008,8,Del Puerto Creek,,,,CH,STM,"11274630",DPC,"8",SJR
"POINT (-121.203772876674 37.5308161240119)",WWW001,1,Westley Wasteway,,,,CH,CNL,,WWW,"1",SJR
"POINT (-119.779293456301 36.9651775708822)",MDC006,6.17,Madera Canal,C2VSIM node.,,,CH,CNL,,MDC,"6",SJR
"POINT (-119.91507202127 37.0660313680947)",FRS045,45,Fresno River,C2VSIM node.  Spill from Madera Canal,"826","69",CH,STM,,FRS,"45",SJR
"POINT (-119.976608074152 37.0198395341596)",FRS039,40,Fresno River,C2VSIM node.,"825","70",CH,STM,,FRS,"39",SJR
"POINT (-119.908229174455 37.0691723678546)",MDC019,18.83,Madera Canal,C2VSIM node. Added node with Andy on 2/12/08.,,,CH,CNL,,MDC,"19",SJR
"POINT (-119.908020541522 37.0716885525877)",FRS046,46.44,Fresno River,,,,CH,STM,,FRS,"46",SJR
"POINT (-120.877186457807 37.8617195271592)",WDWRD,,,Woodward Reservoir,"587",,STR,SIM,"11300700",,,SJR
"POINT (-120.999148106348 37.7805234354883)",RFS61C,,,,,,RFS,NA,,,,SJR
"POINT (-121.217212643327 37.6968825781035)",61_NA6,,,,,,NP,A,,,,SJR
"POINT (-121.215412732709 37.794579624691)",61_NU2,,,"Lathrop, Escalon, Manteca",,,NP,U,,,,SJR
"POINT (-121.260786421984 37.7941027393886)",MAWWTP,,,Manteca  WWTP,,,WWTP,NA,,,,SJR
"POINT (-121.42108917966 37.7662097129315)",TCWWTP,,,City of Tracy WWTP,,,WWTP,NA,,,,SJR
"POINT (-120.998626441585 37.7417347598791)",61_NA4,,,,,,NP,A,,,,SJR
"POINT (-120.893190431196 37.7352738976257)",RFS61B,,,,,,RFS,NA,,,,SJR
"POINT (-120.850476269754 37.7355898326074)",61_PA2,,,,,,PR,A,,,,SJR
"POINT (-120.802277282404 37.7456768103997)",OAK020,19.9,,,,,CH,CNL,,OAK,"20",SJR
"POINT (-120.920162308963 37.6820911706092)",61_NA2,,,,,,NP,A,,,,SJR
"POINT (-120.673923341522 37.6531464942662)",WTPMOD,,,Modesto Regional WTP,,,WTP,NA,,,,SJR
"POINT (-121.012440549049 37.6507267605535)",61_NU1,,,"Modesto, Salida, Waterford, Hickman, Del Rio, Grayson, Empire",,,NP,U,,,,SJR
"POINT (-121.011891824558 37.6102706460149)",MOWWTP,,,Sutter Ave Primary Treatment Plant,,,WWTP,NA,,,,SJR
"POINT (-121.174548860754 37.6293853181458)",61_NA5,,,,,,NP,A,,,,SJR
"POINT (-121.174999205767 37.657977650765)",RFS61A,,,,,,RFS,NA,,,,SJR
"POINT (-121.109921745632 37.5885360131599)",61_NA3,,,,,,NP,A,,,,SJR
"POINT (-120.831616131399 38.1506857853345)",WTPJYL,,,Jenny Lind WTP,,,WTP,NA,,,,SJR
"POINT (-120.529345446588 37.6281249512955)",TUO047,47,Tuolumne River,C2VSIM node.,"656","136",CH,STM,,TUO,"47",SJR
"POINT (-120.444405495371 37.6721155593336)",TUO054,53.85,Tuolumne River,La Grange Dam/Reservoir.,,,CH,STM,"11289600",TUO,"54",SJR
"POINT (-120.421958197722 37.7005430520951)",PEDRO,56.49,Tuolumne River,Don Pedro Reservoir/Dam,,,STR,SIM,"11288000",,,SJR
"POINT (-120.594268486731 37.6117155590751)",TRLCH,11.81,Turlock Main Canal,Turlock Lake,"666",,STR,SIM,,,,SJR
"POINT (-120.674852648601 37.6561463245554)",MDSTO,15.86,Modesto Main Canal,Modesto Reservoir/Dallas Warner Reservoir.,"644",,STR,SIM,,,,SJR
"POINT (-120.893163262317 37.3579911045235)",MCD009,9,Merced River,C2VSIM node.,"694","123",CH,STM,,MCD,"9",SJR
"POINT (-120.830865985181 37.3777070199981)",MCD014,14,Merced River,C2VSIM node.,"695","122",CH,STM,,MCD,"14",SJR
"POINT (-120.741641410895 37.3998121991246)",MCD021,21,Merced River,C2VSIM node.,"696","121",CH,STM,,MCD,"21",SJR
"POINT (-121.219827633829 37.5560167558321)",71_PA2,,,,,,PR,A,,,,SJR
"POINT (-121.29189022132 37.5763547345483)",71_PA1,,,,,,PR,A,,,,SJR
"POINT (-121.219147289843 37.5142421268896)",71_PA3,,,,,,PR,A,,,,SJR
"POINT (-121.133203630492 37.4724447164012)",71_NU,,,Patterson,,,NP,U,,,,SJR
"POINT (-121.090939054643 37.4936203234179)",71_PA4,,,,,,PR,A,,,,SJR
"POINT (-120.650659381302 37.0447062207969)",ARY010,10,Arroyo Canal,,,,CH,CNL,,ARY,"10",SJR
"POINT (-120.896622689284 37.2945263957093)",SJR127,126.9,San Joaquin River,Confluence with Salt Slough,,,CH,STM,,SJR,"127",SJR
"POINT (-120.85132640011 37.2953056926352)",SJR131,130.94,San Joaquin River,San Joaquin River near Stevinson,,,CH,SG,11260815 / DWR (SJS),SJR,"131",SJR
"POINT (-120.827554018389 37.2796971437717)",SJR134,133.74,San Joaquin River,C2VSIM node. Confluence with Eastside Bypass (Bear Creek).,"715","104",CH,STM,,SJR,"134",SJR
"POINT (-120.797266189981 37.2229116229729)",SJR141,141,San Joaquin River,C2VSIM node.,"728","103",CH,STM,,SJR,"141",SJR
"POINT (-120.763074204389 37.2037957471095)",SJR145,145.34,San Joaquin River,C2VSIM node. Confluence with Mariposa Bypass.,"749","92",CH,STM,,SJR,"145",SJR
"POINT (-120.742941182307 37.1565736060427)",SJR152,152,San Joaquin River,C2VSIM node.,"768","91",CH,STM,,SJR,"152",SJR
"POINT (-120.683144392761 37.1463115064674)",SJR157,157,San Joaquin River,C2VSIM node.,"769","90",CH,STM,,SJR,"157",SJR
"POINT (-119.877330539115 37.0216169117798)",COT033,33,Hildreth Creek,"Cottonwood does not meet the rim watershed, so used Hildreth to extend it.",,,CH,STM,,COT,"33",SJR
"POINT (-119.707485538655 36.9979987479891)",SJR265,264.9,San Joaquin River,Confluence wtih Cottonwood Creek.,,,CH,STM,,SJR,"265",SJR
"POINT (-120.080581180689 37.1234302668697)",MDC032,32,Madera Canal,"Madera ID Lateral  24-2, 32-2",,,CH,CNL,,MDC,"32",SJR
"POINT (-120.450311995656 36.9956480378048)",64_NA2,,,Non District Ag,,,NP,A,,,,SJR
"POINT (-120.27630856117 37.3771860377318)",BUR005,4.58,Burns Creek,USACOE Gage - BUR,,,CH,SG,USACE (BUR),BUR,"5",SJR
"POINT (-120.589562843314 37.1119505856958)",SJR166,166.44,San Joaquin River,C2VSIM node. San Joaquin River (4B) Headgates. Salt Slough connection to Eastside Bypass.,"784","79",CH,STM,,SJR,"166",SJR
"POINT (-120.542753639606 37.0463956020194)",SJR173,173,San Joaquin River,C2VSIM node.,"798","68",CH,STM,,SJR,"173",SJR
"POINT (-120.500812095364 36.994947920865)",SJR179,179,San Joaquin River,San Joaquin River near Dos Palos,,,CH,SG,DWR B0-7610,SJR,"179",SJR
"POINT (-120.500170851988 36.9836734172641)",SJR180,180,San Joaquin River,C2VSIM node. Sack Dam diversion to Arroyo Canal,"818","67",CH,STM,,SJR,"180",SJR
"POINT (-120.464413196884 36.9312345348801)",SJR185,185,San Joaquin River,C2VSIM node.,"829","66",CH,STM,,SJR,"185",SJR
"POINT (-120.452404088756 36.8665069114131)",SJR192,192,San Joaquin River,C2VSIM node.,"843","65",CH,STM,,SJR,"192",SJR
"POINT (-120.42907110112 36.8432839918561)",SJR195,195.06,San Joaquin River,Confluence with Firebaugh Wasteway,,,CH,STM,,SJR,"195",SJR
"POINT (-120.399848540589 36.822222828236)",SJR198,198,San Joaquin River,C2VSIM node.,"858","64",CH,STM,,SJR,"198",SJR
"POINT (-120.378007056997 36.8101966296273)",SJR200,200,San Joaquin River,San Joaquin River near Mendota,,,CH,SG,11254000 / DWR (MEN),SJR,"200",SJR
"POINT (-121.125650959107 37.4454270149139)",71_PA5,,,,,,PR,A,,,,SJR
"POINT (-120.368125804147 36.8069434098863)",SJR201,200.85,San Joaquin River,C2VSIM node. Confluence with proposed Mendota Bypass return.,"872","53",CH,STM,,SJR,"201",SJR
"POINT (-120.34983853854 36.7982687241836)",SJR205,205.26,San Joaquin River,Diversion to proposed Mendota Pool Bypass,,,CH,STM,,SJR,"205",SJR
"POINT (-120.284022573594 36.7733964168065)",SJR214,213.73,San Joaquin River,San Joaquin River below Chowchilla Bypass Bifurcation Structure. DWRB07798,"873","61",CH,SG,DWR  B0-7798,SJR,"214",SJR
"POINT (-120.285920437867 36.7732961837834)",SJR213,213.62,San Joaquin River,San Joaquin River below Chowchilla Bypass,,,CH,SG,DWR B0-7798 (SJB),SJR,"213",SJR
"POINT (-120.201400703658 36.7845585487966)",SJR221,221,San Joaquin River,C2VSIM node.,"874","60",CH,STM,,SJR,"221",SJR
"POINT (-120.159727432864 36.7981410708699)",SJR225,225.13,San Joaquin River,San Joaquin River at Gravelly Ford,,,CH,SG,DWR (GRF),SJR,"225",SJR
"POINT (-120.139136184545 36.8078874316605)",SJR227,227.48,San Joaquin River,C2VSIM node. San Joaquin River at Whitehouse. USGS11253050/DWRB07780,"875","59",CH,SG,"11253050",SJR,"227",SJR
"POINT (-120.01510840258 36.827282455108)",SJR235,235,San Joaquin River,C2VSIM node.,"876","58",CH,STM,,SJR,"235",SJR
"POINT (-119.921503850666 36.846406137089)",SJR242,242,San Joaquin River,C2VSIM node.,"877","57",CH,STM,"11252500",SJR,"242",SJR
"POINT (-119.836397000717 36.8537406974589)",SJR249,249,San Joaquin River,C2VSIM node.,"878","56",CH,STM,,SJR,"249",SJR
"POINT (-119.750645669237 36.9274262489728)",SJR258,258.09,San Joaquin River,Confluence with Little Dry Creek,,,CH,STM,,SJR,"258",SJR
"POINT (-119.724268379301 36.9841935798522)",SJR263,263.49,San Joaquin River,San Joaquin River below Friant Dam. C2VSIM node.,"880","54",CH,SG,"11251000",SJR,"263",SJR
"POINT (-119.705413840131 36.9994012112306)",MLRTN,262.06,San Joaquin River,Millerton Lake/Friant Dam,,,STR,SIM,"11250000",,,SJR
"POINT (-121.069672028794 37.5858939851983)",TUO010,10,Tuolumne River,C2VSIM node.,"650","142",CH,STM,,TUO,"10",SJR
"POINT (-121.001455725162 37.6117985466089)",TUO015,15,Tuolumne River,C2VSIM node.,"651","141",CH,STM,,TUO,"15",SJR
"POINT (-120.905447316609 37.6189677507)",TUO022,22,Tuolumne River,C2VSIM node.,"652","140",CH,STM,,TUO,"22",SJR
"POINT (-120.805271562973 37.6153341902984)",TUO030,30,Tuolumne River,C2VSIM node.,"653","139",CH,STM,,TUO,"30",SJR
"POINT (-120.708709663352 37.6379899385157)",TUO036,36,Tuolumne River,C2VSIM node.,"654","138",CH,STM,,TUO,"36",SJR
"POINT (-120.594724872576 37.6344548753083)",TUO043,43,Tuolumne River,C2VSIM node.,"655","137",CH,STM,,TUO,"43",SJR
"POINT (-120.359001163542 36.1399993560023)",90_PU,,,"Coalinga, Huron, Avenal",,,PR,U,,,,SJR
"POINT (-120.163023770161 36.2206991851018)",90_PA2,,,,,,PR,A,,,,SJR
"POINT (-120.839042054087 37.0760085334478)",72_NU,,,"Los Banos, Gustine, Firebaugh, Newman",,,NP,U,,,,SJR
"POINT (-120.758300392238 36.9965220508643)",72_PR6,,,,,,PR,R,,,,SJR
"POINT (-120.781915759073 37.0151577205961)",RFS72A,,,,,,RFS,NA,,,,SJR
"POINT (-120.771233066563 37.039827402384)",MSS014,14,Mud Slough (South),,,,CH,STM,,MSS,"14",SJR
"POINT (-120.551548735458 36.9774111193428)",72_XA2,,,CCID (South),,,X,A,,,,SJR
"POINT (-120.66245615176 36.9795257315363)",72_PA,,,,,,PR,A,,,,SJR
"POINT (-120.769459995944 36.8774913628555)",73_PA3,,,,,,PR,A,,,,SJR
"POINT (-120.484858406235 36.8297429266204)",73_XA,,,,,,X,A,,,,SJR
"POINT (-120.632436185516 36.8936363730838)",73_PA2,,,,,,PR,A,,,,SJR
"POINT (-120.621618301904 36.9876982317437)",72_PU,,,South Dos Palos (Dos Palos Station),,,PR,U,,,,SJR
"POINT (-120.788299231825 37.2047102485106)",72_PR3,,,,,,PR,R,,,,SJR
"POINT (-120.718318522577 37.1093216821872)",72_XA1,,,,,,X,A,,,,SJR
"POINT (-120.496673380213 36.8850124769406)",XCC010,10,,,,,CH,CNL,,XCC,"10",SJR
"POINT (-120.414594821 36.8531552154116)",64_XA,,,,,,X,A,,,,SJR
"POINT (-120.267466460278 36.6770690795801)",FSL012,12.1,Fresno Slough,C2VSIM Node. Confluence with James Bypass,"892","51",CH,STM,,FSL,"12",SJR
"POINT (-120.340699281072 36.7049768038009)",91_PR,,,,,,PR,R,,,,SJR
"POINT (-120.281665887746 36.6655987493209)",91_PA,,,,,,PR,A,,,,SJR
"POINT (-120.987306967586 37.3586576339048)",72_NA1,,,,,,NP,A,,,,SJR
"POINT (-121.046174843027 37.1900101834384)",71_PA6,,,,,,PR,A,,,,SJR
"POINT (-121.153903512855 37.3837236884985)",71_PA7,,,,,,PR,A,,,,SJR
"POINT (-121.352704663438 37.627884772462)",CAA024,24,California Aqueduct,,,,CH,CNL,,CAA,"24",SJR
"POINT (-120.817366628286 39.2072374731303)",LBC001,1,Lower Boardman Canal,Lake Alta,,,CH,CNL,,LBC,"1",SAC
"POINT (-120.898723990544 39.1475088984856)",LBC010,10,Lower Boardman Canal,"Diversion to Off-Model (Monte Vista, Applegate,Colfax)",,,CH,CNL,,LBC,"10",SAC
"POINT (-121.531827479934 39.938085078892)",WBF030,29.3,West Branch Feather River,Hendricks Diversion Dam,,,CH,STM,"11405200",WBF,"30",SAC
"POINT (-121.632485659354 39.8693879674268)",BTC060,60.23,Butte Creek,De Sabla Powerhouse,,,CH,STM,"11389750",BTC,"60",SAC
"POINT (-121.571266805464 39.8139877866876)",WBF015,15.2,West Branch Feather River,Miocene Diversion Dam,,,CH,STM,,WBF,"15",SAC
"POINT (-120.720053504482 38.3126673427541)",MOK079,79,Mokelumne River,Mokelumne River near Mokelumne Hill. USGS 11319500,,,CH,SG,"11319500",MOK,"79",SAC
"POINT (-121.019820760589 39.7252234445063)",LGRSV,38.66,South Fork Feather River,USGS 11395030 South Fork Feather River below Little Grass Valley Dam.  Little Grass Valley Reservoir,,,STR,NA,"11395030",,,SAC
"POINT (-121.11807165428 39.6489242345809)",SFF029,28.98,South Fork Feather River,South Fork Diversion Dam,,,CH,STM,,SFF,"29",SAC
"POINT (-121.608474825679 39.3943221510667)",12_SA,,,Miscellaneous Riparian Diverters,,,S,A,,,,SAC
"POINT (-121.303650741089 39.5495000456238)",SFF011,11,South Fork Feather River,USGS 11396350 South Fork Feather River at Ponderosa Dam.  Ponderosa Diversion Dam/Reservoir,,,CH,SG,"11396350",SFF,"11",SAC
"POINT (-121.115529687479 39.5825933933195)",SLYCK,5.3,Lost Creek,Sly Creek Reservoir,,,STR,,,,"5",SAC
"POINT (-121.136887552364 39.5752887718566)",LST004,3.8,Lost Creek,Lost Creek Reservoir,,,CH,STM,"11396000",LST,"4",SAC
"POINT (-121.189597299415 39.5639440372622)",SFF020,19.72,South Fork Feather River,Confluence with Lost Creek,,,CH,STM,,SFF,"20",SAC
"POINT (-121.459888194621 39.5108005451913)",WTPMNR,,,Miners Ranch WTP,,,WTP,NA,"11396330",,,SAC
"POINT (-121.457180198981 39.5075153373933)",MNRRH,,,Miners Ranch Reservoir,,,STR,NA,"11396330",,,SAC
"POINT (-121.491977824793 39.5323498221334)",FTR072,71.7,Feather River,Kelly Powerhouse Outfall,,,CH,STM,,FTR,"72",SAC
"POINT (-121.59047230321 39.3079931096786)",HON004,3.74,Honcut Creek,"Return flow from RFS13, 12_NA and 13_NA",,,CH,STM,,HON,"4",SAC
"POINT (-121.703812828358 39.1708280608817)",WWC006,5.9,Wadsworth Canal/East Interceptor Canal,,,,CH,CNL,,WWC,"6",SAC
"POINT (-121.771597669682 39.7334879706818)",LCC038,37.76,Little Chico Creek,Diversion Dam_Actually Angel Slough below about RM 21,,,CH,STM,,LCC,"38",SAC
"POINT (-121.874549316844 39.7026840078484)",LCC029,29,Little Chico Creek,Non-specific diversions to M&T/Parrot,,,CH,STM,,LCC,"29",SAC
"POINT (-121.881664280144 39.6863845628069)",ESL008,8.41,Edgar Slough,Edgar Slough by way of Crouch Ditch,,,CH,CNL,,ESL,"8",SAC
"POINT (-121.642221740097 38.7807331701339)",SSL001,1.23,Sutter Bypass,Confluence of Sacramento Slough and Sutter Bypass,,,CH,SG,DWR (SSK),SSL,"1",SAC
"POINT (-121.656147339568 38.7844850863233)",RD1500,,Sacramento Slough,DWR Gage (SBP) at Karnak,,,PS,SG,DWR (SBP),,,SAC
"POINT (-121.749731725123 39.164795738107)",17S_NU,,,,,,NP,U,,,,SAC
"POINT (-121.14139055051 39.3925028098474)",NBLDB,2.33,North Yuba River,New Bulllards Bar Reservoir,,,STR,,DWR - (BUL),,"2",SAC
"POINT (-121.092218283195 39.5255640141315)",NFY017,17,North Yuba River,Confluence of North Yuba River and Slate Creek,,,CH,STM,"11413100",NFY,"17",SAC
"POINT (-121.069510113281 38.9127391992723)",LBC040,39.68,Lower Boardman Canal,Inflow from Fiddler Green Diversion,,,CH,CNL,,LBC,"40",SAC
"POINT (-121.513818510904 38.601897066088)",SAC064,63.34,Sacramento River,Inflow from Natomas East Main Drain,,,CH,STM,,SAC,"64",SAC
"POINT (-121.424230909801 38.7272832239902)",26N_NA,,,,,,NP,A,,,,SAC
"POINT (-121.476989518926 38.6645962889215)",EMD007,6.68,Natomas East Main Drainage Canal,Inflow from Dry Creek,,,CH,CNL,,EMD,"7",SAC
"POINT (-121.291871328463 38.7679543340864)",26N_PU1,,,City of Roseville,,,PR,U,,,,SAC
"POINT (-121.380557958886 38.7888432785612)",PGWWTP,,,Pleasant Grove Wastewater Treatment Plant,,,WWTP,NA,,,,SAC
"POINT (-121.378818445542 38.8970382285478)",24_NA2,,,,,,NP,A,,,,SAC
"POINT (-121.35583732666 38.8726415644058)",ABN010,10.38,Auburn Ravine,Moore Canal Diversion,,,CH,STM,,ABN,"10",SAC
"POINT (-120.959176731678 39.1313439958333)",BRR049,49.47,Bear River,Bear River below Rollins Dam near Colfax,,,CH,SG,"11422500",BRR,"49",SAC
"POINT (-121.103755091198 38.8856604874743)",WTPOPH,,,Proposed Ophir Water Treatment Plant,,,WTP,PRP,,,,SAC
"POINT (-121.051564438708 39.6156386848377)",SLT009,8.79,Slate Creek,Slate Creek Tunnel Diversion Dam,,,CH,STM,"11413250",SLT,"9",SAC
"POINT (-121.052244356404 39.6143519718531)",SLT008,8.7,Slate Creek,Gage node.,,,CH,SG,"11413300",SLT,"8",SAC
"POINT (-121.099022501591 39.6111314347612)",LST007,7.76,Lost Creek,Inflow to Sly Creek Reservoir from South Fork Power Tunnel and Slate Creek Power Tunnel,,,CH,STM,"11413250",LST,"7",SAC
"POINT (-121.267708479679 39.2248482835871)",DER001,1,Deer Creek,Approximate gage location,,,CH,SG,"11418500",DER,"1",SAC
"POINT (-121.058775121464 39.440287459789)",OGN005,4.24,Oregon Creek,YCWA Log Cabin Dam/Camptonville Tunnel Intake,,,CH,STM,,CMT,"5",SAC
"POINT (-122.476610239421 40.3844538659396)",CWD018,18,Cottonwood Creek,,,,CH,SG,"11375810",CWD,"18",SAC
"POINT (-122.445093714067 40.3258409456596)",SCW008,7.79,South Fork Cottonwood Creek,South Fork Cottonwood Creek (Discontinued),,,CH,SG,"11375870",SCW,"8",SAC
"POINT (-122.146390477395 40.398035815188)",BTL006,5.758,Battle Creek,,"038","220",CH,SG,"11376550",BTL,"6",SAC
"POINT (-122.186896575785 40.2887548832775)",SAC257,257.27,Sacramento River,Sacramento River above Bend Bridge near Red Bluff. USGS11377100/DWRA02788,,,CH,SG,"11377100",SAC,"257",SAC
"POINT (-122.119208959259 40.2036645080396)",ANT011,11.4,Antelope Creek,,,,CH,SG,"11379000",ANT,"11",SAC
"POINT (-122.091877178534 39.9093253334565)",SAC217,217.27,Sacramento River,Gage at Vina-Woodson Bridge,,,CH,SG,11383730 / DWR A0-2700 (VIN),SAC,"217",SAC
"POINT (-121.996523792844 39.7511042231501)",SAC201,201.38,Sacramento River,Gage at Hamilton City,,,CH,SG,11383800 / DWR A0-2630 (HMC),SAC,"201",SAC
"POINT (-121.97035535447 39.6481541509723)",SAC188,188,Sacramento River,3BS Overflow,"144","275",CH,STM,,SAC,"188",SAC
"POINT (-121.967043428728 39.9980988771118)",DRC010,10,Deer Creek,Cone Kimball Ditch,"096","256",CH,STM,,DRC,"10",SAC
"POINT (-121.753404906634 39.7753491921771)",BCC014,13.71,Big Chico Creek,,,,CH,SG,"11384000",BCC,"14",SAC
"POINT (-121.91050731399 39.6951106599839)",CHWWTP,,,City of Chico WWTP,,,WWTP,NA,,,,SAC
"POINT (-121.841610640896 39.7548400445579)",10_NU1,,,City of Chico,,,NP,U,,,,SAC
"POINT (-122.501682242615 39.8999338891591)",THM026,26,Thomes Creek,,"108","248",CH,STM,"11382000",THM,"26",SAC
"POINT (-122.227511206743 39.109582363019)",TCC085,85.45,Tehama-Colusa Canal,Williams Wasteway,,,CH,CNL,,TCC,"85",SAC
"POINT (-121.972076440375 38.8487848145663)",TCC111,110.89,Tehama-Colusa Canal,Canal End,,,CH,CNL,,TCC,"111",SAC
"POINT (-122.09391450831 39.3087366791475)",08N_PR2,,,Delevan NWR,,,PR,R,,,,SAC
"POINT (-121.800901340036 38.8236845367084)",CBD005,5,Colusa Basin Drain,C2VSIM Node.,"326","328",CH,CNL,,CBD,"5",SAC
"POINT (-122.566466139158 38.9230637612661)",CCH083,83.32,Cache Creek,Cache Creek near Lower Lake,,,CH,SG,"11451000",CCH,"83",SAC
"POINT (-122.503512850335 38.9808752557572)",CCH075,74.97,Cache Creek,Confluence with North Fork Cache Creek,,,CH,STM,,CCH,"75",SAC
"POINT (-122.104607259482 38.7286864790942)",CCH032,32.26,Cache Creek,Cache Creek near Capay,,,CH,SG,"11452000",CCH,"32",SAC
"POINT (-122.259272652008 38.9018620289894)",CCH052,52,Cache Creek,Top of Capay Valley,,,CH,STM,,CCH,"52",SAC
"POINT (-122.627044441045 40.6470289756395)",CCT011,11.27,Clear Creek Tunnel,Judge Francis Carr Power Plant,,,CH,SG,"11525430",CCT,"11",SAC
"POINT (-122.452345434701 40.629237591117)",SAC301,300.79,Sacramento River,Spring Creek inflow from Spring Creek Power Plant,,,CH,STM,,SAC,"301",SAC
"POINT (-122.467492601506 40.6281301966273)",SPT003,3.19,Spring Creek Tunnel,Mileage measure from diversion not as digitized,,,CH,SG,"11371600",SPT,"3",SAC
"POINT (-121.406690416111 38.9997494417351)",BRR011,11.49,Bear River,Bear River near Wheatland,"332","359",CH,SG,11424000 / DWR (BRW),BRR,"11",SAC
"POINT (-121.577297025767 39.1443256619322)",YUB002,1.94,Yuba River,Yuba River at Marysville,,,CH,SG,"11421500",YUB,"2",SAC
"POINT (-121.605950285005 39.1387377418478)",FTR029,28.67,Feather River,Feather River at Yuba City. CalSim2 Node.,"283","348",CH,SG,DWR A0-5135 (YUB),FTR,"29",SAC
"POINT (-121.585788870154 39.1674486171136)",JCK002,2.18,Jack Slough,,,,CH,STM,,JCK,"2",SAC
"POINT (-121.052296867644 39.6159565112137)",SCT000,,Slate Creek Power Tunnel,Slate Creek Tunnel near Strawberry Valley,,,CH,SG,"11413250",SCT,"0",SAC
"POINT (-121.11653753048 39.6482596956105)",SFT000,,South Fork Power Tunnel,South Fork Tunnel near Strawberry Valley,,,CH,SG,"11395150",SFT,"0",SAC
"POINT (-121.716380451681 38.1047075814139)",SAC011,11,Sacramento River,C2VSIM node near Decker Island,"527","414",CH,STM,,SAC,"11",SAC
"POINT (-121.555413337145 37.817305931328)",OMR028,27.84,Old River,Diversion to Jones PP and Delta-Mendota Canal,,,CH,STM,,OMR,"28",SAC
"POINT (-121.594623512258 37.9720027886402)",RSL001,1.07,Rock Slough,Indian Slough confluence,,,CH,STM,,RSL,"1",SAC
"POINT (-121.565526471841 37.9162340518743)",OMR018,18.37,Old River,Confluence with Indian Slough,,,CH,STM,,OMR,"18",SAC
"POINT (-121.95712837119 38.0192586048038)",CCWD,,,Contra Costa Water District,,,OM,OMD,,,,SAC
"POINT (-122.131162018712 38.0676998580212)",BNCIA,,,City of Benicia,,,OM,OMD,,,,SAC
"POINT (-122.225897396161 40.2559976225253)",SAC254,254,Sacramento River,C2VSIM node.,"055","228",CH,STM,,SAC,"254",SAC
"POINT (-122.114831259156 40.0427058156285)",SAC229,228.48,Sacramento River,Confluence with Elder Creek,,,CH,STM,,SAC,"229",SAC
"POINT (-122.184793459263 39.924482875724)",04_NU2,,,"City of Corning, Gerber Water Works, Inc.",,,NP,U,,,,SAC
"POINT (-121.831957462345 39.9064349240258)",MNS000,,Minor Northeast Streams,,,,CH,NA,,MNS,,SAC
"POINT (-122.487182219017 39.4144307744396)",SCKWD,,,Stony Creek Water District,,,OM,OMD,,,,SAC
"POINT (-121.824626306434 39.009923733938)",SAC120,120.66,Sacramento River,Navigation Control Point (NCP) located at Wilkins Slough near USGS Gage - 11390500,,,CH,SG,"11390500",SAC,"120",SAC
"POINT (-121.724939499103 38.7994232207056)",CBD000,0.27,Colusa Basin Drain,Colusa Basin Drain Outfall Gates,,,CH,SG,DWR  A0-2945,CBD,"0",SAC
"POINT (-122.094373807903 38.256232814108)",SIDSH,,,Solano ID (South) demand from PSC024,,,OM,OMD,,,,SAC
"POINT (-121.548700590188 38.598613574159)",SAC065,65.44,Sacramento River,City of West Sacramento Diversion to Bryte Bend WTP,,,CH,STM,,SAC,"65",SAC
"POINT (-121.632538039266 38.6955502276416)",SAC075,75,Sacramento River,C2VSIM node,"361","371",CH,STM,,SAC,"75",SAC
"POINT (-121.792551312584 38.0187168008382)",SJR006,6,San Joaquin River,C2VSIM node,"532","203",CH,STM,,SJR,"6",SAC
"POINT (-121.572820272823 37.9698314115674)",OMR014,13.42,Old River/Middle River(simulated),Sum of gages: Old River at Bacon Island/Middle River at Middle River,,,CH,SG,11313405 / 11312676,OMR,"14",SAC
"POINT (-121.517160093665 38.2401144122792)",SAC029,29.12,Sacramento River,Bifurcation at Georgianna Slough,,,CH,STM,,SAC,"29",SAC
"POINT (-121.133037174598 38.8395705987755)",LBC049,49,Lower Boardman Canal,Conceptual diversion to 24_NA3,,,CH,CNL,,LBC,"49",SAC
"POINT (-121.151599018679 38.8393890615561)",24_NA3,,,,,,NP,A,,,,SAC
"POINT (-120.320357056526 37.3333013039378)",BCK033,33.4,Bear Creek,Confluence with Burns Creek,,,CH,STM,,BCK,"33",SJR
"POINT (-120.679445147485 37.2053389591792)",DED003,3.02,Deadman Creek,,,,CH,STM,,DED,"3",SJR
"POINT (-120.731798795219 36.7516296334343)",CAP000,,,Inflow straight to C2VSIM groundwater node,"854",,CH,GWO,,CAP,,SJR
"POINT (-120.863995332591 36.9462213111416)",ORG000,,Ortigalita Creek,Straight to C2VSIM groundwater node,"793",,CH,GWO,,ORG,,SJR
"POINT (-120.765182706197 36.7904098469182)",LPC007,6.63,Little Panoche Creek,Measured from end of Pipe at end of stream,,,CH,STM,,LPC,"7",SJR
"POINT (-120.687946881813 36.8742008468554)",LPC000,,Little Panoche Creek,Straight to C2VSIM groundwater node,"840",,CH,GWO,,LPC,,SJR
"POINT (-121.079888175668 37.1527013001889)",QNT005,4.38,Quinto Creek,Measured from inflow to Outside Canal,,,CH,STM,,QNT,"5",SJR
"POINT (-121.127761235532 37.4806900219452)",SLO000,,Salido Creek,Straight to C2VSIM groundwater node,"659",,CH,GWO,,SLD,"0",SJR
"POINT (-121.185832668949 37.417185762241)",SLO007,7.07,Salido Creek,Measured from visible end,,,CH,STM,,SLD,"7",SJR
"POINT (-121.282057925494 37.5345646470899)",ING008,7.85,Ingram Creek,Inflow from HSP000. Measured from end of visible channel,,,CH,STM,,ING,"8",SJR
"POINT (-120.255426789209 36.9682572163401)",FRS022,21.92,Fresno River,Surface Runoff node,,,CH,STM,,FRS,"22",SJR
"POINT (-121.883722909662 39.3735136079261)",BTC016,15.7,Butte Creek,Confluence with Little Dry Creek,,,CH,STM,,BTC,"16",SAC
"POINT (-121.924141503203 39.0823721378397)",08S_NA2,,,,,,NP,A,,,,SAC
"POINT (-121.889111339119 39.3862359395401)",BTC017,16.73,Butte Creek,Butte Creek near Gridley,,,CH,SG,DWR A0-4150,BTC,"17",SAC
"POINT (-121.778415805972 39.6765514657189)",BTC041,41,Butte Creek,Butte Creek near Durham,,,CH,SG,11390010 / DWR A0-4265,BTC,"41",SAC
"POINT (-121.609703785951 39.1583841179225)",FTR030,30.12,Feather River,Confluence with Jack Slough,,,CH,STM,,FTR,"30",SAC
"POINT (-121.615959875073 39.2505899982476)",15N_SA,,,Settlement,,,S,A,,,,SAC
"POINT (-121.935360770758 39.6358846289762)",LCC024,23.8,Little Chico Creek,Confluence with Edgar Slough,,,CH,STM,,LCC,"24",SAC
"POINT (-121.933348651789 39.6614306705617)",LCC026,26,Little Chico Creek,,,,CH,STM,,LCC,"26",SAC
"POINT (-121.659484094508 39.078439177636)",16_NA1,,,,,,NP,A,,,,SAC
"POINT (-121.960531396213 39.5331161775744)",LCC016,22,Little Chico Creek,,,,CH,STM,,LCC,"16",SAC
"POINT (-121.725290563314 39.1323288586256)",11_SA4,,,Sutter Extension WD,,,S,A,,,,SAC
"POINT (-121.639874570697 39.4576408853999)",TAB000,,,Thermalito Bay Outlet,,,CH,SG,"11406920",TAB,,SAC
"POINT (-121.637467182467 39.2478689508178)",SEC009,9.1,Sutter-Butte Extension Canal,,,,CH,CNL,,SEC,"9",SAC
"POINT (-121.63330894619 39.3319106422256)",JBC008,7.89,Joint Board Canal,Cox Spill,,,CH,CNL,,JBC,"8",SAC
"POINT (-121.547097785003 39.5210537338142)",FTR067,67,Feather River,Feather River at Oroville,,,CH,SG,"11407000",FTR,"67",SAC
"POINT (-121.247479595394 38.5561112120761)",FSC007,7.48,Folsom South Canal,Old diversion to Mather park/lake/golf course,,,CH,CNL,,FSC,"7",SAC
"POINT (-120.442766834658 37.6663752356697)",TUO053,53.43,Tuolumne River,Tuolumne River below LaGrange Dam near LaGrange. C2VSIM node.,"657","135",CH,SG,"11289650",TUO,"53",SJR
"POINT (-120.474913571132 37.6727190537798)",MDS003,2.56,Modesto Canal,Modesto Canal near LaGrange,,,CH,SG,"11289000",MDS,"3",SJR
"POINT (-120.440618530483 37.6657563131171)",TUR001,0.52,Turlock Main Canal,Turlock Canal near LaGrange,,,CH,SG,"11289500",TUR,"1",SJR
"POINT (-120.792775899142 37.5459202387404)",62_NA3,,,Turlock I.D.,,,NP,A,,,,SJR
"POINT (-121.127664080389 38.6964554503275)",26S_PU3,,,Sacramento Parks and Recreation (Folsom Lake),,,PR,U,,,,SAC
"POINT (-121.228745907809 38.611053762031)",RFS26S,,,,,,RFS,NA,,,,SAC
"POINT (-120.850901784808 37.7679233719299)",61_NU3,,,"Ripon, Oakdale, Riverbank",,,NP,U,,,,SJR
"POINT (-120.988633264508 37.681537022221)",RFS61D,,,,,,RFS,NA,,,,SJR
"POINT (-120.598050658422 39.3002691460058)",LKVLY,16.26,North Fork of North Fork American River,Lake Valley Reservoir,,,STR,,,,"16",SAC
"POINT (-120.631032535863 39.3003061644274)",NNA013,13.35,North Fork of North Fork American River,,,,CH,STM,,NNA,"13",SAC
"POINT (-120.647705868905 37.7444886306652)",61_NA1,,,East of Districts,,,NP,A,,,,SJR
"POINT (-120.553992446789 37.5607420793829)",62_NA1,,,East of Districts,,,NP,A,,,,SJR
"POINT (-120.410934951586 37.4224087018958)",63_NA1,,,East of Districts,,,NP,A,,,,SJR
"POINT (-120.759303840683 39.1881613981913)",NFA054,53.83,North Fork American River,Confluence with N.Fork of N.Fork American River,,,CH,STM,,NFA,"54",SAC
"POINT (-120.836440316793 39.1517489021245)",NFA048,48.14,North Fork American River,Confluence with Canyon Creek,,,CH,STM,,NFA,"48",SAC
"POINT (-121.024692665596 38.9365784061633)",NFA022,21.53,North Fork American River,North Fork Dam,,,CH,SG,"11427000",NFA,"22",SAC
"POINT (-121.592036743373 39.428013030435)",12_NU2,,,Small Communities,,,NP,U,,,,SAC
"POINT (-121.861368053521 39.4374072272256)",11_PR,,,Upper Butte WA - Howard Slough Unit/Little Dry Creek,,,PR,R,,,,SAC
"POINT (-121.753701741124 39.5388605443648)",WEC005,5,Western Canal,Conceptual diversion to Western Canal Water District,,,CH,CNL,,WEC,"5",SAC
"POINT (-121.725982019148 39.4706017031864)",RVC005,4.6,Richvale ID - Buttler Canal,Confluence of Richvale ID - Buttler Canal and Biggs Extension Canal (JBC),,,CH,CNL,,RVC,"5",SAC
"POINT (-121.420231935084 38.3562263462842)",26S_NA,,,,,,NP,A,,,,SAC
"POINT (-122.06032172007 39.0176175004103)",07S_NU,,,,,,NP,U,,,,SAC
"POINT (-122.065608240445 39.3025646362405)",08N_PA,,,,,,PR,A,,,,SAC
"POINT (-121.791369764725 39.2912901861271)",17N_NU,,,Small Communities,,,NP,U,,,,SAC
"POINT (-121.682326219853 38.6946647207231)",21_PA,,,Colusa Drain M.W.C.,,,PR,A,,,,SAC
"POINT (-121.610894002378 39.8856213775938)",TTC002,2.22,Toadtown Canal,Toadtown Canal above Butte Canal near Stirling.,,,CH,SG,"11389800",TTC,"2",SAC
"POINT (-121.719004313433 38.7954443010763)",21_NU,,,Knights Landing CSD,,,NP,U,,,,SAC
"POINT (-121.265250442712 38.9258501390485)",24_NU4,,,Small Communities,,,NP,U,,,,SAC
"POINT (-121.62265978627 38.8244763312112)",22_SA2,,,Feather River Settlement Diverters,,,S,A,,,,SAC
"POINT (-121.637852566717 38.7977986407399)",17S_SA,,,Misc. Feather Riparian Diverters,,,S,A,,,,SAC
"POINT (-120.987913939797 37.6272675360553)",TUO017,16.61,Tuolumne River,Tuolumne River at Modesto,,,CH,SG,"11290000",TUO,"17",SJR
"POINT (-121.110297410726 37.7300635931564)",STS017,16.87,Stanislaus River,Stanislaus River at Ripon,,,CH,SG,"11303000",STS,"17",SJR
"POINT (-120.930379341968 37.370764371985)",MCD005,5,Merced River,Merced River at Stevinson,,,CH,SG,11272500 / DWR (MST),MCD,"5",SJR
"POINT (-120.329537767446 37.522756678291)",MCD055,54.9,Merced River,Merced Falls Diversion Dam. Merced River below Merced Falls Dam near Snelling,,,CH,STM,"11270900",MCD,"55",SJR
"POINT (-120.310411808197 37.521830822707)",MCD056,56,Merced River,McSwain Dam,,,CH,STM,,MCD,"56",SJR
"POINT (-121.303678752473 38.158512307448)",MOK034,33.56,Mokelumne River,Mokelumne River at Woodbridge,,,CH,SG,11325500 / DWR B0-2105 (WBR),MOK,"34",SJR
"POINT (-120.307050291542 36.8365559045138)",EBP005,5.13,Eastside Bypass,Confluence with Cottonwood Creek,,,CH,BYP,,EBP,"5",SJR
"POINT (-119.77292092961 36.9099682089718)",SJR256,256,San Joaquin River,C2VSIM Node.,"879","55",CH,STM,,SJR,"256",SJR
"POINT (-120.181061637766 36.6530400989975)",JBP006,6,James Bypass,James Bypass near San Joaquin,,,CH,SG,"11253500",JBP,"6",SJR
"POINT (-121.015247240747 38.9177675697537)",MFA001,1.423,Middle Fork American River,Middle Fork American River near Auburn - USGS 11433500,,,CH,SG,"11433500",MFA,"1",SAC
"POINT (-120.187863012952 37.1284125206276)",BRS018,18.14,Berenda Slough,Berenda Slough Reservoir,,,CH,STM,,BRS,"18",SJR
"POINT (-120.274541325362 37.126331169638)",ASL013,12.84,Ash Slough,Diversion to Ash Slough Bypass Canal,,,CH,STM,,ASL,"13",SJR
"POINT (-120.959038668173 37.3579855492549)",MCD002,2.45,Merced River,Spill to Gage at Merced River Slough,,,CH,STM,,MCD,"2",SJR
"POINT (-120.961540250809 37.3600244338552)",MRS000,0,Merced River Slough,Merced River Slough near Newman,,,CH,SG,"11273000",MRS,"0",SJR
"POINT (-120.973891880342 37.3684093110942)",SJR114,114.22,San Joaquin River,Spill inflow from Merced River,,,CH,STM,,SJR,"114",SJR
"POINT (-120.3945579251 37.5172015405206)",MCD050,50.4,Merced River,Riparian Diversion to Canevaro Ditch,,,CH,STM,,MCD,"50",SJR
"POINT (-120.608742410511 37.4542153298844)",MCD033,32.77,Merced River,Merced River at Schaffer Bridge near Cressey,,,CH,SG,"11271290",MCD,"33",SJR
"POINT (-120.371892585132 37.5785351205778)",DCM027,26.67,Dry Creek (Merced),,,,CH,STM,,DCM,"27",SJR
"POINT (-121.141846930498 37.6042290178014)",TUO003,3,Tuolumne River,,,,CH,STM,,TUO,"3",SJR
"POINT (-120.463445526391 37.5550820280172)",DCM019,18.95,Dry Creek (Merced),Dry Creek near Snelling,,,CH,SG,"11271320",DCM,"19",SJR
"POINT (-120.637967408633 37.8516920422389)",STS058,58.45,Stanislaus River,Stanislaus River below Goodwin Dam near Knights Ferry. C2VSIM node.,"623","146",CH,SG,"11302000",STS,"58",SJR
"POINT (-120.638284203075 37.8543092730902)",SSJ001,0.78,South San Joaquin Canal,South San Joaquin Canal near Knights Ferry,,,CH,SG,"11300500",SSJ,"1",SJR
"POINT (-120.633215768789 37.8586837755571)",OAK001,0.37,Oakdale Canal (South Main Canal),Oakdale Canal near Knights Ferry,,,CH,SG,"11301000",OAK,"1",SJR
"POINT (-120.956390773543 37.1627053758393)",72_NA2,,,,,,NP,A,,,,SJR
"POINT (-121.114347851716 37.4455341375567)",RFS71B,,,,,,RFS,NA,,,,SJR
"POINT (-121.028354892251 37.204581046981)",RFS71C,,,,,,RFS,NA,,,,SJR
"POINT (-120.79763304692 37.2435395214672)",63_PR3,,,East Bear Creek Unit - San Luis NWR,,,PR,R,,,,SJR
"POINT (-120.71420393955 37.2774607142659)",63_PR1,,,Arena Plains Unit - Merced NWR,,,PR,R,,,,SJR
"POINT (-121.384867134456 38.0884807154802)",WSWWTP,,,White Slough Water Pollution Control Plant,,,WWTP,NA,,,,SJR
"POINT (-120.868611995598 37.5214671999599)",62_NU,,,"Turlock, Ceres, Dehli, Hilmar, Hughson, Keyes, Denair",,,NP,U,,,,SJR
"POINT (-120.868194415432 37.4854167063218)",TKWWTP,,,Turlock Regional Water Quality Control Facility,,,WWTP,NA,,,,SJR
"POINT (-121.033832774046 37.4642478259719)",SJR101,100.54,San Joaquin River,Return form Turlock Regional Water Quality Control Facility,,,CH,STM,,SJR,"101",SJR
"POINT (-121.037663995987 38.9156125845473)",NFA019,19.373,North Fork American River,Confluence of North and Middle Forks of the American River,,,CH,STM,,NFA,"19",SAC
"POINT (-120.486457690345 37.2918569856381)",63_NU,,,"Merced, Atwater, Livingston, Winton, Planada, Le Grand",,,NP,U,,,,SJR
"POINT (-120.546437451735 37.2394782462696)",OWN011,11.3,Owens Creek,Return from Merced WWTP,,,CH,STM,,OWN,"11",SJR
"POINT (-120.606781840358 37.3409480597565)",AWWWTP,,,Atwater Wastewater Treatment Plant,,,WWTP,NA,,,,SJR
"POINT (-120.525351658966 37.2543331915736)",MDWWTP,,,Merced Wastewater Treatment Plant,,,WWTP,NA,,,,SJR
"POINT (-120.525611302051 37.2916895896954)",RFS63,,,,,,RFS,NA,,,,SJR
"POINT (-120.730694431597 37.2640790383213)",ESC000,,,Conceptual Eastside Irrigation Canal Node,,,CH,CNL,,ESC,,SJR
"POINT (-120.621531112005 37.1937823861816)",63_PR2,,,"Merced Unit, Lone Tree Unit - Merced NWR",,,PR,R,,,,SJR
"POINT (-120.549986695953 37.1923501197607)",DED012,12.43,Deadman Creek,,,,CH,STM,,DED,"12",SJR
"POINT (-120.42798505297 36.8083623023031)",73_NU,,,Small Communities,,,NP,U,,,,SJR
"POINT (-120.760884312594 39.0054899301697)",MFA023,23.076,Middle Fork American River,Middle Fork American River near Foresthill - USGS 11433300,,,CH,SG,"11433300",MFA,"23",SAC
"POINT (-120.816036956465 38.7705868501965)",SFA030,29.525,South Fork American River,South Fork American River near Placerville - USGS 11444500,,,CH,SG,"11444500",SFA,"30",SAC
"POINT (-121.045478660756 37.0064133669862)",73_NA,,,,,,NP,A,,,,SJR
"POINT (-120.290206963357 36.079025976983)",90_NA,,,,,,NP,A,,,,SJR
"POINT (-121.166421600399 38.0236641956665)",60S_NU2,,,Small Communities,,,NP,U,,,,SJR
"POINT (-121.663890122804 38.722139899011)",KLR006,6.47,Knights Landing Ridge Cut,Estimated Flows. Virtual USGS11390900/DWR AO2940,,,CH,SG,11390900 / DWR  A0-2940,KLR,"6",SAC
"POINT (-121.423221872586 38.5688210256055)",AMR006,6.51,American River,USGS11447000/DWRAO7140.  American River at Sacramento (H-Street Bridge),,,CH,SG,"11447000",AMR,"6",SAC
"POINT (-119.991527336967 37.2152372198255)",CHW037,36.64,Chowchilla River,USGS11259000/DWRB64159,,,CH,SG,"11259000",CHW,"37",SJR
"POINT (-121.649043054046 38.7525143460391)",YBP037,37,Yolo Bypass,Freemont Weir Spill to Yolo Bypass. USGS11391021/DWRA02930,,,CH,SG,"11391021",SAC,"37",SAC
"POINT (-119.889562252962 37.0974484019369)",FRS048,47.67,Fresno River,Fresno River below Hidden Dam near Daulton. USGS11258000/DWR B67150,,,CH,SG,"11258000",FRS,"48",SJR
"POINT (-120.332118192134 37.5215393474264)",MCD054,54.74,Merced River,Merced River below Merced Falls Dam near Snelling. USGS11270900/DWRB05184,,,CH,SG,"11270900",MCD,"54",SJR
"POINT (-120.449912798443 37.5066190650852)",MCD046,46.44,Merced River,Merced River below Snelling. USGS11271250/DWRB05170.,,,CH,SG,"11271250",MCD,"46",SJR
"POINT (-120.787026410907 37.3911073440986)",MCD018,17.51,Merced River,Merced River near Livingston. USGS11271500/DWRB05139,,,CH,SG,11271500 / DWR  B0-5139,MCD,"18",SJR
"POINT (-120.944240181693 37.2913363222603)",MSN005,5.3,Mud Slough,Mud Slough at McSwain Road near Gustine. USGS11261480/DWRB004030. Gage Located at Lat/Long from DWR Bull.230-81.,,,CH,SG,"11261480",MSN,"5",SJR
"POINT (-120.938116481963 39.5249499487958)",NFY029,28.9,North Yuba River,North Yuba River below Goodyears Bar USGS Gage - 11413000,,,CH,SG,"11413000",NFY,"29",SAC
"POINT (-121.1368281128 39.3681186805827)",YUB039,39.29,Yuba River,Confluence of North and Middle Yuba Rivers,,,CH,STM,,YUB,"39",SAC
"POINT (-121.083810564337 39.3946961867937)",MFY005,4.57,Middle Yuba River,Confluence with Oregon Creek,,,CH,STM,,MFY,"5",SAC
"POINT (-120.998715032357 39.4108736819137)",MFY012,12.19,Middle Yuba River,"Middle Yuba River Below Our House Dam, near Camptonville - 11408880",,,CH,SG,"11408880",MFY,"12",SAC
"POINT (-120.997346830786 39.4118329513271)",MFY013,12.29,Middle Yuba River,Our House Dam diversion to Lohman Ridge Tunnel,,,CH,STM,,MFY,"13",SAC
"POINT (-121.059094005103 39.4393157347715)",OGN004,4.15,Oregon Creek,Oregon Creek Below Log Cabin Dam near Camptonville - USGS 11409400,,,CH,SG,"11409400",OGN,"4",SAC
"POINT (-121.059850520769 39.4410743088171)",CMT000,,Campotonville Tunnel,Camptonville Tunnel At Intake near Camptonville - USGS 11409350,,,CH,SG,"11409350",CMT,,SAC
"POINT (-120.998037663868 39.4121532676743)",LRT000,,Lohman Ridge Tunnel,Lohman Ridge Tunnel at Intake near Camptonville - USGS 11408870,,,CH,SG,"11408870",LRT,,SAC
"POINT (-121.209072901642 39.2961432556846)",YUB030,30.39,Yuba River,Confluence with South Yuba River,,,CH,STM,,YUB,"30",SAC
"POINT (-121.10455861511 39.2923581057495)",SFY007,7.24,South Yuba River,South Yuba River At Jones Bar near Grass Valley - 11417500,,,CH,SG,"11417500",SFY,"7",SAC
"POINT (-121.995224169405 39.4576444228956)",SAC169,169.23,Sacramento River,Sacramento River at Butte City. USGS11389000/DWRA02500,,,CH,SG,11389000 / DWR  A0-2500,SAC,"169",SAC
"POINT (-121.506462692765 38.5862553673056)",SAC061,62.13,Sacramento River,Sacramento River at Sacramento. USGS11447500/DWRA02100,,,CH,SG,11447500 / DWR  A0-2100,SAC,"61",SAC
"POINT (-120.762719272901 37.788065113824)",STS048,47.68,Stanislaus River,Stanislaus River at Orange Blossom Bridge. USGS11302100/DWRB03175,,,CH,SG,"11302100",STS,"48",SJR
"POINT (-121.629065567143 37.8690237845423)",50_PA2,,,Byron Bethany I.D. within DETAW Delta,,,PR,A,,,,SJR
"POINT (-120.866406639108 38.169358063916)",JLIND,,,Jenny Lind and small communities,,,OM,OMD,,,,SJR
"POINT (-121.009276610319 38.1666591105979)",MAQ012,11.53,Mokelumne Aqueduct,Folsom South Canal Connection Project Tie-In point.,,,CH,CNL,,MAQ,"12",SJR
"POINT (-120.529521279738 37.9460972597114)",STS069,68.72,Stanislaus River,Stanislaus River below Melones powerhouse near Sonora. USGS11299500/DWRB31260,,,CH,SG,"11299500",STS,"69",SJR
"POINT (-120.604517336357 37.8736778053563)",STS060,60,Stanislaus River,Stanislaus River near Knights Ferry. USGS11300000/DWRB31190,,,CH,SG,"11300000",STS,"60",SJR
"POINT (-121.131490871626 37.6029264523367)",TUO004,3.73,Tuolumne River,Tuolumne River at Tuolumne City. USGS11290200/DWRB04105,,,CH,SG,"11290200",TUO,"4",SJR
"POINT (-121.293460675635 39.2233754358203)",YUB022,21.72,Yuba River,Yuba River at Smartville. USGS11419000/DWRA61180,,,CH,SG,"11419000",YUB,"22",SAC
"POINT (-121.892747517635 39.3617174005925)",BTC015,14.57,Butte Creek,C2VSIM Node. Butte Creek near Gridley. DWRA04150,"223","289",CH,SG,DWR  A0-4150,BTC,"15",SAC
"POINT (-120.201903052048 36.9758375394411)",FRS025,25.17,Fresno River,C2VSIM node. Fresno River 8 miles west of Madera. USGS11258250/DWRB06725,"822","73",CH,SG,"11258250",FRS,"25",SJR
"POINT (-121.561605488628 39.6984949571387)",WBF006,5.96,West Branch Feather River,USGS Gage 11406500. West Branch Feather River near Yankee Hill (Discontinued).,,,CH,SG,"11406500",WBF,"6",SAC
"POINT (-121.496895730811 39.663727450591)",NFF008,8.11,North Fork Feather River,Confluence with West Branch Feather River,,,CH,STM,,NFF,"8",SAC
"POINT (-121.45189350518 39.7943922161893)",NFF027,26.59,North Fork Feather River,USGS Gage 11404500 North Fork Feather River at Pulga Road,,,CH,SG,"11404500",NFF,"27",SAC
"POINT (-121.619324264403 38.7054781081093)",SAC076,76,Sacramento River,Expanded Elkhorn Pumping Plant,,,CH,STM,,SAC,"76",SAC
"POINT (-120.583427529855 39.5218034068325)",MFY044,44.32,Middle Yuba River,Middle Yuba River below Milton Dam. USGS 11408550,,,CH,SG,"11408550",MFY,"44",SAC
"POINT (-120.582563722265 39.5222331991741)",MFY045,44.38,Middle Yuba River,Middle Yuba River at Milton Dam. USGS 11408500,,,CH,SG,"11408500",MFY,"45",SAC
"POINT (-121.423944506548 39.5506785430105)",SFF002,2.45,South Fork Feather River,Confluence with Middle Fork Feather River,,,CH,STM,,SFF,"2",SAC
"POINT (-121.270861823528 39.7081486246956)",MFF019,18.91,Middle Fork Feather River,USGS Gage 11394500 Middle Fork Feather River near Merrimac (discontinued),,,CH,SG,"11394500",MFF,"19",SAC
"POINT (-121.346782807425 39.536599966312)",SFF008,7.717,South Fork Feather River,USGS 11397000 South Fork Feather River at Enterprise (discontinued),,,CH,SG,"11397000",SFF,"8",SAC
"POINT (-121.210302712244 39.5516170513122)",SFF018,18.141,South Fork Feather River,USGS 11396200 South Fork Feather River below Forbestown Dam,,,CH,SG,"11396200",SFF,"18",SAC
"POINT (-121.917201480373 39.1472921590944)",SAC136,136.46,Sacramento River,Diversion point to 18_SA,,,CH,STM,,SAC,"136",SAC
"POINT (-121.942140185269 39.6945857075813)",SAC195,195.57,Sacramento River,City of Chico WWTP Outfall (existing:Planned 1200'DS),,,CH,STM,,SAC,"195",SAC
"POINT (-121.928963191215 39.7036432687511)",MTC000,0,M and T Main Canal,,,,CH,CNL,,MTC,"0",SAC
"POINT (-121.935785970838 39.1951319197232)",BSL000,0,Butte Slough,Butte Slough at Outfall Gates near Meridian. USGS 11390385,,,CH,SG,"11390385",BSL,"0",SAC
"POINT (-122.034235045243 39.963194440274)",DRC005,4.82,Deer Creek,Vina Diversion Dam,"100","257",CH,STM,,DRC,"5",SAC
"POINT (-121.938440526064 38.0195682799108)",CCC019,19.41,Contra Costa Canal,Mallard Pipeline Tie-in,,,CH,CNL,,CCC,"19",SAC
"POINT (-121.810288882641 37.990499082753)",ANTOC,,,City of Antioch off-model demand for deliveries from Rodger's Point and CCWD.,,,OM,OMD,,,,SAC
"POINT (-121.928224335987 38.0473951844875)",CHIPPS,,,Post NDO node for CCWD diversion at Mallard Slough,,,CH,NA,,,,SAC
"POINT (-121.963464350069 38.3536475110183)",WTPDEF,,,City of Vacaville Diatamaceous Earth Water Treatment Plant,,,WTP,,,,,SAC
"POINT (-121.959171116204 38.3537193488066)",PSC013,12.97,Putah South Canal,Diversion to Vacaville DE WTP,,,CH,CNL,,PSC,"13",SAC
"POINT (-121.685857037448 39.5049424586934)",RVC000,0,Richvale ID Canal,USGS 11406890,,,CH,SG,"11406890",RVC,"0",SAC
"POINT (-121.542481923426 39.9072275511671)",HKC002,2.46,Toadtown/Hendricks Canal,Diversion Dam at Little West Fork of Feather River,,,CH,SG,"11405220",HKC,"2",SAC
"POINT (-121.022273663103 39.7239753215234)",SFF039,38.5,Sourth Fork Feather River,South Fork Feather River below Little Grass Valley Dam. USGS 11395030,,,CH,SG,"11395030",SFF,"39",SAC
"POINT (-121.118844703195 39.6473861339963)",SFF028,28.87,South Fork Feather River,South Fork Feather River below Diversion Dam near Strawberry. USGS 11395200,,,CH,SG,"11395200",SFF,"28",SAC
"POINT (-122.775207742361 38.8848417442066)",CLLPT,,,Represent 19 water agencies that divert from Clear Lake,,,OM,OMD,,,,SAC
"POINT (-121.298222074839 38.8831249439743)",ABN014,14,Auburn Ravine,NID gaging station at Lincoln,,,CH,SG,NID Lincoln Gage,ABN,"14",SAC
"POINT (-121.593295757293 39.8934222665772)",TTC000,0,Toadtown Canal,Toadtown Canal begins and Hendricks Canal ends here at the Toadtown Powerhouse.,,,CH,CNL,,TTC,"0",SAC
"POINT (-121.510978132502 40.0317131188749)",WBF039,38.86,West Branch Feather River,Confluence with Philbrook Creek.,,,CH,STM,,WBF,"39",SAC
"POINT (-121.473164111902 40.0311960966519)",RVPHB,2.36,Philbrook Creek,"Conceptual Reservoir combining Round Valley and Philbrook Reservoir inflows. USGS 11405100, USGS 11405075",,,STR,SIM,"USGS 11405100, USGS 11405075",PHB,"2",SAC
"POINT (-120.845294914382 39.2986334680136)",SFD003,3.217,South Fork Deer Creek,South Fork Deer Creek diversion point for Upper Cascade Canal,,,CH,STM,,SFD,"3",SAC
"POINT (-120.844108424612 39.298229576836)",SYC020,19.88,South Fork Deer Creek,Deer Creek Powerhouse near Washington.  USGS 11414205,,,CH,SG,"11414205",SFD,"20",SAC
"POINT (-120.662829223471 39.3134009708141)",SYC002,1.58,South Yuba Canal,South Yuba Canal near Emigrant Gap. USGS 11414200,,,CH,SG,"11414200",SYC,"2",SAC
"POINT (-120.929006777986 39.2709547354108)",SCOTF,24,Deer Creek,Scott Flat Reservoir,,,STR,,,DER,"24",SAC
"POINT (-120.953752482913 39.2693507946822)",DER022,22.47,Deer Creek,DS Canal Diversion at Deer Creek Reservoir,,,CH,STM,,DER,"22",SAC
"POINT (-121.024647906421 39.260696879753)",DER018,17.81,Deer Creek,Newtown Canal Diversion,,,CH,STM,,DER,"18",SAC
"POINT (-121.129113409899 39.2447908772)",DER011,10.82,Deer Creek,Tunnel Canal Diversion,,,CH,STM,,DER,"11",SAC
"POINT (-121.245168534943 39.2293302495975)",DER002,2.48,Deer Creek,NID Return Flow via Squirrel Creek,,,CH,STM,,DER,"2",SAC
"POINT (-121.217326908141 39.2360569340202)",DER004,4.36,Deer Creek,Lake Wildwood Dam and Ketone Canal Diversion,,,CH,STM,,DER,"4",SAC
"POINT (-121.191617067182 39.3302768319731)",YUB034,33.5,Yuba River,PH  outlet on Yuba River below New Bullards Bar Reservoir,,,CH,STM,,YUB,"34",SAC
"POINT (-121.192187189458 39.3367271536347)",CGT005,4.93,Colgate Tunnel/Penstock,Browns Valley ID Diversion from Colgate Tunnel (Abandoned?),,,CH,STM,,CGT,"5",SAC
"POINT (-121.903639416485 38.3453207523845)",EAWWTP,,,City of Vacaville Easterly Wastewater Treatment Plant,,,WWTP,NA,,,,SAC
"POINT (-121.712721217189 38.6615366519371)",WLWWTP,,,City of Woodland Wastewater Treatment Plant,,,WWTP,NA,,,,SAC
"POINT (-121.671141551365 38.5948745236254)",DVWWTP,,,City of Davis Wastewater Treatment Plant,,,WWTP,NA,,,,SAC
"POINT (-121.666491468186 38.5901329461554)",WSB005,5,Willow Slough Bypass,Return flow from City of Davis WWTP,,,CH,STM,,WSB,"5",SAC
"POINT (-121.41447704477 38.8618445210668)",ABN006,6.49,Auburn Ravine,"South Sutter Water District Diversions at Aitken Ranch, Tom Glenn and Davis Dams on Auburn Ravine and Coppin Dam on Cross Canal.",,,CH,STM,,ABN,"6",SAC
"POINT (-121.742889848439 37.9602805501569)",LVP007,7.05,Los Vaqueros Pipeline,Intertie with Mokelumne Canal,,,CH,CNL,,LVP,"7",SJR
"POINT (-121.735127879491 37.9541556883881)",MAQ057,56.98,Mokelumne Aqueduct,,,,CH,CNL,,MAQ,"57",SJR
"POINT (-120.849851456721 38.2381351564908)",MAQ001,1.32,Mokelumne Aqueduct,,,,CH,CNL,,MAQ,"1",SJR
"POINT (-121.141961838541 39.57377042966)",LST003,3.36,Lost Creek,Combined Lost Creek near Clipper Mills plus Woodleaf Powerhouse near Woodleaf.  USGS 11396000 + USGS 11396090,,,CH,SG,11396000 / 11396090,LST,"3",SAC
"POINT (-120.698615510053 39.3003312688735)",BRR072,71.65,Bear River,Historical Upper Boardman Canal Diversion,,,CH,STM,,BRR,"72",SAC
"POINT (-121.704891854171 38.6683012732374)",WTPDWP,,,Proposed Woodland-Davis Project Water Treatment Plant,,,WTP,PRP,,,,SAC
"POINT (-122.352795689615 40.5982888387681)",WTPBLV,,,Bella Vista Water Treatment Plant,,,WTP,,,,,SAC
"POINT (-121.584206068895 39.098288581689)",LCWWTP,,,Linda County Water District Wastewater Treatment Plant,,,WWTP,NA,,,,SAC
"POINT (-121.191538539162 39.3309512973564)",CGT006,5.34,Colgate Tunnel,Colgate Powerhouse near French Corral. USGS 11413510,,,CH,SG,"11413510",CGT,"6",SAC
"POINT (-121.144148553263 39.3904964885692)",NFY002,2.12,North Yuba River,North Yuba River below New Bullards Bar Dam. USGS 11413520,,,CH,SG,11413520 / 11413517,NFY,"2",SAC
"POINT (-120.562156394886 39.5158462609012)",MFY046,45.765,Middle Yuba River,Middle Yuba River below Jackson Meadows Dam. USGS 11407900,,,CH,SG,"11407900",MFY,"46",SAC
"POINT (-120.555815936875 39.5087044585179)",JKSMD,46.524,Middle Yuba River,Jackson Meadows Reservoir/Dam,,,STR,,,,,SAC
"POINT (-120.661526810572 39.4396404643938)",CCS009,9.456,Canyon Creek (South),Canyon Creek below Bowman Lake. USGS 11416500,,,CH,SG,"11416500",CCS,"9",SAC
"POINT (-120.750173936709 39.3609754547193)",SFY033,33.184,South Yuba River,Confluence with Canyon Creek (South),,,CH,STM,,SFY,"33",SAC
"POINT (-120.655214212643 39.4467960499682)",CCS010,10.28,Canyon Creek (South),Bowman-Spaulding Conduit diversion dam.,,,CH,STM,,SFY,"10",SAC
"POINT (-120.652016011858 39.448508167654)",BOWMN,10.5,Canyon Creek (South),Bowman Lake/Dam,,,STR,,,CCS,"11",SAC
"POINT (-120.659052765169 39.4398356395536)",BSC000,0.581,Bowman-Spaulding Conduit,Bowman-Spaulding Canal Intake near Graniteville. USGS 11416000,,,CH,SG,"11416000",BSC,"0",SAC
"POINT (-120.641605260542 39.3421098361986)",BSC009,10.541,Bowman-Spaulding Conduit,Bowman-Spaulding Canal at Jordan Creek Siphon. USGS 11416100,,,CH,SG,"11416100",BSC,"9",SAC
"POINT (-120.635469394298 39.3376989279519)",BSC011,11.03,Bowman-Spaulding Conduit,Spaulding No. 3 Powerhouse near Emigrant Gap. USGS 11416200,,,CH,SG,"11416200",BSC,"11",SAC
"POINT (-120.620361557821 39.3467592434505)",SFY044,43.78,South Yuba River,Confluence with Fordyce Creek.,,,CH,STM,,SFY,"44",SAC
"POINT (-120.499402832714 39.3799243875577)",FDC011,10.72,Fordyce Creek,Fordyce Creek below Fordyce Dam. USGS 11414100,,,CH,SG,"11414100",FDC,"11",SAC
"POINT (-120.496454280062 39.3803551311691)",FRDYC,10.89,Fordyce Creek,Fordyce Lake/Dam,,,STR,,,FDC,,SAC
"POINT (-120.65490655755 39.3194244255123)",SYC001,0.894,South Yuba Canal,Nevada Diversion tie-in from Drum Canal,,,CH,CNL,,SYC,"1",SAC
"POINT (-120.611240357625 39.4601813784448)",MBT005,4.774,Milton-Bowman Tunnel,Milton-Bowman Tunnel Outlet near Graniteville. USGS 11408000,,,CH,SG,"11408000",MBT,"5",SAC
"POINT (-120.746488887528 39.0032472296953)",MFA025,24.82,Middle Fork American River,Ralston Afterbay (Oxbow Reservoir) dam.  Powerhouse outlet about 0.4mi downstream.,,,CH,SG,"11433212",MFA,"25",SAC
"POINT (-120.732917106073 39.0023607557971)",MFA026,25.73,Middle Fork American River,Confluence with Rubicon River,,,CH,STM,,MFA,"26",SAC
"POINT (-120.60355302482 39.0263845965915)",MFA035,35.81,Middle Fork American River,Gage below Interbay Dam,,,CH,SG,"11427770",MFA,"35",SAC
"POINT (-120.602542145252 39.0260808307932)",MFA036,35.87,Middle Fork American River,Interbay Dam. Diversion point for Ralston Tunnel.,,,CH,STM,,MFA,"36",SAC
"POINT (-120.596117323315 39.0245260435197)",MFT011,10.97,Middle Fork Tunnel,Middle Fork Powerhouse (L.F. Stephonsan PH),,,CH,SG,"11428600",MFT,"11",SAC
"POINT (-120.595354672609 39.0253328242452)",MFA038,36.31,Middle Fork American River,Gage above Middle Fork Powerhouse,,,CH,SG,,MFA,"38",SAC
"POINT (-120.54557088102 39.0383172812914)",MFA040,40,Middle Fork American River,Confluence with Duncan Creek,,,CH,STM,,MFA,"40",SAC
"POINT (-120.481191765218 39.109738022605)",MFA047,47.33,Middle Fork American River,Middle Fork American River at French Meadows Reservoir,,,CH,SG,"11427500",MFA,"47",SAC
"POINT (-120.470344532992 39.1119581563669)",FRMDW,47.95,Middle Fork American River,French Meadows Reservoir,,,STR,,,MFA,,SAC
"POINT (-120.484092385114 39.1326910771368)",DCC008,8.87,Duncan Canyon Creek,Duncan Canyon Creek below Diversion Dam near French Meadows,,,CH,SG,"11427750",DCC,"8",SAC
"POINT (-120.481376482519 39.1343331771424)",DCC009,9.11,Duncan Canyon Creek,Duncan Canyon Diversion Dam,,,CH,STM,,DCC,"9",SAC
"POINT (-120.478292171066 39.1359336178734)",DCC010,9.34,Duncan Canyon Creek,Duncan Canyon Creek near French Meadows Reservoir,,,CH,SG,"11427700",DCC,"10",SAC
"POINT (-120.406059927916 39.0780211348763)",FMT002,2.48,French Meadows Tunnel,French Meadows Power Plant near Meeks Bay,,,CH,SG,"11427200",FMT,"2",SAC
"POINT (-120.725255293385 39.0007693514632)",RUB001,0.56,Rubicon River,,,,CH,STM,,RUB,"1",SAC
"POINT (-120.721565107165 38.9924500325586)",RUB002,1.2,Rubicon River,Rubicon River near Foresthill,,,CH,SG,"11433200",RUB,"2",SAC
"POINT (-120.68745918959 38.9899756726394)",RUB004,3.63,Rubicon River,Confluence with Long Canyon Creek,,,CH,STM,,RUB,"4",SAC
"POINT (-120.682665390325 38.970802472911)",RUB005,5.27,Rubicon River,Confluence with Pilot Creek,,,CH,STM,,RUB,"5",SAC
"POINT (-120.46969932374 38.9696192725578)",RUB023,23,Rubicon River,Confluence with South Fork Rubicon River,,,CH,STM,,RUB,"23",SAC
"POINT (-120.408078218805 39.0565031450317)",RUB031,30.8,Rubicon River,Rubicon River below Hell Hole Dam. Hell Hole Powerhouse.,,,CH,SG,"11428800",RUB,"31",SAC
"POINT (-120.409238422557 39.0582894478953)",HHOLE,30.94,Rubicon River,Hell Hole Reservoir,,,STR,,,,,SAC
"POINT (-120.515527589913 39.02116400646)",LCY012,11.7,Long Canyon Creek,Long Canyon Creek near French Meadows. Confluence with North and South Forks of Long Canyon Creek,,,CH,SG,"11433100",LCY,"12",SAC
"POINT (-120.481572322494 39.0508836985465)",NLC003,3.16,North Fork Long Canyon Creek,North Fork Long Canyon Creek diversion dam,,,CH,STM,,NLC,"3",SAC
"POINT (-120.482553398698 39.0486924832496)",NLC002,2.99,North Fork Long Canyon Creek,North Frok Long Canyon Creek Flood Release below Diversion Tunnel near Volcanoville,,,CH,SG,"11433085",NLC,"2",SAC
"POINT (-120.483737909741 39.0423284019805)",MFT004,4.12,Middle Fork Tunnel,Inflow from North Fork Long Canyon Creek,,,CH,CNL,,MFT,"4",SAC
"POINT (-120.470727345485 39.0513599279675)",SLC003,3.49,South Fork Long Canyon Creek,South Fork Long Canyon Creek Diversion Tunnel near Volcanoville,,,CH,STM,,SLC,"3",SAC
"POINT (-120.47086358725 39.0513696093408)",MFT003,3.3,Middle Fork Tunnel,Inflow from South Fork Long Canyon Creek Diversion,,,CH,SG,"11433060",MFT,"3",SAC
"POINT (-120.471435635816 39.0509004427494)",SLC002,3.44,South Fork Long Canyon Creek,South Fork Long Canyon Creek Flood Release below Diversion Tunnel near Volcanoville,,,CH,SG,"11433065",SLC,"2",SAC
"POINT (-120.402270283856 39.0750934220373)",RUB032,32.19,Rubicon River,Inflow from French Meadows Powerhouse to Hell Hole Reservoir,,,CH,STM,,RUB,"32",SAC
"POINT (-120.274590123413 39.0361384730488)",RUB041,41.44,Rubicon River,Confluence with Little Rubicon River,,,CH,STM,,RUB,"41",SAC
"POINT (-120.24739554401 39.019234239037)",RUB044,43.71,Rubicon River,Rubicon River at Rubicon Springs near Meeks Bay,,,CH,SG,11428000/11428001,RUB,"44",SAC
"POINT (-120.223143476003 38.9889529165633)",RUB047,47.38,Rubicon River,Rubicon River below Rubicon Lake,,,CH,SG,"11427960",RUB,"47",SAC
"POINT (-120.223141190658 38.9879264061921)",RUB048,47.45,Rubicon River,Rubicon Reservoir diversion to Rockbound Tunnel,,,CH,STM,,RUB,"48",SAC
"POINT (-120.25657363067 39.0052174456156)",LRB003,2.9,Little Rubicon River,Little Rubicon River below Buck Island Dam,,,CH,SG,"11428400",LRB,"3",SAC
"POINT (-120.256300025314 39.0048932903483)",LRB004,2.97,Little Rubicon River,Buck Island Lake,,,CH,STM,,LRB,"4",SAC
"POINT (-120.225812821819 38.9878177882431)",RRT000,0,Rubicon-Rockbound Tunnel,Rubicon-Rockbound Tunnel near Meeks Bay,,,CH,SG,"11427940",RRT,"0",SAC
"POINT (-120.234446637092 38.9922733402585)",LRB005,4.635,LIttle Rubicon River,Inflow from Rubicon-Rockbound Tunnel,,,CH,STM,,LRB,"5",SAC
"POINT (-120.256868387697 39.004627930015)",BLT000,0,Buck Island-Loon Lake Tunnel,Buck-Loon Tunnel near Meeks Bay,,,CH,SG,"11428300",BLT,"0",SAC
"POINT (-120.393930923105 38.9661262064291)",GRL001,1.19,Gerle Creek,Gerle Reservoir near Meeks Bay,,,CH,SG,"11429600",GRL,"1",SAC
"POINT (-120.398624437136 38.9542278352356)",SFR005,5.16,South Fork Rubicon River,Confluence with Gerle Creek,,,CH,STM,,SFR,"5",SAC
"POINT (-120.40189908459 38.9544034326334)",SFR004,4.98,South Fork Rubicon River,South Fork Rubicon River below Gerle Creek near Georgetown,,,CH,SG,"11430000",SFR,"4",SAC
"POINT (-120.310574774717 39.0023541307178)",LOONL,10.46,Gerle Creek,Loon Lake Dam,,,STR,,,,,SAC
"POINT (-120.315606431031 39.005370782011)",GRL010,10.11,Gerle Creek,Gerle Creek below Loon Lake near Meeks Bay,,,CH,SG,"11429500",GRL,"10",SAC
"POINT (-120.32458173267 38.9825363382408)",LLT000,0,Loon Lake Tunnel,Loon Lake Powerhouse near Meeks Bay,,,CH,SG,"11429340",LLT,"0",SAC
"POINT (-120.388442856628 38.9471876350477)",SFR006,6.39,South Fork Rubicon River,Robbs Peak (diversion) Dam,,,CH,STM,,SFR,"6",SAC
"POINT (-120.378217653733 38.8966620809785)",RPT004,3.6,Robbs Peak Tunnel,Robbs Peak Powerhouse near Kyburz,,,CH,SG,"11429300",RPT,"4",SAC
"POINT (-120.381839446292 38.8502878432296)",IHT002,1.88,Ice House Tunnel,Jones Fork Power Plant near Kyburz,,,CH,SG,"11440900",IHT,"2",SAC
"POINT (-120.360626097207 38.8235648711054)",ICEHS,13.14,South Fork Silver Creek,Ice House Reservoir,,,STR,,,,,SAC
"POINT (-120.440673655053 38.866122864381)",UNVLY,16.99,Silver Creek,Union Valley Reservoir,,,STR,,,,,SAC
"POINT (-120.460079222953 38.8523752608069)",SLV014,15.3,Silver Creek,Silver Creek below Junction Dam near Pollock Pines,,,CH,SG,"11441800",SLV,"14",SAC
"POINT (-120.457090924073 38.8521174677453)",SLV015,15.46,Silver Creek,Junction Reservoir near Pollock Pines,,,CH,SG,"11441760",SLV,"15",SAC
"POINT (-120.444214103323 38.864290528563)",UVT001,0.39,Union Valley Power Tunnel,Union Valley Powerhouse near Pacific,,,CH,SG,"11441002",UVT,"1",SAC
"POINT (-120.444679620146 38.8643765129265)",SLV017,16.82,Silver Creek,Confluence with Union Valley Powerhouse tailrace,,,CH,STM,,SLV,"17",SAC
"POINT (-120.453950008521 38.8543401176852)",SLV016,15.71,Silver Creek,Confluence with South Fork Siver Creek,,,CH,STM,,SLV,"16",SAC
"POINT (-120.36515901069 38.8179054798483)",SFS013,12.66,South Fork Silver Creek,South Fork Silver Creek near Ice House,,,CH,SG,,SFS,"13",SAC
"POINT (-120.53204839016 38.8338986726235)",SLV007,6.72,Silver Creek,Confluence with Jaybird Powerhouse tailrace.,,,CH,STM,,SLV,"7",SAC
"POINT (-120.531803840577 38.8339926581111)",JBT004,4.39,Jaybird Tunnel,Jaybird Powerhouse near Pollock Pines,,,CH,SG,"11441780",JBT,"4",SAC
"POINT (-120.536675763641 38.8283478943259)",SLV006,6.23,,,,,CH,SG,"11441890",SLV,"6",SAC
"POINT (-120.53949584801 38.823991892372)",SLV005,5.89,Silver Creek,Silver Creek below Camino Dam,,,CH,SG,"11441900",SLV,"5",SAC
"POINT (-120.618409467454 38.7992942634627)",CMN005,4.97,Camino Tunnel,Intertie to Brush Creek Tunnel/Reservoir,,,CH,STM,,CMN,"5",SAC
"POINT (-120.621171793055 38.8113658727886)",BCT000,0,Brush Creek Tunnel,Brush Creek Reservoir near Pollock Pines,,,CH,SG,"1142690",BCT,"0",SAC
"POINT (-120.590884785407 38.7893785756776)",SFA048,48.25,South Fork American River,Confluence with Silver Creek,,,CH,STM,,SFA,"48",SAC
"POINT (-120.618882863913 38.7936506271721)",SFA046,45.82,South Fork American River,Confluence with El Dorado Powerhouse tailwater,,,CH,STM,,SFA,"46",SAC
"POINT (-120.622141714384 38.7952616926334)",SFA045,45.6,South Fork American River,Camino Powerhouse near Pollock Pines,,,CH,SG,"11441895",SFA,"45",SAC
"POINT (-120.788212738116 38.7651909157735)",SFA032,32.07,South Fork American River,Confluence with Whit Rock Powerhouse tailrace,,,CH,CNL,,SFA,"32",SAC
"POINT (-120.78718847658 38.7651673086971)",WRT005,5.16,White Rock Tunnel,White Rock Powerhouse near Placerville,,,CH,SG,"11443460",WRT,"5",SAC
"POINT (-120.621944057218 38.7956145092313)",CMN006,5.285,Camino Tunnel,Camino Powerhouse near Pollock Pines,,,CH,SG,"11441895",CMN,"6",SAC
"POINT (-120.775538363056 38.7939470778206)",RKC001,1,Rock Creek,Rock Creek near Placerville,,,CH,SG,"11444201,11444200,11444260",RKC,"1",SAC
"POINT (-120.778849700007 38.7827204143555)",SFA035,34.364,South Fork American River,Confluence with Rock Creek (Rock Creek Powerhouse),,,CH,STM,,SFA,"35",SAC
"POINT (-120.698698199022 38.7733830548269)",SFA040,40.131,South Fork American River,South Fork American River near Camino,,,CH,SG,"11443500",SFA,"40",SAC
"POINT (-120.185050436757 38.6914563952073)",SLF010,10.27,Silver Fork American River,Confluence with Caples Creek,,,CH,STM,,SLF,"10",SAC
"POINT (-120.049717886856 38.7071044339103)",CAPLS,9.5,Caples Creek,Caples Lake (Twin Lakes Reservoir),,,STR,,,,,SAC
"POINT (-120.050893706235 38.70798544609)",CPC010,9.4,Caples Creek,Caples Lake Outlet near Kirkwood,,,CH,SG,"11437000",CPC,"10",SAC
"POINT (-120.051925929693 38.7085368672678)",CPC009,9.32,Caples Creek,Caples Creek Release below Caples Dam near Kirkwood,,,CH,SG,"11436999",CPC,"9",SAC
"POINT (-120.121727732911 38.66834074222)",SILVR,15.6,,,,,STR,,,SLF,,SAC
"POINT (-120.123018915826 38.6714571310902)",SLF015,14.81,Silver Fork American River,Silver Lake Outlet near Kirkwood,,,CH,SG,"11436000",SLF,"15",SAC
"POINT (-120.315477207968 38.7674564557658)",SFA067,66.57,South Fork American River,Confluence with Silver Fork American River,,,CH,STM,,SFA,"67",SAC
"POINT (-120.065238652405 38.7043295252751)",CPL001,0.45,Caples Lake Spillway,Caples Lake Spillway near Kirkwood,,,CH,SG,,CPL,"1",SAC
"POINT (-120.070173565074 38.7087179516453)",CPC008,8.05,Caples Creek,Confluence with Caples Lake Spillway,,,CH,STM,,CPC,"8",SAC
"POINT (-120.296593383826 38.7737426991561)",SFA068,67.82,South Fork American River,South Fork American River at Kyburz,,,CH,SG,"11435500",SFA,"68",SAC
"POINT (-120.041179759327 38.8229977513022)",SFA085,84.72,South Fork American River,Confluence with Echo Lake Conduit,,,CH,STM,,SFA,"85",SAC
"POINT (-120.044070082701 38.8347746500321)",ELIMP,0,Echo Lake Conduit,Diversion from off model Echo Lake in Truckee River watershed .,,,OM,OMR,,ELC,"0",SAC
"POINT (-120.03768704475 38.8310156966716)",ELC001,0.52,Echo Lake Conduit,Echo Lake Conduit near Phillips,,,CH,SG,"11434500",ELC,"1",SAC
"POINT (-120.318680757006 38.765153204207)",SFA066,66.31,South Fork American River,El Dorado Diversion Dam,,,CH,STM,,SFA,"66",SAC
"POINT (-120.320209242065 38.7643565611589)",EDC000,0.09,El Dorado Canal,El Dorado Canal near Kyburz,,,CH,SG,"11439000",EDC,"0",SAC
"POINT (-120.372367542176 38.7552365784906)",ALD001,0.89,Alder Creek,Alder Creek near Whitehall (Creek only)/Alder Creek near Whitehall (Total Flow),,,CH,SG,11439999/11440000,ALD,"1",SAC
"POINT (-120.369285827256 38.7542398280706)",ALD002,1.1,Alder Creek,Alder Creek Diversion Dam. Diversion to Alder Creek Pipeline,,,CH,STM,,ALD,"2",SAC
"POINT (-120.375151757852 38.763899677207)",EDC004,3.71,El Dorado Canal,Confluence with Alder Creek Pipeline,,,CH,STM,,EDC,"4",SAC
"POINT (-120.379772012214 38.7661025796934)",SFA063,62.5,South Fork American River,Confluence with Alder Creek,,,CH,STM,,SFA,"63",SAC
"POINT (-120.37521146592 38.7635701978339)",ACP001,0.86,Alder Creek Pipeline,Alder Creek Pipeline near Whitehall,,,CH,SG,"11439950",ACP,"1",SAC
"POINT (-120.328531841438 38.7636401577619)",SFA065,65.71,South Fork American River,South Fork American River (River Only)/South Fork American River (Total Flow),,,CH,SG,11439500/11439501,SFA,"65",SAC
"POINT (-120.435968189068 38.7652993761701)",EDC007,7.13,El Dorado Canal,Ditch Camp 2 Siphon/Spill,,,CH,STM,,EDC,"7",SAC
"POINT (-120.441863843296 38.7684246186252)",SFA059,58.69,South Fork American River,Confluence with Plum Creek,,,CH,STM,,SFA,"59",SAC
"POINT (-120.428141784907 38.753810480963)",PLM001,1.36,Plum Creek,Plum Creek near Riverton,,,CH,SG,"11440500",PLM,"1",SAC
"POINT (-120.586163071394 38.7692706369273)",EDC021,21.25,El Dorado Canal,,,,CH,CNL,,EDC,"21",SAC
"POINT (-120.619210515638 38.7934394482336)",EDP003,2.82,El Dorado Powerhouse Penstocks,El Dorado Powerhouse near Pollock Pines,,,CH,SG,"11439300",EDP,"3",SAC
"POINT (-120.610085510446 38.7547300136965)",WTPELD,24.28,El Dorado Canal,Reservoir 1 WTP,,,WTP,NA,,,,SAC
"POINT (-120.630730629192 38.7546204333007)",EIDA1,,,El Dorado ID Off-model demand (American River),,,OM,OMD,,,,SAC
"POINT (-120.604279867252 38.9034468910876)",STMMD,8.935,Pilot Creek,Stumpy Meadows Reservoir,,,STR,,,,,SAC
"POINT (-120.606505034264 38.9043637525885)",PLC009,8.8,Pilot Creek,Pilot Creek near Georgetown,,,CH,SG,"11432500",PLC,"9",SAC
"POINT (-120.640351450019 38.922175456908)",PLC007,6.12,Pilot Creek,Pilot Creek Diversion Dam to Georgetown Divide Ditch (El Dorado Conduit),,,CH,STM,,PLC,"7",SAC
"POINT (-120.641844548018 38.9235319640308)",PLC006,5.97,Pilot Creek,Pilot Creek below Mutton Canyon near Georgetown,,,CH,SG,"11433040",PLC,"6",SAC
"POINT (-120.778246835409 38.9225197750825)",WTPWAL,,,Lake Walton WTP,,,WTP,NA,,,,SAC
"POINT (-120.855232335291 38.9087181019964)",GDPUD,,,Georgetown Divide Public Utility District,,,OM,OMD,,,,SAC
"POINT (-120.72499957222 39.001021707317)",RLT007,6.9,Ralston Tunnel,Ralston Powerhouse near Foresthill,,,CH,SG,"11427765",RLT,"7",SAC
"POINT (-120.596533477938 39.0249539647263)",MFA037,36.24,Middle Fork American River,Confluence with Middle Fork Powerhouse tailrace,,,CH,CNL,,MFA,"37",SAC
"POINT (-120.481929546814 39.0483986603863)",MFT000,0.17,North Fork Long Canyon Creek Diversion Tunnel,North Fork Long Canyon Creek Diversion Tunnel near Volcanoville,,,CH,SG,"11433080",NLC,"0",SAC
"POINT (-120.669544588377 38.3306171419067)",MOK082,82.45,Mokelumne River,Electra Powerhouse,,,CH,STM,,MOK,"82",SJR
"POINT (-120.610552719301 38.3719811197753)",MOK088,87.85,Mokelumne River,Confluence with North/Middle Forks,,,CH,STM,,MOK,"88",SJR
"POINT (-120.550238605896 38.4203789947896)",NFM006,6.62,North Fork Mokelumne River,North Fork Mokelumne River below Electra Div Dam near West Point,,,CH,SG,"11316700",NFM,"6",SJR
"POINT (-120.548620664815 38.4205659084985)",NFM007,6.71,North Fork Mokelumne River,Electra Diversion Dam,,,CH,STM,,NFM,"7",SJR
"POINT (-120.505055708717 38.4392118840863)",NFM009,10.07,North Fork Mokelumne River,North Fork Mokelumne River below Tiger Creek Reservoir near West Point,,,CH,SG,"11316670",NFM,"9",SJR
"POINT (-120.505144762571 38.4414203122091)",NFM010,10.22,North Fork Mokelumne River,Tiger Creek Reservoir Dam,,,CH,STM,,NFM,"10",SJR
"POINT (-120.493895372467 38.4489569645439)",NFM011,11.49,North Fork Mokelumne River,Confluence with Tiger Creek Powerhouse tailrace,,,CH,STM,,NFM,"11",SJR
"POINT (-120.490270487671 38.4464041940371)",NFM012,11.83,North Fork Mokelumne River,North Fork Mokelumne River above Tiger Creek,,,CH,SG,"11316600",NFM,"12",SJR
"POINT (-120.297167590615 38.4758854735362)",NFM024,24.4,North Fork Mokelumne River,Confluence with Bear River (below Lower Bear River Reservoir),,,CH,STM,,NFM,"24",SJR
"POINT (-120.215279726587 38.4984442369937)",SLTSP,29.82,North Fork Mokelumne River,Salt Springs Reservoir Dam,,,STR,,,NFM,,SJR
"POINT (-120.221328105935 38.4937057626996)",NFM029,29.34,North Fork Mokelumne River,North Fork Mokelumne River below Salt Springs Dam,,,CH,SG,"11314500",NFM,"29",SJR
"POINT (-120.255852130829 38.540168837547)",LBEAR,5.73,Bear River,Lower Bear River Reservoir Dam,,,STR,,,BRV,,SJR
"POINT (-120.25743770983 38.5362516618032)",BRV005,5.43,Bear River,Bear River below Lower Bear River Dam,,,CH,SG,"11315900",BRV,"5",SJR
"POINT (-120.290055666863 38.4923523411998)",BRV002,1.51,Bear River,Bear River Diversion Dam,,,CH,STM,,BRV,"2",SJR
"POINT (-120.290458053579 38.491383737436)",BRV001,1.44,Bear River,Bear River below Bear River Diversion Dam,,,CH,SG,"11316100",BRV,"1",SJR
"POINT (-120.291375861357 38.4902876895569)",TGR006,6.19,Tiger Creek Regulatory Canal,Confluence with Bear River Diversion. Possible spill just downstream,,,CH,STM,,TGR,"6",SJR
"POINT (-120.289043755022 38.4933713903785)",BRV003,1.6,Bear River,Bear River near Salt Springs Dam,,,CH,SG,"11316000",BRV,"3",SJR
"POINT (-120.218327589617 38.4977558857601)",TGR000,0.08,Tiger Creek Regulatory Canal,Confluence of Salt Springs and Lower Bear River power diversions,,,CH,CNL,,TGR,"0",SJR
"POINT (-120.452349293505 38.4770342119966)",TGR018,17.73,Tiger Creek Conduit,Tiger Creek below Regulator Reservoir near Pioneer,,,CH,SG,"11316605",TGR,"18",SJR
"POINT (-120.493024821208 38.4490285373688)",TGR021,21.07,Tiger Creek Conduit,Tiger Creek Powerhouse near West Point,,,CH,SG,"11316610",TGR,"21",SJR
"POINT (-120.549468300654 38.4209405146511)",ELT000,0.03,Electra Tunnel,West Point PH tailrace/Electra Diversion mixing point,,,CH,CNL,,ELT,"0",SJR
"POINT (-120.666449550891 38.3484911288222)",TBAUD,,,Lake Tabeaud,,,STR,,,,,SJR
"POINT (-120.789166096683 38.4444859086354)",AMDOR,,,Combined off-model diversion from Buckhorn and Tanner WTPs,,,OM,OMD,,,,SJR
"POINT (-120.497076189592 38.3847204067251)",MFM008,8.28,Middle Fork Mokelumne River,Confluence with Bear Creek (Mokelumne),,,CH,STM,,MFM,"8",SJR
"POINT (-120.490266461877 38.4140969213957)",BCM003,2.68,Bear Creek (Mokelumne),West Point WTP Bear Creek Diversion,,,CH,STM,,BCM,"3",SJR
"POINT (-120.516392654672 38.3851600498495)",MFM007,6.79,Middle Fork Mokelumne River,West Point WTP Middle Fork Mokelumne Diversion,,,CH,STM,,MFM,"7",SJR
"POINT (-120.586643013377 38.3746367431901)",MFM001,1.44,Middle Fork Mokelumne River,Confluence with South Fork Mokelumne River,,,CH,STM,,MFM,"1",SJR
"POINT (-120.526742400821 38.3893776071622)",MFM006,6.09,Middle Fork Mokelumne River,Midel Fork Mokelumne River at West Point,,,CH,SG,"11317000",MFM,"6",SJR
"POINT (-120.514522892151 38.4069300250531)",WSPNT,,,West Point WTP (Calaveras County Water District),,,OM,OMD,,,,SJR
"POINT (-120.545484810713 38.3682009634087)",SFM003,2.74,South Fork Mokelumne River,South Fork Mokelumne River near West Point,,,CH,SG,"11318500",SFM,"3",SJR
"POINT (-120.507481518364 38.3626928330563)",SFM005,5.19,South Fork Mokelumne River,Jeff Davis Pipeline Diversion,,,CH,STM,,SFM,"5",SJR
"POINT (-120.543098939883 38.3434978882726)",MHILL,,,Jeff Davis Water Treatment Plant,,,OM,OMD,,,,SJR
"POINT (-120.220255134066 38.4958109156514)",TGR001,0.24,Tiger Creek Regulating Canal (MoqAque),Tiger Creek Conduit below Salt Springs Dam,,,CH,SG,"11314000",TGR,"1",SJR
"POINT (-120.847294753698 38.5538802367648)",CSM052,51.67,Cosumnes River,Confluence with Middle Fork Cosumnes River (Middle/South Fork flows simulated at CSM035),,,CH,STM,,CSM,"52",SJR
"POINT (-120.666317723063 38.6550598734297)",NFC019,19.2,North Fork Cosumnes River,Confluence with Camp Creek,,,CH,STM,,NFC,"19",SJR
"POINT (-120.663843551973 38.6571796166008)",CMP001,0.2,Camp Creek,Camp Creek near Somerset,,,CH,SG,"11333000",NFC,"1",SJR
"POINT (-120.596712850912 38.6874827786229)",CMP005,5.29,Camp Creek,Confluence with Sly Park Creek,,,CH,STM,,CMP,"5",SJR
"POINT (-120.561556815319 38.7151647481661)",JNKSN,3.94,Sly Park Creek,Jenkinson Lake Dam (Sly Park Reservoir),,,STR,,,,,SJR
"POINT (-120.525057015604 38.7246090870751)",CMP014,13.9,Camp Creek,Camp Creek Diversion Dam (Camp Creek Tunnel),,,CH,STM,,CMP,"14",SJR
"POINT (-120.596095240541 38.7121765144677)",CMC002,1.97,Camino Conduit,Sly Park Intertie and Camino Conduit connection,,,CH,CNL,,CMC,"2",SJR
"POINT (-120.444433367914 39.8188281157376)",MFF087,87.41,Middle Fork Feather River,Middle Fork Feather River near Portola,,,CH,SG,"11392100",MFF,"87",SAC
"POINT (-120.427890019852 39.8176825936706)",MFF088,88.46,Middle Fork Feather River,Confluence with Big Grizzly Creek,,,CH,STM,,MFF,"88",SAC
"POINT (-120.362029038169 39.7914964017465)",MFF095,94.98,Middle Fork Feather River,Confluence with North Channel Little Last Chance Creek,,,CH,STM,,MFF,"95",SAC
"POINT (-120.162588488877 39.8229447335852)",NLL016,15.73,North Channel Little Last Chance Creek,Confluence with Little Last Chance Creek and East Channel Little Last Chance Creek,,,CH,STM,,NLL,"16",SAC
"POINT (-120.189163547892 39.8932105829997)",LLC007,7.3,Little Last Chance Creek,Little Last Chance Creek below Frenchman Dam near Chilcoot,,,CH,SG,"11391400",LLC,"7",SAC
"POINT (-120.190016904663 39.8937527561772)",FRMAN,7.36,Little Last Chance Creek,Frenchman Lake Dam,,,STR,,,LLC,,SAC
"POINT (-120.476667491338 39.8837491308675)",DAVIS,6.62,Big Grizzly Creek,Lake Davis - Big Grizzly Creek at Grizzly Valley Dam near Portola,,,STR,,"11391500",BGC,,SAC
"POINT (-120.427655969507 39.8359591389357)",BGC002,1.57,Big Grizzly Creek,"PCFCWCD redivert for Grizzly Ranch CSD APP16950,21443/Prmt15254,15255",,,CH,STM,,BGC,"2",SAC
"POINT (-120.220922797819 39.813161573731)",LCCWD,,,Little Last Chance Irrigation District,,,OM,OMD,,,,SAC
"POINT (-120.417907217886 39.8359946651128)",PLMAS,,,Grizzly Ranch/PCFCWCD demand,,,OM,OMD,,,,SAC
"POINT (-121.432387382452 39.8095901377599)",NFF029,28.14,North Fork Feather River,Poe Forebay diversion to Poe Tunnel/Poe PH,,,CH,STM,,NFF,"29",SAC
"POINT (-121.435302258941 39.8085392296778)",NFF028,27.97,North Fork Feather River,North Fork Feather River below Poe Dam,,,CH,SG,"114044",NFF,"28",SAC
"POINT (-121.469552788085 39.7229988047604)",POE006,6.42,Poe Powerhouse,Poe Powerhouse below Poe Dam near Jarbo Gap/Combined Flow North Fork Feather River Pulga and Poe Powerhouse.,,,CH,SG,11404900/11404901,POE,"6",SAC
"POINT (-121.469646331078 39.7214894926701)",NFF020,20.29,North Fork Feather River,Confluence with Poe Powerhouse tailwater,,,CH,STM,,NFF,"20",SAC
"POINT (-121.373635507507 39.8761387640369)",NFF035,34.77,North Fork Feather River,Cresta Forebay Dam,,,CH,STM,,NFF,"35",SAC
"POINT (-121.326511996376 39.9143100357466)",NFF039,38.78,North Fork Feather River,Confluence with Bucks Creek above Bucks Creek Powerhouse at Storrie,,,CH,STM,"11403700",NFF,"39",SAC
"POINT (-121.230866900756 39.9042676778556)",BUK007,7.28,Bucks Creek,Bucks Creek below Diversion Dam near Bucks Lodge,,,CH,SG,"11403530",BUK,"7",SAC
"POINT (-121.277057017901 39.9800900372602)",NFF045,45.36,North Fork Feather River,Sum of North Fork Feather River below Rock Creek Diversion Dam and Rock Creek Powerhouse near Storrie,,,CH,SG,11403200/11408300,NFF,"45",SAC
"POINT (-121.283231509557 39.9868640222818)",NFF046,46.06,North Fork Feather River,Rock Creek Forebay Dam,,,CH,STM,,NFF,"46",SAC
"POINT (-121.131470909031 40.0933271928662)",NFF060,60.52,North Fork Feather River,Confluence with Butt Creek,,,CH,STM,,NFF,"60",SAC
"POINT (-121.148990408538 40.0856062835157)",NFF059,59.2,North Fork Feather River,Confluence with Caribou Powerhouses 1 and 2 tailwater.,,,CH,STM,,NFF,"59",SAC
"POINT (-121.148571814479 40.0859775061004)",CRB002,,Representative Caribou No.1 and No.2 Tunnels,Caribou Powerhouses No. 1 and No. 2 at Caribou,,,CH,SG,"11401050",CRB,"2",SAC
"POINT (-121.144657539103 40.1154874478786)",BTVLY,2.05,Butt Creek,Butt Valley Reservoir near Caribou,,,STR,,,,,SAC
"POINT (-121.225724063848 40.0139091160061)",NFF050,50.49,North Fork Feather River,Confluence with East Branch North Fork Feather River,,,CH,STM,,NFF,"50",SAC
"POINT (-121.089768672596 40.17545435232)",ALMNR,70.44,North Fork Feather River,Lake Almanor at Prattville,,,STR,,"11399000",NFF,,SAC
"POINT (-121.190604926845 40.1755813771573)",BVT003,3.12,Butt Valley Tunnel,Butt Valley Powerhouse near Prattville,,,CH,SG,"11400600",BTV,"3",SAC
"POINT (-121.189816121806 40.1727288045034)",BTT007,6.94,Butt Creek,Confluence with Butt Creek Powerhouse tailwater,,,CH,STM,,BTT,"7",SAC
"POINT (-121.02486161892 40.2835635327265)",MTMDW,9.69,Hamilton Branch,Mountain Meadows Reservoir,,,STR,,,HMB,,SAC
"POINT (-120.983113217694 40.0384239369351)",EBF018,18.33,East Branch North Fork Feather River,Confluence with Indian Creek,,,CH,STM,,EBF,"18",SAC
"POINT (-120.607455518211 40.1807697555762)",ANTLP,39.82,Indian Creek,Antelope Lake,,,STR,,,,,SAC
"POINT (-121.218581043925 40.0105509154665)",EBF001,0.53,East Branch North Fork Feather River,East Branch of North Fork Feather River near Rich Bar,,,CH,SG,"11403000",EBF,"1",SAC
"POINT (-121.16069706935 40.0761576854449)",NFF058,58.17,North Fork Feather River,Belden Reservoir Dam,,,CH,STM,,NFF,"58",SAC
"POINT (-121.164906954211 40.0714222481245)",NFF057,57.75,North Fork Feather River,North Fork Feather River below Belden Dam,,,CH,SG,"11401112",NFF,"57",SAC
"POINT (-120.672212924388 37.8326528265674)",SSJ004,3.59,South San Joaquin Canal,Diversion to Oakdale North Main Canal,,,CH,CNL,,SSJ,,SJR
"POINT (-121.022229431474 37.7984488406819)",61_PA3,,,,,,PR,A,,,,SJR
"POINT (-120.672915001382 37.8336731754267)",NMC000,0.09,Oakdale North Main Canal,"North Main Canal below Diversion Point near Knights Ferry, CA. USGS 11300800",,,CH,SG,"11300800",NMC,"0",SJR
"POINT (-120.826180176822 37.8118499167964)",NMC014,13.67,Oakdale North Main Canal,North Side Regulating Reservoir,,,CH,,,NMC,"14",SJR
