from_element_code,to_element_code,arc_code,connection_type,source_id,confidence_level,is_primary
AMR006,AMR004,C_AMR006,physical_infrastructure,4,high,True
CCH075,CCH058,C_CCH075,physical_infrastructure,4,high,True
ELD012,ELD005,C_ELD012,physical_infrastructure,4,high,True
BRR023,CMPFW,C_BRR023,physical_infrastructure,4,high,True
SAC003,SAC000,C_SAC003,physical_infrastructure,4,high,True
SAC007,SAC003,C_SAC007,physical_infrastructure,4,high,True
SAC017,SAC011,C_SAC017,physical_infrastructure,4,high,True
SAC022,SAC017,C_SAC022,physical_infrastructure,4,high,True
SAC029a,SAC022,C_SAC029a,physical_infrastructure,4,high,True
SAC036,SAC030,C_SAC036,physical_infrastructure,4,high,True
SAC048,SAC041,C_SAC048,physical_infrastructure,4,high,True
BRR031,BRR028,C_BRR031,physical_infrastructure,4,high,True
22_SA2,SAC083,R_22_SA2_SAC083,physical_infrastructure,4,high,True
FTR003,22_SA2,D_FTR003_22_SA2,physical_infrastructure,4,high,True
17S_SA,SAC085,R_17S_SA_SAC085,physical_infrastructure,4,high,True
FTR003,17S_SA,D_FTR003_17S_SA,physical_infrastructure,4,high,True
MCD009,MCD005,C_MCD009,physical_infrastructure,4,high,True
KLR006,YBP034,C_KLR006,physical_infrastructure,4,high,True
AMR007,AMR006,C_AMR007,physical_infrastructure,4,high,True
MFA001,NFA019,C_MFA001,physical_infrastructure,4,high,True
WEC005,11_SA1,D_WEC005_11_SA1,physical_infrastructure,4,high,True
WEC005,BTC032,D_WEC005_BTC032,physical_infrastructure,4,high,True
ASL013,EBP022,C_ASL013,physical_infrastructure,4,high,True
BRS018,EBP019,C_BRS018,physical_infrastructure,4,high,True
RFS72B,SJR106,R_RFS72B_SJR106,physical_infrastructure,4,high,True
RFS72B,MSN004,R_RFS72B_MSN004,physical_infrastructure,4,high,True
SJR053b,OMR039,C_SJR053b,physical_infrastructure,4,high,True
TCWWTP,OMR039,R_TCWWTP_OMR039,physical_infrastructure,4,high,True
EBP048,63_PR3,D_EBP048_63_PR3,physical_infrastructure,4,high,True
NFA022,NFA019,C_NFA022,physical_infrastructure,4,high,True
MFA023,MFA001,C_MFA023,physical_infrastructure,4,high,True
RVC005,11_PR,D_RVC005_11_PR,physical_infrastructure,4,high,True
JBC002,RVC005,D_JBC002_RVC005,physical_infrastructure,4,high,True
WLF021,WLF017,C_WLF021,physical_infrastructure,4,high,True
RVC000,RVC005,C_RVC000,physical_infrastructure,4,high,True
WEC005,11_PR,D_WEC005_11_PR,physical_infrastructure,4,high,True
BSL001b,BSL004,C_BSL001b,physical_infrastructure,4,high,True
08N_PA,CBD044,R_08N_PA_CBD044,physical_infrastructure,4,high,True
CBD049,08N_PA,D_CBD049_08N_PA,physical_infrastructure,4,high,True
KLR005,21_PA,D_KLR005_21_PA,physical_infrastructure,4,high,True
21_PA,YBP032,R_21_PA_YBP032,physical_infrastructure,4,high,True
MNRRH,13_NU2,D_MNRRH_13_NU2,physical_infrastructure,4,high,True
TTC002,BTC060,C_TTC002,physical_infrastructure,4,high,True
FTR068,FTR067,C_FTR068,physical_infrastructure,4,high,True
FTR021,16_SA,D_FTR021_16_SA,physical_infrastructure,4,high,True
SFA030,FOLSM,C_SFA030,physical_infrastructure,4,high,True
SAC053,SAC050,C_SAC053,physical_infrastructure,4,high,True
SAC057,SAC053,C_SAC057,physical_infrastructure,4,high,True
SAC061,SAC057,C_SAC061,physical_infrastructure,4,high,True
WTPJAC,NAPA,D_WTPJAC_NAPA,physical_infrastructure,4,high,True
SAC063,SAC062,C_SAC063,physical_infrastructure,4,high,True
SAC065,SAC064,C_SAC065,physical_infrastructure,4,high,True
SAC074,SAC066,C_SAC074,physical_infrastructure,4,high,True
SAC076,SAC075,C_SAC076,physical_infrastructure,4,high,True
SAC078,SAC077,C_SAC078,physical_infrastructure,4,high,True
SAC082,SAC081,C_SAC082,physical_infrastructure,4,high,True
SAC083,SAC082,C_SAC083,physical_infrastructure,4,high,True
SAC085,SAC083,C_SAC085,physical_infrastructure,4,high,True
SAC091,SAC085,C_SAC091,physical_infrastructure,4,high,True
SAC097,SAC093,C_SAC097,physical_infrastructure,4,high,True
SAC106,SAC099,C_SAC106,physical_infrastructure,4,high,True
SAC115,SAC109,C_SAC115,physical_infrastructure,4,high,True
SAC120,SAC115,C_SAC120,physical_infrastructure,4,high,True
SAC122,SAC121,C_SAC122,physical_infrastructure,4,high,True
FOLSM,WTPEDH,D_FOLSM_WTPEDH,physical_infrastructure,4,high,True
ELDID,EDWWTP,R_ELDID_EDWWTP,physical_infrastructure,4,high,True
WTPFBN,26N_NU4,D_WTPFBN_26N_NU4,physical_infrastructure,4,high,True
STS050,STS048,C_STS050,physical_infrastructure,4,high,True
ABT002,ABN026,C_ABT002,physical_infrastructure,4,high,True
ABN027,ABN026,C_ABN027,physical_infrastructure,4,high,True
SAC129,SAC122,C_SAC129,physical_infrastructure,4,high,True
SAC134,SAC129,C_SAC134,physical_infrastructure,4,high,True
SAC141,SAC136,C_SAC141,physical_infrastructure,4,high,True
SAC146,SAC141,C_SAC146,physical_infrastructure,4,high,True
SAC154,SAC148,C_SAC154,physical_infrastructure,4,high,True
SAC159,SAC154,C_SAC159,physical_infrastructure,4,high,True
SAC162,SAC159,C_SAC162,physical_infrastructure,4,high,True
SAC168,SAC162,C_SAC168,physical_infrastructure,4,high,True
SAC174,SAC169,C_SAC174,physical_infrastructure,4,high,True
SAC178,SAC174,C_SAC178,physical_infrastructure,4,high,True
SAC182,SAC178,C_SAC182,physical_infrastructure,4,high,True
SAC185,SAC182,C_SAC185,physical_infrastructure,4,high,True
SAC193,SAC188,C_SAC193,physical_infrastructure,4,high,True
SAC201,SAC196,C_SAC201,physical_infrastructure,4,high,True
SAC214,SAC207,C_SAC214,physical_infrastructure,4,high,True
SAC224,SAC218,C_SAC224,physical_infrastructure,4,high,True
SAC240,SAC232,C_SAC240,physical_infrastructure,4,high,True
SAC247,SAC240,C_SAC247,physical_infrastructure,4,high,True
SAC254,SAC250,C_SAC254,physical_infrastructure,4,high,True
SAC265,SAC259,C_SAC265,physical_infrastructure,4,high,True
SAC269,SAC265,C_SAC269,physical_infrastructure,4,high,True
SAC273,SAC271,C_SAC273,physical_infrastructure,4,high,True
SAC281,SAC277,C_SAC281,physical_infrastructure,4,high,True
SAC287,SAC281,C_SAC287,physical_infrastructure,4,high,True
SAC289,SAC287,C_SAC289,physical_infrastructure,4,high,True
SAC294,SAC289,C_SAC294,physical_infrastructure,4,high,True
SAC296,SAC294,C_SAC296,physical_infrastructure,4,high,True
SAC299,SAC296,C_SAC299,physical_infrastructure,4,high,True
SHSTA,SAC301,C_SHSTA,physical_infrastructure,4,high,True
STN009,STN004,C_STN009,physical_infrastructure,4,high,True
FTR008,FTR003,C_FTR008,physical_infrastructure,4,high,True
SBP012,SSL001,C_SBP012,physical_infrastructure,4,high,True
YUB006,YUB003,C_YUB006,physical_infrastructure,4,high,True
YUB039,YUB034,C_YUB039,physical_infrastructure,4,high,True
STH000,ABN027,D_STH000_ABN027,physical_infrastructure,4,high,True
LBC001,LBC010,C_LBC001,physical_infrastructure,4,high,True
DSC008,MOK022,C_DSC008,physical_infrastructure,4,high,True
SFF008,SFF002,C_SFF008,physical_infrastructure,4,high,True
SFF002,FTR074,C_SFF002,physical_infrastructure,4,high,True
SFF039,SFF029,C_SFF039,physical_infrastructure,4,high,True
SFF028,SFF020,C_SFF028,physical_infrastructure,4,high,True
CSM011,CSM005,C_CSM011,physical_infrastructure,4,high,True
SAC277,SAC275,C_SAC277,physical_infrastructure,4,high,True
SAC250,SAC247,C_SAC250,physical_infrastructure,4,high,True
SAC232,SAC229,C_SAC232,physical_infrastructure,4,high,True
SAC228,SAC224,C_SAC228,physical_infrastructure,4,high,True
SAC217,SAC214,C_SAC217,physical_infrastructure,4,high,True
SAC195,SAC193,C_SAC195,physical_infrastructure,4,high,True
WKYTN,CLR011,C_WKYTN,physical_infrastructure,4,high,True
CLR011,CLR009,C_CLR011,physical_infrastructure,4,high,True
CLR009,SAC287,C_CLR009,physical_infrastructure,4,high,True
CBD012,CBD005,C_CBD012,physical_infrastructure,4,high,True
GCC060,GCC065,C_GCC060,physical_infrastructure,4,high,True
FSC015,FSC025,C_FSC015,physical_infrastructure,4,high,True
LBC010,LBC030,C_LBC010,physical_infrastructure,4,high,True
BEC000,BEC021,C_BEC000,physical_infrastructure,4,high,True
ABN024,24_NA1,D_ABN024_24_NA1,physical_infrastructure,4,high,True
24_NA1,CCK022,R_24_NA1_CCK022,physical_infrastructure,4,high,True
BEC022,BEC024,C_BEC022,physical_infrastructure,4,high,True
CBD001,KLR005,D_CBD001_KLR005,physical_infrastructure,4,high,True
JBC000,JBC002,C_JBC000,physical_infrastructure,4,high,True
WSE004,24_NA1,D_WSE004_24_NA1,physical_infrastructure,4,high,True
MIO023,10_NA,D_MIO023_10_NA,physical_infrastructure,4,high,True
CWD018,CWD009,C_CWD018,physical_infrastructure,4,high,True
BEC024,WSE003,C_BEC024,physical_infrastructure,4,high,True
WSE003,WSE004,C_WSE003,physical_infrastructure,4,high,True
WBF015,MIO023,D_WBF015_MIO023,physical_infrastructure,4,high,True
MIO023,12_NU1,D_MIO023_12_NU1,physical_infrastructure,4,high,True
CRC002,SAC082,C_CRC002,physical_infrastructure,4,high,True
COW014,COW007,C_COW014,physical_infrastructure,4,high,True
COW007,COW003,C_COW007,physical_infrastructure,4,high,True
COW003,SAC277,C_COW003,physical_infrastructure,4,high,True
BTL006,SAC269,C_BTL006,physical_infrastructure,4,high,True
CWD009,CWD004,C_CWD009,physical_infrastructure,4,high,True
CWD003,SAC271,C_CWD003,physical_infrastructure,4,high,True
PYN001,SAC250,C_PYN001,physical_infrastructure,4,high,True
ANT010,SAC232,C_ANT010,physical_infrastructure,4,high,True
MLC006,MLC004,C_MLC006,physical_infrastructure,4,high,True
02,SAC257,SR_02_SAC257,physical_infrastructure,4,high,True
02,CWD003,SR_02_CWD003,physical_infrastructure,4,high,True
02,KSWCK,SR_02_KSWCK,physical_infrastructure,4,high,True
MLC004,SAC228,C_MLC004,physical_infrastructure,4,high,True
ELD027,ELD022,C_ELD027,physical_infrastructure,4,high,True
ELD022,ELD017,C_ELD022,physical_infrastructure,4,high,True
ELD017,ELD012,C_ELD017,physical_infrastructure,4,high,True
ELD005,SAC229,C_ELD005,physical_infrastructure,4,high,True
THM026,THM021,C_THM026,physical_infrastructure,4,high,True
THM021,THM017,C_THM021,physical_infrastructure,4,high,True
THM017,THM012,C_THM017,physical_infrastructure,4,high,True
THM012,THM005,C_THM012,physical_infrastructure,4,high,True
THM005,SAC224,C_THM005,physical_infrastructure,4,high,True
DRC010,DRC005,C_DRC010,physical_infrastructure,4,high,True
DRC005,SAC218,C_DRC005,physical_infrastructure,4,high,True
BCC012,BCC006,C_BCC012,physical_infrastructure,4,high,True
BCC006,BCC004,C_BCC006,physical_infrastructure,4,high,True
BCC004,SAC196,C_BCC004,physical_infrastructure,4,high,True
EPARK,SGRGE,C_EPARK,physical_infrastructure,4,high,True
SGRGE,BLKBT,C_SGRGE,physical_infrastructure,4,high,True
BLKBT,STN026,C_BLKBT,physical_infrastructure,4,high,True
STN026,STN021,C_STN026,physical_infrastructure,4,high,True
STN021,STN014,C_STN021,physical_infrastructure,4,high,True
STN014,STN009,C_STN014,physical_infrastructure,4,high,True
STN004,SAC193,C_STN004,physical_infrastructure,4,high,True
BTC003,BSL001,C_BTC003,physical_infrastructure,4,high,True
HON021,HON004,C_HON021,physical_infrastructure,4,high,True
WBF039,WBF030,C_WBF039,physical_infrastructure,4,high,True
NFF008,FTR074,C_NFF008,physical_infrastructure,4,high,True
FTR072,FTR068,C_FTR072,physical_infrastructure,4,high,True
FTR067,FTR063,C_FTR067,physical_infrastructure,4,high,True
FTR063,FTR059,C_FTR063,physical_infrastructure,4,high,True
FTR059,FTR053,C_FTR059,physical_infrastructure,4,high,True
FTR051,FTR048,C_FTR051,physical_infrastructure,4,high,True
FTR048,FTR045,C_FTR048,physical_infrastructure,4,high,True
FTR045,FTR039,C_FTR045,physical_infrastructure,4,high,True
FTR039,FTR036,C_FTR039,physical_infrastructure,4,high,True
FTR036,FTR031,C_FTR036,physical_infrastructure,4,high,True
FTR030,FTR029,C_FTR030,physical_infrastructure,4,high,True
FTR028,FTR025,C_FTR028,physical_infrastructure,4,high,True
FTR025,FTR021,C_FTR025,physical_infrastructure,4,high,True
FTR021,FTR018,C_FTR021,physical_infrastructure,4,high,True
FTR018,FTR016,C_FTR018,physical_infrastructure,4,high,True
FTR016,FTR014,C_FTR016,physical_infrastructure,4,high,True
MFF087,MFF019,C_MFF087,physical_infrastructure,4,high,True
FTR014,FTR012,C_FTR014,physical_infrastructure,4,high,True
FTR012,FTR008,C_FTR012,physical_infrastructure,4,high,True
FTR003,SAC083,C_FTR003,physical_infrastructure,4,high,True
BTC048,BTC045,C_BTC048,physical_infrastructure,4,high,True
BTC036,BTC032,C_BTC036,physical_infrastructure,4,high,True
BTC032,BTC029,C_BTC032,physical_infrastructure,4,high,True
BTC029,BTC024,C_BTC029,physical_infrastructure,4,high,True
BTC024,BTC018,C_BTC024,physical_infrastructure,4,high,True
BTC015,BTC012,C_BTC015,physical_infrastructure,4,high,True
BTC012,BTC007,C_BTC012,physical_infrastructure,4,high,True
BTC007,BTC003,C_BTC007,physical_infrastructure,4,high,True
ENGLB,YUB024,C_ENGLB,physical_infrastructure,4,high,True
YUB024,YUB023,C_YUB024,physical_infrastructure,4,high,True
YUB022,YUB014,C_YUB022,physical_infrastructure,4,high,True
YUB013,YUB011,C_YUB013,physical_infrastructure,4,high,True
YUB011,YUB006,C_YUB011,physical_infrastructure,4,high,True
YUB002,FTR028,C_YUB002,physical_infrastructure,4,high,True
YUB014,YUB013,C_YUB014,physical_infrastructure,4,high,True
MERLC,FDC006,C_MERLC,physical_infrastructure,4,high,True
FDC006,YUB014,C_FDC006,physical_infrastructure,4,high,True
BRR060,RLLNS,C_BRR060,physical_infrastructure,4,high,True
BRR049,CMBIE,C_BRR049,physical_infrastructure,4,high,True
BRR004,FTR012,C_BRR004,physical_infrastructure,4,high,True
CMPFW,BRR017,C_CMPFW,physical_infrastructure,4,high,True
RFS11,WWC006,R_RFS11_WWC006,physical_infrastructure,4,high,True
CCH006,CCH003,C_CCH006,physical_infrastructure,4,high,True
CCH030,CCH023,C_CCH030,physical_infrastructure,4,high,True
CCH023,CCH017,C_CCH023,physical_infrastructure,4,high,True
CCH017,CCH012,C_CCH017,physical_infrastructure,4,high,True
16_SA,DWRPS1,R_16_SA_DWRPS1,physical_infrastructure,4,high,True
FTR053,FTR051,C_FTR053,physical_infrastructure,4,high,True
SJR256,SJR249,C_SJR256,physical_infrastructure,4,high,True
CCH012,CCH006,C_CCH012,physical_infrastructure,4,high,True
CCH003,YBP032,C_CCH003,physical_infrastructure,4,high,True
PTH030,PTH024,C_PTH030,physical_infrastructure,4,high,True
PTH024,PTH021,C_PTH024,physical_infrastructure,4,high,True
PTH020,PTH015,C_PTH020,physical_infrastructure,4,high,True
PTH015,PTH011,C_PTH015,physical_infrastructure,4,high,True
PTH011,PTH007,C_PTH011,physical_infrastructure,4,high,True
PTH007,YBP020,C_PTH007,physical_infrastructure,4,high,True
TRNTY,LWSTN,C_TRNTY,physical_infrastructure,4,high,True
CBD049,CBD044,C_CBD049,physical_infrastructure,4,high,True
CBD044,CBD041,C_CBD044,physical_infrastructure,4,high,True
CBD041,CBD038,C_CBD041,physical_infrastructure,4,high,True
CBD037,CBD031,C_CBD037,physical_infrastructure,4,high,True
CBD031,CBD028,C_CBD031,physical_infrastructure,4,high,True
CBD028,CBD023,C_CBD028,physical_infrastructure,4,high,True
CBD023,CBD018,C_CBD023,physical_infrastructure,4,high,True
CBD018,CBD012,C_CBD018,physical_infrastructure,4,high,True
CBD001,CBD000,C_CBD001,physical_infrastructure,4,high,True
SAC207,GCC007,D_SAC207_GCC007,physical_infrastructure,4,high,True
GCC007,GCC010,C_GCC007,physical_infrastructure,4,high,True
GCC010,GCC015,C_GCC010,physical_infrastructure,4,high,True
GCC015,GCC022,C_GCC015,physical_infrastructure,4,high,True
GCC022,GCC027,C_GCC022,physical_infrastructure,4,high,True
GCC027,GCC032,C_GCC027,physical_infrastructure,4,high,True
GCC032,GCC036,C_GCC032,physical_infrastructure,4,high,True
GCC036,GCC039,C_GCC036,physical_infrastructure,4,high,True
GCC039,GCC042,C_GCC039,physical_infrastructure,4,high,True
GCC042,GCC046,C_GCC042,physical_infrastructure,4,high,True
GCC046,GCC050,C_GCC046,physical_infrastructure,4,high,True
GCC050,GCC056,C_GCC050,physical_infrastructure,4,high,True
GCC056,GCC060,C_GCC056,physical_infrastructure,4,high,True
GCC065,CBD031,C_GCC065,physical_infrastructure,4,high,True
TCC085,TCC111,C_TCC085,physical_infrastructure,4,high,True
SAC240,TCC001,D_SAC240_TCC001,physical_infrastructure,4,high,True
TCC022,TCC031,C_TCC022,physical_infrastructure,4,high,True
TCC031,TCC036,C_TCC031,physical_infrastructure,4,high,True
TCC036,TCC062,C_TCC036,physical_infrastructure,4,high,True
TCC062,TCC066,C_TCC062,physical_infrastructure,4,high,True
TCC066,TCC081,C_TCC066,physical_infrastructure,4,high,True
TCC001,TCC022,C_TCC001,physical_infrastructure,4,high,True
ABN026,ABN024,C_ABN026,physical_infrastructure,4,high,True
FOLSM,NTOMA,C_FOLSM,physical_infrastructure,4,high,True
AMR022,AMR020,C_AMR022,physical_infrastructure,4,high,True
AMR020,AMR017,C_AMR020,physical_infrastructure,4,high,True
AMR015,AMR009,C_AMR015,physical_infrastructure,4,high,True
AMR004,SAC063,C_AMR004,physical_infrastructure,4,high,True
FSC007,FSC013,C_FSC007,physical_infrastructure,4,high,True
17N_NA,BTC003,R_17N_NA_BTC003,physical_infrastructure,4,high,True
17N_NR,BTC003,R_17N_NR_BTC003,physical_infrastructure,4,high,True
11,BSL001,SR_11_BSL001,physical_infrastructure,4,high,True
BTC012,09_SA2,D_BTC012_09_SA2,physical_infrastructure,4,high,True
SAC050,SAC049,C_SAC050,physical_infrastructure,4,high,True
FPT013,WTPVNY,D_FPT013_WTPVNY,physical_infrastructure,4,high,True
TCC062,GCC036,D_TCC062_GCC036,physical_infrastructure,4,high,True
GCC027,08N_SA2,D_GCC027_08N_SA2,physical_infrastructure,4,high,True
GCC027,08N_PR1,D_GCC027_08N_PR1,physical_infrastructure,4,high,True
08N_PR1,CBD049,R_08N_PR1_CBD049,physical_infrastructure,4,high,True
08N_NA,CBD049,R_08N_NA_CBD049,physical_infrastructure,4,high,True
08N_SA2,CBD049,R_08N_SA2_CBD049,physical_infrastructure,4,high,True
SAC178,08N_SA1,D_SAC178_08N_SA1,physical_infrastructure,4,high,True
08N_SA1,CBD044,R_08N_SA1_CBD044,physical_infrastructure,4,high,True
CBD049,08N_SA1,D_CBD049_08N_SA1,physical_infrastructure,4,high,True
07S_PA,CBD028,R_07S_PA_CBD028,physical_infrastructure,4,high,True
07S_NA,CBD044,R_07S_NA_CBD044,physical_infrastructure,4,high,True
TCC081,07S_PA,D_TCC081_07S_PA,physical_infrastructure,4,high,True
GCC056,08S_PR,D_GCC056_08S_PR,physical_infrastructure,4,high,True
GCC056,08S_SA2,D_GCC056_08S_SA2,physical_infrastructure,4,high,True
CBD041,08S_SA2,D_CBD041_08S_SA2,physical_infrastructure,4,high,True
08S_SA2,CBD037,R_08S_SA2_CBD037,physical_infrastructure,4,high,True
CBD041,08S_SA1,D_CBD041_08S_SA1,physical_infrastructure,4,high,True
08S_SA1,CBD031,R_08S_SA1_CBD031,physical_infrastructure,4,high,True
08S_PR,CBD031,R_08S_PR_CBD031,physical_infrastructure,4,high,True
BSL004,SBP031,C_BSL004,physical_infrastructure,4,high,True
SBP031,SBP028,C_SBP031,physical_infrastructure,4,high,True
MOK014,MOK004,C_MOK014,physical_infrastructure,4,high,True
DSC035,DSC028,C_DSC035,physical_infrastructure,4,high,True
DSC026,DSC023,C_DSC026,physical_infrastructure,4,high,True
DSC023,DSC016,C_DSC023,physical_infrastructure,4,high,True
DSC012,DSC008,C_DSC012,physical_infrastructure,4,high,True
CSM052,CSM035,C_CSM052,physical_infrastructure,4,high,True
CSM026,CSM021,C_CSM026,physical_infrastructure,4,high,True
CSM021,CSM016,C_CSM021,physical_infrastructure,4,high,True
SAC159,08S_SA1,D_SAC159_08S_SA1,physical_infrastructure,4,high,True
FTR039,SEC009,D_FTR039_SEC009,physical_infrastructure,4,high,True
FSC025,60N_PU,D_FSC025_60N_PU,physical_infrastructure,4,high,True
CBD037,08S_PR,D_CBD037_08S_PR,physical_infrastructure,4,high,True
08S_SA3,RFS8S,R_08S_SA3_RFS8S,physical_infrastructure,4,high,True
SJR105,71_NA1,D_SJR105_71_NA1,physical_infrastructure,4,high,True
71_NA1,SJR091,R_71_NA1_SJR091,physical_infrastructure,4,high,True
TCC022,04_PA2,D_TCC022_04_PA2,physical_infrastructure,4,high,True
CSM016,CSM011,C_CSM016,physical_infrastructure,4,high,True
CSM005,MOK019,C_CSM005,physical_infrastructure,4,high,True
20,PTH024,SR_20_PTH024,physical_infrastructure,4,high,True
25,PTH024,SR_25_PTH024,physical_infrastructure,4,high,True
05,SAC196,SR_05_SAC196,physical_infrastructure,4,high,True
SAC030,MOK014,D_SAC030_MOK014,physical_infrastructure,4,high,True
BTC041,BTC036,C_BTC041,physical_infrastructure,4,high,True
BTC045,BTC043,C_BTC045,physical_infrastructure,4,high,True
DEE020,CSM011,C_DEE020,physical_infrastructure,4,high,True
FSC013,FSC015,C_FSC013,physical_infrastructure,4,high,True
FSC025,FSC027,C_FSC025,physical_infrastructure,4,high,True
NTOMA,FSC003,D_NTOMA_FSC003,physical_infrastructure,4,high,True
LWSTN,CCT011,D_LWSTN_CCT011,physical_infrastructure,4,high,True
WKYTN,WTPCSD,D_WKYTN_WTPCSD,physical_infrastructure,4,high,True
WTPCSD,02_PU,D_WTPCSD_02_PU,physical_infrastructure,4,high,True
SHSTA,WTPJMS,D_SHSTA_WTPJMS,physical_infrastructure,4,high,True
WTPJMS,03_PU1,D_WTPJMS_03_PU1,physical_infrastructure,4,high,True
FRS048,FRS046,C_FRS048,physical_infrastructure,4,high,True
FRS046,FRS045,C_FRS046,physical_infrastructure,4,high,True
MOK035,WTPDWS,D_MOK035_WTPDWS,physical_infrastructure,4,high,True
PARDE,CMCHE,C_PARDE,physical_infrastructure,4,high,True
XCC025,72_PR6,D_XCC025_72_PR6,physical_infrastructure,4,high,True
ARY010,72_PR4,D_ARY010_72_PR4,physical_infrastructure,4,high,True
CAA143,90_PA2,D_CAA143_90_PA2,physical_infrastructure,4,high,True
TUO047,TUO043,C_TUO047,physical_infrastructure,4,high,True
PEDRO,TUO054,C_PEDRO,physical_infrastructure,4,high,True
TUR001,TRLCH,C_TUR001,physical_infrastructure,4,high,True
MDS003,MDSTO,C_MDS003,physical_infrastructure,4,high,True
MCD005,MCD002,C_MCD005,physical_infrastructure,4,high,True
MCD014,MCD009,C_MCD014,physical_infrastructure,4,high,True
MCD018,MCD014,C_MCD018,physical_infrastructure,4,high,True
MCD028,MCD021,C_MCD028,physical_infrastructure,4,high,True
MCD032,MCD028,C_MCD032,physical_infrastructure,4,high,True
MCD042,MCD036,C_MCD042,physical_infrastructure,4,high,True
MCD046,MCD042,C_MCD046,physical_infrastructure,4,high,True
SSJ004,NMC000,D_SSJ004_NMC000,physical_infrastructure,4,high,True
MIO023,LDC021,D_MIO023_LDC021,physical_infrastructure,4,high,True
LDC029,LDC021,C_LDC029,physical_infrastructure,4,high,True
SBP028,SBP024,C_SBP028,physical_infrastructure,4,high,True
SBP024,SBP021,C_SBP024,physical_infrastructure,4,high,True
SBP021,SBP018,C_SBP021,physical_infrastructure,4,high,True
SBP018,SBP014,C_SBP018,physical_infrastructure,4,high,True
YBP037,YBP034,C_YBP037,physical_infrastructure,4,high,True
YBP032,YBP026,C_YBP032,physical_infrastructure,4,high,True
YBP026,YBP023,C_YBP026,physical_infrastructure,4,high,True
YBP023,YBP020,C_YBP023,physical_infrastructure,4,high,True
YBP020,YBP016,C_YBP020,physical_infrastructure,4,high,True
YBP016,YBP014,C_YBP016,physical_infrastructure,4,high,True
YBP014,YBP011,C_YBP014,physical_infrastructure,4,high,True
YBP011,YBP007,C_YBP011,physical_infrastructure,4,high,True
CSL005a,SAC017,C_CSL005a,physical_infrastructure,4,high,True
CHIPPS,CHCGO,C_CHIPPS,physical_infrastructure,4,high,True
50_PA1,SJR056,R_50_PA1_SJR056,physical_infrastructure,4,high,True
SJR062,50_PA1,D_SJR062_50_PA1,physical_infrastructure,4,high,True
DMC021,50_PA1,D_DMC021_50_PA1,physical_infrastructure,4,high,True
NFY029,NFY017,C_NFY029,physical_infrastructure,4,high,True
NFY002,YUB039,C_NFY002,physical_infrastructure,4,high,True
MFY005,YUB039,C_MFY005,physical_infrastructure,4,high,True
WTPDGT,50_PU,D_WTPDGT_50_PU,physical_infrastructure,4,high,True
61_PA1,RFS61C,R_61_PA1_RFS61C,physical_infrastructure,4,high,True
RFS61C,SJR056,R_RFS61C_SJR056,physical_infrastructure,4,high,True
SJR070,61_NA6,D_SJR070_61_NA6,physical_infrastructure,4,high,True
TUO017,61_NA3,D_TUO017_61_NA3,physical_infrastructure,4,high,True
FRS020,FRS016,C_FRS020,physical_infrastructure,4,high,True
FRS016,EBP016,C_FRS016,physical_infrastructure,4,high,True
FRS025,FRS022,C_FRS025,physical_infrastructure,4,high,True
FRS032,FRS025,C_FRS032,physical_infrastructure,4,high,True
FRS036,FRS032,C_FRS036,physical_infrastructure,4,high,True
FRS039,FRS036,C_FRS039,physical_infrastructure,4,high,True
CHW006,EBP030,C_CHW006,physical_infrastructure,4,high,True
CHW011,CHW006,C_CHW011,physical_infrastructure,4,high,True
CHW017,CHW011,C_CHW017,physical_infrastructure,4,high,True
CHW021,CHW017,C_CHW021,physical_infrastructure,4,high,True
CMCHE,MOK057,C_CMCHE,physical_infrastructure,4,high,True
WEC000,WEC005,C_WEC000,physical_infrastructure,4,high,True
SAC109,08S_SA3,D_SAC109_08S_SA3,physical_infrastructure,4,high,True
ABN024,ABN014,C_ABN024,physical_infrastructure,4,high,True
LBC038,LBC040,C_LBC038,physical_infrastructure,4,high,True
SJR180,ARY010,D_SJR180_ARY010,physical_infrastructure,4,high,True
ARY010,72_XA1,D_ARY010_72_XA1,physical_infrastructure,4,high,True
CAA109,73_PA3,D_CAA109_73_PA3,physical_infrastructure,4,high,True
72_PR3,SAL006,R_72_PR3_SAL006,physical_infrastructure,4,high,True
DCK012,EMD007,C_DCK012,physical_infrastructure,4,high,True
LST004,OWC000,D_LST004_OWC000,physical_infrastructure,4,high,True
MNRRH,13_NA,D_MNRRH_13_NA,physical_infrastructure,4,high,True
WWC006,SBP028,C_WWC006,physical_infrastructure,4,high,True
15S_NA1,DHC001,R_15S_NA1_DHC001,physical_infrastructure,4,high,True
WKYTN,WTPBUK,D_WKYTN_WTPBUK,physical_infrastructure,4,high,True
COT033,EBP005,C_COT033,physical_infrastructure,4,high,True
LBC043,MRM001,D_LBC043_MRM001,physical_infrastructure,4,high,True
CMBIE,CBC000,D_CMBIE_CBC000,physical_infrastructure,4,high,True
CBC000,CBC001,C_CBC000,physical_infrastructure,4,high,True
CCK038,CCK036,C_CCK038,physical_infrastructure,4,high,True
CCK007,ABN000,C_CCK007,physical_infrastructure,4,high,True
MNRRH,WTPMNR,D_MNRRH_WTPMNR,physical_infrastructure,4,high,True
WTPMNR,13_NU1,D_WTPMNR_13_NU1,physical_infrastructure,4,high,True
ABN000,CRC002,C_ABN000,physical_infrastructure,4,high,True
SAC148,SAC146,C_SAC148,physical_infrastructure,4,high,True
Colusa,CBD001,CT_COLUSA,physical_infrastructure,4,high,True
CBD005,CBD001,C_CBD005,physical_infrastructure,4,high,True
SAC271,SAC269,C_SAC271,physical_infrastructure,4,high,True
ANT011,ANT010,C_ANT011,physical_infrastructure,4,high,True
Verona,SAC081,CT_VERONA,physical_infrastructure,4,high,True
OROVL,13_NU1,D_OROVL_13_NU1,physical_infrastructure,4,high,True
FTR008,16_SA,D_FTR008_16_SA,physical_infrastructure,4,high,True
BRR061,BRR060,C_BRR061,physical_infrastructure,4,high,True
SBP014,SBP012,C_SBP014,physical_infrastructure,4,high,True
03,SAC277,SR_03_SAC277,physical_infrastructure,4,high,True
SAC229,SAC228,C_SAC229,physical_infrastructure,4,high,True
04_NU1,SAC240,R_04_NU1_SAC240,physical_infrastructure,4,high,True
04_NU2,SAC217,R_04_NU2_SAC217,physical_infrastructure,4,high,True
MNS000,SAC207,C_MNS000,physical_infrastructure,4,high,True
EPARK,SCKWD,D_EPARK_SCKWD,physical_infrastructure,4,high,True
06,SAC185,SR_06_SAC185,physical_infrastructure,4,high,True
07N,SAC185,SR_07N_SAC185,physical_infrastructure,4,high,True
08N,SAC185,SR_08N_SAC185,physical_infrastructure,4,high,True
09,SAC185,SR_09_SAC185,physical_infrastructure,4,high,True
SAC121,SAC120,C_SAC121,physical_infrastructure,4,high,True
CBD000,SAC093,C_CBD000,physical_infrastructure,4,high,True
08S,CBD038,SR_08S_CBD038,physical_infrastructure,4,high,True
07S,CBD028,SR_07S_CBD028,physical_infrastructure,4,high,True
CCH052,20_NA1,D_CCH052_20_NA1,physical_infrastructure,4,high,True
PSC024,SIDSH,D_PSC024_SIDSH,physical_infrastructure,4,high,True
SAC066,SAC065,C_SAC066,physical_infrastructure,4,high,True
SAC075,SAC074,C_SAC075,physical_infrastructure,4,high,True
25,PTH021,SR_25_PTH021,physical_infrastructure,4,high,True
20,PTH021,SR_20_PTH021,physical_infrastructure,4,high,True
20,CCH032,SR_20_CCH032,physical_infrastructure,4,high,True
20,CCH017,SR_20_CCH017,physical_infrastructure,4,high,True
07S,YBP034,SR_07S_YBP034,physical_infrastructure,4,high,True
SAC049,SAC048,C_SAC049,physical_infrastructure,4,high,True
SJR009,SJR006,C_SJR009,physical_infrastructure,4,high,True
OMR014,OMR013,C_OMR014,physical_infrastructure,4,high,True
SAC030,SAC029,C_SAC030,physical_infrastructure,4,high,True
BCK035,BCK033,C_BCK035,physical_infrastructure,4,high,True
DED003,EBP042,C_DED003,physical_infrastructure,4,high,True
LPC007,LPC000,C_LPC007,physical_infrastructure,4,high,True
QNT005,XCC053,C_QNT005,physical_infrastructure,4,high,True
SLO007,SLO000,C_SLO007,physical_infrastructure,4,high,True
ING008,SJR075,C_ING008,physical_infrastructure,4,high,True
05,SAC217,SR_05_SAC217,physical_infrastructure,4,high,True
08S_NA1,CBD031,R_08S_NA1_CBD031,physical_infrastructure,4,high,True
SAC000,CHIPPS,C_SAC000_MIN,physical_infrastructure,4,high,True
SAC077,SAC076,C_SAC077,physical_infrastructure,4,high,True
SAC000,CHIPPS,C_SAC000_ADD,physical_infrastructure,4,high,True
PSC013,WTPDEF,D_PSC013_WTPDEF,physical_infrastructure,4,high,True
PSC013,PSC015,C_PSC013,physical_infrastructure,4,high,True
WTPDEF,25_PU,D_WTPDEF_25_PU,physical_infrastructure,4,high,True
15S_NU,LCWWTP,R_15S_NU_LCWWTP,physical_infrastructure,4,high,True
15N_NU,LCWWTP,R_15N_NU_LCWWTP,physical_infrastructure,4,high,True
LCWWTP,FTR025,R_LCWWTP_FTR025,physical_infrastructure,4,high,True
CLRLK,CLLPT,D_CLRLK_CLLPT,physical_infrastructure,4,high,True
THRMF,12_NU1,D_THRMF_12_NU1,physical_infrastructure,4,high,True
WLF013,NIDB1,D_WLF013_NIDB1,physical_infrastructure,4,high,True
GCC065,08S_PA,D_GCC065_08S_PA,physical_infrastructure,4,high,True
DER011,NIDD2,D_DER011_NIDD2,physical_infrastructure,4,high,True
DER022,DES006,D_DER022_DES006,physical_infrastructure,4,high,True
SFD003,CSD014,D_SFD003_CSD014,physical_infrastructure,4,high,True
THRMA,RVC000,D_THRMA_RVC000,physical_infrastructure,4,high,True
WBF030,HKC002,D_WBF030_HKC002,physical_infrastructure,4,high,True
TTC000,TTC002,C_TTC000,physical_infrastructure,4,high,True
MCD050,MCD048,C_MCD050,physical_infrastructure,4,high,True
MCLRE,MCD056,C_MCLRE,physical_infrastructure,4,high,True
02_PU,CCWWTP,R_02_PU_CCWWTP,physical_infrastructure,4,high,True
02_SU,CCWWTP,R_02_SU_CCWWTP,physical_infrastructure,4,high,True
WKYTN,SPT003,D_WKYTN_SPT003,physical_infrastructure,4,high,True
02_PA,SAC273,R_02_PA_SAC273,physical_infrastructure,4,high,True
03_PU1,KSWCK,R_03_PU1_KSWCK,physical_infrastructure,4,high,True
SAC296,WTPFTH,D_SAC296_WTPFTH,physical_infrastructure,4,high,True
WTPBLV,03_PU2,D_WTPBLV_03_PU2,physical_infrastructure,4,high,True
03_SU,SWWWTP,R_03_SU_SWWWTP,physical_infrastructure,4,high,True
03_PU2,SWWWTP,R_03_PU2_SWWWTP,physical_infrastructure,4,high,True
SWWWTP,SAC281,R_SWWWTP_SAC281,physical_infrastructure,4,high,True
03_PA,SAC287,R_03_PA_SAC287,physical_infrastructure,4,high,True
SAC294,03_PA,D_SAC294_03_PA,physical_infrastructure,4,high,True
SAC289,03_SA,D_SAC289_03_SA,physical_infrastructure,4,high,True
COW014,03_NA,D_COW014_03_NA,physical_infrastructure,4,high,True
03_PU3,SWWWTP,R_03_PU3_SWWWTP,physical_infrastructure,4,high,True
BCN010,BCN005,C_BCN010,physical_infrastructure,4,high,True
BTL006,03_NA,D_BTL006_03_NA,physical_infrastructure,4,high,True
03_NA,SAC269,R_03_NA_SAC269,physical_infrastructure,4,high,True
03_SA,SAC281,R_03_SA_SAC281,physical_infrastructure,4,high,True
SAC296,02_SA,D_SAC296_02_SA,physical_infrastructure,4,high,True
BCN005,SAC275,C_BCN005,physical_infrastructure,4,high,True
CWD009,02_NA,D_CWD009_02_NA,physical_infrastructure,4,high,True
02_NA,CWD004,R_02_NA_CWD004,physical_infrastructure,4,high,True
02_SA,SAC273,R_02_SA_SAC273,physical_infrastructure,4,high,True
ANT010,05_NA,D_ANT010_05_NA,physical_infrastructure,4,high,True
DRC010,05_NA,D_DRC010_05_NA,physical_infrastructure,4,high,True
MLC006,05_NA,D_MLC006_05_NA,physical_infrastructure,4,high,True
TCC001,CCL005,D_TCC001_CCL005,physical_infrastructure,4,high,True
SAC224,04_NA,D_SAC224_04_NA,physical_infrastructure,4,high,True
ELD012,04_NA,D_ELD012_04_NA,physical_infrastructure,4,high,True
THM012,04_NA,D_THM012_04_NA,physical_infrastructure,4,high,True
CCL005,04_PA1,D_CCL005_04_PA1,physical_infrastructure,4,high,True
04_PA1,THM005,R_04_PA1_THM005,physical_infrastructure,4,high,True
04_PA2,SAC207,R_04_PA2_SAC207,physical_infrastructure,4,high,True
04_NA,SAC207,R_04_NA_SAC207,physical_infrastructure,4,high,True
05_NA,SAC201,R_05_NA_SAC201,physical_infrastructure,4,high,True
STN026,06_PA,D_STN026_06_PA,physical_infrastructure,4,high,True
STN021,06_PA,D_STN021_06_PA,physical_infrastructure,4,high,True
TCC036,07N_PA,D_TCC036_07N_PA,physical_infrastructure,4,high,True
07N_NA,CBD044,R_07N_NA_CBD044,physical_infrastructure,4,high,True
07N_PA,CBD044,R_07N_PA_CBD044,physical_infrastructure,4,high,True
BTC045,ESL008,D_BTC045_ESL008,physical_infrastructure,4,high,True
MTC000,09_SA1,D_MTC000_09_SA1,physical_infrastructure,4,high,True
MTC000,09_NA,D_MTC000_09_NA,physical_infrastructure,4,high,True
09_SA2,BTC007,R_09_SA2_BTC007,physical_infrastructure,4,high,True
09_PR,LCC016,R_09_PR_LCC016,physical_infrastructure,4,high,True
09_NA,LCC016,R_09_NA_LCC016,physical_infrastructure,4,high,True
ESL008,LCC024,C_ESL008,physical_infrastructure,4,high,True
16_NA1,DWRPS2,R_16_NA1_DWRPS2,physical_infrastructure,4,high,True
THRMA,TAB000,C_THRMA,physical_infrastructure,4,high,True
TAB000,FTR059,C_TAB000,physical_infrastructure,4,high,True
SAC188,BTC003,SP_SAC188_BTC003,physical_infrastructure,4,high,True
SAC159,BTC003,SP_SAC159_BTC003,physical_infrastructure,4,high,True
SAC148,BTC003,SP_SAC148_BTC003,physical_infrastructure,4,high,True
SAC162,09_SA2,D_SAC162_09_SA2,physical_infrastructure,4,high,True
BTC043,10_NA,D_BTC043_10_NA,physical_infrastructure,4,high,True
10_NA,BTC032,R_10_NA_BTC032,physical_infrastructure,4,high,True
FTR074,OROVL,C_FTR074,physical_infrastructure,4,high,True
13_NU1,ORWWTP,R_13_NU1_ORWWTP,physical_infrastructure,4,high,True
07N_NU,CBD049,R_07N_NU_CBD049,physical_infrastructure,4,high,True
ORWWTP,FTR063,R_ORWWTP_FTR063,physical_infrastructure,4,high,True
RFS13,HON004,R_RFS13_HON004,physical_infrastructure,4,high,True
12_NU1,ORWWTP,R_12_NU1_ORWWTP,physical_infrastructure,4,high,True
THRMF,11_NU1,D_THRMF_11_NU1,physical_infrastructure,4,high,True
FTR068,THRMF,D_FTR068_THRMF,physical_infrastructure,4,high,True
11_NU1,ORWWTP,R_11_NU1_ORWWTP,physical_infrastructure,4,high,True
BGD000,17N_PR,D_BGD000_17N_PR,physical_infrastructure,4,high,True
17N_PR,CRK005,R_17N_PR_CRK005,physical_infrastructure,4,high,True
11,BTC017,SR_11_BTC017,physical_infrastructure,4,high,True
CRK005,BTC003,C_CRK005,physical_infrastructure,4,high,True
BTC012,CRK005,D_BTC012_CRK005,physical_infrastructure,4,high,True
CRK005,17N_NR,D_CRK005_17N_NR,physical_infrastructure,4,high,True
11_SA1,CRK005,R_11_SA1_CRK005,physical_infrastructure,4,high,True
BTC036,10_NA,D_BTC036_10_NA,physical_infrastructure,4,high,True
WTPJJO,50_PU,D_WTPJJO_50_PU,physical_infrastructure,4,high,True
DMC034,71_PA2,D_DMC034_71_PA2,physical_infrastructure,4,high,True
DMC030,71_PA1,D_DMC030_71_PA1,physical_infrastructure,4,high,True
SJR082,71_PA2,D_SJR082_71_PA2,physical_infrastructure,4,high,True
CHW017,64_PA2,D_CHW017_64_PA2,physical_infrastructure,4,high,True
MPS038,DED003,C_MPS038,physical_infrastructure,4,high,True
OWN040,OWN011,C_OWN040,physical_infrastructure,4,high,True
EBP042,EBP043,C_EBP042,physical_infrastructure,4,high,True
MCD042,63_NA2,D_MCD042_63_NA2,physical_infrastructure,4,high,True
MCD036,MCD033,C_MCD036,physical_infrastructure,4,high,True
LOSVQ,OMR018,C_LOSVQ,physical_infrastructure,4,high,True
PSC033,VJB000,D_PSC033_VJB000,physical_infrastructure,4,high,True
71_PA8,RFS71A,R_71_PA8_RFS71A,physical_infrastructure,4,high,True
CAA012,71_PU1,D_CAA012_71_PU1,physical_infrastructure,4,high,True
DMC016,WTPJJO,D_DMC016_WTPJJO,physical_infrastructure,4,high,True
71_PA2,SJR075,R_71_PA2_SJR075,physical_infrastructure,4,high,True
RFS13,12_NA,D_RFS13_12_NA,physical_infrastructure,4,high,True
FTR059,12_SA,D_FTR059_12_SA,physical_infrastructure,4,high,True
12_NA,HON004,R_12_NA_HON004,physical_infrastructure,4,high,True
ORT001,SJR106,C_ORT001,physical_infrastructure,4,high,True
LBN012,LBN008,C_LBN012,physical_infrastructure,4,high,True
SAC159,08N_SA1,D_SAC159_08N_SA1,physical_infrastructure,4,high,True
71,SJR075,SR_71_SJR075,physical_infrastructure,4,high,True
61,SJR075,SR_61_SJR075,physical_infrastructure,4,high,True
ESTMN,CHW037,C_ESTMN,physical_infrastructure,4,high,True
SAC240,05_NA,D_SAC240_05_NA,physical_infrastructure,4,high,True
FOLSM,26S_NU4,D_FOLSM_26S_NU4,physical_infrastructure,4,high,True
RFS64,64_NA2,D_RFS64_64_NA2,physical_infrastructure,4,high,True
RFS64,EBP022,R_RFS64_EBP022,physical_infrastructure,4,high,True
DCM019,MCD032,C_DCM019,physical_infrastructure,4,high,True
MOK050,60N_NA5,D_MOK050_60N_NA5,physical_infrastructure,4,high,True
TRNSF,LVP007,C_TRNSF,physical_infrastructure,4,high,True
60S,SJR043,SR_60S_SJR043,physical_infrastructure,4,high,True
RFS11,BGD000,R_RFS11_BGD000,physical_infrastructure,4,high,True
THRMA,WEC000,D_THRMA_WEC000,physical_infrastructure,4,high,True
THRMA,JBC000,D_THRMA_JBC000,physical_infrastructure,4,high,True
BGD000,CRK005,C_BGD000,physical_infrastructure,4,high,True
SEC009,17S_PR,D_SEC009_17S_PR,physical_infrastructure,4,high,True
21,YBP032,SR_21_YBP032,physical_infrastructure,4,high,True
CBD028,08S_PA,D_CBD028_08S_PA,physical_infrastructure,4,high,True
08S_PA,CBD012,R_08S_PA_CBD012,physical_infrastructure,4,high,True
RFS8S,SAC097,R_RFS8S_SAC097,physical_infrastructure,4,high,True
RFS8S,SAC093,R_RFS8S_SAC093,physical_infrastructure,4,high,True
SAC121,08S_SA3,D_SAC121_08S_SA3,physical_infrastructure,4,high,True
SAC136,18_SA,D_SAC136_18_SA,physical_infrastructure,4,high,True
SBP028,17S_PR,D_SBP028_17S_PR,physical_infrastructure,4,high,True
SBP031,18_NA,D_SBP031_18_NA,physical_infrastructure,4,high,True
BSL001,18_NA,D_BSL001_18_NA,physical_infrastructure,4,high,True
SAC122,SBP021,SP_SAC122_SBP021,physical_infrastructure,4,high,True
18_SA,RFS18,R_18_SA_RFS18,physical_infrastructure,4,high,True
RFS18,SAC122,R_RFS18_SAC122,physical_infrastructure,4,high,True
SAC109,SAC106,C_SAC109,physical_infrastructure,4,high,True
RFS18,SBP021,R_RFS18_SBP021,physical_infrastructure,4,high,True
17S_PR,SBP021,R_17S_PR_SBP021,physical_infrastructure,4,high,True
SAC115,19_SA,D_SAC115_19_SA,physical_infrastructure,4,high,True
SAC099,19_SA,D_SAC099_19_SA,physical_infrastructure,4,high,True
17S_NA,SSL001,R_17S_NA_SSL001,physical_infrastructure,4,high,True
SBP014,17S_NA,D_SBP014_17S_NA,physical_infrastructure,4,high,True
19_SA,RD1500,R_19_SA_RD1500,physical_infrastructure,4,high,True
FDC006,14_NA,D_FDC006_14_NA,physical_infrastructure,4,high,True
YUB013,14_NA,D_YUB013_14_NA,physical_infrastructure,4,high,True
14_NA,RFS14,R_14_NA_RFS14,physical_infrastructure,4,high,True
RFS14,JCK002,R_RFS14_JCK002,physical_infrastructure,4,high,True
RFS14,YUB014,R_RFS14_YUB014,physical_infrastructure,4,high,True
YUB011,15N_NA2,D_YUB011_15N_NA2,physical_infrastructure,4,high,True
YUB003,15N_NU,D_YUB003_15N_NU,physical_infrastructure,4,high,True
15N_NA2,JCK002,R_15N_NA2_JCK002,physical_infrastructure,4,high,True
15N_NA1,FTR031,R_15N_NA1_FTR031,physical_infrastructure,4,high,True
FTR031,WTPCYC,D_FTR031_WTPCYC,physical_infrastructure,4,high,True
WTPCYC,16_PU,D_WTPCYC_16_PU,physical_infrastructure,4,high,True
16_PU,YCWWTP,R_16_PU_YCWWTP,physical_infrastructure,4,high,True
YCWWTP,FTR028,R_YCWWTP_FTR028,physical_infrastructure,4,high,True
15N,JCK002,SR_15N_JCK002,physical_infrastructure,4,high,True
14,JCK002,SR_14_JCK002,physical_infrastructure,4,high,True
11_NA,DWRPS2,R_11_NA_DWRPS2,physical_infrastructure,4,high,True
DWRPS2,SBP021,R_DWRPS2_SBP021,physical_infrastructure,4,high,True
DWRPS2,11_NA,D_DWRPS2_11_NA,physical_infrastructure,4,high,True
YBP034,YBP032,C_YBP034,physical_infrastructure,4,high,True
FTR018,16_SA,D_FTR018_16_SA,physical_infrastructure,4,high,True
FTR014,16_SA,D_FTR014_16_SA,physical_infrastructure,4,high,True
DWRPS1,16_NA2,D_DWRPS1_16_NA2,physical_infrastructure,4,high,True
DWRPS1,SBP012,R_DWRPS1_SBP012,physical_infrastructure,4,high,True
16_NA2,DWRPS1,R_16_NA2_DWRPS1,physical_infrastructure,4,high,True
16_PA,DWRPS2,R_16_PA_DWRPS2,physical_infrastructure,4,high,True
FTR021,16_PA,D_FTR021_16_PA,physical_infrastructure,4,high,True
FTR028,15S_SA,D_FTR028_15S_SA,physical_infrastructure,4,high,True
YUB011,15S_NA2,D_YUB011_15S_NA2,physical_infrastructure,4,high,True
15S_NU,DHC001,R_15S_NU_DHC001,physical_infrastructure,4,high,True
15S_NA2,DHC001,R_15S_NA2_DHC001,physical_infrastructure,4,high,True
15S_SA,FTR014,R_15S_SA_FTR014,physical_infrastructure,4,high,True
23_NA,RFS23,R_23_NA_RFS23,physical_infrastructure,4,high,True
BRR017,23_NA,D_BRR017_23_NA,physical_infrastructure,4,high,True
FSC003,FSC007,C_FSC003,physical_infrastructure,4,high,True
SAC136,SAC134,C_SAC136,physical_infrastructure,4,high,True
SAC196,SAC195,C_SAC196,physical_infrastructure,4,high,True
RFS23,CCK007,R_RFS23_CCK007,physical_infrastructure,4,high,True
RFS23,BRR004,R_RFS23_BRR004,physical_infrastructure,4,high,True
WTPBWM,24_NU1,D_WTPBWM_24_NU1,physical_infrastructure,4,high,True
SAC077,WTPSRW,D_SAC077_WTPSRW,physical_infrastructure,4,high,True
CRC002,22_SA1,D_CRC002_22_SA1,physical_infrastructure,4,high,True
SAC082,22_SA1,D_SAC082_22_SA1,physical_infrastructure,4,high,True
RFS22,SAC066,R_RFS22_SAC066,physical_infrastructure,4,high,True
22_NA,RFS22,R_22_NA_RFS22,physical_infrastructure,4,high,True
22_SA1,RFS22,R_22_SA1_RFS22,physical_infrastructure,4,high,True
RFS22,EMD001,R_RFS22_EMD001,physical_infrastructure,4,high,True
NFA016,NFA011,C_NFA016,physical_infrastructure,4,high,True
MRM001,NFA011,C_MRM001,physical_infrastructure,4,high,True
STH007,NFA011,C_STH007,physical_infrastructure,4,high,True
FOLSM,WTPSJP,D_FOLSM_WTPSJP,physical_infrastructure,4,high,True
WBF015,WBF006,C_WBF015,physical_infrastructure,4,high,True
FOLSM,WTPRSV,D_FOLSM_WTPRSV,physical_infrastructure,4,high,True
WTPRSV,26N_PU1,D_WTPRSV_26N_PU1,physical_infrastructure,4,high,True
WTPSJP,26N_NU1,D_WTPSJP_26N_NU1,physical_infrastructure,4,high,True
RFS26N,DCWWTP,R_RFS26N_DCWWTP,physical_infrastructure,4,high,True
WSE004,WSE008,C_WSE004,physical_infrastructure,4,high,True
WSE004,24_NU3,D_WSE004_24_NU3,physical_infrastructure,4,high,True
LBC010,PCWA3,D_LBC010_PCWA3,physical_infrastructure,4,high,True
LBC049,SCR002,C_LBC049,physical_infrastructure,4,high,True
LBC038,WTPAUB,D_LBC038_WTPAUB,physical_infrastructure,4,high,True
LBC032,LBC038,C_LBC032,physical_infrastructure,4,high,True
LBC030,LBC032,C_LBC030,physical_infrastructure,4,high,True
WTPAUB,24_NU1,D_WTPAUB_24_NU1,physical_infrastructure,4,high,True
24_NU1,ABN027,R_24_NU1_ABN027,physical_infrastructure,4,high,True
FOLSM,WTPFOL,D_FOLSM_WTPFOL,physical_infrastructure,4,high,True
AMR017,WTPBJM,D_AMR017_WTPBJM,physical_infrastructure,4,high,True
ABN010,ABN006,C_ABN010,physical_infrastructure,4,high,True
ABN006,23_NA,D_ABN006_23_NA,physical_infrastructure,4,high,True
26S_PU1,SRWWTP,R_26S_PU1_SRWWTP,physical_infrastructure,4,high,True
WTPCOL,26S_PU2,D_WTPCOL_26S_PU2,physical_infrastructure,4,high,True
FSC003,WTPCOL,D_FSC003_WTPCOL,physical_infrastructure,4,high,True
WTPBJM,26N_NU2,D_WTPBJM_26N_NU2,physical_infrastructure,4,high,True
SAC050,FPT013,D_SAC050_FPT013,physical_infrastructure,4,high,True
26S_PU6,SRWWTP,R_26S_PU6_SRWWTP,physical_infrastructure,4,high,True
SAC062,WTPSAC,D_SAC062_WTPSAC,physical_infrastructure,4,high,True
SAC065,WTPBTB,D_SAC065_WTPBTB,physical_infrastructure,4,high,True
26S_NU1,SRWWTP,R_26S_NU1_SRWWTP,physical_infrastructure,4,high,True
WTPSAC,26S_NU1,D_WTPSAC_26S_NU1,physical_infrastructure,4,high,True
WTPVNY,26S_PU6,D_WTPVNY_26S_PU6,physical_infrastructure,4,high,True
SRWWTP,SAC048,R_SRWWTP_SAC048,physical_infrastructure,4,high,True
KLR005,KLR006,C_KLR005,physical_infrastructure,4,high,True
SAC083,YBP037,SP_SAC083_YBP037,physical_infrastructure,4,high,True
SAC083,21_SA,D_SAC083_21_SA,physical_infrastructure,4,high,True
YBP023,21_SA,D_YBP023_21_SA,physical_infrastructure,4,high,True
SAC074,21_SA,D_SAC074_21_SA,physical_infrastructure,4,high,True
CCH030,20_NA1,D_CCH030_20_NA1,physical_infrastructure,4,high,True
20_NU1,DVWWTP,R_20_NU1_DVWWTP,physical_infrastructure,4,high,True
WLWWTP,YBP032,R_WLWWTP_YBP032,physical_infrastructure,4,high,True
FPT013,FSC013,D_FPT013_FSC013,physical_infrastructure,4,high,True
WTPFOL,26S_PU1,D_WTPFOL_26S_PU1,physical_infrastructure,4,high,True
WTPVNY,26S_PU1,D_WTPVNY_26S_PU1,physical_infrastructure,4,high,True
WTPFBN,26S_NU2,D_WTPFBN_26S_NU2,physical_infrastructure,4,high,True
WTPFBN,26S_NU1,D_WTPFBN_26S_NU1,physical_infrastructure,4,high,True
WTPSAC,26N_NU3,D_WTPSAC_26N_NU3,physical_infrastructure,4,high,True
SAC066,YBP020,SP_SAC066_YBP020,physical_infrastructure,4,high,True
21_SA,YBP020,R_21_SA_YBP020,physical_infrastructure,4,high,True
21_NA,YBP032,R_21_NA_YBP032,physical_infrastructure,4,high,True
CCK022,CCK007,C_CCK022,physical_infrastructure,4,high,True
21_PU,SRWWTP,R_21_PU_SRWWTP,physical_infrastructure,4,high,True
WTPBTB,21_PU,D_WTPBTB_21_PU,physical_infrastructure,4,high,True
PSC006,25_PA2,D_PSC006_25_PA2,physical_infrastructure,4,high,True
PSC003,25_PA1,D_PSC003_25_PA1,physical_infrastructure,4,high,True
CSL005,25_NA,D_CSL005_25_NA,physical_infrastructure,4,high,True
02,SAC271,SR_02_SAC271,physical_infrastructure,4,high,True
03,SAC265,SR_03_SAC265,physical_infrastructure,4,high,True
04,SAC207,SR_04_SAC207,physical_infrastructure,4,high,True
05,SAC201,SR_05_SAC201,physical_infrastructure,4,high,True
06,CBD049,SR_06_CBD049,physical_infrastructure,4,high,True
07N,CBD049,SR_07N_CBD049,physical_infrastructure,4,high,True
07S,CBD038,SR_07S_CBD038,physical_infrastructure,4,high,True
08N,CBD049,SR_08N_CBD049,physical_infrastructure,4,high,True
09,BSL001,SR_09_BSL001,physical_infrastructure,4,high,True
SAC257,SAC254,C_SAC257,physical_infrastructure,4,high,True
10,BTC017,SR_10_BTC017,physical_infrastructure,4,high,True
13,RFS13,SR_13_RFS13,physical_infrastructure,4,high,True
15S,FTR012,SR_15S_FTR012,physical_infrastructure,4,high,True
11,DWRPS1,SR_11_DWRPS1,physical_infrastructure,4,high,True
18,RFS18,SR_18_RFS18,physical_infrastructure,4,high,True
18_NA,RFS18,R_18_NA_RFS18,physical_infrastructure,4,high,True
19,RD1500,SR_19_RD1500,physical_infrastructure,4,high,True
08S,CBD028,SR_08S_CBD028,physical_infrastructure,4,high,True
08S,RFS8S,SR_08S_RFS8S,physical_infrastructure,4,high,True
20,YBP023,SR_20_YBP023,physical_infrastructure,4,high,True
25,CSL005,SR_25_CSL005,physical_infrastructure,4,high,True
21,YBP023,SR_21_YBP023,physical_infrastructure,4,high,True
22,SAC066,SR_22_SAC066,physical_infrastructure,4,high,True
24,ABN000,SR_24_ABN000,physical_infrastructure,4,high,True
26N,EMD001,SR_26N_EMD001,physical_infrastructure,4,high,True
26S,MOK014,SR_26S_MOK014,physical_infrastructure,4,high,True
17S,SSL001,SR_17S_SSL001,physical_infrastructure,4,high,True
25_PA1,RFS25,R_25_PA1_RFS25,physical_infrastructure,4,high,True
24,CCK007,SR_24_CCK007,physical_infrastructure,4,high,True
SJR173,SJR166,C_SJR173,physical_infrastructure,4,high,True
SJR179,SJR173,C_SJR179,physical_infrastructure,4,high,True
SJR185,SJR180,C_SJR185,physical_infrastructure,4,high,True
SJR192,SJR185,C_SJR192,physical_infrastructure,4,high,True
SJR195,SJR192,C_SJR195,physical_infrastructure,4,high,True
SJR198,SJR195,C_SJR198,physical_infrastructure,4,high,True
SJR200,SJR198,C_SJR200,physical_infrastructure,4,high,True
SJR201,SJR200,C_SJR201,physical_infrastructure,4,high,True
SJR205,MDOTA,C_SJR205,physical_infrastructure,4,high,True
SJR213,SJR205,C_SJR213,physical_infrastructure,4,high,True
SJR221,SJR214,C_SJR221,physical_infrastructure,4,high,True
SJR225,SJR221,C_SJR225,physical_infrastructure,4,high,True
SJR227,SJR225,C_SJR227,physical_infrastructure,4,high,True
SJR235,SJR227,C_SJR235,physical_infrastructure,4,high,True
WTPSJP,26N_PU2,D_WTPSJP_26N_PU2,physical_infrastructure,4,high,True
WTPSJP,26N_PU3,D_WTPSJP_26N_PU3,physical_infrastructure,4,high,True
NTOMA,AMR022,C_NTOMA,physical_infrastructure,4,high,True
24_NA3,SCR002,R_24_NA3_SCR002,physical_infrastructure,4,high,True
RFS26S,AMR020,R_RFS26S_AMR020,physical_infrastructure,4,high,True
AMR017,AMR015,C_AMR017,physical_infrastructure,4,high,True
AMR007,WTPFBN,D_AMR007_WTPFBN,physical_infrastructure,4,high,True
AMR009,AMR007,C_AMR009,physical_infrastructure,4,high,True
WTPFBN,26N_NU1,D_WTPFBN_26N_NU1,physical_infrastructure,4,high,True
26N_NU1,SRWWTP,R_26N_NU1_SRWWTP,physical_infrastructure,4,high,True
26N_NU4,SRWWTP,R_26N_NU4_SRWWTP,physical_infrastructure,4,high,True
26N_NU5,SRWWTP,R_26N_NU5_SRWWTP,physical_infrastructure,4,high,True
26S_NU2,SRWWTP,R_26S_NU2_SRWWTP,physical_infrastructure,4,high,True
26S_NU3,SRWWTP,R_26S_NU3_SRWWTP,physical_infrastructure,4,high,True
WTPSAC,26S_PU4,D_WTPSAC_26S_PU4,physical_infrastructure,4,high,True
WTPVNY,26S_PU5,D_WTPVNY_26S_PU5,physical_infrastructure,4,high,True
RFS72A,MSS014,R_RFS72A_MSS014,physical_infrastructure,4,high,True
DMC091,73_PA3,D_DMC091_73_PA3,physical_infrastructure,4,high,True
73_PA3,SLD027,R_73_PA3_SLD027,physical_infrastructure,4,high,True
73_XA,SLD027,R_73_XA_SLD027,physical_infrastructure,4,high,True
MDOTA,91_PA,D_MDOTA_91_PA,physical_infrastructure,4,high,True
DMC111,73_XA,D_DMC111_73_XA,physical_infrastructure,4,high,True
MDOTA,73_XA,D_MDOTA_73_XA,physical_infrastructure,4,high,True
DMC105,73_PA2,D_DMC105_73_PA2,physical_infrastructure,4,high,True
73_PA2,SLD027,R_73_PA2_SLD027,physical_infrastructure,4,high,True
ARY010,72_PR3,D_ARY010_72_PR3,physical_infrastructure,4,high,True
72_XA1,SAL017,R_72_XA1_SAL017,physical_infrastructure,4,high,True
MDOTA,XCC010,D_MDOTA_XCC010,physical_infrastructure,4,high,True
64_XA,SJR185,R_64_XA_SJR185,physical_infrastructure,4,high,True
TKWWTP,SJR101,R_TKWWTP_SJR101,physical_infrastructure,4,high,True
OWN011,EBP043,C_OWN011,physical_infrastructure,4,high,True
MDOTA,64_XA,D_MDOTA_64_XA,physical_infrastructure,4,high,True
CAA143,90_PA1,D_CAA143_90_PA1,physical_infrastructure,4,high,True
CAA155,90_PA1,D_CAA155_90_PA1,physical_infrastructure,4,high,True
MDOTA,91_PR,D_MDOTA_91_PR,physical_infrastructure,4,high,True
91_PR,FSL005,R_91_PR_FSL005,physical_infrastructure,4,high,True
91_PA,FSL012,R_91_PA_FSL012,physical_infrastructure,4,high,True
CAA143,90_PU,D_CAA143_90_PU,physical_infrastructure,4,high,True
72_NA1,SJR106,R_72_NA1_SJR106,physical_infrastructure,4,high,True
SJR116,72_NA1,D_SJR116_72_NA1,physical_infrastructure,4,high,True
DMC044,71_PA5,D_DMC044_71_PA5,physical_infrastructure,4,high,True
RFS71B,SJR106,R_RFS71B_SJR106,physical_infrastructure,4,high,True
71_PA7,SJR091,R_71_PA7_SJR091,physical_infrastructure,4,high,True
CAA046,71_PA7,D_CAA046_71_PA7,physical_infrastructure,4,high,True
MDOTA,90_PA1,D_MDOTA_90_PA1,physical_infrastructure,4,high,True
CAA005,SBA000,D_CAA005_SBA000,physical_infrastructure,4,high,True
WBF030,WBF015,C_WBF030,physical_infrastructure,4,high,True
SLD027,MSN009,C_SLD027,physical_infrastructure,4,high,True
BRV001,NFM024,C_BRV001,physical_infrastructure,4,high,True
BRV002,BRV001,C_BRV002,physical_infrastructure,4,high,True
NFM007,ELT000,D_NFM007_ELT000,physical_infrastructure,4,high,True
SFA067,SFA066,C_SFA067,physical_infrastructure,4,high,True
TGR001,TGR006,C_TGR001,physical_infrastructure,4,high,True
BRV002,TGR006,D_BRV002_TGR006,physical_infrastructure,4,high,True
BRV003,BRV002,C_BRV003,physical_infrastructure,4,high,True
SLTSP,TGR000,D_SLTSP_TGR000,physical_infrastructure,4,high,True
TGR021,NFM011,C_TGR021,physical_infrastructure,4,high,True
MFM006,MFM001,C_MFM006,physical_infrastructure,4,high,True
BCM003,MFM008,C_BCM003,physical_infrastructure,4,high,True
MFM008,MFM007,C_MFM008,physical_infrastructure,4,high,True
MFM001,MOK088,C_MFM001,physical_infrastructure,4,high,True
MFM007,MFM006,C_MFM007,physical_infrastructure,4,high,True
SFM003,MFM001,C_SFM003,physical_infrastructure,4,high,True
SFM005,SFM003,C_SFM005,physical_infrastructure,4,high,True
NLL016,MFF095,C_NLL016,physical_infrastructure,4,high,True
MFF095,MFF088,C_MFF095,physical_infrastructure,4,high,True
MFF088,MFF087,C_MFF088,physical_infrastructure,4,high,True
LLC007,NLL016,C_LLC007,physical_infrastructure,4,high,True
FRMAN,LLC007,C_FRMAN,physical_infrastructure,4,high,True
DAVIS,BGC002,C_DAVIS,physical_infrastructure,4,high,True
BGC002,MFF088,C_BGC002,physical_infrastructure,4,high,True
NLL016,LCCWD,D_NLL016_LCCWD,physical_infrastructure,4,high,True
LCCWD,MFF095,R_LCCWD_MFF095,physical_infrastructure,4,high,True
23,CCK007,SR_23_CCK007,physical_infrastructure,4,high,True
25_NA,CSL005,R_25_NA_CSL005,physical_infrastructure,4,high,True
25_PA2,CSL005,R_25_PA2_CSL005,physical_infrastructure,4,high,True
RFS25,CSL005,R_RFS25_CSL005,physical_infrastructure,4,high,True
RFS25,25_PA2,D_RFS25_25_PA2,physical_infrastructure,4,high,True
Freeport,SAC049,CT_FREEPORT,physical_infrastructure,4,high,True
Bend Bridge,SAC257,CT_BENDBRIDGE,physical_infrastructure,4,high,True
MOK057,MOK055,C_MOK057,physical_infrastructure,4,high,True
MOK055,MOK050,C_MOK055,physical_infrastructure,4,high,True
MOK050,MOK044,C_MOK050,physical_infrastructure,4,high,True
MOK044,MOK035,C_MOK044,physical_infrastructure,4,high,True
MOK034,MOK028,C_MOK034,physical_infrastructure,4,high,True
MOK028,MOK022,C_MOK028,physical_infrastructure,4,high,True
MOK022,MOK019,C_MOK022,physical_infrastructure,4,high,True
MOK019,MOK014,C_MOK019,physical_infrastructure,4,high,True
PSC006,PSC013,C_PSC006,physical_infrastructure,4,high,True
MOK004,MOK,DD_MOK004_MOK,physical_infrastructure,4,high,True
NBA009,WTPTAB,D_NBA009_WTPTAB,physical_infrastructure,4,high,True
WTPTAB,TVAFB,D_WTPTAB_TVAFB,physical_infrastructure,4,high,True
WTPCMT,SUISN,D_WTPCMT_SUISN,physical_infrastructure,4,high,True
WTPWMN,FRFLD,D_WTPWMN_FRFLD,physical_infrastructure,4,high,True
WTPNBR,FRFLD,D_WTPNBR_FRFLD,physical_infrastructure,4,high,True
SJR026,SJRE,DD_SJR026_SJRE,physical_infrastructure,4,high,True
SJR013,SJRW,DD_SJR013_SJRW,physical_infrastructure,4,high,True
STN014,TCC031,D_STN014_TCC031,physical_infrastructure,4,high,True
SAC041,SACN,DD_SAC041_SACN,physical_infrastructure,4,high,True
CCWWTP,SAC287,R_CCWWTP_SAC287,physical_infrastructure,4,high,True
BSL001a,BSL000,C_BSL001a,physical_infrastructure,4,high,True
SAC178,BTC003,SP_SAC178_BTC003,physical_infrastructure,4,high,True
THRMF,THRMA,C_THRMF,physical_infrastructure,4,high,True
FBW001,SJR195,C_FBW001,physical_infrastructure,4,high,True
NMW004,SJR117,C_NMW004,physical_infrastructure,4,high,True
WWW001,SJR087,C_WWW001,physical_infrastructure,4,high,True
DMC070,VLW008,D_DMC070_VLW008,physical_infrastructure,4,high,True
DMC003,DMC007,C_DMC003,physical_infrastructure,4,high,True
RSL004,CCC004,D_RSL004_CCC004,physical_infrastructure,4,high,True
PSC024,PSC033,C_PSC024,physical_infrastructure,4,high,True
NBA011,NBA021,C_NBA011,physical_infrastructure,4,high,True
DRM002,DRM003,C_DRM002,physical_infrastructure,4,high,True
DRM001,DRM002,C_DRM001,physical_infrastructure,4,high,True
DRM002,BRR074,D_DRM002_BRR074,physical_infrastructure,4,high,True
BRR028,BRR023,C_BRR028,physical_infrastructure,4,high,True
CHW028,CHW024,C_CHW028,physical_infrastructure,4,high,True
DMC011,71_PA8,D_DMC011_71_PA8,physical_infrastructure,4,high,True
RFS71A,50_PA1,D_RFS71A_50_PA1,physical_infrastructure,4,high,True
WTPAMC,AMCYN,D_WTPAMC_AMCYN,physical_infrastructure,4,high,True
VJB000,WTPFMH,D_VJB000_WTPFMH,physical_infrastructure,4,high,True
SJR205,SJR201,D_SJR205_SJR201,physical_infrastructure,4,high,True
24_NU3,CCK038,R_24_NU3_CCK038,physical_infrastructure,4,high,True
WSE008,STH000,C_WSE008,physical_infrastructure,4,high,True
CLV035,CLV028,C_CLV035,physical_infrastructure,4,high,True
CHW037,CHW031,C_CHW037,physical_infrastructure,4,high,True
ORT009,ORT001,C_ORT009,physical_infrastructure,4,high,True
TUO053,TUO047,C_TUO053,physical_infrastructure,4,high,True
LBN025,LBN012,C_LBN025,physical_infrastructure,4,high,True
STS069,TULOC,C_STS069,physical_infrastructure,4,high,True
DBC014,FRS022,C_DBC014,physical_infrastructure,4,high,True
FRS045,FRS039,C_FRS045,physical_infrastructure,4,high,True
FSL012,FSL005,C_FSL012,physical_infrastructure,4,high,True
EBP041,SJR145,SP_EBP041_SJR145,physical_infrastructure,4,high,True
SJR166,EBP032,D_SJR166_EBP032,physical_infrastructure,4,high,True
SAC000,SACW,DD_SAC000_SACW,physical_infrastructure,4,high,True
FCS006,SJR043,C_FCS006,physical_infrastructure,4,high,True
SAL017,SAL006,C_SAL017,physical_infrastructure,4,high,True
MSS014,SAL017,C_MSS014,physical_infrastructure,4,high,True
RSL001a,RSL004,C_RSL001a,physical_infrastructure,4,high,True
CAA165,CAA172,C_CAA165,physical_infrastructure,4,high,True
CAA156,CAA165,C_CAA156,physical_infrastructure,4,high,True
CAA155,CAA156,C_CAA155,physical_infrastructure,4,high,True
CAA143,CAA155,C_CAA143,physical_infrastructure,4,high,True
CAA109,CAA143,C_CAA109,physical_infrastructure,4,high,True
CAA095,CAA109,C_CAA095,physical_infrastructure,4,high,True
CAA071,CAA087,C_CAA071,physical_infrastructure,4,high,True
CAA069,CAA071,C_CAA069,physical_infrastructure,4,high,True
DBC014,64_PA1,D_DBC014_64_PA1,physical_infrastructure,4,high,True
CAA024,CAA046,C_CAA024,physical_infrastructure,4,high,True
CAA067,CAA069,C_CAA067,physical_infrastructure,4,high,True
CAA066,CAA067,C_CAA066,physical_infrastructure,4,high,True
CAA051,CAA066,C_CAA051,physical_infrastructure,4,high,True
CAA046,CAA051,C_CAA046,physical_infrastructure,4,high,True
CAA000,CAA002,C_CAA000,physical_infrastructure,4,high,True
CAA012,CAA024,C_CAA012,physical_infrastructure,4,high,True
CAA009,CAA012,C_CAA009,physical_infrastructure,4,high,True
CAA006,CAA009,C_CAA006,physical_infrastructure,4,high,True
CAA005,CAA006,C_CAA005,physical_infrastructure,4,high,True
CAA003,CAA005,C_CAA003,physical_infrastructure,4,high,True
CAA002,CAA003,C_CAA002,physical_infrastructure,4,high,True
DMC116,MDOTA,C_DMC116,physical_infrastructure,4,high,True
DMC111,DMC116,C_DMC111,physical_infrastructure,4,high,True
DMC111,FBW001,D_DMC111_FBW001,physical_infrastructure,4,high,True
DMC105,DMC111,C_DMC105,physical_infrastructure,4,high,True
DMC097,DMC105,C_DMC097,physical_infrastructure,4,high,True
DMC091,DMC097,C_DMC091,physical_infrastructure,4,high,True
DMC085,DMC091,C_DMC085,physical_infrastructure,4,high,True
DMC080,DMC085,C_DMC080,physical_infrastructure,4,high,True
DMC076,DMC080,C_DMC076,physical_infrastructure,4,high,True
LDC021,LDC007,C_LDC021,physical_infrastructure,4,high,True
JBC002,17N_PR,D_JBC002_17N_PR,physical_infrastructure,4,high,True
LCC038,BTC043,D_LCC038_BTC043,physical_infrastructure,4,high,True
LCC029,09_SA1,D_LCC029_09_SA1,physical_infrastructure,4,high,True
SEC009,11_SA4,D_SEC009_11_SA4,physical_infrastructure,4,high,True
LCC038,LCC029,C_LCC038,physical_infrastructure,4,high,True
LCC024,09_NA,D_LCC024_09_NA,physical_infrastructure,4,high,True
RVC005,11_SA2,D_RVC005_11_SA2,physical_infrastructure,4,high,True
SSL001,SAC085,C_SSL001,physical_infrastructure,4,high,True
RD1500,SSL001,C_RD1500,physical_infrastructure,4,high,True
DER011,DER004,C_DER011,physical_infrastructure,4,high,True
NFY017,NBLDB,C_NFY017,physical_infrastructure,4,high,True
SLT008,NFY017,C_SLT008,physical_infrastructure,4,high,True
SCT000,LST007,C_SCT000,physical_infrastructure,4,high,True
LST007,SLYCK,C_LST007,physical_infrastructure,4,high,True
DER001,YUB023,C_DER001,physical_infrastructure,4,high,True
SFY033,SFY007,C_SFY033,physical_infrastructure,4,high,True
MFY044,MFY013,C_MFY044,physical_infrastructure,4,high,True
OGN004,MFY005,C_OGN004,physical_infrastructure,4,high,True
CMT000,NBLDB,C_CMT000,physical_infrastructure,4,high,True
FTR018,15S_SA,D_FTR018_15S_SA,physical_infrastructure,4,high,True
SAC207,SAC201,C_SAC207,physical_infrastructure,4,high,True
NIDB1,DHC021,R_NIDB1_DHC021,physical_infrastructure,4,high,True
BSC010,SPLDG,D_BSC010_SPLDG,physical_infrastructure,4,high,True
DMC070,DMC074,C_DMC070,physical_infrastructure,4,high,True
DMC064,DMC070,C_DMC064,physical_infrastructure,4,high,True
DMC058,DMC064,C_DMC058,physical_infrastructure,4,high,True
DMC054,DMC058,C_DMC054,physical_infrastructure,4,high,True
DMC049,DMC054,C_DMC049,physical_infrastructure,4,high,True
SSJ004,WDWRD,C_SSJ004,physical_infrastructure,4,high,True
DMC044,DMC049,C_DMC044,physical_infrastructure,4,high,True
DMC039,DMC044,C_DMC039,physical_infrastructure,4,high,True
DMC034,DMC039,C_DMC034,physical_infrastructure,4,high,True
DMC030,DMC034,C_DMC030,physical_infrastructure,4,high,True
DMC024,DMC030,C_DMC024,physical_infrastructure,4,high,True
DMC021,DMC024,C_DMC021,physical_infrastructure,4,high,True
DMC016,DMC021,C_DMC016,physical_infrastructure,4,high,True
DMC011,DMC016,C_DMC011,physical_infrastructure,4,high,True
DMC007,DMC011,C_DMC007,physical_infrastructure,4,high,True
OMR028,DMC003,D_OMR028_DMC003,physical_infrastructure,4,high,True
FSL005,MDOTA,C_FSL005,physical_infrastructure,4,high,True
SJR263,SJR258,C_SJR263,physical_infrastructure,4,high,True
XCC010,XCC025,C_XCC010,physical_infrastructure,4,high,True
DMC044,71_PA4,D_DMC044_71_PA4,physical_infrastructure,4,high,True
SJR096,71_PA4,D_SJR096_71_PA4,physical_infrastructure,4,high,True
RFS71B,SJR091,R_RFS71B_SJR091,physical_infrastructure,4,high,True
OMR024b,VCT002,C_OMR024b,physical_infrastructure,4,high,True
MSH015,SJR009,C_MSH015,physical_infrastructure,4,high,True
SAC029b,MOK004,C_SAC029b,physical_infrastructure,4,high,True
MOK004,SJR022,C_MOK004,physical_infrastructure,4,high,True
BKR002,NBA009,D_BKR002_NBA009,physical_infrastructure,4,high,True
NBA009,NBA011,C_NBA009,physical_infrastructure,4,high,True
OMR027,OMR,DD_OMR027_OMR,physical_infrastructure,4,high,True
OMR028,OMR027,C_OMR028,physical_infrastructure,4,high,True
NBA021,NBA027,C_NBA021,physical_infrastructure,4,high,True
NBA027,WTPAMC,D_NBA027_WTPAMC,physical_infrastructure,4,high,True
NBA027,WTPJAC,D_NBA027_WTPJAC,physical_infrastructure,4,high,True
OMR021,ORP000,D_OMR021_ORP000,physical_infrastructure,4,high,True
VCT002,ORP000,D_VCT002_ORP000,physical_infrastructure,4,high,True
XCC033,XCC043,C_XCC033,physical_infrastructure,4,high,True
XCC043,XCC053,C_XCC043,physical_infrastructure,4,high,True
SJR006,SAC000,C_SJR006,physical_infrastructure,4,high,True
SJR013,SJR009,C_SJR013,physical_infrastructure,4,high,True
SJR022,SJR013,C_SJR022,physical_infrastructure,4,high,True
OMR039,OMR028,C_OMR039,physical_infrastructure,4,high,True
SJR023,SJR022,C_SJR023,physical_infrastructure,4,high,True
SJR026,SJR023,C_SJR026,physical_infrastructure,4,high,True
MDOTA,SJR201,C_MDOTA,physical_infrastructure,4,high,True
SJR028,SJR026,C_SJR028,physical_infrastructure,4,high,True
SJR033,SJR028,C_SJR033,physical_infrastructure,4,high,True
SJR038,SJR033,C_SJR038,physical_infrastructure,4,high,True
SJR042,SJR038,C_SJR042,physical_infrastructure,4,high,True
SJR043,SJR042,C_SJR043,physical_infrastructure,4,high,True
SJR048,SJR043,C_SJR048,physical_infrastructure,4,high,True
SJR053a,SJR048,C_SJR053a,physical_infrastructure,4,high,True
SAL006,SJR127,C_SAL006,physical_infrastructure,4,high,True
SJR056,SJR053,C_SJR056,physical_infrastructure,4,high,True
SJR062,SJR056,C_SJR062,physical_infrastructure,4,high,True
SJR070,SJR062,C_SJR070,physical_infrastructure,4,high,True
SJR072,SJR070,C_SJR072,physical_infrastructure,4,high,True
SJR075,SJR072,C_SJR075,physical_infrastructure,4,high,True
SJR081,SJR075,C_SJR081,physical_infrastructure,4,high,True
SJR082,SJR081,C_SJR082,physical_infrastructure,4,high,True
SJR087,SJR082,C_SJR087,physical_infrastructure,4,high,True
SJR090,SJR087,C_SJR090,physical_infrastructure,4,high,True
LBC043,LBC049,C_LBC043,physical_infrastructure,4,high,True
STH004,24_NA3,D_STH004_24_NA3,physical_infrastructure,4,high,True
LBC049,24_NA3,D_LBC049_24_NA3,physical_infrastructure,4,high,True
SJR091,SJR090,C_SJR091,physical_infrastructure,4,high,True
SJR096,SJR091,C_SJR096,physical_infrastructure,4,high,True
SJR101,SJR096,C_SJR101,physical_infrastructure,4,high,True
SJR106,SJR105,C_SJR106,physical_infrastructure,4,high,True
SJR111,SJR106,C_SJR111,physical_infrastructure,4,high,True
CLV004,SJR038,C_CLV004,physical_infrastructure,4,high,True
CLV009,CLV006,C_CLV009,physical_infrastructure,4,high,True
CLV010,CLV009,C_CLV010,physical_infrastructure,4,high,True
CLV016,CLV010,C_CLV016,physical_infrastructure,4,high,True
CLV023,CLV016,C_CLV023,physical_infrastructure,4,high,True
CLV026,CLV023,C_CLV026,physical_infrastructure,4,high,True
CLV028,CLV026,C_CLV028,physical_infrastructure,4,high,True
CLV043,CLV037,C_CLV043,physical_infrastructure,4,high,True
CLV037,CLV035,C_CLV037,physical_infrastructure,4,high,True
NHGAN,CLV044,C_NHGAN,physical_infrastructure,4,high,True
60N,MOK035,SR_60N_MOK035,physical_infrastructure,4,high,True
CLV044,CLV043,C_CLV044,physical_infrastructure,4,high,True
AMADR,DSC026,C_AMADR,physical_infrastructure,4,high,True
DSC028,DSC026,C_DSC028,physical_infrastructure,4,high,True
SDC001,CLV006,C_SDC001,physical_infrastructure,4,high,True
FCS007,FCS006,C_FCS007,physical_infrastructure,4,high,True
LJC010,FCS007,C_LJC010,physical_infrastructure,4,high,True
LJC022,LJC010,C_LJC022,physical_infrastructure,4,high,True
STS011,SJR072,C_STS011,physical_infrastructure,4,high,True
STS017,STS011,C_STS017,physical_infrastructure,4,high,True
STS030,STS020,C_STS030,physical_infrastructure,4,high,True
STS043,STS036,C_STS043,physical_infrastructure,4,high,True
CAA000,50_PA2,D_CAA000_50_PA2,physical_infrastructure,4,high,True
50_PA2,OMR027,R_50_PA2_OMR027,physical_infrastructure,4,high,True
WTPJYL,JLIND,D_WTPJYL_JLIND,physical_infrastructure,4,high,True
STS048,STS043,C_STS048,physical_infrastructure,4,high,True
STS053,STS050,C_STS053,physical_infrastructure,4,high,True
STS058,STS053,C_STS058,physical_infrastructure,4,high,True
SJR114,SJR111,C_SJR114,physical_infrastructure,4,high,True
SJR116,SJR115,C_SJR116,physical_infrastructure,4,high,True
SJR117,SJR116,C_SJR117,physical_infrastructure,4,high,True
SJR119,SJR117,C_SJR119,physical_infrastructure,4,high,True
RFS71C,XCC054,R_RFS71C_XCC054,physical_infrastructure,4,high,True
SJR123,SJR119,C_SJR123,physical_infrastructure,4,high,True
SJR127,SJR123,C_SJR127,physical_infrastructure,4,high,True
SJR131,SJR127,C_SJR131,physical_infrastructure,4,high,True
SJR134,SJR131,C_SJR134,physical_infrastructure,4,high,True
SJR141,SJR134,C_SJR141,physical_infrastructure,4,high,True
SJR145,SJR141,C_SJR145,physical_infrastructure,4,high,True
MSN004,SJR119,C_MSN004,physical_infrastructure,4,high,True
MSN009,MSN005,C_MSN009,physical_infrastructure,4,high,True
LBN008,MSN004,C_LBN008,physical_infrastructure,4,high,True
BANOS,LBN025,C_BANOS,physical_infrastructure,4,high,True
VLW008,LBN012,C_VLW008,physical_infrastructure,4,high,True
DMC054,NMW004,D_DMC054_NMW004,physical_infrastructure,4,high,True
GRZ012,XCC054,C_GRZ012,physical_infrastructure,4,high,True
ORT014,ORT009,C_ORT014,physical_infrastructure,4,high,True
MOK034,60N_NA5,D_MOK034_60N_NA5,physical_infrastructure,4,high,True
MCD021,63_NA4,D_MCD021_63_NA4,physical_infrastructure,4,high,True
DBC024,DBC014,C_DBC024,physical_infrastructure,4,high,True
60N_NU1,WSWWTP,R_60N_NU1_WSWWTP,physical_infrastructure,4,high,True
WSWWTP,SJR028,R_WSWWTP_SJR028,physical_infrastructure,4,high,True
DMC034,WWW001,D_DMC034_WWW001,physical_infrastructure,4,high,True
MLRTN,MDC006,D_MLRTN_MDC006,physical_infrastructure,4,high,True
MDC006,MDC019,C_MDC006,physical_infrastructure,4,high,True
BCK040,BCK035,C_BCK040,physical_infrastructure,4,high,True
EBP005,EBP016,C_EBP005,physical_infrastructure,4,high,True
EBP050,SJR134,C_EBP050,physical_infrastructure,4,high,True
EBP048,EBP050,C_EBP048,physical_infrastructure,4,high,True
EBP043,EBP048,C_EBP043,physical_infrastructure,4,high,True
EBP041,EBP042,C_EBP041,physical_infrastructure,4,high,True
EBP033,EBP041,C_EBP033,physical_infrastructure,4,high,True
EBP032,EBP033,C_EBP032,physical_infrastructure,4,high,True
EBP030,EBP032,C_EBP030,physical_infrastructure,4,high,True
EBP022,EBP030,C_EBP022,physical_infrastructure,4,high,True
EBP019,EBP022,C_EBP019,physical_infrastructure,4,high,True
EBP016,EBP019,C_EBP016,physical_infrastructure,4,high,True
MCD052,MCD050,C_MCD052,physical_infrastructure,4,high,True
MCD050,62_NA2,D_MCD050_62_NA2,physical_infrastructure,4,high,True
CHW024,CHW021,C_CHW024,physical_infrastructure,4,high,True
CHW031,CHW028,C_CHW031,physical_infrastructure,4,high,True
DED010,DED003,C_DED010,physical_infrastructure,4,high,True
DED019,DED012,C_DED019,physical_infrastructure,4,high,True
CHW028,BRS018,D_CHW028_BRS018,physical_infrastructure,4,high,True
CHW028,ASL013,D_CHW028_ASL013,physical_infrastructure,4,high,True
MID021,DED012,D_MID021_DED012,physical_infrastructure,4,high,True
MOK079,PARDE,C_MOK079,physical_infrastructure,4,high,True
SJR152,SJR145,C_SJR152,physical_infrastructure,4,high,True
SJR157,SJR152,C_SJR157,physical_infrastructure,4,high,True
SJR166,SJR157,C_SJR166,physical_infrastructure,4,high,True
26S_PU4,SRWWTP,R_26S_PU4_SRWWTP,physical_infrastructure,4,high,True
26S_PU5,SRWWTP,R_26S_PU5_SRWWTP,physical_infrastructure,4,high,True
26S_PU2,SRWWTP,R_26S_PU2_SRWWTP,physical_infrastructure,4,high,True
26N_PU3,SRWWTP,R_26N_PU3_SRWWTP,physical_infrastructure,4,high,True
26N_PU2,SRWWTP,R_26N_PU2_SRWWTP,physical_infrastructure,4,high,True
26N_NU2,SRWWTP,R_26N_NU2_SRWWTP,physical_infrastructure,4,high,True
DCWWTP,DCK012,R_DCWWTP_DCK012,physical_infrastructure,4,high,True
STH005,MRM001,D_STH005_MRM001,physical_infrastructure,4,high,True
FRS022,FRS020,C_FRS022,physical_infrastructure,4,high,True
DPC008,SJR091,C_DPC008,physical_infrastructure,4,high,True
03,COW003,SR_03_COW003,physical_infrastructure,4,high,True
BRR011,BRR004,C_BRR011,physical_infrastructure,4,high,True
YUB003,YUB002,C_YUB003,physical_infrastructure,4,high,True
JCK002,FTR030,C_JCK002,physical_infrastructure,4,high,True
SLT009,SLT008,C_SLT009,physical_infrastructure,4,high,True
SFT000,LST007,C_SFT000,physical_infrastructure,4,high,True
SLT009,SCT000,D_SLT009_SCT000,physical_infrastructure,4,high,True
SFF029,SFT000,D_SFF029_SFT000,physical_infrastructure,4,high,True
SAC011,SAC007,C_SAC011,physical_infrastructure,4,high,True
OMR013,RSL001,C_OMR013b,physical_infrastructure,4,high,True
RSL001b,OMR018,C_RSL001b,physical_infrastructure,4,high,True
OMR021,OMR018,C_OMR021,physical_infrastructure,4,high,True
15S,BRR004,SR_15S_BRR004,physical_infrastructure,4,high,True
DRM011,BRR067,C_DRM011,physical_infrastructure,4,high,True
TWL005,LBR002,C_TWL005,physical_infrastructure,4,high,True
LWSTN,TRN111,C_LWSTN,physical_infrastructure,4,high,True
CLR025,WKYTN,C_CLR025,physical_infrastructure,4,high,True
CCT011,CLR025,C_CCT011,physical_infrastructure,4,high,True
SAC301,KSWCK,C_SAC301,physical_infrastructure,4,high,True
SPT003,SAC301,C_SPT003,physical_infrastructure,4,high,True
WKYTN,02_PU,D_WKYTN_02_PU,physical_infrastructure,4,high,True
DED025,DED019,C_DED025,physical_infrastructure,4,high,True
DED032,DED025,C_DED032,physical_infrastructure,4,high,True
DED035,DED032,C_DED035,physical_infrastructure,4,high,True
DED038,DED035,C_DED038,physical_infrastructure,4,high,True
DED044,DED038,C_DED044,physical_infrastructure,4,high,True
BCK006,EBP048,C_BCK006,physical_infrastructure,4,high,True
BCK010,BCK006,C_BCK010,physical_infrastructure,4,high,True
BCK017,BCK010,C_BCK017,physical_infrastructure,4,high,True
BCK024,BCK017,C_BCK024,physical_infrastructure,4,high,True
BCK031,BCK024,C_BCK031,physical_infrastructure,4,high,True
BCK033,BCK031,C_BCK033,physical_infrastructure,4,high,True
STS060,STS059,C_STS060,physical_infrastructure,4,high,True
61_NU2,MAWWTP,R_61_NU2_MAWWTP,physical_infrastructure,4,high,True
WTPDGT,61_NU2,D_WTPDGT_61_NU2,physical_infrastructure,4,high,True
MAWWTP,SJR056,R_MAWWTP_SJR056,physical_infrastructure,4,high,True
50_PU,TCWWTP,R_50_PU_TCWWTP,physical_infrastructure,4,high,True
STS030,61_NA4,D_STS030_61_NA4,physical_infrastructure,4,high,True
61_NA4,SJR072,R_61_NA4_SJR072,physical_infrastructure,4,high,True
61_PA2,RFS61B,R_61_PA2_RFS61B,physical_infrastructure,4,high,True
61_NA2,RFS61D,R_61_NA2_RFS61D,physical_infrastructure,4,high,True
CAA095,72_PU,D_CAA095_72_PU,physical_infrastructure,4,high,True
RFS61D,TUO017,R_RFS61D_TUO017,physical_infrastructure,4,high,True
MDSTO,61_NA2,D_MDSTO_61_NA2,physical_infrastructure,4,high,True
MDSTO,WTPMOD,D_MDSTO_WTPMOD,physical_infrastructure,4,high,True
WTPMOD,61_NU1,D_WTPMOD_61_NU1,physical_infrastructure,4,high,True
61_NU1,MOWWTP,R_61_NU1_MOWWTP,physical_infrastructure,4,high,True
RFS61D,RFS61A,R_RFS61D_RFS61A,physical_infrastructure,4,high,True
RFS61A,SJR072,R_RFS61A_SJR072,physical_infrastructure,4,high,True
61_NA3,TUO003,R_61_NA3_TUO003,physical_infrastructure,4,high,True
WTPFTH,03_SU,D_WTPFTH_03_SU,physical_infrastructure,4,high,True
BCN005,03_NA,D_BCN005_03_NA,physical_infrastructure,4,high,True
RFS61B,TUO017,R_RFS61B_TUO017,physical_infrastructure,4,high,True
SJR081,61_NA5,D_SJR081_61_NA5,physical_infrastructure,4,high,True
61_NA5,RFS61A,R_61_NA5_RFS61A,physical_infrastructure,4,high,True
RFS61A,SJR075,R_RFS61A_SJR075,physical_infrastructure,4,high,True
TUO017,62_NA4,D_TUO017_62_NA4,physical_infrastructure,4,high,True
RFS62,SJR082,R_RFS62_SJR082,physical_infrastructure,4,high,True
MOWWTP,TUO010,R_MOWWTP_TUO010,physical_infrastructure,4,high,True
OAK001,OAK020,C_OAK001,physical_infrastructure,4,high,True
OAK020,61_PA2,D_OAK020_61_PA2,physical_infrastructure,4,high,True
62_NA5,SJR082,R_62_NA5_SJR082,physical_infrastructure,4,high,True
MCD052,MID021,D_MCD052_MID021,physical_infrastructure,4,high,True
CLR009,02_NA,D_CLR009_02_NA,physical_infrastructure,4,high,True
SCW008,CWD009,C_SCW008,physical_infrastructure,4,high,True
TCC111,07S_PA,D_TCC111_07S_PA,physical_infrastructure,4,high,True
RFS61D,61_NA5,D_RFS61D_61_NA5,physical_infrastructure,4,high,True
RFS61B,61_NA2,D_RFS61B_61_NA2,physical_infrastructure,4,high,True
MCD055,62_NA6,D_MCD055_62_NA6,physical_infrastructure,4,high,True
62_NA6,MCD028,R_62_NA6_MCD028,physical_infrastructure,4,high,True
MID021,63_NA3,D_MID021_63_NA3,physical_infrastructure,4,high,True
MID021,63_NA4,D_MID021_63_NA4,physical_infrastructure,4,high,True
63_NA4,SJR117,R_63_NA4_SJR117,physical_infrastructure,4,high,True
MCD002,63_NA4,D_MCD002_63_NA4,physical_infrastructure,4,high,True
SJR114,62_NA5,D_SJR114_62_NA5,physical_infrastructure,4,high,True
63_NA2,MCD028,R_63_NA2_MCD028,physical_infrastructure,4,high,True
RFS62,MCD021,R_RFS62_MCD021,physical_infrastructure,4,high,True
DMC007,CAA009,D_DMC007_CAA009,physical_infrastructure,4,high,True
CAA009,DMC007,D_CAA009_DMC007,physical_infrastructure,4,high,True
CAA087,73_PA1,D_CAA087_73_PA1,physical_infrastructure,4,high,True
SAC259,SAC257,C_SAC259,physical_infrastructure,4,high,True
CWD004,CWD003,C_CWD004,physical_infrastructure,4,high,True
62_NA4,TUO003,R_62_NA4_TUO003,physical_infrastructure,4,high,True
OAK020,61_NA2,D_OAK020_61_NA2,physical_infrastructure,4,high,True
RFS61B,STS036,R_RFS61B_STS036,physical_infrastructure,4,high,True
62_NA2,MCD028,R_62_NA2_MCD028,physical_infrastructure,4,high,True
63_NA3,MCD028,R_63_NA3_MCD028,physical_infrastructure,4,high,True
73_PA1,LBN025,R_73_PA1_LBN025,physical_infrastructure,4,high,True
DMC076,XCC043,D_DMC076_XCC043,physical_infrastructure,4,high,True
DMC074,DMC076,C_DMC074,physical_infrastructure,4,high,True
XCC054,LBN008,D_XCC054_LBN008,physical_infrastructure,4,high,True
OMR018,OMR014,C_OMR018,physical_infrastructure,4,high,True
FRS036,64_PA1,D_FRS036_64_PA1,physical_infrastructure,4,high,True
MDC006,64_PA1,D_MDC006_64_PA1,physical_infrastructure,4,high,True
SJR227,64_PA3,D_SJR227_64_PA3,physical_infrastructure,4,high,True
EBP016,64_NA2,D_EBP016_64_NA2,physical_infrastructure,4,high,True
64_NA2,EBP030,R_64_NA2_EBP030,physical_infrastructure,4,high,True
OMR013,OMR002,C_OMR013a,physical_infrastructure,4,high,True
CCC019,CCWD,D_CCC019_CCWD,physical_infrastructure,4,high,True
OMR002,SJR013,C_OMR002,physical_infrastructure,4,high,True
RFS71A,OMR039,R_RFS71A_OMR039,physical_infrastructure,4,high,True
LJC022,WTPWDH,D_LJC022_WTPWDH,physical_infrastructure,4,high,True
60S_PA2,FCS007,R_60S_PA2_FCS007,physical_infrastructure,4,high,True
CLV026,WTPWDH,D_CLV026_WTPWDH,physical_infrastructure,4,high,True
60S_PA1,SDC001,R_60S_PA1_SDC001,physical_infrastructure,4,high,True
LJC010,60S_PA2,D_LJC010_60S_PA2,physical_infrastructure,4,high,True
WTPWDH,60S_NU1,D_WTPWDH_60S_NU1,physical_infrastructure,4,high,True
CLV026,60S_PA1,D_CLV026_60S_PA1,physical_infrastructure,4,high,True
CLV037,CACWD,D_CLV037_CACWD,physical_infrastructure,4,high,True
CLV043,WTPJYL,D_CLV043_WTPJYL,physical_infrastructure,4,high,True
MOK050,60N_NA3,D_MOK050_60N_NA3,physical_infrastructure,4,high,True
60N_NA3,SJR028,R_60N_NA3_SJR028,physical_infrastructure,4,high,True
UFC000,LJC022,C_UFC000,physical_infrastructure,4,high,True
SJR028,WTPDWS,D_SJR028_WTPDWS,physical_infrastructure,4,high,True
WTPDWS,60S_NU1,D_WTPDWS_60S_NU1,physical_infrastructure,4,high,True
60S_NU1,STWWTP,R_60S_NU1_STWWTP,physical_infrastructure,4,high,True
60N_NA4,SJR022,R_60N_NA4_SJR022,physical_infrastructure,4,high,True
MOK035,60N_NA4,D_MOK035_60N_NA4,physical_infrastructure,4,high,True
STWWTP,SJR042,R_STWWTP_SJR042,physical_infrastructure,4,high,True
MDC032,64_PA1,D_MDC032_64_PA1,physical_infrastructure,4,high,True
SJR242,SJR235,C_SJR242,physical_infrastructure,4,high,True
SJR249,SJR242,C_SJR249,physical_infrastructure,4,high,True
SJR265,SJR263,C_SJR265,physical_infrastructure,4,high,True
TUO010,TUO004,C_TUO010,physical_infrastructure,4,high,True
TUO015,TUO010,C_TUO015,physical_infrastructure,4,high,True
TUO022,TUO017,C_TUO022,physical_infrastructure,4,high,True
TUO030,TUO022,C_TUO030,physical_infrastructure,4,high,True
PARDE,AMADR,D_PARDE_AMADR,physical_infrastructure,4,high,True
AMADR,60N_NA1,D_AMADR_60N_NA1,physical_infrastructure,4,high,True
60N_NA1,DSC026,R_60N_NA1_DSC026,physical_infrastructure,4,high,True
60N_NA2,CSM005,R_60N_NA2_CSM005,physical_infrastructure,4,high,True
FSC027,MAQ012,D_FSC027_MAQ012,physical_infrastructure,4,high,True
MAQ012,MAQ057,C_MAQ012,physical_infrastructure,4,high,True
FSC015,60N_NA2,D_FSC015_60N_NA2,physical_infrastructure,4,high,True
MAQ001,MAQ012,C_MAQ001,physical_infrastructure,4,high,True
MOK088,MOK082,C_MOK088,physical_infrastructure,4,high,True
CSM033,60N_NU2,D_CSM033_60N_NU2,physical_infrastructure,4,high,True
MDC019,FRS045,SP_MDC019_FRS045,physical_infrastructure,4,high,True
BRS018,64_PA2,D_BRS018_64_PA2,physical_infrastructure,4,high,True
ASL013,64_PA2,D_ASL013_64_PA2,physical_infrastructure,4,high,True
64_PA2,RFS64,R_64_PA2_RFS64,physical_infrastructure,4,high,True
CCC004,CCC007,C_CCC004,physical_infrastructure,4,high,True
XCC025,72_PA,D_XCC025_72_PA,physical_infrastructure,4,high,True
61,TUO017,SR_61_TUO017,physical_infrastructure,4,high,True
62,MCD050,SR_62_MCD050,physical_infrastructure,4,high,True
62,MCD021,SR_62_MCD021,physical_infrastructure,4,high,True
63,EBP032,SR_63_EBP032,physical_infrastructure,4,high,True
63,EBP050,SR_63_EBP050,physical_infrastructure,4,high,True
EDWWTP,DEE020,R_EDWWTP_DEE020,physical_infrastructure,4,high,True
60N_NA5,MOK022,R_60N_NA5_MOK022,physical_infrastructure,4,high,True
SLUIS,CAA069,C_SLUIS,physical_infrastructure,4,high,True
MLRTN,FRK000,D_MLRTN_FRK000,physical_infrastructure,4,high,True
OMR027,CAA000,D_OMR027_CAA000,physical_infrastructure,4,high,True
OMR024a,OMR021,C_OMR024a,physical_infrastructure,4,high,True
OMR027,OMR024,C_OMR027,physical_infrastructure,4,high,True
71_NA2,SJR070,R_71_NA2_SJR070,physical_infrastructure,4,high,True
71_PA1,SJR075,R_71_PA1_SJR075,physical_infrastructure,4,high,True
SJR090,71_NA2,D_SJR090_71_NA2,physical_infrastructure,4,high,True
71_PA3,WWW001,R_71_PA3_WWW001,physical_infrastructure,4,high,True
DMC034,71_PA3,D_DMC034_71_PA3,physical_infrastructure,4,high,True
71_PA4,SJR091,R_71_PA4_SJR091,physical_infrastructure,4,high,True
ORP000,TRNSF,C_ORP000,physical_infrastructure,4,high,True
VJB000,WTPBNC,D_VJB000_WTPBNC,physical_infrastructure,4,high,True
RFS71C,NMW004,R_RFS71C_NMW004,physical_infrastructure,4,high,True
DMC064,71_PA6,D_DMC064_71_PA6,physical_infrastructure,4,high,True
LOSVQ,TRNSF,D_LOSVQ_TRNSF,physical_infrastructure,4,high,True
SAC017,SACS,DD_SAC017_SACS,physical_infrastructure,4,high,True
WTPFMH,VLLJO,D_WTPFMH_VLLJO,physical_infrastructure,4,high,True
WTPBNC,BNCIA,D_WTPBNC_BNCIA,physical_infrastructure,4,high,True
NBA021,VJB000,D_NBA021_VJB000,physical_infrastructure,4,high,True
XCC054,72_XA3,D_XCC054_72_XA3,physical_infrastructure,4,high,True
72_PR1,LBN012,R_72_PR1_LBN012,physical_infrastructure,4,high,True
72_PR5,MSN009,R_72_PR5_MSN009,physical_infrastructure,4,high,True
LBN012,72_PR5,D_LBN012_72_PR5,physical_infrastructure,4,high,True
XCC054,72_PR5,D_XCC054_72_PR5,physical_infrastructure,4,high,True
VLW008,72_PR1,D_VLW008_72_PR1,physical_infrastructure,4,high,True
72_PR2,MSN004,R_72_PR2_MSN004,physical_infrastructure,4,high,True
CAA066,71_PU2,D_CAA066_71_PU2,physical_infrastructure,4,high,True
DMC070,CAA069,D_DMC070_CAA069,physical_infrastructure,4,high,True
CAA069,DMC070,D_CAA069_DMC070,physical_infrastructure,4,high,True
DMC070,73_PA1,D_DMC070_73_PA1,physical_infrastructure,4,high,True
CAA069,SLUIS,D_CAA069_SLUIS,physical_infrastructure,4,high,True
SLUIS,SFLPE,D_SLUIS_SFLPE,physical_infrastructure,4,high,True
XCC033,72_PR2,D_XCC033_72_PR2,physical_infrastructure,4,high,True
72_PR4,SAL006,R_72_PR4_SAL006,physical_infrastructure,4,high,True
XCC025,XCC033,C_XCC025,physical_infrastructure,4,high,True
CAA109,90_PA1,D_CAA109_90_PA1,physical_infrastructure,4,high,True
62_NU,TKWWTP,R_62_NU_TKWWTP,physical_infrastructure,4,high,True
SJR105,SJR101,C_SJR105,physical_infrastructure,4,high,True
CAA156,90_PU,D_CAA156_90_PU,physical_infrastructure,4,high,True
CAA165,90_PU,D_CAA165_90_PU,physical_infrastructure,4,high,True
ARY010,72_PR6,D_ARY010_72_PR6,physical_infrastructure,4,high,True
DSC016,DSC012,C_DSC016,physical_infrastructure,4,high,True
BUR005,BCK033,C_BUR005,physical_infrastructure,4,high,True
CLV006,CLV004,C_CLV006,physical_infrastructure,4,high,True
DEE023,DEE020,C_DEE023,physical_infrastructure,4,high,True
MCD033,MCD032,C_MCD033,physical_infrastructure,4,high,True
XCC053,XCC054,C_XCC053,physical_infrastructure,4,high,True
72_PA,MSS014,R_72_PA_MSS014,physical_infrastructure,4,high,True
RFS61D,STS030,R_RFS61D_STS030,physical_infrastructure,4,high,True
WTPCSD,02_PA,D_WTPCSD_02_PA,physical_infrastructure,4,high,True
CSM033,CSM026,C_CSM033,physical_infrastructure,4,high,True
CSM035,CSM033,C_CSM035,physical_infrastructure,4,high,True
SAC099,SAC097,C_SAC099,physical_infrastructure,4,high,True
LBC040,LBC043,C_LBC040,physical_infrastructure,4,high,True
OWC000,13_NA,D_OWC000_13_NA,physical_infrastructure,4,high,True
JBC008,FTR048,R_JBC008_FTR048,physical_infrastructure,4,high,True
HON004,FTR045,C_HON004,physical_infrastructure,4,high,True
CBD038,CBD037,C_CBD038,physical_infrastructure,4,high,True
SAC093,SAC092,C_SAC093,physical_infrastructure,4,high,True
SAC092,SAC091,C_SAC092,physical_infrastructure,4,high,True
EMD001,SAC064,C_EMD001,physical_infrastructure,4,high,True
BRR017,BRR011,C_BRR017,physical_infrastructure,4,high,True
KSWCK,SAC299,C_KSWCK,physical_infrastructure,4,high,True
CMBIE,BRR031,C_CMBIE,physical_infrastructure,4,high,True
SAC064,SAC063,C_SAC064,physical_infrastructure,4,high,True
23,BRR004,SR_23_BRR004,physical_infrastructure,4,high,True
24,BRR004,SR_24_BRR004,physical_infrastructure,4,high,True
26N_NA,EMD007,R_26N_NA_EMD007,physical_infrastructure,4,high,True
EMD007,EMD001,C_EMD007,physical_infrastructure,4,high,True
PGWWTP,CRC002,R_PGWWTP_CRC002,physical_infrastructure,4,high,True
LDC007,BTC016,C_LDC007,physical_infrastructure,4,high,True
WTPFTH,02_SU,D_WTPFTH_02_SU,physical_infrastructure,4,high,True
SAC275,SAC273,C_SAC275,physical_infrastructure,4,high,True
24_NU2,RFS26N,R_24_NU2_RFS26N,physical_infrastructure,4,high,True
RFS26N,PGWWTP,R_RFS26N_PGWWTP,physical_infrastructure,4,high,True
26N_PU1,RFS26N,R_26N_PU1_RFS26N,physical_infrastructure,4,high,True
LDC007,11_SA2,D_LDC007_11_SA2,physical_infrastructure,4,high,True
11_SA2,CRK005,R_11_SA2_CRK005,physical_infrastructure,4,high,True
JBC002,JBC004,C_JBC002,physical_infrastructure,4,high,True
11_SA3,RFS11,R_11_SA3_RFS11,physical_infrastructure,4,high,True
JBC004,11_SA3,D_JBC004_11_SA3,physical_infrastructure,4,high,True
HKC002,TTC000,C_HKC002,physical_infrastructure,4,high,True
BTC060,BTC048,C_BTC060,physical_infrastructure,4,high,True
LST003,SFF020,C_LST003,physical_infrastructure,4,high,True
SLYCK,LST004,C_SLYCK,physical_infrastructure,4,high,True
SFF011,MNRRH,D_SFF011_MNRRH,physical_infrastructure,4,high,True
MNRRH,FTR072,R_MNRRH_FTR072,physical_infrastructure,4,high,True
12_SA,FTR045,R_12_SA_FTR045,physical_infrastructure,4,high,True
SAC218,SAC217,C_SAC218,physical_infrastructure,4,high,True
OROVL,FTR072,C_OROVL,physical_infrastructure,4,high,True
13_NA,RFS13,R_13_NA_RFS13,physical_infrastructure,4,high,True
SAC188,SAC185,C_SAC188,physical_infrastructure,4,high,True
SAC193,BTC003,SP_SAC193_BTC003,physical_infrastructure,4,high,True
DRC012,DRC010,C_DRC012,physical_infrastructure,4,high,True
BCC014,BCC012,C_BCC014,physical_infrastructure,4,high,True
ESL008,09_SA1,D_ESL008_09_SA1,physical_infrastructure,4,high,True
SAC041,SAC036,C_SAC041,physical_infrastructure,4,high,True
10_NU1,CHWWTP,R_10_NU1_CHWWTP,physical_infrastructure,4,high,True
CHWWTP,SAC195,R_CHWWTP_SAC195,physical_infrastructure,4,high,True
THM028,THM026,C_THM028,physical_infrastructure,4,high,True
TCC081,TCC085,C_TCC081,physical_infrastructure,4,high,True
TCC085,GCC056,D_TCC085_GCC056,physical_infrastructure,4,high,True
GCC039,08N_PR2,D_GCC039_08N_PR2,physical_infrastructure,4,high,True
08N_PR2,CBD044,R_08N_PR2_CBD044,physical_infrastructure,4,high,True
CLRLK,CCH083,C_CLRLK,physical_infrastructure,4,high,True
CCH083,CCH075,C_CCH083,physical_infrastructure,4,high,True
CCH032,CCH030,C_CCH032,physical_infrastructure,4,high,True
CCH052,CCH032,C_CCH052,physical_infrastructure,4,high,True
CCH053,CCH052,C_CCH053,physical_infrastructure,4,high,True
CCH058,CCH053,C_CCH058,physical_infrastructure,4,high,True
NFC005,CCH075,C_NFC005,physical_infrastructure,4,high,True
NFC013,NFC005,C_NFC013,physical_infrastructure,4,high,True
INDVL,NFC013,C_INDVL,physical_infrastructure,4,high,True
BRC002,CCH058,C_BRC002,physical_infrastructure,4,high,True
BRC003,BRC002,C_BRC003,physical_infrastructure,4,high,True
PTH021,PTH020,C_PTH021,physical_infrastructure,4,high,True
BRYSA,PTH030,C_BRYSA,physical_infrastructure,4,high,True
PTH024,PSC003,D_PTH024_PSC003,physical_infrastructure,4,high,True
PSC003,20_PA,D_PSC003_20_PA,physical_infrastructure,4,high,True
PSC003,PSC006,C_PSC003,physical_infrastructure,4,high,True
PSC015,CSPSO,D_PSC015_CSPSO,physical_infrastructure,4,high,True
PSC015,PSC017,C_PSC015,physical_infrastructure,4,high,True
PSC017,WTPNBR,D_PSC017_WTPNBR,physical_infrastructure,4,high,True
NBA011,WTPNBR,D_NBA011_WTPNBR,physical_infrastructure,4,high,True
PSC017,PSC020,C_PSC017,physical_infrastructure,4,high,True
PSC020,WTPCMT,D_PSC020_WTPCMT,physical_infrastructure,4,high,True
PSC020,PSC024,C_PSC020,physical_infrastructure,4,high,True
PSC024,WTPWMN,D_PSC024_WTPWMN,physical_infrastructure,4,high,True
WTPNBR,25_PU,D_WTPNBR_25_PU,physical_infrastructure,4,high,True
20_PA,PTH011,R_20_PA_PTH011,physical_infrastructure,4,high,True
ABN006,ABN000,C_ABN006,physical_infrastructure,4,high,True
YBP007,YBP002,C_YBP007,physical_infrastructure,4,high,True
YBP002,CSL005,C_YBP002,physical_infrastructure,4,high,True
LBC030,BEC021,D_LBC030_BEC021,physical_infrastructure,4,high,True
BEC021,LBC032,D_BEC021_LBC032,physical_infrastructure,4,high,True
WSE003,LBC040,D_WSE003_LBC040,physical_infrastructure,4,high,True
STH001,STH004,C_STH001,physical_infrastructure,4,high,True
CBC001,24_NA1,D_CBC001_24_NA1,physical_infrastructure,4,high,True
CBC001,CCK036,D_CBC001_CCK036,physical_infrastructure,4,high,True
WLF013,BRR031,C_WLF013,physical_infrastructure,4,high,True
RLLNS,BRR050,C_RLLNS,physical_infrastructure,4,high,True
BRR050,BEC000,D_BRR050_BEC000,physical_infrastructure,4,high,True
BEC021,BEC022,C_BEC021,physical_infrastructure,4,high,True
BEC022,WTPBWM,D_BEC022_WTPBWM,physical_infrastructure,4,high,True
CBC000,NIDB1,D_CBC000_NIDB1,physical_infrastructure,4,high,True
NIDD1,WLF017,R_NIDD1_WLF017,physical_infrastructure,4,high,True
CCK036,CCK022,C_CCK036,physical_infrastructure,4,high,True
NFA016,ABT002,D_NFA016_ABT002,physical_infrastructure,4,high,True
STH000,STH001,C_STH000,physical_infrastructure,4,high,True
ABT002,STH001,D_ABT002_STH001,physical_infrastructure,4,high,True
NFA011,FOLSM,C_NFA011,physical_infrastructure,4,high,True
ABN010,24_NA2,D_ABN010_24_NA2,physical_infrastructure,4,high,True
24_NA2,ABN000,R_24_NA2_ABN000,physical_infrastructure,4,high,True
BRR050,BRR049,C_BRR050,physical_infrastructure,4,high,True
STH001,WTPOPH,D_STH001_WTPOPH,physical_infrastructure,4,high,True
STH004,STH005,C_STH004,physical_infrastructure,4,high,True
STH004,WTPFSS,D_STH004_WTPFSS,physical_infrastructure,4,high,True
WTPFSS,24_NU2,D_WTPFSS_24_NU2,physical_infrastructure,4,high,True
SCR002,DCK012,C_SCR002,physical_infrastructure,4,high,True
STH005,STH007,C_STH005,physical_infrastructure,4,high,True
LBR002,BRR061,C_LBR002,physical_infrastructure,4,high,True
CYN009,NFA048,C_CYN009,physical_infrastructure,4,high,True
DRM009,CYN010,D_DRM009_CYN010,physical_infrastructure,4,high,True
CYN009,TWL005,D_CYN009_TWL005,physical_infrastructure,4,high,True
LVC001,DRM003,C_LVC001,physical_infrastructure,4,high,True
SYC003,SYC020,C_SYC003,physical_infrastructure,4,high,True
DRM003,DRM008,C_DRM003,physical_infrastructure,4,high,True
BRR066,BRR061,C_BRR066,physical_infrastructure,4,high,True
LBR002,LBC001,D_LBR002_LBC001,physical_infrastructure,4,high,True
CYN010,CYN009,C_CYN010,physical_infrastructure,4,high,True
NFA048,NFA022,C_NFA048,physical_infrastructure,4,high,True
DRM009,DRM011,C_DRM009,physical_infrastructure,4,high,True
BRR072,BRR067,C_BRR072,physical_infrastructure,4,high,True
BRR067,BRR066,C_BRR067,physical_infrastructure,4,high,True
DRM008,DRM009,C_DRM008,physical_infrastructure,4,high,True
DRM000,DRM001,C_DRM000,physical_infrastructure,4,high,True
NNA013,LVC001,D_NNA013_LVC001,physical_infrastructure,4,high,True
SYC003,BRR074,D_SYC003_BRR074,physical_infrastructure,4,high,True
SYC000,SYC001,C_SYC000,physical_infrastructure,4,high,True
BRR074,BRR073,C_BRR074,physical_infrastructure,4,high,True
10,SAC196,SR_10_SAC196,physical_infrastructure,4,high,True
09,SAC141,SR_09_SAC141,physical_infrastructure,4,high,True
08S,SAC146,SR_08S_SAC146,physical_infrastructure,4,high,True
09_SA1,LCC026,R_09_SA1_LCC026,physical_infrastructure,4,high,True
LCC016,BTC012,C_LCC016,physical_infrastructure,4,high,True
LCC029,LCC026,C_LCC029,physical_infrastructure,4,high,True
LCC026,LCC024,C_LCC026,physical_infrastructure,4,high,True
LCC024,LCC016,C_LCC024,physical_infrastructure,4,high,True
JBC004,JBC008,C_JBC004,physical_infrastructure,4,high,True
JBC008,SEC009,C_JBC008,physical_infrastructure,4,high,True
11_SA4,DWRPS2,R_11_SA4_DWRPS2,physical_infrastructure,4,high,True
16,DWRPS1,SR_16_DWRPS1,physical_infrastructure,4,high,True
24,CCK022,SR_24_CCK022,physical_infrastructure,4,high,True
24,ABN010,SR_24_ABN010,physical_infrastructure,4,high,True
23,ABN000,SR_23_ABN000,physical_infrastructure,4,high,True
23,CRC002,SR_23_CRC002,physical_infrastructure,4,high,True
24,CRC002,SR_24_CRC002,physical_infrastructure,4,high,True
22,CRC002,SR_22_CRC002,physical_infrastructure,4,high,True
26N,CRC002,SR_26N_CRC002,physical_infrastructure,4,high,True
26N,EMD007,SR_26N_EMD007,physical_infrastructure,4,high,True
24,EMD007,SR_24_EMD007,physical_infrastructure,4,high,True
26N,AMR004,SR_26N_AMR004,physical_infrastructure,4,high,True
26S,AMR007,SR_26S_AMR007,physical_infrastructure,4,high,True
26N,NTOMA,SR_26N_NTOMA,physical_infrastructure,4,high,True
26S,NTOMA,SR_26S_NTOMA,physical_infrastructure,4,high,True
26S,SAC048,SR_26S_SAC048,physical_infrastructure,4,high,True
BTC018,BTC017,C_BTC018,physical_infrastructure,4,high,True
08S_NA2,RFS8S,R_08S_NA2_RFS8S,physical_infrastructure,4,high,True
04,SAC217,SR_04_SAC217,physical_infrastructure,4,high,True
08N,SAC154,SR_08N_SAC154,physical_infrastructure,4,high,True
BTC017,BTC016,C_BTC017,physical_infrastructure,4,high,True
BTC043,BTC041,C_BTC043,physical_infrastructure,4,high,True
09,BTC017,SR_09_BTC017,physical_infrastructure,4,high,True
10,BSL001,SR_10_BSL001,physical_infrastructure,4,high,True
17N,BSL001,SR_17N_BSL001,physical_infrastructure,4,high,True
11,FTR059,SR_11_FTR059,physical_infrastructure,4,high,True
14,YUB011,SR_14_YUB011,physical_infrastructure,4,high,True
FTR031,FTR030,C_FTR031,physical_infrastructure,4,high,True
15N_SA,FTR031,R_15N_SA_FTR031,physical_infrastructure,4,high,True
15N,FTR029,SR_15N_FTR029,physical_infrastructure,4,high,True
14,HON004,SR_14_HON004,physical_infrastructure,4,high,True
FTR045,15N_SA,D_FTR045_15N_SA,physical_infrastructure,4,high,True
MTC000,09_PR,D_MTC000_09_PR,physical_infrastructure,4,high,True
12,HON004,SR_12_HON004,physical_infrastructure,4,high,True
03,KSWCK,SR_03_KSWCK,physical_infrastructure,4,high,True
FOLSM,26S_PU3,D_FOLSM_26S_PU3,physical_infrastructure,4,high,True
23,BRR011,SR_23_BRR011,physical_infrastructure,4,high,True
24,BRR011,SR_24_BRR011,physical_infrastructure,4,high,True
WTPVNY,26S_PU4,D_WTPVNY_26S_PU4,physical_infrastructure,4,high,True
SAC091,19_SA,D_SAC091_19_SA,physical_infrastructure,4,high,True
11_PR,BTC017,R_11_PR_BTC017,physical_infrastructure,4,high,True
26N_NU3,SRWWTP,R_26N_NU3_SRWWTP,physical_infrastructure,4,high,True
26S_NU4,RFS26S,R_26S_NU4_RFS26S,physical_infrastructure,4,high,True
RFS26S,SRWWTP,R_RFS26S_SRWWTP,physical_infrastructure,4,high,True
XCC033,72_PR4,D_XCC033_72_PR4,physical_infrastructure,4,high,True
MDC032,CHW028,C_MDC032,physical_infrastructure,4,high,True
RFS63,MDWWTP,R_RFS63_MDWWTP,physical_infrastructure,4,high,True
63_NU,RFS63,R_63_NU_RFS63,physical_infrastructure,4,high,True
RFS63,AWWWTP,R_RFS63_AWWWTP,physical_infrastructure,4,high,True
MDWWTP,OWN011,R_MDWWTP_OWN011,physical_infrastructure,4,high,True
ESC000,EBP042,C_ESC000,physical_infrastructure,4,high,True
BCK006,ESC000,D_BCK006_ESC000,physical_infrastructure,4,high,True
WBF006,NFF008,C_WBF006,physical_infrastructure,4,high,True
STS059,UFC000,D_STS059_UFC000,physical_infrastructure,4,high,True
BSL000,SAC141,D_BSL000_SAC141,physical_infrastructure,4,high,True
TUO017,TUO015,C_TUO017,physical_infrastructure,4,high,True
62,TUO017,SR_62_TUO017,physical_infrastructure,4,high,True
STS020,STS017,C_STS020,physical_infrastructure,4,high,True
61,STS017,SR_61_STS017,physical_infrastructure,4,high,True
61,SJR070,SR_61_SJR070,physical_infrastructure,4,high,True
MCD054,MCD052,C_MCD054,physical_infrastructure,4,high,True
MCD056,MCD055,C_MCD056,physical_infrastructure,4,high,True
63,MCD050,SR_63_MCD050,physical_infrastructure,4,high,True
63,MCD021,SR_63_MCD021,physical_infrastructure,4,high,True
62,SJR081,SR_62_SJR081,physical_infrastructure,4,high,True
61,SJR043,SR_61_SJR043,physical_infrastructure,4,high,True
60S,FCS007,SR_60S_FCS007,physical_infrastructure,4,high,True
61,SJR053,SR_61_SJR053,physical_infrastructure,4,high,True
61,FCS007,SR_61_FCS007,physical_infrastructure,4,high,True
60S,SJR038,SR_60S_SJR038,physical_infrastructure,4,high,True
60S,SJR028,SR_60S_SJR028,physical_infrastructure,4,high,True
60N,SJR028,SR_60N_SJR028,physical_infrastructure,4,high,True
MOK035,MOK034,C_MOK035,physical_infrastructure,4,high,True
60N,MOK019,SR_60N_MOK019,physical_infrastructure,4,high,True
60N,SJR022,SR_60N_SJR022,physical_infrastructure,4,high,True
72,MSN004,SR_72_MSN004,physical_infrastructure,4,high,True
72,SJR117,SR_72_SJR117,physical_infrastructure,4,high,True
72,SAL006,SR_72_SAL006,physical_infrastructure,4,high,True
64,EBP050,SR_64_EBP050,physical_infrastructure,4,high,True
64,SJR180,SR_64_SJR180,physical_infrastructure,4,high,True
64,EBP005,SR_64_EBP005,physical_infrastructure,4,high,True
EBP001,EBP005,C_EBP001,physical_infrastructure,4,high,True
64,SJR214,SR_64_SJR214,physical_infrastructure,4,high,True
64,SJR227,SR_64_SJR227,physical_infrastructure,4,high,True
63,SJR117,SR_63_SJR117,physical_infrastructure,4,high,True
60N,SJR038,SR_60N_SJR038,physical_infrastructure,4,high,True
73,SLD027,SR_73_SLD027,physical_infrastructure,4,high,True
64,FRS022,SR_64_FRS022,physical_infrastructure,4,high,True
71,OMR039,SR_71_OMR039,physical_infrastructure,4,high,True
71,SJR070,SR_71_SJR070,physical_infrastructure,4,high,True
SJR258,SJR256,C_SJR258,physical_infrastructure,4,high,True
JBP006,FSL012,C_JBP006,physical_infrastructure,4,high,True
SJR180,SJR179,C_SJR180,physical_infrastructure,4,high,True
CAA087,CAA095,C_CAA087,physical_infrastructure,4,high,True
CAA172,90_PA1,D_CAA172_90_PA1,physical_infrastructure,4,high,True
MLRTN,SJR265,C_MLRTN,physical_infrastructure,4,high,True
MDC019,MDC032,C_MDC019,physical_infrastructure,4,high,True
AWWWTP,ESC000,R_AWWWTP_ESC000,physical_infrastructure,4,high,True
DED012,DED010,C_DED012,physical_infrastructure,4,high,True
64_PA1,EBP016,R_64_PA1_EBP016,physical_infrastructure,4,high,True
64_PA3,EBP016,R_64_PA3_EBP016,physical_infrastructure,4,high,True
MDC006,64_PA3,D_MDC006_64_PA3,physical_infrastructure,4,high,True
MCD002,SJR116,C_MCD002,physical_infrastructure,4,high,True
MCD002,MRS000,SP_MCD002_MRS000,physical_infrastructure,4,high,True
SJR115,SJR114,C_SJR115,physical_infrastructure,4,high,True
MRS000,SJR114,C_MRS000,physical_infrastructure,4,high,True
64,EBP030,SR_64_EBP030,physical_infrastructure,4,high,True
63,EBP030,SR_63_EBP030,physical_infrastructure,4,high,True
64,EBP019,SR_64_EBP019,physical_infrastructure,4,high,True
64,EBP032,SR_64_EBP032,physical_infrastructure,4,high,True
71,MSN004,SR_71_MSN004,physical_infrastructure,4,high,True
72,SJR106,SR_72_SJR106,physical_infrastructure,4,high,True
71,SJR106,SR_71_SJR106,physical_infrastructure,4,high,True
73,MSN004,SR_73_MSN004,physical_infrastructure,4,high,True
71,SJR117,SR_71_SJR117,physical_infrastructure,4,high,True
72,SJR091,SR_72_SJR091,physical_infrastructure,4,high,True
71,SJR091,SR_71_SJR091,physical_infrastructure,4,high,True
DED010,63_PR2,D_DED010_63_PR2,physical_infrastructure,4,high,True
TUO054,TUO053,C_TUO054,physical_infrastructure,4,high,True
TUO054,MDS003,D_TUO054_MDS003,physical_infrastructure,4,high,True
TUO054,TUR001,D_TUO054_TUR001,physical_infrastructure,4,high,True
RFS62,TUO022,R_RFS62_TUO022,physical_infrastructure,4,high,True
TUO003,SJR081,C_TUO003,physical_infrastructure,4,high,True
STS059,STS058,C_STS059,physical_infrastructure,4,high,True
STS059,SSJ001,D_STS059_SSJ001,physical_infrastructure,4,high,True
STS059,OAK001,D_STS059_OAK001,physical_infrastructure,4,high,True
RFS61C,STS030,R_RFS61C_STS030,physical_infrastructure,4,high,True
XCC010,72_XA2,D_XCC010_72_XA2,physical_infrastructure,4,high,True
72_XA2,SAL017,R_72_XA2_SAL017,physical_infrastructure,4,high,True
63_PR2,EBP041,R_63_PR2_EBP041,physical_infrastructure,4,high,True
63_PR3,SJR134,R_63_PR3_SJR134,physical_infrastructure,4,high,True
15N,HON004,SR_15N_HON004,physical_infrastructure,4,high,True
DCT050,TUO017,C_DCT050,physical_infrastructure,4,high,True
STS036,STS030,C_STS036,physical_infrastructure,4,high,True
MELON,STS069,C_MELON,physical_infrastructure,4,high,True
FTR029,FTR028,C_FTR029,physical_infrastructure,4,high,True
HNSLY,FRS048,C_HNSLY,physical_infrastructure,4,high,True
NNA013,NFA054,C_NNA013,physical_infrastructure,4,high,True
NFF020,NFF008,C_NFF020,physical_infrastructure,4,high,True
YUB023,YUB022,C_YUB023,physical_infrastructure,4,high,True
BTC016,BTC015,C_BTC016,physical_infrastructure,4,high,True
SJR214,EBP001,D_SJR214_EBP001,physical_infrastructure,4,high,True
MFY012,MFY005,C_MFY012,physical_infrastructure,4,high,True
MFY013,MFY012,C_MFY013,physical_infrastructure,4,high,True
OGN005,OGN004,C_OGN005,physical_infrastructure,4,high,True
OGN005,CMT000,D_OGN005_CMT000,physical_infrastructure,4,high,True
LRT000,OGN005,C_LRT000,physical_infrastructure,4,high,True
MFY013,LRT000,D_MFY013_LRT000,physical_infrastructure,4,high,True
YUB030,ENGLB,C_YUB030,physical_infrastructure,4,high,True
SFY007,YUB030,C_SFY007,physical_infrastructure,4,high,True
MFF019,SFF002,C_MFF019,physical_infrastructure,4,high,True
SFF020,SFF018,C_SFF020,physical_infrastructure,4,high,True
SFF018,SFF011,C_SFF018,physical_infrastructure,4,high,True
SFF011,SFF008,C_SFF011,physical_infrastructure,4,high,True
TULOC,STS060,C_TULOC,physical_infrastructure,4,high,True
TUO036,TUO030,C_TUO036,physical_infrastructure,4,high,True
63,SJR134,SR_63_SJR134,physical_infrastructure,4,high,True
LKVLY,NNA013,C_LKVLY,physical_infrastructure,4,high,True
NFA054,NFA048,C_NFA054,physical_infrastructure,4,high,True
NFA019,NFA016,C_NFA019,physical_infrastructure,4,high,True
DCM027,DCM019,C_DCM027,physical_infrastructure,4,high,True
MCD055,MCD054,C_MCD055,physical_infrastructure,4,high,True
MCD048,MCD046,C_MCD048,physical_infrastructure,4,high,True
MCD021,MCD018,C_MCD021,physical_infrastructure,4,high,True
MSN005,MSN004,C_MSN005,physical_infrastructure,4,high,True
SAC169,SAC168,C_SAC169,physical_infrastructure,4,high,True
SAC062,SAC061,C_SAC062,physical_infrastructure,4,high,True
SAC081,SAC078,C_SAC081,physical_infrastructure,4,high,True
SJR214,SJR213,C_SJR214,physical_infrastructure,4,high,True
TUO043,TUO036,C_TUO043,physical_infrastructure,4,high,True
TUO004,TUO003,C_TUO004,physical_infrastructure,4,high,True
SAC196,MTC000,D_SAC196_MTC000,physical_infrastructure,4,high,True
DRC005,05_NA,D_DRC005_05_NA,physical_infrastructure,4,high,True
STN004,GCC007,D_STN004_GCC007,physical_infrastructure,4,high,True
CBD028,08S_SA3,D_CBD028_08S_SA3,physical_infrastructure,4,high,True
CCC007,CCC019,C_CCC007,physical_infrastructure,4,high,True
CHIPPS,CCC019,D_CHIPPS_CCC019,physical_infrastructure,4,high,True
SJR006,ANTOC,D_SJR006_ANTOC,physical_infrastructure,4,high,True
CCC007,ANTOC,D_CCC007_ANTOC,physical_infrastructure,4,high,True
RVPHB,WBF039,C_RVPHB,physical_infrastructure,4,high,True
ButteCity,SAC169,CT_BUTTECITY,physical_infrastructure,4,high,True
Nicolaus,FTR008,CT_NICOLAUS,physical_infrastructure,4,high,True
DER027,SCOTF,C_DER027,physical_infrastructure,4,high,True
CBC000,LKPNE,D_CBC000_LKPNE,physical_infrastructure,4,high,True
Davis,PTH007,CT_DAVIS,physical_infrastructure,4,high,True
FairOaks,AMR022,CT_FAIROAKS,physical_infrastructure,4,high,True
SacSlough,SSL001,CT_SACSLOUGH,physical_infrastructure,4,high,True
Smartville,ENGLB,CT_SMARTVILLE,physical_infrastructure,4,high,True
Wheatland,CMPFW,CT_WHEATLAND,physical_infrastructure,4,high,True
Woodland,YBP032,CT_WOODLAND,physical_infrastructure,4,high,True
Yolo,CCH012,CT_YOLO,physical_infrastructure,4,high,True
Oroville,OROVL,CT_OROVILLE,physical_infrastructure,4,high,True
WilkinsSlough,SAC120,CT_WILKINSSL,physical_infrastructure,4,high,True
DRM001,SYC001,D_DRM001_SYC001,physical_infrastructure,4,high,True
SYC020,SFD003,C_SYC020,physical_infrastructure,4,high,True
SYC002,SYC003,C_SYC002,physical_infrastructure,4,high,True
SFD003,DER027,C_SFD003,physical_infrastructure,4,high,True
SCOTF,DER022,C_SCOTF,physical_infrastructure,4,high,True
DER022,DER018,C_DER022,physical_infrastructure,4,high,True
DER018,DER011,C_DER018,physical_infrastructure,4,high,True
DER002,DER001,C_DER002,physical_infrastructure,4,high,True
DER004,DER002,C_DER004,physical_infrastructure,4,high,True
CSD014,RLLNS,C_CSD014,physical_infrastructure,4,high,True
DER018,NWT013,D_DER018_NWT013,physical_infrastructure,4,high,True
DER004,NIDD2,D_DER004_NIDD2,physical_infrastructure,4,high,True
LGRSV,SFF039,C_LGRSV,physical_infrastructure,4,high,True
SFF029,SFF028,C_SFF029,physical_infrastructure,4,high,True
NBLDB,CGT005,D_NBLDB_CGT005,physical_infrastructure,4,high,True
CGT005,CGT006,C_CGT005,physical_infrastructure,4,high,True
YUB034,YUB030,C_YUB034,physical_infrastructure,4,high,True
02_NU,SAC281,R_02_NU_SAC281,physical_infrastructure,4,high,True
25_PU,EAWWTP,R_25_PU_EAWWTP,physical_infrastructure,4,high,True
EAWWTP,CSL005,R_EAWWTP_CSL005,physical_infrastructure,4,high,True
20_NU1,WLWWTP,R_20_NU1_WLWWTP,physical_infrastructure,4,high,True
WSB005,YBP023,C_WSB005,physical_infrastructure,4,high,True
DVWWTP,WSB005,R_DVWWTP_WSB005,physical_infrastructure,4,high,True
LVP007,CCC007,C_LVP007,physical_infrastructure,4,high,True
MAQ057,EBMUD,D_MAQ057_EBMUD,physical_infrastructure,4,high,True
MAQ057,LVP007,D_MAQ057_LVP007,physical_infrastructure,4,high,True
PARDE,MAQ001,D_PARDE_MAQ001,physical_infrastructure,4,high,True
LST004,LST003,C_LST004,physical_infrastructure,4,high,True
BRR073,BRR072,C_BRR073,physical_infrastructure,4,high,True
BRR072,CYN009,D_BRR072_CYN009,physical_infrastructure,4,high,True
SAC075,22_NA,D_SAC075_22_NA,physical_infrastructure,4,high,True
SAC081,21_NA,D_SAC081_21_NA,physical_infrastructure,4,high,True
SAC109,19_SA,D_SAC109_19_SA,physical_infrastructure,4,high,True
SAC122,19_SA,D_SAC122_19_SA,physical_infrastructure,4,high,True
SAC129,08S_NA2,D_SAC129_08S_NA2,physical_infrastructure,4,high,True
SAC136,18_NA,D_SAC136_18_NA,physical_infrastructure,4,high,True
SAC146,08S_NA1,D_SAC146_08S_NA1,physical_infrastructure,4,high,True
SAC185,09_NA,D_SAC185_09_NA,physical_infrastructure,4,high,True
SAC185,08N_NA,D_SAC185_08N_NA,physical_infrastructure,4,high,True
SAC273,03_NA,D_SAC273_03_NA,physical_infrastructure,4,high,True
SAC281,02_NA,D_SAC281_02_NA,physical_infrastructure,4,high,True
SBP012,DWRPS1,D_SBP012_DWRPS1,physical_infrastructure,4,high,True
SBP021,DWRPS2,D_SBP021_DWRPS2,physical_infrastructure,4,high,True
WTPFBN,26N_NU3,D_WTPFBN_26N_NU3,physical_infrastructure,4,high,True
SAC074,WTPDWP,D_SAC074_WTPDWP,physical_infrastructure,4,high,True
WTPDWP,20_NU1,D_WTPDWP_20_NU1,physical_infrastructure,4,high,True
SAC294,WTPBLV,D_SAC294_WTPBLV,physical_infrastructure,4,high,True
CGT006,YUB034,C_CGT006,physical_infrastructure,4,high,True
CGT005,14_NA,D_CGT005_14_NA,physical_infrastructure,4,high,True
NBLDB,NFY002,C_NBLDB,physical_infrastructure,4,high,True
ABN014,ABN010,C_ABN014,physical_infrastructure,4,high,True
MFY045,MFY044,C_MFY045,physical_infrastructure,4,high,True
MFY046,MFY045,C_MFY046,physical_infrastructure,4,high,True
JKSMD,MFY046,C_JKSMD,physical_infrastructure,4,high,True
CCS009,SFY033,C_CCS009,physical_infrastructure,4,high,True
SFY040,SFY033,C_SFY040,physical_infrastructure,4,high,True
CCS010,CCS009,C_CCS010,physical_infrastructure,4,high,True
BOWMN,CCS010,C_BOWMN,physical_infrastructure,4,high,True
BSC000,BSC009,C_BSC000,physical_infrastructure,4,high,True
CCS010,BSC000,D_CCS010_BSC000,physical_infrastructure,4,high,True
BSC010,BSC011,C_BSC010,physical_infrastructure,4,high,True
BSC011,SPLDG,C_BSC011,physical_infrastructure,4,high,True
FDC011,SFY044,C_FDC011,physical_infrastructure,4,high,True
SFY044,SPLDG,C_SFY044,physical_infrastructure,4,high,True
FRDYC,FDC011,C_FRDYC,physical_infrastructure,4,high,True
SYC001,SYC002,C_SYC001,physical_infrastructure,4,high,True
MFY045,MBT005,D_MFY045_MBT005,physical_infrastructure,4,high,True
MBT005,BOWMN,C_MBT005,physical_infrastructure,4,high,True
SPLDG,SFY041,C_SPLDG,physical_infrastructure,4,high,True
SFY041,SFY040,C_SFY041,physical_infrastructure,4,high,True
SPLDG,SYC000,D_SPLDG_SYC000,physical_infrastructure,4,high,True
SPLDG,DRM000,D_SPLDG_DRM000,physical_infrastructure,4,high,True
SYC000,SFY041,D_SYC000_SFY041,physical_infrastructure,4,high,True
CSD014,NIDD1,D_CSD014_NIDD1,physical_infrastructure,4,high,True
DES006,NIDD1,D_DES006_NIDD1,physical_infrastructure,4,high,True
DES006,WLF021,C_DES006,physical_infrastructure,4,high,True
DES006,GRSVL,D_DES006_GRSVL,physical_infrastructure,4,high,True
CSD014,GRSVL,D_CSD014_GRSVL,physical_infrastructure,4,high,True
WLF017,WLF013,C_WLF017,physical_infrastructure,4,high,True
GRSVL,WLF017,R_GRSVL_WLF017,physical_infrastructure,4,high,True
NIDD1,DER011,R_NIDD1_DER011,physical_infrastructure,4,high,True
NIDD2,DER002,R_NIDD2_DER002,physical_infrastructure,4,high,True
NWT013,NIDD2,D_NWT013_NIDD2,physical_infrastructure,4,high,True
NWT013,WLDWD,D_NWT013_WLDWD,physical_infrastructure,4,high,True
WLDWD,DER004,R_WLDWD_DER004,physical_infrastructure,4,high,True
LKPNE,BRR031,R_LKPNE_BRR031,physical_infrastructure,4,high,True
DHC021,DHC001,C_DHC021,physical_infrastructure,4,high,True
DHC001,BRR004,C_DHC001,physical_infrastructure,4,high,True
BSC009,BSC010,C_BSC009,physical_infrastructure,4,high,True
MFA024,MFA023,C_MFA024,physical_infrastructure,4,high,True
MFA025,MFA024,C_MFA025,physical_infrastructure,4,high,True
MFA026,MFA025,C_MFA026,physical_infrastructure,4,high,True
MFA035,MFA026,C_MFA035,physical_infrastructure,4,high,True
MFA036,MFA035,C_MFA036,physical_infrastructure,4,high,True
MFA037,MFA036,C_MFA037,physical_infrastructure,4,high,True
MFA038,MFA037,C_MFA038,physical_infrastructure,4,high,True
MFA040,MFA038,C_MFA040,physical_infrastructure,4,high,True
MFA047,MFA040,C_MFA047,physical_infrastructure,4,high,True
FRMDW,MFA047,C_FRMDW,physical_infrastructure,4,high,True
DCC008,MFA040,C_DCC008,physical_infrastructure,4,high,True
DCC009,DCC008,C_DCC009,physical_infrastructure,4,high,True
DCC010,DCC009,C_DCC010,physical_infrastructure,4,high,True
DCC009,FRMDW,D_DCC009_FRMDW,physical_infrastructure,4,high,True
FRMDW,FMT002,D_FRMDW_FMT002,physical_infrastructure,4,high,True
GRL010,GRL001,C_GRL010,physical_infrastructure,4,high,True
LCY012,RUB004,C_LCY012,physical_infrastructure,4,high,True
PLC006,RUB005,C_PLC006,physical_infrastructure,4,high,True
MFA036,RLT007,D_MFA036_RLT007,physical_infrastructure,4,high,True
MFT004,MFT011,C_MFT004,physical_infrastructure,4,high,True
RUB001,MFA026,C_RUB001,physical_infrastructure,4,high,True
RUB002,RUB001,C_RUB002,physical_infrastructure,4,high,True
RUB004,RUB002,C_RUB004,physical_infrastructure,4,high,True
RUB005,RUB004,C_RUB005,physical_infrastructure,4,high,True
RUB023,RUB005,C_RUB023,physical_infrastructure,4,high,True
RUB031,RUB023,C_RUB031,physical_infrastructure,4,high,True
HHOLE,RUB031,C_HHOLE,physical_infrastructure,4,high,True
NLC002,LCY012,C_NLC002,physical_infrastructure,4,high,True
NLC003,NLC002,C_NLC003,physical_infrastructure,4,high,True
HHOLE,MFT003,D_HHOLE_MFT003,physical_infrastructure,4,high,True
MFT000,MFT004,C_MFT000,physical_infrastructure,4,high,True
SLC002,LCY012,C_SLC002,physical_infrastructure,4,high,True
MFT003,MFT004,C_MFT003,physical_infrastructure,4,high,True
SLC003,SLC002,C_SLC003,physical_infrastructure,4,high,True
SLC003,MFT003,D_SLC003_MFT003,physical_infrastructure,4,high,True
FMT002,RUB032,C_FMT002,physical_infrastructure,4,high,True
RUB032,HHOLE,C_RUB032,physical_infrastructure,4,high,True
RUB041,RUB032,C_RUB041,physical_infrastructure,4,high,True
RUB044,RUB041,C_RUB044,physical_infrastructure,4,high,True
RUB047,RUB044,C_RUB047,physical_infrastructure,4,high,True
RUB048,RUB047,C_RUB048,physical_infrastructure,4,high,True
LRB003,RUB041,C_LRB003,physical_infrastructure,4,high,True
LRB004,LRB003,C_LRB004,physical_infrastructure,4,high,True
LRB005,LRB004,C_LRB005,physical_infrastructure,4,high,True
RUB048,RRT000,D_RUB048_RRT000,physical_infrastructure,4,high,True
RRT000,LRB005,C_RRT000,physical_infrastructure,4,high,True
LRB004,BLT000,D_LRB004_BLT000,physical_infrastructure,4,high,True
GRL001,SFR005,C_GRL001,physical_infrastructure,4,high,True
TGR000,TGR001,C_TGR000,physical_infrastructure,4,high,True
CMP001,NFC019,C_CMP001,physical_infrastructure,4,high,True
CMP005,CMP001,C_CMP005,physical_infrastructure,4,high,True
JNKSN,CMP005,C_JNKSN,physical_infrastructure,4,high,True
CMP014,CMP005,C_CMP014,physical_infrastructure,4,high,True
CMP014,JNKSN,D_CMP014_JNKSN,physical_infrastructure,4,high,True
JNKSN,CMC002,D_JNKSN_CMC002,physical_infrastructure,4,high,True
SFR004,RUB023,C_SFR004,physical_infrastructure,4,high,True
SFR005,SFR004,C_SFR005,physical_infrastructure,4,high,True
LOONL,GRL010,C_LOONL,physical_infrastructure,4,high,True
BLT000,LOONL,C_BLT000,physical_infrastructure,4,high,True
LLT000,GRL001,C_LLT000,physical_infrastructure,4,high,True
LOONL,LLT000,D_LOONL_LLT000,physical_infrastructure,4,high,True
SFR006,RPT004,D_SFR006_RPT004,physical_infrastructure,4,high,True
GRL001,SFR006,D_GRL001_SFR006,physical_infrastructure,4,high,True
SFR006,SFR005,C_SFR006,physical_infrastructure,4,high,True
RPT004,UNVLY,C_RPT004,physical_infrastructure,4,high,True
SLV014,SLV007,C_SLV014,physical_infrastructure,4,high,True
BCT000,CMN005,C_BCT000,physical_infrastructure,4,high,True
SLV006,CMN005,D_SLV006_CMN005,physical_infrastructure,4,high,True
SLV015,JBT004,D_SLV015_JBT004,physical_infrastructure,4,high,True
ICEHS,IHT002,D_ICEHS_IHT002,physical_infrastructure,4,high,True
IHT002,UNVLY,C_IHT002,physical_infrastructure,4,high,True
SFS013,SLV016,C_SFS013,physical_infrastructure,4,high,True
SLV017,SLV016,C_SLV017,physical_infrastructure,4,high,True
SLV015,SLV014,C_SLV015,physical_infrastructure,4,high,True
SLV016,SLV015,C_SLV016,physical_infrastructure,4,high,True
UNVLY,SLV017,C_UNVLY,physical_infrastructure,4,high,True
UNVLY,UVT001,D_UNVLY_UVT001,physical_infrastructure,4,high,True
UVT001,SLV017,C_UVT001,physical_infrastructure,4,high,True
ICEHS,SFS013,C_ICEHS,physical_infrastructure,4,high,True
SLV005,SFA048,C_SLV005,physical_infrastructure,4,high,True
JBT004,SLV007,C_JBT004,physical_infrastructure,4,high,True
SLV007,SLV006,C_SLV007,physical_infrastructure,4,high,True
SLV006,SLV005,C_SLV006,physical_infrastructure,4,high,True
SFA040,SFA035,C_SFA040,physical_infrastructure,4,high,True
SFA048,SFA046,C_SFA048,physical_infrastructure,4,high,True
SFA046,SFA045,C_SFA046,physical_infrastructure,4,high,True
ALD002,ACP001,D_ALD002_ACP001,physical_infrastructure,4,high,True
ELC001,SFA085,C_ELC001,physical_infrastructure,4,high,True
EDC021,EDP003,D_EDC021_EDP003,physical_infrastructure,4,high,True
SLF010,SFA067,C_SLF010,physical_infrastructure,4,high,True
SFA040,WRT005,D_SFA040_WRT005,physical_infrastructure,4,high,True
SFA032,SFA030,C_SFA032,physical_infrastructure,4,high,True
WRT005,SFA032,C_WRT005,physical_infrastructure,4,high,True
CMN005,CMN006,C_CMN005,physical_infrastructure,4,high,True
CMN006,SFA045,C_CMN006,physical_infrastructure,4,high,True
SFA035,SFA032,C_SFA035,physical_infrastructure,4,high,True
RKC001,SFA035,C_RKC001,physical_infrastructure,4,high,True
SFA045,SFA040,C_SFA045,physical_infrastructure,4,high,True
CPC008,SLF010,C_CPC008,physical_infrastructure,4,high,True
CAPLS,CPC010,C_CAPLSa,physical_infrastructure,4,high,True
SLF015,SLF010,C_SLF015,physical_infrastructure,4,high,True
SILVR,SLF015,C_SILVR,physical_infrastructure,4,high,True
SFA059,SFA048,C_SFA059,physical_infrastructure,4,high,True
CPL001,CPC008,C_CPL001,physical_infrastructure,4,high,True
CPC009,CPC008,C_CPC009,physical_infrastructure,4,high,True
CAPLS,CPL001,C_CAPLSb,physical_infrastructure,4,high,True
SFA068,SFA067,C_SFA068,physical_infrastructure,4,high,True
ELIMP,ELC001,R_ELIMP_ELC001,physical_infrastructure,4,high,True
SFA065,SFA063,C_SFA065,physical_infrastructure,4,high,True
SFA063,SFA059,C_SFA063,physical_infrastructure,4,high,True
SFA066,EDC000,D_SFA066_EDC000,physical_infrastructure,4,high,True
EDC000,EDC004,C_EDC000,physical_infrastructure,4,high,True
ALD001,SFA063,C_ALD001,physical_infrastructure,4,high,True
ALD002,ALD001,C_ALD002,physical_infrastructure,4,high,True
ACP001,EDC004,C_ACP001,physical_infrastructure,4,high,True
SFA066,SFA065,C_SFA066,physical_infrastructure,4,high,True
EDC004,EDC007,C_EDC004,physical_infrastructure,4,high,True
EDC007,SFA059,SP_EDC007_SFA059,physical_infrastructure,4,high,True
PLM001,SFA059,C_PLM001,physical_infrastructure,4,high,True
EDC007,EDC021,C_EDC007,physical_infrastructure,4,high,True
EDC021,WTPELD,D_EDC021_WTPELD,physical_infrastructure,4,high,True
EDP003,SFA046,C_EDP003,physical_infrastructure,4,high,True
PLC009,PLC007,C_PLC009,physical_infrastructure,4,high,True
PLC007,PLC006,C_PLC007,physical_infrastructure,4,high,True
STMMD,PLC009,C_STMMD,physical_infrastructure,4,high,True
PLC007,WTPWAL,D_PLC007_WTPWAL,physical_infrastructure,4,high,True
RLT007,RUB001,C_RLT007,physical_infrastructure,4,high,True
MFT011,MFA037,C_MFT011,physical_infrastructure,4,high,True
NLC003,MFT000,D_NLC003_MFT000,physical_infrastructure,4,high,True
MOK082,MOK079,C_MOK082,physical_infrastructure,4,high,True
NFM006,MOK088,C_NFM006,physical_infrastructure,4,high,True
NFM007,NFM006,C_NFM007,physical_infrastructure,4,high,True
NFM010,NFM009,C_NFM010,physical_infrastructure,4,high,True
NFM011,NFM010,C_NFM011,physical_infrastructure,4,high,True
NFM012,NFM011,C_NFM012,physical_infrastructure,4,high,True
NFM024,NFM012,C_NFM024,physical_infrastructure,4,high,True
NFM029,NFM024,C_NFM029,physical_infrastructure,4,high,True
SLTSP,NFM029,C_SLTSP,physical_infrastructure,4,high,True
TBAUD,AMDOR,D_TBAUD_AMDOR,physical_infrastructure,4,high,True
ELT000,TBAUD,C_ELT000,physical_infrastructure,4,high,True
SFM005,MHILL,D_SFM005_MHILL,physical_infrastructure,4,high,True
NFM010,ELT000,D_NFM010_ELT000,physical_infrastructure,4,high,True
LBEAR,TGR000,D_LBEAR_TGR000,physical_infrastructure,4,high,True
TGR018,TGR021,C_TGR018,physical_infrastructure,4,high,True
TGR006,TGR018,C_TGR006,physical_infrastructure,4,high,True
BCM003,WSPNT,D_BCM003_WSPNT,physical_infrastructure,4,high,True
MFM007,WSPNT,D_MFM007_WSPNT,physical_infrastructure,4,high,True
TBAUD,MOK082,D_TBAUD_MOK082,physical_infrastructure,4,high,True
BRV005,BRV003,C_BRV005,physical_infrastructure,4,high,True
LBEAR,BRV005,C_LBEAR,physical_infrastructure,4,high,True
PLMAS,MFF088,R_PLMAS_MFF088,physical_infrastructure,4,high,True
BGC002,PLMAS,D_BGC002_PLMAS,physical_infrastructure,4,high,True
NFF028,NFF027,C_NFF028,physical_infrastructure,4,high,True
NFF029,NFF028,C_NFF029,physical_infrastructure,4,high,True
NFF029,POE006,D_NFF029_POE006,physical_infrastructure,4,high,True
NFF027,NFF020,C_NFF027,physical_infrastructure,4,high,True
POE006,NFF020,C_POE006,physical_infrastructure,4,high,True
NFF035,NFF029,C_NFF035,physical_infrastructure,4,high,True
NFF039,NFF035,C_NFF039,physical_infrastructure,4,high,True
BUK007,NFF039,C_BUK007,physical_infrastructure,4,high,True
NFF045,NFF039,C_NFF045,physical_infrastructure,4,high,True
NFF046,NFF045,C_NFF046,physical_infrastructure,4,high,True
ALMNR,BVT003,D_ALMNR_BVT003,physical_infrastructure,4,high,True
NFF057,NFF050,C_NFF057,physical_infrastructure,4,high,True
NFF060,NFF059,C_NFF060,physical_infrastructure,4,high,True
CRB002,NFF059,C_CRB002,physical_infrastructure,4,high,True
BTVLY,NFF060,C_BTVLY,physical_infrastructure,4,high,True
BTVLY,CRB002,D_BTVLY_CRB002,physical_infrastructure,4,high,True
EBF018,EBF001,C_EBF018,physical_infrastructure,4,high,True
NFF050,NFF046,C_NFF050,physical_infrastructure,4,high,True
ALMNR,NFF060,C_ALMNR,physical_infrastructure,4,high,True
BTT007,BTVLY,C_BTT007,physical_infrastructure,4,high,True
BVT003,BTT007,C_BVT003,physical_infrastructure,4,high,True
MTMDW,ALMNR,C_MTMDW,physical_infrastructure,4,high,True
ANTLP,EBF018,C_ANTLP,physical_infrastructure,4,high,True
EBF001,NFF050,C_EBF001,physical_infrastructure,4,high,True
NFF059,NFF058,C_NFF059,physical_infrastructure,4,high,True
NFF058,NFF057,C_NFF058,physical_infrastructure,4,high,True
SSJ001,SSJ004,C_SSJ001,physical_infrastructure,4,high,True
WDWRD,WTPDGT,D_WDWRD_WTPDGT,physical_infrastructure,4,high,True
WDWRD,61_PA3,D_WDWRD_61_PA3,physical_infrastructure,4,high,True
SJR,RFS61C,R_61_PA3_RFS61C,physical_infrastructure,4,high,True
