from_element_id,to_element_id,from_element_code,to_element_code,created_by,connection_type,source_id
5135,1254,03_PU2 Bella Vista WD,R_03_PU2_SWWWTP,2,operational,5
6939,2308,03_SU City of Redding,R_03_SU_SWWWTP,2,operational,5
522,963,CCWWTP,R_CCWWTP_SAC287,2,operational,5
52,1183,SR_03_SAC265,SAC265,2,storage_return,5
1152,731,SR_02_SAC271,SAC271,2,storage_return,5
517,1382,R_SWWWTP_SAC281,SAC281,2,return,5
3661,6939,D_WTPBUK_03_SU,03_SU City of Redding,2,diversion,5
2235,904,D_SAC294_WTPBLV,SAC294,2,diversion,5
5920,3661,WTP BUK,D_WTPBUK_03_SU,2,operational,5
1912,1554,SAC259,C_SAC259,2,operational,5
1746,950,SAC254,C_SAC254,2,operational,5
2411,1550,SAC250,C_SAC250,2,operational,5
2134,2126,C_COW007,COW003,2,operational,5
824,2134,COW007,C_COW007,2,operational,5
2126,2935,COW003,C_COW003,2,operational,5
844,729,I_BTL006,BTL006,2,operational,5
6663,844,Battle Creek,I_BTL006,2,operational,5
233,2100,WKYTN,D_WKYTN_WTPBUK,2,operational,5
553,4643,D_WKYTN_WTPCSD,WTP CSD,2,diversion,5
379,3640,D_WTPFTH_03_SU,WTP FTH,2,diversion,5
2557,2690,I_BCN010,BCN010,2,operational,5
3545,2557,Bear Creek (BCN),I_BCN010,2,operational,5
1073,147,C_BCN010,BCN005,2,operational,5
2690,1073,BCN010,C_BCN010,2,operational,5
729,1307,BTL006,C_BTL006,2,operational,5
2265,2668,I_CWD018,CWD018,2,operational,5
2702,1014,C_CWD009,CWD004,2,operational,5
1392,1956,D_WKYTN_SPT003,SPT003,2,diversion,5
1748,1014,R_02_NA_CWD004,CWD004,2,return,5
2495,2151,C_WKYTN,CLR011,2,operational,5
1504,2418,R_02_SA_SAC273,SAC273,2,return,5
5646,233,I_WKYTN,WKYTN,2,operational,5
940,256,I_SHSTA,SHSTA,2,operational,5
2538,4527,D_SHSTA_WTPJMS,WTP JMS,2,diversion,5
379,6939,D_WTPFTH_03_SU,03_SU City of Redding,2,diversion,5
1462,2931,R_03_PA_SAC287,SAC287,2,return,5
1626,5562,D_SAC289_03_SA,"03_SA Anderson Cottonwood ID, Misc. Settlement Contractors",2,diversion,5
1465,1382,R_03_SA_SAC281,SAC281,2,return,5
2816,824,C_COW014,COW007,2,operational,5
1232,6615,C_CWD018,CWD013,2,operational,5
1653,2354,C_LWSTN,TRN111,2,operational,5
2154,5689,D_WTPFTH_02_SU,02_SU City of Redding,2,diversion,5
1771,2070,I_SCW008,SCW008,2,operational,5
1687,2418,R_02_PA_SAC273,SAC273,2,return,5
5891,1208,Lewiston Local Inflow,I_LWSTN,2,operational,5
6727,5646,Clear Creek,I_WKYTN,2,operational,5
4963,940,"Sacramento, Pitt, and McCloud Rivers",I_SHSTA,2,operational,5
6802,1771,South Fork Cottonwood Creek,I_SCW008,2,operational,5
2907,582,SAC277,C_SAC277,2,operational,5
287,2816,COW014,C_COW014,2,operational,5
2061,606,SAC289,C_SAC289,2,operational,5
1382,721,SAC281,C_SAC281,2,operational,5
2931,1716,SAC287,C_SAC287,2,operational,5
904,1269,SAC294,C_SAC294,2,operational,5
1991,2658,CLR009,C_CLR009,2,operational,5
6357,2495,S_WKYTN,C_WKYTN,2,operational,5
2668,1232,CWD018,C_CWD018,2,operational,5
1656,2685,SAC275,C_SAC275,2,operational,5
1698,1339,SAC269,C_SAC269,2,operational,5
5878,116,"03_PU1 Jones Valley CSA, Shasta Lake CSD, Mountain Gate CSD",R_03_PU1_KSWCK,2,operational,5
5588,1687,02_PA Clear Creek CSD,R_02_PA_SAC273,2,operational,5
5562,1465,"03_SA Anderson Cottonwood ID, Misc. Settlement Contractors",R_03_SA_SAC281,2,operational,5
6821,1748,02_NA Non-District,R_02_NA_CWD004,2,operational,5
256,2538,SHSTA,D_SHSTA_WTPJMS,2,operational,5
233,553,WKYTN,D_WKYTN_WTPCSD,2,operational,5
1376,2334,CWD009,D_CWD009_02_NA,2,operational,5
2061,1626,SAC289,D_SAC289_03_SA,2,operational,5
287,1458,COW014,D_COW014_03_NA,2,operational,5
1183,2941,SAC265,C_SAC265,2,operational,5
2850,2550,C_TRNTY,LWSTN,2,operational,5
3837,1653,S_LWSTN,C_LWSTN,2,operational,5
784,2340,I_TRNTY,TRNTY,2,operational,5
2100,5920,D_WKYTN_WTPBUK,WTP BUK,2,diversion,5
5984,619,"02_PU Centerville CSD, Clear Creek CSD, Keswick CSA, Shasta CSD",R_02_PU_CCWWTP,2,operational,5
6919,1504,"02_SA Anderson Cottonwood ID, Misc. Settlement Contractors",R_02_SA_SAC273,2,operational,5
2866,6919,D_SAC296_02_SA,"02_SA Anderson Cottonwood ID, Misc. Settlement Contractors",2,diversion,5
619,522,R_02_PU_CCWWTP,CCWWTP,2,return,5
749,1698,R_03_NA_SAC269,SAC269,2,return,5
147,2302,BCN005,C_BCN005,2,operational,5
147,2380,BCN005,D_BCN005_03_NA,2,operational,5
1991,1541,CLR009,D_CLR009_02_NA,2,operational,5
4560,2931,SG208_SAC287_32,SAC287,2,operational,5
4268,1014,SG218_CWD004_35,CWD004,2,operational,5
4300,1929,SG225_PYN001_38,PYN001,2,operational,5
2396,21,SAC299,C_SAC299,2,operational,5
2096,4645,C_SCW008,SCW004,2,operational,5
2070,2096,SCW008,C_SCW008,2,operational,5
1033,2151,I_CLR011,CLR011,2,operational,5
2418,397,SAC273,C_SAC273,2,operational,5
2354,2467,TRN111,C_TRN111,2,operational,5
15,2490,C_CCT011,CLR025,2,operational,5
2860,2274,C_JCK002,FTR030,2,operational,5
1683,2268,WEC005,D_WEC005_11_PR,2,operational,5
2089,4583,D_RVC005_11_PR,11_PR Upper Butte Basin Wildlife Area Howard Slough Unit and Little Dry Creek,2,diversion,5
1455,2089,RVC005,D_RVC005_11_PR,2,operational,5
1570,2116,MNRRH,D_MNRRH_13_NU2,2,operational,5
303,1395,C_HON021,HON004,2,operational,5
193,1139,SR_11_FTR059,FTR059,2,storage_return,5
23,2206,C_FTR030,FTR029,2,operational,5
2274,23,FTR030,C_FTR030,2,operational,5
2915,2206,SR_15N_FTR029,FTR029,2,storage_return,5
514,2274,C_FTR031,FTR030,2,operational,5
514,138,C_FTR031,FTR031,2,operational,5
2369,1395,SR_14_HON004,HON004,2,storage_return,5
955,6165,D_SEC009_11_SA4,11_SA4 Sutter Extension WD,2,diversion,5
1958,955,SEC009,D_SEC009_11_SA4,2,operational,5
6165,2825,11_SA4 Sutter Extension WD,R_11_SA4_DWRPS2,2,operational,5
5907,2946,11_SA2 Richvale ID,R_11_SA2_CRK005,2,operational,5
1969,1826,JBC002,D_JBC002_RVC005,2,operational,5
1472,1139,C_TAB000,FTR059,2,operational,5
999,2867,JBC004,D_JBC004_11_SA3,2,operational,5
2178,148,JBC008,C_JBC008,2,operational,5
2331,1591,C_LDC029,LDC021,2,operational,5
762,2331,LDC029,C_LDC029,2,operational,5
1299,1853,C_LDC021,LDC007,2,operational,5
1591,1299,LDC021,C_LDC021,2,operational,5
1800,1291,D_THRMA_WEC000,THRMA,2,diversion,5
2546,1896,BGD000,C_BGD000,2,operational,5
1882,1931,SFT000,C_SFT000,2,operational,5
999,1354,JBC004,C_JBC004,2,operational,5
1354,2178,C_JBC004,JBC008,2,operational,5
1639,1395,SR_15N_HON004,HON004,2,storage_return,5
1913,1881,FDC006,D_FDC006_14_NA,2,operational,5
1044,2129,YUB013,D_YUB013_14_NA,2,operational,5
2708,883,C_ENGLB,YUB024,2,operational,5
1541,6821,D_CLR009_02_NA,02_NA Non-District,2,diversion,5
5689,2839,02_SU City of Redding,R_02_SU_CCWWTP,2,operational,5
2839,522,R_02_SU_CCWWTP,CCWWTP,2,return,5
403,5984,D_WKYTN_02_PU,"02_PU Centerville CSD, Clear Creek CSD, Keswick CSA, Shasta CSD",2,diversion,5
403,233,D_WKYTN_02_PU,WKYTN,2,diversion,5
637,233,C_CLR025,WKYTN,2,operational,5
2490,637,CLR025,C_CLR025,2,operational,5
43,2471,SAC257,C_SAC257,2,operational,5
2488,706,SR_02_CWD003,CWD003,2,storage_return,5
2966,43,SR_02_SAC257,SAC257,2,storage_return,5
788,2907,SR_03_SAC277,SAC277,2,storage_return,5
635,1974,SR_03_KSWCK,KSWCK,2,storage_return,5
513,2126,SR_03_COW003,COW003,2,storage_return,5
2197,706,C_CWD004,CWD003,2,operational,5
4776,729,SG220_BTL006_36,BTL006,2,operational,5
29,6062,D_ELD012_04_NA,"04_NA Non-District, Misc. Settlement Contractors",2,diversion,5
2039,1178,R_04_NA_SAC207,SAC207,2,return,5
2558,6439,D_TCC022_04_PA2,04_PA2 Kirkwood WD,2,diversion,5
1916,1379,R_04_PA1_THM005,THM005,2,return,5
1357,5051,D_CCL005_04_PA1,"04_PA1 Corning WD, Proberta WD, Thomes Creek WD",2,diversion,5
1951,2724,C_MLC006,MLC004,2,operational,5
2248,741,I_MLC006,MLC006,2,operational,5
440,1259,I_DRC012,DRC012,2,operational,5
1130,269,C_ELD017,ELD012,2,operational,5
1165,2934,C_THM017,THM012,2,operational,5
272,1379,C_THM012,THM005,2,operational,5
1185,6062,D_THM012_04_NA,"04_NA Non-District, Misc. Settlement Contractors",2,diversion,5
757,2306,C_TCC022,TCC031,2,operational,5
1112,5500,D_SAC240_05_NA,"05_NA Los Molinos MWC, Non-District Misc Settlement Contractors",2,diversion,5
1223,5500,D_ANT010_05_NA,"05_NA Los Molinos MWC, Non-District Misc Settlement Contractors",2,diversion,5
1404,5500,D_MLC006_05_NA,"05_NA Los Molinos MWC, Non-District Misc Settlement Contractors",2,diversion,5
124,5500,D_DRC010_05_NA,"05_NA Los Molinos MWC, Non-District Misc Settlement Contractors",2,diversion,5
1355,1163,R_05_NA_SAC201,SAC201,2,return,5
1396,1996,C_DRC010,DRC005,2,operational,5
634,699,C_SGRGE,BLKBT,2,operational,5
2106,1752,C_BLKBT,STN026,2,operational,5
530,5594,D_STN026_06_PA,06_PA Orland Unit WUA,2,diversion,5
2819,2306,D_STN014_TCC031,TCC031,2,diversion,5
1947,1843,D_SAC207_GCC007,GCC007,2,diversion,5
10,1150,C_GCC007,GCC010,2,operational,5
2227,1725,C_STN021,STN014,2,operational,5
1821,1288,C_GCC010,GCC015,2,operational,5
2320,292,C_STN026,STN021,2,operational,5
1668,1220,C_ELD012,ELD005,2,operational,5
1977,1147,C_ELD027,ELD022,2,operational,5
529,2853,I_ELD027,ELD027,2,operational,5
980,2586,C_THM021,THM017,2,operational,5
108,1850,C_THM028,THM026,2,operational,5
11,1802,I_THM028,THM028,2,operational,5
1662,6062,D_SAC224_04_NA,"04_NA Non-District, Misc. Settlement Contractors",2,diversion,5
1178,1947,SAC207,D_SAC207_GCC007,2,operational,5
1725,2819,STN014,D_STN014_TCC031,2,operational,5
2724,486,MLC004,C_MLC004,2,operational,5
4422,529,Elder Creek,I_ELD027,2,operational,5
1059,1130,ELD017,C_ELD017,2,operational,5
1147,2748,ELD022,C_ELD022,2,operational,5
2853,1977,ELD027,C_ELD027,2,operational,5
1802,108,THM028,C_THM028,2,operational,5
634,6248,C_SGRGE,S_SGRGE,2,operational,5
431,937,STN004,C_STN004,2,operational,5
2227,292,C_STN021,STN021,2,operational,5
2320,1752,C_STN026,STN026,2,operational,5
2106,5676,C_BLKBT,S_BLKBT,2,operational,5
1158,1401,BCC004,C_BCC004,2,operational,5
2429,1460,SAC214,C_SAC214,2,operational,5
1441,1573,SAC224,C_SAC224,2,operational,5
2761,2712,SAC218,C_SAC218,2,operational,5
1633,1934,ANT010,C_ANT010,2,operational,5
741,1951,MLC006,C_MLC006,2,operational,5
764,1396,DRC010,C_DRC010,2,operational,5
1996,1540,DRC005,C_DRC005,2,operational,5
45,2192,SAC228,C_SAC228,2,operational,5
1141,946,SAC232,C_SAC232,2,operational,5
272,2934,C_THM012,THM012,2,operational,5
1019,1379,C_THM005,THM005,2,operational,5
1586,1220,C_ELD005,ELD005,2,operational,5
2306,2674,TCC031,C_TCC031,2,operational,5
6401,440,Deer Creek (DRC),I_DRC012,2,operational,5
6369,2248,Mill Creek,I_MLC006,2,operational,5
3993,1779,Antelope Creek,I_ANT011,2,operational,5
741,1404,MLC006,D_MLC006_05_NA,2,operational,5
1081,1112,SAC240,D_SAC240_05_NA,2,operational,5
269,29,ELD012,D_ELD012_04_NA,2,operational,5
1185,2934,D_THM012_04_NA,THM012,2,diversion,5
154,2558,TCC022,D_TCC022_04_PA2,2,operational,5
764,124,DRC010,D_DRC010_05_NA,2,operational,5
1223,1633,D_ANT010_05_NA,ANT010,2,diversion,5
530,1752,D_STN026_06_PA,STN026,2,diversion,5
2622,1357,CCL005,D_CCL005_04_PA1,2,operational,5
6439,1298,04_PA2 Kirkwood WD,R_04_PA2_SAC207,2,operational,5
5500,1355,"05_NA Los Molinos MWC, Non-District Misc Settlement Contractors",R_05_NA_SAC201,2,operational,5
6062,2039,"04_NA Non-District, Misc. Settlement Contractors",R_04_NA_SAC207,2,operational,5
5051,1916,"04_PA1 Corning WD, Proberta WD, Thomes Creek WD",R_04_PA1_THM005,2,operational,5
1843,10,GCC007,C_GCC007,2,operational,5
2714,445,D_SAC240_TCC001,TCC001,2,diversion,5
89,1097,C_EPARK,SGRGE,2,operational,5
4250,2872,Stony Creek,I_EPARK,2,operational,5
4878,2698,Stony Gorge Local Inflow,I_SGRGE,2,operational,5
4577,1447,Black Butte Local Inflow,I_BLKBT,2,operational,5
1447,699,I_BLKBT,BLKBT,2,operational,5
467,2622,D_TCC001_CCL005,CCL005,2,diversion,5
445,467,TCC001,D_TCC001_CCL005,2,operational,5
371,1158,C_BCC006,BCC004,2,operational,5
2901,371,BCC006,C_BCC006,2,operational,5
2049,2901,C_BCC012,BCC006,2,operational,5
480,2049,BCC012,C_BCC012,2,operational,5
1288,441,GCC015,C_GCC015,2,operational,5
1365,886,C_GCC022,GCC027,2,operational,5
215,1365,GCC022,C_GCC022,2,operational,5
2028,154,C_TCC001,TCC022,2,operational,5
445,2028,TCC001,C_TCC001,2,operational,5
704,1163,SR_05_SAC201,SAC201,2,storage_return,5
631,1178,SR_04_SAC207,SAC207,2,storage_return,5
1725,2626,STN014,C_STN014,2,operational,5
471,5594,D_STN021_06_PA,06_PA Orland Unit WUA,2,diversion,5
471,292,D_STN021_06_PA,STN021,2,diversion,5
1522,431,C_STN009,STN004,2,operational,5
1233,2897,C_THM026,THM021,2,operational,5
2932,1633,C_ANT011,ANT010,2,operational,5
1471,2932,ANT011,C_ANT011,2,operational,5
1315,764,C_DRC012,DRC010,2,operational,5
1259,1315,DRC012,C_DRC012,2,operational,5
154,4700,TCC022,D_TCC022_TCCLOS,2,operational,5
1298,1178,R_04_PA2_SAC207,SAC207,2,return,5
6368,1081,SG231_SAC240_39,SAC240,2,operational,5
4703,45,SG236_SAC228_41,SAC228,2,operational,5
4276,2761,SG255_SAC218_46,SAC218,2,operational,5
5824,2429,SG260_SAC214_48,SAC214,2,operational,5
3702,1220,SG241_ELD005_42,ELD005,2,operational,5
4916,1850,SG248_THM026_45,THM026,2,operational,5
5467,2897,SG249_THM021_45,THM021,2,operational,5
3585,2586,SG250_THM017_45,THM017,2,operational,5
6811,2934,SG251_THM012_45,THM012,2,operational,5
6448,1379,SG252_THM005_45,THM005,2,operational,5
6194,1752,SG263_STN026_49,STN026,2,operational,5
3611,292,SG264_STN021_49,STN021,2,operational,5
4512,1725,SG265_STN014_49,STN014,2,operational,5
6595,1938,SG266_STN009_49,STN009,2,operational,5
4842,431,SG268_STN004_49,STN004,2,operational,5
4343,1996,SG257_DRC005_47,DRC005,2,operational,5
6101,764,SG256_DRC010_47,DRC010,2,operational,5
4927,2901,SG270_BCC006_50,BCC006,2,operational,5
5552,1158,SG271_BCC004_50,BCC004,2,operational,5
2579,1608,SAC217,C_SAC217,2,operational,5
1150,1821,GCC010,C_GCC010,2,operational,5
2743,832,SAC229,C_SAC229,2,operational,5
1442,6638,D_EPARK_SCKWD,Stony Creek WD,2,diversion,5
1121,2579,SR_04_SAC217,SAC217,2,storage_return,5
758,2579,SR_05_SAC217,SAC217,2,storage_return,5
1599,908,SR_10_SAC196,SAC196,2,storage_return,5
4478,1270,C_BSL001A,BSL000,2,operational,5
315,6457,D_BSL001_18_NA,"18_NA Butte Slough IC, Sutter Butte MWC, Non-District",2,diversion,5
1880,1321,R_RFS18_SAC122,RFS18,2,return,5
2485,1373,C_BSL004,SBP031,2,operational,5
2003,1944,C_SBP028,SBP024,2,operational,5
648,2667,C_SBP031,SBP028,2,operational,5
1373,648,SBP031,C_SBP031,2,operational,5
2667,2003,SBP028,C_SBP028,2,operational,5
1944,1311,SBP024,C_SBP024,2,operational,5
627,4899,BSL001,C_BSL001B,2,operational,5
2695,6457,D_SBP031_18_NA,"18_NA Butte Slough IC, Sutter Butte MWC, Non-District",2,diversion,5
964,627,C_BTC003,BSL001,2,operational,5
2667,570,SBP028,D_SBP028_17S_PR,2,operational,5
570,4500,D_SBP028_17S_PR,17S_PR Sutter NWR,2,diversion,5
853,1321,R_18_SA_RFS18,RFS18,2,return,5
6457,2729,"18_NA Butte Slough IC, Sutter Butte MWC, Non-District",R_18_NA_RFS18,2,operational,5
1703,1321,SR_18_RFS18,RFS18,2,storage_return,5
2729,1321,R_18_NA_RFS18,RFS18,2,return,5
6096,627,SG292_BSL001_52,BSL001,2,operational,5
4899,294,C_BSL001B,BSL004,2,operational,5
294,2485,BSL004,C_BSL004,2,operational,5
5888,2667,SG335_SBP028_58,SBP028,2,operational,5
3920,1373,SG334_SBP031_58,SBP031,2,operational,5
1782,523,C_TCC036,TCC062,2,operational,5
2972,1691,C_TCC066,TCC081,2,operational,5
1485,6745,D_TCC036_07N_PA,"07N_PA Glide WD, Holthouse WD (part), Kanawha WD, Orland-Artois WD",2,diversion,5
252,1450,C_CBD049,CBD044,2,operational,5
2233,1530,D_TCC062_GCC036,GCC036,2,diversion,5
2484,6326,D_GCC056_08S_PR,08S_PR Colusa NWR,2,diversion,5
2587,1173,C_CBD044,CBD041,2,operational,5
350,4816,D_SAC178_08N_SA1,"08N_SA1 Princeton-Cordora-Glenn ID, Provident ID, Maxwell ID (part), Misc. Settlement Contractors",2,diversion,5
1630,6207,D_SAC159_08S_SA1,"08S_SA1 Maxwell ID (portion), Roberts Ditch IC, Sycamore Family Trust, Misc. Settlement Contractors",2,diversion,5
2452,2336,C_CBD041,CBD038,2,operational,5
375,216,C_GCC036,GCC039,2,operational,5
76,1530,C_GCC032,GCC036,2,operational,5
2258,6207,D_CBD041_08S_SA1,"08S_SA1 Maxwell ID (portion), Roberts Ditch IC, Sycamore Family Trust, Misc. Settlement Contractors",2,diversion,5
1173,2258,CBD041,D_CBD041_08S_SA1,2,operational,5
2619,2580,SAC159,C_SAC159,2,operational,5
966,474,SAC154,C_SAC154,2,operational,5
6207,1464,"08S_SA1 Maxwell ID (portion), Roberts Ditch IC, Sycamore Family Trust, Misc. Settlement Contractors",R_08S_SA1_CBD031,2,operational,5
4290,1697,08N_NA Non-District,R_08N_NA_CBD049,2,operational,5
2203,6326,R_08S_PR_CBD031,08S_PR Colusa NWR,2,return,5
854,6745,R_07N_PA_CBD044,"07N_PA Glide WD, Holthouse WD (part), Kanawha WD, Orland-Artois WD",2,return,5
820,6723,R_07S_NA_CBD044,07S_NA Non-District,2,return,5
1672,886,D_GCC027_08N_PR1,GCC027,2,diversion,5
1078,1691,D_TCC081_07S_PA,TCC081,2,diversion,5
2619,1630,SAC159,D_SAC159_08S_SA1,2,operational,5
2478,252,CBD049,C_CBD049,2,operational,5
1173,2452,CBD041,C_CBD041,2,operational,5
1564,2549,C_CBD037,CBD037,2,operational,5
1530,375,GCC036,C_GCC036,2,operational,5
91,76,GCC032,C_GCC032,2,operational,5
523,2233,TCC062,D_TCC062_GCC036,2,operational,5
1617,1782,TCC036,C_TCC036,2,operational,5
2353,2972,TCC066,C_TCC066,2,operational,5
740,1450,R_08N_SA1_CBD044,CBD044,2,return,5
4816,740,"08N_SA1 Princeton-Cordora-Glenn ID, Provident ID, Maxwell ID (part), Misc. Settlement Contractors",R_08N_SA1_CBD044,2,operational,5
2965,4816,D_CBD049_08N_SA1,"08N_SA1 Princeton-Cordora-Glenn ID, Provident ID, Maxwell ID (part), Misc. Settlement Contractors",2,diversion,5
641,2478,SR_08N_CBD049,CBD049,2,storage_return,5
461,2478,SR_07N_CBD049,CBD049,2,storage_return,5
745,2336,SR_07S_CBD038,CBD038,2,storage_return,5
1278,886,D_GCC027_08N_SA2,GCC027,2,diversion,5
1173,680,CBD041,D_CBD041_08S_SA2,2,operational,5
787,2353,C_TCC062,TCC066,2,operational,5
523,787,TCC062,C_TCC062,2,operational,5
2095,1363,TCC085,D_TCC085_GCC056,2,operational,5
1691,2896,TCC081,C_TCC081,2,operational,5
1423,4816,D_SAC159_08N_SA1,"08N_SA1 Princeton-Cordora-Glenn ID, Provident ID, Maxwell ID (part), Misc. Settlement Contractors",2,diversion,5
614,4825,D_GCC039_08N_PR2,08N_PR2 Delevan NWR,2,diversion,5
614,216,D_GCC039_08N_PR2,GCC039,2,diversion,5
1874,1450,R_08N_PR2_CBD044,CBD044,2,return,5
1874,4825,R_08N_PR2_CBD044,08N_PR2 Delevan NWR,2,return,5
1715,6715,D_CBD049_08N_PA,08N_PA Colusa Drain MWC,2,diversion,5
6715,1553,08N_PA Colusa Drain MWC,R_08N_PA_CBD044,2,operational,5
919,2159,C_GCC039,GCC042,2,operational,5
216,919,GCC039,C_GCC039,2,operational,5
1697,2478,R_08N_NA_CBD049,CBD049,2,return,5
1553,1450,R_08N_PA_CBD044,CBD044,2,return,5
820,1450,R_07S_NA_CBD044,CBD044,2,return,5
5515,2107,SG278_SAC174_51,SAC174,2,operational,5
3634,985,SG279_SAC168_51,SAC168,2,operational,5
6846,2818,SG280_SAC162_51,SAC162,2,operational,5
4535,966,SG281_SAC154_51,SAC154,2,operational,5
4904,2494,SG282_SAC148_51,SAC148,2,operational,5
3581,2212,SG294_SAC141_53,SAC141,2,operational,5
6027,2474,SG295_SAC134_53,SAC134,2,operational,5
5109,51,SG296_SAC129_53,SAC129,2,operational,5
5236,1450,SG319_CBD044_55,CBD044,2,operational,5
5809,1173,SG320_CBD041_55,CBD041,2,operational,5
4619,2549,SG321_CBD037_55,CBD037,2,operational,5
2494,2052,SAC148,C_SAC148,2,operational,5
414,2549,C_CBD038,CBD037,2,operational,5
414,2336,C_CBD038,CBD038,2,operational,5
6447,2943,"07N_NU CalWater (Willows), Small Communities",R_07N_NU_CBD049,2,operational,5
2943,2478,R_07N_NU_CBD049,CBD049,2,return,5
854,1450,R_07N_PA_CBD044,CBD044,2,return,5
1058,760,SAC182,C_SAC182,2,operational,5
2616,204,SAC178,C_SAC178,2,operational,5
4061,1058,SG276_SAC182_51,SAC182,2,operational,5
5781,2616,SG277_SAC178_51,SAC178,2,operational,5
1309,91,C_GCC027,GCC032,2,operational,5
886,1309,GCC027,C_GCC027,2,operational,5
2159,1092,GCC042,C_GCC042,2,operational,5
1747,2336,SR_08S_CBD038,CBD038,2,storage_return,5
676,2964,C_BTC045,BTC043,2,operational,5
776,620,C_BTC036,BTC032,2,operational,5
1301,2000,C_BTC032,BTC029,2,operational,5
563,2335,C_LDC007,BTC016,2,operational,5
689,4244,D_BTC043_10_NA,10_NA Non-District,2,diversion,5
1762,620,D_WEC005_BTC032,BTC032,2,diversion,5
1900,5344,D_BTC012_09_SA2,"09_SA2 RD 1004, Carter MWC, Jack Baber, Misc. Settlement Contractors",2,diversion,5
2378,1606,C_BTC041,BTC036,2,operational,5
2333,877,C_BTC012,BTC007,2,operational,5
1902,2378,BTC041,C_BTC041,2,operational,5
2856,676,BTC045,C_BTC045,2,operational,5
1606,776,BTC036,C_BTC036,2,operational,5
620,1301,BTC032,C_BTC032,2,operational,5
2000,1156,BTC029,C_BTC029,2,operational,5
1231,964,BTC003,C_BTC003,2,operational,5
2964,689,BTC043,D_BTC043_10_NA,2,operational,5
2630,920,BTC012,D_BTC012_CRK005,2,operational,5
1030,4748,D_MTC000_09_SA1,09_SA1 Pacific Realty Associates (M&T Chico Ranch),2,diversion,5
1244,4748,D_ESL008_09_SA1,09_SA1 Pacific Realty Associates (M&T Chico Ranch),2,diversion,5
4748,809,09_SA1 Pacific Realty Associates (M&T Chico Ranch),R_09_SA1_LCC026,2,operational,5
1042,620,R_10_NA_BTC032,BTC032,2,return,5
1042,4244,R_10_NA_BTC032,10_NA Non-District,2,return,5
1606,1484,BTC036,D_BTC036_10_NA,2,operational,5
1819,372,SAC193,C_SAC193,2,operational,5
596,1805,SAC185,C_SAC185,2,operational,5
1946,1231,SP_SAC188_BTC003,BTC003,2,operational,5
68,1244,ESL008,D_ESL008_09_SA1,2,operational,5
506,194,C_TTC002,BTC060,2,operational,5
2964,418,BTC043,C_BTC043,2,operational,5
850,2422,R_09_PR_LCC016,LCC016,2,return,5
809,1671,R_09_SA1_LCC026,LCC026,2,return,5
1332,2422,R_09_NA_LCC016,LCC016,2,return,5
65,877,R_09_SA2_BTC007,BTC007,2,return,5
1945,68,D_BTC045_ESL008,ESL008,2,diversion,5
2856,1945,BTC045,D_BTC045_ESL008,2,operational,5
4058,2964,SG283_BTC043_52,BTC043,2,operational,5
6276,2000,SG286_BTC029_52,BTC029,2,operational,5
3833,1329,SG287_BTC024_52,BTC024,2,operational,5
6717,2591,SG288_BTC018_52,BTC018,2,operational,5
4719,1231,SG291_BTC003_52,BTC003,2,operational,5
1437,2856,C_BTC048,BTC045,2,operational,5
73,143,C_BTC018,BTC017,2,operational,5
2374,1231,SP_SAC193_BTC003,BTC003,2,operational,5
2703,1378,I_LCC038,LCC038,2,operational,5
753,2964,D_LCC038_BTC043,BTC043,2,diversion,5
1378,753,LCC038,D_LCC038_BTC043,2,operational,5
1453,596,SR_09_SAC185,SAC185,2,storage_return,5
4452,2264,SG289_BTC015_52,BTC015,2,operational,5
1263,143,SR_11_BTC017,BTC017,2,storage_return,5
97,1671,C_LCC029,LCC026,2,operational,5
1378,2789,LCC038,C_LCC038,2,operational,5
2910,2131,C_LCC026,LCC024,2,operational,5
1671,2910,LCC026,C_LCC026,2,operational,5
2789,962,C_LCC038,LCC029,2,operational,5
2422,602,LCC016,C_LCC016,2,operational,5
962,720,LCC029,D_LCC029_09_SA1,2,operational,5
38,143,R_11_PR_BTC017,BTC017,2,return,5
4583,38,11_PR Upper Butte Basin Wildlife Area Howard Slough Unit and Little Dry Creek,R_11_PR_BTC017,2,operational,5
962,97,LCC029,C_LCC029,2,operational,5
720,4748,D_LCC029_09_SA1,09_SA1 Pacific Realty Associates (M&T Chico Ranch),2,diversion,5
68,2019,ESL008,C_ESL008,2,operational,5
2019,2131,C_ESL008,LCC024,2,operational,5
2131,2391,LCC024,D_LCC024_09_NA,2,operational,5
834,2422,C_LCC024,LCC016,2,operational,5
2131,834,LCC024,C_LCC024,2,operational,5
1402,2498,R_11_SA1_CRK005,CRK005,2,return,5
1915,1231,R_17N_NR_BTC003,BTC003,2,return,5
1845,2244,D_THRMA_JBC000,JBC000,2,diversion,5
1935,138,C_FTR036,FTR031,2,operational,5
2522,6088,D_FTR059_12_SA,12_SA Misc. FRSA Diverters,2,diversion,5
2732,1395,R_12_NA_HON004,HON004,2,return,5
1868,1764,C_FTR059,FTR053,2,operational,5
1313,1406,R_13_NA_RFS13,RFS13,2,return,5
2506,1570,D_SFF011_MNRRH,MNRRH,2,diversion,5
195,2066,C_FTR068,FTR067,2,operational,5
1484,4244,D_BTC036_10_NA,10_NA Non-District,2,diversion,5
1168,1139,C_FTR063,FTR059,2,operational,5
2045,668,C_FTR053,FTR051,2,operational,5
1638,2077,C_FTR045,FTR039,2,operational,5
1175,2299,C_FTR048,FTR045,2,operational,5
1053,944,C_YUB002,FTR028,2,operational,5
6067,1074,S_OROVL,C_OROVL,2,operational,5
1139,1868,FTR059,C_FTR059,2,operational,5
1764,2045,FTR053,C_FTR053,2,operational,5
1007,1175,FTR048,C_FTR048,2,operational,5
2299,1638,FTR045,C_FTR045,2,operational,5
1935,141,C_FTR036,FTR036,2,operational,5
975,1168,FTR063,C_FTR063,2,operational,5
5390,1915,17N_NR Sutter and Butte Sink Duck Clubs,R_17N_NR_BTC003,2,operational,5
4470,561,"17N_NA Non-Project, Non-District",R_17N_NA_BTC003,2,operational,5
6946,2732,12_NA Non-District,R_12_NA_HON004,2,operational,5
1658,2506,SFF011,D_SFF011_MNRRH,2,operational,5
1291,210,THRMA,C_THRMA,2,operational,5
1391,141,C_FTR039,FTR036,2,operational,5
2077,1391,FTR039,C_FTR039,2,operational,5
2556,1958,D_FTR039_SEC009,SEC009,2,diversion,5
2077,2556,FTR039,D_FTR039_SEC009,2,operational,5
2244,991,JBC000,C_JBC000,2,operational,5
2293,2206,C_FTR029,FTR029,2,operational,5
2293,944,C_FTR029,FTR028,2,operational,5
1711,5104,D_WTPCYC_16_PU,16_PU City of Yuba City,2,diversion,5
3909,1711,WTP CYC,D_WTPCYC_16_PU,2,operational,5
848,207,R_16_PU_YCWWTP,YCWWTP,2,return,5
848,5104,R_16_PU_YCWWTP,16_PU City of Yuba City,2,return,5
2598,2299,C_HON004,FTR045,2,operational,5
1395,2598,HON004,C_HON004,2,operational,5
2867,5954,D_JBC004_11_SA3,"11_SA3 Biggs-West Gridley WD, Butte WD",2,diversion,5
2238,2355,SR_15N_JCK002,JCK002,2,storage_return,5
1193,2355,SR_14_JCK002,JCK002,2,storage_return,5
590,2355,R_RFS14_JCK002,JCK002,2,return,5
810,138,R_15N_NA1_FTR031,FTR031,2,return,5
677,1683,C_WEC000,WEC005,2,operational,5
677,556,C_WEC000,WEC000,2,operational,5
6628,260,S_THRMF,C_THRMF,2,operational,5
260,1291,C_THRMF,THRMA,2,operational,5
1683,1327,WEC005,D_WEC005_11_SA1,2,operational,5
557,5390,D_CRK005_17N_NR,17N_NR Sutter and Butte Sink Duck Clubs,2,diversion,5
1969,2403,JBC002,D_JBC002_17N_PR,2,operational,5
1590,674,R_13_NU1_ORWWTP,ORWWTP,2,return,5
1330,975,R_ORWWTP_FTR063,FTR063,2,return,5
881,944,R_YCWWTP_FTR028,FTR028,2,return,5
313,1395,R_RFS13_HON004,HON004,2,return,5
1406,313,RFS13,R_RFS13_HON004,2,operational,5
1495,6946,D_RFS13_12_NA,12_NA Non-District,2,diversion,5
1406,1495,RFS13,D_RFS13_12_NA,2,operational,5
2118,1395,SR_12_HON004,HON004,2,storage_return,5
2604,2546,R_RFS11_BGD000,BGD000,2,return,5
2245,2604,RFS11,R_RFS11_BGD000,2,operational,5
6475,1590,13_NU1 South Feather Water and Power Agency (Oroville),R_13_NU1_ORWWTP,2,operational,5
674,1330,ORWWTP,R_ORWWTP_FTR063,2,operational,5
207,881,YCWWTP,R_YCWWTP_FTR028,2,operational,5
1139,2522,FTR059,D_FTR059_12_SA,2,operational,5
1439,1202,OROVL,D_OROVL_13_NU1,2,operational,5
1570,855,MNRRH,D_MNRRH_WTPMNR,2,operational,5
138,2338,FTR031,D_FTR031_WTPCYC,2,operational,5
2338,3909,D_FTR031_WTPCYC,WTP CYC,2,diversion,5
1202,6475,D_OROVL_13_NU1,13_NU1 South Feather Water and Power Agency (Oroville),2,diversion,5
2757,6475,D_WTPMNR_13_NU1,13_NU1 South Feather Water and Power Agency (Oroville),2,diversion,5
5821,2757,WTP MNR,D_WTPMNR_13_NU1,2,operational,5
561,1231,R_17N_NA_BTC003,BTC003,2,return,5
201,2355,R_15N_NA2_JCK002,JCK002,2,return,5
6252,201,"15N_NA2 Cordua ID, Hallwood ID, Ramirez WD",R_15N_NA2_JCK002,2,operational,5
4592,472,SG341_FTR068_59,FTR068,2,operational,5
4364,1139,SG343_FTR059_59,FTR059,2,operational,5
4480,1764,SG344_FTR053_59,FTR053,2,operational,5
3703,1007,SG345_FTR048_59,FTR048,2,operational,5
5146,2299,SG346_FTR045_59,FTR045,2,operational,5
6317,141,SG347_FTR036_59,FTR036,2,operational,5
6800,2206,SG348_FTR029_59,FTR029,2,operational,5
2831,4244,D_MIO023_10_NA,10_NA Non-District,2,diversion,5
2643,2831,MIO023,D_MIO023_10_NA,2,operational,5
1853,563,LDC007,C_LDC007,2,operational,5
2153,2620,I_LGRSV,LGRSV,2,operational,5
2620,239,LGRSV,C_LGRSV,2,operational,5
2923,6766,D_OWC000_13_NA,"13_NA South Feather Water and Power Agency, Yuba County WD, Non-District",2,diversion,5
2178,2749,JBC008,R_JBC008_FTR048,2,operational,5
1455,833,RVC005,D_RVC005_11_SA2,2,operational,5
833,5907,D_RVC005_11_SA2,11_SA2 Richvale ID,2,diversion,5
1510,1007,C_FTR051,FTR048,2,operational,5
668,1510,FTR051,C_FTR051,2,operational,5
1853,1413,LDC007,D_LDC007_11_SA2,2,operational,5
1413,5907,D_LDC007_11_SA2,11_SA2 Richvale ID,2,diversion,5
6088,806,12_SA Misc. FRSA Diverters,R_12_SA_FTR045,2,operational,5
806,2299,R_12_SA_FTR045,FTR045,2,return,5
2029,6066,D_FTR045_15N_SA,15N_SA Misc. FRSA Diverters,2,diversion,5
2299,2029,FTR045,D_FTR045_15N_SA,2,operational,5
6066,2652,15N_SA Misc. FRSA Diverters,R_15N_SA_FTR031,2,operational,5
210,2754,C_THRMA,TAB000,2,operational,5
656,472,C_FTR072,FTR068,2,operational,5
2860,2355,C_JCK002,JCK002,2,operational,5
1913,133,FDC006,C_FDC006,2,operational,5
139,879,I_MERLC,MERLC,2,operational,5
3729,932,S_MERLC,C_MERLC,2,operational,5
133,2589,C_FDC006,YUB014,2,operational,5
423,1044,C_YUB014,YUB013,2,operational,5
2009,509,RFS14,R_RFS14_YUB014,2,operational,5
509,2589,R_RFS14_YUB014,YUB014,2,return,5
338,1003,DER001,C_DER001,2,operational,5
3697,139,French Dry Creek,I_MERLC,2,operational,5
2859,6252,D_YUB011_15N_NA2,"15N_NA2 Cordua ID, Hallwood ID, Ramirez WD",2,diversion,5
1412,5818,D_YUB003_15N_NU,"15N_NU CalWater (Marysville), Small Communities",2,diversion,5
2663,2859,YUB011,D_YUB011_15N_NA2,2,operational,5
442,1412,YUB003,D_YUB003_15N_NU,2,operational,5
867,2663,C_YUB013,YUB011,2,operational,5
1840,2700,C_YUB011,YUB006,2,operational,5
2663,1840,YUB011,C_YUB011,2,operational,5
1933,442,C_YUB006,YUB003,2,operational,5
2700,1933,YUB006,C_YUB006,2,operational,5
442,2624,YUB003,C_YUB003,2,operational,5
1474,2009,R_14_NA_RFS14,RFS14,2,return,5
349,412,C_NFY017,NBLDB,2,operational,5
5890,1549,SG350_YUB006_60,YUB002,2,operational,5
6399,1549,SG349_YUB011_60,YUB002,2,operational,5
607,163,I_SLT009,SLT009,2,operational,5
5044,607,Slate Creek,I_SLT009,2,operational,5
2776,1538,CMT000,C_CMT000,2,operational,5
5704,810,15N_NA1 Non-District,R_15N_NA1_FTR031,2,operational,5
901,1528,R_RFS18_SBP021,SBP021,2,return,5
122,1528,SP_SAC122_SBP021,SBP021,2,operational,5
504,122,SAC122,SP_SAC122_SBP021,2,operational,5
1663,1023,C_SBP018,SBP014,2,operational,5
1583,928,C_SBP014,SBP012,2,operational,5
2113,774,R_17S_NA_SSL001,SSL001,2,return,5
3918,2113,"17S_NA Sutter Bypass-Butte Slough WUA, Non-district",R_17S_NA_SSL001,2,operational,5
1957,3918,D_SBP014_17S_NA,"17S_NA Sutter Bypass-Butte Slough WUA, Non-district",2,diversion,5
2304,66,SR_19_RD1500,RD1500,2,storage_return,5
66,2812,RD1500,C_RD1500,2,operational,5
4483,917,SG332_SAC083_57,SAC083,2,operational,5
4515,1869,SG368_SAC082_65,SAC082,2,operational,5
5683,1023,SG339_SBP014_58,SBP014,2,operational,5
5886,2733,SG338_SBP018_58,SBP018,2,operational,5
1025,6043,D_TCC111_07S_PA,"07S_PA 4-M WD, Colusa County WD, Cortina WD, Davis WD, Dunnigan WD, Glenn Valley WD, Holthouse WD (part), La Grande WD, Myers-Marsh MWC, Westside WD",2,diversion,5
609,1588,R_08S_SA3_RFS8S,RFS8S,2,return,5
2135,847,R_RFS8S_SAC097,SAC097,2,return,5
2618,463,C_CBD031,CBD028,2,operational,5
504,2030,SAC122,C_SAC122,2,operational,5
1302,48,SAC115,C_SAC115,2,operational,5
847,119,SAC097,C_SAC097,2,operational,5
2135,1588,R_RFS8S_SAC097,RFS8S,2,return,5
1970,2464,SAC121,D_SAC121_08S_SA3,2,operational,5
1975,1680,C_CBD012,CBD012,2,operational,5
6214,2440,D_CBD000_KLR005,CBD000,2,diversion,5
2440,1371,CBD000,C_CBD000,2,operational,5
1159,463,SR_08S_CBD028,CBD028,2,storage_return,5
2930,1588,SR_08S_RFS8S,RFS8S,2,storage_return,5
2782,1680,R_08S_PA_CBD012,CBD012,2,return,5
2782,5346,R_08S_PA_CBD012,08S_PA Colusa Drain MWC (part),2,return,5
463,1866,CBD028,D_CBD028_08S_PA,2,operational,5
1970,2985,SAC121,C_SAC121,2,operational,5
1897,393,SAC109,D_SAC109_08S_SA3,2,operational,5
865,945,C_CBD005,CBD001,2,operational,5
865,661,C_CBD005,CBD005,2,operational,5
1841,463,R_07S_PA_CBD028,CBD028,2,return,5
5364,504,SG297_SAC122_53,SAC122,2,operational,5
5379,540,SG299_SAC106_53,SAC106,2,operational,5
3956,847,SG300_SAC097_53,SAC097,2,operational,5
6264,2287,SG301_SAC092_53,SAC092,2,operational,5
6670,1680,SG327_CBD012_56,CBD012,2,operational,5
1171,2440,C_CBD001,CBD000,2,operational,5
245,463,SR_07S_CBD028,CBD028,2,storage_return,5
2531,1025,TCC111,D_TCC111_07S_PA,2,operational,5
2216,644,C_FTR008,FTR003,2,operational,5
1601,842,C_FTR016,FTR014,2,operational,5
1325,1020,C_FTR021,FTR018,2,operational,5
891,1887,C_FTR025,FTR021,2,operational,5
1887,1325,FTR021,C_FTR021,2,operational,5
425,1601,FTR016,C_FTR016,2,operational,5
2221,346,FTR012,C_FTR012,2,operational,5
1002,316,DWRPS2,D_DWRPS2_11_NA,2,operational,5
1145,2221,SR_15S_FTR012,FTR012,2,storage_return,5
1055,425,C_FTR018,FTR016,2,operational,5
1020,1055,FTR018,C_FTR018,2,operational,5
842,1732,FTR014,C_FTR014,2,operational,5
4981,2048,"16_SA Garden Highway MWC, Tudor ID, Oswald MWC, Misc. FRSA Diverters",R_16_SA_DWRPS1,2,operational,5
842,1555,FTR014,D_FTR014_16_SA,2,operational,5
1020,494,FTR018,D_FTR018_16_SA,2,operational,5
1887,280,FTR021,D_FTR021_16_PA,2,operational,5
1555,4981,D_FTR014_16_SA,"16_SA Garden Highway MWC, Tudor ID, Oswald MWC, Misc. FRSA Diverters",2,diversion,5
1020,2601,FTR018,D_FTR018_15S_SA,2,operational,5
2601,5075,D_FTR018_15S_SA,"15S_SA Plumas MWC, Misc. FRSA Diverters",2,diversion,5
2829,491,SR_16_DWRPS1,DWRPS1,2,storage_return,5
2718,842,R_15S_SA_FTR014,FTR014,2,return,5
5075,2718,"15S_SA Plumas MWC, Misc. FRSA Diverters",R_15S_SA_FTR014,2,operational,5
6352,1887,SG354_FTR021_61,FTR021,2,operational,5
4929,425,SG355_FTR016_61,FTR016,2,operational,5
5414,2221,SG356_FTR012_61,FTR012,2,operational,5
343,4981,D_FTR021_16_SA,"16_SA Garden Highway MWC, Tudor ID, Oswald MWC, Misc. FRSA Diverters",2,diversion,5
644,1065,FTR003,D_FTR003_17S_SA,2,operational,5
1065,6114,D_FTR003_17S_SA,17S_SA Misc. FRSA Diverters,2,diversion,5
170,5075,D_FTR028_15S_SA,"15S_SA Plumas MWC, Misc. FRSA Diverters",2,diversion,5
2385,1328,FTR008,D_FTR008_16_SA,2,operational,5
1104,1002,R_16_NA1_DWRPS2,DWRPS2,2,return,5
181,491,SR_11_DWRPS1,DWRPS1,2,storage_return,5
6350,5492,"15S_NU Olivehurst PUD, City of Wheatland, Linda County WD, Small Communities",R_15S_NU_OHWWTP,2,operational,5
3809,2420,"15S_NA2 Brophy WD, Dry Creek MWC, South Yuba WD, Wheatland WD",R_15S_NA2_DHC001,2,operational,5
779,3809,D_YUB011_15S_NA2,"15S_NA2 Brophy WD, Dry Creek MWC, South Yuba WD, Wheatland WD",2,diversion,5
5035,1922,15S_NA1 Non-District,R_15S_NA1_DHC001,2,operational,5
1268,737,C_BRR011,BRR004,2,operational,5
1848,737,R_RFS23_BRR004,BRR004,2,return,5
2838,1885,CMPFW,C_CMPFW,2,operational,5
1885,2975,C_CMPFW,BRR017,2,operational,5
2420,1950,R_15S_NA2_DHC001,DHC001,2,return,5
1922,1950,R_15S_NA1_DHC001,DHC001,2,return,5
5492,6019,R_15S_NU_OHWWTP,OHWWTP,2,return,5
2446,458,I_DHC021,DHC021,2,operational,5
4754,2446,"Hutchinson Creek, Dry Creek",I_DHC021,2,operational,5
4425,2975,SG358_BRR017_62,BRR017,2,operational,5
358,737,C_DHC001,BRR004,2,operational,5
1950,358,DHC001,C_DHC001,2,operational,5
2862,421,C_BRR017,BRR011,2,operational,5
2280,2368,D_CMBIE_CBC000,CBC000,2,diversion,5
2843,2280,CMBIE,D_CMBIE_CBC000,2,operational,5
1582,2838,C_BRR023,CMPFW,2,operational,5
2843,2863,CMBIE,C_CMBIE,2,operational,5
426,2345,C_BRR031,BRR028,2,operational,5
934,2843,C_BRR049,CMBIE,2,operational,5
814,2642,C_BRR028,BRR023,2,operational,5
2863,1213,C_CMBIE,BRR031,2,operational,5
754,2955,C_BRR050,BRR050,2,operational,5
754,2621,C_BRR050,BRR049,2,operational,5
2621,934,BRR049,C_BRR049,2,operational,5
2169,2466,C_BRR066,BRR061,2,operational,5
1216,2190,C_DRM003,DRM008,2,operational,5
1612,2356,C_DRM002,DRM003,2,operational,5
290,2022,C_DRM001,DRM002,2,operational,5
2356,4191,DRM003,D_DRM003_BRR074,2,operational,5
1690,226,C_DRM008,DRM009,2,operational,5
1010,462,LBR002,C_LBR002,2,operational,5
5740,737,SG360_BRR004_62,BRR004,2,operational,5
6760,1246,Wolf Creek,I_WLF013,2,operational,5
1011,1213,C_WLF013,BRR031,2,operational,5
1266,2838,I_CMPFW,CMPFW,2,operational,5
1215,737,SR_24_BRR004,BRR004,2,storage_return,5
2569,2843,I_CMBIE,CMBIE,2,operational,5
2194,1604,I_RLLNS,RLLNS,2,operational,5
2065,737,SR_23_BRR004,BRR004,2,storage_return,5
1210,421,SR_24_BRR011,BRR011,2,storage_return,5
1218,1086,C_YBP032,YBP026,2,operational,5
2747,306,R_21_PU_SRWWTP,SRWWTP,2,return,5
2136,5995,D_SAC065_WTPBTB,WTP BTB,2,diversion,5
2278,2427,C_YBP023,YBP020,2,operational,5
2088,1243,C_YBP014,YBP011,2,operational,5
1563,2875,C_YBP011,YBP007,2,operational,5
2582,594,CCH030,C_CCH030,2,operational,5
2008,938,CCH023,C_CCH023,2,operational,5
558,1547,CCH012,C_CCH012,2,operational,5
126,2577,PTH020,C_PTH020,2,operational,5
769,2980,PTH015,C_PTH015,2,operational,5
1734,2798,PTH011,C_PTH011,2,operational,5
2503,954,SAC074,D_SAC074_21_SA,2,operational,5
2014,1094,YBP016,C_YBP016,2,operational,5
2427,2518,YBP020,C_YBP020,2,operational,5
1766,1218,YBP032,C_YBP032,2,operational,5
3820,2747,21_PU City of West Sacramento,R_21_PU_SRWWTP,2,operational,5
659,2678,SAC077,C_SAC077,2,operational,5
2358,2918,R_25_PA1_RFS25,RFS25,2,return,5
2716,2977,SAC078,C_SAC078,2,operational,5
2681,2795,SR_20_YBP023,YBP023,2,storage_return,5
2982,798,CCH006,C_CCH006,2,operational,5
534,967,SAC075,C_SAC075,2,operational,5
2387,1494,D_PSC033_VJB000,VJB000,2,diversion,5
1649,2649,R_SRWWTP_SAC048,SAC048,2,return,5
306,1649,SRWWTP,R_SRWWTP_SAC048,2,operational,5
2366,1666,SAC050,D_SAC050_FPT013,2,operational,5
1666,1609,D_SAC050_FPT013,FPT013,2,diversion,5
591,175,SAC062,D_SAC062_WTPSAC,2,operational,5
182,2770,CT_FREEPORT,SAC049,2,operational,5
4214,5725,I_PTH070,PTH070,2,operational,5
6287,4214,Putah Creek,I_PTH070,2,operational,5
1041,2614,PTH030,C_PTH030,2,operational,5
1740,159,PTH024,C_PTH024,2,operational,5
1744,1676,C_PSC020,PSC024,2,operational,5
1049,1440,PSC015,D_PSC015_CSPSO,2,operational,5
3760,2908,Cache Creek,I_CLRLK,2,operational,5
1620,2595,I_INDVL,INDVL,2,operational,5
3936,1620,North Fork Cache Creek,I_INDVL,2,operational,5
202,4387,C_INDVL,S_INDVL,2,operational,5
2671,793,C_NFC005,NFC005,2,operational,5
366,874,C_BRC003,BRC003,2,operational,5
2392,874,I_BRC003,BRC003,2,operational,5
4600,2392,Bear Creek (BRC),I_BRC003,2,operational,5
772,2582,C_CCH032,CCH030,2,operational,5
772,613,C_CCH032,CCH032,2,operational,5
1634,546,C_CCH053,CCH052,2,operational,5
1634,2868,C_CCH053,CCH053,2,operational,5
2664,2868,C_CCH058,CCH053,2,operational,5
2664,2200,C_CCH058,CCH058,2,operational,5
2319,1766,R_WLWWTP_YBP032,YBP032,2,return,5
5232,534,SG371_SAC075_65,SAC075,2,operational,5
4761,1432,SG383_SAC053_67,SAC053,2,operational,5
4783,1740,SG400_PTH024_69,PTH024,2,operational,5
5551,126,SG401_PTH020_69,PTH020,2,operational,5
6140,769,SG402_PTH015_69,PTH015,2,operational,5
6787,2582,SG390_CCH030_68,CCH030,2,operational,5
4647,2008,SG391_CCH023_68,CCH023,2,operational,5
4806,1640,SG392_CCH017_68,CCH017,2,operational,5
6799,1387,SG395_CCH003_68,CCH003,2,operational,5
6857,2795,SG398_YBP023_68,YBP023,2,operational,5
3746,2427,SG399_YBP020_68,YBP020,2,operational,5
4655,6181,WLW005,C_WLW005,2,operational,5
5244,307,"20_NU1 City of Davis, Woodland, and UC Davis",R_20_NU1_DVWWTP,2,operational,5
2914,4612,D_CCH052_20_NA1,20_NA1 Yolo County FCWCD,2,diversion,5
546,2914,CCH052,D_CCH052_20_NA1,2,operational,5
2167,613,C_CCH052,CCH032,2,operational,5
2167,546,C_CCH052,CCH052,2,operational,5
1069,1734,R_20_PA_PTH011,PTH011,2,return,5
298,1744,PSC020,C_PSC020,2,operational,5
1584,2547,SAC065,C_SAC065,2,operational,5
314,1740,SR_25_PTH024,PTH024,2,storage_return,5
2179,1740,SR_20_PTH024,PTH024,2,storage_return,5
2412,875,SR_25_PTH021,PTH021,2,storage_return,5
31,875,SR_20_PTH021,PTH021,2,storage_return,5
2343,1640,SR_20_CCH017,CCH017,2,storage_return,5
1689,1811,SR_07S_YBP034,YBP034,2,storage_return,5
30,2691,SAC017,C_SAC017,2,operational,5
792,5083,SAC029,C_SAC029A,2,operational,5
2123,2651,CHIPPS,C_CHIPPS,2,operational,5
1685,2805,SJR022,C_SJR022,2,operational,5
2109,206,MOK004,DD_MOK004_MOK,2,operational,5
2271,1784,SJR013,C_SJR013,2,operational,5
791,2827,OMR002,C_OMR002,2,operational,5
1812,1426,I_MSH015,MSH015,2,operational,5
1426,2925,MSH015,C_MSH015,2,operational,5
1366,250,D_SAC030_MOK014,MOK014,2,diversion,5
4235,2792,SG414_SAC011_71,SAC011,2,operational,5
3750,585,SG416_SAC003_71,SAC003,2,operational,5
1877,1494,D_NBA021_VJB000,VJB000,2,diversion,5
2864,1877,NBA021,D_NBA021_VJB000,2,operational,5
781,1837,NBA027,D_NBA027_WTPJAC,2,operational,5
1494,876,VJB000,D_VJB000_WTPBNC,2,operational,5
1772,5638,D_NBA009_WTPTAB,WTP TAB,2,diversion,5
77,6848,D_WTPTAB_TVAFB,Travis Air Force Base,2,diversion,5
6549,1374,SG415_SAC007_71,SAC007,2,operational,5
4367,1978,SG202_SJR009_31,SJR009,2,operational,5
2046,2105,C_FSC025,FSC027,2,operational,5
1731,2753,FSC025,D_FSC025_60N_PU,2,operational,5
117,6903,D_FSC015_60N_NA2,"60N_NA2 Omochumne- Hartnell WD Galt ID, Clay WD",2,diversion,5
2738,117,FSC015,D_FSC015_60N_NA2,2,operational,5
2090,2540,R_22_SA1_RFS22,RFS22,2,return,5
6623,6996,D_SAC078_22_SA1,"22_SA1 Natomas Central MWD, Pleasant Grove-Verona MWC, Misc. Settlement Contractors",2,diversion,5
6996,2090,"22_SA1 Natomas Central MWD, Pleasant Grove-Verona MWC, Misc. Settlement Contractors",R_22_SA1_RFS22,2,operational,5
1884,519,R_RFS22_SAC066,SAC066,2,return,5
789,1296,AMR004,C_AMR004,2,operational,5
1609,2813,FPT013,D_FPT013_WTPVNY,2,operational,5
2762,519,SR_22_SAC066,SAC066,2,storage_return,5
1388,789,SR_26N_AMR004,AMR004,2,storage_return,5
253,653,R_RFS22_EMD001,EMD001,2,return,5
5925,789,SG379_AMR004_66,AMR004,2,operational,5
4998,490,WTP SAC,D_WTPSAC_26S_PU4,2,operational,5
6705,2256,"26S_PU4 Sacramento County WA Zone 41 (Laguna, Franklin)",R_26S_PU4_SRWWTP,2,operational,5
653,360,EMD001,C_EMD001,2,operational,5
179,653,SR_26N_EMD001,EMD001,2,storage_return,5
722,2738,C_FSC013,FSC015,2,operational,5
5384,1449,26S_PU5 Elk Grove WSC (East Elk Grove),R_26S_PU5_SRWWTP,2,operational,5
286,306,R_26S_NU3_SRWWTP,SRWWTP,2,return,5
6305,286,"26S_NU3 Florin County WD, Elk Grove WSC",R_26S_NU3_SRWWTP,2,operational,5
2813,5350,D_FPT013_WTPVNY,WTP VNY,2,diversion,5
5088,2243,26S_NU1 City of Sacramento South of River,R_26S_NU1_SRWWTP,2,operational,5
4126,562,"26S_NU2 Cal. Am. WC (Parkway, Rosemont), Sacramento County WA Zone 41",R_26S_NU2_SRWWTP,2,operational,5
4998,1883,WTP SAC,D_WTPSAC_26S_NU1,2,operational,5
1883,5088,D_WTPSAC_26S_NU1,26S_NU1 City of Sacramento South of River,2,diversion,5
5350,2639,WTP VNY,D_WTPVNY_26S_PU4,2,operational,5
2639,6705,D_WTPVNY_26S_PU4,"26S_PU4 Sacramento County WA Zone 41 (Laguna, Franklin)",2,diversion,5
552,5088,D_WTPFBN_26S_NU1,26S_NU1 City of Sacramento South of River,2,diversion,5
518,1718,SR_26S_AMR007,AMR007,2,storage_return,5
271,653,C_EMD007,EMD001,2,operational,5
1250,1755,SR_24_EMD007,EMD007,2,storage_return,5
2803,1755,SR_26N_EMD007,EMD007,2,storage_return,5
882,1260,DCK012,C_DCK012,2,operational,5
1067,786,R_RFS26N_DCWWTP,DCWWTP,2,return,5
786,2075,DCWWTP,R_DCWWTP_DCK012,2,operational,5
1072,1067,RFS26N,R_RFS26N_DCWWTP,2,operational,5
735,265,PGWWTP,R_PGWWTP_CRC002,2,operational,5
4428,624,"24_NA2 Placer County WA Zone 5, Non-District",R_24_NA2_ABN000,2,operational,5
2375,927,SR_24_ABN000,ABN000,2,storage_return,5
125,2607,ABN010,D_ABN010_24_NA2,2,operational,5
527,1005,C_CCK036,CCK022,2,operational,5
1090,527,CCK036,C_CCK036,2,operational,5
1005,2357,CCK022,C_CCK022,2,operational,5
856,1090,C_CCK038,CCK036,2,operational,5
2137,856,CCK038,C_CCK038,2,operational,5
6,927,SR_23_ABN000,ABN000,2,storage_return,5
1650,1005,SR_24_CCK022,CCK022,2,storage_return,5
1509,1901,D_STH000_ABN027,ABN027,2,diversion,5
213,2940,ABN026,C_ABN026,2,operational,5
1901,1992,ABN027,C_ABN027,2,operational,5
434,125,SR_24_ABN010,ABN010,2,storage_return,5
2413,1072,R_24_NU2_RFS26N,RFS26N,2,return,5
6339,396,WTP FSS,D_WTPFSS_24_NU2,2,operational,5
396,4936,D_WTPFSS_24_NU2,"24_NU2 Placer County WA (City of Loomis, Penryn, Rocklin, Lincoln, Granite Bay, part of Roseville)",2,diversion,5
4936,2413,"24_NU2 Placer County WA (City of Loomis, Penryn, Rocklin, Lincoln, Granite Bay, part of Roseville)",R_24_NU2_RFS26N,2,operational,5
622,1072,R_26N_PU1_RFS26N,RFS26N,2,return,5
6286,622,26N_PU1 City of Roseville,R_26N_PU1_RFS26N,2,operational,5
4174,4633,STH003,D_STH003_24_NA3,2,operational,5
3710,6339,D_STH003_WTPFSS,WTP FSS,2,diversion,5
4174,3710,STH003,D_STH003_WTPFSS,2,operational,5
2326,6830,C_STH001,STH002,2,operational,5
475,213,C_ABT002,ABN026,2,operational,5
1581,475,ABT002,C_ABT002,2,operational,5
2081,2821,D_ABT002_STH001,STH001,2,diversion,5
1394,309,LBC049,D_LBC049_24_NA3,2,operational,5
723,542,C_LBC049,SCR002,2,operational,5
1394,723,LBC049,C_LBC049,2,operational,5
3916,376,"Slab Creek, Minor Accretions",I_SFA040,2,operational,5
404,1102,AMR017,C_AMR017,2,operational,5
2967,3938,D_FSC003_WTPCOL,WTP COL,2,diversion,5
1904,2967,FSC003,D_FSC003_WTPCOL,2,operational,5
1904,2970,FSC003,C_FSC003,2,operational,5
821,2033,FOLSM,D_FOLSM_WTPRSV,2,operational,5
2570,5093,D_FOLSM_WTPFOL,WTP FOL,2,diversion,5
4652,2570,S_FOLSM,D_FOLSM_WTPFOL,2,operational,5
57,3871,D_WTPFOL_26S_PU1,"26S_PU1 City of Folsom, Folsom State Prison",2,diversion,5
5093,57,WTP FOL,D_WTPFOL_26S_PU1,2,operational,5
821,1118,FOLSM,D_FOLSM_WTPSJP,2,operational,5
404,1496,AMR017,D_AMR017_WTPBJM,2,operational,5
1496,4450,D_AMR017_WTPBJM,WTP BJM,2,diversion,5
4450,2185,WTP BJM,D_WTPBJM_26N_NU2,2,operational,5
4652,85,S_FOLSM,D_FOLSM_WTPEDH,2,operational,5
5179,1529,SG376_AMR020_66,AMR020,2,operational,5
4380,2852,SG377_AMR015_66,AMR015,2,operational,5
6381,871,SG378_AMR009_66,AMR009,2,operational,5
5419,4436,SG375_NTOMA_66,S_NTOMA,2,operational,5
803,120,EDWWTP,R_EDWWTP_DEE020,2,operational,5
3677,803,R_ELDID_NU3_EDWWTP,EDWWTP,2,return,5
6281,3677,ELDID_NU3,R_ELDID_NU3_EDWWTP,2,operational,5
4001,1654,26S_PU2 Golden State WC,R_26S_PU2_SRWWTP,2,operational,5
3871,450,"26S_PU1 City of Folsom, Folsom State Prison",R_26S_PU1_SRWWTP,2,operational,5
5330,969,WTP SJP,D_WTPSJP_26N_PU3,2,operational,5
969,6170,D_WTPSJP_26N_PU3,"26N_PU3, Orange Vale WC, Citrus Heights WD, Fair Oaks WD",2,diversion,5
3984,615,26N_PU2 San Juan WD,R_26N_PU2_SRWWTP,2,operational,5
2788,6144,D_WTPSJP_26N_NU1,"26N_NU1 Sacramento Suburban WD (Northridge, North Highlands) Cal. Am. WC (Antelope, Lincoln Oaks) Rio Linda Elverta CWD (Rio Linda, Elverta)",2,diversion,5
5330,2788,WTP SJP,D_WTPSJP_26N_NU1,2,operational,5
2260,6144,D_WTPFBN_26N_NU1,"26N_NU1 Sacramento Suburban WD (Northridge, North Highlands) Cal. Am. WC (Antelope, Lincoln Oaks) Rio Linda Elverta CWD (Rio Linda, Elverta)",2,diversion,5
2204,60,D_STH005_MRM001,MRM001,2,diversion,5
2450,1529,R_RFS26S_AMR020,AMR020,2,return,5
1904,5272,FSC003,D_FSC003_FSCLOS,2,operational,5
817,4673,D_FOLSM_26S_NU4,26S_NU4 Aerojet/Boeing GW Remediation Program,2,diversion,5
4652,817,S_FOLSM,D_FOLSM_26S_NU4,2,operational,5
4673,2963,26S_NU4 Aerojet/Boeing GW Remediation Program,R_26S_NU4_RFS26S,2,operational,5
1018,444,RFS26S,R_RFS26S_SRWWTP,2,operational,5
1654,306,R_26S_PU2_SRWWTP,SRWWTP,2,return,5
5350,2152,WTP VNY,D_WTPVNY_26S_PU1,2,operational,5
118,2242,C_NFA016,NFA011,2,operational,5
1335,2439,NFA048,C_NFA048,2,operational,5
5204,1326,North Fork American River,I_NFA054,2,operational,5
1326,297,I_NFA054,NFA054,2,operational,5
1925,492,D_NNA013_LVC001,LVC001,2,diversion,5
2209,1993,R_08S_NA1_CBD031,CBD031,2,return,5
1464,1993,R_08S_SA1_CBD031,CBD031,2,return,5
1880,504,R_RFS18_SAC122,SAC122,2,return,5
1311,1528,C_SBP024,SBP021,2,operational,5
4500,351,17S_PR Sutter NWR,R_17S_PR_SBP021,2,operational,5
170,944,D_FTR028_15S_SA,FTR028,2,diversion,5
779,2663,D_YUB011_15S_NA2,YUB011,2,diversion,5
1254,906,R_03_PU2_SWWWTP,SWWWTP,2,return,5
2308,906,R_03_SU_SWWWTP,SWWWTP,2,return,5
906,517,SWWWTP,R_SWWWTP_SAC281,2,operational,5
1093,1231,C_BTC007,BTC003,2,operational,5
1327,7044,D_WEC005_11_SA1,11_SA1 Western Canal WD,2,diversion,5
7044,1402,11_SA1 Western Canal WD,R_11_SA1_CRK005,2,operational,5
5367,1474,14_NA Browns Valley ID,R_14_NA_RFS14,2,operational,5
1881,5367,D_FDC006_14_NA,14_NA Browns Valley ID,2,diversion,5
2129,5367,D_YUB013_14_NA,14_NA Browns Valley ID,2,diversion,5
1228,504,D_SAC122_19_SA,SAC122,2,diversion,5
1078,6043,D_TCC081_07S_PA,"07S_PA 4-M WD, Colusa County WD, Cortina WD, Davis WD, Dunnigan WD, Glenn Valley WD, Holthouse WD (part), La Grande WD, Myers-Marsh MWC, Westside WD",2,diversion,5
291,6117,D_SAC083_21_SA,"21_SA Conaway Conservancy Group (RD 2035), Sacramento River Ranch LLC, Misc. Settlement Contractors",2,diversion,5
1225,6286,D_WTPRSV_26N_PU1,26N_PU1 City of Roseville,2,diversion,5
1576,1595,SAC091,C_SAC091,2,operational,5
2383,3820,D_WTPBTB_21_PU,21_PU City of West Sacramento,2,diversion,5
2709,627,SR_09_BSL001,BSL001,2,storage_return,5
2751,627,SR_10_BSL001,BSL001,2,storage_return,5
589,627,SR_11_BSL001,BSL001,2,storage_return,5
402,627,SR_17N_BSL001,BSL001,2,storage_return,5
502,2212,SR_09_SAC141,SAC141,2,storage_return,5
3921,1819,SG274_SAC193_51,SAC193,2,operational,5
373,1030,MTC000,D_MTC000_09_SA1,2,operational,5
6927,2716,SG370_SAC078_65,SAC078,2,operational,5
2377,596,SR_06_SAC185,SAC185,2,storage_return,5
2166,596,SR_07N_SAC185,SAC185,2,storage_return,5
1559,596,SR_08N_SAC185,SAC185,2,storage_return,5
2467,5735,C_TRN111,Trinity River Outflow,2,operational,5
116,1974,R_03_PU1_KSWCK,KSWCK,2,return,5
1910,1974,C_SAC301,KSWCK,2,operational,5
2602,5096,D_SAC294_03_PA,03_PA Bella Vista WD,2,diversion,5
840,1439,I_OROVL,OROVL,2,operational,5
331,1129,C_SFF008,SFF002,2,operational,5
1828,167,I_SFF008,SFF008,2,operational,5
1658,1045,SFF011,C_SFF011,2,operational,5
671,247,C_SFF028,SFF020,2,operational,5
341,2837,C_SFF029,SFF028,2,operational,5
2837,671,SFF028,C_SFF028,2,operational,5
4494,2153,South Fork Feather River,I_LGRSV,2,operational,5
2231,341,SFF029,C_SFF029,2,operational,5
239,664,C_LGRSV,SFF039,2,operational,5
1931,219,C_SFT000,LST007,2,operational,5
756,1129,C_MFF019,SFF002,2,operational,5
554,155,C_NFF008,FTR074,2,operational,5
2313,2379,WBF015,C_WBF015,2,operational,5
1994,1439,C_FTR074,OROVL,2,operational,5
1295,727,WBF006,C_WBF006,2,operational,5
2313,4264,WBF015,D_WBF015_MIO010,2,operational,5
2379,1295,C_WBF015,WBF006,2,operational,5
4264,5445,D_WBF015_MIO010,MIO010,2,diversion,5
2643,1367,MIO023,D_MIO023_12_NU1,2,operational,5
194,2657,BTC060,C_BTC060,2,operational,5
2657,2157,C_BTC060,BTC048,2,operational,5
2157,1437,BTC048,C_BTC048,2,operational,5
1107,506,TTC002,C_TTC002,2,operational,5
104,995,D_WBF030_HKC002,HKC002,2,diversion,5
2596,6409,C_SFA030,SFA017,2,operational,5
1126,1430,STH007,C_STH007,2,operational,5
60,1227,MRM001,C_MRM001,2,operational,5
1427,821,I_FOLSM,FOLSM,2,operational,5
74,2204,STH005,D_STH005_MRM001,2,operational,5
542,597,SCR002,C_SCR002,2,operational,5
597,882,C_SCR002,DCK012,2,operational,5
2033,6785,D_FOLSM_WTPRSV,WTP RSV,2,diversion,5
2075,882,R_DCWWTP_DCK012,DCK012,2,return,5
6144,625,"26N_NU1 Sacramento Suburban WD (Northridge, North Highlands) Cal. Am. WC (Antelope, Lincoln Oaks) Rio Linda Elverta CWD (Rio Linda, Elverta)",R_26N_NU1_SRWWTP,2,operational,5
2769,1755,R_26N_NA_EMD007,EMD007,2,return,5
5783,1739,24_NA3 Placer County WA Zone 1,R_24_NA3_SCR002,2,operational,5
1739,542,R_24_NA3_SCR002,SCR002,2,return,5
390,2407,I_MFA023,MFA023,2,operational,5
248,2120,C_MFA023,MFA001,2,operational,5
1618,2120,I_MFA001,MFA001,2,operational,5
1790,1335,C_CYN009,NFA048,2,operational,5
4558,2098,Local Inflow to South Fork Yuba River,I_SFY007,2,operational,5
2098,1424,I_SFY007,SFY007,2,operational,5
1064,355,C_YUB030,ENGLB,2,operational,5
1783,2132,SLT008,C_SLT008,2,operational,5
2132,1635,C_SLT008,NFY017,2,operational,5
163,976,SLT009,C_SLT009,2,operational,5
976,1783,C_SLT009,SLT008,2,operational,5
1276,2944,I_NFY029,NFY029,2,operational,5
2944,106,NFY029,C_NFY029,2,operational,5
106,1635,C_NFY029,NFY017,2,operational,5
1300,412,I_NBLDB,NBLDB,2,operational,5
712,5344,D_SAC162_09_SA2,"09_SA2 RD 1004, Carter MWC, Jack Baber, Misc. Settlement Contractors",2,diversion,5
2872,1197,I_EPARK,EPARK,2,operational,5
1197,1442,EPARK,D_EPARK_SCKWD,2,operational,5
6733,89,S_EPARK,C_EPARK,2,operational,5
1485,1617,D_TCC036_07N_PA,TCC036,2,diversion,5
3637,1178,SG261_SAC207_48,SAC207,2,operational,5
1723,2372,CHWWTP,R_CHWWTP_SAC195,2,operational,5
421,1268,BRR011,C_BRR011,2,operational,5
1208,2550,I_LWSTN,LWSTN,2,operational,5
5701,560,S_SHSTA,C_SHSTA,2,operational,5
664,279,SFF039,C_SFF039,2,operational,5
712,2818,D_SAC162_09_SA2,SAC162,2,diversion,5
2498,557,CRK005,D_CRK005_17N_NR,2,operational,5
1569,301,C_OGN004,OGN004,2,operational,5
1796,301,C_OGN005,OGN004,2,operational,5
1424,370,SFY007,C_SFY007,2,operational,5
2188,569,YUB039,C_YUB039,2,operational,5
409,1064,YUB030,C_YUB030,2,operational,5
1699,1796,OGN005,C_OGN005,2,operational,5
1699,2500,OGN005,D_OGN005_CMT000,2,operational,5
5258,1276,North Fork Yuba River and Small Watersheds,I_NFY029,2,operational,5
2465,290,DRM001,C_DRM001,2,operational,5
2121,230,C_CLRLK,CLRLK,2,operational,5
979,2199,C_CCH083,CCH083,2,operational,5
1529,100,AMR020,C_AMR020,2,operational,5
2407,248,MFA023,C_MFA023,2,operational,5
2120,2879,MFA001,C_MFA001,2,operational,5
2517,1790,CYN009,C_CYN009,2,operational,5
811,2596,SFA030,C_SFA030,2,operational,5
1014,2197,CWD004,C_CWD004,2,operational,5
1376,2702,CWD009,C_CWD009,2,operational,5
706,1383,CWD003,C_CWD003,2,operational,5
5278,2265,North and Middle Forks Cottonwood Creek,I_CWD018,2,operational,5
1661,439,SAC247,C_SAC247,2,operational,5
1850,1233,THM026,C_THM026,2,operational,5
2897,980,THM021,C_THM021,2,operational,5
2586,1165,THM017,C_THM017,2,operational,5
3959,322,Cow Creek,I_COW014,2,operational,5
219,102,LST007,C_LST007,2,operational,5
2524,1816,NTOMA,C_NTOMA,2,operational,5
2078,1761,D_LWSTN_CCT011,CCT011,2,diversion,5
2391,5602,D_LCC024_09_NA,"09_NA Llano Seco Rancho, Dayton MWC, Non-District",2,diversion,5
1563,1243,C_YBP011,YBP011,2,operational,5
826,2592,C_YBP002,YBP002,2,operational,5
5658,1190,WTP CMT,D_WTPCMT_SUISN,2,operational,5
4313,850,09_PR Upper Butte Wildlife Area and Sacramento River NWR - Llano Seco Units,R_09_PR_LCC016,2,operational,5
401,306,R_26N_NU3_SRWWTP,SRWWTP,2,return,5
6235,2850,S_TRNTY,C_TRNTY,2,operational,5
2380,4099,D_BCN005_03_NA,03_NA Non-District,2,diversion,5
2958,4099,D_BTL006_03_NA,03_NA Non-District,2,diversion,5
1668,269,C_ELD012,ELD012,2,operational,5
2748,1059,C_ELD022,ELD017,2,operational,5
279,2231,C_SFF039,SFF029,2,operational,5
6583,2708,S_ENGLB,C_ENGLB,2,operational,5
270,303,HON021,C_HON021,2,operational,5
3924,165,Honcut Creek,I_HON021,2,operational,5
165,270,I_HON021,HON021,2,operational,5
2749,1007,R_JBC008_FTR048,FTR048,2,return,5
2754,1472,TAB000,C_TAB000,2,operational,5
418,1902,C_BTC043,BTC041,2,operational,5
5006,1285,10_NU1 CalWater (Chico),R_10_NU1_CHWWTP,2,operational,5
2198,4956,R_07N_NA_CBD044,07N_NA Non-District,2,return,5
2498,829,CRK005,C_CRK005,2,operational,5
1343,4997,D_BGD000_17N_PR,17N_PR Gray Lodge WA,2,diversion,5
148,1958,C_JBC008,SEC009,2,operational,5
1549,1053,YUB002,C_YUB002,2,operational,5
163,2628,SLT009,D_SLT009_SCT000,2,operational,5
1016,338,I_DER001,DER001,2,operational,5
2022,1612,DRM002,C_DRM002,2,operational,5
1079,5801,SYC002,D_SYC002_BRR074,2,operational,5
697,1604,C_BRR060,RLLNS,2,operational,5
2190,1690,DRM008,C_DRM008,2,operational,5
2356,1216,DRM003,C_DRM003,2,operational,5
5516,1170,"24_NU1 Placer County WA (City of Auburn, Bowman, Ophir, Newcastle)",R_24_NU1_ABN027,2,operational,5
4024,2469,Inflow to Lake Valley Reservoir,I_LKVLY,2,operational,5
2507,3554,D_WTPFBN_26N_NU4,WTP FBN,2,diversion,5
2269,209,SAC063,C_SAC063,2,operational,5
591,2434,SAC062,C_SAC062,2,operational,5
87,555,SAC057,C_SAC057,2,operational,5
2366,2025,SAC050,C_SAC050,2,operational,5
2770,2330,SAC049,C_SAC049,2,operational,5
6911,2649,SG384_SAC048_67,SAC048,2,operational,5
2875,203,YBP007,C_YBP007,2,operational,5
203,2592,C_YBP007,YBP002,2,operational,5
2428,454,BRR074,C_BRR074,2,operational,5
4312,1618,Local Inflow to Middle Fork American River,I_MFA001,2,operational,5
768,5384,D_WTPVNY_26S_PU5,26S_PU5 Elk Grove WSC (East Elk Grove),2,diversion,5
186,2478,R_08N_SA2_CBD049,CBD049,2,return,5
5096,1462,03_PA Bella Vista WD,R_03_PA_SAC287,2,operational,5
393,4625,D_SAC109_08S_SA3,"08S_SA3 RD 108, River Garden Farms, Misc. Settlement Contractors",2,diversion,5
2464,4625,D_SAC121_08S_SA3,"08S_SA3 RD 108, River Garden Farms, Misc. Settlement Contractors",2,diversion,5
2745,2854,C_ORP000,TRNSF,2,operational,5
1128,2745,ORP000,C_ORP000,2,operational,5
1248,2840,C_CCC004,CCC007,2,operational,5
56,1319,I_LOSVQ,LOSVQ,2,operational,5
217,544,C_TRNSF,LVP007,2,operational,5
2854,217,TRNSF,C_TRNSF,2,operational,5
8,1476,OMR021,D_OMR021_ORP000,2,operational,5
156,1128,D_VCT002_ORP000,ORP000,2,diversion,5
8,223,OMR021,C_OMR021,2,operational,5
188,5940,OMR024,C_OMR024B,2,operational,5
861,267,C_OMR018,OMR014,2,operational,5
2067,861,OMR018,C_OMR018,2,operational,5
2020,899,D_RSL004_CCC004,CCC004,2,diversion,5
4008,1980,C_RSL001A,RSL004,2,operational,5
2051,2840,C_LVP007,CCC007,2,operational,5
267,825,OMR014,C_OMR014,2,operational,5
825,2191,C_OMR014,OMR013,2,operational,5
1077,4012,D_CCC019_CCWD,Contra Costa Water District,2,diversion,5
654,1560,R_17S_SA_SAC085,SAC085,2,return,5
1718,71,AMR007,C_AMR007,2,operational,5
871,2677,AMR009,C_AMR009,2,operational,5
2630,2333,BTC012,C_BTC012,2,operational,5
602,2630,C_LCC016,BTC012,2,operational,5
1256,143,SR_10_BTC017,BTC017,2,storage_return,5
1177,143,SR_09_BTC017,BTC017,2,storage_return,5
2818,1425,SAC162,C_SAC162,2,operational,5
985,1024,SAC168,C_SAC168,2,operational,5
2107,1100,SAC174,C_SAC174,2,operational,5
1538,412,C_CMT000,NBLDB,2,operational,5
1732,2221,C_FTR014,FTR012,2,operational,5
3738,2769,26N_NA Non-District,R_26N_NA_EMD007,2,operational,5
1219,1126,C_STH005,STH007,2,operational,5
74,1219,STH005,C_STH005,2,operational,5
2386,409,C_YUB034,YUB030,2,operational,5
2324,491,D_SBP012_DWRPS1,DWRPS1,2,diversion,5
491,2147,DWRPS1,D_DWRPS1_16_NA2,2,operational,5
1431,491,R_16_NA2_DWRPS1,DWRPS1,2,return,5
2048,491,R_16_SA_DWRPS1,DWRPS1,2,return,5
4542,1431,16_NA2 Non-district,R_16_NA2_DWRPS1,2,operational,5
5732,1944,SG336_SBP024_58,SBP024,2,operational,5
5200,2350,"11_NA Sutter Butte MWC, Non-District",R_11_NA_DWRPS2,2,operational,5
2350,1002,R_11_NA_DWRPS2,DWRPS2,2,return,5
6643,2015,16_PA Feather WD,R_16_PA_DWRPS2,2,operational,5
1887,343,FTR021,D_FTR021_16_SA,2,operational,5
494,4981,D_FTR018_16_SA,"16_SA Garden Highway MWC, Tudor ID, Oswald MWC, Misc. FRSA Diverters",2,diversion,5
2015,1002,R_16_PA_DWRPS2,DWRPS2,2,return,5
2825,1002,R_11_SA4_DWRPS2,DWRPS2,2,return,5
1002,251,DWRPS2,R_DWRPS2_SBP021,2,operational,5
6660,784,Trinity River,I_TRNTY,2,operational,5
2419,2647,SAC146,C_SAC146,2,operational,5
2212,1482,SAC141,C_SAC141,2,operational,5
51,2534,SAC129,C_SAC129,2,operational,5
2474,2108,SAC134,C_SAC134,2,operational,5
1949,663,SAC136,C_SAC136,2,operational,5
2652,138,R_15N_SA_FTR031,FTR031,2,return,5
2009,590,RFS14,R_RFS14_JCK002,2,operational,5
1963,762,I_LDC029,LDC029,2,operational,5
1416,1081,R_04_NU1_SAC240,SAC240,2,return,5
1081,2714,SAC240,D_SAC240_TCC001,2,operational,5
1662,1441,D_SAC224_04_NA,SAC224,2,diversion,5
2191,4203,OMR013,C_OMR013B,2,operational,5
1980,2020,RSL004,D_RSL004_CCC004,2,operational,5
2038,4008,RSL001,C_RSL001A,2,operational,5
899,1248,CCC004,C_CCC004,2,operational,5
2489,188,C_OMR027,OMR024,2,operational,5
5940,878,C_OMR024B,VCT002,2,operational,5
85,5746,D_FOLSM_WTPEDH,WTP EDH,2,diversion,5
6181,2795,C_WLW005,YBP023,2,operational,5
2674,1617,C_TCC031,TCC036,2,operational,5
2105,2436,FSC027,D_FSC027_MAQ012,2,operational,5
1731,2046,FSC025,C_FSC025,2,operational,5
2738,63,FSC015,C_FSC015,2,operational,5
5585,2269,SG373_SAC063_65,SAC063,2,operational,5
132,774,SR_17S_SSL001,SSL001,2,storage_return,5
1501,34,SAC099,D_SAC099_19_SA,2,operational,5
1302,1943,SAC115,D_SAC115_19_SA,2,operational,5
2287,2920,SAC092,C_SAC092,2,operational,5
1956,1984,SPT003,C_SPT003,2,operational,5
2550,2078,LWSTN,D_LWSTN_CCT011,2,operational,5
1761,15,CCT011,C_CCT011,2,operational,5
1392,233,D_WKYTN_SPT003,WKYTN,2,diversion,5
2372,687,R_CHWWTP_SAC195,SAC195,2,return,5
1949,1667,SAC136,D_SAC136_18_SA,2,operational,5
2912,2730,SAC188,C_SAC188,2,operational,5
5344,65,"09_SA2 RD 1004, Carter MWC, Jack Baber, Misc. Settlement Contractors",R_09_SA2_BTC007,2,operational,5
1763,1231,SP_SAC148_BTC003,BTC003,2,operational,5
970,966,SR_08N_SAC154,SAC154,2,storage_return,5
4902,1606,SG284_BTC036_52,BTC036,2,operational,5
5413,620,SG285_BTC032_52,BTC032,2,operational,5
6785,1225,WTP RSV,D_WTPRSV_26N_PU1,2,operational,5
4111,1427,Lake Folsom Local Inflow,I_FOLSM,2,operational,5
3,2524,SR_26S_NTOMA,NTOMA,2,storage_return,5
5746,5871,WTP EDH,D_WTPEDH_ELDID_NU3,2,operational,5
2696,1910,SAC301,C_SAC301,2,operational,5
6678,904,SG206_SAC294_32,SAC294,2,operational,5
2866,240,D_SAC296_02_SA,SAC296,2,diversion,5
963,2931,R_CCWWTP_SAC287,SAC287,2,return,5
2602,904,D_SAC294_03_PA,SAC294,2,diversion,5
731,484,SAC271,C_SAC271,2,operational,5
4782,240,SG205_SAC296_32,SAC296,2,operational,5
6141,863,S_KSWCK,C_KSWCK,2,operational,5
699,4256,BLKBT,E_BLKBT,2,operational,5
690,6151,BRYSA,E_BRYSA,2,operational,5
2843,4066,CMBIE,E_CMBIE,2,operational,5
1197,3667,EPARK,E_EPARK,2,operational,5
2595,3546,INDVL,E_INDVL,2,operational,5
2620,4532,LGRSV,E_LGRSV,2,operational,5
879,6229,MERLC,E_MERLC,2,operational,5
412,6244,NBLDB,E_NBLDB,2,operational,5
2524,6133,NTOMA,E_NTOMA,2,operational,5
1439,5896,OROVL,E_OROVL,2,operational,5
1604,4209,RLLNS,E_RLLNS,2,operational,5
1097,5321,SGRGE,E_SGRGE,2,operational,5
256,4972,SHSTA,E_SHSTA,2,operational,5
2528,4455,SLYCK,E_SLYCK,2,operational,5
1291,5960,THRMA,E_THRMA,2,operational,5
6650,1183,SG223_SAC265_37,SAC265,2,operational,5
4508,1698,SG217_SAC269_34,SAC269,2,operational,5
1929,2499,PYN001,C_PYN001,2,operational,5
6578,2853,SG237_ELD027_42,ELD027,2,operational,5
6492,1147,SG238_ELD022_42,ELD022,2,operational,5
4448,1059,SG239_ELD017_42,ELD017,2,operational,5
6430,269,SG240_ELD012_42,ELD012,2,operational,5
3537,1633,SG233_ANT010_40,ANT010,2,operational,5
6749,741,SG243_MLC006_43,MLC006,2,operational,5
6828,2724,SG244_MLC004_43,MLC004,2,operational,5
1635,349,NFY017,C_NFY017,2,operational,5
5168,2194,Local Inflow to Rollins Reservoir,I_RLLNS,2,operational,5
5582,2569,Local Inflow to Combie Reservoir,I_CMBIE,2,operational,5
2226,459,MNS000,C_MNS000,2,operational,5
5698,2703,Little Chico Creek,I_LCC038,2,operational,5
2110,334,C_GCC065,GCC065,2,operational,5
233,3556,WKYTN,E_WKYTN,2,operational,5
2340,3851,TRNTY,E_TRNTY,2,operational,5
417,1991,C_CLR011,CLR009,2,operational,5
2715,5602,D_MTC000_09_NA,"09_NA Llano Seco Rancho, Dayton MWC, Non-District",2,diversion,5
373,2512,MTC000,D_MTC000_09_PR,2,operational,5
1303,373,D_SAC196_MTC000,MTC000,2,diversion,5
908,1303,SAC196,D_SAC196_MTC000,2,operational,5
373,2715,MTC000,D_MTC000_09_NA,2,operational,5
154,757,TCC022,C_TCC022,2,operational,5
2694,908,SR_05_SAC196,SAC196,2,storage_return,5
908,2623,SAC196,C_SAC196,2,operational,5
687,2086,SAC195,C_SAC195,2,operational,5
1285,1723,R_10_NU1_CHWWTP,CHWWTP,2,return,5
4732,1033,Local Inflow: Paige Boulder and Andrews Creek,I_CLR011,2,operational,5
1819,2374,SAC193,SP_SAC193_BTC003,2,operational,5
1157,1090,D_CBC001_CCK036,CCK036,2,diversion,5
137,1335,C_NFA054,NFA048,2,operational,5
6819,2502,D_CYN010_TWL005,TWL005,2,diversion,5
922,6819,CYN010,D_CYN010_TWL005,2,operational,5
922,683,CYN010,C_CYN010,2,operational,5
112,2356,C_LVC001,DRM003,2,operational,5
492,112,LVC001,C_LVC001,2,operational,5
2912,1946,SAC188,SP_SAC188_BTC003,2,operational,5
2364,2619,SP_SAC159_BTC003,SAC159,2,operational,5
2494,1763,SAC148,SP_SAC148_BTC003,2,operational,5
226,2254,DRM009,C_DRM009,2,operational,5
2669,1341,DRM011,C_DRM011,2,operational,5
422,2016,D_SPLDG_DRM000,DRM000,2,diversion,5
339,2453,BCC014,C_BCC014,2,operational,5
2453,480,C_BCC014,BCC012,2,operational,5
5092,2240,Big Chico Creek,I_BCC014,2,operational,5
2240,339,I_BCC014,BCC014,2,operational,5
5898,2139,Minor North-East Streams,I_MNS000,2,operational,5
2139,2226,I_MNS000,MNS000,2,operational,5
2975,259,BRR017,D_BRR017_23_NA,2,operational,5
948,2368,C_CBC000,CBC000,2,operational,5
948,512,C_CBC000,CBC001,2,operational,5
391,2221,C_BRR004,FTR012,2,operational,5
1952,1695,LBC001,C_LBC001,2,operational,5
407,595,LBC010,C_LBC010,2,operational,5
2858,2634,BEC000,C_BEC000,2,operational,5
1264,40,BEC021,C_BEC021,2,operational,5
2254,2669,C_DRM009,DRM011,2,operational,5
821,3579,FOLSM,E_FOLSM,2,operational,5
273,652,YUB023,C_YUB023,2,operational,5
883,1184,YUB024,C_YUB024,2,operational,5
2589,423,YUB014,C_YUB014,2,operational,5
1044,867,YUB013,C_YUB013,2,operational,5
3791,1258,Local Inflow to Englebright Reservoir,I_ENGLB,2,operational,5
164,421,SR_23_BRR011,BRR011,2,storage_return,5
2205,599,WSE004,D_WSE004_24_NA1,2,operational,5
1987,742,LBC040,C_LBC040,2,operational,5
2821,2326,STH001,C_STH001,2,operational,5
6621,1266,Local Inflow to Camp Far West Reservoir,I_CMPFW,2,operational,5
1213,426,BRR031,C_BRR031,2,operational,5
814,2345,C_BRR028,BRR028,2,operational,5
2642,1582,BRR023,C_BRR023,2,operational,5
2975,2862,BRR017,C_BRR017,2,operational,5
737,391,BRR004,C_BRR004,2,operational,5
1705,2104,C_BEC022,BEC024,2,operational,5
2587,1450,C_CBD044,CBD044,2,operational,5
4625,609,"08S_SA3 RD 108, River Garden Farms, Misc. Settlement Contractors",R_08S_SA3_RFS8S,2,operational,5
5386,2822,SG326_CBD018_56,CBD018,2,operational,5
5587,2907,SG210_SAC277_32,SAC277,2,operational,5
6265,1656,SG216_SAC275_34,SAC275,2,operational,5
2616,1773,SAC178,SP_SAC178_BTC003,2,operational,5
1773,1231,SP_SAC178_BTC003,BTC003,2,operational,5
2698,1097,I_SGRGE,SGRGE,2,operational,5
1839,72,CSL005,D_CSL005_25_NA,2,operational,5
2918,2701,RFS25,R_RFS25_CSL005,2,operational,5
2701,1839,R_RFS25_CSL005,CSL005,2,return,5
4613,4473,CSL004,C_CSL004B,2,operational,5
826,1839,C_YBP002,CSL005,2,operational,5
901,1321,R_RFS18_SBP021,RFS18,2,return,5
1270,1791,BSL000,D_BSL000_SAC141,2,operational,5
627,4478,BSL001,C_BSL001A,2,operational,5
627,315,BSL001,D_BSL001_18_NA,2,operational,5
4798,1560,SG331_SAC085_57,SAC085,2,operational,5
604,2492,SP_SAC083_YBP037,YBP037,2,operational,5
1943,4177,D_SAC115_19_SA,"19_SA Sutter MWC (part), Pelger MWC, Bardis et al., Misc. Settlement Contractors",2,diversion,5
34,4177,D_SAC099_19_SA,"19_SA Sutter MWC (part), Pelger MWC, Bardis et al., Misc. Settlement Contractors",2,diversion,5
2812,774,C_RD1500,SSL001,2,operational,5
813,66,R_19_SA_RD1500,RD1500,2,return,5
4177,813,"19_SA Sutter MWC (part), Pelger MWC, Bardis et al., Misc. Settlement Contractors",R_19_SA_RD1500,2,operational,5
1228,4177,D_SAC122_19_SA,"19_SA Sutter MWC (part), Pelger MWC, Bardis et al., Misc. Settlement Contractors",2,diversion,5
2385,2216,FTR008,C_FTR008,2,operational,5
346,2385,C_FTR012,FTR008,2,operational,5
2145,2250,STH000,C_STH000,2,operational,5
3604,2953,22_SA2 Misc. FRSA Diverters,R_22_SA2_SAC083,2,operational,5
2802,3604,D_FTR003_22_SA2,22_SA2 Misc. FRSA Diverters,2,diversion,5
917,291,SAC083,D_SAC083_21_SA,2,operational,5
478,538,C_KLR005,KLR005,2,operational,5
1879,1811,C_KLR006,YBP034,2,operational,5
6214,538,D_CBD000_KLR005,KLR005,2,diversion,5
538,1318,KLR005,D_KLR005_21_PA,2,operational,5
472,2303,FTR068,D_FTR068_THRMF,2,operational,5
1683,1762,WEC005,D_WEC005_BTC032,2,operational,5
143,1906,BTC017,C_BTC017,2,operational,5
4824,877,SG290_BTC007_52,BTC007,2,operational,5
877,1093,BTC007,C_BTC007,2,operational,5
920,2498,D_BTC012_CRK005,CRK005,2,diversion,5
2630,1900,BTC012,D_BTC012_09_SA2,2,operational,5
351,1528,R_17S_PR_SBP021,SBP021,2,return,5
251,1528,R_DWRPS2_SBP021,SBP021,2,return,5
1528,99,SBP021,D_SBP021_DWRPS2,2,operational,5
99,1002,D_SBP021_DWRPS2,DWRPS2,2,diversion,5
5546,1528,SG337_SBP021_58,SBP021,2,operational,5
1470,928,R_DWRPS1_SBP012,SBP012,2,return,5
491,1470,DWRPS1,R_DWRPS1_SBP012,2,operational,5
928,2324,SBP012,D_SBP012_DWRPS1,2,operational,5
280,6643,D_FTR021_16_PA,16_PA Feather WD,2,diversion,5
624,927,R_24_NA2_ABN000,ABN000,2,return,5
1029,1406,SR_13_RFS13,RFS13,2,storage_return,5
2544,1658,I_SFF011,SFF011,2,operational,5
185,1295,I_WBF006,WBF006,2,operational,5
4941,121,Philbrook Creek,I_RVPHB,2,operational,5
385,39,WBF030,C_WBF030,2,operational,5
39,2313,C_WBF030,WBF015,2,operational,5
1856,821,C_NFA011,FOLSM,2,operational,5
6192,401,26N_NU3 City of Sacramento North of River,R_26N_NU3_SRWWTP,2,operational,5
1260,1755,C_DCK012,EMD007,2,operational,5
1755,271,EMD007,C_EMD007,2,operational,5
109,2498,R_17N_PR_CRK005,CRK005,2,return,5
4997,109,17N_PR Gray Lodge WA,R_17N_PR_CRK005,2,operational,5
2245,1597,RFS11,R_RFS11_WWC006,2,operational,5
2403,4997,D_JBC002_17N_PR,17N_PR Gray Lodge WA,2,diversion,5
2946,2498,R_11_SA2_CRK005,CRK005,2,return,5
2546,1343,BGD000,D_BGD000_17N_PR,2,operational,5
1896,2498,C_BGD000,CRK005,2,operational,5
2536,1987,D_WSE003_LBC040,LBC040,2,diversion,5
2121,2199,C_CLRLK,CCH083,2,operational,5
979,972,C_CCH083,CCH075,2,operational,5
231,972,C_CCH075,CCH075,2,operational,5
231,2200,C_CCH075,CCH058,2,operational,5
202,1364,C_INDVL,NFC013,2,operational,5
2425,1364,C_NFC013,NFC013,2,operational,5
2425,793,C_NFC013,NFC005,2,operational,5
1169,2868,I_CCH053,CCH053,2,operational,5
790,613,SR_20_CCH032,CCH032,2,storage_return,5
594,2008,C_CCH030,CCH023,2,operational,5
1640,2785,CCH017,C_CCH017,2,operational,5
938,1640,C_CCH023,CCH017,2,operational,5
2785,558,C_CCH017,CCH012,2,operational,5
1547,2982,C_CCH012,CCH006,2,operational,5
1387,374,CCH003,C_CCH003,2,operational,5
798,1387,C_CCH006,CCH003,2,operational,5
374,1766,C_CCH003,YBP032,2,operational,5
6844,6226,R_20_NA2_WLW000,WLW000,2,return,5
4612,4027,20_NA1 Yolo County FCWCD,R_20_NA1_WLW000,2,operational,5
3689,1086,SG397_YBP026_68,YBP026,2,operational,5
2795,196,YBP023,D_YBP023_21_SA,2,operational,5
690,111,BRYSA,C_BRYSA,2,operational,5
111,1041,C_BRYSA,PTH030,2,operational,5
2614,1740,C_PTH030,PTH024,2,operational,5
159,875,C_PTH024,PTH021,2,operational,5
875,13,PTH021,C_PTH021,2,operational,5
13,126,C_PTH021,PTH020,2,operational,5
2577,769,C_PTH020,PTH015,2,operational,5
2980,1734,C_PTH015,PTH011,2,operational,5
2798,114,C_PTH011,PTH007,2,operational,5
388,114,C_PTH007,PTH007,2,operational,5
5765,2014,SG407_YBP016_70,YBP016,2,operational,5
5426,2433,SG408_YBP014_70,YBP014,2,operational,5
6268,1243,SG409_YBP011_70,YBP011,2,operational,5
2163,2487,PSC003,D_PSC003_25_PA1,2,operational,5
7045,2358,25_PA1 Solano ID (North),R_25_PA1_RFS25,2,operational,5
1740,1785,PTH024,D_PTH024_PSC003,2,operational,5
2163,14,PSC003,D_PSC003_20_PA,2,operational,5
5805,1069,20_PA UC Davis,R_20_PA_PTH011,2,operational,5
4833,1337,25_PA2 Maine Prarie WD,R_25_PA2_CSL005,2,operational,5
1337,1839,R_25_PA2_CSL005,CSL005,2,return,5
1440,6467,D_PSC015_CSPSO,Solano State Prison,2,diversion,5
2752,98,D_PSC013_WTPDEF,PSC013,2,diversion,5
298,1827,PSC020,D_PSC020_WTPCMT,2,operational,5
1190,6736,D_WTPCMT_SUISN,Suisun City,2,diversion,5
1827,5658,D_PSC020_WTPCMT,WTP CMT,2,diversion,5
4687,190,WTP WMN,D_WTPWMN_FRFLD,2,operational,5
1676,1745,PSC024,D_PSC024_WTPWMN,2,operational,5
1676,1487,PSC024,D_PSC024_SIDSH,2,operational,5
1142,4923,D_WTPJAC_NAPA,"Napa, St. Helena, Calistoga",2,diversion,5
5723,1142,WTP JAC,D_WTPJAC_NAPA,2,operational,5
1837,5723,D_NBA027_WTPJAC,WTP JAC,2,diversion,5
6249,2960,WTP AMC,D_WTPAMC_AMCYN,2,operational,5
2960,5417,D_WTPAMC_AMCYN,City of American Canyon,2,diversion,5
2552,6249,D_NBA027_WTPAMC,WTP AMC,2,diversion,5
2864,261,NBA021,C_NBA021,2,operational,5
781,2552,NBA027,D_NBA027_WTPAMC,2,operational,5
261,781,C_NBA021,NBA027,2,operational,5
2267,2864,C_NBA011,NBA021,2,operational,5
2032,711,NBA009,C_NBA009,2,operational,5
4473,6089,C_CSL004B,BKR004,2,operational,5
6089,4757,BKR004,D_BKR004_NBA009,2,operational,5
2298,2267,NBA011,C_NBA011,2,operational,5
711,2298,C_NBA009,NBA011,2,operational,5
577,4251,D_VJB000_WTPFMH,WTP FMH,2,diversion,5
876,6894,D_VJB000_WTPBNC,WTP BNC,2,diversion,5
79,4077,D_WTPFMH_VLLJO,City of Vallejo,2,diversion,5
1536,3706,D_WTPBNC_BNCIA,City of Benicia,2,diversion,5
6714,2592,SG411_YBP002_70,YBP002,2,operational,5
4861,2875,SG410_YBP007_70,YBP007,2,operational,5
1446,1839,SR_25_CSL005,CSL005,2,storage_return,5
4613,4817,CSL004,C_CSL004A,2,operational,5
388,2427,C_PTH007,YBP020,2,operational,5
2597,2427,SP_SAC066_YBP020,YBP020,2,operational,5
1584,2136,SAC065,D_SAC065_WTPBTB,2,operational,5
2526,299,PSC006,D_PSC006_25_PA2,2,operational,5
299,4833,D_PSC006_25_PA2,25_PA2 Maine Prarie WD,2,diversion,5
2095,2787,TCC085,C_TCC085,2,operational,5
322,287,I_COW014,COW014,2,operational,5
6278,2126,SG213_COW003_33,COW003,2,operational,5
4239,287,SG211_COW014_33,COW014,2,operational,5
6489,678,Paynes and Sevenmile Creeks,I_PYN001,2,operational,5
678,1929,I_PYN001,PYN001,2,operational,5
1779,1471,I_ANT011,ANT011,2,operational,5
4415,6377,Sly Creek,I_SLYCK,2,operational,5
5688,480,SG269_BCC012_50,BCC012,2,operational,5
1367,5841,D_MIO023_12_NU1,12_NU1 CalWater (Oroville),2,diversion,5
441,215,C_GCC015,GCC022,2,operational,5
1171,945,C_CBD001,CBD001,2,operational,5
5995,2383,WTP BTB,D_WTPBTB_21_PU,2,operational,5
2540,253,RFS22,R_RFS22_EMD001,2,operational,5
1494,577,VJB000,D_VJB000_WTPFMH,2,operational,5
6894,1536,WTP BNC,D_WTPBNC_BNCIA,2,operational,5
4251,79,WTP FMH,D_WTPFMH_VLLJO,2,operational,5
5638,77,WTP TAB,D_WTPTAB_TVAFB,2,operational,5
2032,1772,NBA009,D_NBA009_WTPTAB,2,operational,5
4757,2032,D_BKR004_NBA009,NBA009,2,diversion,5
1866,5346,D_CBD028_08S_PA,08S_PA Colusa Drain MWC (part),2,diversion,5
1865,1588,R_08S_NA2_RFS8S,RFS8S,2,return,5
1300,6242,I_NBLDB,Local Inflow to New Bullards Bar Reservoir,2,operational,5
532,2663,SR_14_YUB011,YUB011,2,storage_return,5
2787,2531,C_TCC085,TCC111,2,operational,5
654,6114,R_17S_SA_SAC085,17S_SA Misc. FRSA Diverters,2,return,5
5871,6281,D_WTPEDH_ELDID_NU3,ELDID_NU3,2,diversion,5
2521,2579,R_04_NU2_SAC217,SAC217,2,return,5
5470,2521,"04_NU2 City of Corning, Gerber-Las Flores CSD, Small Communities",R_04_NU2_SAC217,2,operational,5
316,5200,D_DWRPS2_11_NA,"11_NA Sutter Butte MWC, Non-District",2,diversion,5
3964,1104,16_NA1 Non-District,R_16_NA1_DWRPS2,2,operational,5
2163,547,PSC003,C_PSC003,2,operational,5
1516,2319,WLWWTP,R_WLWWTP_YBP032,2,operational,5
2466,1696,BRR061,C_BRR061,2,operational,5
2421,2169,BRR066,C_BRR066,2,operational,5
4090,1141,SG232_SAC232_39,SAC232,2,operational,5
9,2955,C_RLLNS,BRR050,2,operational,5
2151,417,CLR011,C_CLR011,2,operational,5
2191,6837,OMR013,C_OMR013A,2,operational,5
729,2958,BTL006,D_BTL006_03_NA,2,operational,5
6977,11,Thomes Creek,I_THM028,2,operational,5
3830,661,SG328_CBD005_56,CBD005,2,operational,5
463,476,CBD028,D_CBD028_08S_SA3,2,operational,5
2282,2373,MFY012,C_MFY012,2,operational,5
978,2282,C_MFY013,MFY012,2,operational,5
2364,1231,SP_SAC159_BTC003,BTC003,2,operational,5
2716,6623,SAC078,D_SAC078_22_SA1,2,operational,5
5843,140,SG417_SAC000_71,SAC000,2,operational,5
2218,1077,CCC019,D_CCC019_CCWD,2,operational,5
2276,2218,C_CCC007,CCC019,2,operational,5
2840,2276,CCC007,C_CCC007,2,operational,5
2123,244,CHIPPS,D_CHIPPS_CCC019,2,operational,5
244,2218,D_CHIPPS_CCC019,CCC019,2,diversion,5
5914,56,Kellogg Creek,I_LOSVQ,2,operational,5
5350,768,WTP VNY,D_WTPVNY_26S_PU5,2,operational,5
357,250,SR_26S_MOK014,MOK014,2,storage_return,5
727,410,C_WBF006,NFF008,2,operational,5
410,554,NFF008,C_NFF008,2,operational,5
155,1994,FTR074,C_FTR074,2,operational,5
2619,1423,SAC159,D_SAC159_08N_SA1,2,operational,5
5677,975,SG342_FTR063_59,FTR063,2,operational,5
1178,752,SAC207,C_SAC207,2,operational,5
1938,1522,STN009,C_STN009,2,operational,5
2626,1938,C_STN014,STN009,2,operational,5
692,2478,SR_06_CBD049,CBD049,2,storage_return,5
2110,1993,C_GCC065,CBD031,2,operational,5
2618,1993,C_CBD031,CBD031,2,operational,5
6626,1169,Local Inflow to Cache Creek,I_CCH053,2,operational,5
6983,1912,SG224_SAC259_37,SAC259,2,operational,5
6900,1746,SG228_SAC254_39,SAC254,2,operational,5
6561,2411,SG229_SAC250_39,SAC250,2,operational,5
4037,1302,SG298_SAC115_53,SAC115,2,operational,5
5660,1875,WTP DEF,D_WTPDEF_25_PU,2,operational,5
1875,6148,D_WTPDEF_25_PU,25_PU City of Vacaville,2,diversion,5
190,6502,D_WTPWMN_FRFLD,City of Fairfield,2,diversion,5
1745,4687,D_PSC024_WTPWMN,WTP WMN,2,diversion,5
5408,1661,SG230_SAC247_39,SAC247,2,operational,5
781,6854,NBA027,D_NBA027_NBALOS,2,operational,5
2268,4583,D_WEC005_11_PR,11_PR Upper Butte Basin Wildlife Area Howard Slough Unit and Little Dry Creek,2,diversion,5
6837,791,C_OMR013A,OMR002,2,operational,5
1812,5530,I_MSH015,Marsh Creek,2,operational,5
734,2133,DD_OMR027_OMR,OMR027,2,operational,5
1978,2057,SJR009,C_SJR009,2,operational,5
1476,1128,D_OMR021_ORP000,ORP000,2,diversion,5
377,1389,SJR006,C_SJR006,2,operational,5
1996,1443,DRC005,D_DRC005_05_NA,2,operational,5
1443,5500,D_DRC005_05_NA,"05_NA Los Molinos MWC, Non-District Misc Settlement Contractors",2,diversion,5
6380,2478,SG318_CBD049_55,CBD049,2,operational,5
2478,2965,CBD049,D_CBD049_08N_SA1,2,operational,5
2478,1715,CBD049,D_CBD049_08N_PA,2,operational,5
186,3850,R_08N_SA2_CBD049,08N_SA2 Glenn-Colusa ID (part),2,return,5
1278,3850,D_GCC027_08N_SA2,08N_SA2 Glenn-Colusa ID (part),2,diversion,5
2198,1450,R_07N_NA_CBD044,CBD044,2,return,5
1115,2478,R_08N_PR1_CBD049,CBD049,2,return,5
1115,5029,R_08N_PR1_CBD049,08N_PR1 Sacramento NWR,2,return,5
1672,5029,D_GCC027_08N_PR1,08N_PR1 Sacramento NWR,2,diversion,5
274,5126,R_08S_SA2_CBD037,08S_SA2 Glenn-Colusa ID (part),2,return,5
1862,1226,GCC050,C_GCC050,2,operational,5
1226,1205,C_GCC050,GCC056,2,operational,5
1461,1862,C_GCC046,GCC050,2,operational,5
1463,1461,GCC046,C_GCC046,2,operational,5
1092,1463,C_GCC042,GCC046,2,operational,5
2484,1205,D_GCC056_08S_PR,GCC056,2,diversion,5
680,5126,D_CBD041_08S_SA2,08S_SA2 Glenn-Colusa ID (part),2,diversion,5
1664,6326,D_CBD037_08S_PR,08S_PR Colusa NWR,2,diversion,5
2549,1664,CBD037,D_CBD037_08S_PR,2,operational,5
1820,2976,GCC060,C_GCC060,2,operational,5
1205,771,GCC056,C_GCC056,2,operational,5
771,1820,C_GCC056,GCC060,2,operational,5
2976,334,C_GCC060,GCC065,2,operational,5
4966,463,SG324_CBD028_56,CBD028,2,operational,5
512,4615,CBC001,D_CBC001_CBCLOS,2,operational,5
1264,4467,BEC021,D_BEC021_BECLOS,2,operational,5
4491,377,SG203_SJR006_31,SJR006,2,operational,5
936,5170,D_SJR006_ANTOC,City of Antioch,2,diversion,5
377,936,SJR006,D_SJR006_ANTOC,2,operational,5
453,924,CHCGO,C_CHCGO,2,operational,5
2651,453,C_CHIPPS,CHCGO,2,operational,5
2840,2756,CCC007,D_CCC007_ANTOC,2,operational,5
2756,5170,D_CCC007_ANTOC,City of Antioch,2,diversion,5
541,82,SAC169,C_SAC169,2,operational,5
2548,4500,D_SEC009_17S_PR,17S_PR Sutter NWR,2,diversion,5
1958,2548,SEC009,D_SEC009_17S_PR,2,operational,5
646,2568,C_BRR072,BRR067,2,operational,5
1813,282,C_BRR073,BRR072,2,operational,5
282,646,BRR072,C_BRR072,2,operational,5
905,2005,YUB022,C_YUB022,2,operational,5
2005,2589,C_YUB022,YUB014,2,operational,5
652,905,C_YUB023,YUB022,2,operational,5
1184,273,C_YUB024,YUB023,2,operational,5
1003,273,C_DER001,YUB023,2,operational,5
1258,355,I_ENGLB,ENGLB,2,operational,5
355,3590,ENGLB,E_ENGLB,2,operational,5
123,5367,D_CGT005_14_NA,14_NA Browns Valley ID,2,diversion,5
184,3560,D_CLRLK_CLLPT,Clearlake-Lakeport,2,diversion,5
230,184,CLRLK,D_CLRLK_CLLPT,2,operational,5
240,2021,SAC296,C_SAC296,2,operational,5
3640,2154,WTP FTH,D_WTPFTH_02_SU,2,operational,5
1807,3640,D_SAC296_WTPFTH,WTP FTH,2,diversion,5
1807,240,D_SAC296_WTPFTH,SAC296,2,diversion,5
2512,4313,D_MTC000_09_PR,09_PR Upper Butte Wildlife Area and Sacramento River NWR - Llano Seco Units,2,diversion,5
2675,541,CT_BUTTECITY,SAC169,2,operational,5
476,4625,D_CBD028_08S_SA3,"08S_SA3 RD 108, River Garden Farms, Misc. Settlement Contractors",2,diversion,5
4617,1865,08S_NA2 Non-District,R_08S_NA2_RFS8S,2,operational,5
6496,2209,08S_NA1 Non-District,R_08S_NA1_CBD031,2,operational,5
5428,2061,SG207_SAC289_32,SAC289,2,operational,5
1131,43,CT_BENDBRIDGE,SAC257,2,operational,5
6562,908,SG262_SAC196_48,SAC196,2,operational,5
2085,2483,CT_WILKINSSL,SAC120,2,operational,5
644,2802,FTR003,D_FTR003_22_SA2,2,operational,5
4484,1734,SG403_PTH011_69,PTH011,2,operational,5
4053,114,SG404_PTH007_69,PTH007,2,operational,5
1652,114,CT_DAVIS,PTH007,2,operational,5
6458,2982,SG394_CCH006_68,CCH006,2,operational,5
4489,558,SG393_CCH012_68,CCH012,2,operational,5
22,558,CT_YOLO,CCH012,2,operational,5
3725,421,SG359_BRR011_62,BRR011,2,operational,5
259,7033,D_BRR017_23_NA,"23_NA Camp Far West ID, South Sutter WD, Non-District",2,diversion,5
1212,2838,CT_WHEATLAND,CMPFW,2,operational,5
176,355,CT_SMARTVILLE,ENGLB,2,operational,5
3855,1416,04_NU1 City of Red Bluff (part),R_04_NU1_SAC240,2,operational,5
6232,1441,SG254_SAC224_46,SAC224,2,operational,5
6719,1895,26N_NU2 Carmichael WD,R_26N_NU2_SRWWTP,2,operational,5
2852,2475,AMR015,C_AMR015,2,operational,5
2185,6719,D_WTPBJM_26N_NU2,26N_NU2 Carmichael WD,2,diversion,5
2970,2317,C_FSC003,FSC013,2,operational,5
3938,368,WTP COL,D_WTPCOL_26S_PU2,2,operational,5
368,4001,D_WTPCOL_26S_PU2,26S_PU2 Golden State WC,2,diversion,5
2963,1018,R_26S_NU4_RFS26S,RFS26S,2,return,5
4436,2288,S_NTOMA,D_NTOMA_FSC003,2,operational,5
2288,1904,D_NTOMA_FSC003,FSC003,2,diversion,5
1619,1137,AMR022,C_AMR022,2,operational,5
1018,2450,RFS26S,R_RFS26S_AMR020,2,operational,5
669,821,CT_FAIROAKS,FOLSM,2,operational,5
376,521,I_SFA040,SFA040,2,operational,5
6170,499,"26N_PU3, Orange Vale WC, Citrus Heights WD, Fair Oaks WD",R_26N_PU3_SRWWTP,2,operational,5
5330,1962,WTP SJP,D_WTPSJP_26N_PU2,2,operational,5
1118,5330,D_FOLSM_WTPSJP,WTP SJP,2,diversion,5
6637,1238,"26N_NU5 Golden State WC, Sacramento County WA Zone 41, Del Paso Manor WD, Cal. Am WC",R_26N_NU5_SRWWTP,2,operational,5
1234,306,R_26N_NU4_SRWWTP,SRWWTP,2,return,5
1234,6906,R_26N_NU4_SRWWTP,26N_NU4 Sacramento Suburban WD (Aracde),2,return,5
2693,6192,D_WTPFBN_26N_NU3,26N_NU3 City of Sacramento North of River,2,diversion,5
3554,2260,WTP FBN,D_WTPFBN_26N_NU1,2,operational,5
3554,2693,WTP FBN,D_WTPFBN_26N_NU3,2,operational,5
4998,2093,WTP SAC,D_WTPSAC_26N_NU3,2,operational,5
2093,6192,D_WTPSAC_26N_NU3,26N_NU3 City of Sacramento North of River,2,diversion,5
585,892,SAC003,C_SAC003,2,operational,5
140,2636,SAC000,DD_SAC000_SACW,2,operational,5
5758,644,SG365_FTR003_64,FTR003,2,operational,5
508,6821,D_SAC281_02_NA,02_NA Non-District,2,diversion,5
1382,508,SAC281,D_SAC281_02_NA,2,operational,5
2418,535,SAC273,D_SAC273_03_NA,2,operational,5
535,4099,D_SAC273_03_NA,03_NA Non-District,2,diversion,5
4099,749,03_NA Non-District,R_03_NA_SAC269,2,operational,5
596,1580,SAC185,D_SAC185_09_NA,2,operational,5
961,4290,D_SAC185_08N_NA,08N_NA Non-District,2,diversion,5
596,961,SAC185,D_SAC185_08N_NA,2,operational,5
1580,5602,D_SAC185_09_NA,"09_NA Llano Seco Rancho, Dayton MWC, Non-District",2,diversion,5
2419,2501,SAC146,D_SAC146_08S_NA1,2,operational,5
2501,6496,D_SAC146_08S_NA1,08S_NA1 Non-District,2,diversion,5
1791,2212,D_BSL000_SAC141,SAC141,2,diversion,5
576,2419,SR_08S_SAC146,SAC146,2,storage_return,5
2794,4177,D_SAC109_19_SA,"19_SA Sutter MWC (part), Pelger MWC, Bardis et al., Misc. Settlement Contractors",2,diversion,5
51,1082,SAC129,D_SAC129_08S_NA2,2,operational,5
1082,4617,D_SAC129_08S_NA2,08S_NA2 Non-District,2,diversion,5
2550,4248,LWSTN,E_LWSTN,2,operational,5
1974,4359,KSWCK,E_KSWCK,2,operational,5
2084,1974,SR_02_KSWCK,KSWCK,2,storage_return,5
1793,656,FTR072,C_FTR072,2,operational,5
1074,1793,C_OROVL,FTR072,2,operational,5
1272,674,R_12_NU1_ORWWTP,ORWWTP,2,return,5
151,674,R_11_NU1_ORWWTP,ORWWTP,2,return,5
930,5568,D_THRMF_11_NU1,11_NU1 Thermalito ID (Oroville),2,diversion,5
151,5568,R_11_NU1_ORWWTP,11_NU1 Thermalito ID (Oroville),2,return,5
2066,2409,FTR067,C_FTR067,2,operational,5
472,195,FTR068,C_FTR068,2,operational,5
894,155,C_SFF002,FTR074,2,operational,5
1129,894,SFF002,C_SFF002,2,operational,5
331,167,C_SFF008,SFF008,2,operational,5
1045,167,C_SFF011,SFF008,2,operational,5
855,5821,D_MNRRH_WTPMNR,WTP MNR,2,diversion,5
2528,2895,SLYCK,C_SLYCK,2,operational,5
2231,352,SFF029,D_SFF029_SFT000,2,operational,5
352,1882,D_SFF029_SFT000,SFT000,2,diversion,5
102,2528,C_LST007,SLYCK,2,operational,5
247,935,SFF020,C_SFF020,2,operational,5
1109,1340,SFF018,C_SFF018,2,operational,5
935,6463,C_SFF020,SFF019,2,operational,5
2189,2830,LST004,C_LST004,2,operational,5
416,247,C_LST003,SFF020,2,operational,5
1545,416,LST003,C_LST003,2,operational,5
2830,1545,C_LST004,LST003,2,operational,5
1570,1665,MNRRH,D_MNRRH_13_NA,2,operational,5
2116,6777,D_MNRRH_13_NU2,13_NU2 Small Communities,2,diversion,5
2189,4566,LST004,D_LST004_WPT005,2,operational,5
2895,2189,C_SLYCK,LST004,2,operational,5
2986,1681,SCT000,C_SCT000,2,operational,5
370,409,C_SFY007,YUB030,2,operational,5
932,1913,C_MERLC,FDC006,2,operational,5
1368,978,MFY013,C_MFY013,2,operational,5
1194,2844,D_MFY013_LRT000,LRT000,2,diversion,5
212,1368,I_MFY013,MFY013,2,operational,5
6169,212,Local Inflow to Middle Fork Yuba River,I_MFY013,2,operational,5
2523,1699,C_LRT000,OGN005,2,operational,5
2500,2776,D_OGN005_CMT000,CMT000,2,diversion,5
6036,1415,Oregon Creek,I_OGN005,2,operational,5
1415,1699,I_OGN005,OGN005,2,operational,5
6050,736,S_NBLDB,C_NBLDB,2,operational,5
1726,123,CGT005,D_CGT005_14_NA,2,operational,5
902,633,NFY002,C_NFY002,2,operational,5
736,902,C_NBLDB,NFY002,2,operational,5
55,1726,D_NBLDB_CGT005,CGT005,2,diversion,5
412,55,NBLDB,D_NBLDB_CGT005,2,operational,5
1726,2347,CGT005,C_CGT005,2,operational,5
1841,6043,R_07S_PA_CBD028,"07S_PA 4-M WD, Colusa County WD, Cortina WD, Davis WD, Dunnigan WD, Glenn Valley WD, Holthouse WD (part), La Grande WD, Myers-Marsh MWC, Westside WD",2,return,5
2334,6821,D_CWD009_02_NA,02_NA Non-District,2,diversion,5
4527,1409,WTP JMS,D_WTPJMS_03_PU1,2,operational,5
1409,5878,D_WTPJMS_03_PU1,"03_PU1 Jones Valley CSA, Shasta Lake CSD, Mountain Gate CSD",2,diversion,5
1340,1658,C_SFF018,SFF011,2,operational,5
1681,219,C_SCT000,LST007,2,operational,5
2628,2986,D_SLT009_SCT000,SCT000,2,diversion,5
991,1969,C_JBC000,JBC002,2,operational,5
5954,2208,"11_SA3 Biggs-West Gridley WD, Butte WD",R_11_SA3_RFS11,2,operational,5
2208,2245,R_11_SA3_RFS11,RFS11,2,return,5
1969,1380,JBC002,C_JBC002,2,operational,5
1380,999,C_JBC002,JBC004,2,operational,5
1826,1455,D_JBC002_RVC005,RVC005,2,diversion,5
1845,4004,D_THRMA_JBC000,S_THRMA,2,diversion,5
1506,5082,WLF013,D_WLF013_NIDDC_NA3,2,operational,5
5082,6444,D_WLF013_NIDDC_NA3,NIDDC_NA3,2,diversion,5
1246,1506,I_WLF013,WLF013,2,operational,5
1506,1011,WLF013,C_WLF013,2,operational,5
2605,1813,BRR073,C_BRR073,2,operational,5
4191,2428,D_DRM003_BRR074,BRR074,2,diversion,5
1604,9,RLLNS,C_RLLNS,2,operational,5
454,2605,C_BRR074,BRR073,2,operational,5
5801,2428,D_SYC002_BRR074,BRR074,2,diversion,5
1341,2568,C_DRM011,BRR067,2,operational,5
2275,2381,LKVLY,C_LKVLY,2,operational,5
2275,6319,LKVLY,E_LKVLY,2,operational,5
2469,2275,I_LKVLY,LKVLY,2,operational,5
297,137,NFA054,C_NFA054,2,operational,5
2312,297,C_NNA013,NFA054,2,operational,5
1458,4099,D_COW014_03_NA,03_NA Non-District,2,diversion,5
5602,1332,"09_NA Llano Seco Rancho, Dayton MWC, Non-District",R_09_NA_LCC016,2,operational,5
1665,6766,D_MNRRH_13_NA,"13_NA South Feather Water and Power Agency, Yuba County WD, Non-District",2,diversion,5
6766,1313,"13_NA South Feather Water and Power Agency, Yuba County WD, Non-District",R_13_NA_RFS13,2,operational,5
1588,205,RFS8S,R_RFS8S_SAC093,2,operational,5
278,5331,C_LBC043,LBC047,2,operational,5
278,18,C_LBC043,LBC043,2,operational,5
742,18,C_LBC040,LBC043,2,operational,5
2507,6906,D_WTPFBN_26N_NU4,26N_NU4 Sacramento Suburban WD (Aracde),2,diversion,5
490,6705,D_WTPSAC_26S_PU4,"26S_PU4 Sacramento County WA Zone 41 (Laguna, Franklin)",2,diversion,5
2430,896,WSE003,C_WSE003,2,operational,5
363,5361,C_BEC024,WSE000,2,operational,5
2955,2727,BRR050,D_BRR050_BEC000,2,operational,5
2104,363,BEC024,C_BEC024,2,operational,5
2727,2858,D_BRR050_BEC000,BEC000,2,diversion,5
1952,6866,LBC001,D_LBC001_LBCLOS,2,operational,5
595,337,C_LBC010,LBC030,2,operational,5
134,1952,D_LBR002_LBC001,LBC001,2,diversion,5
1695,407,C_LBC001,LBC010,2,operational,5
1010,134,LBR002,D_LBR002_LBC001,2,operational,5
337,1393,LBC030,C_LBC030,2,operational,5
2119,1253,LBC032,C_LBC032,2,operational,5
1253,2237,C_LBC032,LBC038,2,operational,5
896,2205,C_WSE003,WSE004,2,operational,5
40,1280,C_BEC021,BEC022,2,operational,5
2634,1264,C_BEC000,BEC021,2,operational,5
1280,1705,BEC022,C_BEC022,2,operational,5
2205,1358,WSE004,C_WSE004,2,operational,5
4297,1456,SG388_SAC022_67,SAC022,2,operational,5
2671,972,C_NFC005,CCH075,2,operational,5
2908,230,I_CLRLK,CLRLK,2,operational,5
230,4150,CLRLK,E_CLRLK,2,operational,5
1869,394,SAC082,C_SAC082,2,operational,5
1749,1345,SAC093,C_SAC093,2,operational,5
1350,4612,D_CCH030_20_NA1,20_NA1 Yolo County FCWCD,2,diversion,5
214,2795,SR_21_YBP023,YBP023,2,storage_return,5
2953,917,R_22_SA2_SAC083,SAC083,2,return,5
1188,1636,SR_24_CCK007,CCK007,2,storage_return,5
1607,1636,SR_23_CCK007,CCK007,2,storage_return,5
2237,2687,LBC038,C_LBC038,2,operational,5
2687,1987,C_LBC038,LBC040,2,operational,5
1852,103,NFA022,C_NFA022,2,operational,5
2810,4357,R_24_NA1_CCK022,24_NA1 Nevada ID,2,return,5
2810,1005,R_24_NA1_CCK022,CCK022,2,return,5
1686,3817,D_BEC022_WTPBWM,WTP BWM,2,diversion,5
1170,1901,R_24_NU1_ABN027,ABN027,2,return,5
1869,2882,SAC082,D_SAC082_22_SA1,2,operational,5
2303,2947,D_FTR068_THRMF,THRMF,2,diversion,5
2947,930,THRMF,D_THRMF_11_NU1,2,operational,5
2947,4769,THRMF,E_THRMF,2,operational,5
2409,975,C_FTR067,FTR063,2,operational,5
4451,78,SG387_SAC030_67,SAC030,2,operational,5
78,1562,SAC030,C_SAC030,2,operational,5
1456,2510,SAC022,C_SAC022,2,operational,5
2317,722,FSC013,C_FSC013,2,operational,5
250,436,MOK014,C_MOK014,2,operational,5
2255,6721,D_MOK035_60N_NA4,60N_NA4 Woodbridge ID Woodbridge Users Association,2,diversion,5
6721,846,60N_NA4 Woodbridge ID Woodbridge Users Association,R_60N_NA4_SJR022,2,operational,5
846,1685,R_60N_NA4_SJR022,SJR022,2,return,5
5017,584,SG171_SJR023_26,SJR023,2,operational,5
2981,325,SJR026,DD_SJR026_SJRE,2,operational,5
2109,340,MOK004,C_MOK004,2,operational,5
127,1766,R_21_PA_YBP032,YBP032,2,return,5
2835,59,SAC081,C_SAC081,2,operational,5
5118,2481,21_NA Non-District,R_21_NA_YBP032,2,operational,5
2481,1766,R_21_NA_YBP032,YBP032,2,return,5
1361,5203,D_SAC075_22_NA,22_NA Non-District,2,diversion,5
5203,2202,22_NA Non-District,R_22_NA_RFS22,2,operational,5
2202,2540,R_22_NA_RFS22,RFS22,2,return,5
2503,2865,SAC074,C_SAC074,2,operational,5
519,770,SAC066,C_SAC066,2,operational,5
2835,1857,SAC081,D_SAC081_21_NA,2,operational,5
1857,5118,D_SAC081_21_NA,21_NA Non-District,2,diversion,5
954,6117,D_SAC074_21_SA,"21_SA Conaway Conservancy Group (RD 2035), Sacramento River Ranch LLC, Misc. Settlement Contractors",2,diversion,5
196,6117,D_YBP023_21_SA,"21_SA Conaway Conservancy Group (RD 2035), Sacramento River Ranch LLC, Misc. Settlement Contractors",2,diversion,5
5958,519,SG372_SAC066_65,SAC066,2,operational,5
926,1886,SAC064,C_SAC064,2,operational,5
6117,288,"21_SA Conaway Conservancy Group (RD 2035), Sacramento River Ranch LLC, Misc. Settlement Contractors",R_21_SA_YBP020,2,operational,5
288,2427,R_21_SA_YBP020,YBP020,2,return,5
223,2067,C_OMR021,OMR018,2,operational,5
547,2526,C_PSC003,PSC006,2,operational,5
2487,7045,D_PSC003_25_PA1,25_PA1 Solano ID (North),2,diversion,5
14,5805,D_PSC003_20_PA,20_PA UC Davis,2,diversion,5
1785,2163,D_PTH024_PSC003,PSC003,2,diversion,5
2918,593,RFS25,D_RFS25_25_PA2,2,operational,5
593,4833,D_RFS25_25_PA2,25_PA2 Maine Prarie WD,2,diversion,5
2582,1350,CCH030,D_CCH030_20_NA1,2,operational,5
1318,4376,D_KLR005_21_PA,21_PA Colusa Drain MWC,2,diversion,5
127,4376,R_21_PA_YBP032,21_PA Colusa Drain MWC,2,return,5
2795,2278,YBP023,C_YBP023,2,operational,5
927,2315,ABN000,C_ABN000,2,operational,5
2540,1884,RFS22,R_RFS22_SAC066,2,operational,5
436,2109,C_MOK014,MOK004,2,operational,5
1374,1873,SAC007,C_SAC007,2,operational,5
878,156,VCT002,D_VCT002_ORP000,2,operational,5
188,6646,OMR024,C_OMR024A,2,operational,5
2753,4485,D_FSC025_60N_PU,60N_PU SMUD Rancho Seco Power Plant,2,diversion,5
792,6926,SAC029,C_SAC029B,2,operational,5
325,3961,DD_SJR026_SJRE,Delta Net Depletion,2,operational,5
63,1731,C_FSC015,FSC025,2,operational,5
6751,250,SG197_MOK014_30,MOK014,2,operational,5
6926,2109,C_SAC029B,MOK004,2,operational,5
2882,6996,D_SAC082_22_SA1,"22_SA1 Natomas Central MWD, Pleasant Grove-Verona MWC, Misc. Settlement Contractors",2,diversion,5
2894,6996,D_CRC002_22_SA1,"22_SA1 Natomas Central MWD, Pleasant Grove-Verona MWC, Misc. Settlement Contractors",2,diversion,5
4102,2385,SG363_FTR008_63,FTR008,2,operational,5
35,2385,CT_NICOLAUS,FTR008,2,operational,5
808,6457,D_SAC136_18_NA,"18_NA Butte Slough IC, Sutter Butte MWC, Non-District",2,diversion,5
1949,808,SAC136,D_SAC136_18_NA,2,operational,5
5064,853,"18_SA Meridian Farms WC, Lomo Cold Storage, Sutter MWC (part), Tisdale IDC, Misc. Settlement Contractors",R_18_SA_RFS18,2,operational,5
1667,5064,D_SAC136_18_SA,"18_SA Meridian Farms WC, Lomo Cold Storage, Sutter MWC (part), Tisdale IDC, Misc. Settlement Contractors",2,diversion,5
2502,1625,TWL005,C_TWL005,2,operational,5
2933,697,BRR060,C_BRR060,2,operational,5
1696,2933,C_BRR061,BRR060,2,operational,5
462,2466,C_LBR002,BRR061,2,operational,5
1625,1010,C_TWL005,LBR002,2,operational,5
1397,6123,D_LBC010_PCWA3,"PCWA Zone 3 Monte Vista, Colfax, Applegate",2,diversion,5
407,1397,LBC010,D_LBC010_PCWA3,2,operational,5
282,4453,BRR072,Upper Boarman Canal Sealed shut 02/86,2,operational,5
226,592,DRM009,D_DRM009_CYN010,2,operational,5
592,922,D_DRM009_CYN010,CYN010,2,diversion,5
1083,2421,C_BRR067,BRR066,2,operational,5
2568,1083,BRR067,C_BRR067,2,operational,5
683,2517,C_CYN010,CYN009,2,operational,5
75,5789,D_WSE004_24_NU3,24_NU3 Nevada ID (North Auburn),2,diversion,5
2205,75,WSE004,D_WSE004_24_NU3,2,operational,5
5789,1624,24_NU3 Nevada ID (North Auburn),R_24_NU3_CCK038,2,operational,5
1624,2137,R_24_NU3_CCK038,CCK038,2,return,5
2145,1509,STH000,D_STH000_ABN027,2,operational,5
1157,512,D_CBC001_CCK036,CBC001,2,diversion,5
1292,4357,D_CBC001_24_NA1,24_NA1 Nevada ID,2,diversion,5
2893,5516,D_WTPAUB_24_NU1,"24_NU1 Placer County WA (City of Auburn, Bowman, Ophir, Newcastle)",2,diversion,5
4803,2893,WTP AUB,D_WTPAUB_24_NU1,2,operational,5
2237,933,LBC038,D_LBC038_WTPAUB,2,operational,5
1992,213,C_ABN027,ABN026,2,operational,5
1511,2145,C_WSE008,STH000,2,operational,5
1358,6722,C_WSE004,WSE006,2,operational,5
1204,118,NFA016,C_NFA016,2,operational,5
1204,144,NFA016,D_NFA016_ABT002,2,operational,5
2081,1581,D_ABT002_STH001,ABT002,2,diversion,5
2158,1511,WSE008,C_WSE008,2,operational,5
599,4357,D_WSE004_24_NA1,24_NA1 Nevada ID,2,diversion,5
512,1292,CBC001,D_CBC001_24_NA1,2,operational,5
104,385,D_WBF030_HKC002,WBF030,2,diversion,5
2307,2313,I_WBF015,WBF015,2,operational,5
121,888,I_RVPHB,RVPHB,2,operational,5
4323,2791,S_RVPHB,C_RVPHB,2,operational,5
241,735,R_RFS26N_PGWWTP,PGWWTP,2,return,5
1962,3984,D_WTPSJP_26N_PU2,26N_PU2 San Juan WD,2,diversion,5
3817,2074,WTP BWM,D_WTPBWM_24_NU1,2,operational,5
2074,5516,D_WTPBWM_24_NU1,"24_NU1 Placer County WA (City of Auburn, Bowman, Ophir, Newcastle)",2,diversion,5
2536,2430,D_WSE003_LBC040,WSE003,2,diversion,5
2250,2821,C_STH000,STH001,2,operational,5
1280,1686,BEC022,D_BEC022_WTPBWM,2,operational,5
2518,2014,C_YBP020,YBP016,2,operational,5
1094,2433,C_YBP016,YBP014,2,operational,5
2298,2511,NBA011,D_NBA011_WTPNBR,2,operational,5
2163,6988,PSC003,D_PSC003_PSCLOS,2,operational,5
2526,1435,PSC006,C_PSC006,2,operational,5
519,2597,SAC066,SP_SAC066_YBP020,2,operational,5
2555,1766,C_YBP034,YBP032,2,operational,5
2896,2095,C_TCC081,TCC085,2,operational,5
1316,2733,C_SBP021,SBP018,2,operational,5
2733,1663,SBP018,C_SBP018,2,operational,5
1023,1957,SBP014,D_SBP014_17S_NA,2,operational,5
1023,1583,SBP014,C_SBP014,2,operational,5
1528,1316,SBP021,C_SBP021,2,operational,5
2144,774,CT_SACSLOUGH,SSL001,2,operational,5
928,2346,SBP012,C_SBP012,2,operational,5
6493,824,SG212_COW007_33,COW007,2,operational,5
6061,1993,SG322_CBD031_55,CBD031,2,operational,5
274,2549,R_08S_SA2_CBD037,CBD037,2,return,5
2203,1993,R_08S_PR_CBD031,CBD031,2,return,5
1564,1993,C_CBD037,CBD031,2,operational,5
428,5126,D_GCC056_08S_SA2,08S_SA2 Glenn-Colusa ID (part),2,diversion,5
428,1205,D_GCC056_08S_SA2,GCC056,2,diversion,5
1363,1205,D_TCC085_GCC056,GCC056,2,diversion,5
2616,350,SAC178,D_SAC178_08N_SA1,2,operational,5
1897,2794,SAC109,D_SAC109_19_SA,2,operational,5
691,917,CT_VERONA,SAC083,2,operational,5
534,1361,SAC075,D_SAC075_22_NA,2,operational,5
175,4998,D_SAC062_WTPSAC,WTP SAC,2,diversion,5
644,2486,FTR003,C_FTR003,2,operational,5
309,5783,D_LBC049_24_NA3,24_NA3 Placer County WA Zone 1,2,diversion,5
821,1498,FOLSM,C_FOLSM,2,operational,5
1430,2242,C_STH007,NFA011,2,operational,5
1227,2242,C_MRM001,NFA011,2,operational,5
144,1581,D_NFA016_ABT002,ABT002,2,diversion,5
2649,1858,SAC048,C_SAC048,2,operational,5
3554,552,WTP FBN,D_WTPFBN_26S_NU1,2,operational,5
3554,1153,WTP FBN,D_WTPFBN_26S_NU2,2,operational,5
5713,1842,"26S_PU6 Cal. Am. WC, Sacramento County WA Zone 41 (Vineyard, Sunrise Douglas, Mather, Sunrise, Rio Del Oro, Security Park, Grantline 99, Tokay Park)",R_26S_PU6_SRWWTP,2,operational,5
5350,1499,WTP VNY,D_WTPVNY_26S_PU6,2,operational,5
1718,2849,AMR007,D_AMR007_WTPFBN,2,operational,5
1153,4126,D_WTPFBN_26S_NU2,"26S_NU2 Cal. Am. WC (Parkway, Rosemont), Sacramento County WA Zone 41",2,diversion,5
2849,3554,D_AMR007_WTPFBN,WTP FBN,2,diversion,5
1499,5713,D_WTPVNY_26S_PU6,"26S_PU6 Cal. Am. WC, Sacramento County WA Zone 41 (Vineyard, Sunrise Douglas, Mather, Sunrise, Rio Del Oro, Security Park, Grantline 99, Tokay Park)",2,diversion,5
580,2524,SR_26N_NTOMA,NTOMA,2,storage_return,5
1498,2524,C_FOLSM,NTOMA,2,operational,5
1811,2555,YBP034,C_YBP034,2,operational,5
1576,643,SAC091,D_SAC091_19_SA,2,operational,5
643,4177,D_SAC091_19_SA,"19_SA Sutter MWC (part), Pelger MWC, Bardis et al., Misc. Settlement Contractors",2,diversion,5
774,682,SSL001,C_SSL001,2,operational,5
2346,774,C_SBP012,SSL001,2,operational,5
205,1749,R_RFS8S_SAC093,SAC093,2,return,5
1501,2877,SAC099,C_SAC099,2,operational,5
540,2705,SAC106,C_SAC106,2,operational,5
2483,1273,SAC120,C_SAC120,2,operational,5
1897,1622,SAC109,C_SAC109,2,operational,5
334,2,GCC065,D_GCC065_08S_PA,2,operational,5
1975,661,C_CBD012,CBD005,2,operational,5
943,2822,C_CBD018,CBD018,2,operational,5
943,1680,C_CBD018,CBD012,2,operational,5
1770,2822,C_CBD023,CBD018,2,operational,5
1770,400,C_CBD023,CBD023,2,operational,5
263,463,C_CBD028,CBD028,2,operational,5
2,5346,D_GCC065_08S_PA,08S_PA Colusa Drain MWC (part),2,diversion,5
1072,241,RFS26N,R_RFS26N_PGWWTP,2,operational,5
1328,4981,D_FTR008_16_SA,"16_SA Garden Highway MWC, Tudor ID, Oswald MWC, Misc. FRSA Diverters",2,diversion,5
2661,916,SAC036,C_SAC036,2,operational,5
78,1366,SAC030,D_SAC030_MOK014,2,operational,5
263,400,C_CBD028,CBD023,2,operational,5
6261,400,SG325_CBD023_56,CBD023,2,operational,5
857,1455,C_RVC000,RVC005,2,operational,5
857,1613,C_RVC000,RVC000,2,operational,5
1291,2234,THRMA,D_THRMA_RVC000,2,operational,5
2234,1613,D_THRMA_RVC000,RVC000,2,diversion,5
1800,556,D_THRMA_WEC000,WEC000,2,diversion,5
2022,3549,DRM002,D_DRM002_SYC001,2,operational,5
3549,2645,D_DRM002_SYC001,SYC001,2,diversion,5
2356,5768,DRM003,D_DRM003_DRMLOS,2,operational,5
526,84,ABN006,D_ABN006_23_NA,2,operational,5
1646,4357,D_ABN024_24_NA1,24_NA1 Nevada ID,2,diversion,5
2171,1646,ABN024,D_ABN024_24_NA1,2,operational,5
293,5588,D_WTPCSD_02_PA,02_PA Clear Creek CSD,2,diversion,5
293,4643,D_WTPCSD_02_PA,WTP CSD,2,diversion,5
1134,4643,D_WTPCSD_02_PU,WTP CSD,2,diversion,5
1134,5984,D_WTPCSD_02_PU,"02_PU Centerville CSD, Clear Creek CSD, Keswick CSA, Shasta CSD",2,diversion,5
356,1439,CT_OROVILLE,OROVL,2,operational,5
2050,1107,C_TTC000,TTC002,2,operational,5
221,2765,C_HKC002,TTC000,2,operational,5
1636,498,CCK007,C_CCK007,2,operational,5
2357,1636,C_CCK022,CCK007,2,operational,5
1237,1636,R_RFS23_CCK007,CCK007,2,return,5
2448,873,R_23_NA_RFS23,RFS23,2,return,5
7033,2448,"23_NA Camp Far West ID, South Sutter WD, Non-District",R_23_NA_RFS23,2,operational,5
873,1848,RFS23,R_RFS23_BRR004,2,operational,5
873,1237,RFS23,R_RFS23_CCK007,2,operational,5
84,7033,D_ABN006_23_NA,"23_NA Camp Far West ID, South Sutter WD, Non-District",2,diversion,5
2607,4428,D_ABN010_24_NA2,"24_NA2 Placer County WA Zone 5, Non-District",2,diversion,5
2171,67,ABN024,C_ABN024,2,operational,5
498,927,C_CCK007,ABN000,2,operational,5
617,927,C_ABN006,ABN000,2,operational,5
526,617,ABN006,C_ABN006,2,operational,5
2468,526,C_ABN010,ABN006,2,operational,5
5084,2007,Local Inflow to Garden Bar Dam site,I_BRR023,2,operational,5
2007,2642,I_BRR023,BRR023,2,operational,5
5807,383,"02_NU City of Anderson, Cottonwood WD, Small Communities",R_02_NU_SAC281,2,operational,5
383,1382,R_02_NU_SAC281,SAC281,2,return,5
5884,1382,SG209_SAC281_32,SAC281,2,operational,5
805,146,STH004,C_STH004,2,operational,5
146,74,C_STH004,STH005,2,operational,5
6148,2290,25_PU City of Vacaville,R_25_PU_EAWWTP,2,operational,5
72,4745,D_CSL005_25_NA,25_NA Non-District,2,diversion,5
2294,1839,R_25_NA_CSL005,CSL005,2,return,5
4745,2294,25_NA Non-District,R_25_NA_CSL005,2,operational,5
2433,2088,YBP014,C_YBP014,2,operational,5
610,1839,R_EAWWTP_CSL005,CSL005,2,return,5
1546,610,EAWWTP,R_EAWWTP_CSL005,2,operational,5
2290,1546,R_25_PU_EAWWTP,EAWWTP,2,return,5
6864,4655,R_DVWWTP_WLW005,WLW005,2,return,5
2062,6864,DVWWTP,R_DVWWTP_WLW005,2,operational,5
307,2062,R_20_NU1_DVWWTP,DVWWTP,2,return,5
782,1516,R_20_NU1_WLWWTP,WLWWTP,2,return,5
5244,782,"20_NU1 City of Davis, Woodland, and UC Davis",R_20_NU1_WLWWTP,2,operational,5
1086,1512,YBP026,C_YBP026,2,operational,5
1512,2795,C_YBP026,YBP023,2,operational,5
1272,5841,R_12_NU1_ORWWTP,12_NU1 CalWater (Oroville),2,return,5
1009,5841,D_THRMF_12_NU1,12_NU1 CalWater (Oroville),2,diversion,5
2947,1009,THRMF,D_THRMF_12_NU1,2,operational,5
4743,390,Middle Fork American River,I_MFA023,2,operational,5
1319,6024,LOSVQ,E_LOSVQ,2,operational,5
1319,2224,LOSVQ,D_LOSVQ_TRNSF,2,operational,5
2224,2854,D_LOSVQ_TRNSF,TRNSF,2,diversion,5
1319,2099,LOSVQ,C_LOSVQ,2,operational,5
2099,2067,C_LOSVQ,OMR018,2,operational,5
719,544,D_MAQ057_LVP007,LVP007,2,diversion,5
5848,2067,C_RSL001B,OMR018,2,operational,5
2038,5848,RSL001,C_RSL001B,2,operational,5
2051,544,C_LVP007,LVP007,2,operational,5
382,719,MAQ057,D_MAQ057_LVP007,2,operational,5
2462,1444,D_MAQ057_EBMUD,EBMUD,2,diversion,5
382,2462,MAQ057,D_MAQ057_EBMUD,2,operational,5
2684,1685,SR_60N_SJR022,SJR022,2,storage_return,5
5185,2123,C_SAC000,CHIPPS,2,operational,5
140,5185,SAC000,C_SAC000,2,operational,5
611,2387,PSC033,D_PSC033_VJB000,2,operational,5
1676,166,PSC024,C_PSC024,2,operational,5
166,611,C_PSC024,PSC033,2,operational,5
1000,2814,PSC017,C_PSC017,2,operational,5
1000,2841,PSC017,D_PSC017_WTPNBR,2,operational,5
5311,2766,WTP NBR,D_WTPNBR_25_PU,2,operational,5
5311,1492,WTP NBR,D_WTPNBR_FRFLD,2,operational,5
1492,6502,D_WTPNBR_FRFLD,City of Fairfield,2,diversion,5
1487,5934,D_PSC024_SIDSH,Solano ID (South),2,diversion,5
2511,5311,D_NBA011_WTPNBR,WTP NBR,2,diversion,5
2841,5311,D_PSC017_WTPNBR,WTP NBR,2,diversion,5
4027,6226,R_20_NA1_WLW000,WLW000,2,return,5
5928,6844,20_NA2 Non-District,R_20_NA2_WLW000,2,operational,5
6226,5784,WLW000,C_WLW000,2,operational,5
5784,4655,C_WLW000,WLW005,2,operational,5
2838,6056,CMPFW,E_CMPFW,2,operational,5
1368,1194,MFY013,D_MFY013_LRT000,2,operational,5
2844,2523,LRT000,C_LRT000,2,operational,5
633,2188,C_NFY002,YUB039,2,operational,5
2347,1026,C_CGT005,CGT006,2,operational,5
2235,5951,D_SAC294_WTPBLV,WTP BLV,2,diversion,5
5951,2734,WTP BLV,D_WTPBLV_03_PU2,2,operational,5
2734,5135,D_WTPBLV_03_PU2,03_PU2 Bella Vista WD,2,diversion,5
4081,2917,R_GRSVL_WLF021,WLF021,2,return,5
2917,903,WLF021,C_WLF021,2,operational,5
903,318,C_WLF021,WLF017,2,operational,5
6884,6419,D_CBC000_NIDBR_NA,NIDBR_NA,2,diversion,5
2368,6884,CBC000,D_CBC000_NIDBR_NA,2,operational,5
2792,249,SAC011,C_SAC011,2,operational,5
4319,2271,SG201_SJR013_31,SJR013,2,operational,5
2271,172,SJR013,DD_SJR013_SJRW,2,operational,5
6177,140,DA_SACW_SAC000_DV,SAC000,2,operational,5
6398,30,SG389_SAC017_67,SAC017,2,operational,5
30,283,SAC017,DD_SAC017_SACS,2,operational,5
4172,30,DA_SACS_SAC017_DV,SAC017,2,operational,5
5054,2661,SG386_SAC036_67,SAC036,2,operational,5
1967,3527,DD_SAC041_SACN,Delta Depletion,2,operational,5
5422,2109,DA_MOK_MOK004_DV,MOK004,2,operational,5
4351,2981,DA_SJRE_SJR026_DV,SJR026,2,operational,5
2239,1265,SJR028,C_SJR028,2,operational,5
584,1758,SJR023,C_SJR023,2,operational,5
2981,128,SJR026,C_SJR026,2,operational,5
4089,6895,Delta Accretion,DA_OMR_OMR027_DV,2,operational,5
6091,2271,DA_SJRW_SJR013_DV,SJR013,2,operational,5
6895,2133,DA_OMR_OMR027_DV,OMR027,2,operational,5
2133,2489,OMR027,C_OMR027,2,operational,5
694,6874,D_FOLSM_26S_PU3,26S_PU3 California Parks and Recreation,2,diversion,5
694,821,D_FOLSM_26S_PU3,FOLSM,2,diversion,5
6596,2912,SG275_SAC188_51,SAC188,2,operational,5
1156,1329,C_BTC029,BTC024,2,operational,5
1329,2026,BTC024,C_BTC024,2,operational,5
2026,2591,C_BTC024,BTC018,2,operational,5
2591,73,BTC018,C_BTC018,2,operational,5
2335,799,BTC016,C_BTC016,2,operational,5
2264,2567,BTC015,C_BTC015,2,operational,5
2567,2630,C_BTC015,BTC012,2,operational,5
1906,2335,C_BTC017,BTC016,2,operational,5
799,2264,C_BTC016,BTC015,2,operational,5
944,2880,FTR028,C_FTR028,2,operational,5
559,378,R_15N_NU_LCWWTP,LCWWTP,2,return,5
2624,1549,C_YUB003,YUB002,2,operational,5
378,332,LCWWTP,R_LCWWTP_FTR025,2,operational,5
2115,1287,AMR006,C_AMR006,2,operational,5
1026,766,CGT006,C_CGT006,2,operational,5
766,2945,C_CGT006,YUB034,2,operational,5
3853,87,SG382_SAC057_67,SAC057,2,operational,5
2886,438,SAC061,C_SAC061,2,operational,5
1432,1989,SAC053,C_SAC053,2,operational,5
1569,1648,C_OGN004,MFY005,2,operational,5
2373,1648,C_MFY012,MFY005,2,operational,5
1648,174,MFY005,C_MFY005,2,operational,5
174,2188,C_MFY005,YUB039,2,operational,5
4548,2073,Local Inflow North Fork American River,I_NFA022,2,operational,5
2073,1852,I_NFA022,NFA022,2,operational,5
2439,1852,C_NFA048,NFA022,2,operational,5
103,392,C_NFA022,NFA019,2,operational,5
392,1810,NFA019,C_NFA019,2,operational,5
2879,392,C_MFA001,NFA019,2,operational,5
1810,1204,C_NFA019,NFA016,2,operational,5
1930,385,C_WBF039,WBF030,2,operational,5
1575,1930,WBF039,C_WBF039,2,operational,5
2791,1575,C_RVPHB,WBF039,2,operational,5
6187,1333,West Branch Feather River,I_WBF030,2,operational,5
1333,385,I_WBF030,WBF030,2,operational,5
1924,737,SR_15S_BRR004,BRR004,2,storage_return,5
2880,1655,C_FTR028,FTR025,2,operational,5
1655,891,FTR025,C_FTR025,2,operational,5
4477,1655,SG353_FTR025_61,FTR025,2,operational,5
332,1655,R_LCWWTP_FTR025,FTR025,2,return,5
364,378,R_15S_NU_LCWWTP,LCWWTP,2,return,5
6350,364,"15S_NU Olivehurst PUD, City of Wheatland, Linda County WD, Small Communities",R_15S_NU_LCWWTP,2,operational,5
917,604,SAC083,SP_SAC083_YBP037,2,operational,5
2492,160,YBP037,C_YBP037,2,operational,5
160,1811,C_YBP037,YBP034,2,operational,5
2175,1000,C_PSC015,PSC017,2,operational,5
2175,1049,C_PSC015,PSC015,2,operational,5
1435,98,C_PSC006,PSC013,2,operational,5
197,1049,C_PSC013,PSC015,2,operational,5
197,98,C_PSC013,PSC013,2,operational,5
2752,5660,D_PSC013_WTPDEF,WTP DEF,2,diversion,5
2766,6148,D_WTPNBR_25_PU,25_PU City of Vacaville,2,diversion,5
2885,2662,WSWWTP,R_WSWWTP_SJR028,2,operational,5
2952,2885,R_60N_NU1_WSWWTP,WSWWTP,2,return,5
7004,2952,60N_NU1 Cities of Galt and Lodi small communities,R_60N_NU1_WSWWTP,2,operational,5
1847,1879,KLR006,C_KLR006,2,operational,5
478,1847,C_KLR005,KLR006,2,operational,5
6791,1766,SG396_YBP032_68,YBP032,2,operational,5
1132,945,CT_COLUSA,CBD001,2,operational,5
5586,4652,SG374_FOLSM_66,S_FOLSM,2,operational,5
924,4260,C_CHCGO,Suisun Bay,2,operational,5
2814,298,C_PSC017,PSC020,2,operational,5
4203,2038,C_OMR013B,RSL001,2,operational,5
6646,8,C_OMR024A,OMR021,2,operational,5
2152,3871,D_WTPVNY_26S_PU1,"26S_PU1 City of Folsom, Folsom State Prison",2,diversion,5
2662,2239,R_WSWWTP_SJR028,SJR028,2,return,5
2919,2239,R_60N_NA3_SJR028,SJR028,2,return,5
6792,2239,SG170_SJR028_26,SJR028,2,operational,5
384,1551,SJR062,C_SJR062,2,operational,5
2809,2155,C_CAA000,CAA002,2,operational,5
2655,2927,SJR070,C_SJR070,2,operational,5
2286,1818,SJR056,C_SJR056,2,operational,5
868,639,C_CAA002,CAA003,2,operational,5
1684,703,SR_62_MCD021,MCD021,2,storage_return,5
2155,868,CAA002,C_CAA002,2,operational,5
567,1694,SR_61_SJR053,SJR053,2,storage_return,5
2476,1056,MCD028,C_MCD028,2,operational,5
1961,1894,OMR028,C_OMR028,2,operational,5
6059,1973,SG169_SJR033_26,SJR033,2,operational,5
3541,1164,SG160_SJR038_24,SJR038,2,operational,5
1056,703,C_MCD028,MCD021,2,operational,5
2888,2437,I_NHGAN,NHGAN,2,operational,5
5340,2950,SG158_SJR048_24,SJR048,2,operational,5
1627,1151,SR_61_SJR043,SJR043,2,storage_return,5
4660,2888,Calaveras River,I_NHGAN,2,operational,5
381,4614,I_TULOC,Tuloc,2,operational,5
4614,925,Tuloc,C_TULOC,2,operational,5
3672,381,Local Inflow to Tullock Reservoir,I_TULOC,2,operational,5
1151,354,SJR043,C_SJR043,2,operational,5
1164,2018,SJR038,C_SJR038,2,operational,5
2950,411,SJR048,C_SJR048,2,operational,5
2125,1961,C_OMR039,OMR028,2,operational,5
1870,2809,CAA000,C_CAA000,2,operational,5
2239,1434,SJR028,D_SJR028_WTPDWS,2,operational,5
1410,2239,SR_60S_SJR028,SJR028,2,storage_return,5
1973,2091,SJR033,C_SJR033,2,operational,5
1694,2165,SJR053,C_SJR053a,2,operational,5
4440,1610,SG159_SJR042_24,SJR042,2,operational,5
1894,2133,C_OMR028,OMR027,2,operational,5
1610,2229,SJR042,C_SJR042,2,operational,5
5600,6937,SBA016,D_SBA016_DELVE,2,operational,5
6937,4020,D_SBA016_DELVE,DELVE,2,diversion,5
120,801,R_EDWWTP_DEE020,DEE020,2,return,5
1961,672,OMR028,D_OMR028_DMC003,2,operational,5
672,4668,D_OMR028_DMC003,DMC000,2,diversion,5
2251,2125,OMR039,C_OMR039,2,operational,5
598,2251,C_SJR053b,OMR039,2,operational,5
1694,598,SJR053,C_SJR053b,2,operational,5
601,2312,NNA013,C_NNA013,2,operational,5
601,1925,NNA013,D_NNA013_LVC001,2,operational,5
2381,601,C_LKVLY,NNA013,2,operational,5
5451,422,S_SPLDG,D_SPLDG_DRM000,2,operational,5
2133,1214,OMR027,D_OMR027_CAA000,2,operational,5
1214,1870,D_OMR027_CAA000,CAA000,2,diversion,5
639,2477,CAA003,C_CAA003,2,operational,5
6870,2286,SG157_SJR056_24,SJR056,2,operational,5
1953,2251,SR_71_OMR039,OMR039,2,storage_return,5
5393,5417,D_WTPJAC_AMCYN,City of American Canyon,2,diversion,5
5723,5393,WTP JAC,D_WTPJAC_AMCYN,2,operational,5
481,1844,MOK019,C_MOK019,2,operational,5
1844,250,C_MOK019,MOK014,2,operational,5
829,1231,C_CRK005,BTC003,2,operational,5
5818,559,"15N_NU CalWater (Marysville), Small Communities",R_15N_NU_LCWWTP,2,operational,5
4020,6130,DELVE,E_DELVE,2,operational,5
1839,6998,CSL005,C_CSL005,2,operational,5
6998,4613,C_CSL005,CSL004,2,operational,5
2435,4613,CT_WOODLAND,CSL004,2,operational,5
496,2317,D_FPT013_FSC013,FSC013,2,diversion,5
1609,496,FPT013,D_FPT013_FSC013,2,operational,5
2256,306,R_26S_PU4_SRWWTP,SRWWTP,2,return,5
1449,306,R_26S_PU5_SRWWTP,SRWWTP,2,return,5
2243,306,R_26S_NU1_SRWWTP,SRWWTP,2,return,5
1842,306,R_26S_PU6_SRWWTP,SRWWTP,2,return,5
562,306,R_26S_NU2_SRWWTP,SRWWTP,2,return,5
450,306,R_26S_PU1_SRWWTP,SRWWTP,2,return,5
444,306,R_RFS26S_SRWWTP,SRWWTP,2,return,5
1895,306,R_26N_NU2_SRWWTP,SRWWTP,2,return,5
615,306,R_26N_PU2_SRWWTP,SRWWTP,2,return,5
499,306,R_26N_PU3_SRWWTP,SRWWTP,2,return,5
625,306,R_26N_NU1_SRWWTP,SRWWTP,2,return,5
1238,306,R_26N_NU5_SRWWTP,SRWWTP,2,return,5
5333,789,SG380_AMR004_66,AMR004,2,operational,5
4702,1633,SG234_ANT010_40,ANT010,2,operational,5
4040,729,SG221_BTL006_36,BTL006,2,operational,5
6298,2838,SG357_CMPFW_62,CMPFW,2,operational,5
5076,737,SG361_BRR004_62,BRR004,2,operational,5
6064,1158,SG272_BCC004_50,BCC004,2,operational,5
3972,1993,SG323_CBD031_56,CBD031,2,operational,5
5633,945,SG329_CBD000_56,CBD001,2,operational,5
5752,706,SG219_CWD003_35,CWD003,2,operational,5
6069,2126,SG214_COW003_33,COW003,2,operational,5
5388,1996,SG258_DRC005_47,DRC005,2,operational,5
5579,1220,SG242_ELD005_42,ELD005,2,operational,5
5502,2206,SG352_FTR029_61,FTR029,2,operational,5
6474,2221,SG362_FTR012_63,FTR012,2,operational,5
5318,2385,SG364_FTR008_64,FTR008,2,operational,5
4857,644,SG366_FTR003_64,FTR003,2,operational,5
6456,2724,SG245_MLC004_43,MLC004,2,operational,5
5673,1929,SG226_PYN001_38,PYN001,2,operational,5
6254,114,SG405_PTH007_69,PTH007,2,operational,5
4486,1698,SG222_SAC269_37,SAC269,2,operational,5
6256,1912,SG227_SAC259_39,SAC259,2,operational,5
7010,1141,SG235_SAC232_41,SAC232,2,operational,5
4626,1441,SG247_SAC224_44,SAC224,2,operational,5
4711,2761,SG259_SAC218_48,SAC218,2,operational,5
7058,908,SG273_SAC196_51,SAC196,2,operational,5
6063,2494,SG293_SAC148_53,SAC148,2,operational,5
3671,2287,SG330_SAC092_57,SAC092,2,operational,5
7049,917,SG367_SAC083_65,SAC083,2,operational,5
4994,2835,SG369_SAC081_65,SAC081,2,operational,5
6476,2269,SG381_SAC063_67,SAC063,2,operational,5
4725,30,SG413_SAC017_71,SAC017,2,operational,5
3683,140,SG418_SAC000_72,SAC000,2,operational,5
4032,431,SG267_STN004_49,STN004,2,operational,5
6589,627,SG333_BSL001_58,BSL001,2,operational,5
5870,928,SG340_SBP012_58,SBP012,2,operational,5
5792,1379,SG253_THM005_45,THM005,2,operational,5
6145,2427,SG406_YBP020_70,YBP020,2,operational,5
6888,2592,SG412_YBP002_70,YBP002,2,operational,5
6403,1549,SG351_YUB002_60,YUB002,2,operational,5
2929,1348,DER022,D_DER022_DES006,2,operational,5
2035,2929,C_SCOTF,DER022,2,operational,5
1651,2035,SCOTF,C_SCOTF,2,operational,5
710,5429,DER011,D_DER011_NIDDC_NA2,2,operational,5
1983,3627,DER004,D_DER004_NIDDC_NA2,2,operational,5
2076,1983,I_DER004,DER004,2,operational,5
2929,1473,DER022,C_DER022,2,operational,5
1473,1558,C_DER022,DER018,2,operational,5
1558,136,DER018,C_DER018,2,operational,5
136,710,C_DER018,DER011,2,operational,5
710,2574,DER011,C_DER011,2,operational,5
2574,1983,C_DER011,DER004,2,operational,5
1983,335,DER004,C_DER004,2,operational,5
4431,2076,Local Inflow to Deer Creek,I_DER004,2,operational,5
329,1377,SFD003,D_SFD003_CSD014,2,operational,5
835,1411,C_SYC002,SYC003,2,operational,5
1079,835,SYC002,C_SYC002,2,operational,5
818,2645,C_SYC000,SYC001,2,operational,5
2539,818,SYC000,C_SYC000,2,operational,5
1008,2539,D_SPLDG_SYC000,SYC000,2,diversion,5
5451,1008,S_SPLDG,D_SPLDG_SYC000,2,operational,5
636,4333,SPLDG,E_SPLDG,2,operational,5
2836,636,I_SPLDG,SPLDG,2,operational,5
5122,2836,Local Inflow to Spaulding Reservoir,I_SPLDG,2,operational,5
335,2410,C_DER004,DER002,2,operational,5
1972,180,WLDWD,R_WLDWD_DER004,2,operational,5
180,1983,R_WLDWD_DER004,DER004,2,return,5
1533,1972,D_NWT013_WLDWD,WLDWD,2,diversion,5
2184,1533,NWT013,D_NWT013_WLDWD,2,operational,5
1558,489,DER018,D_DER018_NWT013,2,operational,5
489,2184,D_DER018_NWT013,NWT013,2,diversion,5
2184,6938,NWT013,D_NWT013_NIDDC_NA2,2,operational,5
6230,1418,Local Inflow to Scotts Flat,I_SCOTF,2,operational,5
1418,1651,I_SCOTF,SCOTF,2,operational,5
1651,6818,SCOTF,E_SCOTF,2,operational,5
2257,775,DER027,C_DER027,2,operational,5
775,1651,C_DER027,SCOTF,2,operational,5
329,1149,SFD003,C_SFD003,2,operational,5
1149,2257,C_SFD003,DER027,2,operational,5
1352,329,I_SFD003,SFD003,2,operational,5
4684,1352,Inflow to South Fork of Deer Creek Upstream from Diversion Dam,I_SFD003,2,operational,5
578,329,C_SYC020,SFD003,2,operational,5
1809,578,SYC020,C_SYC020,2,operational,5
2645,2295,SYC001,C_SYC001,2,operational,5
2295,1079,C_SYC001,SYC002,2,operational,5
2410,177,DER002,C_DER002,2,operational,5
177,338,C_DER002,DER001,2,operational,5
3627,6940,D_DER004_NIDDC_NA2,NIDDC_NA2,2,diversion,5
5429,6940,D_DER011_NIDDC_NA2,NIDDC_NA2,2,diversion,5
6938,6940,D_NWT013_NIDDC_NA2,NIDDC_NA2,2,diversion,5
4808,2410,R_NIDDC_NA2_DER002,DER002,2,return,5
6940,4808,NIDDC_NA2,R_NIDDC_NA2_DER002,2,operational,5
2543,1741,CSD014,C_CSD014,2,operational,5
1741,1604,C_CSD014,RLLNS,2,operational,5
1377,2543,D_SFD003_CSD014,CSD014,2,diversion,5
1348,2697,D_DER022_DES006,DES006,2,diversion,5
4900,4081,GRSVL Grass Valley / Nevada City,R_GRSVL_WLF021,2,operational,5
4599,318,R_NIDDC_NA1_WLF017,WLF017,2,return,5
5517,4599,NIDDC_NA1,R_NIDDC_NA1_WLF017,2,operational,5
318,61,WLF017,C_WLF017,2,operational,5
61,1506,C_WLF017,WLF013,2,operational,5
2543,1948,CSD014,D_CSD014_GRSVL,2,operational,5
1948,4900,D_CSD014_GRSVL,GRSVL Grass Valley / Nevada City,2,diversion,5
2543,4136,CSD014,D_CSD014_NIDDC_NA1,2,operational,5
4136,5517,D_CSD014_NIDDC_NA1,NIDDC_NA1,2,diversion,5
2697,477,DES006,D_DES006_GRSVL,2,operational,5
477,4900,D_DES006_GRSVL,GRSVL Grass Valley / Nevada City,2,diversion,5
2697,5589,DES006,D_DES006_NIDDC_NA1,2,operational,5
5589,5517,D_DES006_NIDDC_NA1,NIDDC_NA1,2,diversion,5
5517,4659,NIDDC_NA1,R_NIDDC_NA1_DER011,2,operational,5
4659,710,R_NIDDC_NA1_DER011,DER011,2,return,5
5541,4681,SFY043,C_SFY043,2,operational,5
4681,636,C_SFY043,SPLDG,2,operational,5
1408,1424,C_SFY033,SFY007,2,operational,5
2660,1408,SFY033,C_SFY033,2,operational,5
162,2660,C_SFY040,SFY033,2,operational,5
296,162,SFY040,C_SFY040,2,operational,5
1369,296,C_SFY041,SFY040,2,operational,5
1138,1369,SFY041,C_SFY041,2,operational,5
636,1004,SPLDG,C_SPLDG,2,operational,5
1004,1138,C_SPLDG,SFY041,2,operational,5
2539,2817,SYC000,D_SYC000_SFY041,2,operational,5
2817,1138,D_SYC000_SFY041,SFY041,2,diversion,5
2563,1247,FDC011,C_FDC011,2,operational,5
1247,2855,C_FDC011,SFY044,2,operational,5
457,4123,FRDYC,E_FRDYC,2,operational,5
1229,457,I_FRDYC,FRDYC,2,operational,5
5956,1229,Inflow to Fordyce Lake,I_FRDYC,2,operational,5
457,1267,FRDYC,C_FRDYC,2,operational,5
1267,2563,C_FRDYC,FDC011,2,operational,5
1548,2493,MFY044,C_MFY044,2,operational,5
2493,1368,C_MFY044,MFY013,2,operational,5
1892,2292,MFY045,C_MFY045,2,operational,5
2292,1548,C_MFY045,MFY044,2,operational,5
234,1133,MFY046,C_MFY046,2,operational,5
1133,1892,C_MFY046,MFY045,2,operational,5
2902,6753,JKSMD,E_JKSMD,2,operational,5
1585,2902,I_JKSMD,JKSMD,2,operational,5
4764,1585,Inflow to Jackson Meadows,I_JKSMD,2,operational,5
2902,2459,JKSMD,C_JKSMD,2,operational,5
2459,234,C_JKSMD,MFY046,2,operational,5
2676,5629,BOWMN,E_BOWMN,2,operational,5
2764,2676,I_BOWMN,BOWMN,2,operational,5
4877,2764,Local Inflow to Bowman Lake,I_BOWMN,2,operational,5
2676,632,BOWMN,C_BOWMN,2,operational,5
1892,738,MFY045,D_MFY045_MBT005,2,operational,5
738,1659,D_MFY045_MBT005,MBT005,2,diversion,5
1659,1038,MBT005,C_MBT005,2,operational,5
1038,2676,C_MBT005,BOWMN,2,operational,5
632,2898,C_BOWMN,CCS010,2,operational,5
2898,238,CCS010,C_CCS010,2,operational,5
238,386,C_CCS010,CCS009,2,operational,5
386,254,CCS009,C_CCS009,2,operational,5
254,2660,C_CCS009,SFY033,2,operational,5
1039,94,D_CCS010_BSC000,BSC000,2,diversion,5
94,1937,BSC000,C_BSC000,2,operational,5
1937,5481,C_BSC000,BSC005,2,operational,5
2898,1039,CCS010,D_CCS010_BSC000,2,operational,5
1621,2394,BSC010,C_BSC010,2,operational,5
2394,2213,C_BSC010,BSC011,2,operational,5
2213,2514,BSC011,C_BSC011,2,operational,5
2514,5541,C_BSC011,SFY043,2,operational,5
1621,4503,BSC010,D_BSC010_SFY043,2,operational,5
4503,5541,D_BSC010_SFY043,SFY043,2,diversion,5
3914,4476,I_LCBRF,LCBRF,2,operational,5
5411,3914,"Texas, Fall, and Rucker Creeks",I_LCBRF,2,operational,5
1336,5541,C_SFY044,SFY043,2,operational,5
2855,1336,SFY044,C_SFY044,2,operational,5
696,2713,BSC009,C_BSC009,2,operational,5
2713,1621,C_BSC009,BSC010,2,operational,5
569,2945,C_YUB039,YUB034,2,operational,5
2945,2386,YUB034,C_YUB034,2,operational,5
5924,4352,Echo Lake Inflow,I_ECHOL,2,operational,5
4352,6015,I_ECHOL,ECHOL,2,operational,5
3576,4587,C_ECHOL,TAHOE,2,operational,5
6074,3576,S_ECHOL,C_ECHOL,2,operational,5
4057,870,D_ECHOL_ELC001,ELC001,2,diversion,5
6015,4057,ECHOL,D_ECHOL_ELC001,2,operational,5
6655,1709,Inflow to Lake Caples,I_CAPLS,2,operational,5
1643,5838,CAPLS,C_CAPLS,2,operational,5
5838,1035,C_CAPLS,CPC008,2,operational,5
1643,6879,CAPLS,E_CAPLS,2,operational,5
1709,1643,I_CAPLS,CAPLS,2,operational,5
1035,1998,CPC008,C_CPC008,2,operational,5
1998,965,C_CPC008,SLF010,2,operational,5
4354,1136,Inflow to Silver Lake,I_SILVR,2,operational,5
2211,468,SILVR,C_SILVR,2,operational,5
468,986,C_SILVR,SLF015,2,operational,5
2211,5666,SILVR,E_SILVR,2,operational,5
1136,2211,I_SILVR,SILVR,2,operational,5
986,1593,SLF015,C_SLF015,2,operational,5
1593,4175,C_SLF015,SLF014,2,operational,5
2509,5685,C_SLF010,SLF009,2,operational,5
965,2509,SLF010,C_SLF010,2,operational,5
3977,1261,I_SFA066,SFA066,2,operational,5
6494,3977,South Fork American River nr Kyburz local inflow,I_SFA066,2,operational,5
1836,4482,SFA085,C_SFA085,2,operational,5
2606,2846,D_SFA066_EDC000,EDC000,2,diversion,5
1261,2606,SFA066,D_SFA066_EDC000,2,operational,5
2846,284,EDC000,C_EDC000,2,operational,5
2150,1261,C_SFA067,SFA066,2,operational,5
1798,2150,SFA067,C_SFA067,2,operational,5
2987,168,C_SFA066,SFA065,2,operational,5
1261,2987,SFA066,C_SFA066,2,operational,5
169,6515,EDC021,D_EDC021_WTPRS1,2,operational,5
6515,5846,D_EDC021_WTPRS1,WTP RS1,2,diversion,5
5846,4987,WTP RS1,D_WTPRS1_ELDID_NU3,2,operational,5
4987,6281,D_WTPRS1_ELDID_NU3,ELDID_NU3,2,diversion,5
135,7024,C_EDC007,EDC014,2,operational,5
2479,135,EDC007,C_EDC007,2,operational,5
2417,2479,C_EDC004,EDC007,2,operational,5
2388,2417,EDC004,C_EDC004,2,operational,5
284,2388,C_EDC000,EDC004,2,operational,5
53,2497,C_PLM001,SFA059,2,operational,5
2458,2857,I_PLM001,PLM001,2,operational,5
5800,2458,Plum Creek,I_PLM001,2,operational,5
5744,2497,D_EDC007_SFA059,SFA059,2,diversion,5
2479,5744,EDC007,D_EDC007_SFA059,2,operational,5
1217,2349,C_ALD001,SFA063,2,operational,5
6704,2876,I_ALD002,ALD002,2,operational,5
701,2349,C_SFA065,SFA063,2,operational,5
168,701,SFA065,C_SFA065,2,operational,5
1753,2497,C_SFA063,SFA059,2,operational,5
2349,1753,SFA063,C_SFA063,2,operational,5
5798,6704,Alder Creek local inflow,I_ALD002,2,operational,5
92,2496,C_SFA059,SFA048,2,operational,5
2087,811,I_SFA030,SFA030,2,operational,5
5872,2087,South Fork American River near Placerville Local Inflow,I_SFA030,2,operational,5
2742,811,C_SFA032,SFA030,2,operational,5
521,5739,SFA040,D_SFA040_WRT000,2,operational,5
5739,6020,D_SFA040_WRT000,WRT000,2,diversion,5
2594,37,C_WRT005,SFA032,2,operational,5
2124,2594,WRT005,C_WRT005,2,operational,5
2736,37,C_SFA035,SFA032,2,operational,5
6132,19,C_SFA039,SFA035,2,operational,5
5858,6132,SFA039,C_SFA039,2,operational,5
1891,6833,C_SFA045,SFA044,2,operational,5
2040,1891,SFA045,C_SFA045,2,operational,5
1088,2323,C_EDP003,SFA046,2,operational,5
566,1088,EDP003,C_EDP003,2,operational,5
1414,566,D_EDC021_EDP003,EDP003,2,diversion,5
169,1414,EDC021,D_EDC021_EDP003,2,operational,5
2656,2040,C_SFA046,SFA045,2,operational,5
2323,2656,SFA046,C_SFA046,2,operational,5
1116,2040,C_CMN006,SFA045,2,operational,5
2103,1116,CMN006,C_CMN006,2,operational,5
6803,1838,D_BSH003_CMN005,CMN005,2,diversion,5
2861,1838,D_SLV006_CMN005,CMN005,2,diversion,5
1306,2861,SLV006,D_SLV006_CMN005,2,operational,5
1932,2323,C_SFA048,SFA046,2,operational,5
2496,1932,SFA048,C_SFA048,2,operational,5
5156,1224,Inflow to Union Valley Reservoir,I_UNVLY,2,operational,5
1727,1349,UNVLY,C_UNVLY,2,operational,5
1349,333,C_UNVLY,SLV017,2,operational,5
1727,3802,UNVLY,E_UNVLY,2,operational,5
1224,1727,I_UNVLY,UNVLY,2,operational,5
2472,4,C_SLV017,SLV016,2,operational,5
5023,952,Inflow to Ice House,I_ICEHS,2,operational,5
1632,1526,ICEHS,C_ICEHS,2,operational,5
1526,4167,C_ICEHS,SSV013,2,operational,5
1632,3708,ICEHS,E_ICEHS,2,operational,5
952,1632,I_ICEHS,ICEHS,2,operational,5
4167,4064,SSV013,C_SSV013,2,operational,5
4064,4,C_SSV013,SLV016,2,operational,5
2832,2266,D_ICEHS_IHT002,IHT002,2,diversion,5
1632,2832,ICEHS,D_ICEHS_IHT002,2,operational,5
2266,430,IHT002,C_IHT002,2,operational,5
430,5380,C_IHT002,S_UNVLY,2,operational,5
1310,1727,C_RPT004,UNVLY,2,operational,5
1527,1310,RPT004,C_RPT004,2,operational,5
302,2826,C_SLV016,SLV015,2,operational,5
843,650,D_SLV015_JBT004,JBT004,2,diversion,5
2826,843,SLV015,D_SLV015_JBT004,2,operational,5
2646,819,C_JBT004,SLV007,2,operational,5
650,2646,JBT004,C_JBT004,2,operational,5
42,819,C_SLV014,SLV007,2,operational,5
2405,1909,C_SLV015,SLV014,2,operational,5
1981,2740,C_SLV006,SLV005,2,operational,5
1838,1322,CMN005,C_CMN005,2,operational,5
1322,2103,C_CMN005,CMN006,2,operational,5
2820,1306,C_SLV007,SLV006,2,operational,5
1289,1372,C_ALD002,ALD001,2,operational,5
2876,3901,ALD002,D_ALD002_EDC004,2,operational,5
3901,2388,D_ALD002_EDC004,EDC004,2,diversion,5
2740,1890,SLV005,C_SLV005,2,operational,5
1306,1981,SLV006,C_SLV006,2,operational,5
819,2820,SLV007,C_SLV007,2,operational,5
2826,2405,SLV015,C_SLV015,2,operational,5
4,302,SLV016,C_SLV016,2,operational,5
333,2472,SLV017,C_SLV017,2,operational,5
1890,5074,C_SLV005,SLV001,2,operational,5
5074,5853,SLV001,C_SLV001,2,operational,5
5853,2496,C_SLV001,SFA048,2,operational,5
5522,4593,Brush Creek,I_BSH003,2,operational,5
4593,6553,I_BSH003,BSH003,2,operational,5
6803,6553,D_BSH003_CMN005,BSH003,2,diversion,5
6833,6263,SFA044,C_SFA044,2,operational,5
6263,521,C_SFA044,SFA040,2,operational,5
6553,4962,BSH003,C_BSH003,2,operational,5
4962,5556,C_BSH003,BSH002,2,operational,5
5556,5803,BSH002,C_BSH002,2,operational,5
5803,6833,C_BSH002,SFA044,2,operational,5
2911,5858,C_SFA040,SFA039,2,operational,5
521,2911,SFA040,C_SFA040,2,operational,5
1532,670,LOONL,C_LOONL,2,operational,5
670,1920,C_LOONL,GRL010,2,operational,5
1920,2228,GRL010,C_GRL010,2,operational,5
1642,6333,C_LLT000,S_GERLE,2,operational,5
2174,1642,LLT000,C_LLT000,2,operational,5
1556,2174,D_LOONL_LLT000,LLT000,2,diversion,5
6125,1556,S_LOONL,D_LOONL_LLT000,2,operational,5
2228,3686,C_GRL010,GERLE,2,operational,5
2176,1527,D_SFR006_RPT004,RPT004,2,diversion,5
2370,2176,SFR006,D_SFR006_RPT004,2,operational,5
1631,2370,I_SFR006,SFR006,2,operational,5
3863,1631,South Fork Rubicon River,I_SFR006,2,operational,5
2170,1532,I_LOONL,LOONL,2,operational,5
6540,2170,Inflow to Loon Lake,I_LOONL,2,operational,5
6772,1199,C_GERLE,GRL001,2,operational,5
3686,6772,GERLE,C_GERLE,2,operational,5
5071,2370,D_GERLE_SFR006,SFR006,2,diversion,5
3686,5071,GERLE,D_GERLE_SFR006,2,operational,5
495,778,C_SFR006,SFR005,2,operational,5
2370,495,SFR006,C_SFR006,2,operational,5
778,2261,SFR005,C_SFR005,2,operational,5
2261,2002,C_SFR005,SFR004,2,operational,5
2002,2445,SFR004,C_SFR004,2,operational,5
2445,2362,C_SFR004,RUB023,2,operational,5
2362,2141,RUB023,C_RUB023,2,operational,5
2141,2270,C_RUB023,RUB005,2,operational,5
2270,618,RUB005,C_RUB005,2,operational,5
618,1445,C_RUB005,RUB004,2,operational,5
2310,1888,C_MFA026,MFA025,2,operational,5
1614,2310,MFA026,C_MFA026,2,operational,5
2746,971,MFA024,C_MFA024,2,operational,5
900,2746,C_MFA025,MFA024,2,operational,5
1888,900,MFA025,C_MFA025,2,operational,5
3907,860,C_STMPY,PLC009,2,operational,5
4225,3907,STMPY,C_STMPY,2,operational,5
4225,6154,STMPY,E_STMPY,2,operational,5
5140,4225,I_STMPY,STMPY,2,operational,5
5167,5140,Inflow to Stumpy Meadows Reservoir,I_STMPY,2,operational,5
5512,6966,WTP WAL,D_WTPWAL_GDPUD_NU,2,operational,5
6966,5498,D_WTPWAL_GDPUD_NU,GDPUD_NU,2,diversion,5
1013,4490,PLC007,D_PLC007_GDD010,2,operational,5
4490,4872,D_PLC007_GDD010,GDD010,2,diversion,5
1775,1660,C_PLC007,PLC006,2,operational,5
1013,1775,PLC007,C_PLC007,2,operational,5
608,1013,C_PLC009,PLC007,2,operational,5
860,608,PLC009,C_PLC009,2,operational,5
2680,2270,C_PLC006,RUB005,2,operational,5
1660,2680,PLC006,C_PLC006,2,operational,5
2277,1532,C_BLT000,LOONL,2,operational,5
345,2277,BLT000,C_BLT000,2,operational,5
1255,345,D_LRB004_BLT000,BLT000,2,diversion,5
2210,1255,LRB004,D_LRB004_BLT000,2,operational,5
310,1198,C_RUB041,HHOLE,2,operational,5
367,310,RUB041,C_RUB041,2,operational,5
6555,990,Duncan Creek,I_DCC010,2,operational,5
990,344,I_DCC010,DCC010,2,operational,5
2603,1043,C_DCC010,DCC009,2,operational,5
344,2603,DCC010,C_DCC010,2,operational,5
96,744,DCC008,C_DCC008,2,operational,5
744,232,C_DCC008,MFA040,2,operational,5
1043,2833,DCC009,C_DCC009,2,operational,5
2833,96,C_DCC009,DCC008,2,operational,5
997,1034,D_DCC009_FRMDW,FRMDW,2,diversion,5
1043,997,DCC009,D_DCC009_FRMDW,2,operational,5
2617,1034,I_FRMDW,FRMDW,2,operational,5
6272,2617,Inflow to French Meadows,I_FRMDW,2,operational,5
4125,1347,S_FRMDW,D_FRMDW_FMT002,2,operational,5
1347,2399,D_FRMDW_FMT002,FMT002,2,diversion,5
2399,2491,FMT002,C_FMT002,2,operational,5
2491,1198,C_FMT002,HHOLE,2,operational,5
1034,1222,FRMDW,C_FRMDW,2,operational,5
1222,2069,C_FRMDW,MFA047,2,operational,5
2069,845,MFA047,C_MFA047,2,operational,5
845,232,C_MFA047,MFA040,2,operational,5
988,367,C_RUB044,RUB041,2,operational,5
621,988,RUB044,C_RUB044,2,operational,5
725,621,C_RUB047,RUB044,2,operational,5
447,725,RUB047,C_RUB047,2,operational,5
2414,447,I_RUB047,RUB047,2,operational,5
4079,2414,Inflow to Rubicon Reservoir,I_RUB047,2,operational,5
447,5474,RUB047,D_RUB047_RRT000,2,operational,5
5474,1381,D_RUB047_RRT000,RRT000,2,diversion,5
1381,1637,RRT000,C_RRT000,2,operational,5
1637,2339,C_RRT000,LRB005,2,operational,5
1080,2210,I_LRB004,LRB004,2,operational,5
7030,1080,Little Rubicon River,I_LRB004,2,operational,5
1926,645,C_LRB004,LRB003,2,operational,5
2210,1926,LRB004,C_LRB004,2,operational,5
2891,2210,C_LRB005,LRB004,2,operational,5
2339,2891,LRB005,C_LRB005,2,operational,5
326,783,C_HHOLE,RUB031,2,operational,5
1198,326,HHOLE,C_HHOLE,2,operational,5
971,2407,C_MFA024,MFA023,2,operational,5
3998,4550,North Fork of Middle Fork American River,I_NMA003,2,operational,5
4550,4404,I_NMA003,NMA003,2,operational,5
4701,2746,C_NMA003,MFA024,2,operational,5
4404,4701,NMA003,C_NMA003,2,operational,5
1384,1971,MFA035,C_MFA035,2,operational,5
1971,1614,C_MFA035,MFA026,2,operational,5
1940,1384,C_MFA036,MFA035,2,operational,5
1908,1940,MFA036,C_MFA036,2,operational,5
1628,2443,D_MFA036_RLT007,RLT007,2,diversion,5
1908,1628,MFA036,D_MFA036_RLT007,2,operational,5
889,1927,RUB001,C_RUB001,2,operational,5
1927,1614,C_RUB001,MFA026,2,operational,5
183,889,C_RUB002,RUB001,2,operational,5
93,183,RUB002,C_RUB002,2,operational,5
1997,93,C_RUB004,RUB002,2,operational,5
1445,1997,RUB004,C_RUB004,2,operational,5
3551,1445,C_LNG012,RUB004,2,operational,5
3835,3551,LNG012,C_LNG012,2,operational,5
1738,2562,C_MFA040,MFA038,2,operational,5
232,1738,MFA040,C_MFA040,2,operational,5
2443,2974,RLT007,C_RLT007,2,operational,5
2974,889,C_RLT007,RUB001,2,operational,5
1106,1908,C_MFA037,MFA036,2,operational,5
2365,1106,MFA037,C_MFA037,2,operational,5
2168,500,MFT011,C_MFT011,2,operational,5
500,2365,C_MFT011,MFA037,2,operational,5
1076,2365,C_MFA038,MFA037,2,operational,5
2562,1076,MFA038,C_MFA038,2,operational,5
982,2168,C_MFT004,MFT011,2,operational,5
1781,982,MFT004,C_MFT004,2,operational,5
2060,1781,C_MFT003,MFT004,2,operational,5
2593,2060,MFT003,C_MFT003,2,operational,5
1198,794,HHOLE,D_HHOLE_MFT003,2,operational,5
794,2593,D_HHOLE_MFT003,MFT003,2,diversion,5
780,3835,C_NLC002,LNG012,2,operational,5
54,2424,NLC003,C_NLC003,2,operational,5
1251,3835,C_SLC002,LNG012,2,operational,5
353,658,SLC003,C_SLC003,2,operational,5
5366,54,D_NLC003_NCT001,NLC003,2,diversion,5
5366,5826,D_NLC003_NCT001,NCT001,2,diversion,5
4098,353,D_SLC003_SCT001,SLC003,2,diversion,5
4098,6454,D_SLC003_SCT001,SCT001,2,diversion,5
1513,780,NLC002,C_NLC002,2,operational,5
2424,1513,C_NLC003,NLC002,2,operational,5
658,724,C_SLC003,SLC002,2,operational,5
724,1251,SLC002,C_SLC002,2,operational,5
5277,1781,C_NCT001,MFT004,2,operational,5
5826,5277,NCT001,C_NCT001,2,operational,5
6379,2593,C_SCT001,MFT003,2,operational,5
6454,6379,SCT001,C_SCT001,2,operational,5
974,367,C_LRB003,RUB041,2,operational,5
645,974,LRB003,C_LRB003,2,operational,5
37,2742,SFA032,C_SFA032,2,operational,5
1034,6964,FRMDW,E_FRMDW,2,operational,5
1198,5710,HHOLE,E_HHOLE,2,operational,5
3686,6814,GERLE,E_GERLE,2,operational,5
1532,4006,LOONL,E_LOONL,2,operational,5
1909,42,SLV014,C_SLV014,2,operational,5
2497,92,SFA059,C_SFA059,2,operational,5
2857,53,PLM001,C_PLM001,2,operational,5
1372,1217,ALD001,C_ALD001,2,operational,5
2876,1289,ALD002,C_ALD002,2,operational,5
3613,4446,C_SFA079,SFA076,2,operational,5
19,2736,SFA035,C_SFA035,2,operational,5
2242,1856,NFA011,C_NFA011,2,operational,5
910,93,I_RUB002,RUB002,2,operational,5
4472,910,Local inflow to Rubicon River near Foresthill,I_RUB002,2,operational,5
5617,4365,Local inflow to Middle Fork American River at Interbay Dam,I_MFA036,2,operational,5
4365,1908,I_MFA036,MFA036,2,operational,5
1592,1198,I_HHOLE,HHOLE,2,operational,5
6611,1592,Hell Hole Reservoir Local Inflow,I_HHOLE,2,operational,5
660,410,C_NFF020,NFF008,2,operational,5
2246,2173,NFF027,C_NFF027,2,operational,5
2689,28,NFF028,C_NFF028,2,operational,5
1061,2719,NFF029,C_NFF029,2,operational,5
4986,1061,I_NFF029,NFF029,2,operational,5
1061,1305,NFF029,D_NFF029_POE006,2,operational,5
5293,5709,NFF030,C_NFF030,2,operational,5
5709,1061,C_NFF030,NFF029,2,operational,5
4968,6299,D_NFF035_CST004,CST004,2,diversion,5
1861,4968,NFF035,D_NFF035_CST004,2,operational,5
6767,5293,C_NFF034,NFF030,2,operational,5
6782,6767,NFF034,C_NFF034,2,operational,5
1861,451,NFF035,C_NFF035,2,operational,5
451,6782,C_NFF035,NFF034,2,operational,5
5494,6782,C_GZL007,NFF034,2,operational,5
2719,2689,C_NFF029,NFF028,2,operational,5
6599,6293,C_NFF038,NFF037,2,operational,5
5315,5979,GZL008,C_GZL008,2,operational,5
5979,3635,C_GZL008,GZL007,2,operational,5
5494,3635,C_GZL007,GZL007,2,operational,5
452,2056,C_BUK007,BUK007,2,operational,5
452,1103,C_BUK007,NFF039,2,operational,5
1103,864,NFF039,C_NFF039,2,operational,5
6921,2056,C_LBUCK,BUK007,2,operational,5
6921,4030,C_LBUCK,LBUCK,2,operational,5
3600,3928,BUCKS,E_BUCKS,2,operational,5
3520,3600,C_BUCKS,BUCKS,2,operational,5
3520,4030,C_BUCKS,LBUCK,2,operational,5
5155,3600,I_BUCKS,BUCKS,2,operational,5
5816,6698,I_GZL009,GZL009,2,operational,5
28,2246,C_NFF028,NFF027,2,operational,5
2688,660,NFF020,C_NFF020,2,operational,5
2173,2688,C_NFF027,NFF020,2,operational,5
1305,1400,D_NFF029_POE006,POE006,2,diversion,5
1400,2012,POE006,C_POE006,2,operational,5
2012,2688,C_POE006,NFF020,2,operational,5
6299,5491,CST004,C_CST004,2,operational,5
5491,5293,C_CST004,NFF030,2,operational,5
7008,3908,D_GZL008_GFT003,GFT003,2,diversion,5
5315,7008,GZL008,D_GZL008_GFT003,2,operational,5
6761,3908,C_GFT003,GFT003,2,operational,5
5855,5315,C_GZL009,GZL008,2,operational,5
5855,6698,C_GZL009,GZL009,2,operational,5
4911,6698,C_GRT003,GZL009,2,operational,5
6551,4911,GRT003,C_GRT003,2,operational,5
6364,6551,D_LBUCK_GRT003,GRT003,2,diversion,5
4030,6364,LBUCK,D_LBUCK_GRT003,2,operational,5
6761,4697,C_GFT003,NFF038,2,operational,5
864,4697,C_NFF039,NFF038,2,operational,5
6599,4697,C_NFF038,NFF038,2,operational,5
86,1103,C_NFF045,NFF039,2,operational,5
86,747,C_NFF045,NFF045,2,operational,5
2913,2848,NFF046,C_NFF046,2,operational,5
2848,747,C_NFF046,NFF045,2,operational,5
5814,2913,I_NFF046,NFF046,2,operational,5
6293,3797,NFF037,C_NFF037,2,operational,5
3797,1861,C_NFF037,NFF035,2,operational,5
2913,5567,NFF046,D_NFF046_RCT007,2,operational,5
5309,6080,C_RCT007,RCT007,2,operational,5
5567,6080,D_NFF046_RCT007,RCT007,2,diversion,5
5309,6293,C_RCT007,NFF037,2,operational,5
5634,3744,NFF048,C_NFF048,2,operational,5
3744,2913,C_NFF048,NFF046,2,operational,5
129,1776,NFF050,C_NFF050,2,operational,5
1776,5634,C_NFF050,NFF048,2,operational,5
2162,2978,EBF001,C_EBF001,2,operational,5
2978,129,C_EBF001,NFF050,2,operational,5
2359,2162,I_EBF001,EBF001,2,operational,5
1491,1203,EBF018,C_EBF018,2,operational,5
1203,2162,C_EBF018,EBF001,2,operational,5
198,1491,C_ANTLP,EBF018,2,operational,5
320,1846,I_ANTLP,ANTLP,2,operational,5
1846,5895,ANTLP,E_ANTLP,2,operational,5
198,6918,C_ANTLP,S_ANTLP,2,operational,5
1230,129,C_NFF057,NFF050,2,operational,5
4517,4018,C_BTN007,BTN007,2,operational,5
4517,5634,C_BTN007,NFF048,2,operational,5
6606,4018,D_NFF058_BTN007,BTN007,2,diversion,5
907,709,NFF058,C_NFF058,2,operational,5
709,1001,C_NFF058,NFF057,2,operational,5
907,6606,NFF058,D_NFF058_BTN007,2,operational,5
5938,907,I_NFF058,NFF058,2,operational,5
1001,1230,NFF057,C_NFF057,2,operational,5
2063,1031,NFF059,C_NFF059,2,operational,5
1031,907,C_NFF059,NFF058,2,operational,5
2535,2097,C_BTVLY,NFF060,2,operational,5
665,2318,I_BTVLY,BTVLY,2,operational,5
2318,4623,BTVLY,E_BTVLY,2,operational,5
2535,2318,C_BTVLY,BTVLY,2,operational,5
2097,312,NFF060,C_NFF060,2,operational,5
312,2063,C_NFF060,NFF059,2,operational,5
957,2222,BTT007,C_BTT007,2,operational,5
2222,2318,C_BTT007,BTVLY,2,operational,5
2968,281,I_ALMNR,ALMNR,2,operational,5
281,5133,ALMNR,E_ALMNR,2,operational,5
3986,2797,S_ALMNR,C_ALMNR,2,operational,5
2797,5869,C_ALMNR,NFF069,2,operational,5
5869,5472,NFF069,C_NFF069,2,operational,5
5472,2097,C_NFF069,NFF060,2,operational,5
2884,895,D_ALMNR_BVT003,BVT003,2,diversion,5
281,2884,ALMNR,D_ALMNR_BVT003,2,operational,5
1161,895,C_BVT003,BVT003,2,operational,5
1161,957,C_BVT003,BTT007,2,operational,5
5165,2183,S_MTMDW,C_MTMDW,2,operational,5
2183,3680,C_MTMDW,NFF080,2,operational,5
1675,6916,MTMDW,E_MTMDW,2,operational,5
487,1675,I_MTMDW,MTMDW,2,operational,5
2404,1849,D_BTVLY_CRB002,CRB002,2,diversion,5
3580,2404,S_BTVLY,D_BTVLY_CRB002,2,operational,5
2305,1849,C_CRB002,CRB002,2,operational,5
2305,2063,C_CRB002,NFF059,2,operational,5
588,2400,I_MFF087,MFF087,2,operational,5
1154,941,R_LCCWD_MFF095,MFF095,2,return,5
6582,1154,LCCWD Little Last Chance Irrigation District DWR Non-District,R_LCCWD_MFF095,2,operational,5
941,2783,MFF095,C_MFF095,2,operational,5
837,2024,BGC002,C_BGC002,2,operational,5
2482,1360,C_DAVIS,DAVIS,2,operational,5
2036,1360,I_DAVIS,DAVIS,2,operational,5
1360,4062,DAVIS,E_DAVIS,2,operational,5
2482,837,C_DAVIS,BGC002,2,operational,5
837,1006,BGC002,D_BGC002_PLMAS,2,operational,5
1006,4411,D_BGC002_PLMAS,PLMAS Plumas County Flood Control & Water Conservation District DWR Non-District,2,diversion,5
4411,395,PLMAS Plumas County Flood Control & Water Conservation District DWR Non-District,R_PLMAS_MFF088,2,operational,5
2573,16,NLL016,C_NLL016,2,operational,5
16,941,C_NLL016,MFF095,2,operational,5
2573,537,NLL016,D_NLL016_LCCWD,2,operational,5
537,6582,D_NLL016_LCCWD,LCCWD Little Last Chance Irrigation District DWR Non-District,2,diversion,5
1990,1176,I_FRMAN,FRMAN,2,operational,5
1176,5038,FRMAN,E_FRMAN,2,operational,5
1429,4768,C_FRMAN,S_FRMAN,2,operational,5
1990,3737,I_FRMAN,Little Last Chance Creek,2,operational,5
995,221,HKC002,C_HKC002,2,operational,5
2765,2050,TTC000,C_TTC000,2,operational,5
5445,5281,MIO010,D_MIO010_WBF006,2,operational,5
5281,1295,D_MIO010_WBF006,WBF006,2,diversion,5
3571,2643,C_MIO010,MIO023,2,operational,5
5445,3571,MIO010,C_MIO010,2,operational,5
5861,4890,WPT005,C_WPT005,2,operational,5
4890,5975,C_WPT005,WPT006,2,operational,5
4566,5861,D_LST004_WPT005,WPT005,2,diversion,5
5975,7034,WPT006,C_WPT006,2,operational,5
7034,6463,C_WPT006,SFF019,2,operational,5
5861,4259,WPT005,D_WPT005_OWC000,2,operational,5
2923,2027,D_OWC000_13_NA,OWC000,2,diversion,5
4259,2027,D_WPT005_OWC000,OWC000,2,diversion,5
6463,4891,SFF019,C_SFF019,2,operational,5
4891,1109,C_SFF019,SFF018,2,operational,5
6463,5815,SFF019,D_SFF019_FPT000,2,operational,5
5403,1658,C_FPT000,SFF011,2,operational,5
5815,4132,D_SFF019_FPT000,FPT000,2,diversion,5
4132,5403,FPT000,C_FPT000,2,operational,5
1570,5370,MNRRH,D_MNRRH_KRT000,2,operational,5
6310,1793,C_KRT000,FTR072,2,operational,5
5370,6880,D_MNRRH_KRT000,KRT000,2,diversion,5
6880,6310,KRT000,C_KRT000,2,operational,5
695,2573,C_LLC007,NLL016,2,operational,5
2783,413,C_MFF095,MFF088,2,operational,5
395,413,R_PLMAS_MFF088,MFF088,2,return,5
2024,413,C_BGC002,MFF088,2,operational,5
413,2143,MFF088,C_MFF088,2,operational,5
2143,2400,C_MFF088,MFF087,2,operational,5
2400,1071,MFF087,C_MFF087,2,operational,5
1071,2071,C_MFF087,MFF019,2,operational,5
2071,756,MFF019,C_MFF019,2,operational,5
255,2071,I_MFF019,MFF019,2,operational,5
1429,1743,C_FRMAN,LLC007,2,operational,5
1743,695,LLC007,C_LLC007,2,operational,5
5481,3629,BSC005,C_BSC005,2,operational,5
3629,696,C_BSC005,BSC009,2,operational,5
4845,5180,TFR000,C_TFR000,2,operational,5
5180,2660,C_TFR000,SFY033,2,operational,5
4845,5123,TFR000,D_TFR000_BSC005,2,operational,5
5123,5481,D_TFR000_BSC005,BSC005,2,diversion,5
4257,4845,C_LCBRF,TFR000,2,operational,5
4476,4257,LCBRF,C_LCBRF,2,operational,5
933,4803,D_LBC038_WTPAUB,WTP AUB,2,diversion,5
7024,3570,EDC014,C_EDC014,2,operational,5
3570,169,C_EDC014,EDC021,2,operational,5
5270,6136,D_JNKSN_WTPRSA,WTP RSA,2,diversion,5
679,4735,D_CMP014_JNKSN,S_JNKSN,2,diversion,5
1724,5988,JNKSN,E_JNKSN,2,operational,5
679,1211,D_CMP014_JNKSN,CMP014,2,diversion,5
5270,1724,D_JNKSN_WTPRSA,JNKSN,2,diversion,5
158,1478,C_CMP014,CMP005,2,operational,5
427,1568,C_CMP005,CMP001,2,operational,5
898,1478,C_JNKSN,CMP005,2,operational,5
1478,427,CMP005,C_CMP005,2,operational,5
1724,898,JNKSN,C_JNKSN,2,operational,5
1211,158,CMP014,C_CMP014,2,operational,5
2344,1568,I_CMP001,CMP001,2,operational,5
242,1724,I_JNKSN,JNKSN,2,operational,5
573,1211,I_CMP014,CMP014,2,operational,5
242,6812,I_JNKSN,Sly Park and Hazel Creeks,2,operational,5
573,5628,I_CMP014,Camp Creek,2,operational,5
5299,2344,Local Accretion,I_CMP001,2,operational,5
7024,4849,EDC014,D_EDC014_JNKSN,2,operational,5
4849,1724,D_EDC014_JNKSN,JNKSN,2,diversion,5
6128,2242,R_GDPUD_NU_NFA011,NFA011,2,return,5
6042,6128,GDPUD_NA,R_GDPUD_NU_NFA011,2,operational,5
4823,1013,I_PLC007,PLC007,2,operational,5
6436,4823,Local Inflow to Pilot Creek,I_PLC007,2,operational,5
5353,2826,I_SLV015,SLV015,2,operational,5
6440,1306,I_SLV006,SLV006,2,operational,5
4460,6440,Local Inflow to Silver Creek,I_SLV006,2,operational,5
6015,7005,ECHOL,E_ECHOL,2,operational,5
870,1959,ELC001,C_ELC001,2,operational,5
1959,1836,C_ELC001,SFA085,2,operational,5
4232,4379,L_SILVR,OYS001,2,operational,5
2211,4232,SILVR,L_SILVR,2,operational,5
4751,6281,D_WTPRSA_ELDID_NU3,ELDID_NU3,2,diversion,5
6136,4751,WTP RSA,D_WTPRSA_ELDID_NU3,2,operational,5
5128,5225,Weber Creek,I_WBR001,2,operational,5
5225,4386,I_WBR001,WBR001,2,operational,5
4386,5070,WBR001,C_WBR001,2,operational,5
6746,6330,SFA011,C_SFA011,2,operational,5
6330,821,C_SFA011,FOLSM,2,operational,5
4598,3992,Lake Aloha Inflow,I_ALOHA,2,operational,5
3992,6266,I_ALOHA,ALOHA,2,operational,5
6266,6666,ALOHA,E_ALOHA,2,operational,5
6823,4654,C_PYR001,SFA079,2,operational,5
6875,6885,C_ALOHA,PYR001,2,operational,5
6885,6823,PYR001,C_PYR001,2,operational,5
6395,6875,S_ALOHA,C_ALOHA,2,operational,5
6905,6885,I_PYR001,PYR001,2,operational,5
5101,6905,Inflow to Pyramid Creek,I_PYR001,2,operational,5
4482,4654,C_SFA085,SFA079,2,operational,5
4654,3613,SFA079,C_SFA079,2,operational,5
4368,965,C_SLF014,SLF010,2,operational,5
4175,4368,SLF014,C_SLF014,2,operational,5
4656,6746,C_SFA017,SFA011,2,operational,5
6203,3686,I_GERLE,GERLE,2,operational,5
4948,6203,Local Inflow to Gerle Reservoir,I_GERLE,2,operational,5
1124,1264,D_LBC030_BEC021,BEC021,2,diversion,5
836,2119,D_BEC021_LBC032,LBC032,2,diversion,5
1124,337,D_LBC030_BEC021,LBC030,2,diversion,5
1264,836,BEC021,D_BEC021_LBC032,2,operational,5
4206,6661,Long Canyon Creek Local Inflow,I_LNG012,2,operational,5
6661,3835,I_LNG012,LNG012,2,operational,5
5982,5527,NF Long Canyon Creek,I_NLC003,2,operational,5
5527,54,I_NLC003,NLC003,2,operational,5
5131,6415,SF Long Canyon Creek,I_SLC003,2,operational,5
6415,353,I_SLC003,SLC003,2,operational,5
4649,601,I_NNA013,NNA013,2,operational,5
3622,4649,North Branch NF American River Local Inflow,I_NNA013,2,operational,5
4790,5926,D_MFA026_OXB000,OXB000,2,diversion,5
4790,1614,D_MFA026_OXB000,MFA026,2,diversion,5
5931,1888,C_OXB000,MFA025,2,operational,5
5926,5931,OXB000,C_OXB000,2,operational,5
5341,2242,R_GDPUD_NA_NFA011,NFA011,2,return,5
5498,5341,GDPUD_NU,R_GDPUD_NA_NFA011,2,operational,5
6891,6042,D_GDD010_GDPUD_NA,GDPUD_NA,2,diversion,5
4872,6891,GDD010,D_GDD010_GDPUD_NA,2,operational,5
5490,2124,C_WRT000,WRT005,2,operational,5
6020,5490,WRT000,C_WRT000,2,operational,5
6414,4459,D_WRT000_ELDID_NU2,ELDID_NU2,2,diversion,5
6020,6414,WRT000,D_WRT000_ELDID_NU2,2,operational,5
1411,2064,SYC003,C_SYC003,2,operational,5
2064,1809,C_SYC003,SYC020,2,operational,5
1411,6724,SYC003,D_SYC003_SYCLOS,2,operational,5
6057,2855,C_SFY048,SFY044,2,operational,5
5290,6057,SFY048,C_SFY048,2,operational,5
4120,5290,I_SFY048,SFY048,2,operational,5
4394,4120,South Fork Yuba River,I_SFY048,2,operational,5
5087,2676,C_FRNCH,BOWMN,2,operational,5
5205,5087,FRNCH,C_FRNCH,2,operational,5
5421,5205,I_FRNCH,FRNCH,2,operational,5
4010,5421,Inflow to French Lake,I_FRNCH,2,operational,5
6614,2949,SG192_CSM011_29,CSM011,2,operational,5
5405,1181,SG_CSM005_466,CSM005,2,operational,5
516,4228,C_CSM005,CSM001,2,operational,5
1181,516,CSM005,C_CSM005,2,operational,5
2004,2949,C_CSM011,CSM011,2,operational,5
2004,1181,C_CSM011,CSM005,2,operational,5
5070,6746,C_WBR001,SFA011,2,operational,5
5685,4644,SLF009,C_SLF009,2,operational,5
4644,1798,C_SLF009,SFA067,2,operational,5
5241,5685,I_SLF009,SLF009,2,operational,5
6016,5241,Local inflow to Silver Fork American River,I_SLF009,2,operational,5
1114,2949,C_DEE020,CSM011,2,operational,5
801,1114,DEE020,C_DEE020,2,operational,5
2939,801,C_DEE023,DEE020,2,operational,5
142,2939,DEE023,C_DEE023,2,operational,5
1721,142,I_DEE023,DEE023,2,operational,5
6393,1721,Deer Creek,I_DEE023,2,operational,5
1475,2949,C_CSM016,CSM011,2,operational,5
956,1475,CSM016,C_CSM016,2,operational,5
3769,956,SG191_CSM016_29,CSM016,2,operational,5
1777,956,C_CSM021,CSM016,2,operational,5
1571,1777,CSM021,C_CSM021,2,operational,5
6887,1571,SG190_CSM021_29,CSM021,2,operational,5
763,1571,C_CSM026,CSM021,2,operational,5
2559,763,CSM026,C_CSM026,2,operational,5
2281,2559,C_CSM033,CSM026,2,operational,5
4353,2559,SG189_CSM026_29,CSM026,2,operational,5
1765,2281,CSM033,C_CSM033,2,operational,5
3985,1765,SG188_CSM033_29,CSM033,2,operational,5
1765,4763,CSM033,D_CSM033_RNCHO,2,operational,5
4763,4434,D_CSM033_RNCHO,RNCHO,2,diversion,5
12,1765,C_CSM035,CSM033,2,operational,5
1201,12,CSM035,C_CSM035,2,operational,5
1282,1201,I_CSM035,CSM035,2,operational,5
3919,1282,Cosumnes River,I_CSM035,2,operational,5
1393,6449,C_LBC030,LBC031,2,operational,5
6449,5882,LBC031,C_LBC031,2,operational,5
5882,2119,C_LBC031,LBC032,2,operational,5
5361,3695,WSE000,C_WSE000,2,operational,5
3695,2430,C_WSE000,WSE003,2,operational,5
6722,5268,WSE006,C_WSE006,2,operational,5
5268,2158,C_WSE006,WSE008,2,operational,5
4952,5783,D_WSE006_24_NA3,24_NA3 Placer County WA Zone 1,2,diversion,5
6722,4952,WSE006,D_WSE006_24_NA3,2,operational,5
4633,5783,D_STH003_24_NA3,24_NA3 Placer County WA Zone 1,2,diversion,5
6830,5949,STH002,C_STH002,2,operational,5
5949,4174,C_STH002,STH003,2,operational,5
6859,213,D_STH002_ABN026,ABN026,2,diversion,5
6830,6859,STH002,D_STH002_ABN026,2,operational,5
6274,5783,D_STH005_24_NA3,24_NA3 Placer County WA Zone 1,2,diversion,5
74,6274,STH005,D_STH005_24_NA3,2,operational,5
5724,805,C_STH003,STH004,2,operational,5
4174,5724,STH003,C_STH003,2,operational,5
18,2804,LBC043,D_LBC043_MRM001,2,operational,5
2804,60,D_LBC043_MRM001,MRM001,2,diversion,5
6843,5331,D_STH003_LBC047,LBC047,2,diversion,5
4174,6843,STH003,D_STH003_LBC047,2,operational,5
6563,1394,C_LBC047,LBC049,2,operational,5
5331,6563,LBC047,C_LBC047,2,operational,5
539,46,ABN014,C_ABN014,2,operational,5
67,539,C_ABN024,ABN014,2,operational,5
2940,2171,C_ABN026,ABN024,2,operational,5
46,125,C_ABN014,ABN010,2,operational,5
125,2468,ABN010,C_ABN010,2,operational,5
5477,1952,D_CYN009_LBC001,LBC001,2,diversion,5
2517,5477,CYN009,D_CYN009_LBC001,2,operational,5
973,481,C_MOK022,MOK019,2,operational,5
1297,973,MOK022,C_MOK022,2,operational,5
5191,342,R_60N_NA5_MOK028,MOK028,2,return,5
3951,4852,D_MOK033_60N_NA5,60N_NA5 Non-District,2,diversion,5
3860,3951,MOK033,D_MOK033_60N_NA5,2,operational,5
1459,4228,C_DSC008,CSM001,2,operational,5
308,1459,DSC008,C_DSC008,2,operational,5
5432,481,C_CSM001,MOK019,2,operational,5
5432,4228,C_CSM001,CSM001,2,operational,5
4315,308,SG186_DSC008_280,DSC008,2,operational,5
107,308,C_DSC012,DSC008,2,operational,5
505,107,DSC012,C_DSC012,2,operational,5
2781,505,C_DSC016,DSC012,2,operational,5
1898,2781,DSC016,C_DSC016,2,operational,5
4310,1898,SG185_DSC016_28,DSC016,2,operational,5
1160,1898,C_DSC023,DSC016,2,operational,5
258,1160,DSC023,C_DSC023,2,operational,5
2423,258,C_DSC026,DSC023,2,operational,5
1148,2423,DSC026,C_DSC026,2,operational,5
2786,1148,R_60N_NA1_DSC026,DSC026,2,return,5
6004,2786,60N_NA1 Jackson Valley ID,R_60N_NA1_DSC026,2,operational,5
1390,2515,AMADR,C_AMADR,2,operational,5
2515,1148,C_AMADR,DSC026,2,operational,5
2711,6004,D_AMADR_60N_NA1,60N_NA1 Jackson Valley ID,2,diversion,5
1390,2711,AMADR,D_AMADR_60N_NA1,2,operational,5
767,1148,C_DSC028,DSC026,2,operational,5
1914,767,DSC028,C_DSC028,2,operational,5
2371,1914,C_DSC035,DSC028,2,operational,5
702,2371,DSC035,C_DSC035,2,operational,5
1603,702,I_DSC035,DSC035,2,operational,5
1390,4369,AMADR,E_AMADR,2,operational,5
36,1390,I_AMADR,AMADR,2,operational,5
4524,36,Jackson Creek,I_AMADR,2,operational,5
923,1390,D_PARDE_AMADR,AMADR,2,diversion,5
921,923,PARDE,D_PARDE_AMADR,2,operational,5
1196,921,I_PARDE,PARDE,2,operational,5
1196,4781,I_PARDE,Local Inflow to Pardee Reservoir,2,operational,5
921,6359,PARDE,E_PARDE,2,operational,5
1421,6730,D_PARDE_MAQ001,S_PARDE,2,diversion,5
1421,533,D_PARDE_MAQ001,MAQ001,2,diversion,5
533,2900,MAQ001,C_MAQ001,2,operational,5
2900,2013,C_MAQ001,MAQ012,2,operational,5
2013,1730,MAQ012,C_MAQ012,2,operational,5
1730,382,C_MAQ012,MAQ057,2,operational,5
921,2079,PARDE,C_PARDE,2,operational,5
2079,1968,C_PARDE,CMCHE,2,operational,5
5162,4303,SG_CMCHE_516,S_CMCHE,2,operational,5
698,1968,I_CMCHE,CMCHE,2,operational,5
2600,1854,C_CMCHE,MOK057,2,operational,5
1854,2180,MOK057,C_MOK057,2,operational,5
2180,520,C_MOK057,MOK055,2,operational,5
5640,520,SG_MOK055_515,MOK055,2,operational,5
520,1722,MOK055,C_MOK055,2,operational,5
1722,2101,C_MOK055,MOK050,2,operational,5
2101,2870,MOK050,C_MOK050,2,operational,5
2870,1728,C_MOK050,MOK044,2,operational,5
1728,893,MOK044,C_MOK044,2,operational,5
893,6058,C_MOK044,MOK039,2,operational,5
6058,6594,MOK039,C_MOK039,2,operational,5
6594,41,C_MOK039,MOK035,2,operational,5
41,2068,MOK035,C_MOK035,2,operational,5
2068,2053,C_MOK035,MOK034,2,operational,5
2053,629,MOK034,C_MOK034,2,operational,5
629,3860,C_MOK034,MOK033,2,operational,5
3860,6418,MOK033,C_MOK033,2,operational,5
6418,342,C_MOK033,MOK028,2,operational,5
342,7,MOK028,C_MOK028,2,operational,5
7,1297,C_MOK028,MOK022,2,operational,5
662,481,SR_60N_MOK019,MOK019,2,storage_return,5
1760,921,C_MOK079,PARDE,2,operational,5
2382,1760,MOK079,C_MOK079,2,operational,5
419,2382,I_MOK079,MOK079,2,operational,5
4632,419,Local Inflow to Mokelumne River,I_MOK079,2,operational,5
2006,2382,C_MOK082,MOK079,2,operational,5
1692,2006,MOK082,C_MOK082,2,operational,5
1274,1692,C_MOK088,MOK082,2,operational,5
2801,1274,MOK088,C_MOK088,2,operational,5
5822,638,D_TBAUD_AMADR_NU,TBAUD,2,diversion,5
5822,6348,D_TBAUD_AMADR_NU,AMADR_NU,2,diversion,5
5157,6348,D_TGC003_AMADR_NU,AMADR_NU,2,diversion,5
628,1099,NFM010,C_NFM010,2,operational,5
822,1507,NFM006,C_NFM006,2,operational,5
1507,2801,C_NFM006,MOK088,2,operational,5
1968,2600,CMCHE,C_CMCHE,2,operational,5
1968,5142,CMCHE,E_CMCHE,2,operational,5
1605,1888,I_MFA025,MFA025,2,operational,5
6683,1605,Local inflow Middle Fork American River,I_MFA025,2,operational,5
783,2641,RUB031,C_RUB031,2,operational,5
2641,2362,C_RUB031,RUB023,2,operational,5
3676,1201,C_CSM051,CSM035,2,operational,5
5464,3676,CSM051,C_CSM051,2,operational,5
2508,4738,C_CMP001,NFC020,2,operational,5
1568,2508,CMP001,C_CMP001,2,operational,5
4163,4175,C_OYS001,SLF014,2,operational,5
4379,4163,OYS001,C_OYS001,2,operational,5
6185,1798,C_SFA076,SFA067,2,operational,5
4446,6185,SFA076,C_SFA076,2,operational,5
5553,2876,C_ALD004,ALD002,2,operational,5
5271,5553,ALD004,C_ALD004,2,operational,5
3979,5271,I_ALD004,ALD004,2,operational,5
6801,3979,Alder Creek,I_ALD004,2,operational,5
5032,4459,D_WTPRSA_ELDID_NU2,ELDID_NU2,2,diversion,5
6136,5032,WTP RSA,D_WTPRSA_ELDID_NU2,2,operational,5
5063,2101,SG_MOK050_514,MOK050,2,operational,5
3799,1728,SG_MOK044_513,MOK044,2,operational,5
6566,342,SG_MOK028_497,MOK028,2,operational,5
6805,1297,SG_MOK022_479,MOK022,2,operational,5
6162,481,SG_MOK019_478,MOK019,2,operational,5
4667,1644,D_NFM006_ELT000,ELT000,2,diversion,5
4667,822,D_NFM006_ELT000,NFM006,2,diversion,5
1099,822,C_NFM010,NFM006,2,operational,5
3712,2517,I_CYN009,CYN009,2,operational,5
4121,3712,Canyon Creek,I_CYN009,2,operational,5
4852,5191,60N_NA5 Non-District,R_60N_NA5_MOK028,2,operational,5
6112,41,SG_MOK035_512,MOK035,2,operational,5
1515,4852,D_MOK050_60N_NA5,60N_NA5 Non-District,2,diversion,5
2806,2101,D_MOK050_60N_NA3,MOK050,2,diversion,5
2101,1515,MOK050,D_MOK050_60N_NA5,2,operational,5
3774,4852,D_MOK039_60N_NA5,60N_NA5 Non-District,2,diversion,5
6058,3774,MOK039,D_MOK039_60N_NA5,2,operational,5
1567,41,SR_60N_MOK035,MOK035,2,storage_return,5
41,2561,MOK035,D_MOK035_WTPDWS,2,operational,5
41,5292,MOK035,D_MOK035_60N_NU1,2,operational,5
41,2255,MOK035,D_MOK035_60N_NA4,2,operational,5
5292,7004,D_MOK035_60N_NU1,60N_NU1 Cities of Galt and Lodi small communities,2,diversion,5
5487,5464,C_NCM020,CSM051,2,operational,5
4738,5487,NFC020,C_NCM020,2,operational,5
4434,6542,RNCHO,D_RNCHO_60N_NU2,2,operational,5
6542,5921,D_RNCHO_60N_NU2,60N_NU2 Rancho Murieta,2,diversion,5
6903,2186,"60N_NA2 Omochumne- Hartnell WD Galt ID, Clay WD",R_60N_NA2_CSM005,2,operational,5
2186,1181,R_60N_NA2_CSM005,CSM005,2,return,5
4314,481,R_26S_NA_MOK019,MOK019,2,return,5
3699,4314,26S_NA Non-District,R_26S_NA_MOK019,2,operational,5
5675,4306,D_BRR066_DFF005,DFF005,2,diversion,5
2421,5675,BRR066,D_BRR066_DFF005,2,operational,5
2466,3773,BRR061,D_BRR061_CPF001,2,operational,5
3773,4324,D_BRR061_CPF001,CPF001,2,diversion,5
6971,4446,I_SFA076,SFA076,2,operational,5
4642,6971,South Fork American River nr Forni Creek local inflow,I_SFA076,2,operational,5
2503,2215,SAC074,D_SAC074_WTPDWP,2,operational,5
2215,3547,D_SAC074_WTPDWP,WTP DWP,2,diversion,5
1477,5244,D_WTPDWP_20_NU1,"20_NU1 City of Davis, Woodland, and UC Davis",2,diversion,5
3547,1477,WTP DWP,D_WTPDWP_20_NU1,2,operational,5
2697,3878,DES006,D_DES006_WLF017,2,operational,5
3878,318,D_DES006_WLF017,WLF017,2,diversion,5
6342,5458,D_CBC000_PINES,PINES,2,diversion,5
2368,6342,CBC000,D_CBC000_PINES,2,operational,5
4245,2109,SG199_MOK004_30,MOK004,2,operational,5
5100,1181,SG193_CSM005_29,CSM005,2,operational,5
6113,1181,SG194_CSM005_29,CSM005,2,operational,5
6377,2528,I_SLYCK,SLYCK,2,operational,5
5977,4212,Local Inflow to North Fork American River,I_NFA016,2,operational,5
4212,1204,I_NFA016,NFA016,2,operational,5
458,1768,DHC021,C_DHC021,2,operational,5
1768,1950,C_DHC021,DHC001,2,operational,5
6471,6960,Butte Creek,I_BTC048,2,operational,5
6960,2157,I_BTC048,BTC048,2,operational,5
6136,4496,WTP RSA,D_WTPRSA_ELDID_NU1,2,operational,5
4496,3654,D_WTPRSA_ELDID_NU1,ELDID_NU1,2,diversion,5
4589,4459,D_WTPRS1_ELDID_NU2,ELDID_NU2,2,diversion,5
5846,4589,WTP RS1,D_WTPRS1_ELDID_NU2,2,operational,5
4886,3654,D_WTPRS1_ELDID_NU1,ELDID_NU1,2,diversion,5
5846,4886,WTP RS1,D_WTPRS1_ELDID_NU1,2,operational,5
6086,3831,D_WRT000_EDCOCA_NU1,EDCOCA_NU1,2,diversion,5
6020,6086,WRT000,D_WRT000_EDCOCA_NU1,2,operational,5
4051,5737,D_WRT000_EDCOCA_NU3,EDCOCA_NU3,2,diversion,5
6020,4051,WRT000,D_WRT000_EDCOCA_NU3,2,operational,5
5779,5224,D_WRT000_EDCOCA_NA1,EDCOCA_NA1,2,diversion,5
6020,5779,WRT000,D_WRT000_EDCOCA_NA1,2,operational,5
6372,6883,D_WRT000_EDCOCA_NA3,EDCOCA_NA3,2,diversion,5
6020,6372,WRT000,D_WRT000_EDCOCA_NA3,2,operational,5
4652,3658,S_FOLSM,D_FOLSM_EDCOCA_NU2,2,operational,5
3658,4015,D_FOLSM_EDCOCA_NU2,EDCOCA_NU2,2,diversion,5
4652,5774,S_FOLSM,D_FOLSM_EDCOCA_NA2,2,operational,5
5774,4041,D_FOLSM_EDCOCA_NA2,EDCOCA_NA2,2,diversion,5
4652,5610,S_FOLSM,D_FOLSM_EDCOCA_NU1,2,operational,5
5610,3831,D_FOLSM_EDCOCA_NU1,EDCOCA_NU1,2,diversion,5
4652,5013,S_FOLSM,D_FOLSM_EDCOCA_NA1,2,operational,5
5013,5224,D_FOLSM_EDCOCA_NA1,EDCOCA_NA1,2,diversion,5
3726,5138,STS091,C_STS091,2,operational,5
5138,5622,C_STS091,STS090,2,operational,5
5622,4360,STS090,C_STS090,2,operational,5
4360,4525,C_STS090,STS085,2,operational,5
4525,7060,STS085,C_STS085,2,operational,5
7060,4207,C_STS085,STS072,2,operational,5
4822,5409,UTC001,C_UTC001,2,operational,5
5409,5260,C_UTC001,UTC014,2,operational,5
5810,4170,UTC000,D_UTC000_CACWD,2,operational,5
4777,6992,Mills Creek,I_MIL003,2,operational,5
6992,5584,I_MIL003,MIL003,2,operational,5
5584,6345,MIL003,C_MIL003,2,operational,5
6345,3732,C_MIL003,MIL002,2,operational,5
3732,6636,MIL002,C_MIL002,2,operational,5
4752,6044,NFS009,C_NFS009,2,operational,5
6044,3776,C_NFS009,NFS008,2,operational,5
3776,6332,NFS008,C_NFS008,2,operational,5
6332,6513,C_NFS008,NFS007,2,operational,5
6513,5791,NFS007,C_NFS007,2,operational,5
5791,4974,C_NFS007,NFS006,2,operational,5
4793,4915,C_NFS006,NFS005,2,operational,5
4915,6012,NFS005,C_NFS005,2,operational,5
6071,4810,BVC007,C_BVC007,2,operational,5
7052,6055,D_BVC007_BVT000,BVT000,2,diversion,5
6055,5081,BVT000,C_BVT000,2,operational,5
3583,5618,NFS027,C_NFS027,2,operational,5
4289,6023,NFS033,D_NFS033_SDT000,2,operational,5
6023,4865,D_NFS033_SDT000,SDT000,2,diversion,5
4865,4569,SDT000,C_SDT000,2,operational,5
4569,4131,C_SDT000,SPICE,2,operational,5
4131,5059,SPICE,E_SPICE,2,operational,5
4131,6320,SPICE,C_SPICE,2,operational,5
6320,4152,C_SPICE,HGL006,2,operational,5
4086,4152,C_HGL006,HGL006,2,operational,5
3645,5953,C_NFS033,NFS032,2,operational,5
5953,5050,NFS032,C_NFS032,2,operational,5
5444,3941,MFS015,C_MFS015,2,operational,5
3941,4694,C_MFS015,MSF014,2,operational,5
4694,5216,MSF014,C_MFS014,2,operational,5
5216,6972,C_MFS014,MFS013,2,operational,5
6972,3724,MFS013,C_MFS013,2,operational,5
3724,5400,C_MFS013,MFS012,2,operational,5
5400,5302,MFS012,C_MFS012,2,operational,5
6121,4510,MFS022,C_MFS022,2,operational,5
4510,4778,C_MFS022,BEARD,2,operational,5
4778,7002,BEARD,C_BEARD,2,operational,5
7002,6423,C_BEARD,MFS017,2,operational,5
6531,6423,C_MFS017,MFS017,2,operational,5
6531,3934,C_MFS017,MSF016,2,operational,5
3934,4698,MSF016,C_MFS016,2,operational,5
6349,4780,C_MFS037,MFS037,2,operational,5
6349,6956,C_MFS037,DONLL,2,operational,5
6956,5728,DONLL,C_DONLL,2,operational,5
6084,4788,Relief Creek,I_RLIEF,2,operational,5
4788,6538,I_RLIEF,RLIEF,2,operational,5
6538,5248,RLIEF,E_RLIEF,2,operational,5
6538,3818,RLIEF,C_RLIEF,2,operational,5
3818,5424,C_RLIEF,MFS047,2,operational,5
5734,5424,I_MFS047,MFS047,2,operational,5
5132,5734,Kennedy Creek Inflow to MF Stanislaus River,I_MFS047,2,operational,5
5424,4311,MFS047,C_MFS047,2,operational,5
3568,6048,C_CFS001,CFS001,2,operational,5
5066,6048,I_CFS001,CFS001,2,operational,5
6189,5066,Clark Fork Stanislaus River,I_CFS001,2,operational,5
6552,4181,S_DONLL,D_DONLL_DPH008,2,operational,5
4181,4716,D_DONLL_DPH008,DPH008,2,diversion,5
4716,4437,DPH008,C_DPH008,2,operational,5
4437,6688,C_DPH008,S_BEARD,2,operational,5
4246,4195,SFS018,C_SFS018,2,operational,5
3768,4639,SFS026,C_SFS026,2,operational,5
4639,4627,C_SFS026,LYONS,2,operational,5
4627,3839,LYONS,C_LYONS,2,operational,5
4844,3806,D_MFS013_SPH000,SPH000,2,diversion,5
5669,6952,SFS033,C_SFS033,2,operational,5
6952,5014,C_SFS033,SFS030,2,operational,5
5014,6407,SFS030,C_SFS030,2,operational,5
3862,5892,D_SFS030_PHP000,PHP000,2,diversion,5
5892,5627,PHP000,C_PHP000,2,operational,5
3782,4316,Inflow to PinecCrest Lake,I_PCRST,2,operational,5
4316,5287,I_PCRST,PCRST,2,operational,5
5287,6211,PCRST,E_PCRST,2,operational,5
5287,3935,PCRST,C_PCRST,2,operational,5
365,2102,STS059,D_STS059_UFC000,2,operational,5
2102,1066,D_STS059_UFC000,UFC000,2,diversion,5
1066,2072,UFC000,C_UFC000,2,operational,5
2072,1174,C_UFC000,LJC022,2,operational,5
872,2325,C_STS059,STS058,2,operational,5
3659,2325,SG146_STS058_23,STS058,2,operational,5
2325,2397,STS058,C_STS058,2,operational,5
2397,1985,C_STS058,STS053,2,operational,5
5313,1985,SG147_STS053_23,STS053,2,operational,5
1985,2632,STS053,C_STS053,2,operational,5
2632,1221,C_STS053,STS050,2,operational,5
6993,1221,SG148_STS050_23,STS050,2,operational,5
1221,2610,STS050,C_STS050,2,operational,5
2610,2957,C_STS050,STS048,2,operational,5
2957,2058,STS048,C_STS048,2,operational,5
2058,2530,C_STS048,STS043,2,operational,5
5773,2530,SG149_STS043_23,STS043,2,operational,5
2530,1275,STS043,C_STS043,2,operational,5
4894,1817,SG150_STS036_23,STS036,2,operational,5
2196,2873,C_SSJ001,SSJ001,2,operational,5
2196,1028,C_SSJ001,SSJ004,2,operational,5
27,1028,C_SSJ004,SSJ004,2,operational,5
1200,3647,D_WDWRD_61_PA3,61_PA3 South San Joaquin ID,2,diversion,5
2402,3647,R_61_PA3_RFS61C,61_PA3 South San Joaquin ID,2,return,5
2402,2390,R_61_PA3_RFS61C,RFS61C,2,return,5
1928,2706,C_STS036,STS030,2,operational,5
5305,3767,ANG017,C_ANG017,2,operational,5
3767,6701,C_ANG017,ANG015,2,operational,5
6701,4322,ANG015,C_ANG015,2,operational,5
4322,6839,C_ANG015,ANG014,2,operational,5
6839,4585,ANG014,C_ANG014,2,operational,5
4564,6608,D_NFS008_CVT000,CVT000,2,diversion,5
6608,6707,CVT000,C_CVT000,2,operational,5
6707,4034,C_CVT000,CVT005,2,operational,5
6532,5121,C_CVT005,CVT009,2,operational,5
5121,5756,CVT009,C_CVT009,2,operational,5
6586,6535,Local Inflows to NF Stanislaus River,I_NFS009,2,operational,5
4188,5446,D_MFS017_JWS004,JWS004,2,diversion,5
5446,4898,JWS004,C_JWS004,2,operational,5
437,2575,C_CLV044,CLV044,2,operational,5
437,359,C_CLV044,CLV043,2,operational,5
2327,359,C_CLV043,CLV043,2,operational,5
2327,1262,C_CLV043,CLV037,2,operational,5
2717,733,C_CLV037,CLV035,2,operational,5
6077,733,SG161_CLV035_25,CLV035,2,operational,5
246,733,C_CLV035,CLV035,2,operational,5
246,228,C_CLV035,CLV028,2,operational,5
6696,228,SG162_CLV028_25,CLV028,2,operational,5
2138,225,C_CLV028,CLV026,2,operational,5
228,2138,CLV028,C_CLV028,2,operational,5
5457,1824,SG163_CLV023_25,CLV023,2,operational,5
1824,839,CLV023,C_CLV023,2,operational,5
839,2723,C_CLV023,CLV016,2,operational,5
5273,2723,SG164_CLV016_25,CLV016,2,operational,5
2723,2140,CLV016,C_CLV016,2,operational,5
2140,83,C_CLV016,CLV010,2,operational,5
4721,83,SG165_CLV010_25,CLV010,2,operational,5
83,173,CLV010,C_CLV010,2,operational,5
173,647,C_CLV010,CLV009,2,operational,5
1767,2922,C_CLV009,CLV006,2,operational,5
2922,2962,CLV006,C_CLV006,2,operational,5
2962,69,C_CLV006,CLV004,2,operational,5
69,130,CLV004,C_CLV004,2,operational,5
222,2796,C_LJC022,LJC010,2,operational,5
2796,2023,LJC010,C_LJC010,2,operational,5
2023,88,C_LJC010,FCS007,2,operational,5
1022,6941,D_LJC010_60S_PA2,60S_PA2 Central San Joaquin WCD,2,diversion,5
6941,1787,60S_PA2 Central San Joaquin WCD,R_60S_PA2_FCS007,2,operational,5
398,2253,C_OAK001,OAK001,2,operational,5
398,572,C_OAK001,OAK020,2,operational,5
1085,6685,D_OAK020_61_PA2,61_PA2 Oakdale ID South,2,diversion,5
6685,968,61_PA2 Oakdale ID South,R_61_PA2_RFS61B,2,operational,5
968,2741,R_61_PA2_RFS61B,RFS61B,2,return,5
2741,1733,RFS61B,R_RFS61B_STS036,2,operational,5
2871,1792,C_STS030,STS020,2,operational,5
4928,1792,SG152_STS020_23,STS020,2,operational,5
1792,796,STS020,C_STS020,2,operational,5
796,2545,C_STS020,STS017,2,operational,5
1872,2545,SR_61_STS017,STS017,2,storage_return,5
2828,568,STS011,C_STS011,2,operational,5
4311,4780,C_MFS047,MFS037,2,operational,5
3568,4780,C_CFS001,MFS037,2,operational,5
6956,6495,DONLL,E_DONLL,2,operational,5
4014,6081,Inflow to Donnells Lake,I_DONLL,2,operational,5
6081,6956,I_DONLL,DONLL,2,operational,5
6519,6121,I_MFS022,MFS022,2,operational,5
6121,5728,MFS022,C_DONLL,2,operational,5
4271,4658,Inflow to Beardsley Lake,I_BEARD,2,operational,5
4658,4778,I_BEARD,BEARD,2,operational,5
4778,5480,BEARD,E_BEARD,2,operational,5
6423,4188,MFS017,D_MFS017_JWS004,2,operational,5
3935,5669,C_PCRST,SFS033,2,operational,5
6831,5669,I_SFS033,SFS033,2,operational,5
4990,6831,Local Inflows to SF Stanislaus,I_SFS033,2,operational,5
3862,5014,D_SFS030_PHP000,SFS030,2,diversion,5
5627,5444,C_PHP000,MFS015,2,operational,5
4698,5444,C_MFS016,MFS015,2,operational,5
6407,3768,C_SFS030,SFS026,2,operational,5
4898,6972,C_JWS004,MFS013,2,operational,5
5775,5797,Local Inflow to MF Stanislaus River,I_MFS013,2,operational,5
5797,6972,I_MFS013,MFS013,2,operational,5
6972,4844,MFS013,D_MFS013_SPH000,2,operational,5
5302,5153,C_MFS012,STS093,2,operational,5
4151,6841,Local Inflow to NF Stanislaus River,I_NFS005,2,operational,5
6841,4915,I_NFS005,NFS005,2,operational,5
4810,4974,C_BVC007,NFS006,2,operational,5
4974,4793,NFS006,C_NFS006,2,operational,5
5468,6391,Inflows to NF Stanislaus River,I_NFS033,2,operational,5
6391,6186,I_NFS033,ALPNE,2,operational,5
4289,3645,NFS033,C_NFS033,2,operational,5
5050,3583,C_NFS032,NFS027,2,operational,5
3789,6122,Highland Creek,I_SPICE,2,operational,5
6122,4131,I_SPICE,SPICE,2,operational,5
4086,3583,C_HGL006,NFS027,2,operational,5
5618,4752,C_NFS027,NFS009,2,operational,5
7052,6071,D_BVC007_BVT000,BVC007,2,diversion,5
6535,4752,I_NFS009,NFS009,2,operational,5
3861,4445,Beaver Creek,I_BVC007,2,operational,5
4445,6071,I_BVC007,BVC007,2,operational,5
5081,3776,C_BVT000,NFS008,2,operational,5
3776,4564,NFS008,D_NFS008_CVT000,2,operational,5
4034,6049,CVT005,D_CVT005_UTC000,2,operational,5
6049,5810,D_CVT005_UTC000,UTC000,2,diversion,5
4034,6532,CVT005,C_CVT005,2,operational,5
5584,4541,MIL003,D_MIL003_UTC001,2,operational,5
4541,4822,D_MIL003_UTC001,UTC001,2,diversion,5
5260,6054,UTC014,C_UTC014,2,operational,5
6054,5305,C_UTC014,ANG017,2,operational,5
5850,6925,ANC000,D_ANC000_ANGLS,2,operational,5
4855,6283,Angels Creek,I_ANG017,2,operational,5
6283,5305,I_ANG017,ANG017,2,operational,5
4585,5705,C_ANG014,ANG010,2,operational,5
6878,4848,C_STS072,Melon,2,operational,5
4207,6878,STS072,C_STS072,2,operational,5
4692,6709,Local Inflow to New Melones Reservoir,I_STS072,2,operational,5
6709,4207,I_STS072,STS072,2,operational,5
4195,4525,C_SFS018,STS085,2,operational,5
4848,6183,Melon,E_MELON,2,operational,5
6925,5780,D_ANC000_ANGLS,ANGLS,2,diversion,5
1700,1488,C_MELON,STS069,2,operational,5
4848,1700,Melon,C_MELON,2,operational,5
4614,4338,Tuloc,E_TULOC,2,operational,5
925,804,C_TULOC,STS060,2,operational,5
4581,80,Stanislaus River local inflows below Tulloch Reservoir,I_STS059,2,operational,5
80,365,I_STS059,STS059,2,operational,5
365,872,STS059,C_STS059,2,operational,5
365,1578,STS059,D_STS059_OAK001,2,operational,5
1578,2253,D_STS059_OAK001,OAK001,2,diversion,5
572,1085,OAK020,D_OAK020_61_PA2,2,operational,5
1733,1817,R_RFS61B_STS036,STS036,2,return,5
1275,1817,C_STS043,STS036,2,operational,5
2741,947,RFS61B,D_RFS61B_61_NA2,2,operational,5
1817,1928,STS036,C_STS036,2,operational,5
3915,2706,SG151_STS030_23,STS030,2,operational,5
2390,236,RFS61C,R_RFS61C_STS030,2,operational,5
2706,2871,STS030,C_STS030,2,operational,5
2706,866,STS030,D_STS030_61_NA4,2,operational,5
866,4076,D_STS030_61_NA4,61_NA4 Stanislaus Riparian,2,diversion,5
4076,415,61_NA4 Stanislaus Riparian,R_61_NA4_SJR072,2,operational,5
415,2889,R_61_NA4_SJR072,SJR072,2,return,5
743,2655,SR_61_SJR070,SJR070,2,storage_return,5
2545,311,STS017,C_STS017,2,operational,5
311,2828,C_STS017,STS011,2,operational,5
5631,2828,SG153_STS011_23,STS011,2,operational,5
568,6158,C_STS011,STS004,2,operational,5
1028,6171,SSJ004,D_SSJ004_61_PA1,2,operational,5
5285,262,Wdwrd,D_WDWRD_WTPDGT,2,operational,5
262,6877,D_WDWRD_WTPDGT,WTP DGT,2,diversion,5
27,5285,C_SSJ004,Wdwrd,2,operational,5
5285,1200,Wdwrd,D_WDWRD_61_PA3,2,operational,5
6877,443,WTP DGT,D_WTPDGT_61_NU2,2,operational,5
3968,1903,"61_NU2 Cities of Lathrop, Manteca and Escalon",R_61_NU2_MAWWTP,2,operational,5
1903,852,R_61_NU2_MAWWTP,MAWWTP,2,return,5
852,579,MAWWTP,R_MAWWTP_SJR056,2,operational,5
579,2286,R_MAWWTP_SJR056,SJR056,2,return,5
1936,5785,R_61_PA1_RFS61C,61_PA1 Oakdale ID North,2,return,5
1936,2390,R_61_PA1_RFS61C,RFS61C,2,return,5
1860,2286,R_RFS61C_SJR056,SJR056,2,return,5
2390,1860,RFS61C,R_RFS61C_SJR056,2,operational,5
1066,6876,UFC000,SG_UFC000_599,2,operational,5
6794,2906,Littlejohns Creek,I_LJC022,2,operational,5
2906,1174,I_LJC022,LJC022,2,operational,5
1174,222,LJC022,C_LJC022,2,operational,5
2796,1022,LJC010,D_LJC010_60S_PA2,2,operational,5
1787,88,R_60S_PA2_FCS007,FCS007,2,return,5
1027,88,SR_60S_FCS007,FCS007,2,storage_return,5
2232,88,SR_61_FCS007,FCS007,2,storage_return,5
715,1151,SR_60S_SJR043,SJR043,2,storage_return,5
88,2328,FCS007,C_FCS007,2,operational,5
2328,2416,C_FCS007,FCS006,2,operational,5
2416,2560,FCS006,C_FCS006,2,operational,5
2149,716,R_60S_NU1_STWWTP,STWWTP,2,return,5
716,2583,STWWTP,R_STWWTP_SJR042,2,operational,5
2583,1610,R_STWWTP_SJR042,SJR042,2,return,5
3633,69,SG166_CLV004_25,CLV004,2,operational,5
647,1767,CLV009,C_CLV009,2,operational,5
2717,1262,C_CLV037,CLV037,2,operational,5
1262,277,CLV037,D_CLV037_CACWD,2,operational,5
277,1976,D_CLV037_CACWD,CACWD,2,diversion,5
369,2322,D_WTPJYL_JLIND,JLIND,2,diversion,5
3884,369,WTP JYL,D_WTPJYL_JLIND,2,operational,5
1468,3884,D_CLV043_WTPJYL,WTP JYL,2,diversion,5
359,1468,CLV043,D_CLV043_WTPJYL,2,operational,5
2437,1814,NHGAN,C_NHGAN,2,operational,5
1814,2575,C_NHGAN,CLV044,2,operational,5
3804,2149,60S_NU1 City of Stockton,R_60S_NU1_STWWTP,2,operational,5
2236,2922,C_SDC001,CLV006,2,operational,5
1759,939,R_60S_PA1_SDC001,SDC001,2,return,5
939,2236,SDC001,C_SDC001,2,operational,5
5304,1759,60S_PA1 Stockton East WD,R_60S_PA1_SDC001,2,operational,5
2279,5304,D_CLV026_60S_PA1,60S_PA1 Stockton East WD,2,diversion,5
3930,2919,60N_NA3 North San Joaquin WCD,R_60N_NA3_SJR028,2,operational,5
2806,3930,D_MOK050_60N_NA3,60N_NA3 North San Joaquin WCD,2,diversion,5
6158,5252,STS004,D_STS004_61_NA6,2,operational,5
5252,6118,D_STS004_61_NA6,61_NA6 Non-District,2,diversion,5
443,3968,D_WTPDGT_61_NU2,"61_NU2 Cities of Lathrop, Manteca and Escalon",2,diversion,5
6171,5785,D_SSJ004_61_PA1,61_PA1 Oakdale ID North,2,diversion,5
5285,5362,Wdwrd,E_WDWRD,2,operational,5
1434,3701,D_SJR028_WTPDWS,WTP DWS,2,diversion,5
1566,3701,D_WTPDWS_60S_NU1,WTP DWS,2,diversion,5
1566,3804,D_WTPDWS_60S_NU1,60S_NU1 City of Stockton,2,diversion,5
2561,3701,D_MOK035_WTPDWS,WTP DWS,2,diversion,5
2437,5943,NHGAN,E_NHGAN,2,operational,5
50,225,I_CLV026,CLV026,2,operational,5
225,507,CLV026,D_CLV026_WTPWDH,2,operational,5
507,4934,D_CLV026_WTPWDH,WTP WDH,2,diversion,5
225,1068,CLV026,C_CLV026,2,operational,5
1068,1824,C_CLV026,CLV023,2,operational,5
2279,225,D_CLV026_60S_PA1,CLV026,2,diversion,5
2750,1164,SR_60S_SJR038,SJR038,2,storage_return,5
4934,2112,WTP WDH,D_WTPWDH_60S_NU1,2,operational,5
2112,3804,D_WTPWDH_60S_NU1,60S_NU1 City of Stockton,2,diversion,5
1174,4044,LJC022,D_LJC022_60S_PA1,2,operational,5
4044,5304,D_LJC022_60S_PA1,60S_PA1 Stockton East WD,2,diversion,5
1174,1167,LJC022,D_LJC022_WTPWDH,2,operational,5
1167,4934,D_LJC022_WTPWDH,WTP WDH,2,diversion,5
5194,384,SG156_SJR062_24,SJR062,2,operational,5
365,686,STS059,D_STS059_SSJ001,2,operational,5
686,2873,D_STS059_SSJ001,SSJ001,2,diversion,5
236,2706,R_RFS61C_STS030,STS030,2,return,5
804,1834,STS060,C_STS060,2,operational,5
1834,365,C_STS060,STS059,2,operational,5
1488,987,STS069,C_STS069,2,operational,5
987,4614,C_STS069,Tuloc,2,operational,5
1939,666,TUO003,C_TUO003,2,operational,5
1598,2881,TUO030,C_TUO030,2,operational,5
2881,1577,C_TUO030,TUO022,2,operational,5
1577,1166,TUO022,C_TUO022,2,operational,5
1166,406,C_TUO022,TUO017,2,operational,5
406,2361,TUO017,C_TUO017,2,operational,5
2361,612,C_TUO017,TUO015,2,operational,5
612,2352,TUO015,C_TUO015,2,operational,5
2352,2041,C_TUO015,TUO010,2,operational,5
2041,503,TUO010,C_TUO010,2,operational,5
503,2763,C_TUO010,TUO004,2,operational,5
2763,2654,TUO004,C_TUO004,2,operational,5
2654,1939,C_TUO004,TUO003,2,operational,5
5876,1598,SG139_TUO030_21,TUO030,2,operational,5
3762,1577,SG140_TUO022_21,TUO022,2,operational,5
4846,612,SG141_TUO015_21,TUO015,2,operational,5
3865,2041,SG142_TUO010_21,TUO010,2,operational,5
420,1905,TUO054,C_TUO054,2,operational,5
1905,2720,C_TUO054,TUO053,2,operational,5
4479,2720,SG135_TUO053_21,TUO053,2,operational,5
2720,1704,TUO053,C_TUO053,2,operational,5
1704,2767,C_TUO053,TUO047,2,operational,5
6271,2767,SG136_TUO047_21,TUO047,2,operational,5
2767,389,TUO047,C_TUO047,2,operational,5
389,958,C_TUO047,TUO043,2,operational,5
6832,958,SG137_TUO043_21,TUO043,2,operational,5
958,623,TUO043,C_TUO043,2,operational,5
623,2223,C_TUO043,TUO036,2,operational,5
5499,2223,SG138_TUO036_21,TUO036,2,operational,5
2223,1162,TUO036,C_TUO036,2,operational,5
1162,4304,C_TUO036,TUO033,2,operational,5
4854,7009,Pedro,E_PEDRO,2,operational,5
4854,510,Pedro,C_PEDRO,2,operational,5
510,420,C_PEDRO,TUO054,2,operational,5
6973,4874,TUO073,C_TUO073,2,operational,5
4874,4854,C_TUO073,Pedro,2,operational,5
1351,4854,I_PEDRO,Pedro,2,operational,5
5942,4724,Moccasin Creek,I_MOC003,2,operational,5
4724,5004,I_MOC003,MOC003,2,operational,5
5004,3931,MOC003,C_MOC003,2,operational,5
3931,6973,C_MOC003,TUO073,2,operational,5
3694,6779,I_NFT008,North Fork Tuolumne River,2,operational,5
3694,5790,I_NFT008,NFT008,2,operational,5
5790,5360,NFT008,C_NFT008,2,operational,5
5360,5981,C_NFT008,TUO081,2,operational,5
5981,6793,TUO081,C_TUO081,2,operational,5
6793,6973,C_TUO081,TUO073,2,operational,5
4531,3925,I_CVY009,Clavey River,2,operational,5
4531,6174,I_CVY009,CVY009,2,operational,5
6174,6160,CVY009,C_CVY009,2,operational,5
6160,5661,C_CVY009,TUO091,2,operational,5
5661,5778,TUO091,C_TUO091,2,operational,5
5778,5981,C_TUO091,TUO081,2,operational,5
5150,6527,TUO097,C_TUO097,2,operational,5
6527,4779,C_TUO097,TUO096,2,operational,5
4779,6632,TUO096,C_TUO096,2,operational,5
6632,5661,C_TUO096,TUO091,2,operational,5
3913,6378,I_SFT003,South Fork Tuolumne River,2,operational,5
3913,4109,I_SFT003,SFT003,2,operational,5
4017,4109,C_SFT003,SFT003,2,operational,5
4017,4019,C_SFT003,SFT002,2,operational,5
4942,4019,C_SFT002,SFT002,2,operational,5
4942,5150,C_SFT002,TUO097,2,operational,5
6498,3609,I_MFT000,Middle Fork Tuolumne,2,operational,5
6498,2146,I_MFT000,MFT000,2,operational,5
2146,2172,MFT000,C_MFT000,2,operational,5
2172,4019,C_MFT000,SFT002,2,operational,5
7006,3668,I_JWB001,Jawbone Creek,2,operational,5
7006,4747,I_JWB001,JWB001,2,operational,5
4747,4124,JWB001,C_JWB001,2,operational,5
4124,4663,C_JWB001,TUO102,2,operational,5
4663,6429,TUO102,C_TUO102,2,operational,5
6429,5150,C_TUO102,TUO097,2,operational,5
5557,4042,TUO103,C_TUO103,2,operational,5
4042,4663,C_TUO103,TUO102,2,operational,5
4202,5253,CHY001,C_CHY001,2,operational,5
5253,6097,C_CHY001,CHY000,2,operational,5
6097,6958,CHY000,C_CHY000,2,operational,5
6958,5557,C_CHY000,TUO103,2,operational,5
3957,4202,C_CHY006,CHY001,2,operational,5
3881,3957,CHY006,C_CHY006,2,operational,5
3586,3881,C_CHY007,CHY006,2,operational,5
3584,3586,CHY007,C_CHY007,2,operational,5
5730,4330,Inflow to Cherry Lake,I_LLOYD,2,operational,5
4330,4252,I_LLOYD,LLOYD,2,operational,5
5968,5286,S_LLOYD,C_LLOYD,2,operational,5
5286,6163,C_LLOYD,CHY011,2,operational,5
6163,6967,CHY011,C_CHY011,2,operational,5
6967,3584,C_CHY011,CHY007,2,operational,5
6892,5111,Inflow to Lake Eleanor,I_ELENR,2,operational,5
5111,4331,I_ELENR,ELENR,2,operational,5
3700,5245,S_ELENR,C_ELENR,2,operational,5
5245,6209,C_ELENR,ELN003,2,operational,5
6209,4602,ELN003,C_ELN003,2,operational,5
4602,3584,C_ELN003,CHY007,2,operational,5
4331,6750,ELENR,E_ELANR,2,operational,5
4331,3965,ELENR,D_ELENR_ECT001,2,operational,5
3965,5485,D_ELENR_ECT001,ECT001,2,diversion,5
5485,6669,ECT001,C_ECT001,2,operational,5
6669,4252,C_ECT001,LLOYD,2,operational,5
4252,6120,LLOYD,E_LLOYD,2,operational,5
6139,6924,I_CHY006,Cherry Creek Local Inflow,2,operational,5
6139,3881,I_CHY006,CHY006,2,operational,5
3881,4794,CHY006,D_CHY006_LCA001,2,operational,5
4794,4950,D_CHY006_LCA001,LCA001,2,diversion,5
4950,5136,LCA001,C_LCA001,2,operational,5
5136,4216,C_LCA001,TUO105,2,operational,5
4252,6936,LLOYD,D_CHRRY_CHY000,2,operational,5
6936,6097,D_CHRRY_CHY000,CHY000,2,diversion,5
4216,5748,TUO105,C_TUO105,2,operational,5
5748,4069,C_TUO105,TUO104,2,operational,5
4069,4979,TUO104,C_TUO104,2,operational,5
4979,5557,C_TUO104,TUO103,2,operational,5
4216,3678,TUO105,D_TUO105_MNT000,2,operational,5
3678,6548,D_TUO105_MNT000,MNT000,2,diversion,5
4382,4410,MNT020,C_MNT020,2,operational,5
6548,6570,MNT000,C_MNT000,2,operational,5
6570,4382,C_MNT000,MNT020,2,operational,5
4410,5004,C_MNT020,MOC003,2,operational,5
4374,4893,D_FHT015_SFPUC,SFPUC,2,diversion,5
4570,4374,FHT015,D_FHT015_SFPUC,2,operational,5
3792,4570,D_MOC003_FHT015,FHT015,2,diversion,5
5004,3792,MOC003,D_MOC003_FHT015,2,operational,5
5657,5303,Inflow to Hetch Hetchy Reservoir,I_HTCHY,2,operational,5
5303,4178,I_HTCHY,HTCHY,2,operational,5
4178,5533,HTCHY,C_HTCHY,2,operational,5
5533,6240,C_HTCHY,TUO116,2,operational,5
6240,5707,TUO116,C_TUO116,2,operational,5
5707,6912,C_TUO116,TUO106,2,operational,5
6912,5518,TUO106,C_TUO106,2,operational,5
5518,4216,C_TUO106,TUO105,2,operational,5
4178,5847,HTCHY,E_HTCHY,2,operational,5
4178,3606,HTCHY,D_HTCHY_CPT012,2,operational,5
3606,5276,D_HTCHY_CPT012,CPT012,2,diversion,5
5276,6341,CPT012,D_CPT012_MNT000,2,operational,5
6341,6548,D_CPT012_MNT000,MNT000,2,diversion,5
5276,6545,CPT012,D_CPT012_TUO105,2,operational,5
6545,4216,D_CPT012_TUO105,TUO105,2,diversion,5
4249,4216,I_TUO105,TUO105,2,operational,5
1113,2566,MCD002,C_MCD002,2,operational,5
2432,153,MRS000,C_MRS000,2,operational,5
1481,1113,C_MCD005,MCD002,2,operational,5
1657,1481,MCD005,C_MCD005,2,operational,5
2609,1657,C_MCD009,MCD005,2,operational,5
536,2609,MCD009,C_MCD009,2,operational,5
5839,536,SG123_MCD009_17,MCD009,2,operational,5
5902,1096,SG122_MCD014_17,MCD014,2,operational,5
1096,2504,MCD014,C_MCD014,2,operational,5
2504,536,C_MCD014,MCD009,2,operational,5
218,1096,C_MCD018,MCD014,2,operational,5
703,1428,MCD021,C_MCD021,2,operational,5
1113,785,MCD002,D_MCD002_63_NA4,2,operational,5
785,3943,D_MCD002_63_NA4,"63_NA4 Plainsburg ID, La Grande-Athlone, Turner Island WD, Stevinson WD, Non-District, Merced Riparian",2,diversion,5
3943,2217,"63_NA4 Plainsburg ID, La Grande-Athlone, Turner Island WD, Stevinson WD, Non-District, Merced Riparian",R_63_NA4_SJR117,2,operational,5
2217,1701,R_63_NA4_SJR117,SJR117,2,return,5
7032,703,SG121_MCD021_17,MCD021,2,operational,5
2230,2476,R_62_NA6_MCD028,MCD028,2,return,5
2451,2476,R_62_NA2_MCD028,MCD028,2,return,5
2011,6508,D_MCD055_62_NA6,62_NA6 Merced ID North,2,diversion,5
6508,2230,62_NA6 Merced ID North,R_62_NA6_MCD028,2,operational,5
1419,3825,D_MCD050_62_NA2,62_NA2 Merced Riparian,2,diversion,5
3825,2451,62_NA2 Merced Riparian,R_62_NA2_MCD028,2,operational,5
237,703,SR_63_MCD021,MCD021,2,storage_return,5
5749,6465,62_NA3 Turlock ID,R_62_NA3_MCD021,2,operational,5
6465,703,R_62_NA3_MCD021,MCD021,2,return,5
2241,227,MCD042,C_MCD042,2,operational,5
227,2426,C_MCD042,MCD036,2,operational,5
2426,838,MCD036,C_MCD036,2,operational,5
3864,2426,SG119_MCD036_17,MCD036,2,operational,5
838,387,C_MCD036,MCD033,2,operational,5
387,1719,MCD033,C_MCD033,2,operational,5
1719,1797,C_MCD033,MCD032,2,operational,5
1797,1751,MCD032,C_MCD032,2,operational,5
1751,2476,C_MCD032,MCD028,2,operational,5
2683,688,DCM019,C_DCM019,2,operational,5
688,1797,C_DCM019,MCD032,2,operational,5
2296,433,I_DCM027,DCM027,2,operational,5
433,1236,DCM027,C_DCM027,2,operational,5
1236,2683,C_DCM027,DCM019,2,operational,5
5941,2476,SG120_MCD028_17,MCD028,2,operational,5
2241,1144,MCD042,D_MCD042_63_NA2,2,operational,5
1144,5505,D_MCD042_63_NA2,63_NA2 Merced Riparian,2,diversion,5
5505,2954,63_NA2 Merced Riparian,R_63_NA2_MCD028,2,operational,5
2954,2476,R_63_NA2_MCD028,MCD028,2,return,5
336,2241,C_MCD046,MCD042,2,operational,5
1835,336,MCD046,C_MCD046,2,operational,5
1063,1835,C_MCD048,MCD046,2,operational,5
6790,1830,SG117_MCD048_17,MCD048,2,operational,5
5324,2241,SG118_MCD042_17,MCD042,2,operational,5
1611,1249,SR_63_MCD050,MCD050,2,storage_return,5
2201,1249,SR_62_MCD050,MCD050,2,storage_return,5
1249,1419,MCD050,D_MCD050_62_NA2,2,operational,5
5652,1521,Merced River,I_MCLRE,2,operational,5
1521,2181,I_MCLRE,MCLRE,2,operational,5
2181,949,MCLRE,C_MCLRE,2,operational,5
949,1353,C_MCLRE,MCD056,2,operational,5
1320,1105,I_MCD055,MCD055,2,operational,5
703,2638,MCD021,D_MCD021_63_NA4,2,operational,5
2638,3943,D_MCD021_63_NA4,"63_NA4 Plainsburg ID, La Grande-Athlone, Turner Island WD, Stevinson WD, Non-District, Merced Riparian",2,diversion,5
1239,3943,D_MID021_63_NA4,"63_NA4 Plainsburg ID, La Grande-Athlone, Turner Island WD, Stevinson WD, Non-District, Merced Riparian",2,diversion,5
5231,5754,D_MID021_MPS020,MPS020,2,diversion,5
717,2961,SJR081,D_SJR081_61_NA5,2,operational,5
2961,4563,D_SJR081_61_NA5,61_NA5 San Joaquin River Riparian,2,diversion,5
2034,4563,R_61_NA5_RFS61A,61_NA5 San Joaquin River Riparian,2,return,5
2034,912,R_61_NA5_RFS61A,RFS61A,2,return,5
912,1308,RFS61A,R_RFS61A_SJR072,2,operational,5
1308,2889,R_RFS61A_SJR072,SJR072,2,return,5
612,4038,TUO015,D_TUO015_62_NA4,2,operational,5
4038,5443,D_TUO015_62_NA4,62_NA4 Tuolumne River Riparian,2,diversion,5
5443,2182,62_NA4 Tuolumne River Riparian,R_62_NA4_TUO003,2,operational,5
2182,1939,R_62_NA4_TUO003,TUO003,2,return,5
612,5564,TUO015,D_TUO015_61_NA3,2,operational,5
5564,3652,D_TUO015_61_NA3,61_NA3 Tuolumne River Riparian,2,diversion,5
3652,1674,61_NA3 Tuolumne River Riparian,R_61_NA3_TUO003,2,operational,5
1674,1939,R_61_NA3_TUO003,TUO003,2,return,5
1105,424,MCD055,C_MCD055,2,operational,5
424,1778,C_MCD055,MCD054,2,operational,5
1778,2117,MCD054,C_MCD054,2,operational,5
2117,2314,C_MCD054,MCD052,2,operational,5
6776,2314,SG116_MCD052_17,MCD052,2,operational,5
2314,1801,MCD052,C_MCD052,2,operational,5
1801,1249,C_MCD052,MCD050,2,operational,5
1105,2011,MCD055,D_MCD055_62_NA6,2,operational,5
2314,587,MCD052,D_MCD052_MID021,2,operational,5
587,1123,D_MCD052_MID021,MID021,2,diversion,5
1123,446,MID021,D_MID021_63_NA3,2,operational,5
446,3617,D_MID021_63_NA3,63_NA3 Merced ID South,2,diversion,5
3617,1531,63_NA3 Merced ID South,R_63_NA3_MCD028,2,operational,5
685,406,SR_62_TUO017,TUO017,2,storage_return,5
2851,406,SR_61_TUO017,TUO017,2,storage_return,5
4675,1015,Dry Creek,I_DCT050,2,operational,5
1015,266,I_DCT050,DCT050,2,operational,5
266,2744,DCT050,C_DCT050,2,operational,5
2744,406,C_DCT050,TUO017,2,operational,5
5749,6149,62_NA3 Turlock ID,R_62_NA3_TUO022,2,operational,5
6149,1577,R_62_NA3_TUO022,TUO022,2,return,5
2737,717,SR_62_SJR081,SJR081,2,storage_return,5
2904,420,I_TUO054,TUO054,2,operational,5
420,347,TUO054,D_TUO054_TUR001,2,operational,5
347,44,D_TUO054_TUR001,TUR001,2,diversion,5
44,1057,TUR001,C_TUR001,2,operational,5
1057,6862,C_TUR001,Trlck,2,operational,5
3596,6862,SG_TRLCK_666,Trlck,2,operational,5
6862,6124,Trlck,E_TRLCK,2,operational,5
6862,5983,Trlck,D_TRLCK_62_NA3,2,operational,5
5983,5749,D_TRLCK_62_NA3,62_NA3 Turlock ID,2,diversion,5
420,1451,TUO054,D_TUO054_MDS003,2,operational,5
1451,348,D_TUO054_MDS003,MDS003,2,diversion,5
348,2845,MDS003,C_MDS003,2,operational,5
2845,5030,C_MDS003,S_MDSTO,2,operational,5
5031,5416,Mdsto,E_MDSTO,2,operational,5
6726,5031,SG_MDSTO_644,Mdsto,2,operational,5
5031,2537,Mdsto,D_MDSTO_61_NA2,2,operational,5
5031,2283,Mdsto,D_MDSTO_WTPMOD,2,operational,5
2537,5190,D_MDSTO_61_NA2,61_NA2 Modesto ID,2,diversion,5
5190,2161,61_NA2 Modesto ID,R_61_NA2_RFS61D,2,operational,5
2161,229,R_61_NA2_RFS61D,RFS61D,2,return,5
2283,5438,D_MDSTO_WTPMOD,WTP MOD,2,diversion,5
5438,1645,WTP MOD,D_WTPMOD_61_NU1,2,operational,5
1645,4983,D_WTPMOD_61_NU1,61_NU1 City of Modesto,2,diversion,5
5190,5058,61_NA2 Modesto ID,R_61_NA2_TUO017,2,operational,5
5058,406,R_61_NA2_TUO017,TUO017,2,return,5
4983,2142,61_NU1 City of Modesto,R_61_NU1_MOWWTP,2,operational,5
2142,483,R_61_NU1_MOWWTP,MOWWTP,2,return,5
483,1089,MOWWTP,R_MOWWTP_TUO010,2,operational,5
1089,2041,R_MOWWTP_TUO010,TUO010,2,return,5
947,5190,D_RFS61B_61_NA2,61_NA2 Modesto ID,2,diversion,5
2565,572,D_OAK020_61_NA2,OAK020,2,diversion,5
2565,5190,D_OAK020_61_NA2,61_NA2 Modesto ID,2,diversion,5
2741,993,RFS61B,R_RFS61B_TUO017,2,operational,5
993,406,R_RFS61B_TUO017,TUO017,2,return,5
229,1417,RFS61D,D_RFS61D_61_NA5,2,operational,5
1417,4563,D_RFS61D_61_NA5,61_NA5 San Joaquin River Riparian,2,diversion,5
1531,2476,R_63_NA3_MCD028,MCD028,2,return,5
1123,1239,MID021,D_MID021_63_NA4,2,operational,5
1123,5231,MID021,D_MID021_MPS020,2,operational,5
2181,4678,MCLRE,E_MCLRE,2,operational,5
64,268,SJR115,C_SJR115,2,operational,5
1919,765,SJR114,D_SJR114_62_NA5,2,operational,5
765,3592,D_SJR114_62_NA5,62_NA5 San Joaquin River Riparian,2,diversion,5
3592,2760,62_NA5 San Joaquin River Riparian,R_62_NA5_SJR082,2,operational,5
5196,616,SG126_SJR111_18,SJR111,2,operational,5
616,1867,SJR111,C_SJR111,2,operational,5
4545,816,SG127_SJR106_18,SJR106,2,operational,5
816,2456,SJR106,C_SJR106,2,operational,5
2842,2505,SJR105,C_SJR105,2,operational,5
5108,161,"62_NU Cities of Turlock, Ceres, Dehli, Hilmar, Hughson, Keyes and Denair small communities",R_62_NU_TKWWTP,2,operational,5
161,2722,R_62_NU_TKWWTP,TKWWTP,2,return,5
2722,1822,TKWWTP,R_TKWWTP_SJR101,2,operational,5
1822,1647,R_TKWWTP_SJR101,SJR101,2,return,5
1647,2928,SJR101,C_SJR101,2,operational,5
6068,362,SG132_SJR096_20,SJR096,2,operational,5
362,1706,SJR096,C_SJR096,2,operational,5
1342,1235,SJR091,C_SJR091,2,operational,5
4043,149,SG133_SJR090_20,SJR090,2,operational,5
149,380,SJR090,C_SJR090,2,operational,5
2449,2249,SJR087,C_SJR087,2,operational,5
2438,1098,SJR082,C_SJR082,2,operational,5
2760,2438,R_62_NA5_SJR082,SJR082,2,return,5
4622,717,SG134_SJR081_20,SJR081,2,operational,5
717,2611,SJR081,C_SJR081,2,operational,5
115,1047,SJR075,C_SJR075,2,operational,5
6798,2889,SG145_SJR072_22,SJR072,2,operational,5
2889,171,SJR072,C_SJR072,2,operational,5
5526,6890,S_LYONS,D_LYONS_TCN000,2,operational,5
6890,3638,D_LYONS_TCN000,TCN000,2,diversion,5
3638,4282,TCN000,D_TCN000_TUDDS,2,operational,5
4282,3566,D_TCN000_TUDDS,TUDDS,2,diversion,5
3839,4246,C_LYONS,SFS018,2,operational,5
4383,4336,Inflow to Lyons Reservoir,I_LYONS,2,operational,5
4336,4627,I_LYONS,LYONS,2,operational,5
4627,5328,LYONS,E_LYONS,2,operational,5
4273,5786,Local Inflow to SF Stanislaus River,I_SFS030,2,operational,5
5786,5014,I_SFS030,SFS030,2,operational,5
5153,6111,STS093,C_STS093,2,operational,5
6111,3726,C_STS093,STS091,2,operational,5
5756,3726,C_CVT009,STS091,2,operational,5
3806,5036,SPH000,C_SPH000,2,operational,5
5036,5622,C_SPH000,STS090,2,operational,5
229,2351,RFS61D,R_RFS61D_RFS61A,2,operational,5
2351,912,R_RFS61D_RFS61A,RFS61A,2,return,5
912,2220,RFS61A,R_RFS61A_SJR075,2,operational,5
2220,115,R_RFS61A_SJR075,SJR075,2,return,5
229,2811,RFS61D,R_RFS61D_STS030,2,operational,5
2811,2706,R_RFS61D_STS030,STS030,2,return,5
5612,2438,R_62_NA3_SJR082,SJR082,2,return,5
5749,5612,62_NA3 Turlock ID,R_62_NA3_SJR082,2,operational,5
4278,4884,SG_WDWRD,S_WDWRD,2,operational,5
1331,327,D_SJR180_ARY010,ARY010,2,diversion,5
4456,2128,SG66_SJR185_8,SJR185,2,operational,5
2128,2735,SJR185,C_SJR185,2,operational,5
1878,1508,SJR195,C_SJR195,2,operational,5
6981,2252,SG65_SJR192_8,SJR192,2,operational,5
2252,1714,SJR192,C_SJR192,2,operational,5
2793,1833,I_BUR005,BUR005,2,operational,5
1833,1032,BUR005,C_BUR005,2,operational,5
1032,1127,C_BUR005,BCK033,2,operational,5
4729,2793,Burns Creek,I_BUR005,2,operational,5
1060,2704,C_BCK040,BCK035,2,operational,5
2195,1060,BCK040,C_BCK040,2,operational,5
800,1127,C_BCK035,BCK033,2,operational,5
2408,2195,I_BCK040,BCK040,2,operational,5
5933,2195,SG105_BCK040_15,BCK040,2,operational,5
3766,2704,SG106_BCK035_15,BCK035,2,operational,5
998,2470,C_BCK033,BCK031,2,operational,5
4262,2470,SG107_BCK031_15,BCK031,2,operational,5
4449,2042,SG108_BCK024_15,BCK024,2,operational,5
2042,914,BCK024,C_BCK024,2,operational,5
914,323,C_BCK024,BCK017,2,operational,5
4629,323,SG109_BCK017_15,BCK017,2,operational,5
220,2363,C_BCK017,BCK010,2,operational,5
4922,2363,SG110_BCK010_15,BCK010,2,operational,5
2363,1021,BCK010,C_BCK010,2,operational,5
1876,317,C_BCK006,EBP048,2,operational,5
1438,1988,I_OWN040,OWN040,2,operational,5
1438,4388,I_OWN040,Owens Creek,2,operational,5
1988,1673,OWN040,C_OWN040,2,operational,5
5663,1436,Mariposa Creek,I_MPS038,2,operational,5
2979,2393,I_DED044,DED044,2,operational,5
4166,2979,Deadman and Ditchman's Creeks,I_DED044,2,operational,5
1436,2633,I_MPS038,MPS038,2,operational,5
2903,465,DED032,C_DED032,2,operational,5
2037,2516,DED019,C_DED019,2,operational,5
2001,1565,DED035,C_DED035,2,operational,5
3877,2588,SG97_DED025_13,DED025,2,operational,5
2590,2457,DED038,C_DED038,2,operational,5
2588,1271,DED025,C_DED025,2,operational,5
6947,2037,SG98_DED019_13,DED019,2,operational,5
1271,2037,C_DED025,DED019,2,operational,5
2393,1889,DED044,C_DED044,2,operational,5
1889,2590,C_DED044,DED038,2,operational,5
6277,2590,SG94_DED038_13,DED038,2,operational,5
465,2588,C_DED032,DED025,2,operational,5
7021,2393,SG93_DED044_13,DED044,2,operational,5
6910,2001,SG95_DED035_13,DED035,2,operational,5
2457,2001,C_DED038,DED035,2,operational,5
2516,2869,C_DED019,DED012,2,operational,5
1565,2903,C_DED035,DED032,2,operational,5
6554,2903,SG96_DED032_13,DED032,2,operational,5
5754,5700,MPS020,C_MPS020,2,operational,5
5700,328,C_MPS020,DED003,2,operational,5
2869,2707,DED012,C_DED012,2,operational,5
2707,2401,C_DED012,DED010,2,operational,5
942,328,C_DED010,DED003,2,operational,5
2401,942,DED010,C_DED010,2,operational,5
3607,2401,SG99_DED010_13,DED010,2,operational,5
2401,1525,DED010,D_DED010_63_PR2,2,operational,5
1525,3910,D_DED010_63_PR2,63_PR2 Merced and Lone Tree units of Merced NWR,2,diversion,5
3910,2581,63_PR2 Merced and Lone Tree units of Merced NWR,R_63_PR2_EBP041,2,operational,5
2581,2571,R_63_PR2_EBP041,EBP041,2,return,5
328,2672,DED003,C_DED003,2,operational,5
2672,1539,C_DED003,EBP042,2,operational,5
1457,2571,C_EBP041,EBP041,2,operational,5
1457,1539,C_EBP041,EBP042,2,operational,5
1207,1539,C_EBP042,EBP042,2,operational,5
1207,1966,C_EBP042,EBP043,2,operational,5
2799,1966,C_EBP043,EBP043,2,operational,5
2799,317,C_EBP043,EBP048,2,operational,5
4945,1095,SG115_SJR116_16,SJR116,2,operational,5
1095,1561,SJR116,D_SJR116_72_NA1,2,operational,5
1561,5799,D_SJR116_72_NA1,72_NA1 Souza & Sons,2,diversion,5
1206,1701,SR_72_SJR117,SJR117,2,storage_return,5
90,1701,SR_71_SJR117,SJR117,2,storage_return,5
2640,1701,SR_63_SJR117,SJR117,2,storage_return,5
6597,815,SG114_SJR123_16,SJR123,2,operational,5
2823,849,SJR131,C_SJR131,2,operational,5
6786,2631,SG104_SJR134_14,SJR134,2,operational,5
2043,2631,SR_63_SJR134,SJR134,2,storage_return,5
2273,2631,R_63_PR3_SJR134,SJR134,2,return,5
4182,1503,SG92_SJR145_12,SJR145,2,operational,5
1552,1503,SP_EBP041_SJR145,SJR145,2,operational,5
1503,488,SJR145,C_SJR145,2,operational,5
4114,977,SG103_SJR141_14,SJR141,2,operational,5
6304,525,SG89_SJR166_11,SJR166,2,operational,5
525,1466,SJR166,C_SJR166,2,operational,5
6764,1682,SG90_SJR157_11,SJR157,2,operational,5
1682,1062,SJR157,C_SJR157,2,operational,5
3681,2164,SG91_SJR152_12,SJR152,2,operational,5
2164,1323,SJR152,C_SJR152,2,operational,5
911,525,D_SJR166_EBP032,SJR166,2,diversion,5
911,1279,D_SJR166_EBP032,EBP032,2,diversion,5
984,1385,SR_64_SJR180,SJR180,2,storage_return,5
1385,2533,SJR180,C_SJR180,2,operational,5
1670,2784,SJR179,C_SJR179,2,operational,5
5782,887,SG68_SJR173_8,SJR173,2,operational,5
887,1986,SJR173,C_SJR173,2,operational,5
1673,1405,C_OWN040,OWN011,2,operational,5
1615,1966,C_OWN011,EBP043,2,operational,5
6324,456,R_RFS63_MWWWTP,MDWWTP,2,return,5
5966,2513,"63_NU Cities of Merced, Atwater, Livingston, Winton, Planada and LeGrand small communities",R_63_NU_RFS63,2,operational,5
2513,2047,R_63_NU_RFS63,RFS63,2,return,5
2047,6324,RFS63,R_RFS63_MWWWTP,2,operational,5
456,1119,MDWWTP,R_MDWWTP_OWN011,2,operational,5
1119,1405,R_MDWWTP_OWN011,OWN011,2,return,5
2047,1594,RFS63,R_RFS63_AWWWTP,2,operational,5
1594,2775,R_RFS63_AWWWTP,AWWWTP,2,return,5
2775,5971,AWWWTP,R_AWWWTP_ESC005,2,operational,5
5971,4530,R_AWWWTP_ESC005,ESC005,2,return,5
4530,4468,ESC005,D_ESC005_63_PR1,2,operational,5
4468,6166,D_ESC005_63_PR1,63_PR1 Arena Plains Unit of Merced NWR,2,diversion,5
6166,5718,63_PR1 Arena Plains Unit of Merced NWR,R_63_PR1_EBP048,2,operational,5
5718,317,R_63_PR1_EBP048,EBP048,2,return,5
6424,3608,D_BCK006_ESC004,ESC004,2,diversion,5
2883,317,C_EBP048,EBP048,2,operational,5
58,1240,SR_64_EBP050,EBP050,2,storage_return,5
3963,2273,63_PR3 East Bear Unit of San Luis NWR,R_63_PR3_SJR134,2,operational,5
1806,3963,D_EBP048_63_PR3,63_PR3 East Bear Unit of San Luis NWR,2,diversion,5
1240,189,EBP050,C_EBP050,2,operational,5
649,1240,SR_63_EBP050,EBP050,2,storage_return,5
2883,1240,C_EBP048,EBP050,2,operational,5
6796,317,SG_EBP048_729,EBP048,2,operational,5
1859,1279,SR_63_EBP032,EBP032,2,storage_return,5
1537,1279,SR_64_EBP032,EBP032,2,storage_return,5
564,2571,C_EBP033,EBP041,2,operational,5
564,285,C_EBP033,EBP033,2,operational,5
2728,285,C_EBP032,EBP033,2,operational,5
2728,1279,C_EBP032,EBP032,2,operational,5
1829,1245,C_EBP030,EBP030,2,operational,5
1829,1279,C_EBP030,EBP032,2,operational,5
4772,739,64_NA2 Non-District West,R_64_NA2_EBP030,2,operational,5
739,1245,R_64_NA2_EBP030,EBP030,2,return,5
1517,2114,EBP022,C_EBP022,2,operational,5
2114,1245,C_EBP022,EBP030,2,operational,5
5845,1245,SG87_EBP030_11,EBP030,2,operational,5
1403,1245,C_CHW006,EBP030,2,operational,5
105,1245,SR_63_EBP030,EBP030,2,storage_return,5
1999,1245,SR_64_EBP030,EBP030,2,storage_return,5
3653,812,SG86_CHW006_11,CHW006,2,operational,5
5852,1708,SG85_CHW011_11,CHW011,2,operational,5
5542,528,SG84_CHW017_11,CHW017,2,operational,5
812,1403,CHW006,C_CHW006,2,operational,5
2612,812,C_CHW011,CHW006,2,operational,5
1708,2612,CHW011,C_CHW011,2,operational,5
1629,1708,C_CHW017,CHW011,2,operational,5
528,1629,CHW017,C_CHW017,2,operational,5
1717,675,I_ESTMN,ESTMN,2,operational,5
994,528,C_CHW021,CHW017,2,operational,5
726,361,C_CHW037,CHW031,2,operational,5
1707,2406,C_CHW028,CHW024,2,operational,5
2219,399,C_CHW024,CHW021,2,operational,5
3912,583,SG81_CHW028_11,CHW028,2,operational,5
4726,2406,SG82_CHW024_11,CHW024,2,operational,5
2406,2219,CHW024,C_CHW024,2,operational,5
583,1707,CHW028,C_CHW028,2,operational,5
4731,1717,Chowchilla River,I_ESTMN,2,operational,5
675,2758,ESTMN,C_ESTMN,2,operational,5
4070,361,SG80_CHW031_11,CHW031,2,operational,5
4836,399,SG83_CHW021_11,CHW021,2,operational,5
2800,726,CHW037,C_CHW037,2,operational,5
361,1855,CHW031,C_CHW031,2,operational,5
399,994,CHW021,C_CHW021,2,operational,5
675,5540,ESTMN,E_ESTMN,2,operational,5
1855,583,C_CHW031,CHW028,2,operational,5
2758,2800,C_ESTMN,CHW037,2,operational,5
2578,361,I_CHW031,CHW031,2,operational,5
235,1517,C_ASL013,EBP022,2,operational,5
1497,235,ASL013,C_ASL013,2,operational,5
2584,1517,R_RFS64_EBP022,EBP022,2,return,5
1037,2584,RFS64,R_RFS64_EBP022,2,operational,5
2454,1037,R_64_PA2_RFS64,RFS64,2,return,5
6408,2454,64_PA2 Chowchilla WD,R_64_PA2_RFS64,2,operational,5
33,6408,D_CHW017_64_PA2,64_PA2 Chowchilla WD,2,diversion,5
1795,6408,D_BRS018_64_PA2,64_PA2 Chowchilla WD,2,diversion,5
1795,1907,D_BRS018_64_PA2,BRS018,2,diversion,5
1040,1907,D_CHW028_BRS018,BRS018,2,diversion,5
583,1040,CHW028,D_CHW028_BRS018,2,operational,5
583,2367,CHW028,D_CHW028_ASL013,2,operational,5
2367,1497,D_CHW028_ASL013,ASL013,2,diversion,5
2699,1497,D_ASL013_64_PA2,ASL013,2,diversion,5
2699,6408,D_ASL013_64_PA2,64_PA2 Chowchilla WD,2,diversion,5
1907,515,BRS018,C_BRS018,2,operational,5
515,1324,C_BRS018,EBP019,2,operational,5
1324,1750,EBP019,C_EBP019,2,operational,5
1750,1517,C_EBP019,EBP022,2,operational,5
1448,1324,SR_64_EBP019,EBP019,2,storage_return,5
2571,1552,EBP041,SP_EBP041_SJR145,2,operational,5
33,528,D_CHW017_64_PA2,CHW017,2,diversion,5
1385,1331,SJR180,D_SJR180_ARY010,2,operational,5
2436,2013,D_FSC027_MAQ012,MAQ012,2,diversion,5
6107,2080,C_NFM026,NFM024,2,operational,5
2259,2801,C_MFM001,MOK088,2,operational,5
1110,2259,MFM001,C_MFM001,2,operational,5
1155,1110,C_SFM003,MFM001,2,operational,5
2721,1155,SFM003,C_SFM003,2,operational,5
2541,2721,C_SFM005,SFM003,2,operational,5
5116,5061,D_SFM005_MHILL_NU,MHILL_NU,2,diversion,5
5116,2529,D_SFM005_MHILL_NU,SFM005,2,diversion,5
2529,2541,SFM005,C_SFM005,2,operational,5
2094,2529,I_SFM005,SFM005,2,operational,5
2094,4168,I_SFM005,South Fork Mokelumne River,2,operational,5
460,1110,C_MFM006,MFM001,2,operational,5
1294,460,MFM006,C_MFM006,2,operational,5
1048,1294,C_MFM007,MFM006,2,operational,5
2692,1048,MFM007,C_MFM007,2,operational,5
5972,2692,D_MFM007_WSPNT_NU,MFM007,2,diversion,5
5972,5605,D_MFM007_WSPNT_NU,WSPNT_NU,2,diversion,5
5706,1914,SG_DSC028_505,DSC028,2,operational,5
5536,702,SG_DSC035_506,DSC035,2,operational,5
5976,1385,SG67_SJR180_8,SJR180,2,operational,5
2673,816,SR_71_SJR106,SJR106,2,storage_return,5
885,816,SR_72_SJR106,SJR106,2,storage_return,5
1543,816,R_72_NA1_SJR106,SJR106,2,return,5
6754,816,R_71_PA5_SJR106,SJR106,2,return,5
4253,816,R_72_XA3_SJR106,SJR106,2,return,5
2956,1342,SR_71_SJR091,SJR091,2,storage_return,5
1317,1342,SR_72_SJR091,SJR091,2,storage_return,5
858,1342,R_71_PA4_SJR091,SJR091,2,return,5
2376,1342,R_71_PA7_SJR091,SJR091,2,return,5
4221,1342,R_71_PA5_SJR091,SJR091,2,return,5
2726,583,C_MDC032,CHW028,2,operational,5
1037,981,RFS64,D_RFS64_64_NA2,2,operational,5
981,4772,D_RFS64_64_NA2,64_NA2 Non-District West,2,diversion,5
5947,1399,SG64_SJR198_8,SJR198,2,operational,5
2808,1825,C_MDOTA,MDOTA,2,operational,5
1825,1312,MDOTA,D_MDOTA_64_XA,2,operational,5
1312,6579,D_MDOTA_64_XA,64_XA Columbia Canal Company,2,diversion,5
6579,289,64_XA Columbia Canal Company,R_64_XA_SJR185,2,operational,5
289,2128,R_64_XA_SJR185,SJR185,2,return,5
1786,1825,C_SJR205,MDOTA,2,operational,5
1942,2289,SJR249,C_SJR249,2,operational,5
1918,2398,SJR235,C_SJR235,2,operational,5
1117,728,SJR225,C_SJR225,2,operational,5
700,1514,SJR214,C_SJR214,2,operational,5
1480,2480,SJR213,C_SJR213,2,operational,5
1710,1786,SJR205,C_SJR205,2,operational,5
630,2777,SJR258,C_SJR258,2,operational,5
2759,511,SJR263,C_SJR263,2,operational,5
1712,2629,SJR227,C_SJR227,2,operational,5
1036,1535,SJR242,C_SJR242,2,operational,5
2193,1242,SJR265,C_SJR265,2,operational,5
571,1899,SJR256,C_SJR256,2,operational,5
795,2291,SJR221,C_SJR221,2,operational,5
700,2316,SJR214,D_SJR214_EBP001,2,operational,5
2948,700,SR_64_SJR214,SJR214,2,storage_return,5
6797,700,SG61_SJR214_7,SJR214,2,operational,5
4335,795,SG60_SJR221_7,SJR221,2,operational,5
4766,1712,SG59_SJR227_7,SJR227,2,operational,5
913,1712,SR_64_SJR227,SJR227,2,storage_return,5
2055,1712,D_SJR227_64_PA3,SJR227,2,diversion,5
6501,1918,SG58_SJR235_7,SJR235,2,operational,5
3532,1036,SG57_SJR242_7,SJR242,2,operational,5
3990,1942,SG56_SJR249_7,SJR249,2,operational,5
6431,571,SG55_SJR256_7,SJR256,2,operational,5
2936,4263,I_SJR258,Little Dry Creek,2,operational,5
2936,630,I_SJR258,SJR258,2,operational,5
6233,2759,SG54_SJR263_7,SJR263,2,operational,5
2460,1324,C_EBP016,EBP019,2,operational,5
1941,2460,EBP016,C_EBP016,2,operational,5
324,1941,C_EBP005,EBP016,2,operational,5
295,324,EBP005,C_EBP005,2,operational,5
681,295,SR_64_EBP005,EBP005,2,storage_return,5
1075,295,C_EBP001,EBP005,2,operational,5
2284,1075,EBP001,C_EBP001,2,operational,5
2316,2284,D_SJR214_EBP001,EBP001,2,diversion,5
1954,2321,I_MLRTN,MLRTN,2,operational,5
4026,2054,S_MLRTN,D_MLRTN_FRK000,2,operational,5
2321,5011,MLRTN,E_MLRTN,2,operational,5
2054,4068,D_MLRTN_FRK000,Friant-Kern Canal,2,diversion,5
2321,1108,MLRTN,C_MLRTN,2,operational,5
983,2193,I_SJR265,SJR265,2,operational,5
2686,2909,FRS016,C_FRS016,2,operational,5
1135,275,FRS022,C_FRS022,2,operational,5
275,1284,C_FRS022,FRS020,2,operational,5
2082,1479,FRS046,C_FRS046,2,operational,5
1284,1921,FRS020,C_FRS020,2,operational,5
4784,1678,Fresno River,I_HNSLY,2,operational,5
1017,1720,C_FRS039,FRS036,2,operational,5
1678,1398,I_HNSLY,HNSLY,2,operational,5
2755,2156,FRS048,C_FRS048,2,operational,5
1479,524,C_FRS046,FRS045,2,operational,5
2899,2755,C_HNSLY,FRS048,2,operational,5
1398,2899,HNSLY,C_HNSLY,2,operational,5
2010,603,C_FRS036,FRS032,2,operational,5
2969,1135,C_FRS025,FRS022,2,operational,5
2156,2082,C_FRS048,FRS046,2,operational,5
524,1290,FRS045,C_FRS045,2,operational,5
1720,2010,FRS036,C_FRS036,2,operational,5
1290,708,C_FRS045,FRS039,2,operational,5
708,1017,FRS039,C_FRS039,2,operational,5
1921,2686,C_FRS020,FRS016,2,operational,5
70,2969,FRS025,C_FRS025,2,operational,5
2519,70,C_FRS032,FRS025,2,operational,5
2909,1941,C_FRS016,EBP016,2,operational,5
603,2519,FRS032,C_FRS032,2,operational,5
6933,2686,SG75_FRS016_9,FRS016,2,operational,5
6836,1284,SG74_FRS020_9,FRS020,2,operational,5
1398,5729,HNSLY,E_HNSLY,2,operational,5
1851,2082,I_FRS046,FRS046,2,operational,5
6384,524,SG69_FRS045_9,FRS045,2,operational,5
3829,708,SG70_FRS039_9,FRS039,2,operational,5
6729,1720,SG71_FRS036_9,FRS036,2,operational,5
4416,70,SG73_FRS025_9,FRS025,2,operational,5
1831,1135,SR_64_FRS022,FRS022,2,storage_return,5
2321,531,MLRTN,D_MLRTN_MDC006,2,operational,5
531,1091,D_MLRTN_MDC006,MDC006,2,diversion,5
1091,5674,MDC006,D_MDC006_MDCLOS,2,operational,5
1091,2937,MDC006,C_MDC006,2,operational,5
2937,1729,C_MDC006,MDC019,2,operational,5
1729,1596,MDC019,C_MDC019,2,operational,5
1596,761,C_MDC019,MDC032,2,operational,5
761,2726,MDC032,C_MDC032,2,operational,5
761,113,MDC032,D_MDC032_64_PA1,2,operational,5
113,3742,D_MDC032_64_PA1,64_PA1 Madera ID Madera WD,2,diversion,5
2055,6047,D_SJR227_64_PA3,64_PA3 Gravelly Ford WD Root Creek WD,2,diversion,5
2553,6047,R_64_PA3_EBP016,64_PA3 Gravelly Ford WD Root Creek WD,2,return,5
2553,1941,R_64_PA3_EBP016,EBP016,2,return,5
1182,3742,R_64_PA1_EBP016,64_PA1 Madera ID Madera WD,2,return,5
1182,1941,R_64_PA1_EBP016,EBP016,2,return,5
5175,1407,Cottonwood Creek,I_COT033,2,operational,5
1407,2272,I_COT033,COT033,2,operational,5
2272,145,COT033,C_COT033,2,operational,5
145,295,C_COT033,EBP005,2,operational,5
1091,1122,MDC006,D_MDC006_64_PA3,2,operational,5
1122,6047,D_MDC006_64_PA3,64_PA3 Gravelly Ford WD Root Creek WD,2,diversion,5
1091,479,MDC006,D_MDC006_64_PA1,2,operational,5
479,3742,D_MDC006_64_PA1,64_PA1 Madera ID Madera WD,2,diversion,5
1052,1720,D_FRS036_64_PA1,FRS036,2,diversion,5
1052,3742,D_FRS036_64_PA1,64_PA1 Madera ID Madera WD,2,diversion,5
5018,1693,Dry and Berenda Creeks,I_DBC024,2,operational,5
1693,2262,I_DBC024,DBC024,2,operational,5
2262,187,DBC024,C_DBC024,2,operational,5
187,1192,C_DBC024,DBC014,2,operational,5
1192,2731,DBC014,D_DBC014_64_PA1,2,operational,5
2731,3742,D_DBC014_64_PA1,64_PA1 Madera ID Madera WD,2,diversion,5
1192,1125,DBC014,C_DBC014,2,operational,5
1125,1135,C_DBC014,FRS022,2,operational,5
1375,4772,D_EBP016_64_NA2,64_NA2 Non-District West,2,diversion,5
1941,1375,EBP016,D_EBP016_64_NA2,2,operational,5
884,95,C_FSL005,FSL005,2,operational,5
3974,730,James Bypass,I_JBP006,2,operational,5
730,960,I_JBP006,JBP006,2,operational,5
47,95,C_FSL012,FSL005,2,operational,5
5919,95,SG52_FSL005_4,FSL005,2,operational,5
2682,657,C_JBP006,FSL012,2,operational,5
6473,657,SG51_FSL012_4,FSL012,2,operational,5
884,1825,C_FSL005,MDOTA,2,operational,5
49,657,I_FSL012,FSL012,2,operational,5
4279,49,Fresno Slough,I_FSL012,2,operational,5
47,657,C_FSL012,FSL012,2,operational,5
2682,960,C_JBP006,JBP006,2,operational,5
693,1825,D_MDOTA_91_PA,MDOTA,2,diversion,5
2542,1825,D_MDOTA_91_PR,MDOTA,2,diversion,5
693,4350,D_MDOTA_91_PA,"91_PA Coelho Family Trust, Fresno Slough WD, James ID, RD 1606, Tranquility ID, Tranquility PUD",2,diversion,5
4350,152,"91_PA Coelho Family Trust, Fresno Slough WD, James ID, RD 1606, Tranquility ID, Tranquility PUD",R_91_PA_FSL012,2,operational,5
152,657,R_91_PA_FSL012,FSL012,2,return,5
2542,5603,D_MDOTA_91_PR,91_PR Mendota WA,2,diversion,5
5603,1587,91_PR Mendota WA,R_91_PR_FSL005,2,operational,5
1587,95,R_91_PR_FSL005,FSL005,2,return,5
1084,1825,D_MDOTA_90_PA1,MDOTA,2,diversion,5
1825,2285,MDOTA,D_MDOTA_73_XA,2,operational,5
2285,4153,D_MDOTA_73_XA,73_XA Firebaugh Canal Company,2,diversion,5
1277,4153,D_DMC111_73_XA,73_XA Firebaugh Canal Company,2,diversion,5
1789,1277,DMC111,D_DMC111_73_XA,2,operational,5
1789,4355,DMC111,D_DMC111_DMCLOS,2,operational,5
1789,2214,DMC111,D_DMC111_FBW001,2,operational,5
2214,1737,D_DMC111_FBW001,FBW001,2,diversion,5
1789,714,DMC111,C_DMC111,2,operational,5
714,2083,C_DMC111,DMC116,2,operational,5
2360,1825,C_DMC116,MDOTA,2,operational,5
2083,2360,DMC116,C_DMC116,2,operational,5
2083,5365,DMC116,D_DMC116_DMCLOS,2,operational,5
1737,550,FBW001,C_FBW001,2,operational,5
989,1736,D_MDOTA_XCC010,XCC010,2,diversion,5
1736,918,XCC010,D_XCC010_72_XA2,2,operational,5
1736,1486,XCC010,C_XCC010,2,operational,5
1825,989,MDOTA,D_MDOTA_XCC010,2,operational,5
918,5166,D_XCC010_72_XA2,72_XA2 Central California ID (South),2,diversion,5
5166,276,72_XA2 Central California ID (South),R_72_XA2_SAL017,2,operational,5
276,1362,R_72_XA2_SAL017,SAL017,2,return,5
1774,1789,C_DMC105,DMC111,2,operational,5
1490,1774,DMC105,C_DMC105,2,operational,5
1490,3826,DMC105,D_DMC105_DMCLOS,2,operational,5
1490,2342,DMC105,D_DMC105_73_PA2,2,operational,5
2342,5091,D_DMC105_73_PA2,"73_PA2 Eagle Field WD, Mercy Springs WD, Oro Loma WD",2,diversion,5
5091,2301,"73_PA2 Eagle Field WD, Mercy Springs WD, Oro Loma WD",R_73_PA2_SLD027,2,operational,5
2301,1087,R_73_PA2_SLD027,SLD027,2,return,5
4153,1641,73_XA Firebaugh Canal Company,R_73_XA_SLD027,2,operational,5
1641,1087,R_73_XA_SLD027,SLD027,2,return,5
642,1087,SR_73_SLD027,SLD027,2,storage_return,5
1084,4100,D_MDOTA_90_PA1,90_PA1 Westlands WD Priority I,2,diversion,5
1688,4100,D_CAA172_90_PA1,90_PA1 Westlands WD Priority I,2,diversion,5
2520,1688,CAA172,D_CAA172_90_PA1,2,operational,5
2520,5363,CAA172,D_CAA172_CAALOS,2,operational,5
673,4100,D_CAA109_90_PA1,90_PA1 Westlands WD Priority I,2,diversion,5
673,2807,D_CAA109_90_PA1,CAA109,2,diversion,5
2807,5041,CAA109,D_CAA109_CAALOS,2,operational,5
2807,750,CAA109,C_CAA109,2,operational,5
750,110,C_CAA109,CAA143,2,operational,5
110,3793,CAA143,D_CAA143_CAALOS,2,operational,5
1189,110,D_CAA143_90_PA1,CAA143,2,diversion,5
110,448,CAA143,C_CAA143,2,operational,5
448,1815,C_CAA143,CAA155,2,operational,5
1815,5962,CAA155,D_CAA155_CAALOS,2,operational,5
1754,1815,D_CAA155_90_PA1,CAA155,2,diversion,5
1815,1046,CAA155,C_CAA155,2,operational,5
1046,751,C_CAA155,CAA156,2,operational,5
751,211,CAA156,C_CAA156,2,operational,5
211,2441,C_CAA156,CAA165,2,operational,5
2441,828,CAA165,C_CAA165,2,operational,5
828,2520,C_CAA165,CAA172,2,operational,5
110,2973,CAA143,D_CAA143_90_PA2,2,operational,5
2973,6576,D_CAA143_90_PA2,90_PA2 Westlands WD Priority II,2,diversion,5
469,110,D_CAA143_90_PU,CAA143,2,diversion,5
469,5777,D_CAA143_90_PU,"90_PU Avenal, Coalinga, Huron",2,diversion,5
951,751,D_CAA156_90_PU,CAA156,2,diversion,5
951,5777,D_CAA156_90_PU,"90_PU Avenal, Coalinga, Huron",2,diversion,5
1679,2441,D_CAA165_90_PU,CAA165,2,diversion,5
1679,5777,D_CAA165_90_PU,"90_PU Avenal, Coalinga, Huron",2,diversion,5
2520,264,CAA172,C_CAA172,2,operational,5
6725,6201,I_CAA245,CAA245,2,operational,5
5948,6082,D_ESB414_BRDNO,San Bernardino Valley MWD (Reach 26A),2,diversion,5
264,4389,C_CAA172,CAA173,2,operational,5
2431,2790,CAA087,C_CAA087,2,operational,5
2790,626,C_CAA087,CAA095,2,operational,5
626,1518,CAA095,C_CAA095,2,operational,5
1518,2807,C_CAA095,CAA109,2,operational,5
1179,2807,D_CAA109_73_PA3,CAA109,2,diversion,5
2431,6198,CAA087,D_CAA087_CAALOS,2,operational,5
2111,2431,D_CAA087_73_PA1,CAA087,2,diversion,5
2111,3796,D_CAA087_73_PA1,73_PA1 San Luis WD (N),2,diversion,5
1111,1923,CAA069,C_CAA069,2,operational,5
1923,1823,C_CAA069,CAA071,2,operational,5
1823,3873,CAA071,D_CAA071_CAALOS,2,operational,5
1823,705,CAA071,C_CAA071,2,operational,5
705,2431,C_CAA071,CAA087,2,operational,5
869,2771,I_SLUIS,SLUIS,2,operational,5
2771,5697,SLUIS,C_SLUIS_CVP,2,operational,5
959,2771,D_CAA069_SLUIS,SLUIS,2,diversion,5
4165,4119,D_SLUIS_PCH000,PCH000,2,diversion,5
2771,5912,SLUIS,E_SLUIS_CVP,2,operational,5
2771,6986,SLUIS,E_SLUIS_SWP,2,operational,5
4119,7056,PCH000,D_PCH000_SCVWD,2,operational,5
4553,4165,S_SLUIS_CVP,D_SLUIS_PCH000,2,operational,5
7056,3656,D_PCH000_SCVWD,SCVWD,2,diversion,5
6164,3623,D_PCH000_SBCWD,SBCWD,2,diversion,5
6164,4119,D_PCH000_SBCWD,PCH000,2,diversion,5
3879,1111,C_SLUIS_SWP,CAA069,2,operational,5
959,1111,D_CAA069_SLUIS,CAA069,2,diversion,5
1955,1111,D_CAA069_DMC070,CAA069,2,diversion,5
1191,1111,D_DMC070_CAA069,CAA069,2,diversion,5
1955,1808,D_CAA069_DMC070,DMC070,2,diversion,5
1808,1191,DMC070,D_DMC070_CAA069,2,operational,5
1808,1070,DMC070,D_DMC070_73_PA1,2,operational,5
1070,3796,D_DMC070_73_PA1,73_PA1 San Luis WD (N),2,diversion,5
1808,1780,DMC070,C_DMC070,2,operational,5
1780,1370,C_DMC070,DMC074,2,operational,5
1370,3947,DMC074,D_DMC074_DMCLOS,2,operational,5
1370,2187,DMC074,C_DMC074,2,operational,5
2187,773,C_DMC074,DMC076,2,operational,5
773,551,DMC076,D_DMC076_XCC043,2,operational,5
551,304,D_DMC076_XCC043,XCC043,2,diversion,5
773,2017,DMC076,C_DMC076,2,operational,5
2017,191,C_DMC076,DMC080,2,operational,5
191,5923,DMC080,D_DMC080_DMCLOS,2,operational,5
191,841,DMC080,C_DMC080,2,operational,5
841,1483,C_DMC080,DMC085,2,operational,5
1483,2613,DMC085,C_DMC085,2,operational,5
2613,330,C_DMC085,DMC091,2,operational,5
330,4288,DMC091,D_DMC085_DMCLOS,2,operational,5
330,1143,DMC091,C_DMC091,2,operational,5
1143,1257,C_DMC091,DMC097,2,operational,5
1257,6390,DMC097,D_DMC097_DMCLOS,2,operational,5
2263,330,D_DMC091_73_PA3,DMC091,2,diversion,5
2263,4977,D_DMC091_73_PA3,"73_PA3 San Luis WD (S), Pacheco WD, Panoche WD",2,diversion,5
4977,713,"73_PA3 San Luis WD (S), Pacheco WD, Panoche WD",R_73_PA3_SLD027,2,operational,5
713,1087,R_73_PA3_SLD027,SLD027,2,return,5
1087,655,SLD027,C_SLD027,2,operational,5
1486,2572,C_XCC010,XCC025,2,operational,5
2572,1314,XCC025,C_XCC025,2,operational,5
1314,2625,C_XCC025,XCC033,2,operational,5
2572,2384,XCC025,D_XCC025_72_PA,2,operational,5
2384,3813,D_XCC025_72_PA,72_PA Laguna WD,2,diversion,5
3813,208,72_PA Laguna WD,R_72_PA_MSS014,2,operational,5
208,2887,R_72_PA_MSS014,MSS014,2,return,5
6948,2887,R_72_PR6_MSS014,MSS014,2,return,5
7040,6948,72_PR6 Grassland WD (South),R_72_PR6_MSS014,2,operational,5
1101,7040,D_XCC025_72_PR6,72_PR6 Grassland WD (South),2,diversion,5
2572,1101,XCC025,D_XCC025_72_PR6,2,operational,5
4641,575,72_PR5 Grassland WD North,R_72_PR5_MSN009,2,operational,5
575,2679,R_72_PR5_MSN009,MSN009,2,return,5
327,640,ARY010,D_ARY010_72_PR4,2,operational,5
327,2473,ARY010,D_ARY010_72_PR3,2,operational,5
2473,6979,D_ARY010_72_PR3,72_PR3 West Bear Creek and San Luis units of San Luis NWR,2,diversion,5
640,5343,D_ARY010_72_PR4,"72_PR4 Los Banos WA Salt Slough, China Island and Gadwall units of North Grassland WA",2,diversion,5
1362,1281,SAL017,C_SAL017,2,operational,5
1281,807,C_SAL017,SAL006,2,operational,5
1600,807,C_SAL006,SAL006,2,operational,5
2615,807,SR_72_SAL006,SAL006,2,storage_return,5
6979,992,72_PR3 West Bear Creek and San Luis units of San Luis NWR,R_72_PR3_SAL006,2,operational,5
992,807,R_72_PR3_SAL006,SAL006,2,return,5
5343,931,"72_PR4 Los Banos WA Salt Slough, China Island and Gadwall units of North Grassland WA",R_72_PR4_SAL006,2,operational,5
931,807,R_72_PR4_SAL006,SAL006,2,return,5
2887,1964,MSS014,C_MSS014,2,operational,5
1964,1362,C_MSS014,SAL017,2,operational,5
2625,62,XCC033,D_XCC033_72_PR2,2,operational,5
62,7000,D_XCC033_72_PR2,72_PR2 Kesterson NWR Freitas and Blue Goose units of San Luis NWR,2,diversion,5
7000,26,72_PR2 Kesterson NWR Freitas and Blue Goose units of San Luis NWR,R_72_PR2_MSN004,2,operational,5
26,718,R_72_PR2_MSN004,MSN004,2,return,5
574,718,SR_71_MSN004,MSN004,2,storage_return,5
20,718,SR_72_MSN004,MSN004,2,storage_return,5
897,718,SR_73_MSN004,MSN004,2,storage_return,5
2625,1500,XCC033,D_XCC033_72_PR4,2,operational,5
1500,5343,D_XCC033_72_PR4,"72_PR4 Los Banos WA Salt Slough, China Island and Gadwall units of North Grassland WA",2,diversion,5
1257,2337,DMC097,C_DMC097,2,operational,5
2337,1490,C_DMC097,DMC105,2,operational,5
3595,2942,Los Banos Creek,I_BANOS,2,operational,5
2942,501,I_BANOS,BANOS,2,operational,5
501,3882,BANOS,E_BANOS,2,operational,5
501,1356,BANOS,C_BANOS,2,operational,5
1356,2031,C_BANOS,LBN025,2,operational,5
2031,2635,LBN025,C_LBN025,2,operational,5
2635,1669,C_LBN025,LBN012,2,operational,5
2648,3593,VLW008,D_VLW008_72_PR5,2,operational,5
3593,4641,D_VLW008_72_PR5,72_PR5 Grassland WD North,2,diversion,5
2892,2625,C_XCC033,XCC033,2,operational,5
2892,304,C_XCC033,XCC043,2,operational,5
304,2608,XCC043,C_XCC043,2,operational,5
2608,2455,C_XCC043,XCC053,2,operational,5
718,178,MSN004,C_MSN004,2,operational,5
3796,1616,73_PA1 San Luis WD (N),R_73_PA1_LBN025,2,operational,5
1616,2031,R_73_PA1_LBN025,LBN025,2,return,5
1808,4610,DMC070,D_DMC070_DMCLOS,2,operational,5
1808,2768,DMC070,D_DMC070_VLW008,2,operational,5
2768,2648,D_DMC070_VLW008,VLW008,2,diversion,5
2648,2332,VLW008,D_VLW008_72_PR1,2,operational,5
2332,7036,D_VLW008_72_PR1,72_PR1 Volta WA,2,diversion,5
7036,2585,72_PR1 Volta WA,R_72_PR1_LBN012,2,operational,5
2585,1669,R_72_PR1_LBN012,LBN012,2,return,5
2648,1995,VLW008,C_VLW008,2,operational,5
1995,1669,C_VLW008,LBN012,2,operational,5
5425,305,Quinto Creek,I_QNT005,2,operational,5
305,1713,I_QNT005,QNT005,2,operational,5
1713,2627,QNT005,C_QNT005,2,operational,5
2627,2834,C_QNT005,LBN008,2,operational,5
5650,1893,Garzas Creek,I_GRZ012,2,operational,5
1893,746,I_GRZ012,GRZ012,2,operational,5
746,1469,GRZ012,C_GRZ012,2,operational,5
1469,2834,C_GRZ012,LBN008,2,operational,5
2455,1911,XCC053,C_XCC053,2,operational,5
1911,2444,C_XCC053,XCC054,2,operational,5
851,2653,D_CAA066_71_PU2,CAA066,2,diversion,5
851,3952,D_CAA066_71_PU2,71_PU2 VA Cemetary,2,diversion,5
2653,2300,CAA066,C_CAA066,2,operational,5
2300,2532,C_CAA066,CAA067,2,operational,5
2532,5125,CAA067,D_CAA066_CAALOS,2,operational,5
2532,1386,CAA067,C_CAA067,2,operational,5
1386,1111,C_CAA067,CAA069,2,operational,5
2874,1808,C_DMC064,DMC070,2,operational,5
1757,2874,DMC064,C_DMC064,2,operational,5
1757,7035,DMC064,D_DMC064_DMCLOS,2,operational,5
1757,1195,DMC064,D_DMC064_71_PA6,2,operational,5
1195,4171,D_DMC064_71_PA6,"71_PA6 Davis WD, Foothill WD, Mustang WD, Quinto WD, Romero WD, Centinella WD",2,diversion,5
1769,1757,C_DMC058,DMC064,2,operational,5
2644,1769,DMC058,C_DMC058,2,operational,5
2644,5327,DMC058,D_DMC058_DMCLOS,2,operational,5
1334,802,CAA051,C_CAA051,2,operational,5
802,2653,C_CAA051,CAA066,2,operational,5
1334,3828,CAA051,D_CAA051_CAALOS,2,operational,5
1669,2463,LBN012,C_LBN012,2,operational,5
2463,2834,C_LBN012,LBN008,2,operational,5
2834,1979,LBN008,C_LBN008,2,operational,5
1979,718,C_LBN008,MSN004,2,operational,5
2679,2983,MSN009,C_MSN009,2,operational,5
2983,1803,C_MSN009,MSN005,2,operational,5
1803,748,MSN005,C_MSN005,2,operational,5
748,718,C_MSN005,MSN004,2,operational,5
2444,1140,XCC054,D_XCC054_72_XA3,2,operational,5
1140,3588,D_XCC054_72_XA3,72_XA3 Central California ID (North),2,diversion,5
6740,718,R_72_XA3_MSN004,MSN004,2,return,5
3588,6740,72_XA3 Central California ID (North),R_72_XA3_MSN004,2,operational,5
3588,4253,72_XA3 Central California ID (North),R_72_XA3_SJR106,2,operational,5
4465,2415,Orestimba Creek,I_ORT014,2,operational,5
2415,759,I_ORT014,ORT014,2,operational,5
5575,759,SG128_ORT014_19,ORT014,2,operational,5
759,2772,ORT014,C_ORT014,2,operational,5
2772,405,C_ORT014,ORT009,2,operational,5
3980,405,SG129_ORT009_19,ORT009,2,operational,5
405,257,ORT009,C_ORT009,2,operational,5
257,493,C_ORT009,ORT001,2,operational,5
493,25,ORT001,C_ORT001,2,operational,5
4668,3587,DMC000,C_DMC000,2,operational,5
3587,1960,C_DMC000,DMC003,2,operational,5
1960,2389,DMC003,C_DMC003,2,operational,5
2389,1742,C_DMC003,DMC007,2,operational,5
1742,2551,DMC007,C_DMC007,2,operational,5
2551,243,C_DMC007,DMC011,2,operational,5
243,1338,DMC011,C_DMC011,2,operational,5
1338,2329,C_DMC011,DMC016,2,operational,5
2329,2527,DMC016,C_DMC016,2,operational,5
2527,1788,C_DMC016,DMC021,2,operational,5
1788,2395,DMC021,C_DMC021,2,operational,5
2395,319,C_DMC021,DMC024,2,operational,5
319,5,DMC024,C_DMC024,2,operational,5
5,1794,C_DMC024,DMC030,2,operational,5
1794,2959,DMC030,C_DMC030,2,operational,5
2959,2665,C_DMC030,DMC034,2,operational,5
2665,1589,DMC034,C_DMC034,2,operational,5
1589,1756,C_DMC034,DMC039,2,operational,5
1756,2564,DMC039,C_DMC039,2,operational,5
2564,586,C_DMC039,DMC044,2,operational,5
586,545,DMC044,C_DMC044,2,operational,5
545,192,C_DMC044,DMC049,2,operational,5
192,2059,DMC049,C_DMC049,2,operational,5
2059,464,C_DMC049,DMC054,2,operational,5
464,2177,DMC054,C_DMC054,2,operational,5
2177,2644,C_DMC054,DMC058,2,operational,5
243,1832,DMC011,D_DMC011_71_PA8,2,operational,5
1832,6138,D_DMC011_71_PA8,71_PA8 Byron-Bethany ID (part that was formerly Plainview ID),2,diversion,5
243,6605,DMC011,D_DMC011_DMCLOS,2,operational,5
2329,6308,DMC016,D_DMC016_DMCLOS,2,operational,5
2329,1534,DMC016,D_DMC016_WTPJJO,2,operational,5
1534,6073,D_DMC016_WTPJJO,WTP JJO,2,diversion,5
1788,6292,DMC021,D_DMC021_DMCLOS,2,operational,5
319,5721,DMC024,D_DMC024_DMCLOS,2,operational,5
1794,4951,DMC030,D_DMC030_DMCLOS,2,operational,5
2665,5692,DMC034,D_DMC034_DMCLOS,2,operational,5
2665,1804,DMC034,D_DMC034_WWW001,2,operational,5
1804,605,D_DMC034_WWW001,WWW001,2,diversion,5
2665,1574,DMC034,D_DMC034_71_PA3,2,operational,5
1574,6215,D_DMC034_71_PA3,71_PA3 Kern Canon WD,2,diversion,5
6215,1602,71_PA3 Kern Canon WD,R_71_PA3_WWW001,2,operational,5
1602,605,R_71_PA3_WWW001,WWW001,2,return,5
1756,5227,DMC039,D_DMC039_DMCLOS,2,operational,5
586,3741,DMC044,D_DMC044_DMCLOS,2,operational,5
1050,586,D_DMC044_71_PA5,DMC044,2,diversion,5
1050,3740,D_DMC044_71_PA5,"71_PA5 Del Puerto WD, Salado W Orestimba WD, Sunflower WD",2,diversion,5
192,4918,DMC049,D_DMC049_DMCLOS,2,operational,5
464,6565,DMC054,D_DMC054_DMCLOS,2,operational,5
4872,4876,GDD010,D_GDD010_GDDLOS,2,operational,5
4876,6199,D_GDD010_GDDLOS,GDDLOS,2,diversion,5
6073,651,WTP JJO,D_WTPJJO_50_PU,2,operational,5
651,3978,D_WTPJJO_50_PU,50_PU City of Tracy Mountain House CSD,2,diversion,5
3978,2824,50_PU City of Tracy Mountain House CSD,R_50_PU_TCWWTP,2,operational,5
2824,2666,R_50_PU_TCWWTP,TCWWTP,2,return,5
2666,2773,TCWWTP,R_TCWWTP_OMR039,2,operational,5
2773,2251,R_TCWWTP_OMR039,OMR039,2,return,5
6138,101,71_PA8 Byron-Bethany ID (part that was formerly Plainview ID),R_71_PA8_RFS71A,2,operational,5
101,1864,R_71_PA8_RFS71A,RFS71A,2,return,5
1864,1422,RFS71A,R_RFS71A_OMR039,2,operational,5
1422,2251,R_RFS71A_OMR039,OMR039,2,return,5
1864,470,RFS71A,D_RFS71A_50_PA1,2,operational,5
470,4230,D_RFS71A_50_PA1,50_PA1 Banta Carbona ID Westside ID,2,diversion,5
2670,4230,D_SJR062_50_PA1,50_PA1 Banta Carbona ID Westside ID,2,diversion,5
384,2670,SJR062,D_SJR062_50_PA1,2,operational,5
1788,880,DMC021,D_DMC021_50_PA1,2,operational,5
880,4230,D_DMC021_50_PA1,50_PA1 Banta Carbona ID Westside ID,2,diversion,5
149,157,SJR090,D_SJR090_71_NA2,2,operational,5
157,7015,D_SJR090_71_NA2,"71_NA2 El Solyo WD, NBINV AP6 LLC",2,diversion,5
7015,2774,"71_NA2 El Solyo WD, NBINV AP6 LLC",R_71_NA2_SJR070,2,operational,5
2774,2655,R_71_NA2_SJR070,SJR070,2,return,5
1187,2655,SR_71_SJR070,SJR070,2,storage_return,5
1794,2525,DMC030,D_DMC030_71_PA1,2,operational,5
2525,4103,D_DMC030_71_PA1,71_PA1 Hospital WD,2,diversion,5
4103,1735,71_PA1 Hospital WD,R_71_PA1_SJR075,2,operational,5
1735,115,R_71_PA1_SJR075,SJR075,2,return,5
2442,115,SR_71_SJR075,SJR075,2,storage_return,5
2461,115,SR_61_SJR075,SJR075,2,storage_return,5
2438,2780,SJR082,D_SJR082_71_PA2,2,operational,5
2780,5581,D_SJR082_71_PA2,71_PA2 West Stanislaus ID,2,diversion,5
5581,435,71_PA2 West Stanislaus ID,R_71_PA2_SJR075,2,operational,5
435,115,R_71_PA2_SJR075,SJR075,2,return,5
605,2127,WWW001,C_WWW001,2,operational,5
1346,586,D_DMC044_71_PA4,DMC044,2,diversion,5
1346,4753,D_DMC044_71_PA4,71_PA4 Patterson ID,2,diversion,5
362,1120,SJR096,D_SJR096_71_PA4,2,operational,5
1120,4753,D_SJR096_71_PA4,71_PA4 Patterson ID,2,diversion,5
5819,4301,SJR102,D_SJR102_71_NA1,2,operational,5
4301,3605,D_SJR102_71_NA1,71_NA1 Twin Oaks IC,2,diversion,5
3605,2890,71_NA1 Twin Oaks IC,R_71_NA1_SJR091,2,operational,5
2890,1342,R_71_NA1_SJR091,SJR091,2,return,5
4753,858,71_PA4 Patterson ID,R_71_PA4_SJR091,2,operational,5
3740,6754,"71_PA5 Del Puerto WD, Salado W Orestimba WD, Sunflower WD",R_71_PA5_SJR106,2,operational,5
3740,4221,"71_PA5 Del Puerto WD, Salado W Orestimba WD, Sunflower WD",R_71_PA5_SJR091,2,operational,5
2665,1209,DMC034,D_DMC034_71_PA2,2,operational,5
1209,5581,D_DMC034_71_PA2,71_PA2 West Stanislaus ID,2,diversion,5
464,1702,DMC054,D_DMC054_NMW004,2,operational,5
1702,797,D_DMC054_NMW004,NMW004,2,diversion,5
797,2659,NMW004,C_NMW004,2,operational,5
4171,4775,"71_PA6 Davis WD, Foothill WD, Mustang WD, Quinto WD, Romero WD, Centinella WD",R_71_PA6_NMW004,2,operational,5
4775,797,R_71_PA6_NMW004,NMW004,2,return,5
4171,4292,"71_PA6 Davis WD, Foothill WD, Mustang WD, Quinto WD, Romero WD, Centinella WD",R_71_PA6_XCC054,2,operational,5
4292,2444,R_71_PA6_XCC054,XCC054,2,return,5
2444,1572,XCC054,D_XCC054_72_PR5,2,operational,5
1572,4641,D_XCC054_72_PR5,72_PR5 Grassland WD North,2,diversion,5
6223,1180,50_PA2 Byron Bethany ID,R_50_PA2_OMR027,2,operational,5
1180,2133,R_50_PA2_OMR027,OMR027,2,return,5
4616,6223,D_CAA002_50_PA2,50_PA2 Byron Bethany ID,2,diversion,5
2477,2297,C_CAA003,CAA005,2,operational,5
2297,1520,CAA005,C_CAA005,2,operational,5
1520,1523,C_CAA005,CAA006,2,operational,5
1523,543,CAA006,C_CAA006,2,operational,5
543,549,C_CAA006,CAA009,2,operational,5
549,1420,CAA009,D_CAA009_DMC007,2,operational,5
1420,1742,D_CAA009_DMC007,DMC007,2,diversion,5
1863,1742,D_DMC007_CAA009,DMC007,2,diversion,5
1863,549,D_DMC007_CAA009,CAA009,2,diversion,5
1870,4616,CAA000,D_CAA002_50_PA2,2,operational,5
2297,1051,CAA005,D_CAA005_SBA000,2,operational,5
1051,667,D_CAA005_SBA000,SBA000,2,diversion,5
2297,3991,CAA005,D_CAA005_CAALOS,2,operational,5
549,1505,CAA009,C_CAA009,2,operational,5
1505,1544,C_CAA009,CAA012,2,operational,5
1544,224,CAA012,D_CAA012_71_PU1,2,operational,5
224,5181,D_CAA012_71_PU1,71_PU1 Musco Olive Products,2,diversion,5
1544,2130,CAA012,C_CAA012,2,operational,5
2130,1433,C_CAA012,CAA024,2,operational,5
1433,1,CAA024,C_CAA024,2,operational,5
2637,2815,CAA046,C_CAA046,2,operational,5
2815,1334,C_CAA046,CAA051,2,operational,5
2637,777,CAA046,D_CAA046_71_PA7,2,operational,5
777,5857,D_CAA046_71_PA7,71_PA7 Oak Flat,2,diversion,5
1,2637,C_CAA024,CAA046,2,operational,5
5015,6191,SBA042,D_SBA042_SBALOS,2,operational,5
2148,2599,I_CHC000,CHC000,2,operational,5
2148,6445,I_CHC000,Corral Hollow and minor Creeks,2,operational,5
4274,2599,SG_CHC000_609,CHC000,2,operational,5
455,548,ING008,C_ING008,2,operational,5
4606,1054,Hospital and Ingram Creeks,I_ING008,2,operational,5
1054,455,I_ING008,ING008,2,operational,5
6313,2650,Del Puerto Creek,I_DPC008,2,operational,5
2650,707,I_DPC008,DPC008,2,operational,5
707,429,DPC008,C_DPC008,2,operational,5
5624,565,Salado Creek,I_SLO007,2,operational,5
1917,449,SLO007,C_SLO007,2,operational,5
449,1542,C_SLO007,SLO000,2,operational,5
6520,1542,SG_SLO000_659,SLO000,2,operational,5
3536,2938,SG_ORG000_793,ORG000,2,operational,5
1146,2938,I_ORG000,ORG000,2,operational,5
4280,1146,Ortigalita Creek,I_ORG000,2,operational,5
5520,859,SG_CAP000_854,CAP000,2,operational,5
1799,859,I_CAP000,CAP000,2,operational,5
5514,1799,Capita Canyon and minor streams,I_CAP000,2,operational,5
6197,2348,Little Panoche Creek,I_LPC007,2,operational,5
2348,2309,I_LPC007,LPC007,2,operational,5
2309,2739,LPC007,C_LPC007,2,operational,5
2739,2878,C_LPC007,LPC000,2,operational,5
3523,2878,SG_LPC000_840,LPC000,2,operational,5
1179,4977,D_CAA109_73_PA3,"73_PA3 San Luis WD (S), Pacheco WD, Panoche WD",2,diversion,5
1189,4100,D_CAA143_90_PA1,90_PA1 Westlands WD Priority I,2,diversion,5
1754,4100,D_CAA155_90_PA1,90_PA1 Westlands WD Priority I,2,diversion,5
327,1524,ARY010,D_ARY010_72_PR6,2,operational,5
1524,7040,D_ARY010_72_PR6,72_PR6 Grassland WD (South),2,diversion,5
327,929,ARY010,D_ARY010_72_XA1,2,operational,5
929,4742,D_ARY010_72_XA1,72_XA1 San Luis Canal Company,2,diversion,5
4742,2984,72_XA1 San Luis Canal Company,R_72_XA1_SAL017,2,operational,5
2984,1362,R_72_XA1_SAL017,SAL017,2,return,5
5857,2376,71_PA7 Oak Flat,R_71_PA7_SJR091,2,operational,5
565,1917,I_SLO007,SLO007,2,operational,5
5085,4001,D_WTPBJM_26S_PU2,26S_PU2 Golden State WC,2,diversion,5
4450,5085,WTP BJM,D_WTPBJM_26S_PU2,2,operational,5
1126,6529,STH007,D_STH007_STHLOS,2,operational,5
2311,2692,C_MFM008,MFM007,2,operational,5
1982,2311,MFM008,C_MFM008,2,operational,5
1467,2247,BCM003,C_BCM003,2,operational,5
2247,1982,C_BCM003,MFM008,2,operational,5
4971,1467,D_BCM003_WSPNT_NU,BCM003,2,diversion,5
4971,5605,D_BCM003_WSPNT_NU,WSPNT_NU,2,diversion,5
321,1982,I_MFM008,MFM008,2,operational,5
321,5228,I_MFM008,Middle Fork Mokelumne River,2,operational,5
953,1467,I_BCM003,BCM003,2,operational,5
169,5046,EDC021,D_EDC021_EDCOCA_NA3,2,operational,5
5046,6883,D_EDC021_EDCOCA_NA3,EDCOCA_NA3,2,diversion,5
4960,6883,D_JNKSN_EDCOCA_NA3,EDCOCA_NA3,2,diversion,5
4960,1724,D_JNKSN_EDCOCA_NA3,JNKSN,2,diversion,5
6335,1724,D_JNKSN_EDCOCA_NA2,JNKSN,2,diversion,5
6335,5224,D_JNKSN_EDCOCA_NA2,EDCOCA_NA1,2,diversion,5
155,3657,FTR074,D_FTR074_CULOS,2,operational,5
3657,4218,D_FTR074_CULOS,CULOS MIscellaneous agricultural losses as used by DWR in calculation of unimpaired flows,2,diversion,5
909,778,C_GRL001,SFR005,2,operational,5
1199,909,GRL001,C_GRL001,2,operational,5
5211,5512,D_GDD010_WTPWAL,WTP WAL,2,diversion,5
4872,5211,GDD010,D_GDD010_WTPWAL,2,operational,5
4652,4373,S_FOLSM,D_FOLSM_ELDID_NA3,2,operational,5
4373,6759,D_FOLSM_ELDID_NA3,ELDID_NA3,2,diversion,5
6653,5593,D_JNKSN_ELDID_NA1,ELDID_NA1,2,diversion,5
1724,6653,JNKSN,D_JNKSN_ELDID_NA1,2,operational,5
6356,4091,D_EDC021_ELDID_NA2,ELDID_NA2,2,diversion,5
6356,169,D_EDC021_ELDID_NA2,EDC021,2,diversion,5
5242,4091,D_JNKSN_ELDID_NA2,ELDID_NA2,2,diversion,5
1724,5242,JNKSN,D_JNKSN_ELDID_NA2,2,operational,5
5613,638,D_TBAUD_ELT010,TBAUD,2,diversion,5
5613,3967,D_TBAUD_ELT010,ELT010,2,diversion,5
3967,6392,ELT010,C_ELT010,2,operational,5
6392,1692,C_ELT010,MOK082,2,operational,5
6046,638,D_ELT000_TBAUD,TBAUD,2,diversion,5
6046,1644,D_ELT000_TBAUD,ELT000,2,diversion,5
1493,1644,D_NFM010_ELT000,ELT000,2,diversion,5
1493,628,D_NFM010_ELT000,NFM010,2,diversion,5
5016,628,I_NFM010,NFM010,2,operational,5
6085,5016,Local Inflow to NF Mokelumne River,I_NFM010,2,operational,5
6180,5389,Inflow to Tiger Creek,I_TGC003,2,operational,5
5389,6668,I_TGC003,TGC003,2,operational,5
6668,5141,TGC003,C_TGC003,2,operational,5
5141,5820,C_TGC003,TGC002,2,operational,5
5157,6668,D_TGC003_AMADR_NU,TGC003,2,diversion,5
5820,5969,TGC002,C_TGC002,2,operational,5
5969,473,C_TGC002,NFM012,2,operational,5
1344,473,C_TGR021,NFM012,2,operational,5
150,1344,TGR021,C_TGR021,2,operational,5
6917,150,D_TGC003_TGR021,TGR021,2,diversion,5
6917,6668,D_TGC003_TGR021,TGC003,2,diversion,5
2921,628,C_NFM012,NFM010,2,operational,5
473,2921,NFM012,C_NFM012,2,operational,5
7053,5743,Inflow to Upper and Lower Bear River Reservoirs,I_UBEAR,2,operational,5
5743,4424,I_UBEAR,UBEAR,2,operational,5
5182,5833,S_UBEAR,C_UBEAR,2,operational,5
5833,830,C_UBEAR,LBEAR,2,operational,5
6913,497,S_LBEAR,C_LBEAR,2,operational,5
497,581,C_LBEAR,BRV005,2,operational,5
581,300,BRV005,C_BRV005,2,operational,5
300,915,C_BRV005,BRV003,2,operational,5
915,823,BRV003,C_BRV003,2,operational,5
823,1286,C_BRV003,BRV002,2,operational,5
2122,1286,D_BRV002_TGR006,BRV002,2,diversion,5
2122,890,D_BRV002_TGR006,TGR006,2,diversion,5
1286,2905,BRV002,C_BRV002,2,operational,5
2905,2080,C_BRV002,NFM024,2,operational,5
4187,473,C_NFM013,NFM012,2,operational,5
7007,4187,NFM013,C_NFM013,2,operational,5
2576,7007,C_NFM024,NFM013,2,operational,5
2080,2576,NFM024,C_NFM024,2,operational,5
1304,6668,C_TGR006,TGC003,2,operational,5
890,1304,TGR006,C_TGR006,2,operational,5
1677,3748,C_NFM029,NFM026,2,operational,5
1359,1677,NFM029,C_NFM029,2,operational,5
2725,1359,C_SLTSP,NFM029,2,operational,5
32,2725,SLTSP,C_SLTSP,2,operational,5
4463,6534,TGR002,C_TGR002,2,operational,5
4812,3704,COL002,C_COL002,2,operational,5
4605,3748,C_COL001,NFM026,2,operational,5
4179,6602,Inflow to Cole Creek,I_COL003,2,operational,5
6602,4883,I_COL003,COL003,2,operational,5
5402,4812,D_LBEAR_COL002,COL002,2,diversion,5
3748,6107,NFM026,C_NFM026,2,operational,5
4159,4812,D_COL002_BRT003,COL002,2,diversion,5
4159,4712,D_COL002_BRT003,BRT003,2,diversion,5
1283,32,D_SLTSP_TGR000,SLTSP,2,diversion,5
1283,2926,D_SLTSP_TGR000,TGR000,2,diversion,5
5637,6654,D_COL001_TGR002,COL001,2,diversion,5
5637,4463,D_COL001_TGR002,TGR002,2,diversion,5
6748,1359,D_TGR000_NFM029,NFM029,2,diversion,5
2924,1557,C_TGR000,TGR001,2,operational,5
2926,2924,TGR000,C_TGR000,2,operational,5
6748,2926,D_TGR000_NFM029,TGR000,2,diversion,5
1557,131,TGR001,C_TGR001,2,operational,5
131,4463,C_TGR001,TGR002,2,operational,5
6654,4605,COL001,C_COL001,2,operational,5
3704,6654,C_COL002,COL001,2,operational,5
4883,5112,COL003,C_COL003,2,operational,5
5112,4812,C_COL003,COL002,2,operational,5
4712,3743,BRT003,C_BRT003,2,operational,5
3743,2926,C_BRT003,TGR000,2,operational,5
6246,32,C_BLUMD,SLTSP,2,operational,5
5402,830,D_LBEAR_COL002,LBEAR,2,diversion,5
5037,6246,BLUMD,C_BLUMD,2,operational,5
1502,5037,I_SLTSP,BLUMD,2,operational,5
1502,5077,I_SLTSP,Inflow to Salt Springs Reservoir,2,operational,5
6534,890,C_TGR002,TGR006,2,operational,5
6126,333,D_UNVLY_SLV017,SLV017,2,diversion,5
1727,6126,UNVLY,D_UNVLY_SLV017,2,operational,5
2778,2465,C_DRM000,DRM001,2,operational,5
2016,2778,DRM000,C_DRM000,2,operational,5
2016,5901,DRM000,D_DRM000_DRM001,2,operational,5
5901,2465,D_DRM000_DRM001,DRM001,2,diversion,5
5392,4161,I_EBTML,EBTML,2,operational,5
5930,5392,EBMUD Terminal Reservoirs,I_EBTML,2,operational,5
3758,4161,D_MAQ057_EBTML,EBTML,2,diversion,5
382,3758,MAQ057,D_MAQ057_EBTML,2,operational,5
4161,3953,EBTML,D_EBTML_EBMUD,2,operational,5
3953,1444,D_EBTML_EBMUD,EBMUD,2,diversion,5
4393,6212,D_EBTML_EBLOS,EBLOS,2,diversion,5
4161,4393,EBTML,D_EBTML_EBLOS,2,operational,5
1523,4498,CAA006,D_CAA006_CAALOS,2,operational,5
549,6172,CAA009,D_CAA009_CAALOS,2,operational,5
2637,5711,CAA046,D_CAA046_CAALOS,2,operational,5
2653,4693,CAA066,D_CAA024_CAALOS,2,operational,5
4693,6302,D_CAA024_CAALOS,Losses,2,diversion,5
3693,2109,SG198_MOK004_30,MOK004,2,operational,5
5787,1685,SG200_SJR022_31,SJR022,2,operational,5
4964,717,SG144_SJR081_22,SJR081,2,operational,5
6690,816,SG131_SJR106_20,SJR106,2,operational,5
4418,1095,SG125_SJR116_18,SJR116,2,operational,5
6131,2631,SG113_SJR134_16,SJR134,2,operational,5
4522,1503,SG102_SJR145_14,SJR145,2,operational,5
5187,887,SG78_SJR173_10,SJR173,2,operational,5
4267,95,SG53_FSL005_4,FSL005,2,operational,5
6213,1710,SG63_SJR205_8,SJR205,2,operational,5
6190,1710,SG62_SJR205_7,SJR205,2,operational,5
6735,525,SG79_SJR166_10,SJR166,2,operational,5
6667,69,SG167_CLV004_25,CLV004,2,operational,5
4169,2447,SG111_BCK006_15,BCK006,2,operational,5
6090,2447,SG112_BCK006_15,BCK006,2,operational,5
5662,1245,SG88_EBP030_11,EBP030,2,operational,5
6142,328,SG101_DED003_13,DED003,2,operational,5
6944,328,SG100_DED003_13,DED003,2,operational,5
3577,603,SG72_FRS032_9,FRS032,2,operational,5
5069,2686,SG76_FRS016_9,FRS016,2,operational,5
3870,2686,SG77_FRS016_9,FRS016,2,operational,5
5978,1113,SG124_MCD002_17,MCD002,2,operational,5
6965,2828,SG154_STS011_23,STS011,2,operational,5
5964,1939,SG143_TUO003_21,TUO003,2,operational,5
4800,493,SG130_ORT001_19,ORT001,2,operational,5
4685,4530,C_ESC004,ESC005,2,operational,5
3608,4685,ESC004,C_ESC004,2,operational,5
2447,6424,BCK006,D_BCK006_ESC004,2,operational,5
317,1806,EBP048,D_EBP048_63_PR3,2,operational,5
1539,5383,EBP042,D_EBP042_ESC004,2,operational,5
5383,3608,D_EBP042_ESC004,ESC004,2,diversion,5
4384,4530,C_ESC005,ESC005,2,operational,5
4384,3534,C_ESC005,ESC020,2,operational,5
4196,3943,D_ESC020_63_NA4,"63_NA4 Plainsburg ID, La Grande-Athlone, Turner Island WD, Stevinson WD, Non-District, Merced Riparian",2,diversion,5
3534,4196,ESC020,D_ESC020_63_NA4,2,operational,5
4914,1127,D_MID021_BCK033,BCK033,2,diversion,5
1123,4914,MID021,D_MID021_BCK033,2,operational,5
4867,2042,C_BCK027,BCK024,2,operational,5
5754,6338,MPS020,D_MPS020_63_NA5,2,operational,5
6338,4985,D_MPS020_63_NA5,63_NA5 El Nido ID,2,diversion,5
4985,4662,63_NA5 El Nido ID,R_63_NA4_EBP041,2,operational,5
4662,2571,R_63_NA4_EBP041,EBP041,2,return,5
3554,5771,WTP FBN,D_WTPFBN_26S_NU3,2,operational,5
5771,6305,D_WTPFBN_26S_NU3,"26S_NU3 Florin County WD, Elk Grove WSC",2,diversion,5
4578,3680,D_MTMDW_NFF080,NFF080,2,diversion,5
1675,4578,MTMDW,D_MTMDW_NFF080,2,operational,5
3680,6708,NFF080,C_NFF080,2,operational,5
6708,281,C_NFF080,ALMNR,2,operational,5
6102,6045,D_BRYSA_NAPA2,NAPA2,2,diversion,5
690,6102,BRYSA,D_BRYSA_NAPA2,2,operational,5
5725,4504,PTH070,C_PTH070,2,operational,5
4504,690,C_PTH070,BRYSA,2,operational,5
5725,6351,PTH070,D_PTH070_PUTAH,2,operational,5
6351,4595,D_PTH070_PUTAH,PUTAH,2,diversion,5
684,3978,D_WTPDGT_50_PU,50_PU City of Tracy Mountain House CSD,2,diversion,5
6877,684,WTP DGT,D_WTPDGT_50_PU,2,operational,5
6186,3684,ALPNE,E_ALPNE,2,operational,5
4805,4289,C_ALPNE,NFS033,2,operational,5
6186,4805,ALPNE,C_ALPNE,2,operational,5
32,6804,SLTSP,E_SLTSP,2,operational,5
4424,6210,UBEAR,E_UBEAR,2,operational,5
830,6997,LBEAR,E_LBEAR,2,operational,5
5037,6639,BLUMD,E_BLUMD,2,operational,5
431,17,STN004,D_STN004_GCC007,2,operational,5
17,1843,D_STN004_GCC007,GCC007,2,diversion,5
1373,2695,SBP031,D_SBP031_18_NA,2,operational,5
199,2649,SR_26S_SAC048,SAC048,2,storage_return,5
432,1164,SR_60N_SJR038,SJR038,2,storage_return,5
1579,5754,C_MPS038,MPS020,2,operational,5
2633,1579,MPS038,C_MPS038,2,operational,5
5134,4985,D_DED025_63_NA5,63_NA5 El Nido ID,2,diversion,5
2588,5134,DED025,D_DED025_63_NA5,2,operational,5
1123,5764,MID021,D_MID021_DED010,2,operational,5
5764,2401,D_MID021_DED010,DED010,2,diversion,5
7027,1240,D_ESC005_EBP050,EBP050,2,diversion,5
4530,7027,ESC005,D_ESC005_EBP050,2,operational,5
6340,2447,D_BCK033_BCK006,BCK006,2,diversion,5
1127,6340,BCK033,D_BCK033_BCK006,2,operational,5
6110,2251,TD_OMR039_202,OMR039,2,operational,5
4567,115,TD_SJR075_154,SJR075,2,operational,5
3875,1342,TD_SJR091_133,SJR091,2,operational,5
4318,816,TD_SJR106_127,SJR106,2,operational,5
6873,718,TD_MSN004_114,MSN004,2,operational,5
4325,1342,TD_SJR091_132,SJR091,2,operational,5
6962,816,TD_SJR106_130,SJR106,2,operational,5
6872,1701,TD_SJR117_125,SJR117,2,operational,5
4868,2679,TD_MSN004_115,MSN009,2,operational,5
4572,807,TD_SAL006_113,SAL006,2,operational,5
6026,718,TD_MSN004_104,MSN004,2,operational,5
6863,1362,TD_SAL027_102,SAL017,2,operational,5
4462,88,TD_FCS007_160,FCS007,2,operational,5
3687,1164,TD_SJR038_167,SJR038,2,operational,5
3805,1151,TD_SJR043_159,SJR043,2,operational,5
5935,1151,TD_SJR043_168,SJR043,2,operational,5
4552,2416,TD_FCS007_169,FCS006,2,operational,5
6253,2655,TD_SJR070_156,SJR070,2,operational,5
6853,2545,TD_STS017_152,STS017,2,operational,5
4672,115,TD_SJR075_145,SJR075,2,operational,5
7019,406,TD_TUO017_141,TUO017,2,operational,5
4705,1249,TD_MCD050_116,MCD050,2,operational,5
6505,1249,TD_MCD050_117,MCD050,2,operational,5
4789,717,TD_SJR081_143,SJR081,2,operational,5
6417,406,TD_TUO017_140,TUO017,2,operational,5
4226,1245,TD_EBP030_086,EBP030,2,operational,5
5454,1245,TD_EBP030_087,EBP030,2,operational,5
6865,1240,TD_EBP050_100,EBP050,2,operational,5
4539,703,TD_MCD021_121,MCD021,2,operational,5
4709,1701,TD_SJR117_124,SJR117,2,operational,5
4949,2631,TD_SJR134_103,SJR134,2,operational,5
6434,1385,TD_SJR180_067,SJR180,2,operational,5
4215,1712,TD_SJR227_059,SJR227,2,operational,5
5927,1135,TD_FRS022_074,FRS022,2,operational,5
4139,1324,TD_EBP019_088,EBP019,2,operational,5
6518,295,TD_EBP005_075,EBP005,2,operational,5
4054,2239,TD_SJR028_170,SJR028,2,operational,5
4565,1685,SG172_SJR022_26,SJR022,2,operational,5
5856,250,TD_MOK014_197,MOK014,2,operational,5
6011,481,TD_MOK019_196,MOK019,2,operational,5
4597,41,TD_MOK035_179,MOK035,2,operational,5
3736,3859,SLD002,C_SLD002,2,operational,5
3859,2679,C_SLD002,MSN009,2,operational,5
655,3736,C_SLD027,SLD002,2,operational,5
6346,95,TD_WBA90_053,FSL005,2,operational,5
5590,1918,R_64_PA1_SJR235,SJR235,2,return,5
5590,3742,R_64_PA1_SJR235,64_PA1 Madera ID Madera WD,2,return,5
5022,2889,SG155_SJR072_24,SJR072,2,operational,5
6158,5103,STS004,C_STS004,2,operational,5
5578,2286,R_61_NA6_SJR056,SJR056,2,return,5
6118,5578,61_NA6 Non-District,R_61_NA6_SJR056,2,operational,5
5799,1543,72_NA1 Souza & Sons,R_72_NA1_SJR106,2,operational,5
5819,4295,SJR102,C_SJR102,2,operational,5
6309,3652,D_TUO047_61_NA3,61_NA3 Tuolumne River Riparian,2,diversion,5
2767,6309,TUO047,D_TUO047_61_NA3,2,operational,5
2767,5442,TUO047,D_TUO047_62_NA4,2,operational,5
5442,5443,D_TUO047_62_NA4,62_NA4 Tuolumne River Riparian,2,diversion,5
5159,1803,CT_MUDSLOUGH,MSN005,2,operational,5
6376,2823,CT_STEVINSON,SJR131,2,operational,5
4021,1657,CT_MERCED,MCD005,2,operational,5
4669,406,CT_MODESTO,TUO017,2,operational,5
4013,2545,CT_RIPON,STS017,2,operational,5
5667,2655,CT_VERNALIS,SJR070,2,operational,5
6019,4342,OHWWTP,R_OHWWTP_DHC001,2,operational,5
4342,1950,R_OHWWTP_DHC001,DHC001,2,return,5
504,3823,SAC122,D_SAC122_18_SA,2,operational,5
3823,5064,D_SAC122_18_SA,"18_SA Meridian Farms WC, Lomo Cold Storage, Sutter MWC (part), Tisdale IDC, Misc. Settlement Contractors",2,diversion,5
6312,2070,SG463_SCW008_81,SCW008,2,operational,5
4645,5604,SCW004,C_SCW004,2,operational,5
5604,1376,C_SCW004,CWD009,2,operational,5
3644,4645,SG464_SCW004_81,SCW004,2,operational,5
4045,4645,SG465_SCW004_81,SCW004,2,operational,5
4085,2668,SG453_CWD018_77,CWD018,2,operational,5
6615,4285,CWD013,C_CWD013,2,operational,5
4285,1376,C_CWD013,CWD009,2,operational,5
5866,6615,SG455_CWD013_77,CWD013,2,operational,5
6550,6615,SG454_CWD013_77,CWD013,2,operational,5
2147,4542,D_DWRPS1_16_NA2,16_NA2 Non-district,2,diversion,5
4306,6499,DFF005,C_DFF005,2,operational,5
6499,2466,C_DFF005,BRR061,2,operational,5
4324,5336,CPF001,C_CPF001,2,operational,5
5336,2933,C_CPF001,BRR060,2,operational,5
6191,6008,D_SBA042_SBALOS,Losses R-1--> 9,2,diversion,5
6245,5264,D_SBA029_ACWD,Alameda County WD,2,diversion,5
3786,6411,D_SBA036_SCVWD,Santa Clara Valley WD,2,diversion,5
1428,200,C_MCD021,MCD018,2,operational,5
200,218,MCD018,C_MCD018,2,operational,5
4521,807,CT_SALTSLOUGH,SAL006,2,operational,5
1405,1615,OWN011,C_OWN011,2,operational,5
2447,1876,BCK006,C_BCK006,2,operational,5
323,220,BCK017,C_BCK017,2,operational,5
5449,4867,BCK027,C_BCK027,2,operational,5
1127,998,BCK033,C_BCK033,2,operational,5
2704,800,BCK035,C_BCK035,2,operational,5
2160,5449,C_BCK031,BCK027,2,operational,5
2470,2160,BCK031,C_BCK031,2,operational,5
1021,2447,C_BCK010,BCK006,2,operational,5
2341,1105,C_MCD056,MCD055,2,operational,5
1353,2341,MCD056,C_MCD056,2,operational,5
1830,1063,MCD048,C_MCD048,2,operational,5
1623,1830,C_MCD050,MCD048,2,operational,5
1249,1623,MCD050,C_MCD050,2,operational,5
6684,6267,SBA036,C_SBA036,2,operational,5
6267,5015,C_SBA036,SBA042,2,operational,5
4551,6684,C_SBA029,SBA036,2,operational,5
4624,4551,SBA029,C_SBA029,2,operational,5
6682,4624,C_SBA020,SBA029,2,operational,5
5235,6682,SBA020,C_SBA020,2,operational,5
5563,5235,C_SBA019,SBA020,2,operational,5
5554,5563,SBA019,C_SBA019,2,operational,5
6868,5554,C_SBA016,SBA019,2,operational,5
5600,6868,SBA016,C_SBA016,2,operational,5
7018,5554,C_DELVE,SBA019,2,operational,5
4020,7018,DELVE,C_DELVE,2,operational,5
6075,5600,C_SBA009,SBA016,2,operational,5
5817,6075,SBA009,C_SBA009,2,operational,5
5034,5817,C_SBA000,SBA009,2,operational,5
667,5034,SBA000,C_SBA000,2,operational,5
3682,4112,C_WSB031,WSB032,2,operational,5
7017,3682,WSB031,C_WSB031,2,operational,5
6634,7017,C_CSTIC,WSB031,2,operational,5
6237,6634,CSTIC,C_CSTIC,2,operational,5
3636,6237,C_WSB027,CSTIC,2,operational,5
4363,3636,WSB027,C_WSB027,2,operational,5
6361,4363,C_WSB026,WSB027,2,operational,5
4071,6361,WSB026,C_WSB026,2,operational,5
4670,4071,C_PYRMD,WSB026,2,operational,5
6443,4670,PYRMD,C_PYRMD,2,operational,5
6588,6443,C_WSB014,PYRMD,2,operational,5
4847,6588,WSB014,C_WSB014,2,operational,5
6442,4847,C_WSB006,WSB014,2,operational,5
5911,6442,WSB006,C_WSB006,2,operational,5
4143,5911,C_WSB001,WSB006,2,operational,5
3660,4143,WSB001,C_WSB001,2,operational,5
5720,5649,ESB306,C_ESB306,2,operational,5
5649,6815,C_ESB306,ESB324,2,operational,5
6815,5230,ESB324,C_ESB324,2,operational,5
5230,6656,C_ESB324,ESB347,2,operational,5
6656,6617,ESB347,C_ESB347,2,operational,5
6617,4052,C_ESB347,ESB355,2,operational,5
4052,4401,ESB355,C_ESB355,2,operational,5
4401,3775,C_ESB355,ESB361,2,operational,5
3775,3601,ESB361,C_ESB361,2,operational,5
3601,4910,C_ESB361,ESB403,2,operational,5
4910,4774,ESB403,C_ESB403,2,operational,5
4774,6031,C_ESB403,ESB406,2,operational,5
6031,4907,ESB406,C_ESB406,2,operational,5
4907,5289,C_ESB406,SVRWD,2,operational,5
5289,3719,SVRWD,C_SVRWD,2,operational,5
3719,4060,C_SVRWD,ESB407,2,operational,5
4060,4537,ESB407,C_ESB407,2,operational,5
4537,5513,C_ESB407,ESB408,2,operational,5
5513,5630,ESB408,C_ESB408,2,operational,5
5630,6365,C_ESB408,ESB413,2,operational,5
5835,6025,ESB433,C_ESB433,2,operational,5
6025,4509,C_ESB433,PRRIS,2,operational,5
6365,4346,ESB413,C_ESB413,2,operational,5
4346,5337,C_ESB413,ESB414,2,operational,5
5337,4261,ESB414,C_ESB414,2,operational,5
4261,4940,C_ESB414,ESB415,2,operational,5
4940,5221,ESB415,C_ESB415,2,operational,5
5221,6758,C_ESB415,ESB420,2,operational,5
6758,4284,ESB420,C_ESB420,2,operational,5
4284,6584,C_ESB420,ESB425,2,operational,5
6584,3572,ESB425,C_ESB425,2,operational,5
3572,5835,C_ESB425,ESB433,2,operational,5
3764,5222,CAA185,C_CAA185,2,operational,5
5222,4130,C_CAA185,CAA194,2,operational,5
4130,4943,CAA194,C_CAA194,2,operational,5
4943,3564,C_CAA194,CAA207,2,operational,5
5897,6845,CAA184,C_CAA184,2,operational,5
6845,3764,C_CAA184,CAA185,2,operational,5
4389,4435,CAA173,C_CAA173,2,operational,5
4435,5473,C_CAA173,CAA181,2,operational,5
5473,5240,CAA181,C_CAA181,2,operational,5
5240,5247,C_CAA181,CAA183,2,operational,5
5247,5338,CAA183,C_CAA183,2,operational,5
5338,5897,C_CAA183,CAA184,2,operational,5
2225,1113,SP_MCD002_MRS000,MCD002,2,operational,5
2225,2432,SP_MCD002_MRS000,MRS000,2,operational,5
2968,6536,I_ALMNR,Local Inflow,2,operational,5
487,7039,I_MTMDW,Hamilton Branch,2,operational,5
5450,1376,SG456_CWD009_78,CWD009,2,operational,5
4345,1014,SG457_CWD004_78,CWD004,2,operational,5
7025,1087,TD_SLD027_102,SLD027,2,operational,5
1710,1871,SJR205,D_SJR205_SJR201,2,operational,5
1871,2971,D_SJR205_SJR201,SJR201,2,diversion,5
6684,3786,SBA036,D_SBA036_SCVWD,2,operational,5
4624,6245,SBA029,D_SBA029_ACWD,2,operational,5
3840,4469,D_SBA020_ACFCD,Alameda County FCWCD Zone 7,2,diversion,5
5817,3840,SBA009,D_SBA020_ACFCD,2,operational,5
4389,5963,CAA173,D_CAA173_EMPIRE,2,operational,5
5963,6375,D_CAA173_EMPIRE,Empire West Side ID,2,diversion,5
5473,3616,CAA181,D_CAA181_KINGS,2,operational,5
3616,4308,D_CAA181_KINGS,County of KIngs,2,diversion,5
5247,6435,CAA183,D_CAA183_TULARE,2,operational,5
6435,6989,D_CAA183_TULARE,Tulare Lake Bed WSD,2,diversion,5
5897,6425,CAA184,D_CAA184_DUDLEY,2,operational,5
6425,3524,D_CAA184_DUDLEY,Dudley Ridge WD,2,diversion,5
5738,6464,D_CAA185_CSB001,CSB001,2,diversion,5
3764,5738,CAA185,D_CAA185_CSB001,2,operational,5
5806,3734,C_CSB009,CSB015,2,operational,5
5889,5806,CSB009,C_CSB009,2,operational,5
5889,3946,CSB009,D_CSB009_CLRTA1_DDWD,2,operational,5
3946,5019,D_CSB009_CLRTA1_DDWD,Devils Den WD (SCV),2,diversion,5
4870,5889,C_CSB004,CSB009,2,operational,5
5759,4870,CSB004,C_CSB004,2,operational,5
6466,5759,C_CSB001,CSB004,2,operational,5
6464,6466,CSB001,C_CSB001,2,operational,5
5759,4441,CSB004,D_CSB004_GVWD,2,operational,5
4441,5836,D_CSB004_GVWD,Green Valley WD (County of Kings),2,diversion,5
6460,5702,D_CSB015_KERN_BMWD,"Berenda Mesa WD (KCWA R-9, 10A, 11B 12D, 12E, 13B)",2,diversion,5
3734,6460,CSB015,D_CSB015_KERN_BMWD,2,operational,5
3734,3902,CSB015,C_CSB015,2,operational,5
3902,4200,C_CSB015,CSB038,2,operational,5
6294,3889,D_CSB103_BRBRA,Santa Barbara County FCWCD,2,diversion,5
4356,6294,CSB103,D_CSB103_BRBRA,2,operational,5
5804,5702,D_CAA194_KERN,"Berenda Mesa WD (KCWA R-9, 10A, 11B 12D, 12E, 13B)",2,diversion,5
4130,5804,CAA194,D_CAA194_KERN,2,operational,5
3539,5580,CAA241,C_CAA241,2,operational,5
5580,4398,C_CAA241,CAA242,2,operational,5
6201,5164,CAA245,C_CAA245,2,operational,5
5164,4408,C_CAA245,CAA262,2,operational,5
4408,6695,CAA262,C_CAA262,2,operational,5
6695,3639,C_CAA262,CAA278,2,operational,5
3639,5209,CAA278,C_CAA278,2,operational,5
5209,5757,C_CAA278,CAA279,2,operational,5
5148,6600,CAA280,C_CAA280,2,operational,5
6600,6306,C_CAA280,CAA293,2,operational,5
3564,3922,CAA207,C_CAA207,2,operational,5
3922,4378,C_CAA207,CAA210,2,operational,5
4378,6756,CAA210,C_CAA210,2,operational,5
6756,3891,C_CAA210,CAA220,2,operational,5
3891,4118,CAA220,C_CAA220,2,operational,5
4118,4074,C_CAA220,CAA238,2,operational,5
4074,5078,CAA238,C_CAA238,2,operational,5
5078,6681,C_CAA238,CAA239,2,operational,5
6681,3733,CAA239,C_CAA239,2,operational,5
3733,6402,C_CAA239,CAA240,2,operational,5
3891,6070,CAA220,D_CAA220_CAALOS,2,operational,5
6070,4555,D_CAA220_CAALOS,Losses R-8C --> 13B,2,diversion,5
3639,6788,CAA278,D_CAA278_CAALOS,2,operational,5
6788,3543,D_CAA278_CAALOS,Losses R-14A --> 14C,2,diversion,5
5148,6671,CAA280,D_CAA280_CAALOS,2,operational,5
6671,5455,D_CAA280_CAALOS,Losses R-15A -->18A,2,diversion,5
6306,5915,CAA293,C_CAA293,2,operational,5
5915,4556,C_CAA293,CAA304,2,operational,5
4556,5827,CAA304,D_CAA304_WSB001,2,operational,5
5827,3660,D_CAA304_WSB001,WSB001,2,diversion,5
4556,6943,CAA304,C_CAA305,2,operational,5
6943,4917,C_CAA305,CAA305,2,operational,5
6774,5720,D_CAA305_ESB306,ESB306,2,diversion,5
4917,6774,CAA305,D_CAA305_ESB306,2,operational,5
3564,4117,CAA207,D_CAA207_LCP,2,operational,5
4117,3626,D_CAA207_LCP,"Lost Hills WD (KCWA R-9, 10A, 11B 12D, 12E, 13B)",2,diversion,5
4398,6238,CAA242,D_CAA242_KERN,2,operational,5
6238,3651,D_CAA242_KERN,KWB Local Element Demand,2,diversion,5
5757,4826,CAA279,D_CAA279_KERN,2,operational,5
4826,5555,D_CAA279_KERN,KCWA R-15A-16A,2,diversion,5
5757,4127,CAA279,C_CAA279,2,operational,5
4127,5148,C_CAA279,CAA280,2,operational,5
5048,6385,D_WSB006_WSBLOS,Losses R-29A --> 29F,2,diversion,5
5911,5048,WSB006,D_WSB006_WSBLOS,2,operational,5
4071,5913,WSB026,D_WSB026_WSBLOS,2,operational,5
5913,5072,D_WSB026_WSBLOS,Losses R-29G --> 29J,2,diversion,5
4363,6838,WSB027,D_WSB027_WSBLOS,2,operational,5
6838,5679,D_WSB027_WSBLOS,Losses R-30,2,diversion,5
4538,5830,D_CSTIC_VNTRA,S_CSTIC,2,diversion,5
4538,3525,D_CSTIC_VNTRA,Ventura County WPD,2,diversion,5
6382,4112,D_WSB032_CLRTA2,WSB032,2,diversion,5
6382,4590,D_WSB032_CLRTA2,Santa Clarita Valley Water,2,diversion,5
7016,7017,D_WSB031_MWDSC,WSB031,2,diversion,5
7016,3800,D_WSB031_MWDSC,Metropolitan Water District,2,diversion,5
6389,4609,D_PYRMD_VNTRA,S_PYRMD,2,diversion,5
6389,3525,D_PYRMD_VNTRA,Ventura County WPD,2,diversion,5
6031,5832,ESB406,D_ESB406_ESBLOS,2,operational,5
5832,4317,D_ESB406_ESBLOS,"Losses R-22A, 22B, 23",2,diversion,5
3775,3926,ESB361,D_ESB361_ESBLOS,2,operational,5
3926,3679,D_ESB361_ESBLOS,Losses R-17 --> 21,2,diversion,5
6584,4002,ESB425,D_ESB425_ESBLOS,2,operational,5
4002,3927,D_ESB425_ESBLOS,"Losses R-24,25,26A,28,28J",2,diversion,5
3553,5835,D_ESB413_MWDSC,ESB433,2,diversion,5
3553,3690,D_ESB413_MWDSC,"Metropolitan Water District (Reach 28G, 28H)",2,diversion,5
6931,5715,D_PRRIS_MWDSC,S_PRRIS,2,diversion,5
6931,5107,D_PRRIS_MWDSC,Metropolitan Water District (Reach 28J),2,diversion,5
6649,5513,D_ESB408_DESRT,ESB408,2,diversion,5
5948,5337,D_ESB414_BRDNO,ESB414,2,diversion,5
6649,5671,D_ESB408_DESRT,Desert WA (Reach 26A),2,diversion,5
4955,4940,D_ESB415_GABRL,ESB415,2,diversion,5
4955,5903,D_ESB415_GABRL,San Gabriel Valley MWD (Reach 26),2,diversion,5
5537,6758,D_ESB420_GRGNO,ESB420,2,diversion,5
5537,5462,D_ESB420_GRGNO,SanGorgonio Pass WA (Reach 26),2,diversion,5
4741,6815,D_ESB324_AVEK,ESB324,2,diversion,5
4741,3798,D_ESB324_AVEK,Antelope Valley - East Kern WA (Reach 19-19C-20A-20B-21-22A),2,diversion,5
6852,6656,D_ESB347_PLMDL,ESB347,2,diversion,5
6852,6404,D_ESB347_PLMDL,"Palmdale WA (Reach 20A, 20B)",2,diversion,5
4533,4052,D_ESB355_LROCK,ESB355,2,diversion,5
4533,6002,D_ESB355_LROCK,Littlerock Creek ID (Reach 21),2,diversion,5
5703,4910,D_ESB403_MOJVE,ESB403,2,diversion,5
5703,4837,D_ESB403_MOJVE,"Mojave WA (Reach 22B, 23)",2,diversion,5
3790,4060,D_ESB407_CCHLA,ESB407,2,diversion,5
3790,5169,D_ESB407_CCHLA,Coachella Valley WD (Reach 26A),2,diversion,5
4885,5080,D_SVRWD_CSTLN,S_SVRWD,2,diversion,5
4885,6479,D_SVRWD_CSTLN,Crestline - Lake Arrowhead WA (Reach 24),2,diversion,5
5560,2321,C_SJR278,MLRTN,2,operational,5
4989,6220,SJR279,C_SJR279,2,operational,5
5959,4471,S_KRCKH,D_KRCKH_KPA008,2,operational,5
4471,6747,D_KRCKH_KPA008,KPA008,2,diversion,5
4679,6747,C_KPA008,KPA008,2,operational,5
6013,5560,SJR278,C_SJR278,2,operational,5
3628,3781,SJR280,C_SJR280,2,operational,5
4499,3714,SJR287,C_SJR287,2,operational,5
6469,4488,I_SJR288,KRCKH,2,operational,5
4488,3531,KRCKH,E_KRCKH,2,operational,5
4488,4691,KRCKH,C_KRCKH,2,operational,5
5025,4488,C_SJR289,KRCKH,2,operational,5
4432,5025,SJR289,C_SJR289,2,operational,5
5625,6970,SJR290,C_SJR290,2,operational,5
3838,7047,SJR295,C_SJR295,2,operational,5
4682,5008,SJR296,C_SJR296,2,operational,5
5828,3646,RDNGR,C_RDNGR,2,operational,5
3843,5828,C_SJR300,RDNGR,2,operational,5
4155,5828,I_RDNGR,RDNGR,2,operational,5
5828,6732,RDNGR,E_RDNGR,2,operational,5
5356,3843,SJR300,C_SJR300,2,operational,5
4696,3784,BGCD6,C_BGCD6,2,operational,5
6119,4696,C_SJR306,BGCD6,2,operational,5
6488,6119,SJR306,C_SJR306,2,operational,5
3970,4696,I_SJR305,BGCD6,2,operational,5
4093,5145,SJR303,C_SJR303,2,operational,5
5620,7011,SJR305,C_SJR305,2,operational,5
4635,4474,SJR307,C_SJR307,2,operational,5
3994,5770,SJR312,C_SJR312,2,operational,5
5137,5521,SJR310,C_SJR310,2,operational,5
5000,5151,SJR313,C_SJR313,2,operational,5
6003,4296,MAMTH,E_MAMTH,2,operational,5
4707,6003,I_MAMTH,MAMTH,2,operational,5
6461,6003,C_SJR318,MAMTH,2,operational,5
6512,6461,SJR318,C_SJR318,2,operational,5
4888,4707,San Joaquin River,I_MAMTH,2,operational,5
5174,6328,SJR324,C_SJR324,2,operational,5
6861,5376,SSJ008,C_SSJ008,2,operational,5
4305,4850,C_SSJ015,SSJ014,2,operational,5
5922,4305,SSJ015,C_SSJ015,2,operational,5
4809,5767,WRM003,C_WRM003,2,operational,5
6955,4809,C_WRM004,WRM003,2,operational,5
3691,6955,WRM004,C_WRM004,2,operational,5
4912,3691,I_WRM004,WRM004,2,operational,5
3976,4237,WWC000,C_WWC000,2,operational,5
6991,3976,C_WWC001,WWC000,2,operational,5
5493,6991,WWC001,C_WWC001,2,operational,5
3528,5493,I_WWC001,WWC001,2,operational,5
831,2916,WWC006,C_WWC006,2,operational,5
2916,6200,C_WWC006,WWC004,2,operational,5
6585,6677,SFW000,C_SFW000,2,operational,5
6677,831,C_SFW000,WWC006,2,operational,5
5687,3969,SFW001,C_SFW001,2,operational,5
3969,6585,C_SFW001,SFW000,2,operational,5
6152,6898,SFW005,C_SFW005,2,operational,5
6898,5687,C_SFW005,SFW001,2,operational,5
6051,5687,I_SFW001,SFW001,2,operational,5
5519,4180,SFW006,C_SFW006,2,operational,5
4180,6152,C_SFW006,SFW005,2,operational,5
7001,5519,I_SFW006,SFW006,2,operational,5
5717,7001,SF Willow Creek,I_SFW006,2,operational,5
5238,4049,C_NFW008,NFW006,2,operational,5
4049,3958,NFW006,C_NFW006,2,operational,5
3958,831,C_NFW006,WWC006,2,operational,5
6934,4049,I_NFW006,NFW006,2,operational,5
5788,3707,NFW008,C_MNZNT,2,operational,5
5788,5238,NFW008,C_NFW008,2,operational,5
5994,6744,MNZNT,C_NFW009,2,operational,5
3707,5994,C_MNZNT,MNZNT,2,operational,5
6547,6035,I_NFW009,NFW009,2,operational,5
5644,6035,C_NFW010,NFW009,2,operational,5
6035,6744,NFW009,C_NFW009,2,operational,5
5539,5644,NFW010,C_NFW010,2,operational,5
6387,4574,C_BASSL,S_BASSL,2,operational,5
5479,6387,NFW012,C_BASSL,2,operational,5
5479,4133,NFW012,C_NFW012,2,operational,5
4133,5539,C_NFW012,NFW010,2,operational,5
5831,5497,BASSL,E_BASSL,2,operational,5
4158,5831,I_BASSL,BASSL,2,operational,5
3872,4158,Bass Lake,I_BASSL,2,operational,5
5793,5831,C_NFW023,BASSL,2,operational,5
6092,7055,C_NFW026,NFW026,2,operational,5
3761,6680,NF Willow Creek,I_NFW026,2,operational,5
4706,6497,S_MAMTH,C_MAMTH,2,operational,5
4406,4786,RCK001,C_RCK001,2,operational,5
6577,4860,Rock Creek,I_RCK001,2,operational,5
4860,4406,I_RCK001,RCK001,2,operational,5
4213,5117,Ross Creek,I_RSS001,2,operational,5
5117,6225,I_RSS001,RSS001,2,operational,5
6225,3718,RSS001,C_RSS001,2,operational,5
3713,3751,STV006,C_STV006,2,operational,5
3557,3713,C_SHVER,STV006,2,operational,5
6935,3557,SHVER,C_SHVER,2,operational,5
6250,3904,C_STV007,STV007,2,operational,5
6362,5753,I_SHVER,S_SHVER,2,operational,5
6935,4186,SHVER,E_SHVER,2,operational,5
5065,6524,I_NFS003,NFS003,2,operational,5
6524,4839,NFS003,C_NFS003,2,operational,5
4839,5985,C_NFS003,NFS001,2,operational,5
5985,6021,NFS001,C_NFS001,2,operational,5
6021,3904,C_NFS001,STV007,2,operational,5
4106,5065,North Fork Stevenson Creek,I_NFS003,2,operational,5
4818,4696,C_BGC001,BGCD6,2,operational,5
6897,4818,BGC001,C_BGC001,2,operational,5
3856,6897,C_BGCD5,BGC001,2,operational,5
3955,6280,I_BGC002,BGCD5,2,operational,5
6280,5049,BGCD5,E_BGCRK,2,operational,5
6280,3856,BGCD5,C_BGCD5,2,operational,5
4677,4466,BGC004,C_BGC004,2,operational,5
4466,5226,C_BGC004,BGC003,2,operational,5
5226,6770,BGC003,C_BGC003,2,operational,5
6770,6280,C_BGC003,BGCD5,2,operational,5
3603,5696,Ely Creek,I_ELY001,2,operational,5
5420,5192,ELY001,C_ELY001,2,operational,5
5192,5226,C_ELY001,BGC003,2,operational,5
5696,5420,I_ELY001,ELY001,2,operational,5
6657,6662,C_BGC008,BGCD4,2,operational,5
6662,4243,BGCD4,C_BGCD4,2,operational,5
4243,4677,C_BGCD4,BGC004,2,operational,5
5489,6657,BGC008,C_BGC008,2,operational,5
6014,5501,HNGTN,C_HNGTN,2,operational,5
4407,6014,I_HNGTN,HNGTN,2,operational,5
5223,4407,Big Creek Inflow to Huntington Reservoir,I_HNGTN,2,operational,5
6014,6984,HNGTN,E_HNGTN,2,operational,5
5105,6014,C_BGC011,HNGTN,2,operational,5
5501,5489,C_HNGTN,BGC008,2,operational,5
4903,4549,PTM000,C_PTM000,2,operational,5
4549,6662,C_PTM000,BGCD4,2,operational,5
5569,4903,C_PTM001,PTM000,2,operational,5
6995,5569,PTM001,C_PTM001,2,operational,5
5668,6995,C_PTM002,PTM001,2,operational,5
5377,5668,PTM002,C_PTM002,2,operational,5
5053,6742,C_BSM001,BSM001,2,operational,5
5534,6742,C_MFB000,BSM001,2,operational,5
5053,4677,C_BSM001,BGC004,2,operational,5
5534,5257,C_MFB000,MFB000,2,operational,5
4370,6742,I_BSM001,BSM001,2,operational,5
4334,4370,Balsam Creek,I_BSM001,2,operational,5
6009,3757,BLSMM,C_BLSMM,2,operational,5
3757,5257,C_BLSMM,MFB000,2,operational,5
3824,3982,SSJ016,C_SSJ016,2,operational,5
3982,5922,C_SSJ016,SSJ015,2,operational,5
4129,5623,SSJ017,C_SSJ017,2,operational,5
5623,3824,C_SSJ017,SSJ016,2,operational,5
5645,4991,SSJ020,C_SSJ020,2,operational,5
4991,4129,C_SSJ020,SSJ017,2,operational,5
4101,3896,SSJ022,C_SSJ022,2,operational,5
5062,5475,SSJ024,C_SSJ024,2,operational,5
5475,4269,C_SSJ024,SSJ023,2,operational,5
4269,4534,SSJ023,C_SSJ023,2,operational,5
4534,4101,C_SSJ023,SSJ022,2,operational,5
4984,7048,SSJ026,C_SSJ026,2,operational,5
7048,6060,C_SSJ026,SSJ025,2,operational,5
6060,5113,SSJ025,C_SSJ025,2,operational,5
5113,5062,C_SSJ025,SSJ024,2,operational,5
6699,6347,PRTLF,C_PRTLF,2,operational,5
5583,4841,I_C61002,C61002,2,operational,5
6347,5219,C_PRTLF,SSJ013,2,operational,5
5965,6699,C_C61002,PRTLF,2,operational,5
4841,5965,C61002,C_C61002,2,operational,5
3648,5583,Camp Sixty One Creek,I_C61002,2,operational,5
3530,5922,C_BOC001,SSJ015,2,operational,5
5760,3530,BOC001,C_BOC001,2,operational,5
5844,5760,C_BOC002,BOC001,2,operational,5
4396,5844,BOC002,C_BOC002,2,operational,5
5535,5922,C_CQC000,SSJ015,2,operational,5
5547,5535,CQC000,C_CQC000,2,operational,5
5750,5547,C_C62001,CQC000,2,operational,5
3929,5750,C62001,C_C62001,2,operational,5
3548,6530,Bosillo Creek,I_BOC002,2,operational,5
6530,4396,I_BOC002,BOC002,2,operational,5
4880,3929,I_C62001,C62001,2,operational,5
4390,4880,Camp 62 Creek,I_C62001,2,operational,5
5559,6593,CQC001,C_CQC001,2,operational,5
6593,5547,C_CQC001,CQC000,2,operational,5
5865,5559,I_CQC001,CQC001,2,operational,5
4815,5865,Chinquapin Creek,I_CQC001,2,operational,5
7029,4328,C_HPC001,HPC001,2,operational,5
7029,5001,C_HPC001,HPC000,2,operational,5
5001,4544,HPC000,C_HPC000,2,operational,5
4544,4101,C_HPC000,SSJ022,2,operational,5
5094,5369,Hooper Creek,I_HPC001,2,operational,5
5369,4328,I_HPC001,HPC001,2,operational,5
5879,5811,BRC000,C_BRC000,2,operational,5
5811,5645,C_BRC000,SSJ020,2,operational,5
6847,5879,C_BRC001,BRC000,2,operational,5
2951,2092,BRC002,C_BRC002,2,operational,5
2092,6809,C_BRC002,BRC001,2,operational,5
6809,6847,BRC001,C_BRC001,2,operational,5
5284,6301,Bear Creek,I_BRC002,2,operational,5
6301,2951,I_BRC002,BRC002,2,operational,5
5342,5357,C_NSC001,NSC001,2,operational,5
5342,4269,C_NSC001,SSJ023,2,operational,5
4657,5357,I_NSC001,NSC001,2,operational,5
4309,4657,North Slide Creek,I_NSC001,2,operational,5
5825,4145,I_SSC001,SSC001,2,operational,5
5510,5825,South Slide Creek,I_SSC001,2,operational,5
6511,4145,C_SSC001,SSC001,2,operational,5
6511,4269,C_SSC001,SSJ023,2,operational,5
6105,6383,FLRNC,E_FLRNC,2,operational,5
6105,4142,FLRNC,C_FLRNC,2,operational,5
4142,4984,C_FLRNC,SSJ026,2,operational,5
1519,1252,CRC002,C_CRC002,2,operational,5
5615,1519,I_CRC002,CRC002,2,operational,5
4802,5615,Crater Creek,I_CRC002,2,operational,5
3841,4277,Upper San Joaquin River,I_FLRNC,2,operational,5
4277,6477,I_FLRNC,S_FLRNC,2,operational,5
6762,6060,C_TSC001,SSJ025,2,operational,5
6762,3795,C_TSC001,TSC001,2,operational,5
4969,3795,I_TSC001,TSC001,2,operational,5
5020,4969,Tombstone Creek,I_TSC001,2,operational,5
6296,4897,MON004,C_MON005,2,operational,5
4831,4897,MON005,C_MON005,2,operational,5
6296,5283,MON004,C_MON004,2,operational,5
3559,4831,I_MON005,MON005,2,operational,5
5395,4831,C_MON006,MON005,2,operational,5
5642,5395,MON006,C_MON006,2,operational,5
4739,3664,C_EDSON,S_EDSON,2,operational,5
3842,4733,EDSON,E_EDSON,2,operational,5
4944,3842,I_EDSON,EDSON,2,operational,5
5310,4944,Mono Creek,I_EDSON,2,operational,5
4739,5642,C_EDSON,MON006,2,operational,5
3691,6886,WRM004,D_WRM004_EDSON,2,operational,5
6886,3842,D_WRM004_EDSON,EDSON,2,diversion,5
4328,5504,HPC001,D_HPC001_FLRNC,2,operational,5
5504,6105,D_HPC001_FLRNC,FLRNC,2,diversion,5
3795,5255,TSC001,D_TSC001_FLRNC,2,operational,5
5255,6105,D_TSC001_FLRNC,FLRNC,2,diversion,5
4145,5904,SSC001,D_SSC001_FLRNC,2,operational,5
5904,6105,D_SSC001_FLRNC,FLRNC,2,diversion,5
5129,6105,D_NSC001_FLRNC,FLRNC,2,diversion,5
5129,5357,D_NSC001_FLRNC,NSC001,2,diversion,5
6003,5670,MAMTH,D_MAMTH_MTB001,2,operational,5
5670,4873,D_MAMTH_MTB001,MTB001,2,diversion,5
4618,4873,C_MTB001,MTB001,2,operational,5
4307,4347,D_MAMTH_MPB007,MPB007,2,diversion,5
5996,4347,C_MPB007,MPB007,2,operational,5
6003,4307,MAMTH,D_MAMTH_MPB007,2,operational,5
5559,5885,CQC001,D_CQC001_WRD003,2,operational,5
3996,5885,WRD003,D_CQC001_WRD003,2,operational,5
3929,6269,C62001,D_C62001_WRD005,2,operational,5
6127,6269,WRD005,D_C62001_WRD005,2,operational,5
5415,4347,D_RSS001_MPB007,MPB007,2,diversion,5
6225,5415,RSS001,D_RSS001_MPB007,2,operational,5
5760,5731,BOC001,D_BOC001_WRD006,2,operational,5
4925,5731,WRD006,D_BOC001_WRD006,2,operational,5
6699,6514,PRTLF,D_PRTLF_PPH007,2,operational,5
6514,6860,D_PRTLF_PPH007,PPH007,2,diversion,5
4746,6860,C_PPH007,PPH007,2,operational,5
4746,6202,C_PPH007,BGC011,2,operational,5
6009,5989,BLSMM,D_BLSMM_EPS002,2,operational,5
5989,5002,D_BLSMM_EPS002,EPS002,2,diversion,5
5335,3904,C_EPS002,STV007,2,operational,5
5335,5002,C_EPS002,EPS002,2,operational,5
6524,6175,NFS003,D_NFS003_HCS001,2,operational,5
6175,6452,D_NFS003_HCS001,HCS001,2,diversion,5
4830,6452,C_HCS001,HCS001,2,operational,5
4830,6009,C_HCS001,BLSMM,2,operational,5
5452,5106,S_HNGTN,D_HNGTN_HCH001,2,operational,5
5106,5233,D_HNGTN_HCH001,HCH001,2,diversion,5
5183,5233,C_HCH001,HCH001,2,operational,5
5183,5385,C_HCH001,HCH002,2,operational,5
5519,6768,SFW006,D_SFW006_BCB001,2,operational,5
6768,3597,D_SFW006_BCB001,BCB001,2,diversion,5
5813,3597,C_BCB001,BCB001,2,operational,5
5813,5831,C_BCB001,BASSL,2,operational,5
6280,5217,BGCD5,D_BGCD5_BP8001,2,operational,5
5217,5910,D_BGCD5_BP8001,BP8001,2,diversion,5
4137,5086,D_BGCD6_BP3005,BP3005,2,diversion,5
6737,5086,C_BP3005,BP3005,2,operational,5
3747,5690,D_RDNGR_BPA003,S_RDNGR,2,diversion,5
3747,5714,D_RDNGR_BPA003,BPA003,2,diversion,5
6470,5714,C_BPA003,BPA003,2,operational,5
3857,6985,D_SHVER_BCPH2A,BCPH2A,2,diversion,5
6935,3857,SHVER,D_SHVER_BCPH2A,2,operational,5
6014,5323,HNGTN,D_HNGTN_BP1003,2,operational,5
5323,4683,D_HNGTN_BP1003,BP1003,2,diversion,5
5199,4683,C_BP1003,BP1003,2,operational,5
5199,6662,C_BP1003,BGCD4,2,operational,5
6331,4546,C_SDS001,S_HNSLY,2,operational,5
6331,4957,C_SDS001,SDS001,2,operational,5
4222,4957,D_NFW026_SDS001,SDS001,2,diversion,5
5831,5860,BASSL,D_BASSL_PCB001,2,operational,5
5860,5176,D_BASSL_PCB001,PCB001,2,diversion,5
4413,5176,C_PCB001,PCB001,2,operational,5
4413,5539,C_PCB001,NFW010,2,operational,5
6327,4092,D_BSM001_BGCRK,BP2001,2,diversion,5
6742,6327,BSM001,D_BSM001_BGCRK,2,operational,5
5090,5119,C_WCN002,CRRLN,2,operational,5
5090,5531,C_WCN002,WCN002,2,operational,5
4953,5531,D_SFW000_WCN002,WCN002,2,diversion,5
6585,4953,SFW000,D_SFW000_WCN002,2,operational,5
5119,6953,CRRLN,D_CRRLN_SPA001,2,operational,5
6953,6789,D_CRRLN_SPA001,SPA001,2,diversion,5
4976,6789,C_SPA001,SPA001,2,operational,5
3574,5864,D_ELY001_BP2004,BP2004,2,diversion,5
5420,3574,ELY001,D_ELY001_BP2004,2,operational,5
6105,6700,FLRNC,D_FLRNC_WRD000,2,operational,5
6700,6455,D_FLRNC_WRD000,WRD000,2,diversion,5
4909,6455,C_WRD000,WRD000,2,operational,5
4909,3996,C_WRD000,WRD003,2,operational,5
4831,5874,MON005,D_MON005_MCM001,2,operational,5
5874,5382,D_MON005_MCM001,MCM001,2,diversion,5
5095,5382,C_MCM001,MCM001,2,operational,5
5095,4666,C_MCM001,MBS002,2,operational,5
4666,4717,MBS002,D_MBS002_MBM004,2,operational,5
4717,4281,D_MBS002_MBM004,MBM004,2,diversion,5
4291,4281,C_MBM004,MBM004,2,operational,5
4291,5418,C_MBM004,WRD004,2,operational,5
4049,4405,NFW006,D_NFW006_CRRLN,2,operational,5
4405,5119,D_NFW006_CRRLN,CRRLN,2,diversion,5
5994,5955,MNZNT,D_MNZNT_SP2003,2,operational,5
5955,6961,D_MNZNT_SP2003,SP2003,2,diversion,5
5991,6961,C_SP2003,SP2003,2,operational,5
5991,5119,C_SP2003,CRRLN,2,operational,5
6995,3995,PTM001,D_PTM001_PSB001,2,operational,5
3995,6627,D_PTM001_PSB001,PSB001,2,diversion,5
4988,6627,C_PSB001,PSB001,2,operational,5
4988,5385,C_PSB001,HCH002,2,operational,5
6662,3876,BGCD4,D_BGCD4_BP2004,2,operational,5
3876,4092,D_BGCD4_BP2004,BP2001,2,diversion,5
5910,5332,BP8001,C_BP8001,2,operational,5
5332,4696,C_BP8001,BGCD6,2,operational,5
5959,4760,S_KRCKH,D_KRCKH_KPM010,2,operational,5
4760,3763,D_KRCKH_KPM010,KPM010,2,diversion,5
5538,3763,C_KPM010,KPM010,2,operational,5
6930,4666,C_BCT001,MBS002,2,operational,5
6930,3886,C_BCT001,BCT001,2,operational,5
4192,3886,D_BRC001_BCT001,BCT001,2,diversion,5
6809,4192,BRC001,D_BRC001_BCT001,2,operational,5
3620,6105,D_CRC002_FLRNC,FLRNC,2,diversion,5
1519,3620,CRC002,D_CRC002_FLRNC,2,operational,5
4406,3552,RCK001,D_RCK001_MPB007,2,operational,5
3552,4347,D_RCK001_MPB007,MPB007,2,diversion,5
4105,4848,CT_MELON,Melon,2,operational,5
4975,4854,CT_PEDRO,Pedro,2,operational,5
5266,4026,CT_MLRTN,S_MLRTN,2,operational,5
6143,5266,Closure Term,CT_MLRTN,2,operational,5
5247,5307,CAA183,C_CAA183_TVC,2,operational,5
5307,4003,C_CAA183_TVC,TVC000,2,operational,5
4074,4427,CAA238,D_CAA238_CVPCV,2,operational,5
4427,4840,D_CAA238_CVPCV,CVP Cross Valley Canal,2,diversion,5
6681,6106,CAA239,D_CAA239_CVPRF,2,operational,5
6106,5453,D_CAA239_CVPRF,CVP Refuge,2,diversion,5
6402,6731,CAA240,C_CAA240,2,operational,5
6731,3539,C_CAA240,CAA241,2,operational,5
4398,5507,CAA242,C_CAA242,2,operational,5
5507,6201,C_CAA242,CAA245,2,operational,5
4200,3705,CSB038,C_CSB038,2,operational,5
3705,4356,C_CSB038,CSB103,2,operational,5
5210,4039,D_CSB038_OBISPO,San Luis Obispo County FCWCD,2,diversion,5
4200,5210,CSB038,D_CSB038_OBISPO,2,operational,5
3610,45,SG246_SAC228_44,SAC228,2,operational,5
3665,2907,SG215_SAC277_34,SAC277,2,operational,5
4696,4137,BGCD6,D_BGCD6_BP3005,2,operational,5
6250,6935,C_STV007,SHVER,2,operational,5
5793,7055,C_NFW023,NFW026,2,operational,5
6899,6934,Local inflows,I_NFW006,2,operational,5
5320,4199,D_SAC041_ISF001,DCP North Delta Diversions,2,diversion,5
6202,5105,BGC011,C_BGC011,2,operational,5
6104,4912,Warm Creek,I_WRM004,2,operational,5
6441,6861,C_SSJ013,SSJ008,2,operational,5
5219,6441,SSJ013,C_SSJ013,2,operational,5
4993,5645,C_SSJ021,SSJ020,2,operational,5
5127,4993,SJR021,C_SSJ021,2,operational,5
5291,4925,C_WRD006,WRD006,2,operational,5
5291,6699,C_WRD006,PRTLF,2,operational,5
5695,6127,C_WRD005,WRD005,2,operational,5
5695,4925,C_WRD005,WRD006,2,operational,5
6598,5418,C_WRD003,WRD004,2,operational,5
6598,3996,C_WRD003,WRD003,2,operational,5
5762,6127,C_WRD004,WRD005,2,operational,5
5762,5418,C_WRD004,WRD004,2,operational,5
5102,5219,C_SSJ014,SSJ013,2,operational,5
4850,5102,SSJ014,C_SSJ014,2,operational,5
5283,4850,C_MON004,SSJ014,2,operational,5
5767,6861,C_WRM003,SSJ008,2,operational,5
4304,6030,TUO033,C_TUO033,2,operational,5
6030,1598,C_TUO033,TUO030,2,operational,5
6182,3559,Mono Creek Local Infflow,I_MON005,2,operational,5
5656,5377,I_PTM002,PTM002,2,operational,5
3688,5656,Pitman Creek,I_PTM002,2,operational,5
3949,6009,C_HCH002,BLSMM,2,operational,5
5265,4092,C_BP2001,BP2001,2,operational,5
5265,5864,C_BP2001,BP2004,2,operational,5
4439,5864,C_BP2004,BP2004,2,operational,5
4439,6280,C_BP2004,BGCD5,2,operational,5
6200,6173,WWC004,C_WWC004,2,operational,5
6173,5493,C_WWC004,WWC001,2,operational,5
6840,6985,C_BCPH2A,BCPH2A,2,operational,5
6840,6280,C_BCPH2A,BGCD5,2,operational,5
6260,5067,SJR308,C_SJR308,2,operational,5
3949,5385,C_HCH002,HCH002,2,operational,5
5260,5974,UTC014,D_UTC014_UTICA,2,operational,5
5974,6370,D_UTC014_UTICA,UTICA,2,diversion,5
5850,6560,ANC000,C_ANC000,2,operational,5
6560,5705,C_ANC000,ANG010,2,operational,5
6701,5373,ANG015,D_ANG015_ANC000,2,operational,5
5373,5850,D_ANG015_ANC000,ANC000,2,diversion,5
6686,4207,C_ANG010,STS072,2,operational,5
5705,6686,ANG010,C_ANG010,2,operational,5
5810,4419,UTC000,D_UTC000_MIL003,2,operational,5
4419,5584,D_UTC000_MIL003,MIL003,2,diversion,5
1204,6675,NFA016,D_NFA016_WTPWAL,2,operational,5
6675,5512,D_NFA016_WTPWAL,WTP WAL,2,diversion,5
6548,3852,MNT000,D_MNT000_GRVLD,2,operational,5
3852,5461,D_MNT000_GRVLD,GRVLD,2,diversion,5
