from_element_code,to_element_code,arc_code,connection_type,primary_source_id,conflict_resolution_method,all_sources,confidence_score,xml_supplement_count
AMR006,AMR004,C_AMR006,resolved_infrastructure,4,geopackage_authoritative_with_xml_supplement,"[""geopackage"", ""xml_schematic""]",0.95,9
CCH075,CCH058,C_CCH075,resolved_infrastructure,4,geopackage_authoritative_with_xml_supplement,"[""geopackage"", ""xml_schematic""]",0.95,8
ELD012,ELD005,C_ELD012,resolved_infrastructure,4,geopackage_authoritative_with_xml_supplement,"[""geopackage"", ""xml_schematic""]",0.95,10
BRR023,CMPFW,C_BRR023,resolved_infrastructure,4,geopackage_authoritative_with_xml_supplement,"[""geopackage"", ""xml_schematic""]",0.95,11
SAC003,SAC000,C_SAC003,resolved_infrastructure,4,geopackage_authoritative_with_xml_supplement,"[""geopackage"", ""xml_schematic""]",0.95,12
SAC007,SAC003,C_SAC007,resolved_infrastructure,4,geopackage_authoritative_with_xml_supplement,"[""geopackage"", ""xml_schematic""]",0.95,8
SAC017,SAC011,C_SAC017,resolved_infrastructure,4,geopackage_authoritative_with_xml_supplement,"[""geopackage"", ""xml_schematic""]",0.95,12
SAC022,SAC017,C_SAC022,resolved_infrastructure,4,geopackage_authoritative_with_xml_supplement,"[""geopackage"", ""xml_schematic""]",0.95,12
SAC029a,SAC022,C_SAC029a,resolved_infrastructure,4,geopackage_authoritative_with_xml_supplement,"[""geopackage"", ""xml_schematic""]",0.95,3
SAC036,SAC030,C_SAC036,resolved_infrastructure,4,geopackage_authoritative_with_xml_supplement,"[""geopackage"", ""xml_schematic""]",0.95,9
SAC048,SAC041,C_SAC048,resolved_infrastructure,4,geopackage_authoritative_with_xml_supplement,"[""geopackage"", ""xml_schematic""]",0.95,13
BRR031,BRR028,C_BRR031,resolved_infrastructure,4,geopackage_authoritative_with_xml_supplement,"[""geopackage"", ""xml_schematic""]",0.95,7
22_SA2,SAC083,R_22_SA2_SAC083,resolved_infrastructure,4,geopackage_authoritative_with_xml_supplement,"[""geopackage"", ""xml_schematic""]",0.95,11
FTR003,22_SA2,D_FTR003_22_SA2,resolved_infrastructure,4,geopackage_authoritative_with_xml_supplement,"[""geopackage"", ""xml_schematic""]",0.95,8
17S_SA,SAC085,R_17S_SA_SAC085,resolved_infrastructure,4,geopackage_authoritative_with_xml_supplement,"[""geopackage"", ""xml_schematic""]",0.95,7
FTR003,17S_SA,D_FTR003_17S_SA,resolved_infrastructure,4,geopackage_authoritative_with_xml_supplement,"[""geopackage"", ""xml_schematic""]",0.95,8
MCD009,MCD005,C_MCD009,resolved_infrastructure,4,geopackage_authoritative_with_xml_supplement,"[""geopackage"", ""xml_schematic""]",0.95,8
KLR006,YBP034,C_KLR006,resolved_infrastructure,4,geopackage_authoritative_with_xml_supplement,"[""geopackage"", ""xml_schematic""]",0.95,8
AMR007,AMR006,C_AMR007,resolved_infrastructure,4,geopackage_authoritative_with_xml_supplement,"[""geopackage"", ""xml_schematic""]",0.95,8
MFA001,NFA019,C_MFA001,resolved_infrastructure,4,geopackage_authoritative_with_xml_supplement,"[""geopackage"", ""xml_schematic""]",0.95,8
WEC005,11_SA1,D_WEC005_11_SA1,resolved_infrastructure,4,geopackage_authoritative_with_xml_supplement,"[""geopackage"", ""xml_schematic""]",0.95,6
WEC005,BTC032,D_WEC005_BTC032,resolved_infrastructure,4,geopackage_authoritative_with_xml_supplement,"[""geopackage"", ""xml_schematic""]",0.95,11
ASL013,EBP022,C_ASL013,resolved_infrastructure,4,geopackage_authoritative_with_xml_supplement,"[""geopackage"", ""xml_schematic""]",0.95,9
BRS018,EBP019,C_BRS018,resolved_infrastructure,4,geopackage_authoritative_with_xml_supplement,"[""geopackage"", ""xml_schematic""]",0.95,10
RFS72B,SJR106,R_RFS72B_SJR106,resolved_infrastructure,4,geopackage_authoritative_with_xml_supplement,"[""geopackage"", ""xml_schematic""]",0.95,12
RFS72B,MSN004,R_RFS72B_MSN004,resolved_infrastructure,4,geopackage_authoritative_with_xml_supplement,"[""geopackage"", ""xml_schematic""]",0.95,10
SJR053b,OMR039,C_SJR053b,resolved_infrastructure,4,geopackage_authoritative_with_xml_supplement,"[""geopackage"", ""xml_schematic""]",0.95,8
TCWWTP,OMR039,R_TCWWTP_OMR039,resolved_infrastructure,4,geopackage_authoritative_with_xml_supplement,"[""geopackage"", ""xml_schematic""]",0.95,10
EBP048,63_PR3,D_EBP048_63_PR3,resolved_infrastructure,4,geopackage_authoritative_with_xml_supplement,"[""geopackage"", ""xml_schematic""]",0.95,8
NFA022,NFA019,C_NFA022,resolved_infrastructure,4,geopackage_authoritative_with_xml_supplement,"[""geopackage"", ""xml_schematic""]",0.95,8
MFA023,MFA001,C_MFA023,resolved_infrastructure,4,geopackage_authoritative_with_xml_supplement,"[""geopackage"", ""xml_schematic""]",0.95,8
RVC005,11_PR,D_RVC005_11_PR,resolved_infrastructure,4,geopackage_authoritative_with_xml_supplement,"[""geopackage"", ""xml_schematic""]",0.95,6
JBC002,RVC005,D_JBC002_RVC005,resolved_infrastructure,4,geopackage_authoritative_with_xml_supplement,"[""geopackage"", ""xml_schematic""]",0.95,10
WLF021,WLF017,C_WLF021,resolved_infrastructure,4,geopackage_authoritative_with_xml_supplement,"[""geopackage"", ""xml_schematic""]",0.95,8
RVC000,RVC005,C_RVC000,resolved_infrastructure,4,geopackage_authoritative_with_xml_supplement,"[""geopackage"", ""xml_schematic""]",0.95,8
WEC005,11_PR,D_WEC005_11_PR,resolved_infrastructure,4,geopackage_authoritative_with_xml_supplement,"[""geopackage"", ""xml_schematic""]",0.95,6
BSL001b,BSL004,C_BSL001b,resolved_infrastructure,4,geopackage_authoritative_with_xml_supplement,"[""geopackage"", ""xml_schematic""]",0.95,2
08N_PA,CBD044,R_08N_PA_CBD044,resolved_infrastructure,4,geopackage_authoritative_with_xml_supplement,"[""geopackage"", ""xml_schematic""]",0.95,11
CBD049,08N_PA,D_CBD049_08N_PA,resolved_infrastructure,4,geopackage_authoritative_with_xml_supplement,"[""geopackage"", ""xml_schematic""]",0.95,13
KLR005,21_PA,D_KLR005_21_PA,resolved_infrastructure,4,geopackage_authoritative_with_xml_supplement,"[""geopackage"", ""xml_schematic""]",0.95,5
21_PA,YBP032,R_21_PA_YBP032,resolved_infrastructure,4,geopackage_authoritative_with_xml_supplement,"[""geopackage"", ""xml_schematic""]",0.95,9
MNRRH,13_NU2,D_MNRRH_13_NU2,resolved_infrastructure,4,geopackage_authoritative_with_xml_supplement,"[""geopackage"", ""xml_schematic""]",0.95,7
TTC002,BTC060,C_TTC002,resolved_infrastructure,4,geopackage_authoritative_with_xml_supplement,"[""geopackage"", ""xml_schematic""]",0.95,6
FTR068,FTR067,C_FTR068,resolved_infrastructure,4,geopackage_authoritative_with_xml_supplement,"[""geopackage"", ""xml_schematic""]",0.95,8
FTR021,16_SA,D_FTR021_16_SA,resolved_infrastructure,4,geopackage_authoritative_with_xml_supplement,"[""geopackage"", ""xml_schematic""]",0.95,7
SFA030,FOLSM,C_SFA030,resolved_infrastructure,4,geopackage_authoritative_with_xml_supplement,"[""geopackage"", ""xml_schematic""]",0.95,14
SAC053,SAC050,C_SAC053,resolved_infrastructure,4,geopackage_authoritative_with_xml_supplement,"[""geopackage"", ""xml_schematic""]",0.95,8
SAC057,SAC053,C_SAC057,resolved_infrastructure,4,geopackage_authoritative_with_xml_supplement,"[""geopackage"", ""xml_schematic""]",0.95,8
SAC061,SAC057,C_SAC061,resolved_infrastructure,4,geopackage_authoritative_with_xml_supplement,"[""geopackage"", ""xml_schematic""]",0.95,7
WTPJAC,NAPA,D_WTPJAC_NAPA,resolved_infrastructure,4,geopackage_authoritative_with_xml_supplement,"[""geopackage"", ""xml_schematic""]",0.95,2
SAC063,SAC062,C_SAC063,resolved_infrastructure,4,geopackage_authoritative_with_xml_supplement,"[""geopackage"", ""xml_schematic""]",0.95,10
SAC065,SAC064,C_SAC065,resolved_infrastructure,4,geopackage_authoritative_with_xml_supplement,"[""geopackage"", ""xml_schematic""]",0.95,8
SAC074,SAC066,C_SAC074,resolved_infrastructure,4,geopackage_authoritative_with_xml_supplement,"[""geopackage"", ""xml_schematic""]",0.95,12
SAC076,SAC075,C_SAC076,resolved_infrastructure,4,geopackage_authoritative_with_xml_supplement,"[""geopackage"", ""xml_schematic""]",0.95,4
SAC078,SAC077,C_SAC078,resolved_infrastructure,4,geopackage_authoritative_with_xml_supplement,"[""geopackage"", ""xml_schematic""]",0.95,8
SAC082,SAC081,C_SAC082,resolved_infrastructure,4,geopackage_authoritative_with_xml_supplement,"[""geopackage"", ""xml_schematic""]",0.95,11
SAC083,SAC082,C_SAC083,resolved_infrastructure,4,geopackage_authoritative_with_xml_supplement,"[""geopackage"", ""xml_schematic""]",0.95,16
SAC085,SAC083,C_SAC085,resolved_infrastructure,4,geopackage_authoritative_with_xml_supplement,"[""geopackage"", ""xml_schematic""]",0.95,16
SAC091,SAC085,C_SAC091,resolved_infrastructure,4,geopackage_authoritative_with_xml_supplement,"[""geopackage"", ""xml_schematic""]",0.95,10
SAC097,SAC093,C_SAC097,resolved_infrastructure,4,geopackage_authoritative_with_xml_supplement,"[""geopackage"", ""xml_schematic""]",0.95,10
SAC106,SAC099,C_SAC106,resolved_infrastructure,4,geopackage_authoritative_with_xml_supplement,"[""geopackage"", ""xml_schematic""]",0.95,8
SAC115,SAC109,C_SAC115,resolved_infrastructure,4,geopackage_authoritative_with_xml_supplement,"[""geopackage"", ""xml_schematic""]",0.95,10
SAC120,SAC115,C_SAC120,resolved_infrastructure,4,geopackage_authoritative_with_xml_supplement,"[""geopackage"", ""xml_schematic""]",0.95,9
SAC122,SAC121,C_SAC122,resolved_infrastructure,4,geopackage_authoritative_with_xml_supplement,"[""geopackage"", ""xml_schematic""]",0.95,12
FOLSM,WTPEDH,D_FOLSM_WTPEDH,resolved_infrastructure,4,geopackage_authoritative_with_xml_supplement,"[""geopackage"", ""xml_schematic""]",0.95,11
ELDID,EDWWTP,R_ELDID_EDWWTP,resolved_infrastructure,4,geopackage_authoritative_with_xml_supplement,"[""geopackage"", ""xml_schematic""]",0.95,2
WTPFBN,26N_NU4,D_WTPFBN_26N_NU4,resolved_infrastructure,4,geopackage_authoritative_with_xml_supplement,"[""geopackage"", ""xml_schematic""]",0.95,2
STS050,STS048,C_STS050,resolved_infrastructure,4,geopackage_authoritative_with_xml_supplement,"[""geopackage"", ""xml_schematic""]",0.95,7
ABT002,ABN026,C_ABT002,resolved_infrastructure,4,geopackage_authoritative_with_xml_supplement,"[""geopackage"", ""xml_schematic""]",0.95,9
ABN027,ABN026,C_ABN027,resolved_infrastructure,4,geopackage_authoritative_with_xml_supplement,"[""geopackage"", ""xml_schematic""]",0.95,9
SAC129,SAC122,C_SAC129,resolved_infrastructure,4,geopackage_authoritative_with_xml_supplement,"[""geopackage"", ""xml_schematic""]",0.95,13
SAC134,SAC129,C_SAC134,resolved_infrastructure,4,geopackage_authoritative_with_xml_supplement,"[""geopackage"", ""xml_schematic""]",0.95,9
SAC141,SAC136,C_SAC141,resolved_infrastructure,4,geopackage_authoritative_with_xml_supplement,"[""geopackage"", ""xml_schematic""]",0.95,11
SAC146,SAC141,C_SAC146,resolved_infrastructure,4,geopackage_authoritative_with_xml_supplement,"[""geopackage"", ""xml_schematic""]",0.95,11
SAC154,SAC148,C_SAC154,resolved_infrastructure,4,geopackage_authoritative_with_xml_supplement,"[""geopackage"", ""xml_schematic""]",0.95,11
SAC159,SAC154,C_SAC159,resolved_infrastructure,4,geopackage_authoritative_with_xml_supplement,"[""geopackage"", ""xml_schematic""]",0.95,11
SAC162,SAC159,C_SAC162,resolved_infrastructure,4,geopackage_authoritative_with_xml_supplement,"[""geopackage"", ""xml_schematic""]",0.95,11
SAC168,SAC162,C_SAC168,resolved_infrastructure,4,geopackage_authoritative_with_xml_supplement,"[""geopackage"", ""xml_schematic""]",0.95,9
SAC174,SAC169,C_SAC174,resolved_infrastructure,4,geopackage_authoritative_with_xml_supplement,"[""geopackage"", ""xml_schematic""]",0.95,8
SAC178,SAC174,C_SAC178,resolved_infrastructure,4,geopackage_authoritative_with_xml_supplement,"[""geopackage"", ""xml_schematic""]",0.95,10
SAC182,SAC178,C_SAC182,resolved_infrastructure,4,geopackage_authoritative_with_xml_supplement,"[""geopackage"", ""xml_schematic""]",0.95,10
SAC185,SAC182,C_SAC185,resolved_infrastructure,4,geopackage_authoritative_with_xml_supplement,"[""geopackage"", ""xml_schematic""]",0.95,13
SAC193,SAC188,C_SAC193,resolved_infrastructure,4,geopackage_authoritative_with_xml_supplement,"[""geopackage"", ""xml_schematic""]",0.95,11
SAC201,SAC196,C_SAC201,resolved_infrastructure,4,geopackage_authoritative_with_xml_supplement,"[""geopackage"", ""xml_schematic""]",0.95,14
SAC214,SAC207,C_SAC214,resolved_infrastructure,4,geopackage_authoritative_with_xml_supplement,"[""geopackage"", ""xml_schematic""]",0.95,13
SAC224,SAC218,C_SAC224,resolved_infrastructure,4,geopackage_authoritative_with_xml_supplement,"[""geopackage"", ""xml_schematic""]",0.95,13
SAC240,SAC232,C_SAC240,resolved_infrastructure,4,geopackage_authoritative_with_xml_supplement,"[""geopackage"", ""xml_schematic""]",0.95,13
SAC247,SAC240,C_SAC247,resolved_infrastructure,4,geopackage_authoritative_with_xml_supplement,"[""geopackage"", ""xml_schematic""]",0.95,11
SAC254,SAC250,C_SAC254,resolved_infrastructure,4,geopackage_authoritative_with_xml_supplement,"[""geopackage"", ""xml_schematic""]",0.95,9
SAC265,SAC259,C_SAC265,resolved_infrastructure,4,geopackage_authoritative_with_xml_supplement,"[""geopackage"", ""xml_schematic""]",0.95,10
SAC269,SAC265,C_SAC269,resolved_infrastructure,4,geopackage_authoritative_with_xml_supplement,"[""geopackage"", ""xml_schematic""]",0.95,12
SAC273,SAC271,C_SAC273,resolved_infrastructure,4,geopackage_authoritative_with_xml_supplement,"[""geopackage"", ""xml_schematic""]",0.95,11
SAC281,SAC277,C_SAC281,resolved_infrastructure,4,geopackage_authoritative_with_xml_supplement,"[""geopackage"", ""xml_schematic""]",0.95,15
SAC287,SAC281,C_SAC287,resolved_infrastructure,4,geopackage_authoritative_with_xml_supplement,"[""geopackage"", ""xml_schematic""]",0.95,15
SAC289,SAC287,C_SAC289,resolved_infrastructure,4,geopackage_authoritative_with_xml_supplement,"[""geopackage"", ""xml_schematic""]",0.95,12
SAC294,SAC289,C_SAC294,resolved_infrastructure,4,geopackage_authoritative_with_xml_supplement,"[""geopackage"", ""xml_schematic""]",0.95,11
SAC296,SAC294,C_SAC296,resolved_infrastructure,4,geopackage_authoritative_with_xml_supplement,"[""geopackage"", ""xml_schematic""]",0.95,12
SAC299,SAC296,C_SAC299,resolved_infrastructure,4,geopackage_authoritative_with_xml_supplement,"[""geopackage"", ""xml_schematic""]",0.95,9
SHSTA,SAC301,C_SHSTA,resolved_infrastructure,4,geopackage_authoritative_with_xml_supplement,"[""geopackage"", ""xml_schematic""]",0.95,8
STN009,STN004,C_STN009,resolved_infrastructure,4,geopackage_authoritative_with_xml_supplement,"[""geopackage"", ""xml_schematic""]",0.95,10
FTR008,FTR003,C_FTR008,resolved_infrastructure,4,geopackage_authoritative_with_xml_supplement,"[""geopackage"", ""xml_schematic""]",0.95,14
SBP012,SSL001,C_SBP012,resolved_infrastructure,4,geopackage_authoritative_with_xml_supplement,"[""geopackage"", ""xml_schematic""]",0.95,13
YUB006,YUB003,C_YUB006,resolved_infrastructure,4,geopackage_authoritative_with_xml_supplement,"[""geopackage"", ""xml_schematic""]",0.95,7
YUB039,YUB034,C_YUB039,resolved_infrastructure,4,geopackage_authoritative_with_xml_supplement,"[""geopackage"", ""xml_schematic""]",0.95,8
STH000,ABN027,D_STH000_ABN027,resolved_infrastructure,4,geopackage_authoritative_with_xml_supplement,"[""geopackage"", ""xml_schematic""]",0.95,8
LBC001,LBC010,C_LBC001,resolved_infrastructure,4,geopackage_authoritative_with_xml_supplement,"[""geopackage"", ""xml_schematic""]",0.95,9
DSC008,MOK022,C_DSC008,resolved_infrastructure,4,geopackage_authoritative_with_xml_supplement,"[""geopackage"", ""xml_schematic""]",0.95,8
SFF008,SFF002,C_SFF008,resolved_infrastructure,4,geopackage_authoritative_with_xml_supplement,"[""geopackage"", ""xml_schematic""]",0.95,8
SFF002,FTR074,C_SFF002,resolved_infrastructure,4,geopackage_authoritative_with_xml_supplement,"[""geopackage"", ""xml_schematic""]",0.95,9
SFF039,SFF029,C_SFF039,resolved_infrastructure,4,geopackage_authoritative_with_xml_supplement,"[""geopackage"", ""xml_schematic""]",0.95,7
SFF028,SFF020,C_SFF028,resolved_infrastructure,4,geopackage_authoritative_with_xml_supplement,"[""geopackage"", ""xml_schematic""]",0.95,7
CSM011,CSM005,C_CSM011,resolved_infrastructure,4,geopackage_authoritative_with_xml_supplement,"[""geopackage"", ""xml_schematic""]",0.95,12
SAC277,SAC275,C_SAC277,resolved_infrastructure,4,geopackage_authoritative_with_xml_supplement,"[""geopackage"", ""xml_schematic""]",0.95,12
SAC250,SAC247,C_SAC250,resolved_infrastructure,4,geopackage_authoritative_with_xml_supplement,"[""geopackage"", ""xml_schematic""]",0.95,9
SAC232,SAC229,C_SAC232,resolved_infrastructure,4,geopackage_authoritative_with_xml_supplement,"[""geopackage"", ""xml_schematic""]",0.95,10
SAC228,SAC224,C_SAC228,resolved_infrastructure,4,geopackage_authoritative_with_xml_supplement,"[""geopackage"", ""xml_schematic""]",0.95,13
SAC217,SAC214,C_SAC217,resolved_infrastructure,4,geopackage_authoritative_with_xml_supplement,"[""geopackage"", ""xml_schematic""]",0.95,10
SAC195,SAC193,C_SAC195,resolved_infrastructure,4,geopackage_authoritative_with_xml_supplement,"[""geopackage"", ""xml_schematic""]",0.95,10
WKYTN,CLR011,C_WKYTN,resolved_infrastructure,4,geopackage_authoritative_with_xml_supplement,"[""geopackage"", ""xml_schematic""]",0.95,12
CLR011,CLR009,C_CLR011,resolved_infrastructure,4,geopackage_authoritative_with_xml_supplement,"[""geopackage"", ""xml_schematic""]",0.95,8
CLR009,SAC287,C_CLR009,resolved_infrastructure,4,geopackage_authoritative_with_xml_supplement,"[""geopackage"", ""xml_schematic""]",0.95,11
CBD012,CBD005,C_CBD012,resolved_infrastructure,4,geopackage_authoritative_with_xml_supplement,"[""geopackage"", ""xml_schematic""]",0.95,9
GCC060,GCC065,C_GCC060,resolved_infrastructure,4,geopackage_authoritative_with_xml_supplement,"[""geopackage"", ""xml_schematic""]",0.95,7
FSC015,FSC025,C_FSC015,resolved_infrastructure,4,geopackage_authoritative_with_xml_supplement,"[""geopackage"", ""xml_schematic""]",0.95,8
LBC010,LBC030,C_LBC010,resolved_infrastructure,4,geopackage_authoritative_with_xml_supplement,"[""geopackage"", ""xml_schematic""]",0.95,8
BEC000,BEC021,C_BEC000,resolved_infrastructure,4,geopackage_authoritative_with_xml_supplement,"[""geopackage"", ""xml_schematic""]",0.95,9
ABN024,24_NA1,D_ABN024_24_NA1,resolved_infrastructure,4,geopackage_authoritative_with_xml_supplement,"[""geopackage"", ""xml_schematic""]",0.95,5
24_NA1,CCK022,R_24_NA1_CCK022,resolved_infrastructure,4,geopackage_authoritative_with_xml_supplement,"[""geopackage"", ""xml_schematic""]",0.95,6
BEC022,BEC024,C_BEC022,resolved_infrastructure,4,geopackage_authoritative_with_xml_supplement,"[""geopackage"", ""xml_schematic""]",0.95,7
CBD001,KLR005,D_CBD001_KLR005,resolved_infrastructure,4,geopackage_authoritative_with_xml_supplement,"[""geopackage"", ""xml_schematic""]",0.95,7
JBC000,JBC002,C_JBC000,resolved_infrastructure,4,geopackage_authoritative_with_xml_supplement,"[""geopackage"", ""xml_schematic""]",0.95,8
WSE004,24_NA1,D_WSE004_24_NA1,resolved_infrastructure,4,geopackage_authoritative_with_xml_supplement,"[""geopackage"", ""xml_schematic""]",0.95,6
MIO023,10_NA,D_MIO023_10_NA,resolved_infrastructure,4,geopackage_authoritative_with_xml_supplement,"[""geopackage"", ""xml_schematic""]",0.95,5
CWD018,CWD009,C_CWD018,resolved_infrastructure,4,geopackage_authoritative_with_xml_supplement,"[""geopackage"", ""xml_schematic""]",0.95,10
BEC024,WSE003,C_BEC024,resolved_infrastructure,4,geopackage_authoritative_with_xml_supplement,"[""geopackage"", ""xml_schematic""]",0.95,7
WSE003,WSE004,C_WSE003,resolved_infrastructure,4,geopackage_authoritative_with_xml_supplement,"[""geopackage"", ""xml_schematic""]",0.95,9
WBF015,MIO023,D_WBF015_MIO023,resolved_infrastructure,4,geopackage_authoritative_with_xml_supplement,"[""geopackage"", ""xml_schematic""]",0.95,7
MIO023,12_NU1,D_MIO023_12_NU1,resolved_infrastructure,4,geopackage_authoritative_with_xml_supplement,"[""geopackage"", ""xml_schematic""]",0.95,5
CRC002,SAC082,C_CRC002,resolved_infrastructure,4,geopackage_authoritative_with_xml_supplement,"[""geopackage"", ""xml_schematic""]",0.95,20
COW014,COW007,C_COW014,resolved_infrastructure,4,geopackage_authoritative_with_xml_supplement,"[""geopackage"", ""xml_schematic""]",0.95,9
COW007,COW003,C_COW007,resolved_infrastructure,4,geopackage_authoritative_with_xml_supplement,"[""geopackage"", ""xml_schematic""]",0.95,10
COW003,SAC277,C_COW003,resolved_infrastructure,4,geopackage_authoritative_with_xml_supplement,"[""geopackage"", ""xml_schematic""]",0.95,13
BTL006,SAC269,C_BTL006,resolved_infrastructure,4,geopackage_authoritative_with_xml_supplement,"[""geopackage"", ""xml_schematic""]",0.95,13
CWD009,CWD004,C_CWD009,resolved_infrastructure,4,geopackage_authoritative_with_xml_supplement,"[""geopackage"", ""xml_schematic""]",0.95,12
CWD003,SAC271,C_CWD003,resolved_infrastructure,4,geopackage_authoritative_with_xml_supplement,"[""geopackage"", ""xml_schematic""]",0.95,10
PYN001,SAC250,C_PYN001,resolved_infrastructure,4,geopackage_authoritative_with_xml_supplement,"[""geopackage"", ""xml_schematic""]",0.95,10
ANT010,SAC232,C_ANT010,resolved_infrastructure,4,geopackage_authoritative_with_xml_supplement,"[""geopackage"", ""xml_schematic""]",0.95,12
MLC006,MLC004,C_MLC006,resolved_infrastructure,4,geopackage_authoritative_with_xml_supplement,"[""geopackage"", ""xml_schematic""]",0.95,10
02,SAC257,SR_02_SAC257,resolved_infrastructure,4,geopackage_authoritative_with_xml_supplement,"[""geopackage"", ""xml_schematic""]",0.95,5
02,CWD003,SR_02_CWD003,resolved_infrastructure,4,geopackage_authoritative_with_xml_supplement,"[""geopackage"", ""xml_schematic""]",0.95,5
02,KSWCK,SR_02_KSWCK,resolved_infrastructure,4,geopackage_authoritative_with_xml_supplement,"[""geopackage"", ""xml_schematic""]",0.95,6
MLC004,SAC228,C_MLC004,resolved_infrastructure,4,geopackage_authoritative_with_xml_supplement,"[""geopackage"", ""xml_schematic""]",0.95,11
ELD027,ELD022,C_ELD027,resolved_infrastructure,4,geopackage_authoritative_with_xml_supplement,"[""geopackage"", ""xml_schematic""]",0.95,8
ELD022,ELD017,C_ELD022,resolved_infrastructure,4,geopackage_authoritative_with_xml_supplement,"[""geopackage"", ""xml_schematic""]",0.95,8
ELD017,ELD012,C_ELD017,resolved_infrastructure,4,geopackage_authoritative_with_xml_supplement,"[""geopackage"", ""xml_schematic""]",0.95,9
ELD005,SAC229,C_ELD005,resolved_infrastructure,4,geopackage_authoritative_with_xml_supplement,"[""geopackage"", ""xml_schematic""]",0.95,9
THM026,THM021,C_THM026,resolved_infrastructure,4,geopackage_authoritative_with_xml_supplement,"[""geopackage"", ""xml_schematic""]",0.95,8
THM021,THM017,C_THM021,resolved_infrastructure,4,geopackage_authoritative_with_xml_supplement,"[""geopackage"", ""xml_schematic""]",0.95,8
THM017,THM012,C_THM017,resolved_infrastructure,4,geopackage_authoritative_with_xml_supplement,"[""geopackage"", ""xml_schematic""]",0.95,9
THM012,THM005,C_THM012,resolved_infrastructure,4,geopackage_authoritative_with_xml_supplement,"[""geopackage"", ""xml_schematic""]",0.95,11
THM005,SAC224,C_THM005,resolved_infrastructure,4,geopackage_authoritative_with_xml_supplement,"[""geopackage"", ""xml_schematic""]",0.95,13
DRC010,DRC005,C_DRC010,resolved_infrastructure,4,geopackage_authoritative_with_xml_supplement,"[""geopackage"", ""xml_schematic""]",0.95,11
DRC005,SAC218,C_DRC005,resolved_infrastructure,4,geopackage_authoritative_with_xml_supplement,"[""geopackage"", ""xml_schematic""]",0.95,12
BCC012,BCC006,C_BCC012,resolved_infrastructure,4,geopackage_authoritative_with_xml_supplement,"[""geopackage"", ""xml_schematic""]",0.95,8
BCC006,BCC004,C_BCC006,resolved_infrastructure,4,geopackage_authoritative_with_xml_supplement,"[""geopackage"", ""xml_schematic""]",0.95,9
BCC004,SAC196,C_BCC004,resolved_infrastructure,4,geopackage_authoritative_with_xml_supplement,"[""geopackage"", ""xml_schematic""]",0.95,14
EPARK,SGRGE,C_EPARK,resolved_infrastructure,4,geopackage_authoritative_with_xml_supplement,"[""geopackage"", ""xml_schematic""]",0.95,8
SGRGE,BLKBT,C_SGRGE,resolved_infrastructure,4,geopackage_authoritative_with_xml_supplement,"[""geopackage"", ""xml_schematic""]",0.95,8
BLKBT,STN026,C_BLKBT,resolved_infrastructure,4,geopackage_authoritative_with_xml_supplement,"[""geopackage"", ""xml_schematic""]",0.95,9
STN026,STN021,C_STN026,resolved_infrastructure,4,geopackage_authoritative_with_xml_supplement,"[""geopackage"", ""xml_schematic""]",0.95,10
STN021,STN014,C_STN021,resolved_infrastructure,4,geopackage_authoritative_with_xml_supplement,"[""geopackage"", ""xml_schematic""]",0.95,10
STN014,STN009,C_STN014,resolved_infrastructure,4,geopackage_authoritative_with_xml_supplement,"[""geopackage"", ""xml_schematic""]",0.95,9
STN004,SAC193,C_STN004,resolved_infrastructure,4,geopackage_authoritative_with_xml_supplement,"[""geopackage"", ""xml_schematic""]",0.95,12
BTC003,BSL001,C_BTC003,resolved_infrastructure,4,geopackage_authoritative_with_xml_supplement,"[""geopackage"", ""xml_schematic""]",0.95,23
HON021,HON004,C_HON021,resolved_infrastructure,4,geopackage_authoritative_with_xml_supplement,"[""geopackage"", ""xml_schematic""]",0.95,11
WBF039,WBF030,C_WBF039,resolved_infrastructure,4,geopackage_authoritative_with_xml_supplement,"[""geopackage"", ""xml_schematic""]",0.95,8
NFF008,FTR074,C_NFF008,resolved_infrastructure,4,geopackage_authoritative_with_xml_supplement,"[""geopackage"", ""xml_schematic""]",0.95,9
FTR072,FTR068,C_FTR072,resolved_infrastructure,4,geopackage_authoritative_with_xml_supplement,"[""geopackage"", ""xml_schematic""]",0.95,9
FTR067,FTR063,C_FTR067,resolved_infrastructure,4,geopackage_authoritative_with_xml_supplement,"[""geopackage"", ""xml_schematic""]",0.95,8
FTR063,FTR059,C_FTR063,resolved_infrastructure,4,geopackage_authoritative_with_xml_supplement,"[""geopackage"", ""xml_schematic""]",0.95,12
FTR059,FTR053,C_FTR059,resolved_infrastructure,4,geopackage_authoritative_with_xml_supplement,"[""geopackage"", ""xml_schematic""]",0.95,11
FTR051,FTR048,C_FTR051,resolved_infrastructure,4,geopackage_authoritative_with_xml_supplement,"[""geopackage"", ""xml_schematic""]",0.95,8
FTR048,FTR045,C_FTR048,resolved_infrastructure,4,geopackage_authoritative_with_xml_supplement,"[""geopackage"", ""xml_schematic""]",0.95,12
FTR045,FTR039,C_FTR045,resolved_infrastructure,4,geopackage_authoritative_with_xml_supplement,"[""geopackage"", ""xml_schematic""]",0.95,11
FTR039,FTR036,C_FTR039,resolved_infrastructure,4,geopackage_authoritative_with_xml_supplement,"[""geopackage"", ""xml_schematic""]",0.95,8
FTR036,FTR031,C_FTR036,resolved_infrastructure,4,geopackage_authoritative_with_xml_supplement,"[""geopackage"", ""xml_schematic""]",0.95,10
FTR030,FTR029,C_FTR030,resolved_infrastructure,4,geopackage_authoritative_with_xml_supplement,"[""geopackage"", ""xml_schematic""]",0.95,10
FTR028,FTR025,C_FTR028,resolved_infrastructure,4,geopackage_authoritative_with_xml_supplement,"[""geopackage"", ""xml_schematic""]",0.95,11
FTR025,FTR021,C_FTR025,resolved_infrastructure,4,geopackage_authoritative_with_xml_supplement,"[""geopackage"", ""xml_schematic""]",0.95,11
FTR021,FTR018,C_FTR021,resolved_infrastructure,4,geopackage_authoritative_with_xml_supplement,"[""geopackage"", ""xml_schematic""]",0.95,11
FTR018,FTR016,C_FTR018,resolved_infrastructure,4,geopackage_authoritative_with_xml_supplement,"[""geopackage"", ""xml_schematic""]",0.95,9
FTR016,FTR014,C_FTR016,resolved_infrastructure,4,geopackage_authoritative_with_xml_supplement,"[""geopackage"", ""xml_schematic""]",0.95,9
MFF087,MFF019,C_MFF087,resolved_infrastructure,4,geopackage_authoritative_with_xml_supplement,"[""geopackage"", ""xml_schematic""]",0.95,8
FTR014,FTR012,C_FTR014,resolved_infrastructure,4,geopackage_authoritative_with_xml_supplement,"[""geopackage"", ""xml_schematic""]",0.95,12
FTR012,FTR008,C_FTR012,resolved_infrastructure,4,geopackage_authoritative_with_xml_supplement,"[""geopackage"", ""xml_schematic""]",0.95,14
FTR003,SAC083,C_FTR003,resolved_infrastructure,4,geopackage_authoritative_with_xml_supplement,"[""geopackage"", ""xml_schematic""]",0.95,17
BTC048,BTC045,C_BTC048,resolved_infrastructure,4,geopackage_authoritative_with_xml_supplement,"[""geopackage"", ""xml_schematic""]",0.95,8
BTC036,BTC032,C_BTC036,resolved_infrastructure,4,geopackage_authoritative_with_xml_supplement,"[""geopackage"", ""xml_schematic""]",0.95,11
BTC032,BTC029,C_BTC032,resolved_infrastructure,4,geopackage_authoritative_with_xml_supplement,"[""geopackage"", ""xml_schematic""]",0.95,10
BTC029,BTC024,C_BTC029,resolved_infrastructure,4,geopackage_authoritative_with_xml_supplement,"[""geopackage"", ""xml_schematic""]",0.95,8
BTC024,BTC018,C_BTC024,resolved_infrastructure,4,geopackage_authoritative_with_xml_supplement,"[""geopackage"", ""xml_schematic""]",0.95,8
BTC015,BTC012,C_BTC015,resolved_infrastructure,4,geopackage_authoritative_with_xml_supplement,"[""geopackage"", ""xml_schematic""]",0.95,10
BTC012,BTC007,C_BTC012,resolved_infrastructure,4,geopackage_authoritative_with_xml_supplement,"[""geopackage"", ""xml_schematic""]",0.95,11
BTC007,BTC003,C_BTC007,resolved_infrastructure,4,geopackage_authoritative_with_xml_supplement,"[""geopackage"", ""xml_schematic""]",0.95,17
ENGLB,YUB024,C_ENGLB,resolved_infrastructure,4,geopackage_authoritative_with_xml_supplement,"[""geopackage"", ""xml_schematic""]",0.95,8
YUB024,YUB023,C_YUB024,resolved_infrastructure,4,geopackage_authoritative_with_xml_supplement,"[""geopackage"", ""xml_schematic""]",0.95,7
YUB022,YUB014,C_YUB022,resolved_infrastructure,4,geopackage_authoritative_with_xml_supplement,"[""geopackage"", ""xml_schematic""]",0.95,8
YUB013,YUB011,C_YUB013,resolved_infrastructure,4,geopackage_authoritative_with_xml_supplement,"[""geopackage"", ""xml_schematic""]",0.95,10
YUB011,YUB006,C_YUB011,resolved_infrastructure,4,geopackage_authoritative_with_xml_supplement,"[""geopackage"", ""xml_schematic""]",0.95,9
YUB002,FTR028,C_YUB002,resolved_infrastructure,4,geopackage_authoritative_with_xml_supplement,"[""geopackage"", ""xml_schematic""]",0.95,12
YUB014,YUB013,C_YUB014,resolved_infrastructure,4,geopackage_authoritative_with_xml_supplement,"[""geopackage"", ""xml_schematic""]",0.95,9
MERLC,FDC006,C_MERLC,resolved_infrastructure,4,geopackage_authoritative_with_xml_supplement,"[""geopackage"", ""xml_schematic""]",0.95,7
FDC006,YUB014,C_FDC006,resolved_infrastructure,4,geopackage_authoritative_with_xml_supplement,"[""geopackage"", ""xml_schematic""]",0.95,9
BRR060,RLLNS,C_BRR060,resolved_infrastructure,4,geopackage_authoritative_with_xml_supplement,"[""geopackage"", ""xml_schematic""]",0.95,10
BRR049,CMBIE,C_BRR049,resolved_infrastructure,4,geopackage_authoritative_with_xml_supplement,"[""geopackage"", ""xml_schematic""]",0.95,9
BRR004,FTR012,C_BRR004,resolved_infrastructure,4,geopackage_authoritative_with_xml_supplement,"[""geopackage"", ""xml_schematic""]",0.95,17
CMPFW,BRR017,C_CMPFW,resolved_infrastructure,4,geopackage_authoritative_with_xml_supplement,"[""geopackage"", ""xml_schematic""]",0.95,12
RFS11,WWC006,R_RFS11_WWC006,resolved_infrastructure,4,geopackage_authoritative_with_xml_supplement,"[""geopackage"", ""xml_schematic""]",0.95,10
CCH006,CCH003,C_CCH006,resolved_infrastructure,4,geopackage_authoritative_with_xml_supplement,"[""geopackage"", ""xml_schematic""]",0.95,8
CCH030,CCH023,C_CCH030,resolved_infrastructure,4,geopackage_authoritative_with_xml_supplement,"[""geopackage"", ""xml_schematic""]",0.95,9
CCH023,CCH017,C_CCH023,resolved_infrastructure,4,geopackage_authoritative_with_xml_supplement,"[""geopackage"", ""xml_schematic""]",0.95,9
CCH017,CCH012,C_CCH017,resolved_infrastructure,4,geopackage_authoritative_with_xml_supplement,"[""geopackage"", ""xml_schematic""]",0.95,10
16_SA,DWRPS1,R_16_SA_DWRPS1,resolved_infrastructure,4,geopackage_authoritative_with_xml_supplement,"[""geopackage"", ""xml_schematic""]",0.95,9
FTR053,FTR051,C_FTR053,resolved_infrastructure,4,geopackage_authoritative_with_xml_supplement,"[""geopackage"", ""xml_schematic""]",0.95,7
SJR256,SJR249,C_SJR256,resolved_infrastructure,4,geopackage_authoritative_with_xml_supplement,"[""geopackage"", ""xml_schematic""]",0.95,8
CCH012,CCH006,C_CCH012,resolved_infrastructure,4,geopackage_authoritative_with_xml_supplement,"[""geopackage"", ""xml_schematic""]",0.95,9
CCH003,YBP032,C_CCH003,resolved_infrastructure,4,geopackage_authoritative_with_xml_supplement,"[""geopackage"", ""xml_schematic""]",0.95,12
PTH030,PTH024,C_PTH030,resolved_infrastructure,4,geopackage_authoritative_with_xml_supplement,"[""geopackage"", ""xml_schematic""]",0.95,10
PTH024,PTH021,C_PTH024,resolved_infrastructure,4,geopackage_authoritative_with_xml_supplement,"[""geopackage"", ""xml_schematic""]",0.95,12
PTH020,PTH015,C_PTH020,resolved_infrastructure,4,geopackage_authoritative_with_xml_supplement,"[""geopackage"", ""xml_schematic""]",0.95,8
PTH015,PTH011,C_PTH015,resolved_infrastructure,4,geopackage_authoritative_with_xml_supplement,"[""geopackage"", ""xml_schematic""]",0.95,9
PTH011,PTH007,C_PTH011,resolved_infrastructure,4,geopackage_authoritative_with_xml_supplement,"[""geopackage"", ""xml_schematic""]",0.95,11
PTH007,YBP020,C_PTH007,resolved_infrastructure,4,geopackage_authoritative_with_xml_supplement,"[""geopackage"", ""xml_schematic""]",0.95,14
TRNTY,LWSTN,C_TRNTY,resolved_infrastructure,4,geopackage_authoritative_with_xml_supplement,"[""geopackage"", ""xml_schematic""]",0.95,8
CBD049,CBD044,C_CBD049,resolved_infrastructure,4,geopackage_authoritative_with_xml_supplement,"[""geopackage"", ""xml_schematic""]",0.95,22
CBD044,CBD041,C_CBD044,resolved_infrastructure,4,geopackage_authoritative_with_xml_supplement,"[""geopackage"", ""xml_schematic""]",0.95,16
CBD041,CBD038,C_CBD041,resolved_infrastructure,4,geopackage_authoritative_with_xml_supplement,"[""geopackage"", ""xml_schematic""]",0.95,11
CBD037,CBD031,C_CBD037,resolved_infrastructure,4,geopackage_authoritative_with_xml_supplement,"[""geopackage"", ""xml_schematic""]",0.95,15
CBD031,CBD028,C_CBD031,resolved_infrastructure,4,geopackage_authoritative_with_xml_supplement,"[""geopackage"", ""xml_schematic""]",0.95,18
CBD028,CBD023,C_CBD028,resolved_infrastructure,4,geopackage_authoritative_with_xml_supplement,"[""geopackage"", ""xml_schematic""]",0.95,13
CBD023,CBD018,C_CBD023,resolved_infrastructure,4,geopackage_authoritative_with_xml_supplement,"[""geopackage"", ""xml_schematic""]",0.95,8
CBD018,CBD012,C_CBD018,resolved_infrastructure,4,geopackage_authoritative_with_xml_supplement,"[""geopackage"", ""xml_schematic""]",0.95,9
CBD001,CBD000,C_CBD001,resolved_infrastructure,4,geopackage_authoritative_with_xml_supplement,"[""geopackage"", ""xml_schematic""]",0.95,9
SAC207,GCC007,D_SAC207_GCC007,resolved_infrastructure,4,geopackage_authoritative_with_xml_supplement,"[""geopackage"", ""xml_schematic""]",0.95,13
GCC007,GCC010,C_GCC007,resolved_infrastructure,4,geopackage_authoritative_with_xml_supplement,"[""geopackage"", ""xml_schematic""]",0.95,7
GCC010,GCC015,C_GCC010,resolved_infrastructure,4,geopackage_authoritative_with_xml_supplement,"[""geopackage"", ""xml_schematic""]",0.95,6
GCC015,GCC022,C_GCC015,resolved_infrastructure,4,geopackage_authoritative_with_xml_supplement,"[""geopackage"", ""xml_schematic""]",0.95,6
GCC022,GCC027,C_GCC022,resolved_infrastructure,4,geopackage_authoritative_with_xml_supplement,"[""geopackage"", ""xml_schematic""]",0.95,8
GCC027,GCC032,C_GCC027,resolved_infrastructure,4,geopackage_authoritative_with_xml_supplement,"[""geopackage"", ""xml_schematic""]",0.95,8
GCC032,GCC036,C_GCC032,resolved_infrastructure,4,geopackage_authoritative_with_xml_supplement,"[""geopackage"", ""xml_schematic""]",0.95,7
GCC036,GCC039,C_GCC036,resolved_infrastructure,4,geopackage_authoritative_with_xml_supplement,"[""geopackage"", ""xml_schematic""]",0.95,8
GCC039,GCC042,C_GCC039,resolved_infrastructure,4,geopackage_authoritative_with_xml_supplement,"[""geopackage"", ""xml_schematic""]",0.95,7
GCC042,GCC046,C_GCC042,resolved_infrastructure,4,geopackage_authoritative_with_xml_supplement,"[""geopackage"", ""xml_schematic""]",0.95,6
GCC046,GCC050,C_GCC046,resolved_infrastructure,4,geopackage_authoritative_with_xml_supplement,"[""geopackage"", ""xml_schematic""]",0.95,6
GCC050,GCC056,C_GCC050,resolved_infrastructure,4,geopackage_authoritative_with_xml_supplement,"[""geopackage"", ""xml_schematic""]",0.95,9
GCC056,GCC060,C_GCC056,resolved_infrastructure,4,geopackage_authoritative_with_xml_supplement,"[""geopackage"", ""xml_schematic""]",0.95,9
GCC065,CBD031,C_GCC065,resolved_infrastructure,4,geopackage_authoritative_with_xml_supplement,"[""geopackage"", ""xml_schematic""]",0.95,13
TCC085,TCC111,C_TCC085,resolved_infrastructure,4,geopackage_authoritative_with_xml_supplement,"[""geopackage"", ""xml_schematic""]",0.95,7
SAC240,TCC001,D_SAC240_TCC001,resolved_infrastructure,4,geopackage_authoritative_with_xml_supplement,"[""geopackage"", ""xml_schematic""]",0.95,11
TCC022,TCC031,C_TCC022,resolved_infrastructure,4,geopackage_authoritative_with_xml_supplement,"[""geopackage"", ""xml_schematic""]",0.95,9
TCC031,TCC036,C_TCC031,resolved_infrastructure,4,geopackage_authoritative_with_xml_supplement,"[""geopackage"", ""xml_schematic""]",0.95,8
TCC036,TCC062,C_TCC036,resolved_infrastructure,4,geopackage_authoritative_with_xml_supplement,"[""geopackage"", ""xml_schematic""]",0.95,8
TCC062,TCC066,C_TCC062,resolved_infrastructure,4,geopackage_authoritative_with_xml_supplement,"[""geopackage"", ""xml_schematic""]",0.95,7
TCC066,TCC081,C_TCC066,resolved_infrastructure,4,geopackage_authoritative_with_xml_supplement,"[""geopackage"", ""xml_schematic""]",0.95,7
TCC001,TCC022,C_TCC001,resolved_infrastructure,4,geopackage_authoritative_with_xml_supplement,"[""geopackage"", ""xml_schematic""]",0.95,9
ABN026,ABN024,C_ABN026,resolved_infrastructure,4,geopackage_authoritative_with_xml_supplement,"[""geopackage"", ""xml_schematic""]",0.95,9
FOLSM,NTOMA,C_FOLSM,resolved_infrastructure,4,geopackage_authoritative_with_xml_supplement,"[""geopackage"", ""xml_schematic""]",0.95,16
AMR022,AMR020,C_AMR022,resolved_infrastructure,4,geopackage_authoritative_with_xml_supplement,"[""geopackage"", ""xml_schematic""]",0.95,8
AMR020,AMR017,C_AMR020,resolved_infrastructure,4,geopackage_authoritative_with_xml_supplement,"[""geopackage"", ""xml_schematic""]",0.95,9
AMR015,AMR009,C_AMR015,resolved_infrastructure,4,geopackage_authoritative_with_xml_supplement,"[""geopackage"", ""xml_schematic""]",0.95,8
AMR004,SAC063,C_AMR004,resolved_infrastructure,4,geopackage_authoritative_with_xml_supplement,"[""geopackage"", ""xml_schematic""]",0.95,12
FSC007,FSC013,C_FSC007,resolved_infrastructure,4,geopackage_authoritative_with_xml_supplement,"[""geopackage"", ""xml_schematic""]",0.95,3
17N_NA,BTC003,R_17N_NA_BTC003,resolved_infrastructure,4,geopackage_authoritative_with_xml_supplement,"[""geopackage"", ""xml_schematic""]",0.95,13
17N_NR,BTC003,R_17N_NR_BTC003,resolved_infrastructure,4,geopackage_authoritative_with_xml_supplement,"[""geopackage"", ""xml_schematic""]",0.95,13
11,BSL001,SR_11_BSL001,resolved_infrastructure,4,geopackage_authoritative_with_xml_supplement,"[""geopackage"", ""xml_schematic""]",0.95,11
BTC012,09_SA2,D_BTC012_09_SA2,resolved_infrastructure,4,geopackage_authoritative_with_xml_supplement,"[""geopackage"", ""xml_schematic""]",0.95,7
SAC050,SAC049,C_SAC050,resolved_infrastructure,4,geopackage_authoritative_with_xml_supplement,"[""geopackage"", ""xml_schematic""]",0.95,8
FPT013,WTPVNY,D_FPT013_WTPVNY,resolved_infrastructure,4,geopackage_authoritative_with_xml_supplement,"[""geopackage"", ""xml_schematic""]",0.95,5
TCC062,GCC036,D_TCC062_GCC036,resolved_infrastructure,4,geopackage_authoritative_with_xml_supplement,"[""geopackage"", ""xml_schematic""]",0.95,8
GCC027,08N_SA2,D_GCC027_08N_SA2,resolved_infrastructure,4,geopackage_authoritative_with_xml_supplement,"[""geopackage"", ""xml_schematic""]",0.95,6
GCC027,08N_PR1,D_GCC027_08N_PR1,resolved_infrastructure,4,geopackage_authoritative_with_xml_supplement,"[""geopackage"", ""xml_schematic""]",0.95,6
08N_PR1,CBD049,R_08N_PR1_CBD049,resolved_infrastructure,4,geopackage_authoritative_with_xml_supplement,"[""geopackage"", ""xml_schematic""]",0.95,13
08N_NA,CBD049,R_08N_NA_CBD049,resolved_infrastructure,4,geopackage_authoritative_with_xml_supplement,"[""geopackage"", ""xml_schematic""]",0.95,13
08N_SA2,CBD049,R_08N_SA2_CBD049,resolved_infrastructure,4,geopackage_authoritative_with_xml_supplement,"[""geopackage"", ""xml_schematic""]",0.95,13
SAC178,08N_SA1,D_SAC178_08N_SA1,resolved_infrastructure,4,geopackage_authoritative_with_xml_supplement,"[""geopackage"", ""xml_schematic""]",0.95,7
08N_SA1,CBD044,R_08N_SA1_CBD044,resolved_infrastructure,4,geopackage_authoritative_with_xml_supplement,"[""geopackage"", ""xml_schematic""]",0.95,11
CBD049,08N_SA1,D_CBD049_08N_SA1,resolved_infrastructure,4,geopackage_authoritative_with_xml_supplement,"[""geopackage"", ""xml_schematic""]",0.95,13
07S_PA,CBD028,R_07S_PA_CBD028,resolved_infrastructure,4,geopackage_authoritative_with_xml_supplement,"[""geopackage"", ""xml_schematic""]",0.95,10
07S_NA,CBD044,R_07S_NA_CBD044,resolved_infrastructure,4,geopackage_authoritative_with_xml_supplement,"[""geopackage"", ""xml_schematic""]",0.95,11
TCC081,07S_PA,D_TCC081_07S_PA,resolved_infrastructure,4,geopackage_authoritative_with_xml_supplement,"[""geopackage"", ""xml_schematic""]",0.95,5
GCC056,08S_PR,D_GCC056_08S_PR,resolved_infrastructure,4,geopackage_authoritative_with_xml_supplement,"[""geopackage"", ""xml_schematic""]",0.95,7
GCC056,08S_SA2,D_GCC056_08S_SA2,resolved_infrastructure,4,geopackage_authoritative_with_xml_supplement,"[""geopackage"", ""xml_schematic""]",0.95,7
CBD041,08S_SA2,D_CBD041_08S_SA2,resolved_infrastructure,4,geopackage_authoritative_with_xml_supplement,"[""geopackage"", ""xml_schematic""]",0.95,7
08S_SA2,CBD037,R_08S_SA2_CBD037,resolved_infrastructure,4,geopackage_authoritative_with_xml_supplement,"[""geopackage"", ""xml_schematic""]",0.95,7
CBD041,08S_SA1,D_CBD041_08S_SA1,resolved_infrastructure,4,geopackage_authoritative_with_xml_supplement,"[""geopackage"", ""xml_schematic""]",0.95,7
08S_SA1,CBD031,R_08S_SA1_CBD031,resolved_infrastructure,4,geopackage_authoritative_with_xml_supplement,"[""geopackage"", ""xml_schematic""]",0.95,10
08S_PR,CBD031,R_08S_PR_CBD031,resolved_infrastructure,4,geopackage_authoritative_with_xml_supplement,"[""geopackage"", ""xml_schematic""]",0.95,10
BSL004,SBP031,C_BSL004,resolved_infrastructure,4,geopackage_authoritative_with_xml_supplement,"[""geopackage"", ""xml_schematic""]",0.95,8
SBP031,SBP028,C_SBP031,resolved_infrastructure,4,geopackage_authoritative_with_xml_supplement,"[""geopackage"", ""xml_schematic""]",0.95,11
MOK014,MOK004,C_MOK014,resolved_infrastructure,4,geopackage_authoritative_with_xml_supplement,"[""geopackage"", ""xml_schematic""]",0.95,15
DSC035,DSC028,C_DSC035,resolved_infrastructure,4,geopackage_authoritative_with_xml_supplement,"[""geopackage"", ""xml_schematic""]",0.95,8
DSC026,DSC023,C_DSC026,resolved_infrastructure,4,geopackage_authoritative_with_xml_supplement,"[""geopackage"", ""xml_schematic""]",0.95,8
DSC023,DSC016,C_DSC023,resolved_infrastructure,4,geopackage_authoritative_with_xml_supplement,"[""geopackage"", ""xml_schematic""]",0.95,7
DSC012,DSC008,C_DSC012,resolved_infrastructure,4,geopackage_authoritative_with_xml_supplement,"[""geopackage"", ""xml_schematic""]",0.95,7
CSM052,CSM035,C_CSM052,resolved_infrastructure,4,geopackage_authoritative_with_xml_supplement,"[""geopackage"", ""xml_schematic""]",0.95,3
CSM026,CSM021,C_CSM026,resolved_infrastructure,4,geopackage_authoritative_with_xml_supplement,"[""geopackage"", ""xml_schematic""]",0.95,8
CSM021,CSM016,C_CSM021,resolved_infrastructure,4,geopackage_authoritative_with_xml_supplement,"[""geopackage"", ""xml_schematic""]",0.95,8
SAC159,08S_SA1,D_SAC159_08S_SA1,resolved_infrastructure,4,geopackage_authoritative_with_xml_supplement,"[""geopackage"", ""xml_schematic""]",0.95,7
FTR039,SEC009,D_FTR039_SEC009,resolved_infrastructure,4,geopackage_authoritative_with_xml_supplement,"[""geopackage"", ""xml_schematic""]",0.95,9
FSC025,60N_PU,D_FSC025_60N_PU,resolved_infrastructure,4,geopackage_authoritative_with_xml_supplement,"[""geopackage"", ""xml_schematic""]",0.95,5
CBD037,08S_PR,D_CBD037_08S_PR,resolved_infrastructure,4,geopackage_authoritative_with_xml_supplement,"[""geopackage"", ""xml_schematic""]",0.95,7
08S_SA3,RFS8S,R_08S_SA3_RFS8S,resolved_infrastructure,4,geopackage_authoritative_with_xml_supplement,"[""geopackage"", ""xml_schematic""]",0.95,7
SJR105,71_NA1,D_SJR105_71_NA1,resolved_infrastructure,4,geopackage_authoritative_with_xml_supplement,"[""geopackage"", ""xml_schematic""]",0.95,2
71_NA1,SJR091,R_71_NA1_SJR091,resolved_infrastructure,4,geopackage_authoritative_with_xml_supplement,"[""geopackage"", ""xml_schematic""]",0.95,13
TCC022,04_PA2,D_TCC022_04_PA2,resolved_infrastructure,4,geopackage_authoritative_with_xml_supplement,"[""geopackage"", ""xml_schematic""]",0.95,6
CSM016,CSM011,C_CSM016,resolved_infrastructure,4,geopackage_authoritative_with_xml_supplement,"[""geopackage"", ""xml_schematic""]",0.95,9
CSM005,MOK019,C_CSM005,resolved_infrastructure,4,geopackage_authoritative_with_xml_supplement,"[""geopackage"", ""xml_schematic""]",0.95,15
20,PTH024,SR_20_PTH024,resolved_infrastructure,4,geopackage_authoritative_with_xml_supplement,"[""geopackage"", ""xml_schematic""]",0.95,7
25,PTH024,SR_25_PTH024,resolved_infrastructure,4,geopackage_authoritative_with_xml_supplement,"[""geopackage"", ""xml_schematic""]",0.95,7
05,SAC196,SR_05_SAC196,resolved_infrastructure,4,geopackage_authoritative_with_xml_supplement,"[""geopackage"", ""xml_schematic""]",0.95,9
SAC030,MOK014,D_SAC030_MOK014,resolved_infrastructure,4,geopackage_authoritative_with_xml_supplement,"[""geopackage"", ""xml_schematic""]",0.95,12
BTC041,BTC036,C_BTC041,resolved_infrastructure,4,geopackage_authoritative_with_xml_supplement,"[""geopackage"", ""xml_schematic""]",0.95,8
BTC045,BTC043,C_BTC045,resolved_infrastructure,4,geopackage_authoritative_with_xml_supplement,"[""geopackage"", ""xml_schematic""]",0.95,10
DEE020,CSM011,C_DEE020,resolved_infrastructure,4,geopackage_authoritative_with_xml_supplement,"[""geopackage"", ""xml_schematic""]",0.95,9
FSC013,FSC015,C_FSC013,resolved_infrastructure,4,geopackage_authoritative_with_xml_supplement,"[""geopackage"", ""xml_schematic""]",0.95,8
FSC025,FSC027,C_FSC025,resolved_infrastructure,4,geopackage_authoritative_with_xml_supplement,"[""geopackage"", ""xml_schematic""]",0.95,7
NTOMA,FSC003,D_NTOMA_FSC003,resolved_infrastructure,4,geopackage_authoritative_with_xml_supplement,"[""geopackage"", ""xml_schematic""]",0.95,11
LWSTN,CCT011,D_LWSTN_CCT011,resolved_infrastructure,4,geopackage_authoritative_with_xml_supplement,"[""geopackage"", ""xml_schematic""]",0.95,8
WKYTN,WTPCSD,D_WKYTN_WTPCSD,resolved_infrastructure,4,geopackage_authoritative_with_xml_supplement,"[""geopackage"", ""xml_schematic""]",0.95,9
WTPCSD,02_PU,D_WTPCSD_02_PU,resolved_infrastructure,4,geopackage_authoritative_with_xml_supplement,"[""geopackage"", ""xml_schematic""]",0.95,2
SHSTA,WTPJMS,D_SHSTA_WTPJMS,resolved_infrastructure,4,geopackage_authoritative_with_xml_supplement,"[""geopackage"", ""xml_schematic""]",0.95,5
WTPJMS,03_PU1,D_WTPJMS_03_PU1,resolved_infrastructure,4,geopackage_authoritative_with_xml_supplement,"[""geopackage"", ""xml_schematic""]",0.95,2
FRS048,FRS046,C_FRS048,resolved_infrastructure,4,geopackage_authoritative_with_xml_supplement,"[""geopackage"", ""xml_schematic""]",0.95,7
FRS046,FRS045,C_FRS046,resolved_infrastructure,4,geopackage_authoritative_with_xml_supplement,"[""geopackage"", ""xml_schematic""]",0.95,8
MOK035,WTPDWS,D_MOK035_WTPDWS,resolved_infrastructure,4,geopackage_authoritative_with_xml_supplement,"[""geopackage"", ""xml_schematic""]",0.95,10
PARDE,CMCHE,C_PARDE,resolved_infrastructure,4,geopackage_authoritative_with_xml_supplement,"[""geopackage"", ""xml_schematic""]",0.95,11
XCC025,72_PR6,D_XCC025_72_PR6,resolved_infrastructure,4,geopackage_authoritative_with_xml_supplement,"[""geopackage"", ""xml_schematic""]",0.95,6
ARY010,72_PR4,D_ARY010_72_PR4,resolved_infrastructure,4,geopackage_authoritative_with_xml_supplement,"[""geopackage"", ""xml_schematic""]",0.95,7
CAA143,90_PA2,D_CAA143_90_PA2,resolved_infrastructure,4,geopackage_authoritative_with_xml_supplement,"[""geopackage"", ""xml_schematic""]",0.95,8
TUO047,TUO043,C_TUO047,resolved_infrastructure,4,geopackage_authoritative_with_xml_supplement,"[""geopackage"", ""xml_schematic""]",0.95,10
PEDRO,TUO054,C_PEDRO,resolved_infrastructure,4,geopackage_authoritative_with_xml_supplement,"[""geopackage"", ""xml_schematic""]",0.95,7
TUR001,TRLCH,C_TUR001,resolved_infrastructure,4,geopackage_authoritative_with_xml_supplement,"[""geopackage"", ""xml_schematic""]",0.95,4
MDS003,MDSTO,C_MDS003,resolved_infrastructure,4,geopackage_authoritative_with_xml_supplement,"[""geopackage"", ""xml_schematic""]",0.95,4
MCD005,MCD002,C_MCD005,resolved_infrastructure,4,geopackage_authoritative_with_xml_supplement,"[""geopackage"", ""xml_schematic""]",0.95,10
MCD014,MCD009,C_MCD014,resolved_infrastructure,4,geopackage_authoritative_with_xml_supplement,"[""geopackage"", ""xml_schematic""]",0.95,8
MCD018,MCD014,C_MCD018,resolved_infrastructure,4,geopackage_authoritative_with_xml_supplement,"[""geopackage"", ""xml_schematic""]",0.95,7
MCD028,MCD021,C_MCD028,resolved_infrastructure,4,geopackage_authoritative_with_xml_supplement,"[""geopackage"", ""xml_schematic""]",0.95,17
MCD032,MCD028,C_MCD032,resolved_infrastructure,4,geopackage_authoritative_with_xml_supplement,"[""geopackage"", ""xml_schematic""]",0.95,12
MCD042,MCD036,C_MCD042,resolved_infrastructure,4,geopackage_authoritative_with_xml_supplement,"[""geopackage"", ""xml_schematic""]",0.95,9
MCD046,MCD042,C_MCD046,resolved_infrastructure,4,geopackage_authoritative_with_xml_supplement,"[""geopackage"", ""xml_schematic""]",0.95,8
SSJ004,NMC000,D_SSJ004_NMC000,resolved_infrastructure,4,geopackage_authoritative_with_xml_supplement,"[""geopackage"", ""xml_schematic""]",0.95,3
MIO023,LDC021,D_MIO023_LDC021,resolved_infrastructure,4,geopackage_authoritative_with_xml_supplement,"[""geopackage"", ""xml_schematic""]",0.95,5
LDC029,LDC021,C_LDC029,resolved_infrastructure,4,geopackage_authoritative_with_xml_supplement,"[""geopackage"", ""xml_schematic""]",0.95,6
SBP028,SBP024,C_SBP028,resolved_infrastructure,4,geopackage_authoritative_with_xml_supplement,"[""geopackage"", ""xml_schematic""]",0.95,10
SBP024,SBP021,C_SBP024,resolved_infrastructure,4,geopackage_authoritative_with_xml_supplement,"[""geopackage"", ""xml_schematic""]",0.95,13
SBP021,SBP018,C_SBP021,resolved_infrastructure,4,geopackage_authoritative_with_xml_supplement,"[""geopackage"", ""xml_schematic""]",0.95,13
SBP018,SBP014,C_SBP018,resolved_infrastructure,4,geopackage_authoritative_with_xml_supplement,"[""geopackage"", ""xml_schematic""]",0.95,9
YBP037,YBP034,C_YBP037,resolved_infrastructure,4,geopackage_authoritative_with_xml_supplement,"[""geopackage"", ""xml_schematic""]",0.95,8
YBP032,YBP026,C_YBP032,resolved_infrastructure,4,geopackage_authoritative_with_xml_supplement,"[""geopackage"", ""xml_schematic""]",0.95,12
YBP026,YBP023,C_YBP026,resolved_infrastructure,4,geopackage_authoritative_with_xml_supplement,"[""geopackage"", ""xml_schematic""]",0.95,12
YBP023,YBP020,C_YBP023,resolved_infrastructure,4,geopackage_authoritative_with_xml_supplement,"[""geopackage"", ""xml_schematic""]",0.95,16
YBP020,YBP016,C_YBP020,resolved_infrastructure,4,geopackage_authoritative_with_xml_supplement,"[""geopackage"", ""xml_schematic""]",0.95,12
YBP016,YBP014,C_YBP016,resolved_infrastructure,4,geopackage_authoritative_with_xml_supplement,"[""geopackage"", ""xml_schematic""]",0.95,8
YBP014,YBP011,C_YBP014,resolved_infrastructure,4,geopackage_authoritative_with_xml_supplement,"[""geopackage"", ""xml_schematic""]",0.95,8
YBP011,YBP007,C_YBP011,resolved_infrastructure,4,geopackage_authoritative_with_xml_supplement,"[""geopackage"", ""xml_schematic""]",0.95,8
CSL005a,SAC017,C_CSL005a,resolved_infrastructure,4,geopackage_authoritative_with_xml_supplement,"[""geopackage"", ""xml_schematic""]",0.95,7
CHIPPS,CHCGO,C_CHIPPS,resolved_infrastructure,4,geopackage_authoritative_with_xml_supplement,"[""geopackage"", ""xml_schematic""]",0.95,7
50_PA1,SJR056,R_50_PA1_SJR056,resolved_infrastructure,4,geopackage_authoritative_with_xml_supplement,"[""geopackage"", ""xml_schematic""]",0.95,6
SJR062,50_PA1,D_SJR062_50_PA1,resolved_infrastructure,4,geopackage_authoritative_with_xml_supplement,"[""geopackage"", ""xml_schematic""]",0.95,6
DMC021,50_PA1,D_DMC021_50_PA1,resolved_infrastructure,4,geopackage_authoritative_with_xml_supplement,"[""geopackage"", ""xml_schematic""]",0.95,6
NFY029,NFY017,C_NFY029,resolved_infrastructure,4,geopackage_authoritative_with_xml_supplement,"[""geopackage"", ""xml_schematic""]",0.95,7
NFY002,YUB039,C_NFY002,resolved_infrastructure,4,geopackage_authoritative_with_xml_supplement,"[""geopackage"", ""xml_schematic""]",0.95,7
MFY005,YUB039,C_MFY005,resolved_infrastructure,4,geopackage_authoritative_with_xml_supplement,"[""geopackage"", ""xml_schematic""]",0.95,8
WTPDGT,50_PU,D_WTPDGT_50_PU,resolved_infrastructure,4,geopackage_authoritative_with_xml_supplement,"[""geopackage"", ""xml_schematic""]",0.95,2
61_PA1,RFS61C,R_61_PA1_RFS61C,resolved_infrastructure,4,geopackage_authoritative_with_xml_supplement,"[""geopackage"", ""xml_schematic""]",0.95,6
RFS61C,SJR056,R_RFS61C_SJR056,resolved_infrastructure,4,geopackage_authoritative_with_xml_supplement,"[""geopackage"", ""xml_schematic""]",0.95,12
SJR070,61_NA6,D_SJR070_61_NA6,resolved_infrastructure,4,geopackage_authoritative_with_xml_supplement,"[""geopackage"", ""xml_schematic""]",0.95,7
TUO017,61_NA3,D_TUO017_61_NA3,resolved_infrastructure,4,geopackage_authoritative_with_xml_supplement,"[""geopackage"", ""xml_schematic""]",0.95,10
FRS020,FRS016,C_FRS020,resolved_infrastructure,4,geopackage_authoritative_with_xml_supplement,"[""geopackage"", ""xml_schematic""]",0.95,10
FRS016,EBP016,C_FRS016,resolved_infrastructure,4,geopackage_authoritative_with_xml_supplement,"[""geopackage"", ""xml_schematic""]",0.95,13
FRS025,FRS022,C_FRS025,resolved_infrastructure,4,geopackage_authoritative_with_xml_supplement,"[""geopackage"", ""xml_schematic""]",0.95,10
FRS032,FRS025,C_FRS032,resolved_infrastructure,4,geopackage_authoritative_with_xml_supplement,"[""geopackage"", ""xml_schematic""]",0.95,8
FRS036,FRS032,C_FRS036,resolved_infrastructure,4,geopackage_authoritative_with_xml_supplement,"[""geopackage"", ""xml_schematic""]",0.95,9
FRS039,FRS036,C_FRS039,resolved_infrastructure,4,geopackage_authoritative_with_xml_supplement,"[""geopackage"", ""xml_schematic""]",0.95,9
CHW006,EBP030,C_CHW006,resolved_infrastructure,4,geopackage_authoritative_with_xml_supplement,"[""geopackage"", ""xml_schematic""]",0.95,15
CHW011,CHW006,C_CHW011,resolved_infrastructure,4,geopackage_authoritative_with_xml_supplement,"[""geopackage"", ""xml_schematic""]",0.95,8
CHW017,CHW011,C_CHW017,resolved_infrastructure,4,geopackage_authoritative_with_xml_supplement,"[""geopackage"", ""xml_schematic""]",0.95,9
CHW021,CHW017,C_CHW021,resolved_infrastructure,4,geopackage_authoritative_with_xml_supplement,"[""geopackage"", ""xml_schematic""]",0.95,9
CMCHE,MOK057,C_CMCHE,resolved_infrastructure,4,geopackage_authoritative_with_xml_supplement,"[""geopackage"", ""xml_schematic""]",0.95,8
WEC000,WEC005,C_WEC000,resolved_infrastructure,4,geopackage_authoritative_with_xml_supplement,"[""geopackage"", ""xml_schematic""]",0.95,8
SAC109,08S_SA3,D_SAC109_08S_SA3,resolved_infrastructure,4,geopackage_authoritative_with_xml_supplement,"[""geopackage"", ""xml_schematic""]",0.95,6
ABN024,ABN014,C_ABN024,resolved_infrastructure,4,geopackage_authoritative_with_xml_supplement,"[""geopackage"", ""xml_schematic""]",0.95,7
LBC038,LBC040,C_LBC038,resolved_infrastructure,4,geopackage_authoritative_with_xml_supplement,"[""geopackage"", ""xml_schematic""]",0.95,8
SJR180,ARY010,D_SJR180_ARY010,resolved_infrastructure,4,geopackage_authoritative_with_xml_supplement,"[""geopackage"", ""xml_schematic""]",0.95,13
ARY010,72_XA1,D_ARY010_72_XA1,resolved_infrastructure,4,geopackage_authoritative_with_xml_supplement,"[""geopackage"", ""xml_schematic""]",0.95,7
CAA109,73_PA3,D_CAA109_73_PA3,resolved_infrastructure,4,geopackage_authoritative_with_xml_supplement,"[""geopackage"", ""xml_schematic""]",0.95,7
72_PR3,SAL006,R_72_PR3_SAL006,resolved_infrastructure,4,geopackage_authoritative_with_xml_supplement,"[""geopackage"", ""xml_schematic""]",0.95,9
DCK012,EMD007,C_DCK012,resolved_infrastructure,4,geopackage_authoritative_with_xml_supplement,"[""geopackage"", ""xml_schematic""]",0.95,10
LST004,OWC000,D_LST004_OWC000,resolved_infrastructure,4,geopackage_authoritative_with_xml_supplement,"[""geopackage"", ""xml_schematic""]",0.95,5
MNRRH,13_NA,D_MNRRH_13_NA,resolved_infrastructure,4,geopackage_authoritative_with_xml_supplement,"[""geopackage"", ""xml_schematic""]",0.95,7
WWC006,SBP028,C_WWC006,resolved_infrastructure,4,geopackage_authoritative_with_xml_supplement,"[""geopackage"", ""xml_schematic""]",0.95,14
15S_NA1,DHC001,R_15S_NA1_DHC001,resolved_infrastructure,4,geopackage_authoritative_with_xml_supplement,"[""geopackage"", ""xml_schematic""]",0.95,7
WKYTN,WTPBUK,D_WKYTN_WTPBUK,resolved_infrastructure,4,geopackage_authoritative_with_xml_supplement,"[""geopackage"", ""xml_schematic""]",0.95,9
COT033,EBP005,C_COT033,resolved_infrastructure,4,geopackage_authoritative_with_xml_supplement,"[""geopackage"", ""xml_schematic""]",0.95,9
LBC043,MRM001,D_LBC043_MRM001,resolved_infrastructure,4,geopackage_authoritative_with_xml_supplement,"[""geopackage"", ""xml_schematic""]",0.95,8
CMBIE,CBC000,D_CMBIE_CBC000,resolved_infrastructure,4,geopackage_authoritative_with_xml_supplement,"[""geopackage"", ""xml_schematic""]",0.95,11
CBC000,CBC001,C_CBC000,resolved_infrastructure,4,geopackage_authoritative_with_xml_supplement,"[""geopackage"", ""xml_schematic""]",0.95,10
CCK038,CCK036,C_CCK038,resolved_infrastructure,4,geopackage_authoritative_with_xml_supplement,"[""geopackage"", ""xml_schematic""]",0.95,7
CCK007,ABN000,C_CCK007,resolved_infrastructure,4,geopackage_authoritative_with_xml_supplement,"[""geopackage"", ""xml_schematic""]",0.95,13
MNRRH,WTPMNR,D_MNRRH_WTPMNR,resolved_infrastructure,4,geopackage_authoritative_with_xml_supplement,"[""geopackage"", ""xml_schematic""]",0.95,7
WTPMNR,13_NU1,D_WTPMNR_13_NU1,resolved_infrastructure,4,geopackage_authoritative_with_xml_supplement,"[""geopackage"", ""xml_schematic""]",0.95,2
ABN000,CRC002,C_ABN000,resolved_infrastructure,4,geopackage_authoritative_with_xml_supplement,"[""geopackage"", ""xml_schematic""]",0.95,19
SAC148,SAC146,C_SAC148,resolved_infrastructure,4,geopackage_authoritative_with_xml_supplement,"[""geopackage"", ""xml_schematic""]",0.95,11
Colusa,CBD001,CT_COLUSA,resolved_infrastructure,4,geopackage_authoritative_with_xml_supplement,"[""geopackage"", ""xml_schematic""]",0.95,6
CBD005,CBD001,C_CBD005,resolved_infrastructure,4,geopackage_authoritative_with_xml_supplement,"[""geopackage"", ""xml_schematic""]",0.95,9
SAC271,SAC269,C_SAC271,resolved_infrastructure,4,geopackage_authoritative_with_xml_supplement,"[""geopackage"", ""xml_schematic""]",0.95,12
ANT011,ANT010,C_ANT011,resolved_infrastructure,4,geopackage_authoritative_with_xml_supplement,"[""geopackage"", ""xml_schematic""]",0.95,9
Verona,SAC081,CT_VERONA,resolved_infrastructure,4,geopackage_authoritative_with_xml_supplement,"[""geopackage"", ""xml_schematic""]",0.95,6
OROVL,13_NU1,D_OROVL_13_NU1,resolved_infrastructure,4,geopackage_authoritative_with_xml_supplement,"[""geopackage"", ""xml_schematic""]",0.95,7
FTR008,16_SA,D_FTR008_16_SA,resolved_infrastructure,4,geopackage_authoritative_with_xml_supplement,"[""geopackage"", ""xml_schematic""]",0.95,8
BRR061,BRR060,C_BRR061,resolved_infrastructure,4,geopackage_authoritative_with_xml_supplement,"[""geopackage"", ""xml_schematic""]",0.95,10
SBP014,SBP012,C_SBP014,resolved_infrastructure,4,geopackage_authoritative_with_xml_supplement,"[""geopackage"", ""xml_schematic""]",0.95,11
03,SAC277,SR_03_SAC277,resolved_infrastructure,4,geopackage_authoritative_with_xml_supplement,"[""geopackage"", ""xml_schematic""]",0.95,7
SAC229,SAC228,C_SAC229,resolved_infrastructure,4,geopackage_authoritative_with_xml_supplement,"[""geopackage"", ""xml_schematic""]",0.95,10
04_NU1,SAC240,R_04_NU1_SAC240,resolved_infrastructure,4,geopackage_authoritative_with_xml_supplement,"[""geopackage"", ""xml_schematic""]",0.95,8
04_NU2,SAC217,R_04_NU2_SAC217,resolved_infrastructure,4,geopackage_authoritative_with_xml_supplement,"[""geopackage"", ""xml_schematic""]",0.95,7
MNS000,SAC207,C_MNS000,resolved_infrastructure,4,geopackage_authoritative_with_xml_supplement,"[""geopackage"", ""xml_schematic""]",0.95,12
EPARK,SCKWD,D_EPARK_SCKWD,resolved_infrastructure,4,geopackage_authoritative_with_xml_supplement,"[""geopackage"", ""xml_schematic""]",0.95,5
06,SAC185,SR_06_SAC185,resolved_infrastructure,4,geopackage_authoritative_with_xml_supplement,"[""geopackage"", ""xml_schematic""]",0.95,9
07N,SAC185,SR_07N_SAC185,resolved_infrastructure,4,geopackage_authoritative_with_xml_supplement,"[""geopackage"", ""xml_schematic""]",0.95,9
08N,SAC185,SR_08N_SAC185,resolved_infrastructure,4,geopackage_authoritative_with_xml_supplement,"[""geopackage"", ""xml_schematic""]",0.95,9
09,SAC185,SR_09_SAC185,resolved_infrastructure,4,geopackage_authoritative_with_xml_supplement,"[""geopackage"", ""xml_schematic""]",0.95,9
SAC121,SAC120,C_SAC121,resolved_infrastructure,4,geopackage_authoritative_with_xml_supplement,"[""geopackage"", ""xml_schematic""]",0.95,8
CBD000,SAC093,C_CBD000,resolved_infrastructure,4,geopackage_authoritative_with_xml_supplement,"[""geopackage"", ""xml_schematic""]",0.95,9
08S,CBD038,SR_08S_CBD038,resolved_infrastructure,4,geopackage_authoritative_with_xml_supplement,"[""geopackage"", ""xml_schematic""]",0.95,5
07S,CBD028,SR_07S_CBD028,resolved_infrastructure,4,geopackage_authoritative_with_xml_supplement,"[""geopackage"", ""xml_schematic""]",0.95,9
CCH052,20_NA1,D_CCH052_20_NA1,resolved_infrastructure,4,geopackage_authoritative_with_xml_supplement,"[""geopackage"", ""xml_schematic""]",0.95,5
PSC024,SIDSH,D_PSC024_SIDSH,resolved_infrastructure,4,geopackage_authoritative_with_xml_supplement,"[""geopackage"", ""xml_schematic""]",0.95,6
SAC066,SAC065,C_SAC066,resolved_infrastructure,4,geopackage_authoritative_with_xml_supplement,"[""geopackage"", ""xml_schematic""]",0.95,11
SAC075,SAC074,C_SAC075,resolved_infrastructure,4,geopackage_authoritative_with_xml_supplement,"[""geopackage"", ""xml_schematic""]",0.95,10
25,PTH021,SR_25_PTH021,resolved_infrastructure,4,geopackage_authoritative_with_xml_supplement,"[""geopackage"", ""xml_schematic""]",0.95,5
20,PTH021,SR_20_PTH021,resolved_infrastructure,4,geopackage_authoritative_with_xml_supplement,"[""geopackage"", ""xml_schematic""]",0.95,5
20,CCH032,SR_20_CCH032,resolved_infrastructure,4,geopackage_authoritative_with_xml_supplement,"[""geopackage"", ""xml_schematic""]",0.95,4
20,CCH017,SR_20_CCH017,resolved_infrastructure,4,geopackage_authoritative_with_xml_supplement,"[""geopackage"", ""xml_schematic""]",0.95,5
07S,YBP034,SR_07S_YBP034,resolved_infrastructure,4,geopackage_authoritative_with_xml_supplement,"[""geopackage"", ""xml_schematic""]",0.95,5
SAC049,SAC048,C_SAC049,resolved_infrastructure,4,geopackage_authoritative_with_xml_supplement,"[""geopackage"", ""xml_schematic""]",0.95,10
SJR009,SJR006,C_SJR009,resolved_infrastructure,4,geopackage_authoritative_with_xml_supplement,"[""geopackage"", ""xml_schematic""]",0.95,10
OMR014,OMR013,C_OMR014,resolved_infrastructure,4,geopackage_authoritative_with_xml_supplement,"[""geopackage"", ""xml_schematic""]",0.95,7
SAC030,SAC029,C_SAC030,resolved_infrastructure,4,geopackage_authoritative_with_xml_supplement,"[""geopackage"", ""xml_schematic""]",0.95,9
BCK035,BCK033,C_BCK035,resolved_infrastructure,4,geopackage_authoritative_with_xml_supplement,"[""geopackage"", ""xml_schematic""]",0.95,10
DED003,EBP042,C_DED003,resolved_infrastructure,4,geopackage_authoritative_with_xml_supplement,"[""geopackage"", ""xml_schematic""]",0.95,11
LPC007,LPC000,C_LPC007,resolved_infrastructure,4,geopackage_authoritative_with_xml_supplement,"[""geopackage"", ""xml_schematic""]",0.95,6
QNT005,XCC053,C_QNT005,resolved_infrastructure,4,geopackage_authoritative_with_xml_supplement,"[""geopackage"", ""xml_schematic""]",0.95,6
SLO007,SLO000,C_SLO007,resolved_infrastructure,4,geopackage_authoritative_with_xml_supplement,"[""geopackage"", ""xml_schematic""]",0.95,6
ING008,SJR075,C_ING008,resolved_infrastructure,4,geopackage_authoritative_with_xml_supplement,"[""geopackage"", ""xml_schematic""]",0.95,14
05,SAC217,SR_05_SAC217,resolved_infrastructure,4,geopackage_authoritative_with_xml_supplement,"[""geopackage"", ""xml_schematic""]",0.95,6
08S_NA1,CBD031,R_08S_NA1_CBD031,resolved_infrastructure,4,geopackage_authoritative_with_xml_supplement,"[""geopackage"", ""xml_schematic""]",0.95,10
SAC000,CHIPPS,C_SAC000_MIN,resolved_infrastructure,4,geopackage_authoritative_with_xml_supplement,"[""geopackage"", ""xml_schematic""]",0.95,10
SAC077,SAC076,C_SAC077,resolved_infrastructure,4,geopackage_authoritative_with_xml_supplement,"[""geopackage"", ""xml_schematic""]",0.95,4
SAC000,CHIPPS,C_SAC000_ADD,resolved_infrastructure,4,geopackage_authoritative_with_xml_supplement,"[""geopackage"", ""xml_schematic""]",0.95,10
PSC013,WTPDEF,D_PSC013_WTPDEF,resolved_infrastructure,4,geopackage_authoritative_with_xml_supplement,"[""geopackage"", ""xml_schematic""]",0.95,5
PSC013,PSC015,C_PSC013,resolved_infrastructure,4,geopackage_authoritative_with_xml_supplement,"[""geopackage"", ""xml_schematic""]",0.95,8
WTPDEF,25_PU,D_WTPDEF_25_PU,resolved_infrastructure,4,geopackage_authoritative_with_xml_supplement,"[""geopackage"", ""xml_schematic""]",0.95,2
15S_NU,LCWWTP,R_15S_NU_LCWWTP,resolved_infrastructure,4,geopackage_authoritative_with_xml_supplement,"[""geopackage"", ""xml_schematic""]",0.95,5
15N_NU,LCWWTP,R_15N_NU_LCWWTP,resolved_infrastructure,4,geopackage_authoritative_with_xml_supplement,"[""geopackage"", ""xml_schematic""]",0.95,5
LCWWTP,FTR025,R_LCWWTP_FTR025,resolved_infrastructure,4,geopackage_authoritative_with_xml_supplement,"[""geopackage"", ""xml_schematic""]",0.95,9
CLRLK,CLLPT,D_CLRLK_CLLPT,resolved_infrastructure,4,geopackage_authoritative_with_xml_supplement,"[""geopackage"", ""xml_schematic""]",0.95,6
THRMF,12_NU1,D_THRMF_12_NU1,resolved_infrastructure,4,geopackage_authoritative_with_xml_supplement,"[""geopackage"", ""xml_schematic""]",0.95,6
WLF013,NIDB1,D_WLF013_NIDB1,resolved_infrastructure,4,geopackage_authoritative_with_xml_supplement,"[""geopackage"", ""xml_schematic""]",0.95,4
GCC065,08S_PA,D_GCC065_08S_PA,resolved_infrastructure,4,geopackage_authoritative_with_xml_supplement,"[""geopackage"", ""xml_schematic""]",0.95,5
DER011,NIDD2,D_DER011_NIDD2,resolved_infrastructure,4,geopackage_authoritative_with_xml_supplement,"[""geopackage"", ""xml_schematic""]",0.95,4
DER022,DES006,D_DER022_DES006,resolved_infrastructure,4,geopackage_authoritative_with_xml_supplement,"[""geopackage"", ""xml_schematic""]",0.95,9
SFD003,CSD014,D_SFD003_CSD014,resolved_infrastructure,4,geopackage_authoritative_with_xml_supplement,"[""geopackage"", ""xml_schematic""]",0.95,10
THRMA,RVC000,D_THRMA_RVC000,resolved_infrastructure,4,geopackage_authoritative_with_xml_supplement,"[""geopackage"", ""xml_schematic""]",0.95,9
WBF030,HKC002,D_WBF030_HKC002,resolved_infrastructure,4,geopackage_authoritative_with_xml_supplement,"[""geopackage"", ""xml_schematic""]",0.95,8
TTC000,TTC002,C_TTC000,resolved_infrastructure,4,geopackage_authoritative_with_xml_supplement,"[""geopackage"", ""xml_schematic""]",0.95,6
MCD050,MCD048,C_MCD050,resolved_infrastructure,4,geopackage_authoritative_with_xml_supplement,"[""geopackage"", ""xml_schematic""]",0.95,12
MCLRE,MCD056,C_MCLRE,resolved_infrastructure,4,geopackage_authoritative_with_xml_supplement,"[""geopackage"", ""xml_schematic""]",0.95,7
02_PU,CCWWTP,R_02_PU_CCWWTP,resolved_infrastructure,4,geopackage_authoritative_with_xml_supplement,"[""geopackage"", ""xml_schematic""]",0.95,5
02_SU,CCWWTP,R_02_SU_CCWWTP,resolved_infrastructure,4,geopackage_authoritative_with_xml_supplement,"[""geopackage"", ""xml_schematic""]",0.95,5
WKYTN,SPT003,D_WKYTN_SPT003,resolved_infrastructure,4,geopackage_authoritative_with_xml_supplement,"[""geopackage"", ""xml_schematic""]",0.95,11
02_PA,SAC273,R_02_PA_SAC273,resolved_infrastructure,4,geopackage_authoritative_with_xml_supplement,"[""geopackage"", ""xml_schematic""]",0.95,7
03_PU1,KSWCK,R_03_PU1_KSWCK,resolved_infrastructure,4,geopackage_authoritative_with_xml_supplement,"[""geopackage"", ""xml_schematic""]",0.95,7
SAC296,WTPFTH,D_SAC296_WTPFTH,resolved_infrastructure,4,geopackage_authoritative_with_xml_supplement,"[""geopackage"", ""xml_schematic""]",0.95,7
WTPBLV,03_PU2,D_WTPBLV_03_PU2,resolved_infrastructure,4,geopackage_authoritative_with_xml_supplement,"[""geopackage"", ""xml_schematic""]",0.95,2
03_SU,SWWWTP,R_03_SU_SWWWTP,resolved_infrastructure,4,geopackage_authoritative_with_xml_supplement,"[""geopackage"", ""xml_schematic""]",0.95,5
03_PU2,SWWWTP,R_03_PU2_SWWWTP,resolved_infrastructure,4,geopackage_authoritative_with_xml_supplement,"[""geopackage"", ""xml_schematic""]",0.95,5
SWWWTP,SAC281,R_SWWWTP_SAC281,resolved_infrastructure,4,geopackage_authoritative_with_xml_supplement,"[""geopackage"", ""xml_schematic""]",0.95,12
03_PA,SAC287,R_03_PA_SAC287,resolved_infrastructure,4,geopackage_authoritative_with_xml_supplement,"[""geopackage"", ""xml_schematic""]",0.95,8
SAC294,03_PA,D_SAC294_03_PA,resolved_infrastructure,4,geopackage_authoritative_with_xml_supplement,"[""geopackage"", ""xml_schematic""]",0.95,7
SAC289,03_SA,D_SAC289_03_SA,resolved_infrastructure,4,geopackage_authoritative_with_xml_supplement,"[""geopackage"", ""xml_schematic""]",0.95,6
COW014,03_NA,D_COW014_03_NA,resolved_infrastructure,4,geopackage_authoritative_with_xml_supplement,"[""geopackage"", ""xml_schematic""]",0.95,6
03_PU3,SWWWTP,R_03_PU3_SWWWTP,resolved_infrastructure,4,geopackage_authoritative_with_xml_supplement,"[""geopackage"", ""xml_schematic""]",0.95,3
BCN010,BCN005,C_BCN010,resolved_infrastructure,4,geopackage_authoritative_with_xml_supplement,"[""geopackage"", ""xml_schematic""]",0.95,7
BTL006,03_NA,D_BTL006_03_NA,resolved_infrastructure,4,geopackage_authoritative_with_xml_supplement,"[""geopackage"", ""xml_schematic""]",0.95,7
03_NA,SAC269,R_03_NA_SAC269,resolved_infrastructure,4,geopackage_authoritative_with_xml_supplement,"[""geopackage"", ""xml_schematic""]",0.95,8
03_SA,SAC281,R_03_SA_SAC281,resolved_infrastructure,4,geopackage_authoritative_with_xml_supplement,"[""geopackage"", ""xml_schematic""]",0.95,9
SAC296,02_SA,D_SAC296_02_SA,resolved_infrastructure,4,geopackage_authoritative_with_xml_supplement,"[""geopackage"", ""xml_schematic""]",0.95,7
BCN005,SAC275,C_BCN005,resolved_infrastructure,4,geopackage_authoritative_with_xml_supplement,"[""geopackage"", ""xml_schematic""]",0.95,9
CWD009,02_NA,D_CWD009_02_NA,resolved_infrastructure,4,geopackage_authoritative_with_xml_supplement,"[""geopackage"", ""xml_schematic""]",0.95,7
02_NA,CWD004,R_02_NA_CWD004,resolved_infrastructure,4,geopackage_authoritative_with_xml_supplement,"[""geopackage"", ""xml_schematic""]",0.95,7
02_SA,SAC273,R_02_SA_SAC273,resolved_infrastructure,4,geopackage_authoritative_with_xml_supplement,"[""geopackage"", ""xml_schematic""]",0.95,7
ANT010,05_NA,D_ANT010_05_NA,resolved_infrastructure,4,geopackage_authoritative_with_xml_supplement,"[""geopackage"", ""xml_schematic""]",0.95,7
DRC010,05_NA,D_DRC010_05_NA,resolved_infrastructure,4,geopackage_authoritative_with_xml_supplement,"[""geopackage"", ""xml_schematic""]",0.95,6
MLC006,05_NA,D_MLC006_05_NA,resolved_infrastructure,4,geopackage_authoritative_with_xml_supplement,"[""geopackage"", ""xml_schematic""]",0.95,6
TCC001,CCL005,D_TCC001_CCL005,resolved_infrastructure,4,geopackage_authoritative_with_xml_supplement,"[""geopackage"", ""xml_schematic""]",0.95,7
SAC224,04_NA,D_SAC224_04_NA,resolved_infrastructure,4,geopackage_authoritative_with_xml_supplement,"[""geopackage"", ""xml_schematic""]",0.95,8
ELD012,04_NA,D_ELD012_04_NA,resolved_infrastructure,4,geopackage_authoritative_with_xml_supplement,"[""geopackage"", ""xml_schematic""]",0.95,6
THM012,04_NA,D_THM012_04_NA,resolved_infrastructure,4,geopackage_authoritative_with_xml_supplement,"[""geopackage"", ""xml_schematic""]",0.95,6
CCL005,04_PA1,D_CCL005_04_PA1,resolved_infrastructure,4,geopackage_authoritative_with_xml_supplement,"[""geopackage"", ""xml_schematic""]",0.95,4
04_PA1,THM005,R_04_PA1_THM005,resolved_infrastructure,4,geopackage_authoritative_with_xml_supplement,"[""geopackage"", ""xml_schematic""]",0.95,7
04_PA2,SAC207,R_04_PA2_SAC207,resolved_infrastructure,4,geopackage_authoritative_with_xml_supplement,"[""geopackage"", ""xml_schematic""]",0.95,10
04_NA,SAC207,R_04_NA_SAC207,resolved_infrastructure,4,geopackage_authoritative_with_xml_supplement,"[""geopackage"", ""xml_schematic""]",0.95,10
05_NA,SAC201,R_05_NA_SAC201,resolved_infrastructure,4,geopackage_authoritative_with_xml_supplement,"[""geopackage"", ""xml_schematic""]",0.95,6
STN026,06_PA,D_STN026_06_PA,resolved_infrastructure,4,geopackage_authoritative_with_xml_supplement,"[""geopackage"", ""xml_schematic""]",0.95,6
STN021,06_PA,D_STN021_06_PA,resolved_infrastructure,4,geopackage_authoritative_with_xml_supplement,"[""geopackage"", ""xml_schematic""]",0.95,6
TCC036,07N_PA,D_TCC036_07N_PA,resolved_infrastructure,4,geopackage_authoritative_with_xml_supplement,"[""geopackage"", ""xml_schematic""]",0.95,5
07N_NA,CBD044,R_07N_NA_CBD044,resolved_infrastructure,4,geopackage_authoritative_with_xml_supplement,"[""geopackage"", ""xml_schematic""]",0.95,11
07N_PA,CBD044,R_07N_PA_CBD044,resolved_infrastructure,4,geopackage_authoritative_with_xml_supplement,"[""geopackage"", ""xml_schematic""]",0.95,11
BTC045,ESL008,D_BTC045_ESL008,resolved_infrastructure,4,geopackage_authoritative_with_xml_supplement,"[""geopackage"", ""xml_schematic""]",0.95,8
MTC000,09_SA1,D_MTC000_09_SA1,resolved_infrastructure,4,geopackage_authoritative_with_xml_supplement,"[""geopackage"", ""xml_schematic""]",0.95,6
MTC000,09_NA,D_MTC000_09_NA,resolved_infrastructure,4,geopackage_authoritative_with_xml_supplement,"[""geopackage"", ""xml_schematic""]",0.95,6
09_SA2,BTC007,R_09_SA2_BTC007,resolved_infrastructure,4,geopackage_authoritative_with_xml_supplement,"[""geopackage"", ""xml_schematic""]",0.95,6
09_PR,LCC016,R_09_PR_LCC016,resolved_infrastructure,4,geopackage_authoritative_with_xml_supplement,"[""geopackage"", ""xml_schematic""]",0.95,6
09_NA,LCC016,R_09_NA_LCC016,resolved_infrastructure,4,geopackage_authoritative_with_xml_supplement,"[""geopackage"", ""xml_schematic""]",0.95,6
ESL008,LCC024,C_ESL008,resolved_infrastructure,4,geopackage_authoritative_with_xml_supplement,"[""geopackage"", ""xml_schematic""]",0.95,9
16_NA1,DWRPS2,R_16_NA1_DWRPS2,resolved_infrastructure,4,geopackage_authoritative_with_xml_supplement,"[""geopackage"", ""xml_schematic""]",0.95,9
THRMA,TAB000,C_THRMA,resolved_infrastructure,4,geopackage_authoritative_with_xml_supplement,"[""geopackage"", ""xml_schematic""]",0.95,9
TAB000,FTR059,C_TAB000,resolved_infrastructure,4,geopackage_authoritative_with_xml_supplement,"[""geopackage"", ""xml_schematic""]",0.95,10
SAC188,BTC003,SP_SAC188_BTC003,resolved_infrastructure,4,geopackage_authoritative_with_xml_supplement,"[""geopackage"", ""xml_schematic""]",0.95,17
SAC159,BTC003,SP_SAC159_BTC003,resolved_infrastructure,4,geopackage_authoritative_with_xml_supplement,"[""geopackage"", ""xml_schematic""]",0.95,18
SAC148,BTC003,SP_SAC148_BTC003,resolved_infrastructure,4,geopackage_authoritative_with_xml_supplement,"[""geopackage"", ""xml_schematic""]",0.95,18
SAC162,09_SA2,D_SAC162_09_SA2,resolved_infrastructure,4,geopackage_authoritative_with_xml_supplement,"[""geopackage"", ""xml_schematic""]",0.95,6
BTC043,10_NA,D_BTC043_10_NA,resolved_infrastructure,4,geopackage_authoritative_with_xml_supplement,"[""geopackage"", ""xml_schematic""]",0.95,7
10_NA,BTC032,R_10_NA_BTC032,resolved_infrastructure,4,geopackage_authoritative_with_xml_supplement,"[""geopackage"", ""xml_schematic""]",0.95,7
FTR074,OROVL,C_FTR074,resolved_infrastructure,4,geopackage_authoritative_with_xml_supplement,"[""geopackage"", ""xml_schematic""]",0.95,11
13_NU1,ORWWTP,R_13_NU1_ORWWTP,resolved_infrastructure,4,geopackage_authoritative_with_xml_supplement,"[""geopackage"", ""xml_schematic""]",0.95,6
07N_NU,CBD049,R_07N_NU_CBD049,resolved_infrastructure,4,geopackage_authoritative_with_xml_supplement,"[""geopackage"", ""xml_schematic""]",0.95,13
ORWWTP,FTR063,R_ORWWTP_FTR063,resolved_infrastructure,4,geopackage_authoritative_with_xml_supplement,"[""geopackage"", ""xml_schematic""]",0.95,10
RFS13,HON004,R_RFS13_HON004,resolved_infrastructure,4,geopackage_authoritative_with_xml_supplement,"[""geopackage"", ""xml_schematic""]",0.95,13
12_NU1,ORWWTP,R_12_NU1_ORWWTP,resolved_infrastructure,4,geopackage_authoritative_with_xml_supplement,"[""geopackage"", ""xml_schematic""]",0.95,6
THRMF,11_NU1,D_THRMF_11_NU1,resolved_infrastructure,4,geopackage_authoritative_with_xml_supplement,"[""geopackage"", ""xml_schematic""]",0.95,6
FTR068,THRMF,D_FTR068_THRMF,resolved_infrastructure,4,geopackage_authoritative_with_xml_supplement,"[""geopackage"", ""xml_schematic""]",0.95,10
11_NU1,ORWWTP,R_11_NU1_ORWWTP,resolved_infrastructure,4,geopackage_authoritative_with_xml_supplement,"[""geopackage"", ""xml_schematic""]",0.95,6
BGD000,17N_PR,D_BGD000_17N_PR,resolved_infrastructure,4,geopackage_authoritative_with_xml_supplement,"[""geopackage"", ""xml_schematic""]",0.95,5
17N_PR,CRK005,R_17N_PR_CRK005,resolved_infrastructure,4,geopackage_authoritative_with_xml_supplement,"[""geopackage"", ""xml_schematic""]",0.95,9
11,BTC017,SR_11_BTC017,resolved_infrastructure,4,geopackage_authoritative_with_xml_supplement,"[""geopackage"", ""xml_schematic""]",0.95,7
CRK005,BTC003,C_CRK005,resolved_infrastructure,4,geopackage_authoritative_with_xml_supplement,"[""geopackage"", ""xml_schematic""]",0.95,20
BTC012,CRK005,D_BTC012_CRK005,resolved_infrastructure,4,geopackage_authoritative_with_xml_supplement,"[""geopackage"", ""xml_schematic""]",0.95,14
CRK005,17N_NR,D_CRK005_17N_NR,resolved_infrastructure,4,geopackage_authoritative_with_xml_supplement,"[""geopackage"", ""xml_schematic""]",0.95,9
11_SA1,CRK005,R_11_SA1_CRK005,resolved_infrastructure,4,geopackage_authoritative_with_xml_supplement,"[""geopackage"", ""xml_schematic""]",0.95,9
BTC036,10_NA,D_BTC036_10_NA,resolved_infrastructure,4,geopackage_authoritative_with_xml_supplement,"[""geopackage"", ""xml_schematic""]",0.95,6
WTPJJO,50_PU,D_WTPJJO_50_PU,resolved_infrastructure,4,geopackage_authoritative_with_xml_supplement,"[""geopackage"", ""xml_schematic""]",0.95,2
DMC034,71_PA2,D_DMC034_71_PA2,resolved_infrastructure,4,geopackage_authoritative_with_xml_supplement,"[""geopackage"", ""xml_schematic""]",0.95,8
DMC030,71_PA1,D_DMC030_71_PA1,resolved_infrastructure,4,geopackage_authoritative_with_xml_supplement,"[""geopackage"", ""xml_schematic""]",0.95,6
SJR082,71_PA2,D_SJR082_71_PA2,resolved_infrastructure,4,geopackage_authoritative_with_xml_supplement,"[""geopackage"", ""xml_schematic""]",0.95,7
CHW017,64_PA2,D_CHW017_64_PA2,resolved_infrastructure,4,geopackage_authoritative_with_xml_supplement,"[""geopackage"", ""xml_schematic""]",0.95,6
MPS038,DED003,C_MPS038,resolved_infrastructure,4,geopackage_authoritative_with_xml_supplement,"[""geopackage"", ""xml_schematic""]",0.95,9
OWN040,OWN011,C_OWN040,resolved_infrastructure,4,geopackage_authoritative_with_xml_supplement,"[""geopackage"", ""xml_schematic""]",0.95,7
EBP042,EBP043,C_EBP042,resolved_infrastructure,4,geopackage_authoritative_with_xml_supplement,"[""geopackage"", ""xml_schematic""]",0.95,9
MCD042,63_NA2,D_MCD042_63_NA2,resolved_infrastructure,4,geopackage_authoritative_with_xml_supplement,"[""geopackage"", ""xml_schematic""]",0.95,6
MCD036,MCD033,C_MCD036,resolved_infrastructure,4,geopackage_authoritative_with_xml_supplement,"[""geopackage"", ""xml_schematic""]",0.95,7
LOSVQ,OMR018,C_LOSVQ,resolved_infrastructure,4,geopackage_authoritative_with_xml_supplement,"[""geopackage"", ""xml_schematic""]",0.95,10
PSC033,VJB000,D_PSC033_VJB000,resolved_infrastructure,4,geopackage_authoritative_with_xml_supplement,"[""geopackage"", ""xml_schematic""]",0.95,8
71_PA8,RFS71A,R_71_PA8_RFS71A,resolved_infrastructure,4,geopackage_authoritative_with_xml_supplement,"[""geopackage"", ""xml_schematic""]",0.95,5
CAA012,71_PU1,D_CAA012_71_PU1,resolved_infrastructure,4,geopackage_authoritative_with_xml_supplement,"[""geopackage"", ""xml_schematic""]",0.95,5
DMC016,WTPJJO,D_DMC016_WTPJJO,resolved_infrastructure,4,geopackage_authoritative_with_xml_supplement,"[""geopackage"", ""xml_schematic""]",0.95,6
71_PA2,SJR075,R_71_PA2_SJR075,resolved_infrastructure,4,geopackage_authoritative_with_xml_supplement,"[""geopackage"", ""xml_schematic""]",0.95,12
RFS13,12_NA,D_RFS13_12_NA,resolved_infrastructure,4,geopackage_authoritative_with_xml_supplement,"[""geopackage"", ""xml_schematic""]",0.95,6
FTR059,12_SA,D_FTR059_12_SA,resolved_infrastructure,4,geopackage_authoritative_with_xml_supplement,"[""geopackage"", ""xml_schematic""]",0.95,8
12_NA,HON004,R_12_NA_HON004,resolved_infrastructure,4,geopackage_authoritative_with_xml_supplement,"[""geopackage"", ""xml_schematic""]",0.95,9
ORT001,SJR106,C_ORT001,resolved_infrastructure,4,geopackage_authoritative_with_xml_supplement,"[""geopackage"", ""xml_schematic""]",0.95,17
LBN012,LBN008,C_LBN012,resolved_infrastructure,4,geopackage_authoritative_with_xml_supplement,"[""geopackage"", ""xml_schematic""]",0.95,10
SAC159,08N_SA1,D_SAC159_08N_SA1,resolved_infrastructure,4,geopackage_authoritative_with_xml_supplement,"[""geopackage"", ""xml_schematic""]",0.95,7
71,SJR075,SR_71_SJR075,resolved_infrastructure,4,geopackage_authoritative_with_xml_supplement,"[""geopackage"", ""xml_schematic""]",0.95,11
61,SJR075,SR_61_SJR075,resolved_infrastructure,4,geopackage_authoritative_with_xml_supplement,"[""geopackage"", ""xml_schematic""]",0.95,11
ESTMN,CHW037,C_ESTMN,resolved_infrastructure,4,geopackage_authoritative_with_xml_supplement,"[""geopackage"", ""xml_schematic""]",0.95,7
SAC240,05_NA,D_SAC240_05_NA,resolved_infrastructure,4,geopackage_authoritative_with_xml_supplement,"[""geopackage"", ""xml_schematic""]",0.95,8
FOLSM,26S_NU4,D_FOLSM_26S_NU4,resolved_infrastructure,4,geopackage_authoritative_with_xml_supplement,"[""geopackage"", ""xml_schematic""]",0.95,11
RFS64,64_NA2,D_RFS64_64_NA2,resolved_infrastructure,4,geopackage_authoritative_with_xml_supplement,"[""geopackage"", ""xml_schematic""]",0.95,5
RFS64,EBP022,R_RFS64_EBP022,resolved_infrastructure,4,geopackage_authoritative_with_xml_supplement,"[""geopackage"", ""xml_schematic""]",0.95,9
DCM019,MCD032,C_DCM019,resolved_infrastructure,4,geopackage_authoritative_with_xml_supplement,"[""geopackage"", ""xml_schematic""]",0.95,7
MOK050,60N_NA5,D_MOK050_60N_NA5,resolved_infrastructure,4,geopackage_authoritative_with_xml_supplement,"[""geopackage"", ""xml_schematic""]",0.95,7
TRNSF,LVP007,C_TRNSF,resolved_infrastructure,4,geopackage_authoritative_with_xml_supplement,"[""geopackage"", ""xml_schematic""]",0.95,8
60S,SJR043,SR_60S_SJR043,resolved_infrastructure,4,geopackage_authoritative_with_xml_supplement,"[""geopackage"", ""xml_schematic""]",0.95,8
RFS11,BGD000,R_RFS11_BGD000,resolved_infrastructure,4,geopackage_authoritative_with_xml_supplement,"[""geopackage"", ""xml_schematic""]",0.95,8
THRMA,WEC000,D_THRMA_WEC000,resolved_infrastructure,4,geopackage_authoritative_with_xml_supplement,"[""geopackage"", ""xml_schematic""]",0.95,9
THRMA,JBC000,D_THRMA_JBC000,resolved_infrastructure,4,geopackage_authoritative_with_xml_supplement,"[""geopackage"", ""xml_schematic""]",0.95,9
BGD000,CRK005,C_BGD000,resolved_infrastructure,4,geopackage_authoritative_with_xml_supplement,"[""geopackage"", ""xml_schematic""]",0.95,12
SEC009,17S_PR,D_SEC009_17S_PR,resolved_infrastructure,4,geopackage_authoritative_with_xml_supplement,"[""geopackage"", ""xml_schematic""]",0.95,6
21,YBP032,SR_21_YBP032,resolved_infrastructure,4,geopackage_authoritative_with_xml_supplement,"[""geopackage"", ""xml_schematic""]",0.95,7
CBD028,08S_PA,D_CBD028_08S_PA,resolved_infrastructure,4,geopackage_authoritative_with_xml_supplement,"[""geopackage"", ""xml_schematic""]",0.95,10
08S_PA,CBD012,R_08S_PA_CBD012,resolved_infrastructure,4,geopackage_authoritative_with_xml_supplement,"[""geopackage"", ""xml_schematic""]",0.95,6
RFS8S,SAC097,R_RFS8S_SAC097,resolved_infrastructure,4,geopackage_authoritative_with_xml_supplement,"[""geopackage"", ""xml_schematic""]",0.95,11
RFS8S,SAC093,R_RFS8S_SAC093,resolved_infrastructure,4,geopackage_authoritative_with_xml_supplement,"[""geopackage"", ""xml_schematic""]",0.95,11
SAC121,08S_SA3,D_SAC121_08S_SA3,resolved_infrastructure,4,geopackage_authoritative_with_xml_supplement,"[""geopackage"", ""xml_schematic""]",0.95,5
SAC136,18_SA,D_SAC136_18_SA,resolved_infrastructure,4,geopackage_authoritative_with_xml_supplement,"[""geopackage"", ""xml_schematic""]",0.95,6
SBP028,17S_PR,D_SBP028_17S_PR,resolved_infrastructure,4,geopackage_authoritative_with_xml_supplement,"[""geopackage"", ""xml_schematic""]",0.95,7
SBP031,18_NA,D_SBP031_18_NA,resolved_infrastructure,4,geopackage_authoritative_with_xml_supplement,"[""geopackage"", ""xml_schematic""]",0.95,6
BSL001,18_NA,D_BSL001_18_NA,resolved_infrastructure,4,geopackage_authoritative_with_xml_supplement,"[""geopackage"", ""xml_schematic""]",0.95,12
SAC122,SBP021,SP_SAC122_SBP021,resolved_infrastructure,4,geopackage_authoritative_with_xml_supplement,"[""geopackage"", ""xml_schematic""]",0.95,17
18_SA,RFS18,R_18_SA_RFS18,resolved_infrastructure,4,geopackage_authoritative_with_xml_supplement,"[""geopackage"", ""xml_schematic""]",0.95,7
RFS18,SAC122,R_RFS18_SAC122,resolved_infrastructure,4,geopackage_authoritative_with_xml_supplement,"[""geopackage"", ""xml_schematic""]",0.95,14
SAC109,SAC106,C_SAC109,resolved_infrastructure,4,geopackage_authoritative_with_xml_supplement,"[""geopackage"", ""xml_schematic""]",0.95,9
RFS18,SBP021,R_RFS18_SBP021,resolved_infrastructure,4,geopackage_authoritative_with_xml_supplement,"[""geopackage"", ""xml_schematic""]",0.95,15
17S_PR,SBP021,R_17S_PR_SBP021,resolved_infrastructure,4,geopackage_authoritative_with_xml_supplement,"[""geopackage"", ""xml_schematic""]",0.95,10
SAC115,19_SA,D_SAC115_19_SA,resolved_infrastructure,4,geopackage_authoritative_with_xml_supplement,"[""geopackage"", ""xml_schematic""]",0.95,6
SAC099,19_SA,D_SAC099_19_SA,resolved_infrastructure,4,geopackage_authoritative_with_xml_supplement,"[""geopackage"", ""xml_schematic""]",0.95,5
17S_NA,SSL001,R_17S_NA_SSL001,resolved_infrastructure,4,geopackage_authoritative_with_xml_supplement,"[""geopackage"", ""xml_schematic""]",0.95,8
SBP014,17S_NA,D_SBP014_17S_NA,resolved_infrastructure,4,geopackage_authoritative_with_xml_supplement,"[""geopackage"", ""xml_schematic""]",0.95,6
19_SA,RD1500,R_19_SA_RD1500,resolved_infrastructure,4,geopackage_authoritative_with_xml_supplement,"[""geopackage"", ""xml_schematic""]",0.95,5
FDC006,14_NA,D_FDC006_14_NA,resolved_infrastructure,4,geopackage_authoritative_with_xml_supplement,"[""geopackage"", ""xml_schematic""]",0.95,5
YUB013,14_NA,D_YUB013_14_NA,resolved_infrastructure,4,geopackage_authoritative_with_xml_supplement,"[""geopackage"", ""xml_schematic""]",0.95,5
14_NA,RFS14,R_14_NA_RFS14,resolved_infrastructure,4,geopackage_authoritative_with_xml_supplement,"[""geopackage"", ""xml_schematic""]",0.95,5
RFS14,JCK002,R_RFS14_JCK002,resolved_infrastructure,4,geopackage_authoritative_with_xml_supplement,"[""geopackage"", ""xml_schematic""]",0.95,10
RFS14,YUB014,R_RFS14_YUB014,resolved_infrastructure,4,geopackage_authoritative_with_xml_supplement,"[""geopackage"", ""xml_schematic""]",0.95,9
YUB011,15N_NA2,D_YUB011_15N_NA2,resolved_infrastructure,4,geopackage_authoritative_with_xml_supplement,"[""geopackage"", ""xml_schematic""]",0.95,7
YUB003,15N_NU,D_YUB003_15N_NU,resolved_infrastructure,4,geopackage_authoritative_with_xml_supplement,"[""geopackage"", ""xml_schematic""]",0.95,5
15N_NA2,JCK002,R_15N_NA2_JCK002,resolved_infrastructure,4,geopackage_authoritative_with_xml_supplement,"[""geopackage"", ""xml_schematic""]",0.95,7
15N_NA1,FTR031,R_15N_NA1_FTR031,resolved_infrastructure,4,geopackage_authoritative_with_xml_supplement,"[""geopackage"", ""xml_schematic""]",0.95,7
FTR031,WTPCYC,D_FTR031_WTPCYC,resolved_infrastructure,4,geopackage_authoritative_with_xml_supplement,"[""geopackage"", ""xml_schematic""]",0.95,7
WTPCYC,16_PU,D_WTPCYC_16_PU,resolved_infrastructure,4,geopackage_authoritative_with_xml_supplement,"[""geopackage"", ""xml_schematic""]",0.95,2
16_PU,YCWWTP,R_16_PU_YCWWTP,resolved_infrastructure,4,geopackage_authoritative_with_xml_supplement,"[""geopackage"", ""xml_schematic""]",0.95,4
YCWWTP,FTR028,R_YCWWTP_FTR028,resolved_infrastructure,4,geopackage_authoritative_with_xml_supplement,"[""geopackage"", ""xml_schematic""]",0.95,9
15N,JCK002,SR_15N_JCK002,resolved_infrastructure,4,geopackage_authoritative_with_xml_supplement,"[""geopackage"", ""xml_schematic""]",0.95,6
14,JCK002,SR_14_JCK002,resolved_infrastructure,4,geopackage_authoritative_with_xml_supplement,"[""geopackage"", ""xml_schematic""]",0.95,6
11_NA,DWRPS2,R_11_NA_DWRPS2,resolved_infrastructure,4,geopackage_authoritative_with_xml_supplement,"[""geopackage"", ""xml_schematic""]",0.95,9
DWRPS2,SBP021,R_DWRPS2_SBP021,resolved_infrastructure,4,geopackage_authoritative_with_xml_supplement,"[""geopackage"", ""xml_schematic""]",0.95,17
DWRPS2,11_NA,D_DWRPS2_11_NA,resolved_infrastructure,4,geopackage_authoritative_with_xml_supplement,"[""geopackage"", ""xml_schematic""]",0.95,9
YBP034,YBP032,C_YBP034,resolved_infrastructure,4,geopackage_authoritative_with_xml_supplement,"[""geopackage"", ""xml_schematic""]",0.95,13
FTR018,16_SA,D_FTR018_16_SA,resolved_infrastructure,4,geopackage_authoritative_with_xml_supplement,"[""geopackage"", ""xml_schematic""]",0.95,6
FTR014,16_SA,D_FTR014_16_SA,resolved_infrastructure,4,geopackage_authoritative_with_xml_supplement,"[""geopackage"", ""xml_schematic""]",0.95,6
DWRPS1,16_NA2,D_DWRPS1_16_NA2,resolved_infrastructure,4,geopackage_authoritative_with_xml_supplement,"[""geopackage"", ""xml_schematic""]",0.95,9
DWRPS1,SBP012,R_DWRPS1_SBP012,resolved_infrastructure,4,geopackage_authoritative_with_xml_supplement,"[""geopackage"", ""xml_schematic""]",0.95,14
16_NA2,DWRPS1,R_16_NA2_DWRPS1,resolved_infrastructure,4,geopackage_authoritative_with_xml_supplement,"[""geopackage"", ""xml_schematic""]",0.95,9
16_PA,DWRPS2,R_16_PA_DWRPS2,resolved_infrastructure,4,geopackage_authoritative_with_xml_supplement,"[""geopackage"", ""xml_schematic""]",0.95,9
FTR021,16_PA,D_FTR021_16_PA,resolved_infrastructure,4,geopackage_authoritative_with_xml_supplement,"[""geopackage"", ""xml_schematic""]",0.95,7
FTR028,15S_SA,D_FTR028_15S_SA,resolved_infrastructure,4,geopackage_authoritative_with_xml_supplement,"[""geopackage"", ""xml_schematic""]",0.95,7
YUB011,15S_NA2,D_YUB011_15S_NA2,resolved_infrastructure,4,geopackage_authoritative_with_xml_supplement,"[""geopackage"", ""xml_schematic""]",0.95,7
15S_NU,DHC001,R_15S_NU_DHC001,resolved_infrastructure,4,geopackage_authoritative_with_xml_supplement,"[""geopackage"", ""xml_schematic""]",0.95,5
15S_NA2,DHC001,R_15S_NA2_DHC001,resolved_infrastructure,4,geopackage_authoritative_with_xml_supplement,"[""geopackage"", ""xml_schematic""]",0.95,7
15S_SA,FTR014,R_15S_SA_FTR014,resolved_infrastructure,4,geopackage_authoritative_with_xml_supplement,"[""geopackage"", ""xml_schematic""]",0.95,6
23_NA,RFS23,R_23_NA_RFS23,resolved_infrastructure,4,geopackage_authoritative_with_xml_supplement,"[""geopackage"", ""xml_schematic""]",0.95,5
BRR017,23_NA,D_BRR017_23_NA,resolved_infrastructure,4,geopackage_authoritative_with_xml_supplement,"[""geopackage"", ""xml_schematic""]",0.95,6
FSC003,FSC007,C_FSC003,resolved_infrastructure,4,geopackage_authoritative_with_xml_supplement,"[""geopackage"", ""xml_schematic""]",0.95,6
SAC136,SAC134,C_SAC136,resolved_infrastructure,4,geopackage_authoritative_with_xml_supplement,"[""geopackage"", ""xml_schematic""]",0.95,9
SAC196,SAC195,C_SAC196,resolved_infrastructure,4,geopackage_authoritative_with_xml_supplement,"[""geopackage"", ""xml_schematic""]",0.95,13
RFS23,CCK007,R_RFS23_CCK007,resolved_infrastructure,4,geopackage_authoritative_with_xml_supplement,"[""geopackage"", ""xml_schematic""]",0.95,10
RFS23,BRR004,R_RFS23_BRR004,resolved_infrastructure,4,geopackage_authoritative_with_xml_supplement,"[""geopackage"", ""xml_schematic""]",0.95,14
WTPBWM,24_NU1,D_WTPBWM_24_NU1,resolved_infrastructure,4,geopackage_authoritative_with_xml_supplement,"[""geopackage"", ""xml_schematic""]",0.95,2
SAC077,WTPSRW,D_SAC077_WTPSRW,resolved_infrastructure,4,geopackage_authoritative_with_xml_supplement,"[""geopackage"", ""xml_schematic""]",0.95,2
CRC002,22_SA1,D_CRC002_22_SA1,resolved_infrastructure,4,geopackage_authoritative_with_xml_supplement,"[""geopackage"", ""xml_schematic""]",0.95,13
SAC082,22_SA1,D_SAC082_22_SA1,resolved_infrastructure,4,geopackage_authoritative_with_xml_supplement,"[""geopackage"", ""xml_schematic""]",0.95,7
RFS22,SAC066,R_RFS22_SAC066,resolved_infrastructure,4,geopackage_authoritative_with_xml_supplement,"[""geopackage"", ""xml_schematic""]",0.95,12
22_NA,RFS22,R_22_NA_RFS22,resolved_infrastructure,4,geopackage_authoritative_with_xml_supplement,"[""geopackage"", ""xml_schematic""]",0.95,6
22_SA1,RFS22,R_22_SA1_RFS22,resolved_infrastructure,4,geopackage_authoritative_with_xml_supplement,"[""geopackage"", ""xml_schematic""]",0.95,6
RFS22,EMD001,R_RFS22_EMD001,resolved_infrastructure,4,geopackage_authoritative_with_xml_supplement,"[""geopackage"", ""xml_schematic""]",0.95,10
NFA016,NFA011,C_NFA016,resolved_infrastructure,4,geopackage_authoritative_with_xml_supplement,"[""geopackage"", ""xml_schematic""]",0.95,13
MRM001,NFA011,C_MRM001,resolved_infrastructure,4,geopackage_authoritative_with_xml_supplement,"[""geopackage"", ""xml_schematic""]",0.95,11
STH007,NFA011,C_STH007,resolved_infrastructure,4,geopackage_authoritative_with_xml_supplement,"[""geopackage"", ""xml_schematic""]",0.95,11
FOLSM,WTPSJP,D_FOLSM_WTPSJP,resolved_infrastructure,4,geopackage_authoritative_with_xml_supplement,"[""geopackage"", ""xml_schematic""]",0.95,11
WBF015,WBF006,C_WBF015,resolved_infrastructure,4,geopackage_authoritative_with_xml_supplement,"[""geopackage"", ""xml_schematic""]",0.95,10
FOLSM,WTPRSV,D_FOLSM_WTPRSV,resolved_infrastructure,4,geopackage_authoritative_with_xml_supplement,"[""geopackage"", ""xml_schematic""]",0.95,11
WTPRSV,26N_PU1,D_WTPRSV_26N_PU1,resolved_infrastructure,4,geopackage_authoritative_with_xml_supplement,"[""geopackage"", ""xml_schematic""]",0.95,2
WTPSJP,26N_NU1,D_WTPSJP_26N_NU1,resolved_infrastructure,4,geopackage_authoritative_with_xml_supplement,"[""geopackage"", ""xml_schematic""]",0.95,2
RFS26N,DCWWTP,R_RFS26N_DCWWTP,resolved_infrastructure,4,geopackage_authoritative_with_xml_supplement,"[""geopackage"", ""xml_schematic""]",0.95,8
WSE004,WSE008,C_WSE004,resolved_infrastructure,4,geopackage_authoritative_with_xml_supplement,"[""geopackage"", ""xml_schematic""]",0.95,8
WSE004,24_NU3,D_WSE004_24_NU3,resolved_infrastructure,4,geopackage_authoritative_with_xml_supplement,"[""geopackage"", ""xml_schematic""]",0.95,6
LBC010,PCWA3,D_LBC010_PCWA3,resolved_infrastructure,4,geopackage_authoritative_with_xml_supplement,"[""geopackage"", ""xml_schematic""]",0.95,5
LBC049,SCR002,C_LBC049,resolved_infrastructure,4,geopackage_authoritative_with_xml_supplement,"[""geopackage"", ""xml_schematic""]",0.95,8
LBC038,WTPAUB,D_LBC038_WTPAUB,resolved_infrastructure,4,geopackage_authoritative_with_xml_supplement,"[""geopackage"", ""xml_schematic""]",0.95,5
LBC032,LBC038,C_LBC032,resolved_infrastructure,4,geopackage_authoritative_with_xml_supplement,"[""geopackage"", ""xml_schematic""]",0.95,8
LBC030,LBC032,C_LBC030,resolved_infrastructure,4,geopackage_authoritative_with_xml_supplement,"[""geopackage"", ""xml_schematic""]",0.95,8
WTPAUB,24_NU1,D_WTPAUB_24_NU1,resolved_infrastructure,4,geopackage_authoritative_with_xml_supplement,"[""geopackage"", ""xml_schematic""]",0.95,2
24_NU1,ABN027,R_24_NU1_ABN027,resolved_infrastructure,4,geopackage_authoritative_with_xml_supplement,"[""geopackage"", ""xml_schematic""]",0.95,5
FOLSM,WTPFOL,D_FOLSM_WTPFOL,resolved_infrastructure,4,geopackage_authoritative_with_xml_supplement,"[""geopackage"", ""xml_schematic""]",0.95,11
AMR017,WTPBJM,D_AMR017_WTPBJM,resolved_infrastructure,4,geopackage_authoritative_with_xml_supplement,"[""geopackage"", ""xml_schematic""]",0.95,5
ABN010,ABN006,C_ABN010,resolved_infrastructure,4,geopackage_authoritative_with_xml_supplement,"[""geopackage"", ""xml_schematic""]",0.95,9
ABN006,23_NA,D_ABN006_23_NA,resolved_infrastructure,4,geopackage_authoritative_with_xml_supplement,"[""geopackage"", ""xml_schematic""]",0.95,5
26S_PU1,SRWWTP,R_26S_PU1_SRWWTP,resolved_infrastructure,4,geopackage_authoritative_with_xml_supplement,"[""geopackage"", ""xml_schematic""]",0.95,20
WTPCOL,26S_PU2,D_WTPCOL_26S_PU2,resolved_infrastructure,4,geopackage_authoritative_with_xml_supplement,"[""geopackage"", ""xml_schematic""]",0.95,2
FSC003,WTPCOL,D_FSC003_WTPCOL,resolved_infrastructure,4,geopackage_authoritative_with_xml_supplement,"[""geopackage"", ""xml_schematic""]",0.95,6
WTPBJM,26N_NU2,D_WTPBJM_26N_NU2,resolved_infrastructure,4,geopackage_authoritative_with_xml_supplement,"[""geopackage"", ""xml_schematic""]",0.95,2
SAC050,FPT013,D_SAC050_FPT013,resolved_infrastructure,4,geopackage_authoritative_with_xml_supplement,"[""geopackage"", ""xml_schematic""]",0.95,8
26S_PU6,SRWWTP,R_26S_PU6_SRWWTP,resolved_infrastructure,4,geopackage_authoritative_with_xml_supplement,"[""geopackage"", ""xml_schematic""]",0.95,20
SAC062,WTPSAC,D_SAC062_WTPSAC,resolved_infrastructure,4,geopackage_authoritative_with_xml_supplement,"[""geopackage"", ""xml_schematic""]",0.95,5
SAC065,WTPBTB,D_SAC065_WTPBTB,resolved_infrastructure,4,geopackage_authoritative_with_xml_supplement,"[""geopackage"", ""xml_schematic""]",0.95,5
26S_NU1,SRWWTP,R_26S_NU1_SRWWTP,resolved_infrastructure,4,geopackage_authoritative_with_xml_supplement,"[""geopackage"", ""xml_schematic""]",0.95,20
WTPSAC,26S_NU1,D_WTPSAC_26S_NU1,resolved_infrastructure,4,geopackage_authoritative_with_xml_supplement,"[""geopackage"", ""xml_schematic""]",0.95,2
WTPVNY,26S_PU6,D_WTPVNY_26S_PU6,resolved_infrastructure,4,geopackage_authoritative_with_xml_supplement,"[""geopackage"", ""xml_schematic""]",0.95,2
SRWWTP,SAC048,R_SRWWTP_SAC048,resolved_infrastructure,4,geopackage_authoritative_with_xml_supplement,"[""geopackage"", ""xml_schematic""]",0.95,25
KLR005,KLR006,C_KLR005,resolved_infrastructure,4,geopackage_authoritative_with_xml_supplement,"[""geopackage"", ""xml_schematic""]",0.95,7
SAC083,YBP037,SP_SAC083_YBP037,resolved_infrastructure,4,geopackage_authoritative_with_xml_supplement,"[""geopackage"", ""xml_schematic""]",0.95,13
SAC083,21_SA,D_SAC083_21_SA,resolved_infrastructure,4,geopackage_authoritative_with_xml_supplement,"[""geopackage"", ""xml_schematic""]",0.95,11
YBP023,21_SA,D_YBP023_21_SA,resolved_infrastructure,4,geopackage_authoritative_with_xml_supplement,"[""geopackage"", ""xml_schematic""]",0.95,9
SAC074,21_SA,D_SAC074_21_SA,resolved_infrastructure,4,geopackage_authoritative_with_xml_supplement,"[""geopackage"", ""xml_schematic""]",0.95,6
CCH030,20_NA1,D_CCH030_20_NA1,resolved_infrastructure,4,geopackage_authoritative_with_xml_supplement,"[""geopackage"", ""xml_schematic""]",0.95,6
20_NU1,DVWWTP,R_20_NU1_DVWWTP,resolved_infrastructure,4,geopackage_authoritative_with_xml_supplement,"[""geopackage"", ""xml_schematic""]",0.95,4
WLWWTP,YBP032,R_WLWWTP_YBP032,resolved_infrastructure,4,geopackage_authoritative_with_xml_supplement,"[""geopackage"", ""xml_schematic""]",0.95,11
FPT013,FSC013,D_FPT013_FSC013,resolved_infrastructure,4,geopackage_authoritative_with_xml_supplement,"[""geopackage"", ""xml_schematic""]",0.95,8
WTPFOL,26S_PU1,D_WTPFOL_26S_PU1,resolved_infrastructure,4,geopackage_authoritative_with_xml_supplement,"[""geopackage"", ""xml_schematic""]",0.95,2
WTPVNY,26S_PU1,D_WTPVNY_26S_PU1,resolved_infrastructure,4,geopackage_authoritative_with_xml_supplement,"[""geopackage"", ""xml_schematic""]",0.95,2
WTPFBN,26S_NU2,D_WTPFBN_26S_NU2,resolved_infrastructure,4,geopackage_authoritative_with_xml_supplement,"[""geopackage"", ""xml_schematic""]",0.95,2
WTPFBN,26S_NU1,D_WTPFBN_26S_NU1,resolved_infrastructure,4,geopackage_authoritative_with_xml_supplement,"[""geopackage"", ""xml_schematic""]",0.95,2
WTPSAC,26N_NU3,D_WTPSAC_26N_NU3,resolved_infrastructure,4,geopackage_authoritative_with_xml_supplement,"[""geopackage"", ""xml_schematic""]",0.95,2
SAC066,YBP020,SP_SAC066_YBP020,resolved_infrastructure,4,geopackage_authoritative_with_xml_supplement,"[""geopackage"", ""xml_schematic""]",0.95,15
21_SA,YBP020,R_21_SA_YBP020,resolved_infrastructure,4,geopackage_authoritative_with_xml_supplement,"[""geopackage"", ""xml_schematic""]",0.95,9
21_NA,YBP032,R_21_NA_YBP032,resolved_infrastructure,4,geopackage_authoritative_with_xml_supplement,"[""geopackage"", ""xml_schematic""]",0.95,9
CCK022,CCK007,C_CCK022,resolved_infrastructure,4,geopackage_authoritative_with_xml_supplement,"[""geopackage"", ""xml_schematic""]",0.95,11
21_PU,SRWWTP,R_21_PU_SRWWTP,resolved_infrastructure,4,geopackage_authoritative_with_xml_supplement,"[""geopackage"", ""xml_schematic""]",0.95,20
WTPBTB,21_PU,D_WTPBTB_21_PU,resolved_infrastructure,4,geopackage_authoritative_with_xml_supplement,"[""geopackage"", ""xml_schematic""]",0.95,2
PSC006,25_PA2,D_PSC006_25_PA2,resolved_infrastructure,4,geopackage_authoritative_with_xml_supplement,"[""geopackage"", ""xml_schematic""]",0.95,5
PSC003,25_PA1,D_PSC003_25_PA1,resolved_infrastructure,4,geopackage_authoritative_with_xml_supplement,"[""geopackage"", ""xml_schematic""]",0.95,7
CSL005,25_NA,D_CSL005_25_NA,resolved_infrastructure,4,geopackage_authoritative_with_xml_supplement,"[""geopackage"", ""xml_schematic""]",0.95,10
02,SAC271,SR_02_SAC271,resolved_infrastructure,4,geopackage_authoritative_with_xml_supplement,"[""geopackage"", ""xml_schematic""]",0.95,5
03,SAC265,SR_03_SAC265,resolved_infrastructure,4,geopackage_authoritative_with_xml_supplement,"[""geopackage"", ""xml_schematic""]",0.95,5
04,SAC207,SR_04_SAC207,resolved_infrastructure,4,geopackage_authoritative_with_xml_supplement,"[""geopackage"", ""xml_schematic""]",0.95,9
05,SAC201,SR_05_SAC201,resolved_infrastructure,4,geopackage_authoritative_with_xml_supplement,"[""geopackage"", ""xml_schematic""]",0.95,5
06,CBD049,SR_06_CBD049,resolved_infrastructure,4,geopackage_authoritative_with_xml_supplement,"[""geopackage"", ""xml_schematic""]",0.95,12
07N,CBD049,SR_07N_CBD049,resolved_infrastructure,4,geopackage_authoritative_with_xml_supplement,"[""geopackage"", ""xml_schematic""]",0.95,12
07S,CBD038,SR_07S_CBD038,resolved_infrastructure,4,geopackage_authoritative_with_xml_supplement,"[""geopackage"", ""xml_schematic""]",0.95,5
08N,CBD049,SR_08N_CBD049,resolved_infrastructure,4,geopackage_authoritative_with_xml_supplement,"[""geopackage"", ""xml_schematic""]",0.95,12
09,BSL001,SR_09_BSL001,resolved_infrastructure,4,geopackage_authoritative_with_xml_supplement,"[""geopackage"", ""xml_schematic""]",0.95,11
SAC257,SAC254,C_SAC257,resolved_infrastructure,4,geopackage_authoritative_with_xml_supplement,"[""geopackage"", ""xml_schematic""]",0.95,9
10,BTC017,SR_10_BTC017,resolved_infrastructure,4,geopackage_authoritative_with_xml_supplement,"[""geopackage"", ""xml_schematic""]",0.95,7
13,RFS13,SR_13_RFS13,resolved_infrastructure,4,geopackage_authoritative_with_xml_supplement,"[""geopackage"", ""xml_schematic""]",0.95,5
15S,FTR012,SR_15S_FTR012,resolved_infrastructure,4,geopackage_authoritative_with_xml_supplement,"[""geopackage"", ""xml_schematic""]",0.95,7
11,DWRPS1,SR_11_DWRPS1,resolved_infrastructure,4,geopackage_authoritative_with_xml_supplement,"[""geopackage"", ""xml_schematic""]",0.95,8
18,RFS18,SR_18_RFS18,resolved_infrastructure,4,geopackage_authoritative_with_xml_supplement,"[""geopackage"", ""xml_schematic""]",0.95,6
18_NA,RFS18,R_18_NA_RFS18,resolved_infrastructure,4,geopackage_authoritative_with_xml_supplement,"[""geopackage"", ""xml_schematic""]",0.95,7
19,RD1500,SR_19_RD1500,resolved_infrastructure,4,geopackage_authoritative_with_xml_supplement,"[""geopackage"", ""xml_schematic""]",0.95,4
08S,CBD028,SR_08S_CBD028,resolved_infrastructure,4,geopackage_authoritative_with_xml_supplement,"[""geopackage"", ""xml_schematic""]",0.95,9
08S,RFS8S,SR_08S_RFS8S,resolved_infrastructure,4,geopackage_authoritative_with_xml_supplement,"[""geopackage"", ""xml_schematic""]",0.95,6
20,YBP023,SR_20_YBP023,resolved_infrastructure,4,geopackage_authoritative_with_xml_supplement,"[""geopackage"", ""xml_schematic""]",0.95,8
25,CSL005,SR_25_CSL005,resolved_infrastructure,4,geopackage_authoritative_with_xml_supplement,"[""geopackage"", ""xml_schematic""]",0.95,9
21,YBP023,SR_21_YBP023,resolved_infrastructure,4,geopackage_authoritative_with_xml_supplement,"[""geopackage"", ""xml_schematic""]",0.95,8
22,SAC066,SR_22_SAC066,resolved_infrastructure,4,geopackage_authoritative_with_xml_supplement,"[""geopackage"", ""xml_schematic""]",0.95,7
24,ABN000,SR_24_ABN000,resolved_infrastructure,4,geopackage_authoritative_with_xml_supplement,"[""geopackage"", ""xml_schematic""]",0.95,7
26N,EMD001,SR_26N_EMD001,resolved_infrastructure,4,geopackage_authoritative_with_xml_supplement,"[""geopackage"", ""xml_schematic""]",0.95,5
26S,MOK014,SR_26S_MOK014,resolved_infrastructure,4,geopackage_authoritative_with_xml_supplement,"[""geopackage"", ""xml_schematic""]",0.95,7
17S,SSL001,SR_17S_SSL001,resolved_infrastructure,4,geopackage_authoritative_with_xml_supplement,"[""geopackage"", ""xml_schematic""]",0.95,7
25_PA1,RFS25,R_25_PA1_RFS25,resolved_infrastructure,4,geopackage_authoritative_with_xml_supplement,"[""geopackage"", ""xml_schematic""]",0.95,5
24,CCK007,SR_24_CCK007,resolved_infrastructure,4,geopackage_authoritative_with_xml_supplement,"[""geopackage"", ""xml_schematic""]",0.95,6
SJR173,SJR166,C_SJR173,resolved_infrastructure,4,geopackage_authoritative_with_xml_supplement,"[""geopackage"", ""xml_schematic""]",0.95,11
SJR179,SJR173,C_SJR179,resolved_infrastructure,4,geopackage_authoritative_with_xml_supplement,"[""geopackage"", ""xml_schematic""]",0.95,8
SJR185,SJR180,C_SJR185,resolved_infrastructure,4,geopackage_authoritative_with_xml_supplement,"[""geopackage"", ""xml_schematic""]",0.95,12
SJR192,SJR185,C_SJR192,resolved_infrastructure,4,geopackage_authoritative_with_xml_supplement,"[""geopackage"", ""xml_schematic""]",0.95,9
SJR195,SJR192,C_SJR195,resolved_infrastructure,4,geopackage_authoritative_with_xml_supplement,"[""geopackage"", ""xml_schematic""]",0.95,8
SJR198,SJR195,C_SJR198,resolved_infrastructure,4,geopackage_authoritative_with_xml_supplement,"[""geopackage"", ""xml_schematic""]",0.95,8
SJR200,SJR198,C_SJR200,resolved_infrastructure,4,geopackage_authoritative_with_xml_supplement,"[""geopackage"", ""xml_schematic""]",0.95,7
SJR201,SJR200,C_SJR201,resolved_infrastructure,4,geopackage_authoritative_with_xml_supplement,"[""geopackage"", ""xml_schematic""]",0.95,7
SJR205,MDOTA,C_SJR205,resolved_infrastructure,4,geopackage_authoritative_with_xml_supplement,"[""geopackage"", ""xml_schematic""]",0.95,17
SJR213,SJR205,C_SJR213,resolved_infrastructure,4,geopackage_authoritative_with_xml_supplement,"[""geopackage"", ""xml_schematic""]",0.95,9
SJR221,SJR214,C_SJR221,resolved_infrastructure,4,geopackage_authoritative_with_xml_supplement,"[""geopackage"", ""xml_schematic""]",0.95,10
SJR225,SJR221,C_SJR225,resolved_infrastructure,4,geopackage_authoritative_with_xml_supplement,"[""geopackage"", ""xml_schematic""]",0.95,7
SJR227,SJR225,C_SJR227,resolved_infrastructure,4,geopackage_authoritative_with_xml_supplement,"[""geopackage"", ""xml_schematic""]",0.95,10
SJR235,SJR227,C_SJR235,resolved_infrastructure,4,geopackage_authoritative_with_xml_supplement,"[""geopackage"", ""xml_schematic""]",0.95,12
WTPSJP,26N_PU2,D_WTPSJP_26N_PU2,resolved_infrastructure,4,geopackage_authoritative_with_xml_supplement,"[""geopackage"", ""xml_schematic""]",0.95,2
WTPSJP,26N_PU3,D_WTPSJP_26N_PU3,resolved_infrastructure,4,geopackage_authoritative_with_xml_supplement,"[""geopackage"", ""xml_schematic""]",0.95,2
NTOMA,AMR022,C_NTOMA,resolved_infrastructure,4,geopackage_authoritative_with_xml_supplement,"[""geopackage"", ""xml_schematic""]",0.95,9
24_NA3,SCR002,R_24_NA3_SCR002,resolved_infrastructure,4,geopackage_authoritative_with_xml_supplement,"[""geopackage"", ""xml_schematic""]",0.95,5
RFS26S,AMR020,R_RFS26S_AMR020,resolved_infrastructure,4,geopackage_authoritative_with_xml_supplement,"[""geopackage"", ""xml_schematic""]",0.95,9
AMR017,AMR015,C_AMR017,resolved_infrastructure,4,geopackage_authoritative_with_xml_supplement,"[""geopackage"", ""xml_schematic""]",0.95,8
AMR007,WTPFBN,D_AMR007_WTPFBN,resolved_infrastructure,4,geopackage_authoritative_with_xml_supplement,"[""geopackage"", ""xml_schematic""]",0.95,6
AMR009,AMR007,C_AMR009,resolved_infrastructure,4,geopackage_authoritative_with_xml_supplement,"[""geopackage"", ""xml_schematic""]",0.95,9
WTPFBN,26N_NU1,D_WTPFBN_26N_NU1,resolved_infrastructure,4,geopackage_authoritative_with_xml_supplement,"[""geopackage"", ""xml_schematic""]",0.95,2
26N_NU1,SRWWTP,R_26N_NU1_SRWWTP,resolved_infrastructure,4,geopackage_authoritative_with_xml_supplement,"[""geopackage"", ""xml_schematic""]",0.95,20
26N_NU4,SRWWTP,R_26N_NU4_SRWWTP,resolved_infrastructure,4,geopackage_authoritative_with_xml_supplement,"[""geopackage"", ""xml_schematic""]",0.95,20
26N_NU5,SRWWTP,R_26N_NU5_SRWWTP,resolved_infrastructure,4,geopackage_authoritative_with_xml_supplement,"[""geopackage"", ""xml_schematic""]",0.95,20
26S_NU2,SRWWTP,R_26S_NU2_SRWWTP,resolved_infrastructure,4,geopackage_authoritative_with_xml_supplement,"[""geopackage"", ""xml_schematic""]",0.95,20
26S_NU3,SRWWTP,R_26S_NU3_SRWWTP,resolved_infrastructure,4,geopackage_authoritative_with_xml_supplement,"[""geopackage"", ""xml_schematic""]",0.95,20
WTPSAC,26S_PU4,D_WTPSAC_26S_PU4,resolved_infrastructure,4,geopackage_authoritative_with_xml_supplement,"[""geopackage"", ""xml_schematic""]",0.95,2
WTPVNY,26S_PU5,D_WTPVNY_26S_PU5,resolved_infrastructure,4,geopackage_authoritative_with_xml_supplement,"[""geopackage"", ""xml_schematic""]",0.95,2
RFS72A,MSS014,R_RFS72A_MSS014,resolved_infrastructure,4,geopackage_authoritative_with_xml_supplement,"[""geopackage"", ""xml_schematic""]",0.95,3
DMC091,73_PA3,D_DMC091_73_PA3,resolved_infrastructure,4,geopackage_authoritative_with_xml_supplement,"[""geopackage"", ""xml_schematic""]",0.95,6
73_PA3,SLD027,R_73_PA3_SLD027,resolved_infrastructure,4,geopackage_authoritative_with_xml_supplement,"[""geopackage"", ""xml_schematic""]",0.95,8
73_XA,SLD027,R_73_XA_SLD027,resolved_infrastructure,4,geopackage_authoritative_with_xml_supplement,"[""geopackage"", ""xml_schematic""]",0.95,8
MDOTA,91_PA,D_MDOTA_91_PA,resolved_infrastructure,4,geopackage_authoritative_with_xml_supplement,"[""geopackage"", ""xml_schematic""]",0.95,12
DMC111,73_XA,D_DMC111_73_XA,resolved_infrastructure,4,geopackage_authoritative_with_xml_supplement,"[""geopackage"", ""xml_schematic""]",0.95,7
MDOTA,73_XA,D_MDOTA_73_XA,resolved_infrastructure,4,geopackage_authoritative_with_xml_supplement,"[""geopackage"", ""xml_schematic""]",0.95,12
DMC105,73_PA2,D_DMC105_73_PA2,resolved_infrastructure,4,geopackage_authoritative_with_xml_supplement,"[""geopackage"", ""xml_schematic""]",0.95,6
73_PA2,SLD027,R_73_PA2_SLD027,resolved_infrastructure,4,geopackage_authoritative_with_xml_supplement,"[""geopackage"", ""xml_schematic""]",0.95,8
ARY010,72_PR3,D_ARY010_72_PR3,resolved_infrastructure,4,geopackage_authoritative_with_xml_supplement,"[""geopackage"", ""xml_schematic""]",0.95,7
72_XA1,SAL017,R_72_XA1_SAL017,resolved_infrastructure,4,geopackage_authoritative_with_xml_supplement,"[""geopackage"", ""xml_schematic""]",0.95,7
MDOTA,XCC010,D_MDOTA_XCC010,resolved_infrastructure,4,geopackage_authoritative_with_xml_supplement,"[""geopackage"", ""xml_schematic""]",0.95,15
64_XA,SJR185,R_64_XA_SJR185,resolved_infrastructure,4,geopackage_authoritative_with_xml_supplement,"[""geopackage"", ""xml_schematic""]",0.95,6
TKWWTP,SJR101,R_TKWWTP_SJR101,resolved_infrastructure,4,geopackage_authoritative_with_xml_supplement,"[""geopackage"", ""xml_schematic""]",0.95,7
OWN011,EBP043,C_OWN011,resolved_infrastructure,4,geopackage_authoritative_with_xml_supplement,"[""geopackage"", ""xml_schematic""]",0.95,8
MDOTA,64_XA,D_MDOTA_64_XA,resolved_infrastructure,4,geopackage_authoritative_with_xml_supplement,"[""geopackage"", ""xml_schematic""]",0.95,12
CAA143,90_PA1,D_CAA143_90_PA1,resolved_infrastructure,4,geopackage_authoritative_with_xml_supplement,"[""geopackage"", ""xml_schematic""]",0.95,8
CAA155,90_PA1,D_CAA155_90_PA1,resolved_infrastructure,4,geopackage_authoritative_with_xml_supplement,"[""geopackage"", ""xml_schematic""]",0.95,6
MDOTA,91_PR,D_MDOTA_91_PR,resolved_infrastructure,4,geopackage_authoritative_with_xml_supplement,"[""geopackage"", ""xml_schematic""]",0.95,12
91_PR,FSL005,R_91_PR_FSL005,resolved_infrastructure,4,geopackage_authoritative_with_xml_supplement,"[""geopackage"", ""xml_schematic""]",0.95,8
91_PA,FSL012,R_91_PA_FSL012,resolved_infrastructure,4,geopackage_authoritative_with_xml_supplement,"[""geopackage"", ""xml_schematic""]",0.95,7
CAA143,90_PU,D_CAA143_90_PU,resolved_infrastructure,4,geopackage_authoritative_with_xml_supplement,"[""geopackage"", ""xml_schematic""]",0.95,8
72_NA1,SJR106,R_72_NA1_SJR106,resolved_infrastructure,4,geopackage_authoritative_with_xml_supplement,"[""geopackage"", ""xml_schematic""]",0.95,14
SJR116,72_NA1,D_SJR116_72_NA1,resolved_infrastructure,4,geopackage_authoritative_with_xml_supplement,"[""geopackage"", ""xml_schematic""]",0.95,8
DMC044,71_PA5,D_DMC044_71_PA5,resolved_infrastructure,4,geopackage_authoritative_with_xml_supplement,"[""geopackage"", ""xml_schematic""]",0.95,7
RFS71B,SJR106,R_RFS71B_SJR106,resolved_infrastructure,4,geopackage_authoritative_with_xml_supplement,"[""geopackage"", ""xml_schematic""]",0.95,12
71_PA7,SJR091,R_71_PA7_SJR091,resolved_infrastructure,4,geopackage_authoritative_with_xml_supplement,"[""geopackage"", ""xml_schematic""]",0.95,13
CAA046,71_PA7,D_CAA046_71_PA7,resolved_infrastructure,4,geopackage_authoritative_with_xml_supplement,"[""geopackage"", ""xml_schematic""]",0.95,6
MDOTA,90_PA1,D_MDOTA_90_PA1,resolved_infrastructure,4,geopackage_authoritative_with_xml_supplement,"[""geopackage"", ""xml_schematic""]",0.95,12
CAA005,SBA000,D_CAA005_SBA000,resolved_infrastructure,4,geopackage_authoritative_with_xml_supplement,"[""geopackage"", ""xml_schematic""]",0.95,8
WBF030,WBF015,C_WBF030,resolved_infrastructure,4,geopackage_authoritative_with_xml_supplement,"[""geopackage"", ""xml_schematic""]",0.95,10
SLD027,MSN009,C_SLD027,resolved_infrastructure,4,geopackage_authoritative_with_xml_supplement,"[""geopackage"", ""xml_schematic""]",0.95,12
BRV001,NFM024,C_BRV001,resolved_infrastructure,4,geopackage_authoritative_with_xml_supplement,"[""geopackage"", ""xml_schematic""]",0.95,3
BRV002,BRV001,C_BRV002,resolved_infrastructure,4,geopackage_authoritative_with_xml_supplement,"[""geopackage"", ""xml_schematic""]",0.95,5
NFM007,ELT000,D_NFM007_ELT000,resolved_infrastructure,4,geopackage_authoritative_with_xml_supplement,"[""geopackage"", ""xml_schematic""]",0.95,3
SFA067,SFA066,C_SFA067,resolved_infrastructure,4,geopackage_authoritative_with_xml_supplement,"[""geopackage"", ""xml_schematic""]",0.95,9
TGR001,TGR006,C_TGR001,resolved_infrastructure,4,geopackage_authoritative_with_xml_supplement,"[""geopackage"", ""xml_schematic""]",0.95,7
BRV002,TGR006,D_BRV002_TGR006,resolved_infrastructure,4,geopackage_authoritative_with_xml_supplement,"[""geopackage"", ""xml_schematic""]",0.95,8
BRV003,BRV002,C_BRV003,resolved_infrastructure,4,geopackage_authoritative_with_xml_supplement,"[""geopackage"", ""xml_schematic""]",0.95,7
SLTSP,TGR000,D_SLTSP_TGR000,resolved_infrastructure,4,geopackage_authoritative_with_xml_supplement,"[""geopackage"", ""xml_schematic""]",0.95,10
TGR021,NFM011,C_TGR021,resolved_infrastructure,4,geopackage_authoritative_with_xml_supplement,"[""geopackage"", ""xml_schematic""]",0.95,4
MFM006,MFM001,C_MFM006,resolved_infrastructure,4,geopackage_authoritative_with_xml_supplement,"[""geopackage"", ""xml_schematic""]",0.95,7
BCM003,MFM008,C_BCM003,resolved_infrastructure,4,geopackage_authoritative_with_xml_supplement,"[""geopackage"", ""xml_schematic""]",0.95,8
MFM008,MFM007,C_MFM008,resolved_infrastructure,4,geopackage_authoritative_with_xml_supplement,"[""geopackage"", ""xml_schematic""]",0.95,8
MFM001,MOK088,C_MFM001,resolved_infrastructure,4,geopackage_authoritative_with_xml_supplement,"[""geopackage"", ""xml_schematic""]",0.95,8
MFM007,MFM006,C_MFM007,resolved_infrastructure,4,geopackage_authoritative_with_xml_supplement,"[""geopackage"", ""xml_schematic""]",0.95,7
SFM003,MFM001,C_SFM003,resolved_infrastructure,4,geopackage_authoritative_with_xml_supplement,"[""geopackage"", ""xml_schematic""]",0.95,7
SFM005,SFM003,C_SFM005,resolved_infrastructure,4,geopackage_authoritative_with_xml_supplement,"[""geopackage"", ""xml_schematic""]",0.95,7
NLL016,MFF095,C_NLL016,resolved_infrastructure,4,geopackage_authoritative_with_xml_supplement,"[""geopackage"", ""xml_schematic""]",0.95,8
MFF095,MFF088,C_MFF095,resolved_infrastructure,4,geopackage_authoritative_with_xml_supplement,"[""geopackage"", ""xml_schematic""]",0.95,9
MFF088,MFF087,C_MFF088,resolved_infrastructure,4,geopackage_authoritative_with_xml_supplement,"[""geopackage"", ""xml_schematic""]",0.95,9
LLC007,NLL016,C_LLC007,resolved_infrastructure,4,geopackage_authoritative_with_xml_supplement,"[""geopackage"", ""xml_schematic""]",0.95,7
FRMAN,LLC007,C_FRMAN,resolved_infrastructure,4,geopackage_authoritative_with_xml_supplement,"[""geopackage"", ""xml_schematic""]",0.95,6
DAVIS,BGC002,C_DAVIS,resolved_infrastructure,4,geopackage_authoritative_with_xml_supplement,"[""geopackage"", ""xml_schematic""]",0.95,8
BGC002,MFF088,C_BGC002,resolved_infrastructure,4,geopackage_authoritative_with_xml_supplement,"[""geopackage"", ""xml_schematic""]",0.95,9
NLL016,LCCWD,D_NLL016_LCCWD,resolved_infrastructure,4,geopackage_authoritative_with_xml_supplement,"[""geopackage"", ""xml_schematic""]",0.95,5
LCCWD,MFF095,R_LCCWD_MFF095,resolved_infrastructure,4,geopackage_authoritative_with_xml_supplement,"[""geopackage"", ""xml_schematic""]",0.95,5
23,CCK007,SR_23_CCK007,resolved_infrastructure,4,geopackage_authoritative_with_xml_supplement,"[""geopackage"", ""xml_schematic""]",0.95,6
25_NA,CSL005,R_25_NA_CSL005,resolved_infrastructure,4,geopackage_authoritative_with_xml_supplement,"[""geopackage"", ""xml_schematic""]",0.95,10
25_PA2,CSL005,R_25_PA2_CSL005,resolved_infrastructure,4,geopackage_authoritative_with_xml_supplement,"[""geopackage"", ""xml_schematic""]",0.95,10
RFS25,CSL005,R_RFS25_CSL005,resolved_infrastructure,4,geopackage_authoritative_with_xml_supplement,"[""geopackage"", ""xml_schematic""]",0.95,13
RFS25,25_PA2,D_RFS25_25_PA2,resolved_infrastructure,4,geopackage_authoritative_with_xml_supplement,"[""geopackage"", ""xml_schematic""]",0.95,5
Freeport,SAC049,CT_FREEPORT,resolved_infrastructure,4,geopackage_authoritative_with_xml_supplement,"[""geopackage"", ""xml_schematic""]",0.95,5
Bend Bridge,SAC257,CT_BENDBRIDGE,resolved_infrastructure,4,geopackage_authoritative_with_xml_supplement,"[""geopackage"", ""xml_schematic""]",0.95,6
MOK057,MOK055,C_MOK057,resolved_infrastructure,4,geopackage_authoritative_with_xml_supplement,"[""geopackage"", ""xml_schematic""]",0.95,7
MOK055,MOK050,C_MOK055,resolved_infrastructure,4,geopackage_authoritative_with_xml_supplement,"[""geopackage"", ""xml_schematic""]",0.95,10
MOK050,MOK044,C_MOK050,resolved_infrastructure,4,geopackage_authoritative_with_xml_supplement,"[""geopackage"", ""xml_schematic""]",0.95,10
MOK044,MOK035,C_MOK044,resolved_infrastructure,4,geopackage_authoritative_with_xml_supplement,"[""geopackage"", ""xml_schematic""]",0.95,13
MOK034,MOK028,C_MOK034,resolved_infrastructure,4,geopackage_authoritative_with_xml_supplement,"[""geopackage"", ""xml_schematic""]",0.95,8
MOK028,MOK022,C_MOK028,resolved_infrastructure,4,geopackage_authoritative_with_xml_supplement,"[""geopackage"", ""xml_schematic""]",0.95,9
MOK022,MOK019,C_MOK022,resolved_infrastructure,4,geopackage_authoritative_with_xml_supplement,"[""geopackage"", ""xml_schematic""]",0.95,12
MOK019,MOK014,C_MOK019,resolved_infrastructure,4,geopackage_authoritative_with_xml_supplement,"[""geopackage"", ""xml_schematic""]",0.95,15
PSC006,PSC013,C_PSC006,resolved_infrastructure,4,geopackage_authoritative_with_xml_supplement,"[""geopackage"", ""xml_schematic""]",0.95,8
MOK004,MOK,DD_MOK004_MOK,resolved_infrastructure,4,geopackage_authoritative_with_xml_supplement,"[""geopackage"", ""xml_schematic""]",0.95,9
NBA009,WTPTAB,D_NBA009_WTPTAB,resolved_infrastructure,4,geopackage_authoritative_with_xml_supplement,"[""geopackage"", ""xml_schematic""]",0.95,5
WTPTAB,TVAFB,D_WTPTAB_TVAFB,resolved_infrastructure,4,geopackage_authoritative_with_xml_supplement,"[""geopackage"", ""xml_schematic""]",0.95,2
WTPCMT,SUISN,D_WTPCMT_SUISN,resolved_infrastructure,4,geopackage_authoritative_with_xml_supplement,"[""geopackage"", ""xml_schematic""]",0.95,2
WTPWMN,FRFLD,D_WTPWMN_FRFLD,resolved_infrastructure,4,geopackage_authoritative_with_xml_supplement,"[""geopackage"", ""xml_schematic""]",0.95,2
WTPNBR,FRFLD,D_WTPNBR_FRFLD,resolved_infrastructure,4,geopackage_authoritative_with_xml_supplement,"[""geopackage"", ""xml_schematic""]",0.95,2
SJR026,SJRE,DD_SJR026_SJRE,resolved_infrastructure,4,geopackage_authoritative_with_xml_supplement,"[""geopackage"", ""xml_schematic""]",0.95,6
SJR013,SJRW,DD_SJR013_SJRW,resolved_infrastructure,4,geopackage_authoritative_with_xml_supplement,"[""geopackage"", ""xml_schematic""]",0.95,8
STN014,TCC031,D_STN014_TCC031,resolved_infrastructure,4,geopackage_authoritative_with_xml_supplement,"[""geopackage"", ""xml_schematic""]",0.95,9
SAC041,SACN,DD_SAC041_SACN,resolved_infrastructure,4,geopackage_authoritative_with_xml_supplement,"[""geopackage"", ""xml_schematic""]",0.95,8
CCWWTP,SAC287,R_CCWWTP_SAC287,resolved_infrastructure,4,geopackage_authoritative_with_xml_supplement,"[""geopackage"", ""xml_schematic""]",0.95,11
BSL001a,BSL000,C_BSL001a,resolved_infrastructure,4,geopackage_authoritative_with_xml_supplement,"[""geopackage"", ""xml_schematic""]",0.95,2
SAC178,BTC003,SP_SAC178_BTC003,resolved_infrastructure,4,geopackage_authoritative_with_xml_supplement,"[""geopackage"", ""xml_schematic""]",0.95,18
THRMF,THRMA,C_THRMF,resolved_infrastructure,4,geopackage_authoritative_with_xml_supplement,"[""geopackage"", ""xml_schematic""]",0.95,11
FBW001,SJR195,C_FBW001,resolved_infrastructure,4,geopackage_authoritative_with_xml_supplement,"[""geopackage"", ""xml_schematic""]",0.95,7
NMW004,SJR117,C_NMW004,resolved_infrastructure,4,geopackage_authoritative_with_xml_supplement,"[""geopackage"", ""xml_schematic""]",0.95,14
WWW001,SJR087,C_WWW001,resolved_infrastructure,4,geopackage_authoritative_with_xml_supplement,"[""geopackage"", ""xml_schematic""]",0.95,8
DMC070,VLW008,D_DMC070_VLW008,resolved_infrastructure,4,geopackage_authoritative_with_xml_supplement,"[""geopackage"", ""xml_schematic""]",0.95,13
DMC003,DMC007,C_DMC003,resolved_infrastructure,4,geopackage_authoritative_with_xml_supplement,"[""geopackage"", ""xml_schematic""]",0.95,8
RSL004,CCC004,D_RSL004_CCC004,resolved_infrastructure,4,geopackage_authoritative_with_xml_supplement,"[""geopackage"", ""xml_schematic""]",0.95,6
PSC024,PSC033,C_PSC024,resolved_infrastructure,4,geopackage_authoritative_with_xml_supplement,"[""geopackage"", ""xml_schematic""]",0.95,8
NBA011,NBA021,C_NBA011,resolved_infrastructure,4,geopackage_authoritative_with_xml_supplement,"[""geopackage"", ""xml_schematic""]",0.95,8
DRM002,DRM003,C_DRM002,resolved_infrastructure,4,geopackage_authoritative_with_xml_supplement,"[""geopackage"", ""xml_schematic""]",0.95,10
DRM001,DRM002,C_DRM001,resolved_infrastructure,4,geopackage_authoritative_with_xml_supplement,"[""geopackage"", ""xml_schematic""]",0.95,8
DRM002,BRR074,D_DRM002_BRR074,resolved_infrastructure,4,geopackage_authoritative_with_xml_supplement,"[""geopackage"", ""xml_schematic""]",0.95,6
BRR028,BRR023,C_BRR028,resolved_infrastructure,4,geopackage_authoritative_with_xml_supplement,"[""geopackage"", ""xml_schematic""]",0.95,7
CHW028,CHW024,C_CHW028,resolved_infrastructure,4,geopackage_authoritative_with_xml_supplement,"[""geopackage"", ""xml_schematic""]",0.95,11
DMC011,71_PA8,D_DMC011_71_PA8,resolved_infrastructure,4,geopackage_authoritative_with_xml_supplement,"[""geopackage"", ""xml_schematic""]",0.95,6
RFS71A,50_PA1,D_RFS71A_50_PA1,resolved_infrastructure,4,geopackage_authoritative_with_xml_supplement,"[""geopackage"", ""xml_schematic""]",0.95,5
WTPAMC,AMCYN,D_WTPAMC_AMCYN,resolved_infrastructure,4,geopackage_authoritative_with_xml_supplement,"[""geopackage"", ""xml_schematic""]",0.95,2
VJB000,WTPFMH,D_VJB000_WTPFMH,resolved_infrastructure,4,geopackage_authoritative_with_xml_supplement,"[""geopackage"", ""xml_schematic""]",0.95,6
SJR205,SJR201,D_SJR205_SJR201,resolved_infrastructure,4,geopackage_authoritative_with_xml_supplement,"[""geopackage"", ""xml_schematic""]",0.95,10
24_NU3,CCK038,R_24_NU3_CCK038,resolved_infrastructure,4,geopackage_authoritative_with_xml_supplement,"[""geopackage"", ""xml_schematic""]",0.95,4
WSE008,STH000,C_WSE008,resolved_infrastructure,4,geopackage_authoritative_with_xml_supplement,"[""geopackage"", ""xml_schematic""]",0.95,7
CLV035,CLV028,C_CLV035,resolved_infrastructure,4,geopackage_authoritative_with_xml_supplement,"[""geopackage"", ""xml_schematic""]",0.95,8
CHW037,CHW031,C_CHW037,resolved_infrastructure,4,geopackage_authoritative_with_xml_supplement,"[""geopackage"", ""xml_schematic""]",0.95,8
ORT009,ORT001,C_ORT009,resolved_infrastructure,4,geopackage_authoritative_with_xml_supplement,"[""geopackage"", ""xml_schematic""]",0.95,8
TUO053,TUO047,C_TUO053,resolved_infrastructure,4,geopackage_authoritative_with_xml_supplement,"[""geopackage"", ""xml_schematic""]",0.95,10
LBN025,LBN012,C_LBN025,resolved_infrastructure,4,geopackage_authoritative_with_xml_supplement,"[""geopackage"", ""xml_schematic""]",0.95,9
STS069,TULOC,C_STS069,resolved_infrastructure,4,geopackage_authoritative_with_xml_supplement,"[""geopackage"", ""xml_schematic""]",0.95,4
DBC014,FRS022,C_DBC014,resolved_infrastructure,4,geopackage_authoritative_with_xml_supplement,"[""geopackage"", ""xml_schematic""]",0.95,10
FRS045,FRS039,C_FRS045,resolved_infrastructure,4,geopackage_authoritative_with_xml_supplement,"[""geopackage"", ""xml_schematic""]",0.95,8
FSL012,FSL005,C_FSL012,resolved_infrastructure,4,geopackage_authoritative_with_xml_supplement,"[""geopackage"", ""xml_schematic""]",0.95,13
EBP041,SJR145,SP_EBP041_SJR145,resolved_infrastructure,4,geopackage_authoritative_with_xml_supplement,"[""geopackage"", ""xml_schematic""]",0.95,12
SJR166,EBP032,D_SJR166_EBP032,resolved_infrastructure,4,geopackage_authoritative_with_xml_supplement,"[""geopackage"", ""xml_schematic""]",0.95,12
SAC000,SACW,DD_SAC000_SACW,resolved_infrastructure,4,geopackage_authoritative_with_xml_supplement,"[""geopackage"", ""xml_schematic""]",0.95,9
FCS006,SJR043,C_FCS006,resolved_infrastructure,4,geopackage_authoritative_with_xml_supplement,"[""geopackage"", ""xml_schematic""]",0.95,12
SAL017,SAL006,C_SAL017,resolved_infrastructure,4,geopackage_authoritative_with_xml_supplement,"[""geopackage"", ""xml_schematic""]",0.95,14
MSS014,SAL017,C_MSS014,resolved_infrastructure,4,geopackage_authoritative_with_xml_supplement,"[""geopackage"", ""xml_schematic""]",0.95,10
RSL001a,RSL004,C_RSL001a,resolved_infrastructure,4,geopackage_authoritative_with_xml_supplement,"[""geopackage"", ""xml_schematic""]",0.95,2
CAA165,CAA172,C_CAA165,resolved_infrastructure,4,geopackage_authoritative_with_xml_supplement,"[""geopackage"", ""xml_schematic""]",0.95,9
CAA156,CAA165,C_CAA156,resolved_infrastructure,4,geopackage_authoritative_with_xml_supplement,"[""geopackage"", ""xml_schematic""]",0.95,8
CAA155,CAA156,C_CAA155,resolved_infrastructure,4,geopackage_authoritative_with_xml_supplement,"[""geopackage"", ""xml_schematic""]",0.95,9
CAA143,CAA155,C_CAA143,resolved_infrastructure,4,geopackage_authoritative_with_xml_supplement,"[""geopackage"", ""xml_schematic""]",0.95,12
CAA109,CAA143,C_CAA109,resolved_infrastructure,4,geopackage_authoritative_with_xml_supplement,"[""geopackage"", ""xml_schematic""]",0.95,13
CAA095,CAA109,C_CAA095,resolved_infrastructure,4,geopackage_authoritative_with_xml_supplement,"[""geopackage"", ""xml_schematic""]",0.95,9
CAA071,CAA087,C_CAA071,resolved_infrastructure,4,geopackage_authoritative_with_xml_supplement,"[""geopackage"", ""xml_schematic""]",0.95,9
CAA069,CAA071,C_CAA069,resolved_infrastructure,4,geopackage_authoritative_with_xml_supplement,"[""geopackage"", ""xml_schematic""]",0.95,11
DBC014,64_PA1,D_DBC014_64_PA1,resolved_infrastructure,4,geopackage_authoritative_with_xml_supplement,"[""geopackage"", ""xml_schematic""]",0.95,5
CAA024,CAA046,C_CAA024,resolved_infrastructure,4,geopackage_authoritative_with_xml_supplement,"[""geopackage"", ""xml_schematic""]",0.95,9
CAA067,CAA069,C_CAA067,resolved_infrastructure,4,geopackage_authoritative_with_xml_supplement,"[""geopackage"", ""xml_schematic""]",0.95,11
CAA066,CAA067,C_CAA066,resolved_infrastructure,4,geopackage_authoritative_with_xml_supplement,"[""geopackage"", ""xml_schematic""]",0.95,9
CAA051,CAA066,C_CAA051,resolved_infrastructure,4,geopackage_authoritative_with_xml_supplement,"[""geopackage"", ""xml_schematic""]",0.95,9
CAA046,CAA051,C_CAA046,resolved_infrastructure,4,geopackage_authoritative_with_xml_supplement,"[""geopackage"", ""xml_schematic""]",0.95,9
CAA000,CAA002,C_CAA000,resolved_infrastructure,4,geopackage_authoritative_with_xml_supplement,"[""geopackage"", ""xml_schematic""]",0.95,7
CAA012,CAA024,C_CAA012,resolved_infrastructure,4,geopackage_authoritative_with_xml_supplement,"[""geopackage"", ""xml_schematic""]",0.95,8
CAA009,CAA012,C_CAA009,resolved_infrastructure,4,geopackage_authoritative_with_xml_supplement,"[""geopackage"", ""xml_schematic""]",0.95,10
CAA006,CAA009,C_CAA006,resolved_infrastructure,4,geopackage_authoritative_with_xml_supplement,"[""geopackage"", ""xml_schematic""]",0.95,10
CAA005,CAA006,C_CAA005,resolved_infrastructure,4,geopackage_authoritative_with_xml_supplement,"[""geopackage"", ""xml_schematic""]",0.95,9
CAA003,CAA005,C_CAA003,resolved_infrastructure,4,geopackage_authoritative_with_xml_supplement,"[""geopackage"", ""xml_schematic""]",0.95,8
CAA002,CAA003,C_CAA002,resolved_infrastructure,4,geopackage_authoritative_with_xml_supplement,"[""geopackage"", ""xml_schematic""]",0.95,6
DMC116,MDOTA,C_DMC116,resolved_infrastructure,4,geopackage_authoritative_with_xml_supplement,"[""geopackage"", ""xml_schematic""]",0.95,15
DMC111,DMC116,C_DMC111,resolved_infrastructure,4,geopackage_authoritative_with_xml_supplement,"[""geopackage"", ""xml_schematic""]",0.95,10
DMC111,FBW001,D_DMC111_FBW001,resolved_infrastructure,4,geopackage_authoritative_with_xml_supplement,"[""geopackage"", ""xml_schematic""]",0.95,9
DMC105,DMC111,C_DMC105,resolved_infrastructure,4,geopackage_authoritative_with_xml_supplement,"[""geopackage"", ""xml_schematic""]",0.95,11
DMC097,DMC105,C_DMC097,resolved_infrastructure,4,geopackage_authoritative_with_xml_supplement,"[""geopackage"", ""xml_schematic""]",0.95,9
DMC091,DMC097,C_DMC091,resolved_infrastructure,4,geopackage_authoritative_with_xml_supplement,"[""geopackage"", ""xml_schematic""]",0.95,9
DMC085,DMC091,C_DMC085,resolved_infrastructure,4,geopackage_authoritative_with_xml_supplement,"[""geopackage"", ""xml_schematic""]",0.95,9
DMC080,DMC085,C_DMC080,resolved_infrastructure,4,geopackage_authoritative_with_xml_supplement,"[""geopackage"", ""xml_schematic""]",0.95,8
DMC076,DMC080,C_DMC076,resolved_infrastructure,4,geopackage_authoritative_with_xml_supplement,"[""geopackage"", ""xml_schematic""]",0.95,8
LDC021,LDC007,C_LDC021,resolved_infrastructure,4,geopackage_authoritative_with_xml_supplement,"[""geopackage"", ""xml_schematic""]",0.95,7
JBC002,17N_PR,D_JBC002_17N_PR,resolved_infrastructure,4,geopackage_authoritative_with_xml_supplement,"[""geopackage"", ""xml_schematic""]",0.95,6
LCC038,BTC043,D_LCC038_BTC043,resolved_infrastructure,4,geopackage_authoritative_with_xml_supplement,"[""geopackage"", ""xml_schematic""]",0.95,10
LCC029,09_SA1,D_LCC029_09_SA1,resolved_infrastructure,4,geopackage_authoritative_with_xml_supplement,"[""geopackage"", ""xml_schematic""]",0.95,5
SEC009,11_SA4,D_SEC009_11_SA4,resolved_infrastructure,4,geopackage_authoritative_with_xml_supplement,"[""geopackage"", ""xml_schematic""]",0.95,6
LCC038,LCC029,C_LCC038,resolved_infrastructure,4,geopackage_authoritative_with_xml_supplement,"[""geopackage"", ""xml_schematic""]",0.95,8
LCC024,09_NA,D_LCC024_09_NA,resolved_infrastructure,4,geopackage_authoritative_with_xml_supplement,"[""geopackage"", ""xml_schematic""]",0.95,6
RVC005,11_SA2,D_RVC005_11_SA2,resolved_infrastructure,4,geopackage_authoritative_with_xml_supplement,"[""geopackage"", ""xml_schematic""]",0.95,6
SSL001,SAC085,C_SSL001,resolved_infrastructure,4,geopackage_authoritative_with_xml_supplement,"[""geopackage"", ""xml_schematic""]",0.95,13
RD1500,SSL001,C_RD1500,resolved_infrastructure,4,geopackage_authoritative_with_xml_supplement,"[""geopackage"", ""xml_schematic""]",0.95,11
DER011,DER004,C_DER011,resolved_infrastructure,4,geopackage_authoritative_with_xml_supplement,"[""geopackage"", ""xml_schematic""]",0.95,11
NFY017,NBLDB,C_NFY017,resolved_infrastructure,4,geopackage_authoritative_with_xml_supplement,"[""geopackage"", ""xml_schematic""]",0.95,10
SLT008,NFY017,C_SLT008,resolved_infrastructure,4,geopackage_authoritative_with_xml_supplement,"[""geopackage"", ""xml_schematic""]",0.95,7
SCT000,LST007,C_SCT000,resolved_infrastructure,4,geopackage_authoritative_with_xml_supplement,"[""geopackage"", ""xml_schematic""]",0.95,7
LST007,SLYCK,C_LST007,resolved_infrastructure,4,geopackage_authoritative_with_xml_supplement,"[""geopackage"", ""xml_schematic""]",0.95,9
DER001,YUB023,C_DER001,resolved_infrastructure,4,geopackage_authoritative_with_xml_supplement,"[""geopackage"", ""xml_schematic""]",0.95,8
SFY033,SFY007,C_SFY033,resolved_infrastructure,4,geopackage_authoritative_with_xml_supplement,"[""geopackage"", ""xml_schematic""]",0.95,9
MFY044,MFY013,C_MFY044,resolved_infrastructure,4,geopackage_authoritative_with_xml_supplement,"[""geopackage"", ""xml_schematic""]",0.95,8
OGN004,MFY005,C_OGN004,resolved_infrastructure,4,geopackage_authoritative_with_xml_supplement,"[""geopackage"", ""xml_schematic""]",0.95,7
CMT000,NBLDB,C_CMT000,resolved_infrastructure,4,geopackage_authoritative_with_xml_supplement,"[""geopackage"", ""xml_schematic""]",0.95,9
FTR018,15S_SA,D_FTR018_15S_SA,resolved_infrastructure,4,geopackage_authoritative_with_xml_supplement,"[""geopackage"", ""xml_schematic""]",0.95,6
SAC207,SAC201,C_SAC207,resolved_infrastructure,4,geopackage_authoritative_with_xml_supplement,"[""geopackage"", ""xml_schematic""]",0.95,14
NIDB1,DHC021,R_NIDB1_DHC021,resolved_infrastructure,4,geopackage_authoritative_with_xml_supplement,"[""geopackage"", ""xml_schematic""]",0.95,2
BSC010,SPLDG,D_BSC010_SPLDG,resolved_infrastructure,4,geopackage_authoritative_with_xml_supplement,"[""geopackage"", ""xml_schematic""]",0.95,7
DMC070,DMC074,C_DMC070,resolved_infrastructure,4,geopackage_authoritative_with_xml_supplement,"[""geopackage"", ""xml_schematic""]",0.95,12
DMC064,DMC070,C_DMC064,resolved_infrastructure,4,geopackage_authoritative_with_xml_supplement,"[""geopackage"", ""xml_schematic""]",0.95,13
DMC058,DMC064,C_DMC058,resolved_infrastructure,4,geopackage_authoritative_with_xml_supplement,"[""geopackage"", ""xml_schematic""]",0.95,9
DMC054,DMC058,C_DMC054,resolved_infrastructure,4,geopackage_authoritative_with_xml_supplement,"[""geopackage"", ""xml_schematic""]",0.95,9
DMC049,DMC054,C_DMC049,resolved_infrastructure,4,geopackage_authoritative_with_xml_supplement,"[""geopackage"", ""xml_schematic""]",0.95,9
SSJ004,WDWRD,C_SSJ004,resolved_infrastructure,4,geopackage_authoritative_with_xml_supplement,"[""geopackage"", ""xml_schematic""]",0.95,5
DMC044,DMC049,C_DMC044,resolved_infrastructure,4,geopackage_authoritative_with_xml_supplement,"[""geopackage"", ""xml_schematic""]",0.95,10
DMC039,DMC044,C_DMC039,resolved_infrastructure,4,geopackage_authoritative_with_xml_supplement,"[""geopackage"", ""xml_schematic""]",0.95,10
DMC034,DMC039,C_DMC034,resolved_infrastructure,4,geopackage_authoritative_with_xml_supplement,"[""geopackage"", ""xml_schematic""]",0.95,11
DMC030,DMC034,C_DMC030,resolved_infrastructure,4,geopackage_authoritative_with_xml_supplement,"[""geopackage"", ""xml_schematic""]",0.95,12
DMC024,DMC030,C_DMC024,resolved_infrastructure,4,geopackage_authoritative_with_xml_supplement,"[""geopackage"", ""xml_schematic""]",0.95,9
DMC021,DMC024,C_DMC021,resolved_infrastructure,4,geopackage_authoritative_with_xml_supplement,"[""geopackage"", ""xml_schematic""]",0.95,9
DMC016,DMC021,C_DMC016,resolved_infrastructure,4,geopackage_authoritative_with_xml_supplement,"[""geopackage"", ""xml_schematic""]",0.95,10
DMC011,DMC016,C_DMC011,resolved_infrastructure,4,geopackage_authoritative_with_xml_supplement,"[""geopackage"", ""xml_schematic""]",0.95,10
DMC007,DMC011,C_DMC007,resolved_infrastructure,4,geopackage_authoritative_with_xml_supplement,"[""geopackage"", ""xml_schematic""]",0.95,10
OMR028,DMC003,D_OMR028_DMC003,resolved_infrastructure,4,geopackage_authoritative_with_xml_supplement,"[""geopackage"", ""xml_schematic""]",0.95,7
FSL005,MDOTA,C_FSL005,resolved_infrastructure,4,geopackage_authoritative_with_xml_supplement,"[""geopackage"", ""xml_schematic""]",0.95,18
SJR263,SJR258,C_SJR263,resolved_infrastructure,4,geopackage_authoritative_with_xml_supplement,"[""geopackage"", ""xml_schematic""]",0.95,8
XCC010,XCC025,C_XCC010,resolved_infrastructure,4,geopackage_authoritative_with_xml_supplement,"[""geopackage"", ""xml_schematic""]",0.95,9
DMC044,71_PA4,D_DMC044_71_PA4,resolved_infrastructure,4,geopackage_authoritative_with_xml_supplement,"[""geopackage"", ""xml_schematic""]",0.95,7
SJR096,71_PA4,D_SJR096_71_PA4,resolved_infrastructure,4,geopackage_authoritative_with_xml_supplement,"[""geopackage"", ""xml_schematic""]",0.95,6
RFS71B,SJR091,R_RFS71B_SJR091,resolved_infrastructure,4,geopackage_authoritative_with_xml_supplement,"[""geopackage"", ""xml_schematic""]",0.95,11
OMR024b,VCT002,C_OMR024b,resolved_infrastructure,4,geopackage_authoritative_with_xml_supplement,"[""geopackage"", ""xml_schematic""]",0.95,2
MSH015,SJR009,C_MSH015,resolved_infrastructure,4,geopackage_authoritative_with_xml_supplement,"[""geopackage"", ""xml_schematic""]",0.95,8
SAC029b,MOK004,C_SAC029b,resolved_infrastructure,4,geopackage_authoritative_with_xml_supplement,"[""geopackage"", ""xml_schematic""]",0.95,7
MOK004,SJR022,C_MOK004,resolved_infrastructure,4,geopackage_authoritative_with_xml_supplement,"[""geopackage"", ""xml_schematic""]",0.95,16
BKR002,NBA009,D_BKR002_NBA009,resolved_infrastructure,4,geopackage_authoritative_with_xml_supplement,"[""geopackage"", ""xml_schematic""]",0.95,3
NBA009,NBA011,C_NBA009,resolved_infrastructure,4,geopackage_authoritative_with_xml_supplement,"[""geopackage"", ""xml_schematic""]",0.95,8
OMR027,OMR,DD_OMR027_OMR,resolved_infrastructure,4,geopackage_authoritative_with_xml_supplement,"[""geopackage"", ""xml_schematic""]",0.95,8
OMR028,OMR027,C_OMR028,resolved_infrastructure,4,geopackage_authoritative_with_xml_supplement,"[""geopackage"", ""xml_schematic""]",0.95,11
NBA021,NBA027,C_NBA021,resolved_infrastructure,4,geopackage_authoritative_with_xml_supplement,"[""geopackage"", ""xml_schematic""]",0.95,9
NBA027,WTPAMC,D_NBA027_WTPAMC,resolved_infrastructure,4,geopackage_authoritative_with_xml_supplement,"[""geopackage"", ""xml_schematic""]",0.95,6
NBA027,WTPJAC,D_NBA027_WTPJAC,resolved_infrastructure,4,geopackage_authoritative_with_xml_supplement,"[""geopackage"", ""xml_schematic""]",0.95,6
OMR021,ORP000,D_OMR021_ORP000,resolved_infrastructure,4,geopackage_authoritative_with_xml_supplement,"[""geopackage"", ""xml_schematic""]",0.95,8
VCT002,ORP000,D_VCT002_ORP000,resolved_infrastructure,4,geopackage_authoritative_with_xml_supplement,"[""geopackage"", ""xml_schematic""]",0.95,7
XCC033,XCC043,C_XCC033,resolved_infrastructure,4,geopackage_authoritative_with_xml_supplement,"[""geopackage"", ""xml_schematic""]",0.95,9
XCC043,XCC053,C_XCC043,resolved_infrastructure,4,geopackage_authoritative_with_xml_supplement,"[""geopackage"", ""xml_schematic""]",0.95,7
SJR006,SAC000,C_SJR006,resolved_infrastructure,4,geopackage_authoritative_with_xml_supplement,"[""geopackage"", ""xml_schematic""]",0.95,13
SJR013,SJR009,C_SJR013,resolved_infrastructure,4,geopackage_authoritative_with_xml_supplement,"[""geopackage"", ""xml_schematic""]",0.95,12
SJR022,SJR013,C_SJR022,resolved_infrastructure,4,geopackage_authoritative_with_xml_supplement,"[""geopackage"", ""xml_schematic""]",0.95,15
OMR039,OMR028,C_OMR039,resolved_infrastructure,4,geopackage_authoritative_with_xml_supplement,"[""geopackage"", ""xml_schematic""]",0.95,11
SJR023,SJR022,C_SJR023,resolved_infrastructure,4,geopackage_authoritative_with_xml_supplement,"[""geopackage"", ""xml_schematic""]",0.95,12
SJR026,SJR023,C_SJR026,resolved_infrastructure,4,geopackage_authoritative_with_xml_supplement,"[""geopackage"", ""xml_schematic""]",0.95,9
MDOTA,SJR201,C_MDOTA,resolved_infrastructure,4,geopackage_authoritative_with_xml_supplement,"[""geopackage"", ""xml_schematic""]",0.95,15
SJR028,SJR026,C_SJR028,resolved_infrastructure,4,geopackage_authoritative_with_xml_supplement,"[""geopackage"", ""xml_schematic""]",0.95,14
SJR033,SJR028,C_SJR033,resolved_infrastructure,4,geopackage_authoritative_with_xml_supplement,"[""geopackage"", ""xml_schematic""]",0.95,13
SJR038,SJR033,C_SJR038,resolved_infrastructure,4,geopackage_authoritative_with_xml_supplement,"[""geopackage"", ""xml_schematic""]",0.95,12
SJR042,SJR038,C_SJR042,resolved_infrastructure,4,geopackage_authoritative_with_xml_supplement,"[""geopackage"", ""xml_schematic""]",0.95,13
SJR043,SJR042,C_SJR043,resolved_infrastructure,4,geopackage_authoritative_with_xml_supplement,"[""geopackage"", ""xml_schematic""]",0.95,13
SJR048,SJR043,C_SJR048,resolved_infrastructure,4,geopackage_authoritative_with_xml_supplement,"[""geopackage"", ""xml_schematic""]",0.95,12
SJR053a,SJR048,C_SJR053a,resolved_infrastructure,4,geopackage_authoritative_with_xml_supplement,"[""geopackage"", ""xml_schematic""]",0.95,5
SAL006,SJR127,C_SAL006,resolved_infrastructure,4,geopackage_authoritative_with_xml_supplement,"[""geopackage"", ""xml_schematic""]",0.95,12
SJR056,SJR053,C_SJR056,resolved_infrastructure,4,geopackage_authoritative_with_xml_supplement,"[""geopackage"", ""xml_schematic""]",0.95,12
SJR062,SJR056,C_SJR062,resolved_infrastructure,4,geopackage_authoritative_with_xml_supplement,"[""geopackage"", ""xml_schematic""]",0.95,12
SJR070,SJR062,C_SJR070,resolved_infrastructure,4,geopackage_authoritative_with_xml_supplement,"[""geopackage"", ""xml_schematic""]",0.95,13
SJR072,SJR070,C_SJR072,resolved_infrastructure,4,geopackage_authoritative_with_xml_supplement,"[""geopackage"", ""xml_schematic""]",0.95,16
SJR075,SJR072,C_SJR075,resolved_infrastructure,4,geopackage_authoritative_with_xml_supplement,"[""geopackage"", ""xml_schematic""]",0.95,19
SJR081,SJR075,C_SJR081,resolved_infrastructure,4,geopackage_authoritative_with_xml_supplement,"[""geopackage"", ""xml_schematic""]",0.95,20
SJR082,SJR081,C_SJR082,resolved_infrastructure,4,geopackage_authoritative_with_xml_supplement,"[""geopackage"", ""xml_schematic""]",0.95,15
SJR087,SJR082,C_SJR087,resolved_infrastructure,4,geopackage_authoritative_with_xml_supplement,"[""geopackage"", ""xml_schematic""]",0.95,10
SJR090,SJR087,C_SJR090,resolved_infrastructure,4,geopackage_authoritative_with_xml_supplement,"[""geopackage"", ""xml_schematic""]",0.95,9
LBC043,LBC049,C_LBC043,resolved_infrastructure,4,geopackage_authoritative_with_xml_supplement,"[""geopackage"", ""xml_schematic""]",0.95,8
STH004,24_NA3,D_STH004_24_NA3,resolved_infrastructure,4,geopackage_authoritative_with_xml_supplement,"[""geopackage"", ""xml_schematic""]",0.95,2
LBC049,24_NA3,D_LBC049_24_NA3,resolved_infrastructure,4,geopackage_authoritative_with_xml_supplement,"[""geopackage"", ""xml_schematic""]",0.95,5
SJR091,SJR090,C_SJR091,resolved_infrastructure,4,geopackage_authoritative_with_xml_supplement,"[""geopackage"", ""xml_schematic""]",0.95,17
SJR096,SJR091,C_SJR096,resolved_infrastructure,4,geopackage_authoritative_with_xml_supplement,"[""geopackage"", ""xml_schematic""]",0.95,17
SJR101,SJR096,C_SJR101,resolved_infrastructure,4,geopackage_authoritative_with_xml_supplement,"[""geopackage"", ""xml_schematic""]",0.95,9
SJR106,SJR105,C_SJR106,resolved_infrastructure,4,geopackage_authoritative_with_xml_supplement,"[""geopackage"", ""xml_schematic""]",0.95,16
SJR111,SJR106,C_SJR111,resolved_infrastructure,4,geopackage_authoritative_with_xml_supplement,"[""geopackage"", ""xml_schematic""]",0.95,17
CLV004,SJR038,C_CLV004,resolved_infrastructure,4,geopackage_authoritative_with_xml_supplement,"[""geopackage"", ""xml_schematic""]",0.95,13
CLV009,CLV006,C_CLV009,resolved_infrastructure,4,geopackage_authoritative_with_xml_supplement,"[""geopackage"", ""xml_schematic""]",0.95,7
CLV010,CLV009,C_CLV010,resolved_infrastructure,4,geopackage_authoritative_with_xml_supplement,"[""geopackage"", ""xml_schematic""]",0.95,7
CLV016,CLV010,C_CLV016,resolved_infrastructure,4,geopackage_authoritative_with_xml_supplement,"[""geopackage"", ""xml_schematic""]",0.95,8
CLV023,CLV016,C_CLV023,resolved_infrastructure,4,geopackage_authoritative_with_xml_supplement,"[""geopackage"", ""xml_schematic""]",0.95,8
CLV026,CLV023,C_CLV026,resolved_infrastructure,4,geopackage_authoritative_with_xml_supplement,"[""geopackage"", ""xml_schematic""]",0.95,10
CLV028,CLV026,C_CLV028,resolved_infrastructure,4,geopackage_authoritative_with_xml_supplement,"[""geopackage"", ""xml_schematic""]",0.95,10
CLV043,CLV037,C_CLV043,resolved_infrastructure,4,geopackage_authoritative_with_xml_supplement,"[""geopackage"", ""xml_schematic""]",0.95,8
CLV037,CLV035,C_CLV037,resolved_infrastructure,4,geopackage_authoritative_with_xml_supplement,"[""geopackage"", ""xml_schematic""]",0.95,8
NHGAN,CLV044,C_NHGAN,resolved_infrastructure,4,geopackage_authoritative_with_xml_supplement,"[""geopackage"", ""xml_schematic""]",0.95,7
60N,MOK035,SR_60N_MOK035,resolved_infrastructure,4,geopackage_authoritative_with_xml_supplement,"[""geopackage"", ""xml_schematic""]",0.95,9
CLV044,CLV043,C_CLV044,resolved_infrastructure,4,geopackage_authoritative_with_xml_supplement,"[""geopackage"", ""xml_schematic""]",0.95,7
AMADR,DSC026,C_AMADR,resolved_infrastructure,4,geopackage_authoritative_with_xml_supplement,"[""geopackage"", ""xml_schematic""]",0.95,11
DSC028,DSC026,C_DSC028,resolved_infrastructure,4,geopackage_authoritative_with_xml_supplement,"[""geopackage"", ""xml_schematic""]",0.95,9
SDC001,CLV006,C_SDC001,resolved_infrastructure,4,geopackage_authoritative_with_xml_supplement,"[""geopackage"", ""xml_schematic""]",0.95,7
FCS007,FCS006,C_FCS007,resolved_infrastructure,4,geopackage_authoritative_with_xml_supplement,"[""geopackage"", ""xml_schematic""]",0.95,11
LJC010,FCS007,C_LJC010,resolved_infrastructure,4,geopackage_authoritative_with_xml_supplement,"[""geopackage"", ""xml_schematic""]",0.95,11
LJC022,LJC010,C_LJC022,resolved_infrastructure,4,geopackage_authoritative_with_xml_supplement,"[""geopackage"", ""xml_schematic""]",0.95,10
STS011,SJR072,C_STS011,resolved_infrastructure,4,geopackage_authoritative_with_xml_supplement,"[""geopackage"", ""xml_schematic""]",0.95,13
STS017,STS011,C_STS017,resolved_infrastructure,4,geopackage_authoritative_with_xml_supplement,"[""geopackage"", ""xml_schematic""]",0.95,11
STS030,STS020,C_STS030,resolved_infrastructure,4,geopackage_authoritative_with_xml_supplement,"[""geopackage"", ""xml_schematic""]",0.95,11
STS043,STS036,C_STS043,resolved_infrastructure,4,geopackage_authoritative_with_xml_supplement,"[""geopackage"", ""xml_schematic""]",0.95,9
CAA000,50_PA2,D_CAA000_50_PA2,resolved_infrastructure,4,geopackage_authoritative_with_xml_supplement,"[""geopackage"", ""xml_schematic""]",0.95,3
50_PA2,OMR027,R_50_PA2_OMR027,resolved_infrastructure,4,geopackage_authoritative_with_xml_supplement,"[""geopackage"", ""xml_schematic""]",0.95,8
WTPJYL,JLIND,D_WTPJYL_JLIND,resolved_infrastructure,4,geopackage_authoritative_with_xml_supplement,"[""geopackage"", ""xml_schematic""]",0.95,3
STS048,STS043,C_STS048,resolved_infrastructure,4,geopackage_authoritative_with_xml_supplement,"[""geopackage"", ""xml_schematic""]",0.95,7
STS053,STS050,C_STS053,resolved_infrastructure,4,geopackage_authoritative_with_xml_supplement,"[""geopackage"", ""xml_schematic""]",0.95,8
STS058,STS053,C_STS058,resolved_infrastructure,4,geopackage_authoritative_with_xml_supplement,"[""geopackage"", ""xml_schematic""]",0.95,8
SJR114,SJR111,C_SJR114,resolved_infrastructure,4,geopackage_authoritative_with_xml_supplement,"[""geopackage"", ""xml_schematic""]",0.95,9
SJR116,SJR115,C_SJR116,resolved_infrastructure,4,geopackage_authoritative_with_xml_supplement,"[""geopackage"", ""xml_schematic""]",0.95,10
SJR117,SJR116,C_SJR117,resolved_infrastructure,4,geopackage_authoritative_with_xml_supplement,"[""geopackage"", ""xml_schematic""]",0.95,17
SJR119,SJR117,C_SJR119,resolved_infrastructure,4,geopackage_authoritative_with_xml_supplement,"[""geopackage"", ""xml_schematic""]",0.95,14
RFS71C,XCC054,R_RFS71C_XCC054,resolved_infrastructure,4,geopackage_authoritative_with_xml_supplement,"[""geopackage"", ""xml_schematic""]",0.95,4
SJR123,SJR119,C_SJR123,resolved_infrastructure,4,geopackage_authoritative_with_xml_supplement,"[""geopackage"", ""xml_schematic""]",0.95,8
SJR127,SJR123,C_SJR127,resolved_infrastructure,4,geopackage_authoritative_with_xml_supplement,"[""geopackage"", ""xml_schematic""]",0.95,8
SJR131,SJR127,C_SJR131,resolved_infrastructure,4,geopackage_authoritative_with_xml_supplement,"[""geopackage"", ""xml_schematic""]",0.95,8
SJR134,SJR131,C_SJR134,resolved_infrastructure,4,geopackage_authoritative_with_xml_supplement,"[""geopackage"", ""xml_schematic""]",0.95,13
SJR141,SJR134,C_SJR141,resolved_infrastructure,4,geopackage_authoritative_with_xml_supplement,"[""geopackage"", ""xml_schematic""]",0.95,13
SJR145,SJR141,C_SJR145,resolved_infrastructure,4,geopackage_authoritative_with_xml_supplement,"[""geopackage"", ""xml_schematic""]",0.95,10
MSN004,SJR119,C_MSN004,resolved_infrastructure,4,geopackage_authoritative_with_xml_supplement,"[""geopackage"", ""xml_schematic""]",0.95,15
MSN009,MSN005,C_MSN009,resolved_infrastructure,4,geopackage_authoritative_with_xml_supplement,"[""geopackage"", ""xml_schematic""]",0.95,9
LBN008,MSN004,C_LBN008,resolved_infrastructure,4,geopackage_authoritative_with_xml_supplement,"[""geopackage"", ""xml_schematic""]",0.95,16
BANOS,LBN025,C_BANOS,resolved_infrastructure,4,geopackage_authoritative_with_xml_supplement,"[""geopackage"", ""xml_schematic""]",0.95,8
VLW008,LBN012,C_VLW008,resolved_infrastructure,4,geopackage_authoritative_with_xml_supplement,"[""geopackage"", ""xml_schematic""]",0.95,10
DMC054,NMW004,D_DMC054_NMW004,resolved_infrastructure,4,geopackage_authoritative_with_xml_supplement,"[""geopackage"", ""xml_schematic""]",0.95,9
GRZ012,XCC054,C_GRZ012,resolved_infrastructure,4,geopackage_authoritative_with_xml_supplement,"[""geopackage"", ""xml_schematic""]",0.95,8
ORT014,ORT009,C_ORT014,resolved_infrastructure,4,geopackage_authoritative_with_xml_supplement,"[""geopackage"", ""xml_schematic""]",0.95,8
MOK034,60N_NA5,D_MOK034_60N_NA5,resolved_infrastructure,4,geopackage_authoritative_with_xml_supplement,"[""geopackage"", ""xml_schematic""]",0.95,2
MCD021,63_NA4,D_MCD021_63_NA4,resolved_infrastructure,4,geopackage_authoritative_with_xml_supplement,"[""geopackage"", ""xml_schematic""]",0.95,10
DBC024,DBC014,C_DBC024,resolved_infrastructure,4,geopackage_authoritative_with_xml_supplement,"[""geopackage"", ""xml_schematic""]",0.95,7
60N_NU1,WSWWTP,R_60N_NU1_WSWWTP,resolved_infrastructure,4,geopackage_authoritative_with_xml_supplement,"[""geopackage"", ""xml_schematic""]",0.95,4
WSWWTP,SJR028,R_WSWWTP_SJR028,resolved_infrastructure,4,geopackage_authoritative_with_xml_supplement,"[""geopackage"", ""xml_schematic""]",0.95,12
DMC034,WWW001,D_DMC034_WWW001,resolved_infrastructure,4,geopackage_authoritative_with_xml_supplement,"[""geopackage"", ""xml_schematic""]",0.95,11
MLRTN,MDC006,D_MLRTN_MDC006,resolved_infrastructure,4,geopackage_authoritative_with_xml_supplement,"[""geopackage"", ""xml_schematic""]",0.95,12
MDC006,MDC019,C_MDC006,resolved_infrastructure,4,geopackage_authoritative_with_xml_supplement,"[""geopackage"", ""xml_schematic""]",0.95,9
BCK040,BCK035,C_BCK040,resolved_infrastructure,4,geopackage_authoritative_with_xml_supplement,"[""geopackage"", ""xml_schematic""]",0.95,8
EBP005,EBP016,C_EBP005,resolved_infrastructure,4,geopackage_authoritative_with_xml_supplement,"[""geopackage"", ""xml_schematic""]",0.95,13
EBP050,SJR134,C_EBP050,resolved_infrastructure,4,geopackage_authoritative_with_xml_supplement,"[""geopackage"", ""xml_schematic""]",0.95,16
EBP048,EBP050,C_EBP048,resolved_infrastructure,4,geopackage_authoritative_with_xml_supplement,"[""geopackage"", ""xml_schematic""]",0.95,14
EBP043,EBP048,C_EBP043,resolved_infrastructure,4,geopackage_authoritative_with_xml_supplement,"[""geopackage"", ""xml_schematic""]",0.95,11
EBP041,EBP042,C_EBP041,resolved_infrastructure,4,geopackage_authoritative_with_xml_supplement,"[""geopackage"", ""xml_schematic""]",0.95,11
EBP033,EBP041,C_EBP033,resolved_infrastructure,4,geopackage_authoritative_with_xml_supplement,"[""geopackage"", ""xml_schematic""]",0.95,9
EBP032,EBP033,C_EBP032,resolved_infrastructure,4,geopackage_authoritative_with_xml_supplement,"[""geopackage"", ""xml_schematic""]",0.95,9
EBP030,EBP032,C_EBP030,resolved_infrastructure,4,geopackage_authoritative_with_xml_supplement,"[""geopackage"", ""xml_schematic""]",0.95,17
EBP022,EBP030,C_EBP022,resolved_infrastructure,4,geopackage_authoritative_with_xml_supplement,"[""geopackage"", ""xml_schematic""]",0.95,16
EBP019,EBP022,C_EBP019,resolved_infrastructure,4,geopackage_authoritative_with_xml_supplement,"[""geopackage"", ""xml_schematic""]",0.95,11
EBP016,EBP019,C_EBP016,resolved_infrastructure,4,geopackage_authoritative_with_xml_supplement,"[""geopackage"", ""xml_schematic""]",0.95,13
MCD052,MCD050,C_MCD052,resolved_infrastructure,4,geopackage_authoritative_with_xml_supplement,"[""geopackage"", ""xml_schematic""]",0.95,13
MCD050,62_NA2,D_MCD050_62_NA2,resolved_infrastructure,4,geopackage_authoritative_with_xml_supplement,"[""geopackage"", ""xml_schematic""]",0.95,9
CHW024,CHW021,C_CHW024,resolved_infrastructure,4,geopackage_authoritative_with_xml_supplement,"[""geopackage"", ""xml_schematic""]",0.95,8
CHW031,CHW028,C_CHW031,resolved_infrastructure,4,geopackage_authoritative_with_xml_supplement,"[""geopackage"", ""xml_schematic""]",0.95,12
DED010,DED003,C_DED010,resolved_infrastructure,4,geopackage_authoritative_with_xml_supplement,"[""geopackage"", ""xml_schematic""]",0.95,12
DED019,DED012,C_DED019,resolved_infrastructure,4,geopackage_authoritative_with_xml_supplement,"[""geopackage"", ""xml_schematic""]",0.95,7
CHW028,BRS018,D_CHW028_BRS018,resolved_infrastructure,4,geopackage_authoritative_with_xml_supplement,"[""geopackage"", ""xml_schematic""]",0.95,11
CHW028,ASL013,D_CHW028_ASL013,resolved_infrastructure,4,geopackage_authoritative_with_xml_supplement,"[""geopackage"", ""xml_schematic""]",0.95,11
MID021,DED012,D_MID021_DED012,resolved_infrastructure,4,geopackage_authoritative_with_xml_supplement,"[""geopackage"", ""xml_schematic""]",0.95,8
MOK079,PARDE,C_MOK079,resolved_infrastructure,4,geopackage_authoritative_with_xml_supplement,"[""geopackage"", ""xml_schematic""]",0.95,10
SJR152,SJR145,C_SJR152,resolved_infrastructure,4,geopackage_authoritative_with_xml_supplement,"[""geopackage"", ""xml_schematic""]",0.95,10
SJR157,SJR152,C_SJR157,resolved_infrastructure,4,geopackage_authoritative_with_xml_supplement,"[""geopackage"", ""xml_schematic""]",0.95,8
SJR166,SJR157,C_SJR166,resolved_infrastructure,4,geopackage_authoritative_with_xml_supplement,"[""geopackage"", ""xml_schematic""]",0.95,10
26S_PU4,SRWWTP,R_26S_PU4_SRWWTP,resolved_infrastructure,4,geopackage_authoritative_with_xml_supplement,"[""geopackage"", ""xml_schematic""]",0.95,20
26S_PU5,SRWWTP,R_26S_PU5_SRWWTP,resolved_infrastructure,4,geopackage_authoritative_with_xml_supplement,"[""geopackage"", ""xml_schematic""]",0.95,20
26S_PU2,SRWWTP,R_26S_PU2_SRWWTP,resolved_infrastructure,4,geopackage_authoritative_with_xml_supplement,"[""geopackage"", ""xml_schematic""]",0.95,20
26N_PU3,SRWWTP,R_26N_PU3_SRWWTP,resolved_infrastructure,4,geopackage_authoritative_with_xml_supplement,"[""geopackage"", ""xml_schematic""]",0.95,20
26N_PU2,SRWWTP,R_26N_PU2_SRWWTP,resolved_infrastructure,4,geopackage_authoritative_with_xml_supplement,"[""geopackage"", ""xml_schematic""]",0.95,20
26N_NU2,SRWWTP,R_26N_NU2_SRWWTP,resolved_infrastructure,4,geopackage_authoritative_with_xml_supplement,"[""geopackage"", ""xml_schematic""]",0.95,20
DCWWTP,DCK012,R_DCWWTP_DCK012,resolved_infrastructure,4,geopackage_authoritative_with_xml_supplement,"[""geopackage"", ""xml_schematic""]",0.95,7
STH005,MRM001,D_STH005_MRM001,resolved_infrastructure,4,geopackage_authoritative_with_xml_supplement,"[""geopackage"", ""xml_schematic""]",0.95,9
FRS022,FRS020,C_FRS022,resolved_infrastructure,4,geopackage_authoritative_with_xml_supplement,"[""geopackage"", ""xml_schematic""]",0.95,10
DPC008,SJR091,C_DPC008,resolved_infrastructure,4,geopackage_authoritative_with_xml_supplement,"[""geopackage"", ""xml_schematic""]",0.95,15
03,COW003,SR_03_COW003,resolved_infrastructure,4,geopackage_authoritative_with_xml_supplement,"[""geopackage"", ""xml_schematic""]",0.95,6
BRR011,BRR004,C_BRR011,resolved_infrastructure,4,geopackage_authoritative_with_xml_supplement,"[""geopackage"", ""xml_schematic""]",0.95,16
YUB003,YUB002,C_YUB003,resolved_infrastructure,4,geopackage_authoritative_with_xml_supplement,"[""geopackage"", ""xml_schematic""]",0.95,10
JCK002,FTR030,C_JCK002,resolved_infrastructure,4,geopackage_authoritative_with_xml_supplement,"[""geopackage"", ""xml_schematic""]",0.95,10
SLT009,SLT008,C_SLT009,resolved_infrastructure,4,geopackage_authoritative_with_xml_supplement,"[""geopackage"", ""xml_schematic""]",0.95,7
SFT000,LST007,C_SFT000,resolved_infrastructure,4,geopackage_authoritative_with_xml_supplement,"[""geopackage"", ""xml_schematic""]",0.95,7
SLT009,SCT000,D_SLT009_SCT000,resolved_infrastructure,4,geopackage_authoritative_with_xml_supplement,"[""geopackage"", ""xml_schematic""]",0.95,7
SFF029,SFT000,D_SFF029_SFT000,resolved_infrastructure,4,geopackage_authoritative_with_xml_supplement,"[""geopackage"", ""xml_schematic""]",0.95,7
SAC011,SAC007,C_SAC011,resolved_infrastructure,4,geopackage_authoritative_with_xml_supplement,"[""geopackage"", ""xml_schematic""]",0.95,8
OMR013,RSL001,C_OMR013b,resolved_infrastructure,4,geopackage_authoritative_with_xml_supplement,"[""geopackage"", ""xml_schematic""]",0.95,6
RSL001b,OMR018,C_RSL001b,resolved_infrastructure,4,geopackage_authoritative_with_xml_supplement,"[""geopackage"", ""xml_schematic""]",0.95,4
OMR021,OMR018,C_OMR021,resolved_infrastructure,4,geopackage_authoritative_with_xml_supplement,"[""geopackage"", ""xml_schematic""]",0.95,9
15S,BRR004,SR_15S_BRR004,resolved_infrastructure,4,geopackage_authoritative_with_xml_supplement,"[""geopackage"", ""xml_schematic""]",0.95,10
DRM011,BRR067,C_DRM011,resolved_infrastructure,4,geopackage_authoritative_with_xml_supplement,"[""geopackage"", ""xml_schematic""]",0.95,7
TWL005,LBR002,C_TWL005,resolved_infrastructure,4,geopackage_authoritative_with_xml_supplement,"[""geopackage"", ""xml_schematic""]",0.95,7
LWSTN,TRN111,C_LWSTN,resolved_infrastructure,4,geopackage_authoritative_with_xml_supplement,"[""geopackage"", ""xml_schematic""]",0.95,8
CLR025,WKYTN,C_CLR025,resolved_infrastructure,4,geopackage_authoritative_with_xml_supplement,"[""geopackage"", ""xml_schematic""]",0.95,11
CCT011,CLR025,C_CCT011,resolved_infrastructure,4,geopackage_authoritative_with_xml_supplement,"[""geopackage"", ""xml_schematic""]",0.95,6
SAC301,KSWCK,C_SAC301,resolved_infrastructure,4,geopackage_authoritative_with_xml_supplement,"[""geopackage"", ""xml_schematic""]",0.95,10
SPT003,SAC301,C_SPT003,resolved_infrastructure,4,geopackage_authoritative_with_xml_supplement,"[""geopackage"", ""xml_schematic""]",0.95,7
WKYTN,02_PU,D_WKYTN_02_PU,resolved_infrastructure,4,geopackage_authoritative_with_xml_supplement,"[""geopackage"", ""xml_schematic""]",0.95,9
DED025,DED019,C_DED025,resolved_infrastructure,4,geopackage_authoritative_with_xml_supplement,"[""geopackage"", ""xml_schematic""]",0.95,9
DED032,DED025,C_DED032,resolved_infrastructure,4,geopackage_authoritative_with_xml_supplement,"[""geopackage"", ""xml_schematic""]",0.95,9
DED035,DED032,C_DED035,resolved_infrastructure,4,geopackage_authoritative_with_xml_supplement,"[""geopackage"", ""xml_schematic""]",0.95,8
DED038,DED035,C_DED038,resolved_infrastructure,4,geopackage_authoritative_with_xml_supplement,"[""geopackage"", ""xml_schematic""]",0.95,8
DED044,DED038,C_DED044,resolved_infrastructure,4,geopackage_authoritative_with_xml_supplement,"[""geopackage"", ""xml_schematic""]",0.95,8
BCK006,EBP048,C_BCK006,resolved_infrastructure,4,geopackage_authoritative_with_xml_supplement,"[""geopackage"", ""xml_schematic""]",0.95,14
BCK010,BCK006,C_BCK010,resolved_infrastructure,4,geopackage_authoritative_with_xml_supplement,"[""geopackage"", ""xml_schematic""]",0.95,11
BCK017,BCK010,C_BCK017,resolved_infrastructure,4,geopackage_authoritative_with_xml_supplement,"[""geopackage"", ""xml_schematic""]",0.95,8
BCK024,BCK017,C_BCK024,resolved_infrastructure,4,geopackage_authoritative_with_xml_supplement,"[""geopackage"", ""xml_schematic""]",0.95,8
BCK031,BCK024,C_BCK031,resolved_infrastructure,4,geopackage_authoritative_with_xml_supplement,"[""geopackage"", ""xml_schematic""]",0.95,8
BCK033,BCK031,C_BCK033,resolved_infrastructure,4,geopackage_authoritative_with_xml_supplement,"[""geopackage"", ""xml_schematic""]",0.95,10
STS060,STS059,C_STS060,resolved_infrastructure,4,geopackage_authoritative_with_xml_supplement,"[""geopackage"", ""xml_schematic""]",0.95,10
61_NU2,MAWWTP,R_61_NU2_MAWWTP,resolved_infrastructure,4,geopackage_authoritative_with_xml_supplement,"[""geopackage"", ""xml_schematic""]",0.95,4
WTPDGT,61_NU2,D_WTPDGT_61_NU2,resolved_infrastructure,4,geopackage_authoritative_with_xml_supplement,"[""geopackage"", ""xml_schematic""]",0.95,2
MAWWTP,SJR056,R_MAWWTP_SJR056,resolved_infrastructure,4,geopackage_authoritative_with_xml_supplement,"[""geopackage"", ""xml_schematic""]",0.95,10
50_PU,TCWWTP,R_50_PU_TCWWTP,resolved_infrastructure,4,geopackage_authoritative_with_xml_supplement,"[""geopackage"", ""xml_schematic""]",0.95,4
STS030,61_NA4,D_STS030_61_NA4,resolved_infrastructure,4,geopackage_authoritative_with_xml_supplement,"[""geopackage"", ""xml_schematic""]",0.95,8
61_NA4,SJR072,R_61_NA4_SJR072,resolved_infrastructure,4,geopackage_authoritative_with_xml_supplement,"[""geopackage"", ""xml_schematic""]",0.95,9
61_PA2,RFS61B,R_61_PA2_RFS61B,resolved_infrastructure,4,geopackage_authoritative_with_xml_supplement,"[""geopackage"", ""xml_schematic""]",0.95,6
61_NA2,RFS61D,R_61_NA2_RFS61D,resolved_infrastructure,4,geopackage_authoritative_with_xml_supplement,"[""geopackage"", ""xml_schematic""]",0.95,6
CAA095,72_PU,D_CAA095_72_PU,resolved_infrastructure,4,geopackage_authoritative_with_xml_supplement,"[""geopackage"", ""xml_schematic""]",0.95,2
RFS61D,TUO017,R_RFS61D_TUO017,resolved_infrastructure,4,geopackage_authoritative_with_xml_supplement,"[""geopackage"", ""xml_schematic""]",0.95,14
MDSTO,61_NA2,D_MDSTO_61_NA2,resolved_infrastructure,4,geopackage_authoritative_with_xml_supplement,"[""geopackage"", ""xml_schematic""]",0.95,2
MDSTO,WTPMOD,D_MDSTO_WTPMOD,resolved_infrastructure,4,geopackage_authoritative_with_xml_supplement,"[""geopackage"", ""xml_schematic""]",0.95,2
WTPMOD,61_NU1,D_WTPMOD_61_NU1,resolved_infrastructure,4,geopackage_authoritative_with_xml_supplement,"[""geopackage"", ""xml_schematic""]",0.95,2
61_NU1,MOWWTP,R_61_NU1_MOWWTP,resolved_infrastructure,4,geopackage_authoritative_with_xml_supplement,"[""geopackage"", ""xml_schematic""]",0.95,4
RFS61D,RFS61A,R_RFS61D_RFS61A,resolved_infrastructure,4,geopackage_authoritative_with_xml_supplement,"[""geopackage"", ""xml_schematic""]",0.95,10
RFS61A,SJR072,R_RFS61A_SJR072,resolved_infrastructure,4,geopackage_authoritative_with_xml_supplement,"[""geopackage"", ""xml_schematic""]",0.95,13
61_NA3,TUO003,R_61_NA3_TUO003,resolved_infrastructure,4,geopackage_authoritative_with_xml_supplement,"[""geopackage"", ""xml_schematic""]",0.95,7
WTPFTH,03_SU,D_WTPFTH_03_SU,resolved_infrastructure,4,geopackage_authoritative_with_xml_supplement,"[""geopackage"", ""xml_schematic""]",0.95,2
BCN005,03_NA,D_BCN005_03_NA,resolved_infrastructure,4,geopackage_authoritative_with_xml_supplement,"[""geopackage"", ""xml_schematic""]",0.95,5
RFS61B,TUO017,R_RFS61B_TUO017,resolved_infrastructure,4,geopackage_authoritative_with_xml_supplement,"[""geopackage"", ""xml_schematic""]",0.95,16
SJR081,61_NA5,D_SJR081_61_NA5,resolved_infrastructure,4,geopackage_authoritative_with_xml_supplement,"[""geopackage"", ""xml_schematic""]",0.95,10
61_NA5,RFS61A,R_61_NA5_RFS61A,resolved_infrastructure,4,geopackage_authoritative_with_xml_supplement,"[""geopackage"", ""xml_schematic""]",0.95,6
RFS61A,SJR075,R_RFS61A_SJR075,resolved_infrastructure,4,geopackage_authoritative_with_xml_supplement,"[""geopackage"", ""xml_schematic""]",0.95,16
TUO017,62_NA4,D_TUO017_62_NA4,resolved_infrastructure,4,geopackage_authoritative_with_xml_supplement,"[""geopackage"", ""xml_schematic""]",0.95,10
RFS62,SJR082,R_RFS62_SJR082,resolved_infrastructure,4,geopackage_authoritative_with_xml_supplement,"[""geopackage"", ""xml_schematic""]",0.95,5
MOWWTP,TUO010,R_MOWWTP_TUO010,resolved_infrastructure,4,geopackage_authoritative_with_xml_supplement,"[""geopackage"", ""xml_schematic""]",0.95,8
OAK001,OAK020,C_OAK001,resolved_infrastructure,4,geopackage_authoritative_with_xml_supplement,"[""geopackage"", ""xml_schematic""]",0.95,7
OAK020,61_PA2,D_OAK020_61_PA2,resolved_infrastructure,4,geopackage_authoritative_with_xml_supplement,"[""geopackage"", ""xml_schematic""]",0.95,5
62_NA5,SJR082,R_62_NA5_SJR082,resolved_infrastructure,4,geopackage_authoritative_with_xml_supplement,"[""geopackage"", ""xml_schematic""]",0.95,7
MCD052,MID021,D_MCD052_MID021,resolved_infrastructure,4,geopackage_authoritative_with_xml_supplement,"[""geopackage"", ""xml_schematic""]",0.95,12
CLR009,02_NA,D_CLR009_02_NA,resolved_infrastructure,4,geopackage_authoritative_with_xml_supplement,"[""geopackage"", ""xml_schematic""]",0.95,5
SCW008,CWD009,C_SCW008,resolved_infrastructure,4,geopackage_authoritative_with_xml_supplement,"[""geopackage"", ""xml_schematic""]",0.95,10
TCC111,07S_PA,D_TCC111_07S_PA,resolved_infrastructure,4,geopackage_authoritative_with_xml_supplement,"[""geopackage"", ""xml_schematic""]",0.95,4
RFS61D,61_NA5,D_RFS61D_61_NA5,resolved_infrastructure,4,geopackage_authoritative_with_xml_supplement,"[""geopackage"", ""xml_schematic""]",0.95,6
RFS61B,61_NA2,D_RFS61B_61_NA2,resolved_infrastructure,4,geopackage_authoritative_with_xml_supplement,"[""geopackage"", ""xml_schematic""]",0.95,6
MCD055,62_NA6,D_MCD055_62_NA6,resolved_infrastructure,4,geopackage_authoritative_with_xml_supplement,"[""geopackage"", ""xml_schematic""]",0.95,6
62_NA6,MCD028,R_62_NA6_MCD028,resolved_infrastructure,4,geopackage_authoritative_with_xml_supplement,"[""geopackage"", ""xml_schematic""]",0.95,9
MID021,63_NA3,D_MID021_63_NA3,resolved_infrastructure,4,geopackage_authoritative_with_xml_supplement,"[""geopackage"", ""xml_schematic""]",0.95,8
MID021,63_NA4,D_MID021_63_NA4,resolved_infrastructure,4,geopackage_authoritative_with_xml_supplement,"[""geopackage"", ""xml_schematic""]",0.95,8
63_NA4,SJR117,R_63_NA4_SJR117,resolved_infrastructure,4,geopackage_authoritative_with_xml_supplement,"[""geopackage"", ""xml_schematic""]",0.95,11
MCD002,63_NA4,D_MCD002_63_NA4,resolved_infrastructure,4,geopackage_authoritative_with_xml_supplement,"[""geopackage"", ""xml_schematic""]",0.95,7
SJR114,62_NA5,D_SJR114_62_NA5,resolved_infrastructure,4,geopackage_authoritative_with_xml_supplement,"[""geopackage"", ""xml_schematic""]",0.95,6
63_NA2,MCD028,R_63_NA2_MCD028,resolved_infrastructure,4,geopackage_authoritative_with_xml_supplement,"[""geopackage"", ""xml_schematic""]",0.95,9
RFS62,MCD021,R_RFS62_MCD021,resolved_infrastructure,4,geopackage_authoritative_with_xml_supplement,"[""geopackage"", ""xml_schematic""]",0.95,8
DMC007,CAA009,D_DMC007_CAA009,resolved_infrastructure,4,geopackage_authoritative_with_xml_supplement,"[""geopackage"", ""xml_schematic""]",0.95,11
CAA009,DMC007,D_CAA009_DMC007,resolved_infrastructure,4,geopackage_authoritative_with_xml_supplement,"[""geopackage"", ""xml_schematic""]",0.95,11
CAA087,73_PA1,D_CAA087_73_PA1,resolved_infrastructure,4,geopackage_authoritative_with_xml_supplement,"[""geopackage"", ""xml_schematic""]",0.95,6
SAC259,SAC257,C_SAC259,resolved_infrastructure,4,geopackage_authoritative_with_xml_supplement,"[""geopackage"", ""xml_schematic""]",0.95,10
CWD004,CWD003,C_CWD004,resolved_infrastructure,4,geopackage_authoritative_with_xml_supplement,"[""geopackage"", ""xml_schematic""]",0.95,11
62_NA4,TUO003,R_62_NA4_TUO003,resolved_infrastructure,4,geopackage_authoritative_with_xml_supplement,"[""geopackage"", ""xml_schematic""]",0.95,7
OAK020,61_NA2,D_OAK020_61_NA2,resolved_infrastructure,4,geopackage_authoritative_with_xml_supplement,"[""geopackage"", ""xml_schematic""]",0.95,5
RFS61B,STS036,R_RFS61B_STS036,resolved_infrastructure,4,geopackage_authoritative_with_xml_supplement,"[""geopackage"", ""xml_schematic""]",0.95,10
62_NA2,MCD028,R_62_NA2_MCD028,resolved_infrastructure,4,geopackage_authoritative_with_xml_supplement,"[""geopackage"", ""xml_schematic""]",0.95,9
63_NA3,MCD028,R_63_NA3_MCD028,resolved_infrastructure,4,geopackage_authoritative_with_xml_supplement,"[""geopackage"", ""xml_schematic""]",0.95,9
73_PA1,LBN025,R_73_PA1_LBN025,resolved_infrastructure,4,geopackage_authoritative_with_xml_supplement,"[""geopackage"", ""xml_schematic""]",0.95,5
DMC076,XCC043,D_DMC076_XCC043,resolved_infrastructure,4,geopackage_authoritative_with_xml_supplement,"[""geopackage"", ""xml_schematic""]",0.95,8
DMC074,DMC076,C_DMC074,resolved_infrastructure,4,geopackage_authoritative_with_xml_supplement,"[""geopackage"", ""xml_schematic""]",0.95,8
XCC054,LBN008,D_XCC054_LBN008,resolved_infrastructure,4,geopackage_authoritative_with_xml_supplement,"[""geopackage"", ""xml_schematic""]",0.95,8
OMR018,OMR014,C_OMR018,resolved_infrastructure,4,geopackage_authoritative_with_xml_supplement,"[""geopackage"", ""xml_schematic""]",0.95,8
FRS036,64_PA1,D_FRS036_64_PA1,resolved_infrastructure,4,geopackage_authoritative_with_xml_supplement,"[""geopackage"", ""xml_schematic""]",0.95,6
MDC006,64_PA1,D_MDC006_64_PA1,resolved_infrastructure,4,geopackage_authoritative_with_xml_supplement,"[""geopackage"", ""xml_schematic""]",0.95,7
SJR227,64_PA3,D_SJR227_64_PA3,resolved_infrastructure,4,geopackage_authoritative_with_xml_supplement,"[""geopackage"", ""xml_schematic""]",0.95,8
EBP016,64_NA2,D_EBP016_64_NA2,resolved_infrastructure,4,geopackage_authoritative_with_xml_supplement,"[""geopackage"", ""xml_schematic""]",0.95,8
64_NA2,EBP030,R_64_NA2_EBP030,resolved_infrastructure,4,geopackage_authoritative_with_xml_supplement,"[""geopackage"", ""xml_schematic""]",0.95,12
OMR013,OMR002,C_OMR013a,resolved_infrastructure,4,geopackage_authoritative_with_xml_supplement,"[""geopackage"", ""xml_schematic""]",0.95,5
CCC019,CCWD,D_CCC019_CCWD,resolved_infrastructure,4,geopackage_authoritative_with_xml_supplement,"[""geopackage"", ""xml_schematic""]",0.95,5
OMR002,SJR013,C_OMR002,resolved_infrastructure,4,geopackage_authoritative_with_xml_supplement,"[""geopackage"", ""xml_schematic""]",0.95,10
RFS71A,OMR039,R_RFS71A_OMR039,resolved_infrastructure,4,geopackage_authoritative_with_xml_supplement,"[""geopackage"", ""xml_schematic""]",0.95,11
LJC022,WTPWDH,D_LJC022_WTPWDH,resolved_infrastructure,4,geopackage_authoritative_with_xml_supplement,"[""geopackage"", ""xml_schematic""]",0.95,7
60S_PA2,FCS007,R_60S_PA2_FCS007,resolved_infrastructure,4,geopackage_authoritative_with_xml_supplement,"[""geopackage"", ""xml_schematic""]",0.95,8
CLV026,WTPWDH,D_CLV026_WTPWDH,resolved_infrastructure,4,geopackage_authoritative_with_xml_supplement,"[""geopackage"", ""xml_schematic""]",0.95,7
60S_PA1,SDC001,R_60S_PA1_SDC001,resolved_infrastructure,4,geopackage_authoritative_with_xml_supplement,"[""geopackage"", ""xml_schematic""]",0.95,4
LJC010,60S_PA2,D_LJC010_60S_PA2,resolved_infrastructure,4,geopackage_authoritative_with_xml_supplement,"[""geopackage"", ""xml_schematic""]",0.95,5
WTPWDH,60S_NU1,D_WTPWDH_60S_NU1,resolved_infrastructure,4,geopackage_authoritative_with_xml_supplement,"[""geopackage"", ""xml_schematic""]",0.95,2
CLV026,60S_PA1,D_CLV026_60S_PA1,resolved_infrastructure,4,geopackage_authoritative_with_xml_supplement,"[""geopackage"", ""xml_schematic""]",0.95,7
CLV037,CACWD,D_CLV037_CACWD,resolved_infrastructure,4,geopackage_authoritative_with_xml_supplement,"[""geopackage"", ""xml_schematic""]",0.95,7
CLV043,WTPJYL,D_CLV043_WTPJYL,resolved_infrastructure,4,geopackage_authoritative_with_xml_supplement,"[""geopackage"", ""xml_schematic""]",0.95,5
MOK050,60N_NA3,D_MOK050_60N_NA3,resolved_infrastructure,4,geopackage_authoritative_with_xml_supplement,"[""geopackage"", ""xml_schematic""]",0.95,7
60N_NA3,SJR028,R_60N_NA3_SJR028,resolved_infrastructure,4,geopackage_authoritative_with_xml_supplement,"[""geopackage"", ""xml_schematic""]",0.95,10
UFC000,LJC022,C_UFC000,resolved_infrastructure,4,geopackage_authoritative_with_xml_supplement,"[""geopackage"", ""xml_schematic""]",0.95,10
SJR028,WTPDWS,D_SJR028_WTPDWS,resolved_infrastructure,4,geopackage_authoritative_with_xml_supplement,"[""geopackage"", ""xml_schematic""]",0.95,10
WTPDWS,60S_NU1,D_WTPDWS_60S_NU1,resolved_infrastructure,4,geopackage_authoritative_with_xml_supplement,"[""geopackage"", ""xml_schematic""]",0.95,2
60S_NU1,STWWTP,R_60S_NU1_STWWTP,resolved_infrastructure,4,geopackage_authoritative_with_xml_supplement,"[""geopackage"", ""xml_schematic""]",0.95,4
60N_NA4,SJR022,R_60N_NA4_SJR022,resolved_infrastructure,4,geopackage_authoritative_with_xml_supplement,"[""geopackage"", ""xml_schematic""]",0.95,9
MOK035,60N_NA4,D_MOK035_60N_NA4,resolved_infrastructure,4,geopackage_authoritative_with_xml_supplement,"[""geopackage"", ""xml_schematic""]",0.95,10
STWWTP,SJR042,R_STWWTP_SJR042,resolved_infrastructure,4,geopackage_authoritative_with_xml_supplement,"[""geopackage"", ""xml_schematic""]",0.95,8
MDC032,64_PA1,D_MDC032_64_PA1,resolved_infrastructure,4,geopackage_authoritative_with_xml_supplement,"[""geopackage"", ""xml_schematic""]",0.95,5
SJR242,SJR235,C_SJR242,resolved_infrastructure,4,geopackage_authoritative_with_xml_supplement,"[""geopackage"", ""xml_schematic""]",0.95,9
SJR249,SJR242,C_SJR249,resolved_infrastructure,4,geopackage_authoritative_with_xml_supplement,"[""geopackage"", ""xml_schematic""]",0.95,8
SJR265,SJR263,C_SJR265,resolved_infrastructure,4,geopackage_authoritative_with_xml_supplement,"[""geopackage"", ""xml_schematic""]",0.95,8
TUO010,TUO004,C_TUO010,resolved_infrastructure,4,geopackage_authoritative_with_xml_supplement,"[""geopackage"", ""xml_schematic""]",0.95,8
TUO015,TUO010,C_TUO015,resolved_infrastructure,4,geopackage_authoritative_with_xml_supplement,"[""geopackage"", ""xml_schematic""]",0.95,11
TUO022,TUO017,C_TUO022,resolved_infrastructure,4,geopackage_authoritative_with_xml_supplement,"[""geopackage"", ""xml_schematic""]",0.95,16
TUO030,TUO022,C_TUO030,resolved_infrastructure,4,geopackage_authoritative_with_xml_supplement,"[""geopackage"", ""xml_schematic""]",0.95,9
PARDE,AMADR,D_PARDE_AMADR,resolved_infrastructure,4,geopackage_authoritative_with_xml_supplement,"[""geopackage"", ""xml_schematic""]",0.95,12
AMADR,60N_NA1,D_AMADR_60N_NA1,resolved_infrastructure,4,geopackage_authoritative_with_xml_supplement,"[""geopackage"", ""xml_schematic""]",0.95,7
60N_NA1,DSC026,R_60N_NA1_DSC026,resolved_infrastructure,4,geopackage_authoritative_with_xml_supplement,"[""geopackage"", ""xml_schematic""]",0.95,6
60N_NA2,CSM005,R_60N_NA2_CSM005,resolved_infrastructure,4,geopackage_authoritative_with_xml_supplement,"[""geopackage"", ""xml_schematic""]",0.95,8
FSC027,MAQ012,D_FSC027_MAQ012,resolved_infrastructure,4,geopackage_authoritative_with_xml_supplement,"[""geopackage"", ""xml_schematic""]",0.95,7
MAQ012,MAQ057,C_MAQ012,resolved_infrastructure,4,geopackage_authoritative_with_xml_supplement,"[""geopackage"", ""xml_schematic""]",0.95,9
FSC015,60N_NA2,D_FSC015_60N_NA2,resolved_infrastructure,4,geopackage_authoritative_with_xml_supplement,"[""geopackage"", ""xml_schematic""]",0.95,5
MAQ001,MAQ012,C_MAQ001,resolved_infrastructure,4,geopackage_authoritative_with_xml_supplement,"[""geopackage"", ""xml_schematic""]",0.95,7
MOK088,MOK082,C_MOK088,resolved_infrastructure,4,geopackage_authoritative_with_xml_supplement,"[""geopackage"", ""xml_schematic""]",0.95,8
CSM033,60N_NU2,D_CSM033_60N_NU2,resolved_infrastructure,4,geopackage_authoritative_with_xml_supplement,"[""geopackage"", ""xml_schematic""]",0.95,4
MDC019,FRS045,SP_MDC019_FRS045,resolved_infrastructure,4,geopackage_authoritative_with_xml_supplement,"[""geopackage"", ""xml_schematic""]",0.95,5
BRS018,64_PA2,D_BRS018_64_PA2,resolved_infrastructure,4,geopackage_authoritative_with_xml_supplement,"[""geopackage"", ""xml_schematic""]",0.95,5
ASL013,64_PA2,D_ASL013_64_PA2,resolved_infrastructure,4,geopackage_authoritative_with_xml_supplement,"[""geopackage"", ""xml_schematic""]",0.95,5
64_PA2,RFS64,R_64_PA2_RFS64,resolved_infrastructure,4,geopackage_authoritative_with_xml_supplement,"[""geopackage"", ""xml_schematic""]",0.95,5
CCC004,CCC007,C_CCC004,resolved_infrastructure,4,geopackage_authoritative_with_xml_supplement,"[""geopackage"", ""xml_schematic""]",0.95,8
XCC025,72_PA,D_XCC025_72_PA,resolved_infrastructure,4,geopackage_authoritative_with_xml_supplement,"[""geopackage"", ""xml_schematic""]",0.95,6
61,TUO017,SR_61_TUO017,resolved_infrastructure,4,geopackage_authoritative_with_xml_supplement,"[""geopackage"", ""xml_schematic""]",0.95,11
62,MCD050,SR_62_MCD050,resolved_infrastructure,4,geopackage_authoritative_with_xml_supplement,"[""geopackage"", ""xml_schematic""]",0.95,8
62,MCD021,SR_62_MCD021,resolved_infrastructure,4,geopackage_authoritative_with_xml_supplement,"[""geopackage"", ""xml_schematic""]",0.95,9
63,EBP032,SR_63_EBP032,resolved_infrastructure,4,geopackage_authoritative_with_xml_supplement,"[""geopackage"", ""xml_schematic""]",0.95,6
63,EBP050,SR_63_EBP050,resolved_infrastructure,4,geopackage_authoritative_with_xml_supplement,"[""geopackage"", ""xml_schematic""]",0.95,7
EDWWTP,DEE020,R_EDWWTP_DEE020,resolved_infrastructure,4,geopackage_authoritative_with_xml_supplement,"[""geopackage"", ""xml_schematic""]",0.95,7
60N_NA5,MOK022,R_60N_NA5_MOK022,resolved_infrastructure,4,geopackage_authoritative_with_xml_supplement,"[""geopackage"", ""xml_schematic""]",0.95,3
SLUIS,CAA069,C_SLUIS,resolved_infrastructure,4,geopackage_authoritative_with_xml_supplement,"[""geopackage"", ""xml_schematic""]",0.95,11
MLRTN,FRK000,D_MLRTN_FRK000,resolved_infrastructure,4,geopackage_authoritative_with_xml_supplement,"[""geopackage"", ""xml_schematic""]",0.95,7
OMR027,CAA000,D_OMR027_CAA000,resolved_infrastructure,4,geopackage_authoritative_with_xml_supplement,"[""geopackage"", ""xml_schematic""]",0.95,11
OMR024a,OMR021,C_OMR024a,resolved_infrastructure,4,geopackage_authoritative_with_xml_supplement,"[""geopackage"", ""xml_schematic""]",0.95,3
OMR027,OMR024,C_OMR027,resolved_infrastructure,4,geopackage_authoritative_with_xml_supplement,"[""geopackage"", ""xml_schematic""]",0.95,11
71_NA2,SJR070,R_71_NA2_SJR070,resolved_infrastructure,4,geopackage_authoritative_with_xml_supplement,"[""geopackage"", ""xml_schematic""]",0.95,9
71_PA1,SJR075,R_71_PA1_SJR075,resolved_infrastructure,4,geopackage_authoritative_with_xml_supplement,"[""geopackage"", ""xml_schematic""]",0.95,12
SJR090,71_NA2,D_SJR090_71_NA2,resolved_infrastructure,4,geopackage_authoritative_with_xml_supplement,"[""geopackage"", ""xml_schematic""]",0.95,6
71_PA3,WWW001,R_71_PA3_WWW001,resolved_infrastructure,4,geopackage_authoritative_with_xml_supplement,"[""geopackage"", ""xml_schematic""]",0.95,5
DMC034,71_PA3,D_DMC034_71_PA3,resolved_infrastructure,4,geopackage_authoritative_with_xml_supplement,"[""geopackage"", ""xml_schematic""]",0.95,8
71_PA4,SJR091,R_71_PA4_SJR091,resolved_infrastructure,4,geopackage_authoritative_with_xml_supplement,"[""geopackage"", ""xml_schematic""]",0.95,13
ORP000,TRNSF,C_ORP000,resolved_infrastructure,4,geopackage_authoritative_with_xml_supplement,"[""geopackage"", ""xml_schematic""]",0.95,8
VJB000,WTPBNC,D_VJB000_WTPBNC,resolved_infrastructure,4,geopackage_authoritative_with_xml_supplement,"[""geopackage"", ""xml_schematic""]",0.95,6
RFS71C,NMW004,R_RFS71C_NMW004,resolved_infrastructure,4,geopackage_authoritative_with_xml_supplement,"[""geopackage"", ""xml_schematic""]",0.95,3
DMC064,71_PA6,D_DMC064_71_PA6,resolved_infrastructure,4,geopackage_authoritative_with_xml_supplement,"[""geopackage"", ""xml_schematic""]",0.95,6
LOSVQ,TRNSF,D_LOSVQ_TRNSF,resolved_infrastructure,4,geopackage_authoritative_with_xml_supplement,"[""geopackage"", ""xml_schematic""]",0.95,9
SAC017,SACS,DD_SAC017_SACS,resolved_infrastructure,4,geopackage_authoritative_with_xml_supplement,"[""geopackage"", ""xml_schematic""]",0.95,9
WTPFMH,VLLJO,D_WTPFMH_VLLJO,resolved_infrastructure,4,geopackage_authoritative_with_xml_supplement,"[""geopackage"", ""xml_schematic""]",0.95,2
WTPBNC,BNCIA,D_WTPBNC_BNCIA,resolved_infrastructure,4,geopackage_authoritative_with_xml_supplement,"[""geopackage"", ""xml_schematic""]",0.95,2
NBA021,VJB000,D_NBA021_VJB000,resolved_infrastructure,4,geopackage_authoritative_with_xml_supplement,"[""geopackage"", ""xml_schematic""]",0.95,9
XCC054,72_XA3,D_XCC054_72_XA3,resolved_infrastructure,4,geopackage_authoritative_with_xml_supplement,"[""geopackage"", ""xml_schematic""]",0.95,6
72_PR1,LBN012,R_72_PR1_LBN012,resolved_infrastructure,4,geopackage_authoritative_with_xml_supplement,"[""geopackage"", ""xml_schematic""]",0.95,6
72_PR5,MSN009,R_72_PR5_MSN009,resolved_infrastructure,4,geopackage_authoritative_with_xml_supplement,"[""geopackage"", ""xml_schematic""]",0.95,6
LBN012,72_PR5,D_LBN012_72_PR5,resolved_infrastructure,4,geopackage_authoritative_with_xml_supplement,"[""geopackage"", ""xml_schematic""]",0.95,4
XCC054,72_PR5,D_XCC054_72_PR5,resolved_infrastructure,4,geopackage_authoritative_with_xml_supplement,"[""geopackage"", ""xml_schematic""]",0.95,6
VLW008,72_PR1,D_VLW008_72_PR1,resolved_infrastructure,4,geopackage_authoritative_with_xml_supplement,"[""geopackage"", ""xml_schematic""]",0.95,6
72_PR2,MSN004,R_72_PR2_MSN004,resolved_infrastructure,4,geopackage_authoritative_with_xml_supplement,"[""geopackage"", ""xml_schematic""]",0.95,12
CAA066,71_PU2,D_CAA066_71_PU2,resolved_infrastructure,4,geopackage_authoritative_with_xml_supplement,"[""geopackage"", ""xml_schematic""]",0.95,6
DMC070,CAA069,D_DMC070_CAA069,resolved_infrastructure,4,geopackage_authoritative_with_xml_supplement,"[""geopackage"", ""xml_schematic""]",0.95,15
CAA069,DMC070,D_CAA069_DMC070,resolved_infrastructure,4,geopackage_authoritative_with_xml_supplement,"[""geopackage"", ""xml_schematic""]",0.95,15
DMC070,73_PA1,D_DMC070_73_PA1,resolved_infrastructure,4,geopackage_authoritative_with_xml_supplement,"[""geopackage"", ""xml_schematic""]",0.95,9
CAA069,SLUIS,D_CAA069_SLUIS,resolved_infrastructure,4,geopackage_authoritative_with_xml_supplement,"[""geopackage"", ""xml_schematic""]",0.95,13
SLUIS,SFLPE,D_SLUIS_SFLPE,resolved_infrastructure,4,geopackage_authoritative_with_xml_supplement,"[""geopackage"", ""xml_schematic""]",0.95,5
XCC033,72_PR2,D_XCC033_72_PR2,resolved_infrastructure,4,geopackage_authoritative_with_xml_supplement,"[""geopackage"", ""xml_schematic""]",0.95,6
72_PR4,SAL006,R_72_PR4_SAL006,resolved_infrastructure,4,geopackage_authoritative_with_xml_supplement,"[""geopackage"", ""xml_schematic""]",0.95,9
XCC025,XCC033,C_XCC025,resolved_infrastructure,4,geopackage_authoritative_with_xml_supplement,"[""geopackage"", ""xml_schematic""]",0.95,10
CAA109,90_PA1,D_CAA109_90_PA1,resolved_infrastructure,4,geopackage_authoritative_with_xml_supplement,"[""geopackage"", ""xml_schematic""]",0.95,7
62_NU,TKWWTP,R_62_NU_TKWWTP,resolved_infrastructure,4,geopackage_authoritative_with_xml_supplement,"[""geopackage"", ""xml_schematic""]",0.95,4
SJR105,SJR101,C_SJR105,resolved_infrastructure,4,geopackage_authoritative_with_xml_supplement,"[""geopackage"", ""xml_schematic""]",0.95,7
CAA156,90_PU,D_CAA156_90_PU,resolved_infrastructure,4,geopackage_authoritative_with_xml_supplement,"[""geopackage"", ""xml_schematic""]",0.95,5
CAA165,90_PU,D_CAA165_90_PU,resolved_infrastructure,4,geopackage_authoritative_with_xml_supplement,"[""geopackage"", ""xml_schematic""]",0.95,5
ARY010,72_PR6,D_ARY010_72_PR6,resolved_infrastructure,4,geopackage_authoritative_with_xml_supplement,"[""geopackage"", ""xml_schematic""]",0.95,7
DSC016,DSC012,C_DSC016,resolved_infrastructure,4,geopackage_authoritative_with_xml_supplement,"[""geopackage"", ""xml_schematic""]",0.95,7
BUR005,BCK033,C_BUR005,resolved_infrastructure,4,geopackage_authoritative_with_xml_supplement,"[""geopackage"", ""xml_schematic""]",0.95,9
CLV006,CLV004,C_CLV006,resolved_infrastructure,4,geopackage_authoritative_with_xml_supplement,"[""geopackage"", ""xml_schematic""]",0.95,9
DEE023,DEE020,C_DEE023,resolved_infrastructure,4,geopackage_authoritative_with_xml_supplement,"[""geopackage"", ""xml_schematic""]",0.95,7
MCD033,MCD032,C_MCD033,resolved_infrastructure,4,geopackage_authoritative_with_xml_supplement,"[""geopackage"", ""xml_schematic""]",0.95,7
XCC053,XCC054,C_XCC053,resolved_infrastructure,4,geopackage_authoritative_with_xml_supplement,"[""geopackage"", ""xml_schematic""]",0.95,8
72_PA,MSS014,R_72_PA_MSS014,resolved_infrastructure,4,geopackage_authoritative_with_xml_supplement,"[""geopackage"", ""xml_schematic""]",0.95,5
RFS61D,STS030,R_RFS61D_STS030,resolved_infrastructure,4,geopackage_authoritative_with_xml_supplement,"[""geopackage"", ""xml_schematic""]",0.95,12
WTPCSD,02_PA,D_WTPCSD_02_PA,resolved_infrastructure,4,geopackage_authoritative_with_xml_supplement,"[""geopackage"", ""xml_schematic""]",0.95,2
CSM033,CSM026,C_CSM033,resolved_infrastructure,4,geopackage_authoritative_with_xml_supplement,"[""geopackage"", ""xml_schematic""]",0.95,9
CSM035,CSM033,C_CSM035,resolved_infrastructure,4,geopackage_authoritative_with_xml_supplement,"[""geopackage"", ""xml_schematic""]",0.95,9
SAC099,SAC097,C_SAC099,resolved_infrastructure,4,geopackage_authoritative_with_xml_supplement,"[""geopackage"", ""xml_schematic""]",0.95,9
LBC040,LBC043,C_LBC040,resolved_infrastructure,4,geopackage_authoritative_with_xml_supplement,"[""geopackage"", ""xml_schematic""]",0.95,8
OWC000,13_NA,D_OWC000_13_NA,resolved_infrastructure,4,geopackage_authoritative_with_xml_supplement,"[""geopackage"", ""xml_schematic""]",0.95,4
JBC008,FTR048,R_JBC008_FTR048,resolved_infrastructure,4,geopackage_authoritative_with_xml_supplement,"[""geopackage"", ""xml_schematic""]",0.95,9
HON004,FTR045,C_HON004,resolved_infrastructure,4,geopackage_authoritative_with_xml_supplement,"[""geopackage"", ""xml_schematic""]",0.95,15
CBD038,CBD037,C_CBD038,resolved_infrastructure,4,geopackage_authoritative_with_xml_supplement,"[""geopackage"", ""xml_schematic""]",0.95,11
SAC093,SAC092,C_SAC093,resolved_infrastructure,4,geopackage_authoritative_with_xml_supplement,"[""geopackage"", ""xml_schematic""]",0.95,10
SAC092,SAC091,C_SAC092,resolved_infrastructure,4,geopackage_authoritative_with_xml_supplement,"[""geopackage"", ""xml_schematic""]",0.95,9
EMD001,SAC064,C_EMD001,resolved_infrastructure,4,geopackage_authoritative_with_xml_supplement,"[""geopackage"", ""xml_schematic""]",0.95,9
BRR017,BRR011,C_BRR017,resolved_infrastructure,4,geopackage_authoritative_with_xml_supplement,"[""geopackage"", ""xml_schematic""]",0.95,11
KSWCK,SAC299,C_KSWCK,resolved_infrastructure,4,geopackage_authoritative_with_xml_supplement,"[""geopackage"", ""xml_schematic""]",0.95,9
CMBIE,BRR031,C_CMBIE,resolved_infrastructure,4,geopackage_authoritative_with_xml_supplement,"[""geopackage"", ""xml_schematic""]",0.95,10
SAC064,SAC063,C_SAC064,resolved_infrastructure,4,geopackage_authoritative_with_xml_supplement,"[""geopackage"", ""xml_schematic""]",0.95,10
23,BRR004,SR_23_BRR004,resolved_infrastructure,4,geopackage_authoritative_with_xml_supplement,"[""geopackage"", ""xml_schematic""]",0.95,10
24,BRR004,SR_24_BRR004,resolved_infrastructure,4,geopackage_authoritative_with_xml_supplement,"[""geopackage"", ""xml_schematic""]",0.95,10
26N_NA,EMD007,R_26N_NA_EMD007,resolved_infrastructure,4,geopackage_authoritative_with_xml_supplement,"[""geopackage"", ""xml_schematic""]",0.95,7
EMD007,EMD001,C_EMD007,resolved_infrastructure,4,geopackage_authoritative_with_xml_supplement,"[""geopackage"", ""xml_schematic""]",0.95,11
PGWWTP,CRC002,R_PGWWTP_CRC002,resolved_infrastructure,4,geopackage_authoritative_with_xml_supplement,"[""geopackage"", ""xml_schematic""]",0.95,15
LDC007,BTC016,C_LDC007,resolved_infrastructure,4,geopackage_authoritative_with_xml_supplement,"[""geopackage"", ""xml_schematic""]",0.95,8
WTPFTH,02_SU,D_WTPFTH_02_SU,resolved_infrastructure,4,geopackage_authoritative_with_xml_supplement,"[""geopackage"", ""xml_schematic""]",0.95,2
SAC275,SAC273,C_SAC275,resolved_infrastructure,4,geopackage_authoritative_with_xml_supplement,"[""geopackage"", ""xml_schematic""]",0.95,11
24_NU2,RFS26N,R_24_NU2_RFS26N,resolved_infrastructure,4,geopackage_authoritative_with_xml_supplement,"[""geopackage"", ""xml_schematic""]",0.95,6
RFS26N,PGWWTP,R_RFS26N_PGWWTP,resolved_infrastructure,4,geopackage_authoritative_with_xml_supplement,"[""geopackage"", ""xml_schematic""]",0.95,8
26N_PU1,RFS26N,R_26N_PU1_RFS26N,resolved_infrastructure,4,geopackage_authoritative_with_xml_supplement,"[""geopackage"", ""xml_schematic""]",0.95,6
LDC007,11_SA2,D_LDC007_11_SA2,resolved_infrastructure,4,geopackage_authoritative_with_xml_supplement,"[""geopackage"", ""xml_schematic""]",0.95,5
11_SA2,CRK005,R_11_SA2_CRK005,resolved_infrastructure,4,geopackage_authoritative_with_xml_supplement,"[""geopackage"", ""xml_schematic""]",0.95,9
JBC002,JBC004,C_JBC002,resolved_infrastructure,4,geopackage_authoritative_with_xml_supplement,"[""geopackage"", ""xml_schematic""]",0.95,9
11_SA3,RFS11,R_11_SA3_RFS11,resolved_infrastructure,4,geopackage_authoritative_with_xml_supplement,"[""geopackage"", ""xml_schematic""]",0.95,5
JBC004,11_SA3,D_JBC004_11_SA3,resolved_infrastructure,4,geopackage_authoritative_with_xml_supplement,"[""geopackage"", ""xml_schematic""]",0.95,5
HKC002,TTC000,C_HKC002,resolved_infrastructure,4,geopackage_authoritative_with_xml_supplement,"[""geopackage"", ""xml_schematic""]",0.95,6
BTC060,BTC048,C_BTC060,resolved_infrastructure,4,geopackage_authoritative_with_xml_supplement,"[""geopackage"", ""xml_schematic""]",0.95,7
LST003,SFF020,C_LST003,resolved_infrastructure,4,geopackage_authoritative_with_xml_supplement,"[""geopackage"", ""xml_schematic""]",0.95,7
SLYCK,LST004,C_SLYCK,resolved_infrastructure,4,geopackage_authoritative_with_xml_supplement,"[""geopackage"", ""xml_schematic""]",0.95,9
SFF011,MNRRH,D_SFF011_MNRRH,resolved_infrastructure,4,geopackage_authoritative_with_xml_supplement,"[""geopackage"", ""xml_schematic""]",0.95,12
MNRRH,FTR072,R_MNRRH_FTR072,resolved_infrastructure,4,geopackage_authoritative_with_xml_supplement,"[""geopackage"", ""xml_schematic""]",0.95,8
12_SA,FTR045,R_12_SA_FTR045,resolved_infrastructure,4,geopackage_authoritative_with_xml_supplement,"[""geopackage"", ""xml_schematic""]",0.95,8
SAC218,SAC217,C_SAC218,resolved_infrastructure,4,geopackage_authoritative_with_xml_supplement,"[""geopackage"", ""xml_schematic""]",0.95,12
OROVL,FTR072,C_OROVL,resolved_infrastructure,4,geopackage_authoritative_with_xml_supplement,"[""geopackage"", ""xml_schematic""]",0.95,10
13_NA,RFS13,R_13_NA_RFS13,resolved_infrastructure,4,geopackage_authoritative_with_xml_supplement,"[""geopackage"", ""xml_schematic""]",0.95,6
SAC188,SAC185,C_SAC188,resolved_infrastructure,4,geopackage_authoritative_with_xml_supplement,"[""geopackage"", ""xml_schematic""]",0.95,14
SAC193,BTC003,SP_SAC193_BTC003,resolved_infrastructure,4,geopackage_authoritative_with_xml_supplement,"[""geopackage"", ""xml_schematic""]",0.95,18
DRC012,DRC010,C_DRC012,resolved_infrastructure,4,geopackage_authoritative_with_xml_supplement,"[""geopackage"", ""xml_schematic""]",0.95,8
BCC014,BCC012,C_BCC014,resolved_infrastructure,4,geopackage_authoritative_with_xml_supplement,"[""geopackage"", ""xml_schematic""]",0.95,7
ESL008,09_SA1,D_ESL008_09_SA1,resolved_infrastructure,4,geopackage_authoritative_with_xml_supplement,"[""geopackage"", ""xml_schematic""]",0.95,5
SAC041,SAC036,C_SAC041,resolved_infrastructure,4,geopackage_authoritative_with_xml_supplement,"[""geopackage"", ""xml_schematic""]",0.95,11
10_NU1,CHWWTP,R_10_NU1_CHWWTP,resolved_infrastructure,4,geopackage_authoritative_with_xml_supplement,"[""geopackage"", ""xml_schematic""]",0.95,4
CHWWTP,SAC195,R_CHWWTP_SAC195,resolved_infrastructure,4,geopackage_authoritative_with_xml_supplement,"[""geopackage"", ""xml_schematic""]",0.95,7
THM028,THM026,C_THM028,resolved_infrastructure,4,geopackage_authoritative_with_xml_supplement,"[""geopackage"", ""xml_schematic""]",0.95,7
TCC081,TCC085,C_TCC081,resolved_infrastructure,4,geopackage_authoritative_with_xml_supplement,"[""geopackage"", ""xml_schematic""]",0.95,8
TCC085,GCC056,D_TCC085_GCC056,resolved_infrastructure,4,geopackage_authoritative_with_xml_supplement,"[""geopackage"", ""xml_schematic""]",0.95,10
GCC039,08N_PR2,D_GCC039_08N_PR2,resolved_infrastructure,4,geopackage_authoritative_with_xml_supplement,"[""geopackage"", ""xml_schematic""]",0.95,5
08N_PR2,CBD044,R_08N_PR2_CBD044,resolved_infrastructure,4,geopackage_authoritative_with_xml_supplement,"[""geopackage"", ""xml_schematic""]",0.95,11
CLRLK,CCH083,C_CLRLK,resolved_infrastructure,4,geopackage_authoritative_with_xml_supplement,"[""geopackage"", ""xml_schematic""]",0.95,8
CCH083,CCH075,C_CCH083,resolved_infrastructure,4,geopackage_authoritative_with_xml_supplement,"[""geopackage"", ""xml_schematic""]",0.95,7
CCH032,CCH030,C_CCH032,resolved_infrastructure,4,geopackage_authoritative_with_xml_supplement,"[""geopackage"", ""xml_schematic""]",0.95,9
CCH052,CCH032,C_CCH052,resolved_infrastructure,4,geopackage_authoritative_with_xml_supplement,"[""geopackage"", ""xml_schematic""]",0.95,8
CCH053,CCH052,C_CCH053,resolved_infrastructure,4,geopackage_authoritative_with_xml_supplement,"[""geopackage"", ""xml_schematic""]",0.95,8
CCH058,CCH053,C_CCH058,resolved_infrastructure,4,geopackage_authoritative_with_xml_supplement,"[""geopackage"", ""xml_schematic""]",0.95,8
NFC005,CCH075,C_NFC005,resolved_infrastructure,4,geopackage_authoritative_with_xml_supplement,"[""geopackage"", ""xml_schematic""]",0.95,7
NFC013,NFC005,C_NFC013,resolved_infrastructure,4,geopackage_authoritative_with_xml_supplement,"[""geopackage"", ""xml_schematic""]",0.95,6
INDVL,NFC013,C_INDVL,resolved_infrastructure,4,geopackage_authoritative_with_xml_supplement,"[""geopackage"", ""xml_schematic""]",0.95,6
BRC002,CCH058,C_BRC002,resolved_infrastructure,4,geopackage_authoritative_with_xml_supplement,"[""geopackage"", ""xml_schematic""]",0.95,11
BRC003,BRC002,C_BRC003,resolved_infrastructure,4,geopackage_authoritative_with_xml_supplement,"[""geopackage"", ""xml_schematic""]",0.95,8
PTH021,PTH020,C_PTH021,resolved_infrastructure,4,geopackage_authoritative_with_xml_supplement,"[""geopackage"", ""xml_schematic""]",0.95,9
BRYSA,PTH030,C_BRYSA,resolved_infrastructure,4,geopackage_authoritative_with_xml_supplement,"[""geopackage"", ""xml_schematic""]",0.95,8
PTH024,PSC003,D_PTH024_PSC003,resolved_infrastructure,4,geopackage_authoritative_with_xml_supplement,"[""geopackage"", ""xml_schematic""]",0.95,13
PSC003,20_PA,D_PSC003_20_PA,resolved_infrastructure,4,geopackage_authoritative_with_xml_supplement,"[""geopackage"", ""xml_schematic""]",0.95,7
PSC003,PSC006,C_PSC003,resolved_infrastructure,4,geopackage_authoritative_with_xml_supplement,"[""geopackage"", ""xml_schematic""]",0.95,10
PSC015,CSPSO,D_PSC015_CSPSO,resolved_infrastructure,4,geopackage_authoritative_with_xml_supplement,"[""geopackage"", ""xml_schematic""]",0.95,5
PSC015,PSC017,C_PSC015,resolved_infrastructure,4,geopackage_authoritative_with_xml_supplement,"[""geopackage"", ""xml_schematic""]",0.95,8
PSC017,WTPNBR,D_PSC017_WTPNBR,resolved_infrastructure,4,geopackage_authoritative_with_xml_supplement,"[""geopackage"", ""xml_schematic""]",0.95,5
NBA011,WTPNBR,D_NBA011_WTPNBR,resolved_infrastructure,4,geopackage_authoritative_with_xml_supplement,"[""geopackage"", ""xml_schematic""]",0.95,5
PSC017,PSC020,C_PSC017,resolved_infrastructure,4,geopackage_authoritative_with_xml_supplement,"[""geopackage"", ""xml_schematic""]",0.95,8
PSC020,WTPCMT,D_PSC020_WTPCMT,resolved_infrastructure,4,geopackage_authoritative_with_xml_supplement,"[""geopackage"", ""xml_schematic""]",0.95,5
PSC020,PSC024,C_PSC020,resolved_infrastructure,4,geopackage_authoritative_with_xml_supplement,"[""geopackage"", ""xml_schematic""]",0.95,9
PSC024,WTPWMN,D_PSC024_WTPWMN,resolved_infrastructure,4,geopackage_authoritative_with_xml_supplement,"[""geopackage"", ""xml_schematic""]",0.95,6
WTPNBR,25_PU,D_WTPNBR_25_PU,resolved_infrastructure,4,geopackage_authoritative_with_xml_supplement,"[""geopackage"", ""xml_schematic""]",0.95,2
20_PA,PTH011,R_20_PA_PTH011,resolved_infrastructure,4,geopackage_authoritative_with_xml_supplement,"[""geopackage"", ""xml_schematic""]",0.95,6
ABN006,ABN000,C_ABN006,resolved_infrastructure,4,geopackage_authoritative_with_xml_supplement,"[""geopackage"", ""xml_schematic""]",0.95,11
YBP007,YBP002,C_YBP007,resolved_infrastructure,4,geopackage_authoritative_with_xml_supplement,"[""geopackage"", ""xml_schematic""]",0.95,9
YBP002,CSL005,C_YBP002,resolved_infrastructure,4,geopackage_authoritative_with_xml_supplement,"[""geopackage"", ""xml_schematic""]",0.95,14
LBC030,BEC021,D_LBC030_BEC021,resolved_infrastructure,4,geopackage_authoritative_with_xml_supplement,"[""geopackage"", ""xml_schematic""]",0.95,10
BEC021,LBC032,D_BEC021_LBC032,resolved_infrastructure,4,geopackage_authoritative_with_xml_supplement,"[""geopackage"", ""xml_schematic""]",0.95,10
WSE003,LBC040,D_WSE003_LBC040,resolved_infrastructure,4,geopackage_authoritative_with_xml_supplement,"[""geopackage"", ""xml_schematic""]",0.95,8
STH001,STH004,C_STH001,resolved_infrastructure,4,geopackage_authoritative_with_xml_supplement,"[""geopackage"", ""xml_schematic""]",0.95,7
CBC001,24_NA1,D_CBC001_24_NA1,resolved_infrastructure,4,geopackage_authoritative_with_xml_supplement,"[""geopackage"", ""xml_schematic""]",0.95,6
CBC001,CCK036,D_CBC001_CCK036,resolved_infrastructure,4,geopackage_authoritative_with_xml_supplement,"[""geopackage"", ""xml_schematic""]",0.95,9
WLF013,BRR031,C_WLF013,resolved_infrastructure,4,geopackage_authoritative_with_xml_supplement,"[""geopackage"", ""xml_schematic""]",0.95,9
RLLNS,BRR050,C_RLLNS,resolved_infrastructure,4,geopackage_authoritative_with_xml_supplement,"[""geopackage"", ""xml_schematic""]",0.95,10
BRR050,BEC000,D_BRR050_BEC000,resolved_infrastructure,4,geopackage_authoritative_with_xml_supplement,"[""geopackage"", ""xml_schematic""]",0.95,7
BEC021,BEC022,C_BEC021,resolved_infrastructure,4,geopackage_authoritative_with_xml_supplement,"[""geopackage"", ""xml_schematic""]",0.95,10
BEC022,WTPBWM,D_BEC022_WTPBWM,resolved_infrastructure,4,geopackage_authoritative_with_xml_supplement,"[""geopackage"", ""xml_schematic""]",0.95,5
CBC000,NIDB1,D_CBC000_NIDB1,resolved_infrastructure,4,geopackage_authoritative_with_xml_supplement,"[""geopackage"", ""xml_schematic""]",0.95,4
NIDD1,WLF017,R_NIDD1_WLF017,resolved_infrastructure,4,geopackage_authoritative_with_xml_supplement,"[""geopackage"", ""xml_schematic""]",0.95,4
CCK036,CCK022,C_CCK036,resolved_infrastructure,4,geopackage_authoritative_with_xml_supplement,"[""geopackage"", ""xml_schematic""]",0.95,9
NFA016,ABT002,D_NFA016_ABT002,resolved_infrastructure,4,geopackage_authoritative_with_xml_supplement,"[""geopackage"", ""xml_schematic""]",0.95,10
STH000,STH001,C_STH000,resolved_infrastructure,4,geopackage_authoritative_with_xml_supplement,"[""geopackage"", ""xml_schematic""]",0.95,8
ABT002,STH001,D_ABT002_STH001,resolved_infrastructure,4,geopackage_authoritative_with_xml_supplement,"[""geopackage"", ""xml_schematic""]",0.95,8
NFA011,FOLSM,C_NFA011,resolved_infrastructure,4,geopackage_authoritative_with_xml_supplement,"[""geopackage"", ""xml_schematic""]",0.95,17
ABN010,24_NA2,D_ABN010_24_NA2,resolved_infrastructure,4,geopackage_authoritative_with_xml_supplement,"[""geopackage"", ""xml_schematic""]",0.95,6
24_NA2,ABN000,R_24_NA2_ABN000,resolved_infrastructure,4,geopackage_authoritative_with_xml_supplement,"[""geopackage"", ""xml_schematic""]",0.95,8
BRR050,BRR049,C_BRR050,resolved_infrastructure,4,geopackage_authoritative_with_xml_supplement,"[""geopackage"", ""xml_schematic""]",0.95,7
STH001,WTPOPH,D_STH001_WTPOPH,resolved_infrastructure,4,geopackage_authoritative_with_xml_supplement,"[""geopackage"", ""xml_schematic""]",0.95,3
STH004,STH005,C_STH004,resolved_infrastructure,4,geopackage_authoritative_with_xml_supplement,"[""geopackage"", ""xml_schematic""]",0.95,8
STH004,WTPFSS,D_STH004_WTPFSS,resolved_infrastructure,4,geopackage_authoritative_with_xml_supplement,"[""geopackage"", ""xml_schematic""]",0.95,2
WTPFSS,24_NU2,D_WTPFSS_24_NU2,resolved_infrastructure,4,geopackage_authoritative_with_xml_supplement,"[""geopackage"", ""xml_schematic""]",0.95,2
SCR002,DCK012,C_SCR002,resolved_infrastructure,4,geopackage_authoritative_with_xml_supplement,"[""geopackage"", ""xml_schematic""]",0.95,8
STH005,STH007,C_STH005,resolved_infrastructure,4,geopackage_authoritative_with_xml_supplement,"[""geopackage"", ""xml_schematic""]",0.95,9
LBR002,BRR061,C_LBR002,resolved_infrastructure,4,geopackage_authoritative_with_xml_supplement,"[""geopackage"", ""xml_schematic""]",0.95,10
CYN009,NFA048,C_CYN009,resolved_infrastructure,4,geopackage_authoritative_with_xml_supplement,"[""geopackage"", ""xml_schematic""]",0.95,9
DRM009,CYN010,D_DRM009_CYN010,resolved_infrastructure,4,geopackage_authoritative_with_xml_supplement,"[""geopackage"", ""xml_schematic""]",0.95,8
CYN009,TWL005,D_CYN009_TWL005,resolved_infrastructure,4,geopackage_authoritative_with_xml_supplement,"[""geopackage"", ""xml_schematic""]",0.95,6
LVC001,DRM003,C_LVC001,resolved_infrastructure,4,geopackage_authoritative_with_xml_supplement,"[""geopackage"", ""xml_schematic""]",0.95,9
SYC003,SYC020,C_SYC003,resolved_infrastructure,4,geopackage_authoritative_with_xml_supplement,"[""geopackage"", ""xml_schematic""]",0.95,7
DRM003,DRM008,C_DRM003,resolved_infrastructure,4,geopackage_authoritative_with_xml_supplement,"[""geopackage"", ""xml_schematic""]",0.95,9
BRR066,BRR061,C_BRR066,resolved_infrastructure,4,geopackage_authoritative_with_xml_supplement,"[""geopackage"", ""xml_schematic""]",0.95,10
LBR002,LBC001,D_LBR002_LBC001,resolved_infrastructure,4,geopackage_authoritative_with_xml_supplement,"[""geopackage"", ""xml_schematic""]",0.95,9
CYN010,CYN009,C_CYN010,resolved_infrastructure,4,geopackage_authoritative_with_xml_supplement,"[""geopackage"", ""xml_schematic""]",0.95,9
NFA048,NFA022,C_NFA048,resolved_infrastructure,4,geopackage_authoritative_with_xml_supplement,"[""geopackage"", ""xml_schematic""]",0.95,8
DRM009,DRM011,C_DRM009,resolved_infrastructure,4,geopackage_authoritative_with_xml_supplement,"[""geopackage"", ""xml_schematic""]",0.95,7
BRR072,BRR067,C_BRR072,resolved_infrastructure,4,geopackage_authoritative_with_xml_supplement,"[""geopackage"", ""xml_schematic""]",0.95,8
BRR067,BRR066,C_BRR067,resolved_infrastructure,4,geopackage_authoritative_with_xml_supplement,"[""geopackage"", ""xml_schematic""]",0.95,8
DRM008,DRM009,C_DRM008,resolved_infrastructure,4,geopackage_authoritative_with_xml_supplement,"[""geopackage"", ""xml_schematic""]",0.95,7
DRM000,DRM001,C_DRM000,resolved_infrastructure,4,geopackage_authoritative_with_xml_supplement,"[""geopackage"", ""xml_schematic""]",0.95,8
NNA013,LVC001,D_NNA013_LVC001,resolved_infrastructure,4,geopackage_authoritative_with_xml_supplement,"[""geopackage"", ""xml_schematic""]",0.95,8
SYC003,BRR074,D_SYC003_BRR074,resolved_infrastructure,4,geopackage_authoritative_with_xml_supplement,"[""geopackage"", ""xml_schematic""]",0.95,6
SYC000,SYC001,C_SYC000,resolved_infrastructure,4,geopackage_authoritative_with_xml_supplement,"[""geopackage"", ""xml_schematic""]",0.95,8
BRR074,BRR073,C_BRR074,resolved_infrastructure,4,geopackage_authoritative_with_xml_supplement,"[""geopackage"", ""xml_schematic""]",0.95,7
10,SAC196,SR_10_SAC196,resolved_infrastructure,4,geopackage_authoritative_with_xml_supplement,"[""geopackage"", ""xml_schematic""]",0.95,9
09,SAC141,SR_09_SAC141,resolved_infrastructure,4,geopackage_authoritative_with_xml_supplement,"[""geopackage"", ""xml_schematic""]",0.95,6
08S,SAC146,SR_08S_SAC146,resolved_infrastructure,4,geopackage_authoritative_with_xml_supplement,"[""geopackage"", ""xml_schematic""]",0.95,5
09_SA1,LCC026,R_09_SA1_LCC026,resolved_infrastructure,4,geopackage_authoritative_with_xml_supplement,"[""geopackage"", ""xml_schematic""]",0.95,5
LCC016,BTC012,C_LCC016,resolved_infrastructure,4,geopackage_authoritative_with_xml_supplement,"[""geopackage"", ""xml_schematic""]",0.95,11
LCC029,LCC026,C_LCC029,resolved_infrastructure,4,geopackage_authoritative_with_xml_supplement,"[""geopackage"", ""xml_schematic""]",0.95,8
LCC026,LCC024,C_LCC026,resolved_infrastructure,4,geopackage_authoritative_with_xml_supplement,"[""geopackage"", ""xml_schematic""]",0.95,9
LCC024,LCC016,C_LCC024,resolved_infrastructure,4,geopackage_authoritative_with_xml_supplement,"[""geopackage"", ""xml_schematic""]",0.95,10
JBC004,JBC008,C_JBC004,resolved_infrastructure,4,geopackage_authoritative_with_xml_supplement,"[""geopackage"", ""xml_schematic""]",0.95,8
JBC008,SEC009,C_JBC008,resolved_infrastructure,4,geopackage_authoritative_with_xml_supplement,"[""geopackage"", ""xml_schematic""]",0.95,9
11_SA4,DWRPS2,R_11_SA4_DWRPS2,resolved_infrastructure,4,geopackage_authoritative_with_xml_supplement,"[""geopackage"", ""xml_schematic""]",0.95,9
16,DWRPS1,SR_16_DWRPS1,resolved_infrastructure,4,geopackage_authoritative_with_xml_supplement,"[""geopackage"", ""xml_schematic""]",0.95,8
24,CCK022,SR_24_CCK022,resolved_infrastructure,4,geopackage_authoritative_with_xml_supplement,"[""geopackage"", ""xml_schematic""]",0.95,5
24,ABN010,SR_24_ABN010,resolved_infrastructure,4,geopackage_authoritative_with_xml_supplement,"[""geopackage"", ""xml_schematic""]",0.95,5
23,ABN000,SR_23_ABN000,resolved_infrastructure,4,geopackage_authoritative_with_xml_supplement,"[""geopackage"", ""xml_schematic""]",0.95,7
23,CRC002,SR_23_CRC002,resolved_infrastructure,4,geopackage_authoritative_with_xml_supplement,"[""geopackage"", ""xml_schematic""]",0.95,12
24,CRC002,SR_24_CRC002,resolved_infrastructure,4,geopackage_authoritative_with_xml_supplement,"[""geopackage"", ""xml_schematic""]",0.95,12
22,CRC002,SR_22_CRC002,resolved_infrastructure,4,geopackage_authoritative_with_xml_supplement,"[""geopackage"", ""xml_schematic""]",0.95,12
26N,CRC002,SR_26N_CRC002,resolved_infrastructure,4,geopackage_authoritative_with_xml_supplement,"[""geopackage"", ""xml_schematic""]",0.95,12
26N,EMD007,SR_26N_EMD007,resolved_infrastructure,4,geopackage_authoritative_with_xml_supplement,"[""geopackage"", ""xml_schematic""]",0.95,6
24,EMD007,SR_24_EMD007,resolved_infrastructure,4,geopackage_authoritative_with_xml_supplement,"[""geopackage"", ""xml_schematic""]",0.95,6
26N,AMR004,SR_26N_AMR004,resolved_infrastructure,4,geopackage_authoritative_with_xml_supplement,"[""geopackage"", ""xml_schematic""]",0.95,6
26S,AMR007,SR_26S_AMR007,resolved_infrastructure,4,geopackage_authoritative_with_xml_supplement,"[""geopackage"", ""xml_schematic""]",0.95,5
26N,NTOMA,SR_26N_NTOMA,resolved_infrastructure,4,geopackage_authoritative_with_xml_supplement,"[""geopackage"", ""xml_schematic""]",0.95,6
26S,NTOMA,SR_26S_NTOMA,resolved_infrastructure,4,geopackage_authoritative_with_xml_supplement,"[""geopackage"", ""xml_schematic""]",0.95,6
26S,SAC048,SR_26S_SAC048,resolved_infrastructure,4,geopackage_authoritative_with_xml_supplement,"[""geopackage"", ""xml_schematic""]",0.95,6
BTC018,BTC017,C_BTC018,resolved_infrastructure,4,geopackage_authoritative_with_xml_supplement,"[""geopackage"", ""xml_schematic""]",0.95,11
08S_NA2,RFS8S,R_08S_NA2_RFS8S,resolved_infrastructure,4,geopackage_authoritative_with_xml_supplement,"[""geopackage"", ""xml_schematic""]",0.95,7
04,SAC217,SR_04_SAC217,resolved_infrastructure,4,geopackage_authoritative_with_xml_supplement,"[""geopackage"", ""xml_schematic""]",0.95,6
08N,SAC154,SR_08N_SAC154,resolved_infrastructure,4,geopackage_authoritative_with_xml_supplement,"[""geopackage"", ""xml_schematic""]",0.95,5
BTC017,BTC016,C_BTC017,resolved_infrastructure,4,geopackage_authoritative_with_xml_supplement,"[""geopackage"", ""xml_schematic""]",0.95,11
BTC043,BTC041,C_BTC043,resolved_infrastructure,4,geopackage_authoritative_with_xml_supplement,"[""geopackage"", ""xml_schematic""]",0.95,9
09,BTC017,SR_09_BTC017,resolved_infrastructure,4,geopackage_authoritative_with_xml_supplement,"[""geopackage"", ""xml_schematic""]",0.95,7
10,BSL001,SR_10_BSL001,resolved_infrastructure,4,geopackage_authoritative_with_xml_supplement,"[""geopackage"", ""xml_schematic""]",0.95,11
17N,BSL001,SR_17N_BSL001,resolved_infrastructure,4,geopackage_authoritative_with_xml_supplement,"[""geopackage"", ""xml_schematic""]",0.95,11
11,FTR059,SR_11_FTR059,resolved_infrastructure,4,geopackage_authoritative_with_xml_supplement,"[""geopackage"", ""xml_schematic""]",0.95,7
14,YUB011,SR_14_YUB011,resolved_infrastructure,4,geopackage_authoritative_with_xml_supplement,"[""geopackage"", ""xml_schematic""]",0.95,6
FTR031,FTR030,C_FTR031,resolved_infrastructure,4,geopackage_authoritative_with_xml_supplement,"[""geopackage"", ""xml_schematic""]",0.95,10
15N_SA,FTR031,R_15N_SA_FTR031,resolved_infrastructure,4,geopackage_authoritative_with_xml_supplement,"[""geopackage"", ""xml_schematic""]",0.95,7
15N,FTR029,SR_15N_FTR029,resolved_infrastructure,4,geopackage_authoritative_with_xml_supplement,"[""geopackage"", ""xml_schematic""]",0.95,6
14,HON004,SR_14_HON004,resolved_infrastructure,4,geopackage_authoritative_with_xml_supplement,"[""geopackage"", ""xml_schematic""]",0.95,8
FTR045,15N_SA,D_FTR045_15N_SA,resolved_infrastructure,4,geopackage_authoritative_with_xml_supplement,"[""geopackage"", ""xml_schematic""]",0.95,8
MTC000,09_PR,D_MTC000_09_PR,resolved_infrastructure,4,geopackage_authoritative_with_xml_supplement,"[""geopackage"", ""xml_schematic""]",0.95,6
12,HON004,SR_12_HON004,resolved_infrastructure,4,geopackage_authoritative_with_xml_supplement,"[""geopackage"", ""xml_schematic""]",0.95,8
03,KSWCK,SR_03_KSWCK,resolved_infrastructure,4,geopackage_authoritative_with_xml_supplement,"[""geopackage"", ""xml_schematic""]",0.95,6
FOLSM,26S_PU3,D_FOLSM_26S_PU3,resolved_infrastructure,4,geopackage_authoritative_with_xml_supplement,"[""geopackage"", ""xml_schematic""]",0.95,11
23,BRR011,SR_23_BRR011,resolved_infrastructure,4,geopackage_authoritative_with_xml_supplement,"[""geopackage"", ""xml_schematic""]",0.95,6
24,BRR011,SR_24_BRR011,resolved_infrastructure,4,geopackage_authoritative_with_xml_supplement,"[""geopackage"", ""xml_schematic""]",0.95,6
WTPVNY,26S_PU4,D_WTPVNY_26S_PU4,resolved_infrastructure,4,geopackage_authoritative_with_xml_supplement,"[""geopackage"", ""xml_schematic""]",0.95,2
SAC091,19_SA,D_SAC091_19_SA,resolved_infrastructure,4,geopackage_authoritative_with_xml_supplement,"[""geopackage"", ""xml_schematic""]",0.95,5
11_PR,BTC017,R_11_PR_BTC017,resolved_infrastructure,4,geopackage_authoritative_with_xml_supplement,"[""geopackage"", ""xml_schematic""]",0.95,8
26N_NU3,SRWWTP,R_26N_NU3_SRWWTP,resolved_infrastructure,4,geopackage_authoritative_with_xml_supplement,"[""geopackage"", ""xml_schematic""]",0.95,20
26S_NU4,RFS26S,R_26S_NU4_RFS26S,resolved_infrastructure,4,geopackage_authoritative_with_xml_supplement,"[""geopackage"", ""xml_schematic""]",0.95,5
RFS26S,SRWWTP,R_RFS26S_SRWWTP,resolved_infrastructure,4,geopackage_authoritative_with_xml_supplement,"[""geopackage"", ""xml_schematic""]",0.95,23
XCC033,72_PR4,D_XCC033_72_PR4,resolved_infrastructure,4,geopackage_authoritative_with_xml_supplement,"[""geopackage"", ""xml_schematic""]",0.95,6
MDC032,CHW028,C_MDC032,resolved_infrastructure,4,geopackage_authoritative_with_xml_supplement,"[""geopackage"", ""xml_schematic""]",0.95,11
RFS63,MDWWTP,R_RFS63_MDWWTP,resolved_infrastructure,4,geopackage_authoritative_with_xml_supplement,"[""geopackage"", ""xml_schematic""]",0.95,5
63_NU,RFS63,R_63_NU_RFS63,resolved_infrastructure,4,geopackage_authoritative_with_xml_supplement,"[""geopackage"", ""xml_schematic""]",0.95,5
RFS63,AWWWTP,R_RFS63_AWWWTP,resolved_infrastructure,4,geopackage_authoritative_with_xml_supplement,"[""geopackage"", ""xml_schematic""]",0.95,7
MDWWTP,OWN011,R_MDWWTP_OWN011,resolved_infrastructure,4,geopackage_authoritative_with_xml_supplement,"[""geopackage"", ""xml_schematic""]",0.95,7
ESC000,EBP042,C_ESC000,resolved_infrastructure,4,geopackage_authoritative_with_xml_supplement,"[""geopackage"", ""xml_schematic""]",0.95,4
BCK006,ESC000,D_BCK006_ESC000,resolved_infrastructure,4,geopackage_authoritative_with_xml_supplement,"[""geopackage"", ""xml_schematic""]",0.95,6
WBF006,NFF008,C_WBF006,resolved_infrastructure,4,geopackage_authoritative_with_xml_supplement,"[""geopackage"", ""xml_schematic""]",0.95,9
STS059,UFC000,D_STS059_UFC000,resolved_infrastructure,4,geopackage_authoritative_with_xml_supplement,"[""geopackage"", ""xml_schematic""]",0.95,11
BSL000,SAC141,D_BSL000_SAC141,resolved_infrastructure,4,geopackage_authoritative_with_xml_supplement,"[""geopackage"", ""xml_schematic""]",0.95,9
TUO017,TUO015,C_TUO017,resolved_infrastructure,4,geopackage_authoritative_with_xml_supplement,"[""geopackage"", ""xml_schematic""]",0.95,17
62,TUO017,SR_62_TUO017,resolved_infrastructure,4,geopackage_authoritative_with_xml_supplement,"[""geopackage"", ""xml_schematic""]",0.95,11
STS020,STS017,C_STS020,resolved_infrastructure,4,geopackage_authoritative_with_xml_supplement,"[""geopackage"", ""xml_schematic""]",0.95,10
61,STS017,SR_61_STS017,resolved_infrastructure,4,geopackage_authoritative_with_xml_supplement,"[""geopackage"", ""xml_schematic""]",0.95,6
61,SJR070,SR_61_SJR070,resolved_infrastructure,4,geopackage_authoritative_with_xml_supplement,"[""geopackage"", ""xml_schematic""]",0.95,8
MCD054,MCD052,C_MCD054,resolved_infrastructure,4,geopackage_authoritative_with_xml_supplement,"[""geopackage"", ""xml_schematic""]",0.95,8
MCD056,MCD055,C_MCD056,resolved_infrastructure,4,geopackage_authoritative_with_xml_supplement,"[""geopackage"", ""xml_schematic""]",0.95,8
63,MCD050,SR_63_MCD050,resolved_infrastructure,4,geopackage_authoritative_with_xml_supplement,"[""geopackage"", ""xml_schematic""]",0.95,8
63,MCD021,SR_63_MCD021,resolved_infrastructure,4,geopackage_authoritative_with_xml_supplement,"[""geopackage"", ""xml_schematic""]",0.95,9
62,SJR081,SR_62_SJR081,resolved_infrastructure,4,geopackage_authoritative_with_xml_supplement,"[""geopackage"", ""xml_schematic""]",0.95,9
61,SJR043,SR_61_SJR043,resolved_infrastructure,4,geopackage_authoritative_with_xml_supplement,"[""geopackage"", ""xml_schematic""]",0.95,8
60S,FCS007,SR_60S_FCS007,resolved_infrastructure,4,geopackage_authoritative_with_xml_supplement,"[""geopackage"", ""xml_schematic""]",0.95,7
61,SJR053,SR_61_SJR053,resolved_infrastructure,4,geopackage_authoritative_with_xml_supplement,"[""geopackage"", ""xml_schematic""]",0.95,5
61,FCS007,SR_61_FCS007,resolved_infrastructure,4,geopackage_authoritative_with_xml_supplement,"[""geopackage"", ""xml_schematic""]",0.95,7
60S,SJR038,SR_60S_SJR038,resolved_infrastructure,4,geopackage_authoritative_with_xml_supplement,"[""geopackage"", ""xml_schematic""]",0.95,8
60S,SJR028,SR_60S_SJR028,resolved_infrastructure,4,geopackage_authoritative_with_xml_supplement,"[""geopackage"", ""xml_schematic""]",0.95,9
60N,SJR028,SR_60N_SJR028,resolved_infrastructure,4,geopackage_authoritative_with_xml_supplement,"[""geopackage"", ""xml_schematic""]",0.95,8
MOK035,MOK034,C_MOK035,resolved_infrastructure,4,geopackage_authoritative_with_xml_supplement,"[""geopackage"", ""xml_schematic""]",0.95,12
60N,MOK019,SR_60N_MOK019,resolved_infrastructure,4,geopackage_authoritative_with_xml_supplement,"[""geopackage"", ""xml_schematic""]",0.95,8
60N,SJR022,SR_60N_SJR022,resolved_infrastructure,4,geopackage_authoritative_with_xml_supplement,"[""geopackage"", ""xml_schematic""]",0.95,8
72,MSN004,SR_72_MSN004,resolved_infrastructure,4,geopackage_authoritative_with_xml_supplement,"[""geopackage"", ""xml_schematic""]",0.95,11
72,SJR117,SR_72_SJR117,resolved_infrastructure,4,geopackage_authoritative_with_xml_supplement,"[""geopackage"", ""xml_schematic""]",0.95,10
72,SAL006,SR_72_SAL006,resolved_infrastructure,4,geopackage_authoritative_with_xml_supplement,"[""geopackage"", ""xml_schematic""]",0.95,8
64,EBP050,SR_64_EBP050,resolved_infrastructure,4,geopackage_authoritative_with_xml_supplement,"[""geopackage"", ""xml_schematic""]",0.95,7
64,SJR180,SR_64_SJR180,resolved_infrastructure,4,geopackage_authoritative_with_xml_supplement,"[""geopackage"", ""xml_schematic""]",0.95,7
64,EBP005,SR_64_EBP005,resolved_infrastructure,4,geopackage_authoritative_with_xml_supplement,"[""geopackage"", ""xml_schematic""]",0.95,6
EBP001,EBP005,C_EBP001,resolved_infrastructure,4,geopackage_authoritative_with_xml_supplement,"[""geopackage"", ""xml_schematic""]",0.95,9
64,SJR214,SR_64_SJR214,resolved_infrastructure,4,geopackage_authoritative_with_xml_supplement,"[""geopackage"", ""xml_schematic""]",0.95,6
64,SJR227,SR_64_SJR227,resolved_infrastructure,4,geopackage_authoritative_with_xml_supplement,"[""geopackage"", ""xml_schematic""]",0.95,7
63,SJR117,SR_63_SJR117,resolved_infrastructure,4,geopackage_authoritative_with_xml_supplement,"[""geopackage"", ""xml_schematic""]",0.95,10
60N,SJR038,SR_60N_SJR038,resolved_infrastructure,4,geopackage_authoritative_with_xml_supplement,"[""geopackage"", ""xml_schematic""]",0.95,8
73,SLD027,SR_73_SLD027,resolved_infrastructure,4,geopackage_authoritative_with_xml_supplement,"[""geopackage"", ""xml_schematic""]",0.95,7
64,FRS022,SR_64_FRS022,resolved_infrastructure,4,geopackage_authoritative_with_xml_supplement,"[""geopackage"", ""xml_schematic""]",0.95,6
71,OMR039,SR_71_OMR039,resolved_infrastructure,4,geopackage_authoritative_with_xml_supplement,"[""geopackage"", ""xml_schematic""]",0.95,7
71,SJR070,SR_71_SJR070,resolved_infrastructure,4,geopackage_authoritative_with_xml_supplement,"[""geopackage"", ""xml_schematic""]",0.95,8
SJR258,SJR256,C_SJR258,resolved_infrastructure,4,geopackage_authoritative_with_xml_supplement,"[""geopackage"", ""xml_schematic""]",0.95,8
JBP006,FSL012,C_JBP006,resolved_infrastructure,4,geopackage_authoritative_with_xml_supplement,"[""geopackage"", ""xml_schematic""]",0.95,9
SJR180,SJR179,C_SJR180,resolved_infrastructure,4,geopackage_authoritative_with_xml_supplement,"[""geopackage"", ""xml_schematic""]",0.95,10
CAA087,CAA095,C_CAA087,resolved_infrastructure,4,geopackage_authoritative_with_xml_supplement,"[""geopackage"", ""xml_schematic""]",0.95,8
CAA172,90_PA1,D_CAA172_90_PA1,resolved_infrastructure,4,geopackage_authoritative_with_xml_supplement,"[""geopackage"", ""xml_schematic""]",0.95,6
MLRTN,SJR265,C_MLRTN,resolved_infrastructure,4,geopackage_authoritative_with_xml_supplement,"[""geopackage"", ""xml_schematic""]",0.95,10
MDC019,MDC032,C_MDC019,resolved_infrastructure,4,geopackage_authoritative_with_xml_supplement,"[""geopackage"", ""xml_schematic""]",0.95,7
AWWWTP,ESC000,R_AWWWTP_ESC000,resolved_infrastructure,4,geopackage_authoritative_with_xml_supplement,"[""geopackage"", ""xml_schematic""]",0.95,2
DED012,DED010,C_DED012,resolved_infrastructure,4,geopackage_authoritative_with_xml_supplement,"[""geopackage"", ""xml_schematic""]",0.95,9
64_PA1,EBP016,R_64_PA1_EBP016,resolved_infrastructure,4,geopackage_authoritative_with_xml_supplement,"[""geopackage"", ""xml_schematic""]",0.95,8
64_PA3,EBP016,R_64_PA3_EBP016,resolved_infrastructure,4,geopackage_authoritative_with_xml_supplement,"[""geopackage"", ""xml_schematic""]",0.95,8
MDC006,64_PA3,D_MDC006_64_PA3,resolved_infrastructure,4,geopackage_authoritative_with_xml_supplement,"[""geopackage"", ""xml_schematic""]",0.95,7
MCD002,SJR116,C_MCD002,resolved_infrastructure,4,geopackage_authoritative_with_xml_supplement,"[""geopackage"", ""xml_schematic""]",0.95,13
MCD002,MRS000,SP_MCD002_MRS000,resolved_infrastructure,4,geopackage_authoritative_with_xml_supplement,"[""geopackage"", ""xml_schematic""]",0.95,9
SJR115,SJR114,C_SJR115,resolved_infrastructure,4,geopackage_authoritative_with_xml_supplement,"[""geopackage"", ""xml_schematic""]",0.95,8
MRS000,SJR114,C_MRS000,resolved_infrastructure,4,geopackage_authoritative_with_xml_supplement,"[""geopackage"", ""xml_schematic""]",0.95,8
64,EBP030,SR_64_EBP030,resolved_infrastructure,4,geopackage_authoritative_with_xml_supplement,"[""geopackage"", ""xml_schematic""]",0.95,11
63,EBP030,SR_63_EBP030,resolved_infrastructure,4,geopackage_authoritative_with_xml_supplement,"[""geopackage"", ""xml_schematic""]",0.95,11
64,EBP019,SR_64_EBP019,resolved_infrastructure,4,geopackage_authoritative_with_xml_supplement,"[""geopackage"", ""xml_schematic""]",0.95,6
64,EBP032,SR_64_EBP032,resolved_infrastructure,4,geopackage_authoritative_with_xml_supplement,"[""geopackage"", ""xml_schematic""]",0.95,6
71,MSN004,SR_71_MSN004,resolved_infrastructure,4,geopackage_authoritative_with_xml_supplement,"[""geopackage"", ""xml_schematic""]",0.95,11
72,SJR106,SR_72_SJR106,resolved_infrastructure,4,geopackage_authoritative_with_xml_supplement,"[""geopackage"", ""xml_schematic""]",0.95,13
71,SJR106,SR_71_SJR106,resolved_infrastructure,4,geopackage_authoritative_with_xml_supplement,"[""geopackage"", ""xml_schematic""]",0.95,13
73,MSN004,SR_73_MSN004,resolved_infrastructure,4,geopackage_authoritative_with_xml_supplement,"[""geopackage"", ""xml_schematic""]",0.95,11
71,SJR117,SR_71_SJR117,resolved_infrastructure,4,geopackage_authoritative_with_xml_supplement,"[""geopackage"", ""xml_schematic""]",0.95,10
72,SJR091,SR_72_SJR091,resolved_infrastructure,4,geopackage_authoritative_with_xml_supplement,"[""geopackage"", ""xml_schematic""]",0.95,12
71,SJR091,SR_71_SJR091,resolved_infrastructure,4,geopackage_authoritative_with_xml_supplement,"[""geopackage"", ""xml_schematic""]",0.95,12
DED010,63_PR2,D_DED010_63_PR2,resolved_infrastructure,4,geopackage_authoritative_with_xml_supplement,"[""geopackage"", ""xml_schematic""]",0.95,7
TUO054,TUO053,C_TUO054,resolved_infrastructure,4,geopackage_authoritative_with_xml_supplement,"[""geopackage"", ""xml_schematic""]",0.95,10
TUO054,MDS003,D_TUO054_MDS003,resolved_infrastructure,4,geopackage_authoritative_with_xml_supplement,"[""geopackage"", ""xml_schematic""]",0.95,9
TUO054,TUR001,D_TUO054_TUR001,resolved_infrastructure,4,geopackage_authoritative_with_xml_supplement,"[""geopackage"", ""xml_schematic""]",0.95,9
RFS62,TUO022,R_RFS62_TUO022,resolved_infrastructure,4,geopackage_authoritative_with_xml_supplement,"[""geopackage"", ""xml_schematic""]",0.95,4
TUO003,SJR081,C_TUO003,resolved_infrastructure,4,geopackage_authoritative_with_xml_supplement,"[""geopackage"", ""xml_schematic""]",0.95,15
STS059,STS058,C_STS059,resolved_infrastructure,4,geopackage_authoritative_with_xml_supplement,"[""geopackage"", ""xml_schematic""]",0.95,11
STS059,SSJ001,D_STS059_SSJ001,resolved_infrastructure,4,geopackage_authoritative_with_xml_supplement,"[""geopackage"", ""xml_schematic""]",0.95,10
STS059,OAK001,D_STS059_OAK001,resolved_infrastructure,4,geopackage_authoritative_with_xml_supplement,"[""geopackage"", ""xml_schematic""]",0.95,10
RFS61C,STS030,R_RFS61C_STS030,resolved_infrastructure,4,geopackage_authoritative_with_xml_supplement,"[""geopackage"", ""xml_schematic""]",0.95,12
XCC010,72_XA2,D_XCC010_72_XA2,resolved_infrastructure,4,geopackage_authoritative_with_xml_supplement,"[""geopackage"", ""xml_schematic""]",0.95,5
72_XA2,SAL017,R_72_XA2_SAL017,resolved_infrastructure,4,geopackage_authoritative_with_xml_supplement,"[""geopackage"", ""xml_schematic""]",0.95,7
63_PR2,EBP041,R_63_PR2_EBP041,resolved_infrastructure,4,geopackage_authoritative_with_xml_supplement,"[""geopackage"", ""xml_schematic""]",0.95,7
63_PR3,SJR134,R_63_PR3_SJR134,resolved_infrastructure,4,geopackage_authoritative_with_xml_supplement,"[""geopackage"", ""xml_schematic""]",0.95,10
15N,HON004,SR_15N_HON004,resolved_infrastructure,4,geopackage_authoritative_with_xml_supplement,"[""geopackage"", ""xml_schematic""]",0.95,8
DCT050,TUO017,C_DCT050,resolved_infrastructure,4,geopackage_authoritative_with_xml_supplement,"[""geopackage"", ""xml_schematic""]",0.95,14
STS036,STS030,C_STS036,resolved_infrastructure,4,geopackage_authoritative_with_xml_supplement,"[""geopackage"", ""xml_schematic""]",0.95,12
MELON,STS069,C_MELON,resolved_infrastructure,4,geopackage_authoritative_with_xml_supplement,"[""geopackage"", ""xml_schematic""]",0.95,4
FTR029,FTR028,C_FTR029,resolved_infrastructure,4,geopackage_authoritative_with_xml_supplement,"[""geopackage"", ""xml_schematic""]",0.95,12
HNSLY,FRS048,C_HNSLY,resolved_infrastructure,4,geopackage_authoritative_with_xml_supplement,"[""geopackage"", ""xml_schematic""]",0.95,7
NNA013,NFA054,C_NNA013,resolved_infrastructure,4,geopackage_authoritative_with_xml_supplement,"[""geopackage"", ""xml_schematic""]",0.95,9
NFF020,NFF008,C_NFF020,resolved_infrastructure,4,geopackage_authoritative_with_xml_supplement,"[""geopackage"", ""xml_schematic""]",0.95,8
YUB023,YUB022,C_YUB023,resolved_infrastructure,4,geopackage_authoritative_with_xml_supplement,"[""geopackage"", ""xml_schematic""]",0.95,7
BTC016,BTC015,C_BTC016,resolved_infrastructure,4,geopackage_authoritative_with_xml_supplement,"[""geopackage"", ""xml_schematic""]",0.95,8
SJR214,EBP001,D_SJR214_EBP001,resolved_infrastructure,4,geopackage_authoritative_with_xml_supplement,"[""geopackage"", ""xml_schematic""]",0.95,9
MFY012,MFY005,C_MFY012,resolved_infrastructure,4,geopackage_authoritative_with_xml_supplement,"[""geopackage"", ""xml_schematic""]",0.95,7
MFY013,MFY012,C_MFY013,resolved_infrastructure,4,geopackage_authoritative_with_xml_supplement,"[""geopackage"", ""xml_schematic""]",0.95,8
OGN005,OGN004,C_OGN005,resolved_infrastructure,4,geopackage_authoritative_with_xml_supplement,"[""geopackage"", ""xml_schematic""]",0.95,8
OGN005,CMT000,D_OGN005_CMT000,resolved_infrastructure,4,geopackage_authoritative_with_xml_supplement,"[""geopackage"", ""xml_schematic""]",0.95,8
LRT000,OGN005,C_LRT000,resolved_infrastructure,4,geopackage_authoritative_with_xml_supplement,"[""geopackage"", ""xml_schematic""]",0.95,8
MFY013,LRT000,D_MFY013_LRT000,resolved_infrastructure,4,geopackage_authoritative_with_xml_supplement,"[""geopackage"", ""xml_schematic""]",0.95,8
YUB030,ENGLB,C_YUB030,resolved_infrastructure,4,geopackage_authoritative_with_xml_supplement,"[""geopackage"", ""xml_schematic""]",0.95,9
SFY007,YUB030,C_SFY007,resolved_infrastructure,4,geopackage_authoritative_with_xml_supplement,"[""geopackage"", ""xml_schematic""]",0.95,8
MFF019,SFF002,C_MFF019,resolved_infrastructure,4,geopackage_authoritative_with_xml_supplement,"[""geopackage"", ""xml_schematic""]",0.95,8
SFF020,SFF018,C_SFF020,resolved_infrastructure,4,geopackage_authoritative_with_xml_supplement,"[""geopackage"", ""xml_schematic""]",0.95,7
SFF018,SFF011,C_SFF018,resolved_infrastructure,4,geopackage_authoritative_with_xml_supplement,"[""geopackage"", ""xml_schematic""]",0.95,9
SFF011,SFF008,C_SFF011,resolved_infrastructure,4,geopackage_authoritative_with_xml_supplement,"[""geopackage"", ""xml_schematic""]",0.95,10
TULOC,STS060,C_TULOC,resolved_infrastructure,4,geopackage_authoritative_with_xml_supplement,"[""geopackage"", ""xml_schematic""]",0.95,4
TUO036,TUO030,C_TUO036,resolved_infrastructure,4,geopackage_authoritative_with_xml_supplement,"[""geopackage"", ""xml_schematic""]",0.95,8
63,SJR134,SR_63_SJR134,resolved_infrastructure,4,geopackage_authoritative_with_xml_supplement,"[""geopackage"", ""xml_schematic""]",0.95,9
LKVLY,NNA013,C_LKVLY,resolved_infrastructure,4,geopackage_authoritative_with_xml_supplement,"[""geopackage"", ""xml_schematic""]",0.95,9
NFA054,NFA048,C_NFA054,resolved_infrastructure,4,geopackage_authoritative_with_xml_supplement,"[""geopackage"", ""xml_schematic""]",0.95,8
NFA019,NFA016,C_NFA019,resolved_infrastructure,4,geopackage_authoritative_with_xml_supplement,"[""geopackage"", ""xml_schematic""]",0.95,10
DCM027,DCM019,C_DCM027,resolved_infrastructure,4,geopackage_authoritative_with_xml_supplement,"[""geopackage"", ""xml_schematic""]",0.95,6
MCD055,MCD054,C_MCD055,resolved_infrastructure,4,geopackage_authoritative_with_xml_supplement,"[""geopackage"", ""xml_schematic""]",0.95,8
MCD048,MCD046,C_MCD048,resolved_infrastructure,4,geopackage_authoritative_with_xml_supplement,"[""geopackage"", ""xml_schematic""]",0.95,7
MCD021,MCD018,C_MCD021,resolved_infrastructure,4,geopackage_authoritative_with_xml_supplement,"[""geopackage"", ""xml_schematic""]",0.95,12
MSN005,MSN004,C_MSN005,resolved_infrastructure,4,geopackage_authoritative_with_xml_supplement,"[""geopackage"", ""xml_schematic""]",0.95,15
SAC169,SAC168,C_SAC169,resolved_infrastructure,4,geopackage_authoritative_with_xml_supplement,"[""geopackage"", ""xml_schematic""]",0.95,8
SAC062,SAC061,C_SAC062,resolved_infrastructure,4,geopackage_authoritative_with_xml_supplement,"[""geopackage"", ""xml_schematic""]",0.95,7
SAC081,SAC078,C_SAC081,resolved_infrastructure,4,geopackage_authoritative_with_xml_supplement,"[""geopackage"", ""xml_schematic""]",0.95,10
SJR214,SJR213,C_SJR214,resolved_infrastructure,4,geopackage_authoritative_with_xml_supplement,"[""geopackage"", ""xml_schematic""]",0.95,9
TUO043,TUO036,C_TUO043,resolved_infrastructure,4,geopackage_authoritative_with_xml_supplement,"[""geopackage"", ""xml_schematic""]",0.95,8
TUO004,TUO003,C_TUO004,resolved_infrastructure,4,geopackage_authoritative_with_xml_supplement,"[""geopackage"", ""xml_schematic""]",0.95,9
SAC196,MTC000,D_SAC196_MTC000,resolved_infrastructure,4,geopackage_authoritative_with_xml_supplement,"[""geopackage"", ""xml_schematic""]",0.95,14
DRC005,05_NA,D_DRC005_05_NA,resolved_infrastructure,4,geopackage_authoritative_with_xml_supplement,"[""geopackage"", ""xml_schematic""]",0.95,7
STN004,GCC007,D_STN004_GCC007,resolved_infrastructure,4,geopackage_authoritative_with_xml_supplement,"[""geopackage"", ""xml_schematic""]",0.95,10
CBD028,08S_SA3,D_CBD028_08S_SA3,resolved_infrastructure,4,geopackage_authoritative_with_xml_supplement,"[""geopackage"", ""xml_schematic""]",0.95,10
CCC007,CCC019,C_CCC007,resolved_infrastructure,4,geopackage_authoritative_with_xml_supplement,"[""geopackage"", ""xml_schematic""]",0.95,9
CHIPPS,CCC019,D_CHIPPS_CCC019,resolved_infrastructure,4,geopackage_authoritative_with_xml_supplement,"[""geopackage"", ""xml_schematic""]",0.95,8
SJR006,ANTOC,D_SJR006_ANTOC,resolved_infrastructure,4,geopackage_authoritative_with_xml_supplement,"[""geopackage"", ""xml_schematic""]",0.95,6
CCC007,ANTOC,D_CCC007_ANTOC,resolved_infrastructure,4,geopackage_authoritative_with_xml_supplement,"[""geopackage"", ""xml_schematic""]",0.95,6
RVPHB,WBF039,C_RVPHB,resolved_infrastructure,4,geopackage_authoritative_with_xml_supplement,"[""geopackage"", ""xml_schematic""]",0.95,5
ButteCity,SAC169,CT_BUTTECITY,resolved_infrastructure,4,geopackage_authoritative_with_xml_supplement,"[""geopackage"", ""xml_schematic""]",0.95,5
Nicolaus,FTR008,CT_NICOLAUS,resolved_infrastructure,4,geopackage_authoritative_with_xml_supplement,"[""geopackage"", ""xml_schematic""]",0.95,8
DER027,SCOTF,C_DER027,resolved_infrastructure,4,geopackage_authoritative_with_xml_supplement,"[""geopackage"", ""xml_schematic""]",0.95,8
CBC000,LKPNE,D_CBC000_LKPNE,resolved_infrastructure,4,geopackage_authoritative_with_xml_supplement,"[""geopackage"", ""xml_schematic""]",0.95,4
Davis,PTH007,CT_DAVIS,resolved_infrastructure,4,geopackage_authoritative_with_xml_supplement,"[""geopackage"", ""xml_schematic""]",0.95,7
FairOaks,AMR022,CT_FAIROAKS,resolved_infrastructure,4,geopackage_authoritative_with_xml_supplement,"[""geopackage"", ""xml_schematic""]",0.95,4
SacSlough,SSL001,CT_SACSLOUGH,resolved_infrastructure,4,geopackage_authoritative_with_xml_supplement,"[""geopackage"", ""xml_schematic""]",0.95,8
Smartville,ENGLB,CT_SMARTVILLE,resolved_infrastructure,4,geopackage_authoritative_with_xml_supplement,"[""geopackage"", ""xml_schematic""]",0.95,6
Wheatland,CMPFW,CT_WHEATLAND,resolved_infrastructure,4,geopackage_authoritative_with_xml_supplement,"[""geopackage"", ""xml_schematic""]",0.95,8
Woodland,YBP032,CT_WOODLAND,resolved_infrastructure,4,geopackage_authoritative_with_xml_supplement,"[""geopackage"", ""xml_schematic""]",0.95,9
Yolo,CCH012,CT_YOLO,resolved_infrastructure,4,geopackage_authoritative_with_xml_supplement,"[""geopackage"", ""xml_schematic""]",0.95,6
Oroville,OROVL,CT_OROVILLE,resolved_infrastructure,4,geopackage_authoritative_with_xml_supplement,"[""geopackage"", ""xml_schematic""]",0.95,7
WilkinsSlough,SAC120,CT_WILKINSSL,resolved_infrastructure,4,geopackage_authoritative_with_xml_supplement,"[""geopackage"", ""xml_schematic""]",0.95,5
DRM001,SYC001,D_DRM001_SYC001,resolved_infrastructure,4,geopackage_authoritative_with_xml_supplement,"[""geopackage"", ""xml_schematic""]",0.95,6
SYC020,SFD003,C_SYC020,resolved_infrastructure,4,geopackage_authoritative_with_xml_supplement,"[""geopackage"", ""xml_schematic""]",0.95,8
SYC002,SYC003,C_SYC002,resolved_infrastructure,4,geopackage_authoritative_with_xml_supplement,"[""geopackage"", ""xml_schematic""]",0.95,8
SFD003,DER027,C_SFD003,resolved_infrastructure,4,geopackage_authoritative_with_xml_supplement,"[""geopackage"", ""xml_schematic""]",0.95,8
SCOTF,DER022,C_SCOTF,resolved_infrastructure,4,geopackage_authoritative_with_xml_supplement,"[""geopackage"", ""xml_schematic""]",0.95,9
DER022,DER018,C_DER022,resolved_infrastructure,4,geopackage_authoritative_with_xml_supplement,"[""geopackage"", ""xml_schematic""]",0.95,8
DER018,DER011,C_DER018,resolved_infrastructure,4,geopackage_authoritative_with_xml_supplement,"[""geopackage"", ""xml_schematic""]",0.95,9
DER002,DER001,C_DER002,resolved_infrastructure,4,geopackage_authoritative_with_xml_supplement,"[""geopackage"", ""xml_schematic""]",0.95,8
DER004,DER002,C_DER004,resolved_infrastructure,4,geopackage_authoritative_with_xml_supplement,"[""geopackage"", ""xml_schematic""]",0.95,10
CSD014,RLLNS,C_CSD014,resolved_infrastructure,4,geopackage_authoritative_with_xml_supplement,"[""geopackage"", ""xml_schematic""]",0.95,11
DER018,NWT013,D_DER018_NWT013,resolved_infrastructure,4,geopackage_authoritative_with_xml_supplement,"[""geopackage"", ""xml_schematic""]",0.95,8
DER004,NIDD2,D_DER004_NIDD2,resolved_infrastructure,4,geopackage_authoritative_with_xml_supplement,"[""geopackage"", ""xml_schematic""]",0.95,5
LGRSV,SFF039,C_LGRSV,resolved_infrastructure,4,geopackage_authoritative_with_xml_supplement,"[""geopackage"", ""xml_schematic""]",0.95,7
SFF029,SFF028,C_SFF029,resolved_infrastructure,4,geopackage_authoritative_with_xml_supplement,"[""geopackage"", ""xml_schematic""]",0.95,7
NBLDB,CGT005,D_NBLDB_CGT005,resolved_infrastructure,4,geopackage_authoritative_with_xml_supplement,"[""geopackage"", ""xml_schematic""]",0.95,10
CGT005,CGT006,C_CGT005,resolved_infrastructure,4,geopackage_authoritative_with_xml_supplement,"[""geopackage"", ""xml_schematic""]",0.95,7
YUB034,YUB030,C_YUB034,resolved_infrastructure,4,geopackage_authoritative_with_xml_supplement,"[""geopackage"", ""xml_schematic""]",0.95,8
02_NU,SAC281,R_02_NU_SAC281,resolved_infrastructure,4,geopackage_authoritative_with_xml_supplement,"[""geopackage"", ""xml_schematic""]",0.95,9
25_PU,EAWWTP,R_25_PU_EAWWTP,resolved_infrastructure,4,geopackage_authoritative_with_xml_supplement,"[""geopackage"", ""xml_schematic""]",0.95,4
EAWWTP,CSL005,R_EAWWTP_CSL005,resolved_infrastructure,4,geopackage_authoritative_with_xml_supplement,"[""geopackage"", ""xml_schematic""]",0.95,12
20_NU1,WLWWTP,R_20_NU1_WLWWTP,resolved_infrastructure,4,geopackage_authoritative_with_xml_supplement,"[""geopackage"", ""xml_schematic""]",0.95,4
WSB005,YBP023,C_WSB005,resolved_infrastructure,4,geopackage_authoritative_with_xml_supplement,"[""geopackage"", ""xml_schematic""]",0.95,7
DVWWTP,WSB005,R_DVWWTP_WSB005,resolved_infrastructure,4,geopackage_authoritative_with_xml_supplement,"[""geopackage"", ""xml_schematic""]",0.95,2
LVP007,CCC007,C_LVP007,resolved_infrastructure,4,geopackage_authoritative_with_xml_supplement,"[""geopackage"", ""xml_schematic""]",0.95,9
MAQ057,EBMUD,D_MAQ057_EBMUD,resolved_infrastructure,4,geopackage_authoritative_with_xml_supplement,"[""geopackage"", ""xml_schematic""]",0.95,8
MAQ057,LVP007,D_MAQ057_LVP007,resolved_infrastructure,4,geopackage_authoritative_with_xml_supplement,"[""geopackage"", ""xml_schematic""]",0.95,9
PARDE,MAQ001,D_PARDE_MAQ001,resolved_infrastructure,4,geopackage_authoritative_with_xml_supplement,"[""geopackage"", ""xml_schematic""]",0.95,9
LST004,LST003,C_LST004,resolved_infrastructure,4,geopackage_authoritative_with_xml_supplement,"[""geopackage"", ""xml_schematic""]",0.95,7
BRR073,BRR072,C_BRR073,resolved_infrastructure,4,geopackage_authoritative_with_xml_supplement,"[""geopackage"", ""xml_schematic""]",0.95,7
BRR072,CYN009,D_BRR072_CYN009,resolved_infrastructure,4,geopackage_authoritative_with_xml_supplement,"[""geopackage"", ""xml_schematic""]",0.95,7
SAC075,22_NA,D_SAC075_22_NA,resolved_infrastructure,4,geopackage_authoritative_with_xml_supplement,"[""geopackage"", ""xml_schematic""]",0.95,6
SAC081,21_NA,D_SAC081_21_NA,resolved_infrastructure,4,geopackage_authoritative_with_xml_supplement,"[""geopackage"", ""xml_schematic""]",0.95,6
SAC109,19_SA,D_SAC109_19_SA,resolved_infrastructure,4,geopackage_authoritative_with_xml_supplement,"[""geopackage"", ""xml_schematic""]",0.95,6
SAC122,19_SA,D_SAC122_19_SA,resolved_infrastructure,4,geopackage_authoritative_with_xml_supplement,"[""geopackage"", ""xml_schematic""]",0.95,9
SAC129,08S_NA2,D_SAC129_08S_NA2,resolved_infrastructure,4,geopackage_authoritative_with_xml_supplement,"[""geopackage"", ""xml_schematic""]",0.95,6
SAC136,18_NA,D_SAC136_18_NA,resolved_infrastructure,4,geopackage_authoritative_with_xml_supplement,"[""geopackage"", ""xml_schematic""]",0.95,6
SAC146,08S_NA1,D_SAC146_08S_NA1,resolved_infrastructure,4,geopackage_authoritative_with_xml_supplement,"[""geopackage"", ""xml_schematic""]",0.95,6
SAC185,09_NA,D_SAC185_09_NA,resolved_infrastructure,4,geopackage_authoritative_with_xml_supplement,"[""geopackage"", ""xml_schematic""]",0.95,10
SAC185,08N_NA,D_SAC185_08N_NA,resolved_infrastructure,4,geopackage_authoritative_with_xml_supplement,"[""geopackage"", ""xml_schematic""]",0.95,10
SAC273,03_NA,D_SAC273_03_NA,resolved_infrastructure,4,geopackage_authoritative_with_xml_supplement,"[""geopackage"", ""xml_schematic""]",0.95,7
SAC281,02_NA,D_SAC281_02_NA,resolved_infrastructure,4,geopackage_authoritative_with_xml_supplement,"[""geopackage"", ""xml_schematic""]",0.95,9
SBP012,DWRPS1,D_SBP012_DWRPS1,resolved_infrastructure,4,geopackage_authoritative_with_xml_supplement,"[""geopackage"", ""xml_schematic""]",0.95,14
SBP021,DWRPS2,D_SBP021_DWRPS2,resolved_infrastructure,4,geopackage_authoritative_with_xml_supplement,"[""geopackage"", ""xml_schematic""]",0.95,17
WTPFBN,26N_NU3,D_WTPFBN_26N_NU3,resolved_infrastructure,4,geopackage_authoritative_with_xml_supplement,"[""geopackage"", ""xml_schematic""]",0.95,2
SAC074,WTPDWP,D_SAC074_WTPDWP,resolved_infrastructure,4,geopackage_authoritative_with_xml_supplement,"[""geopackage"", ""xml_schematic""]",0.95,6
WTPDWP,20_NU1,D_WTPDWP_20_NU1,resolved_infrastructure,4,geopackage_authoritative_with_xml_supplement,"[""geopackage"", ""xml_schematic""]",0.95,2
SAC294,WTPBLV,D_SAC294_WTPBLV,resolved_infrastructure,4,geopackage_authoritative_with_xml_supplement,"[""geopackage"", ""xml_schematic""]",0.95,7
CGT006,YUB034,C_CGT006,resolved_infrastructure,4,geopackage_authoritative_with_xml_supplement,"[""geopackage"", ""xml_schematic""]",0.95,7
CGT005,14_NA,D_CGT005_14_NA,resolved_infrastructure,4,geopackage_authoritative_with_xml_supplement,"[""geopackage"", ""xml_schematic""]",0.95,5
NBLDB,NFY002,C_NBLDB,resolved_infrastructure,4,geopackage_authoritative_with_xml_supplement,"[""geopackage"", ""xml_schematic""]",0.95,9
ABN014,ABN010,C_ABN014,resolved_infrastructure,4,geopackage_authoritative_with_xml_supplement,"[""geopackage"", ""xml_schematic""]",0.95,8
MFY045,MFY044,C_MFY045,resolved_infrastructure,4,geopackage_authoritative_with_xml_supplement,"[""geopackage"", ""xml_schematic""]",0.95,7
MFY046,MFY045,C_MFY046,resolved_infrastructure,4,geopackage_authoritative_with_xml_supplement,"[""geopackage"", ""xml_schematic""]",0.95,7
JKSMD,MFY046,C_JKSMD,resolved_infrastructure,4,geopackage_authoritative_with_xml_supplement,"[""geopackage"", ""xml_schematic""]",0.95,7
CCS009,SFY033,C_CCS009,resolved_infrastructure,4,geopackage_authoritative_with_xml_supplement,"[""geopackage"", ""xml_schematic""]",0.95,8
SFY040,SFY033,C_SFY040,resolved_infrastructure,4,geopackage_authoritative_with_xml_supplement,"[""geopackage"", ""xml_schematic""]",0.95,8
CCS010,CCS009,C_CCS010,resolved_infrastructure,4,geopackage_authoritative_with_xml_supplement,"[""geopackage"", ""xml_schematic""]",0.95,7
BOWMN,CCS010,C_BOWMN,resolved_infrastructure,4,geopackage_authoritative_with_xml_supplement,"[""geopackage"", ""xml_schematic""]",0.95,10
BSC000,BSC009,C_BSC000,resolved_infrastructure,4,geopackage_authoritative_with_xml_supplement,"[""geopackage"", ""xml_schematic""]",0.95,6
CCS010,BSC000,D_CCS010_BSC000,resolved_infrastructure,4,geopackage_authoritative_with_xml_supplement,"[""geopackage"", ""xml_schematic""]",0.95,7
BSC010,BSC011,C_BSC010,resolved_infrastructure,4,geopackage_authoritative_with_xml_supplement,"[""geopackage"", ""xml_schematic""]",0.95,7
BSC011,SPLDG,C_BSC011,resolved_infrastructure,4,geopackage_authoritative_with_xml_supplement,"[""geopackage"", ""xml_schematic""]",0.95,8
FDC011,SFY044,C_FDC011,resolved_infrastructure,4,geopackage_authoritative_with_xml_supplement,"[""geopackage"", ""xml_schematic""]",0.95,7
SFY044,SPLDG,C_SFY044,resolved_infrastructure,4,geopackage_authoritative_with_xml_supplement,"[""geopackage"", ""xml_schematic""]",0.95,9
FRDYC,FDC011,C_FRDYC,resolved_infrastructure,4,geopackage_authoritative_with_xml_supplement,"[""geopackage"", ""xml_schematic""]",0.95,7
SYC001,SYC002,C_SYC001,resolved_infrastructure,4,geopackage_authoritative_with_xml_supplement,"[""geopackage"", ""xml_schematic""]",0.95,8
MFY045,MBT005,D_MFY045_MBT005,resolved_infrastructure,4,geopackage_authoritative_with_xml_supplement,"[""geopackage"", ""xml_schematic""]",0.95,7
MBT005,BOWMN,C_MBT005,resolved_infrastructure,4,geopackage_authoritative_with_xml_supplement,"[""geopackage"", ""xml_schematic""]",0.95,9
SPLDG,SFY041,C_SPLDG,resolved_infrastructure,4,geopackage_authoritative_with_xml_supplement,"[""geopackage"", ""xml_schematic""]",0.95,9
SFY041,SFY040,C_SFY041,resolved_infrastructure,4,geopackage_authoritative_with_xml_supplement,"[""geopackage"", ""xml_schematic""]",0.95,7
SPLDG,SYC000,D_SPLDG_SYC000,resolved_infrastructure,4,geopackage_authoritative_with_xml_supplement,"[""geopackage"", ""xml_schematic""]",0.95,9
SPLDG,DRM000,D_SPLDG_DRM000,resolved_infrastructure,4,geopackage_authoritative_with_xml_supplement,"[""geopackage"", ""xml_schematic""]",0.95,9
SYC000,SFY041,D_SYC000_SFY041,resolved_infrastructure,4,geopackage_authoritative_with_xml_supplement,"[""geopackage"", ""xml_schematic""]",0.95,8
CSD014,NIDD1,D_CSD014_NIDD1,resolved_infrastructure,4,geopackage_authoritative_with_xml_supplement,"[""geopackage"", ""xml_schematic""]",0.95,4
DES006,NIDD1,D_DES006_NIDD1,resolved_infrastructure,4,geopackage_authoritative_with_xml_supplement,"[""geopackage"", ""xml_schematic""]",0.95,4
DES006,WLF021,C_DES006,resolved_infrastructure,4,geopackage_authoritative_with_xml_supplement,"[""geopackage"", ""xml_schematic""]",0.95,6
DES006,GRSVL,D_DES006_GRSVL,resolved_infrastructure,4,geopackage_authoritative_with_xml_supplement,"[""geopackage"", ""xml_schematic""]",0.95,6
CSD014,GRSVL,D_CSD014_GRSVL,resolved_infrastructure,4,geopackage_authoritative_with_xml_supplement,"[""geopackage"", ""xml_schematic""]",0.95,6
WLF017,WLF013,C_WLF017,resolved_infrastructure,4,geopackage_authoritative_with_xml_supplement,"[""geopackage"", ""xml_schematic""]",0.95,10
GRSVL,WLF017,R_GRSVL_WLF017,resolved_infrastructure,4,geopackage_authoritative_with_xml_supplement,"[""geopackage"", ""xml_schematic""]",0.95,4
NIDD1,DER011,R_NIDD1_DER011,resolved_infrastructure,4,geopackage_authoritative_with_xml_supplement,"[""geopackage"", ""xml_schematic""]",0.95,4
NIDD2,DER002,R_NIDD2_DER002,resolved_infrastructure,4,geopackage_authoritative_with_xml_supplement,"[""geopackage"", ""xml_schematic""]",0.95,3
NWT013,NIDD2,D_NWT013_NIDD2,resolved_infrastructure,4,geopackage_authoritative_with_xml_supplement,"[""geopackage"", ""xml_schematic""]",0.95,3
NWT013,WLDWD,D_NWT013_WLDWD,resolved_infrastructure,4,geopackage_authoritative_with_xml_supplement,"[""geopackage"", ""xml_schematic""]",0.95,7
WLDWD,DER004,R_WLDWD_DER004,resolved_infrastructure,4,geopackage_authoritative_with_xml_supplement,"[""geopackage"", ""xml_schematic""]",0.95,9
LKPNE,BRR031,R_LKPNE_BRR031,resolved_infrastructure,4,geopackage_authoritative_with_xml_supplement,"[""geopackage"", ""xml_schematic""]",0.95,3
DHC021,DHC001,C_DHC021,resolved_infrastructure,4,geopackage_authoritative_with_xml_supplement,"[""geopackage"", ""xml_schematic""]",0.95,9
DHC001,BRR004,C_DHC001,resolved_infrastructure,4,geopackage_authoritative_with_xml_supplement,"[""geopackage"", ""xml_schematic""]",0.95,16
BSC009,BSC010,C_BSC009,resolved_infrastructure,4,geopackage_authoritative_with_xml_supplement,"[""geopackage"", ""xml_schematic""]",0.95,7
MFA024,MFA023,C_MFA024,resolved_infrastructure,4,geopackage_authoritative_with_xml_supplement,"[""geopackage"", ""xml_schematic""]",0.95,8
MFA025,MFA024,C_MFA025,resolved_infrastructure,4,geopackage_authoritative_with_xml_supplement,"[""geopackage"", ""xml_schematic""]",0.95,9
MFA026,MFA025,C_MFA026,resolved_infrastructure,4,geopackage_authoritative_with_xml_supplement,"[""geopackage"", ""xml_schematic""]",0.95,10
MFA035,MFA026,C_MFA035,resolved_infrastructure,4,geopackage_authoritative_with_xml_supplement,"[""geopackage"", ""xml_schematic""]",0.95,8
MFA036,MFA035,C_MFA036,resolved_infrastructure,4,geopackage_authoritative_with_xml_supplement,"[""geopackage"", ""xml_schematic""]",0.95,8
MFA037,MFA036,C_MFA037,resolved_infrastructure,4,geopackage_authoritative_with_xml_supplement,"[""geopackage"", ""xml_schematic""]",0.95,9
MFA038,MFA037,C_MFA038,resolved_infrastructure,4,geopackage_authoritative_with_xml_supplement,"[""geopackage"", ""xml_schematic""]",0.95,7
MFA040,MFA038,C_MFA040,resolved_infrastructure,4,geopackage_authoritative_with_xml_supplement,"[""geopackage"", ""xml_schematic""]",0.95,7
MFA047,MFA040,C_MFA047,resolved_infrastructure,4,geopackage_authoritative_with_xml_supplement,"[""geopackage"", ""xml_schematic""]",0.95,7
FRMDW,MFA047,C_FRMDW,resolved_infrastructure,4,geopackage_authoritative_with_xml_supplement,"[""geopackage"", ""xml_schematic""]",0.95,8
DCC008,MFA040,C_DCC008,resolved_infrastructure,4,geopackage_authoritative_with_xml_supplement,"[""geopackage"", ""xml_schematic""]",0.95,7
DCC009,DCC008,C_DCC009,resolved_infrastructure,4,geopackage_authoritative_with_xml_supplement,"[""geopackage"", ""xml_schematic""]",0.95,7
DCC010,DCC009,C_DCC010,resolved_infrastructure,4,geopackage_authoritative_with_xml_supplement,"[""geopackage"", ""xml_schematic""]",0.95,7
DCC009,FRMDW,D_DCC009_FRMDW,resolved_infrastructure,4,geopackage_authoritative_with_xml_supplement,"[""geopackage"", ""xml_schematic""]",0.95,9
FRMDW,FMT002,D_FRMDW_FMT002,resolved_infrastructure,4,geopackage_authoritative_with_xml_supplement,"[""geopackage"", ""xml_schematic""]",0.95,8
GRL010,GRL001,C_GRL010,resolved_infrastructure,4,geopackage_authoritative_with_xml_supplement,"[""geopackage"", ""xml_schematic""]",0.95,6
LCY012,RUB004,C_LCY012,resolved_infrastructure,4,geopackage_authoritative_with_xml_supplement,"[""geopackage"", ""xml_schematic""]",0.95,3
PLC006,RUB005,C_PLC006,resolved_infrastructure,4,geopackage_authoritative_with_xml_supplement,"[""geopackage"", ""xml_schematic""]",0.95,7
MFA036,RLT007,D_MFA036_RLT007,resolved_infrastructure,4,geopackage_authoritative_with_xml_supplement,"[""geopackage"", ""xml_schematic""]",0.95,8
MFT004,MFT011,C_MFT004,resolved_infrastructure,4,geopackage_authoritative_with_xml_supplement,"[""geopackage"", ""xml_schematic""]",0.95,7
RUB001,MFA026,C_RUB001,resolved_infrastructure,4,geopackage_authoritative_with_xml_supplement,"[""geopackage"", ""xml_schematic""]",0.95,9
RUB002,RUB001,C_RUB002,resolved_infrastructure,4,geopackage_authoritative_with_xml_supplement,"[""geopackage"", ""xml_schematic""]",0.95,8
RUB004,RUB002,C_RUB004,resolved_infrastructure,4,geopackage_authoritative_with_xml_supplement,"[""geopackage"", ""xml_schematic""]",0.95,8
RUB005,RUB004,C_RUB005,resolved_infrastructure,4,geopackage_authoritative_with_xml_supplement,"[""geopackage"", ""xml_schematic""]",0.95,8
RUB023,RUB005,C_RUB023,resolved_infrastructure,4,geopackage_authoritative_with_xml_supplement,"[""geopackage"", ""xml_schematic""]",0.95,8
RUB031,RUB023,C_RUB031,resolved_infrastructure,4,geopackage_authoritative_with_xml_supplement,"[""geopackage"", ""xml_schematic""]",0.95,7
HHOLE,RUB031,C_HHOLE,resolved_infrastructure,4,geopackage_authoritative_with_xml_supplement,"[""geopackage"", ""xml_schematic""]",0.95,10
NLC002,LCY012,C_NLC002,resolved_infrastructure,4,geopackage_authoritative_with_xml_supplement,"[""geopackage"", ""xml_schematic""]",0.95,4
NLC003,NLC002,C_NLC003,resolved_infrastructure,4,geopackage_authoritative_with_xml_supplement,"[""geopackage"", ""xml_schematic""]",0.95,7
HHOLE,MFT003,D_HHOLE_MFT003,resolved_infrastructure,4,geopackage_authoritative_with_xml_supplement,"[""geopackage"", ""xml_schematic""]",0.95,11
MFT000,MFT004,C_MFT000,resolved_infrastructure,4,geopackage_authoritative_with_xml_supplement,"[""geopackage"", ""xml_schematic""]",0.95,7
SLC002,LCY012,C_SLC002,resolved_infrastructure,4,geopackage_authoritative_with_xml_supplement,"[""geopackage"", ""xml_schematic""]",0.95,4
MFT003,MFT004,C_MFT003,resolved_infrastructure,4,geopackage_authoritative_with_xml_supplement,"[""geopackage"", ""xml_schematic""]",0.95,8
SLC003,SLC002,C_SLC003,resolved_infrastructure,4,geopackage_authoritative_with_xml_supplement,"[""geopackage"", ""xml_schematic""]",0.95,7
SLC003,MFT003,D_SLC003_MFT003,resolved_infrastructure,4,geopackage_authoritative_with_xml_supplement,"[""geopackage"", ""xml_schematic""]",0.95,6
FMT002,RUB032,C_FMT002,resolved_infrastructure,4,geopackage_authoritative_with_xml_supplement,"[""geopackage"", ""xml_schematic""]",0.95,4
RUB032,HHOLE,C_RUB032,resolved_infrastructure,4,geopackage_authoritative_with_xml_supplement,"[""geopackage"", ""xml_schematic""]",0.95,6
RUB041,RUB032,C_RUB041,resolved_infrastructure,4,geopackage_authoritative_with_xml_supplement,"[""geopackage"", ""xml_schematic""]",0.95,5
RUB044,RUB041,C_RUB044,resolved_infrastructure,4,geopackage_authoritative_with_xml_supplement,"[""geopackage"", ""xml_schematic""]",0.95,7
RUB047,RUB044,C_RUB047,resolved_infrastructure,4,geopackage_authoritative_with_xml_supplement,"[""geopackage"", ""xml_schematic""]",0.95,7
RUB048,RUB047,C_RUB048,resolved_infrastructure,4,geopackage_authoritative_with_xml_supplement,"[""geopackage"", ""xml_schematic""]",0.95,3
LRB003,RUB041,C_LRB003,resolved_infrastructure,4,geopackage_authoritative_with_xml_supplement,"[""geopackage"", ""xml_schematic""]",0.95,7
LRB004,LRB003,C_LRB004,resolved_infrastructure,4,geopackage_authoritative_with_xml_supplement,"[""geopackage"", ""xml_schematic""]",0.95,8
LRB005,LRB004,C_LRB005,resolved_infrastructure,4,geopackage_authoritative_with_xml_supplement,"[""geopackage"", ""xml_schematic""]",0.95,8
RUB048,RRT000,D_RUB048_RRT000,resolved_infrastructure,4,geopackage_authoritative_with_xml_supplement,"[""geopackage"", ""xml_schematic""]",0.95,2
RRT000,LRB005,C_RRT000,resolved_infrastructure,4,geopackage_authoritative_with_xml_supplement,"[""geopackage"", ""xml_schematic""]",0.95,6
LRB004,BLT000,D_LRB004_BLT000,resolved_infrastructure,4,geopackage_authoritative_with_xml_supplement,"[""geopackage"", ""xml_schematic""]",0.95,8
GRL001,SFR005,C_GRL001,resolved_infrastructure,4,geopackage_authoritative_with_xml_supplement,"[""geopackage"", ""xml_schematic""]",0.95,7
TGR000,TGR001,C_TGR000,resolved_infrastructure,4,geopackage_authoritative_with_xml_supplement,"[""geopackage"", ""xml_schematic""]",0.95,8
CMP001,NFC019,C_CMP001,resolved_infrastructure,4,geopackage_authoritative_with_xml_supplement,"[""geopackage"", ""xml_schematic""]",0.95,5
CMP005,CMP001,C_CMP005,resolved_infrastructure,4,geopackage_authoritative_with_xml_supplement,"[""geopackage"", ""xml_schematic""]",0.95,8
JNKSN,CMP005,C_JNKSN,resolved_infrastructure,4,geopackage_authoritative_with_xml_supplement,"[""geopackage"", ""xml_schematic""]",0.95,14
CMP014,CMP005,C_CMP014,resolved_infrastructure,4,geopackage_authoritative_with_xml_supplement,"[""geopackage"", ""xml_schematic""]",0.95,8
CMP014,JNKSN,D_CMP014_JNKSN,resolved_infrastructure,4,geopackage_authoritative_with_xml_supplement,"[""geopackage"", ""xml_schematic""]",0.95,14
JNKSN,CMC002,D_JNKSN_CMC002,resolved_infrastructure,4,geopackage_authoritative_with_xml_supplement,"[""geopackage"", ""xml_schematic""]",0.95,9
SFR004,RUB023,C_SFR004,resolved_infrastructure,4,geopackage_authoritative_with_xml_supplement,"[""geopackage"", ""xml_schematic""]",0.95,7
SFR005,SFR004,C_SFR005,resolved_infrastructure,4,geopackage_authoritative_with_xml_supplement,"[""geopackage"", ""xml_schematic""]",0.95,7
LOONL,GRL010,C_LOONL,resolved_infrastructure,4,geopackage_authoritative_with_xml_supplement,"[""geopackage"", ""xml_schematic""]",0.95,8
BLT000,LOONL,C_BLT000,resolved_infrastructure,4,geopackage_authoritative_with_xml_supplement,"[""geopackage"", ""xml_schematic""]",0.95,8
LLT000,GRL001,C_LLT000,resolved_infrastructure,4,geopackage_authoritative_with_xml_supplement,"[""geopackage"", ""xml_schematic""]",0.95,6
LOONL,LLT000,D_LOONL_LLT000,resolved_infrastructure,4,geopackage_authoritative_with_xml_supplement,"[""geopackage"", ""xml_schematic""]",0.95,8
SFR006,RPT004,D_SFR006_RPT004,resolved_infrastructure,4,geopackage_authoritative_with_xml_supplement,"[""geopackage"", ""xml_schematic""]",0.95,8
GRL001,SFR006,D_GRL001_SFR006,resolved_infrastructure,4,geopackage_authoritative_with_xml_supplement,"[""geopackage"", ""xml_schematic""]",0.95,6
SFR006,SFR005,C_SFR006,resolved_infrastructure,4,geopackage_authoritative_with_xml_supplement,"[""geopackage"", ""xml_schematic""]",0.95,9
RPT004,UNVLY,C_RPT004,resolved_infrastructure,4,geopackage_authoritative_with_xml_supplement,"[""geopackage"", ""xml_schematic""]",0.95,9
SLV014,SLV007,C_SLV014,resolved_infrastructure,4,geopackage_authoritative_with_xml_supplement,"[""geopackage"", ""xml_schematic""]",0.95,7
BCT000,CMN005,C_BCT000,resolved_infrastructure,4,geopackage_authoritative_with_xml_supplement,"[""geopackage"", ""xml_schematic""]",0.95,3
SLV006,CMN005,D_SLV006_CMN005,resolved_infrastructure,4,geopackage_authoritative_with_xml_supplement,"[""geopackage"", ""xml_schematic""]",0.95,9
SLV015,JBT004,D_SLV015_JBT004,resolved_infrastructure,4,geopackage_authoritative_with_xml_supplement,"[""geopackage"", ""xml_schematic""]",0.95,8
ICEHS,IHT002,D_ICEHS_IHT002,resolved_infrastructure,4,geopackage_authoritative_with_xml_supplement,"[""geopackage"", ""xml_schematic""]",0.95,8
IHT002,UNVLY,C_IHT002,resolved_infrastructure,4,geopackage_authoritative_with_xml_supplement,"[""geopackage"", ""xml_schematic""]",0.95,9
SFS013,SLV016,C_SFS013,resolved_infrastructure,4,geopackage_authoritative_with_xml_supplement,"[""geopackage"", ""xml_schematic""]",0.95,3
SLV017,SLV016,C_SLV017,resolved_infrastructure,4,geopackage_authoritative_with_xml_supplement,"[""geopackage"", ""xml_schematic""]",0.95,8
SLV015,SLV014,C_SLV015,resolved_infrastructure,4,geopackage_authoritative_with_xml_supplement,"[""geopackage"", ""xml_schematic""]",0.95,8
SLV016,SLV015,C_SLV016,resolved_infrastructure,4,geopackage_authoritative_with_xml_supplement,"[""geopackage"", ""xml_schematic""]",0.95,9
UNVLY,SLV017,C_UNVLY,resolved_infrastructure,4,geopackage_authoritative_with_xml_supplement,"[""geopackage"", ""xml_schematic""]",0.95,10
UNVLY,UVT001,D_UNVLY_UVT001,resolved_infrastructure,4,geopackage_authoritative_with_xml_supplement,"[""geopackage"", ""xml_schematic""]",0.95,5
UVT001,SLV017,C_UVT001,resolved_infrastructure,4,geopackage_authoritative_with_xml_supplement,"[""geopackage"", ""xml_schematic""]",0.95,3
ICEHS,SFS013,C_ICEHS,resolved_infrastructure,4,geopackage_authoritative_with_xml_supplement,"[""geopackage"", ""xml_schematic""]",0.95,6
SLV005,SFA048,C_SLV005,resolved_infrastructure,4,geopackage_authoritative_with_xml_supplement,"[""geopackage"", ""xml_schematic""]",0.95,7
JBT004,SLV007,C_JBT004,resolved_infrastructure,4,geopackage_authoritative_with_xml_supplement,"[""geopackage"", ""xml_schematic""]",0.95,7
SLV007,SLV006,C_SLV007,resolved_infrastructure,4,geopackage_authoritative_with_xml_supplement,"[""geopackage"", ""xml_schematic""]",0.95,9
SLV006,SLV005,C_SLV006,resolved_infrastructure,4,geopackage_authoritative_with_xml_supplement,"[""geopackage"", ""xml_schematic""]",0.95,8
SFA040,SFA035,C_SFA040,resolved_infrastructure,4,geopackage_authoritative_with_xml_supplement,"[""geopackage"", ""xml_schematic""]",0.95,9
SFA048,SFA046,C_SFA048,resolved_infrastructure,4,geopackage_authoritative_with_xml_supplement,"[""geopackage"", ""xml_schematic""]",0.95,8
SFA046,SFA045,C_SFA046,resolved_infrastructure,4,geopackage_authoritative_with_xml_supplement,"[""geopackage"", ""xml_schematic""]",0.95,8
ALD002,ACP001,D_ALD002_ACP001,resolved_infrastructure,4,geopackage_authoritative_with_xml_supplement,"[""geopackage"", ""xml_schematic""]",0.95,4
ELC001,SFA085,C_ELC001,resolved_infrastructure,4,geopackage_authoritative_with_xml_supplement,"[""geopackage"", ""xml_schematic""]",0.95,6
EDC021,EDP003,D_EDC021_EDP003,resolved_infrastructure,4,geopackage_authoritative_with_xml_supplement,"[""geopackage"", ""xml_schematic""]",0.95,9
SLF010,SFA067,C_SLF010,resolved_infrastructure,4,geopackage_authoritative_with_xml_supplement,"[""geopackage"", ""xml_schematic""]",0.95,8
SFA040,WRT005,D_SFA040_WRT005,resolved_infrastructure,4,geopackage_authoritative_with_xml_supplement,"[""geopackage"", ""xml_schematic""]",0.95,6
SFA032,SFA030,C_SFA032,resolved_infrastructure,4,geopackage_authoritative_with_xml_supplement,"[""geopackage"", ""xml_schematic""]",0.95,8
WRT005,SFA032,C_WRT005,resolved_infrastructure,4,geopackage_authoritative_with_xml_supplement,"[""geopackage"", ""xml_schematic""]",0.95,7
CMN005,CMN006,C_CMN005,resolved_infrastructure,4,geopackage_authoritative_with_xml_supplement,"[""geopackage"", ""xml_schematic""]",0.95,7
CMN006,SFA045,C_CMN006,resolved_infrastructure,4,geopackage_authoritative_with_xml_supplement,"[""geopackage"", ""xml_schematic""]",0.95,7
SFA035,SFA032,C_SFA035,resolved_infrastructure,4,geopackage_authoritative_with_xml_supplement,"[""geopackage"", ""xml_schematic""]",0.95,8
RKC001,SFA035,C_RKC001,resolved_infrastructure,4,geopackage_authoritative_with_xml_supplement,"[""geopackage"", ""xml_schematic""]",0.95,3
SFA045,SFA040,C_SFA045,resolved_infrastructure,4,geopackage_authoritative_with_xml_supplement,"[""geopackage"", ""xml_schematic""]",0.95,9
CPC008,SLF010,C_CPC008,resolved_infrastructure,4,geopackage_authoritative_with_xml_supplement,"[""geopackage"", ""xml_schematic""]",0.95,7
CAPLS,CPC010,C_CAPLSa,resolved_infrastructure,4,geopackage_authoritative_with_xml_supplement,"[""geopackage"", ""xml_schematic""]",0.95,3
SLF015,SLF010,C_SLF015,resolved_infrastructure,4,geopackage_authoritative_with_xml_supplement,"[""geopackage"", ""xml_schematic""]",0.95,7
SILVR,SLF015,C_SILVR,resolved_infrastructure,4,geopackage_authoritative_with_xml_supplement,"[""geopackage"", ""xml_schematic""]",0.95,8
SFA059,SFA048,C_SFA059,resolved_infrastructure,4,geopackage_authoritative_with_xml_supplement,"[""geopackage"", ""xml_schematic""]",0.95,9
CPL001,CPC008,C_CPL001,resolved_infrastructure,4,geopackage_authoritative_with_xml_supplement,"[""geopackage"", ""xml_schematic""]",0.95,2
CPC009,CPC008,C_CPC009,resolved_infrastructure,4,geopackage_authoritative_with_xml_supplement,"[""geopackage"", ""xml_schematic""]",0.95,2
CAPLS,CPL001,C_CAPLSb,resolved_infrastructure,4,geopackage_authoritative_with_xml_supplement,"[""geopackage"", ""xml_schematic""]",0.95,3
SFA068,SFA067,C_SFA068,resolved_infrastructure,4,geopackage_authoritative_with_xml_supplement,"[""geopackage"", ""xml_schematic""]",0.95,3
ELIMP,ELC001,R_ELIMP_ELC001,resolved_infrastructure,4,geopackage_authoritative_with_xml_supplement,"[""geopackage"", ""xml_schematic""]",0.95,2
SFA065,SFA063,C_SFA065,resolved_infrastructure,4,geopackage_authoritative_with_xml_supplement,"[""geopackage"", ""xml_schematic""]",0.95,7
SFA063,SFA059,C_SFA063,resolved_infrastructure,4,geopackage_authoritative_with_xml_supplement,"[""geopackage"", ""xml_schematic""]",0.95,9
SFA066,EDC000,D_SFA066_EDC000,resolved_infrastructure,4,geopackage_authoritative_with_xml_supplement,"[""geopackage"", ""xml_schematic""]",0.95,8
EDC000,EDC004,C_EDC000,resolved_infrastructure,4,geopackage_authoritative_with_xml_supplement,"[""geopackage"", ""xml_schematic""]",0.95,7
ALD001,SFA063,C_ALD001,resolved_infrastructure,4,geopackage_authoritative_with_xml_supplement,"[""geopackage"", ""xml_schematic""]",0.95,7
ALD002,ALD001,C_ALD002,resolved_infrastructure,4,geopackage_authoritative_with_xml_supplement,"[""geopackage"", ""xml_schematic""]",0.95,8
ACP001,EDC004,C_ACP001,resolved_infrastructure,4,geopackage_authoritative_with_xml_supplement,"[""geopackage"", ""xml_schematic""]",0.95,3
SFA066,SFA065,C_SFA066,resolved_infrastructure,4,geopackage_authoritative_with_xml_supplement,"[""geopackage"", ""xml_schematic""]",0.95,8
EDC004,EDC007,C_EDC004,resolved_infrastructure,4,geopackage_authoritative_with_xml_supplement,"[""geopackage"", ""xml_schematic""]",0.95,8
EDC007,SFA059,SP_EDC007_SFA059,resolved_infrastructure,4,geopackage_authoritative_with_xml_supplement,"[""geopackage"", ""xml_schematic""]",0.95,7
PLM001,SFA059,C_PLM001,resolved_infrastructure,4,geopackage_authoritative_with_xml_supplement,"[""geopackage"", ""xml_schematic""]",0.95,8
EDC007,EDC021,C_EDC007,resolved_infrastructure,4,geopackage_authoritative_with_xml_supplement,"[""geopackage"", ""xml_schematic""]",0.95,10
EDC021,WTPELD,D_EDC021_WTPELD,resolved_infrastructure,4,geopackage_authoritative_with_xml_supplement,"[""geopackage"", ""xml_schematic""]",0.95,5
EDP003,SFA046,C_EDP003,resolved_infrastructure,4,geopackage_authoritative_with_xml_supplement,"[""geopackage"", ""xml_schematic""]",0.95,7
PLC009,PLC007,C_PLC009,resolved_infrastructure,4,geopackage_authoritative_with_xml_supplement,"[""geopackage"", ""xml_schematic""]",0.95,8
PLC007,PLC006,C_PLC007,resolved_infrastructure,4,geopackage_authoritative_with_xml_supplement,"[""geopackage"", ""xml_schematic""]",0.95,8
STMMD,PLC009,C_STMMD,resolved_infrastructure,4,geopackage_authoritative_with_xml_supplement,"[""geopackage"", ""xml_schematic""]",0.95,2
PLC007,WTPWAL,D_PLC007_WTPWAL,resolved_infrastructure,4,geopackage_authoritative_with_xml_supplement,"[""geopackage"", ""xml_schematic""]",0.95,4
RLT007,RUB001,C_RLT007,resolved_infrastructure,4,geopackage_authoritative_with_xml_supplement,"[""geopackage"", ""xml_schematic""]",0.95,7
MFT011,MFA037,C_MFT011,resolved_infrastructure,4,geopackage_authoritative_with_xml_supplement,"[""geopackage"", ""xml_schematic""]",0.95,7
NLC003,MFT000,D_NLC003_MFT000,resolved_infrastructure,4,geopackage_authoritative_with_xml_supplement,"[""geopackage"", ""xml_schematic""]",0.95,5
MOK082,MOK079,C_MOK082,resolved_infrastructure,4,geopackage_authoritative_with_xml_supplement,"[""geopackage"", ""xml_schematic""]",0.95,8
NFM006,MOK088,C_NFM006,resolved_infrastructure,4,geopackage_authoritative_with_xml_supplement,"[""geopackage"", ""xml_schematic""]",0.95,8
NFM007,NFM006,C_NFM007,resolved_infrastructure,4,geopackage_authoritative_with_xml_supplement,"[""geopackage"", ""xml_schematic""]",0.95,3
NFM010,NFM009,C_NFM010,resolved_infrastructure,4,geopackage_authoritative_with_xml_supplement,"[""geopackage"", ""xml_schematic""]",0.95,6
NFM011,NFM010,C_NFM011,resolved_infrastructure,4,geopackage_authoritative_with_xml_supplement,"[""geopackage"", ""xml_schematic""]",0.95,4
NFM012,NFM011,C_NFM012,resolved_infrastructure,4,geopackage_authoritative_with_xml_supplement,"[""geopackage"", ""xml_schematic""]",0.95,6
NFM024,NFM012,C_NFM024,resolved_infrastructure,4,geopackage_authoritative_with_xml_supplement,"[""geopackage"", ""xml_schematic""]",0.95,9
NFM029,NFM024,C_NFM029,resolved_infrastructure,4,geopackage_authoritative_with_xml_supplement,"[""geopackage"", ""xml_schematic""]",0.95,8
SLTSP,NFM029,C_SLTSP,resolved_infrastructure,4,geopackage_authoritative_with_xml_supplement,"[""geopackage"", ""xml_schematic""]",0.95,9
TBAUD,AMDOR,D_TBAUD_AMDOR,resolved_infrastructure,4,geopackage_authoritative_with_xml_supplement,"[""geopackage"", ""xml_schematic""]",0.95,3
ELT000,TBAUD,C_ELT000,resolved_infrastructure,4,geopackage_authoritative_with_xml_supplement,"[""geopackage"", ""xml_schematic""]",0.95,6
SFM005,MHILL,D_SFM005_MHILL,resolved_infrastructure,4,geopackage_authoritative_with_xml_supplement,"[""geopackage"", ""xml_schematic""]",0.95,3
NFM010,ELT000,D_NFM010_ELT000,resolved_infrastructure,4,geopackage_authoritative_with_xml_supplement,"[""geopackage"", ""xml_schematic""]",0.95,9
LBEAR,TGR000,D_LBEAR_TGR000,resolved_infrastructure,4,geopackage_authoritative_with_xml_supplement,"[""geopackage"", ""xml_schematic""]",0.95,7
TGR018,TGR021,C_TGR018,resolved_infrastructure,4,geopackage_authoritative_with_xml_supplement,"[""geopackage"", ""xml_schematic""]",0.95,2
TGR006,TGR018,C_TGR006,resolved_infrastructure,4,geopackage_authoritative_with_xml_supplement,"[""geopackage"", ""xml_schematic""]",0.95,5
BCM003,WSPNT,D_BCM003_WSPNT,resolved_infrastructure,4,geopackage_authoritative_with_xml_supplement,"[""geopackage"", ""xml_schematic""]",0.95,3
MFM007,WSPNT,D_MFM007_WSPNT,resolved_infrastructure,4,geopackage_authoritative_with_xml_supplement,"[""geopackage"", ""xml_schematic""]",0.95,3
TBAUD,MOK082,D_TBAUD_MOK082,resolved_infrastructure,4,geopackage_authoritative_with_xml_supplement,"[""geopackage"", ""xml_schematic""]",0.95,6
BRV005,BRV003,C_BRV005,resolved_infrastructure,4,geopackage_authoritative_with_xml_supplement,"[""geopackage"", ""xml_schematic""]",0.95,6
LBEAR,BRV005,C_LBEAR,resolved_infrastructure,4,geopackage_authoritative_with_xml_supplement,"[""geopackage"", ""xml_schematic""]",0.95,7
PLMAS,MFF088,R_PLMAS_MFF088,resolved_infrastructure,4,geopackage_authoritative_with_xml_supplement,"[""geopackage"", ""xml_schematic""]",0.95,6
BGC002,PLMAS,D_BGC002_PLMAS,resolved_infrastructure,4,geopackage_authoritative_with_xml_supplement,"[""geopackage"", ""xml_schematic""]",0.95,5
NFF028,NFF027,C_NFF028,resolved_infrastructure,4,geopackage_authoritative_with_xml_supplement,"[""geopackage"", ""xml_schematic""]",0.95,6
NFF029,NFF028,C_NFF029,resolved_infrastructure,4,geopackage_authoritative_with_xml_supplement,"[""geopackage"", ""xml_schematic""]",0.95,8
NFF029,POE006,D_NFF029_POE006,resolved_infrastructure,4,geopackage_authoritative_with_xml_supplement,"[""geopackage"", ""xml_schematic""]",0.95,8
NFF027,NFF020,C_NFF027,resolved_infrastructure,4,geopackage_authoritative_with_xml_supplement,"[""geopackage"", ""xml_schematic""]",0.95,7
POE006,NFF020,C_POE006,resolved_infrastructure,4,geopackage_authoritative_with_xml_supplement,"[""geopackage"", ""xml_schematic""]",0.95,7
NFF035,NFF029,C_NFF035,resolved_infrastructure,4,geopackage_authoritative_with_xml_supplement,"[""geopackage"", ""xml_schematic""]",0.95,9
NFF039,NFF035,C_NFF039,resolved_infrastructure,4,geopackage_authoritative_with_xml_supplement,"[""geopackage"", ""xml_schematic""]",0.95,8
BUK007,NFF039,C_BUK007,resolved_infrastructure,4,geopackage_authoritative_with_xml_supplement,"[""geopackage"", ""xml_schematic""]",0.95,7
NFF045,NFF039,C_NFF045,resolved_infrastructure,4,geopackage_authoritative_with_xml_supplement,"[""geopackage"", ""xml_schematic""]",0.95,7
NFF046,NFF045,C_NFF046,resolved_infrastructure,4,geopackage_authoritative_with_xml_supplement,"[""geopackage"", ""xml_schematic""]",0.95,8
ALMNR,BVT003,D_ALMNR_BVT003,resolved_infrastructure,4,geopackage_authoritative_with_xml_supplement,"[""geopackage"", ""xml_schematic""]",0.95,8
NFF057,NFF050,C_NFF057,resolved_infrastructure,4,geopackage_authoritative_with_xml_supplement,"[""geopackage"", ""xml_schematic""]",0.95,7
NFF060,NFF059,C_NFF060,resolved_infrastructure,4,geopackage_authoritative_with_xml_supplement,"[""geopackage"", ""xml_schematic""]",0.95,8
CRB002,NFF059,C_CRB002,resolved_infrastructure,4,geopackage_authoritative_with_xml_supplement,"[""geopackage"", ""xml_schematic""]",0.95,7
BTVLY,NFF060,C_BTVLY,resolved_infrastructure,4,geopackage_authoritative_with_xml_supplement,"[""geopackage"", ""xml_schematic""]",0.95,9
BTVLY,CRB002,D_BTVLY_CRB002,resolved_infrastructure,4,geopackage_authoritative_with_xml_supplement,"[""geopackage"", ""xml_schematic""]",0.95,8
EBF018,EBF001,C_EBF018,resolved_infrastructure,4,geopackage_authoritative_with_xml_supplement,"[""geopackage"", ""xml_schematic""]",0.95,7
NFF050,NFF046,C_NFF050,resolved_infrastructure,4,geopackage_authoritative_with_xml_supplement,"[""geopackage"", ""xml_schematic""]",0.95,9
ALMNR,NFF060,C_ALMNR,resolved_infrastructure,4,geopackage_authoritative_with_xml_supplement,"[""geopackage"", ""xml_schematic""]",0.95,9
BTT007,BTVLY,C_BTT007,resolved_infrastructure,4,geopackage_authoritative_with_xml_supplement,"[""geopackage"", ""xml_schematic""]",0.95,8
BVT003,BTT007,C_BVT003,resolved_infrastructure,4,geopackage_authoritative_with_xml_supplement,"[""geopackage"", ""xml_schematic""]",0.95,6
MTMDW,ALMNR,C_MTMDW,resolved_infrastructure,4,geopackage_authoritative_with_xml_supplement,"[""geopackage"", ""xml_schematic""]",0.95,9
ANTLP,EBF018,C_ANTLP,resolved_infrastructure,4,geopackage_authoritative_with_xml_supplement,"[""geopackage"", ""xml_schematic""]",0.95,6
EBF001,NFF050,C_EBF001,resolved_infrastructure,4,geopackage_authoritative_with_xml_supplement,"[""geopackage"", ""xml_schematic""]",0.95,8
NFF059,NFF058,C_NFF059,resolved_infrastructure,4,geopackage_authoritative_with_xml_supplement,"[""geopackage"", ""xml_schematic""]",0.95,9
NFF058,NFF057,C_NFF058,resolved_infrastructure,4,geopackage_authoritative_with_xml_supplement,"[""geopackage"", ""xml_schematic""]",0.95,8
SSJ001,SSJ004,C_SSJ001,resolved_infrastructure,4,geopackage_authoritative_with_xml_supplement,"[""geopackage"", ""xml_schematic""]",0.95,7
WDWRD,WTPDGT,D_WDWRD_WTPDGT,resolved_infrastructure,4,geopackage_authoritative_with_xml_supplement,"[""geopackage"", ""xml_schematic""]",0.95,2
WDWRD,61_PA3,D_WDWRD_61_PA3,resolved_infrastructure,4,geopackage_authoritative_with_xml_supplement,"[""geopackage"", ""xml_schematic""]",0.95,2
SJR,RFS61C,R_61_PA3_RFS61C,resolved_infrastructure,4,geopackage_authoritative_with_xml_supplement,"[""geopackage"", ""xml_schematic""]",0.95,6
