short_code,source_mask,geopackage_source_id,xml_source_id,has_spatial_data,has_connectivity_data,schematic_type,name,type,sub_type,shape_length,hydrologic_region_id,network_version_id,is_active,created_by
C_CAA024,3,4.0,5.0,True,True,arc,California Aqueduct,CH,CL,35470.6385194384,2.0,12,True,2
D_GCC065_08S_PA,3,4.0,5.0,True,True,arc,,D,,26417.6057427674,1.0,12,True,2
SR_26S_NTOMA,3,4.0,5.0,True,True,arc,,SR,,2499.99994791735,1.0,12,True,2
SLV016,3,4.0,5.0,True,True,node,SLV016,CH,STM,,1.0,12,True,2
C_DMC024,3,4.0,5.0,True,True,arc,Delta-Mendota Canal,CH,CL,8684.20930349855,2.0,12,True,2
SR_23_ABN000,3,4.0,5.0,True,True,arc,,SR,,2500.00003252676,1.0,12,True,2
C_MOK028,3,4.0,5.0,True,True,arc,Mokelumne River,CH,ST,10174.6427803222,2.0,12,True,2
OMR021,3,4.0,5.0,True,True,node,OMR021,CH,STM,,1.0,12,True,2
C_RLLNS,3,4.0,5.0,True,True,arc,Bear River,CH,ST,204.326154112888,1.0,12,True,2
C_GCC007,3,4.0,5.0,True,True,arc,Glenn Colusa Canal,CH,CL,4828.03195601187,1.0,12,True,2
I_THM028,3,4.0,5.0,True,True,arc,,IN,LI,7500.0000124589,1.0,12,True,2
C_CSM035,3,4.0,5.0,True,True,arc,Cosumnes River,CH,ST,3344.50155152495,2.0,12,True,2
C_PTH021,3,4.0,5.0,True,True,arc,Putah Creek,CH,ST,2382.12822580229,1.0,12,True,2
D_PSC003_20_PA,3,4.0,5.0,True,True,arc,,D,,19003.5794999991,1.0,12,True,2
C_CCT011,3,4.0,5.0,True,True,arc,Clear Creek Tunnel Outfall,CH,CL,126.974539596145,1.0,12,True,2
C_NLL016,3,4.0,5.0,True,True,arc,North Channel Little Last Chance Creek,CH,ST,25315.6110836308,1.0,12,True,2
D_STN004_GCC007,3,4.0,5.0,True,True,arc,,D,HIS,1984.51320000086,1.0,12,True,2
LBC043,3,4.0,5.0,True,True,node,LBC043,CH,CNL,,1.0,12,True,2
SFA035,3,4.0,5.0,True,True,node,SFA035,CH,STM,,1.0,12,True,2
SR_72_MSN004,3,4.0,5.0,True,True,arc,,SR,,2500.00005999017,2.0,12,True,2
C_SAC299,3,4.0,5.0,True,True,arc,Sacramento River,CH,ST,4634.64143187482,1.0,12,True,2
CT_YOLO,3,4.0,5.0,True,True,arc,,CT,,7500.00000251896,1.0,12,True,2
C_FTR030,3,4.0,5.0,True,True,arc,Feather River,CH,ST,2341.12752007736,1.0,12,True,2
72_NA2,3,4.0,5.0,True,True,node,72_NA2,NP,A,,2.0,12,True,2
C_ORT001,3,4.0,5.0,True,True,arc,Orestimba Creek,CH,ST,2118.90725820487,2.0,12,True,2
R_72_PR2_MSN004,3,4.0,5.0,True,True,arc,,RT,,2114.20360000059,2.0,12,True,2
C_SSJ004,3,4.0,5.0,True,True,arc,"South San Joaquin Main Canal, etc",CH,CL,21666.5070092077,2.0,12,True,2
C_NFF028,3,4.0,5.0,True,True,arc,North Fork Feather River,CH,ST,2226.1417527107,1.0,12,True,2
D_ELD012_04_NA,3,4.0,5.0,True,True,arc,,D,,19636.8902664242,1.0,12,True,2
SAC017,3,4.0,5.0,True,True,node,SAC017,CH,STM,,1.0,12,True,2
SR_20_PTH021,3,4.0,5.0,True,True,arc,,SR,,2499.99997840724,1.0,12,True,2
SLTSP,3,4.0,5.0,True,True,node,SLTSP,STR,,,2.0,12,True,2
D_CHW017_64_PA2,3,4.0,5.0,True,True,arc,,D,,3592.75720000081,2.0,12,True,2
D_SAC099_19_SA,3,4.0,5.0,True,True,arc,,D,,6207.35869999975,1.0,12,True,2
CT_NICOLAUS,3,4.0,5.0,True,True,arc,,CT,,7500.00000818407,1.0,12,True,2
I_AMADR,3,4.0,5.0,True,True,arc,,IN,LI,7500.00005812631,2.0,12,True,2
SFA032,3,4.0,5.0,True,True,node,SFA032,CH,CNL,,1.0,12,True,2
R_11_PR_BTC017,3,4.0,5.0,True,True,arc,,RT,,6668.1733724216,1.0,12,True,2
C_WBF030,3,4.0,5.0,True,True,arc,West Branch Feather River,CH,ST,22687.9425896466,1.0,12,True,2
C_BEC021,3,4.0,5.0,True,True,arc,Bear River Canal,CH,CL,1571.98555594397,1.0,12,True,2
MOK035,3,4.0,5.0,True,True,node,MOK035,CH,STM,,2.0,12,True,2
C_SLV014,3,4.0,5.0,True,True,arc,Silver Creek,CH,ST,13805.0434665177,1.0,12,True,2
SAC257,3,4.0,5.0,True,True,node,SAC257,CH,SG,,1.0,12,True,2
TUR001,3,4.0,5.0,True,True,node,TUR001,CH,SG,,2.0,12,True,2
SAC228,3,4.0,5.0,True,True,node,SAC228,CH,STM,,1.0,12,True,2
C_ABN014,3,4.0,5.0,True,True,arc,Auburn Ravine,CH,ST,5814.27280242971,1.0,12,True,2
C_FSL012,3,4.0,5.0,True,True,arc,Fresno Slough,CH,ST,11426.9880267386,2.0,12,True,2
C_SAC115,3,4.0,5.0,True,True,arc,Sacramento River,CH,ST,9692.91718001249,1.0,12,True,2
I_FSL012,3,4.0,5.0,True,True,arc,,IN,IM,7500.00005812499,2.0,12,True,2
I_CLV026,3,4.0,5.0,True,True,arc,,IN,LI,7499.99997548784,2.0,12,True,2
SAC129,3,4.0,5.0,True,True,node,SAC129,CH,STM,,1.0,12,True,2
SR_03_SAC265,3,4.0,5.0,True,True,arc,,SR,,2499.99998243928,1.0,12,True,2
C_PLM001,3,4.0,5.0,True,True,arc,Plum Creek (S. Fk. American),CH,ST,2194.25001766948,1.0,12,True,2
NLC003,3,4.0,5.0,True,True,node,NLC003,CH,STM,,1.0,12,True,2
D_NBLDB_CGT005,3,4.0,5.0,True,True,arc,Colgate Tunnel/Penstock,D,NS,7939.45804504859,1.0,12,True,2
I_LOSVQ,3,4.0,5.0,True,True,arc,,IN,LI,7500.00005812433,1.0,12,True,2
D_WTPFOL_26S_PU1,3,4.0,5.0,True,True,arc,,D,,2594.56369999982,1.0,12,True,2
SR_64_EBP050,3,4.0,5.0,True,True,arc,,SR,,2500.00009999983,2.0,12,True,2
C_SAC081,3,4.0,5.0,True,True,arc,Sacramento River,CH,ST,5080.6451550226,1.0,12,True,2
MRM001,3,4.0,5.0,True,True,node,MRM001,CH,SG,,1.0,12,True,2
C_WLF017,3,4.0,5.0,True,True,arc,Wolf Creek,CH,ST,5672.71435393928,1.0,12,True,2
D_XCC033_72_PR2,3,4.0,5.0,True,True,arc,San Luis Canal,D,,34739.6787529786,2.0,12,True,2
C_FSC015,3,4.0,5.0,True,True,arc,Folsom South Canal,CH,CL,15559.7802311437,2.0,12,True,2
SJR115,3,4.0,5.0,True,True,node,SJR115,CH,SG,,2.0,12,True,2
R_09_SA2_BTC007,3,4.0,5.0,True,True,arc,Unlabeled Return Flow,RT,,4518.55246871295,1.0,12,True,2
RD1500,3,4.0,5.0,True,True,node,RD1500,PS,SG,,1.0,12,True,2
C_ABN024,3,4.0,5.0,True,True,arc,Auburn Ravine,CH,ST,15301.284302082,1.0,12,True,2
ESL008,3,4.0,5.0,True,True,node,ESL008,CH,CNL,,1.0,12,True,2
CLV004,3,4.0,5.0,True,True,node,CLV004,CH,STM,,2.0,12,True,2
FRS025,3,4.0,5.0,True,True,node,FRS025,CH,SG,,2.0,12,True,2
C_AMR007,3,4.0,5.0,True,True,arc,American River,CH,ST,1222.80349061754,1.0,12,True,2
D_CSL005_25_NA,3,4.0,5.0,True,True,arc,,D,,14318.1996000018,1.0,12,True,2
C_BTC018,3,4.0,5.0,True,True,arc,Butte Creek,CH,ST,2049.3266582552,1.0,12,True,2
STH005,3,4.0,5.0,True,True,node,STH005,CH,CNL,,1.0,12,True,2
D_WSE004_24_NU3,3,4.0,5.0,True,True,arc,,D,,2510.86760000046,1.0,12,True,2
C_GCC032,3,4.0,5.0,True,True,arc,Glenn Colusa Canal,CH,CL,6488.12156132075,1.0,12,True,2
D_WTPTAB_TVAFB,3,4.0,5.0,True,True,arc,,D,,2867.71389999986,1.0,12,True,2
SAC030,3,4.0,5.0,True,True,node,SAC030,CH,STM,,1.0,12,True,2
D_WTPFMH_VLLJO,3,4.0,5.0,True,True,arc,,D,,2500.0,1.0,12,True,2
I_STS059,3,4.0,5.0,True,True,arc,,IN,LI,7500.0,2.0,12,True,2
C_SAC041,3,4.0,5.0,True,True,arc,Sacramento River,CH,ST,8046.71999659973,1.0,12,True,2
C_SAC169,3,4.0,5.0,True,True,arc,Sacramento River,CH,ST,1978.91851410553,1.0,12,True,2
CLV010,3,4.0,5.0,True,True,node,CLV010,CH,STM,,2.0,12,True,2
D_ABN006_23_NA,3,4.0,5.0,True,True,arc,,D,,12100.910086662,1.0,12,True,2
D_FOLSM_WTPEDH,3,4.0,5.0,True,True,arc,,D,,7748.6062000012,1.0,12,True,2
C_NFF045,3,4.0,5.0,True,True,arc,North Fork Feather River,CH,ST,10583.192740067,1.0,12,True,2
SAC057,3,4.0,5.0,True,True,node,SAC057,CH,STM,,1.0,12,True,2
FCS007,3,4.0,5.0,True,True,node,FCS007,CH,STM,,2.0,12,True,2
C_EPARK,3,4.0,5.0,True,True,arc,Stony Creek,CH,ST,28848.3841021399,1.0,12,True,2
SR_71_SJR117,3,4.0,5.0,True,True,arc,,SR,,2499.99994791732,2.0,12,True,2
GCC032,3,4.0,5.0,True,True,node,GCC032,CH,CNL,,1.0,12,True,2
C_SFA059,3,4.0,5.0,True,True,arc,South Fork American River,CH,ST,16804.2336212966,1.0,12,True,2
RUB002,3,4.0,5.0,True,True,node,RUB002,CH,SG,,1.0,12,True,2
BSC000,3,4.0,5.0,True,True,node,BSC000,CH,SG,,1.0,12,True,2
FSL005,3,4.0,5.0,True,True,node,FSL005,CH,STM,,2.0,12,True,2
DCC008,3,4.0,5.0,True,True,node,DCC008,CH,SG,,1.0,12,True,2
C_LCC029,3,4.0,5.0,True,True,arc,Little Chico Creek,CH,ST,8046.81786419032,1.0,12,True,2
PSC013,3,4.0,5.0,True,True,node,PSC013,CH,CNL,,1.0,12,True,2
D_SBP021_DWRPS2,3,4.0,5.0,True,True,arc,,D,,714.316202689667,1.0,12,True,2
C_AMR020,3,4.0,5.0,True,True,arc,American River,CH,ST,5511.65792080827,1.0,12,True,2
R_71_PA8_RFS71A,3,4.0,5.0,True,True,arc,,RT,,2600.0,2.0,12,True,2
C_LST007,3,4.0,5.0,True,True,arc,Lost Creek,CH,ST,3857.24366667779,1.0,12,True,2
C_NFA022,3,4.0,5.0,True,True,arc,North Fork American River,CH,ST,3465.65787236794,1.0,12,True,2
D_WBF030_HKC002,3,4.0,5.0,True,True,arc,Hendricks Canal,D,,3954.05257961615,1.0,12,True,2
SR_63_EBP030,3,4.0,5.0,True,True,arc,,SR,,2500.00013495719,2.0,12,True,2
C_NFY029,3,4.0,5.0,True,True,arc,North Yuba River,CH,ST,18381.8869117568,1.0,12,True,2
C_DSC012,3,4.0,5.0,True,True,arc,Dry Creek/Sutter Creek,CH,ST,6437.45426626339,2.0,12,True,2
C_THM028,3,4.0,5.0,True,True,arc,Thomes Creek,CH,ST,2890.19239920237,1.0,12,True,2
R_17N_PR_CRK005,3,4.0,5.0,True,True,arc,,RT,,5000.0,1.0,12,True,2
CAA143,3,4.0,5.0,True,True,node,CAA143,CH,CNL,,2.0,12,True,2
C_BRYSA,3,4.0,5.0,True,True,arc,Putah Creek,CH,ST,2203.35740828648,1.0,12,True,2
C_LVC001,3,4.0,5.0,True,True,arc,Lake Valley Canal,CH,CL,2340.65572544793,1.0,12,True,2
D_MDC032_64_PA1,3,4.0,5.0,True,True,arc,,D,,22985.8463935829,2.0,12,True,2
PTH007,3,4.0,5.0,True,True,node,PTH007,CH,STM,,1.0,12,True,2
SJR075,3,4.0,5.0,True,True,node,SJR075,CH,SG,,2.0,12,True,2
R_03_PU1_KSWCK,3,4.0,5.0,True,True,arc,,RT,,12565.9686999992,1.0,12,True,2
D_FSC015_60N_NA2,3,4.0,5.0,True,True,arc,,D,,20083.3579000002,2.0,12,True,2
C_NFA016,3,4.0,5.0,True,True,arc,North Fork American River,CH,ST,8023.02628830212,1.0,12,True,2
C_SAC097,3,4.0,5.0,True,True,arc,Sacramento River,CH,ST,6734.12662747326,1.0,12,True,2
R_EDWWTP_DEE020,3,4.0,5.0,True,True,arc,,RT,,14457.4566234133,2.0,12,True,2
I_RVPHB,3,4.0,5.0,True,True,arc,,IN,LI,7499.99996034908,1.0,12,True,2
SP_SAC122_SBP021,3,4.0,5.0,True,True,arc,,SP,,7615.83683002163,1.0,12,True,2
D_CGT005_14_NA,3,4.0,5.0,True,True,arc,Browns Valley Ditch,D,,58370.0398990802,1.0,12,True,2
D_DRC010_05_NA,3,4.0,5.0,True,True,arc,,D,,5708.98860000074,1.0,12,True,2
ABN010,3,4.0,5.0,True,True,node,ABN010,CH,STM,,1.0,12,True,2
PTH020,3,4.0,5.0,True,True,node,PTH020,CH,STM,,1.0,12,True,2
R_21_PA_YBP032,3,4.0,5.0,True,True,arc,,RT,,2730.28423905211,1.0,12,True,2
C_SJR026,3,4.0,5.0,True,True,arc,San Joaquin River,CH,ST,4225.60309551714,1.0,12,True,2
NFF050,3,4.0,5.0,True,True,node,NFF050,CH,STM,,1.0,12,True,2
C_CLV004,3,4.0,5.0,True,True,arc,Calaveras River,CH,ST,6437.38886940235,1.0,12,True,2
C_TGR001,3,4.0,5.0,True,True,arc,Tiger Creek Regulatory Canal (MokAque),CH,CL,9568.97261681194,2.0,12,True,2
SR_17S_SSL001,3,4.0,5.0,True,True,arc,,SR,,2477.95419832144,1.0,12,True,2
C_FDC006,3,4.0,5.0,True,True,arc,French Dry Creek,CH,ST,9656.06388384654,1.0,12,True,2
D_LBR002_LBC001,3,4.0,5.0,True,True,arc,Lower Boardman Canal,D,CL,2442.02608496446,1.0,12,True,2
C_EDC007,3,4.0,5.0,True,True,arc,El Dorado Canal,CH,CL,23137.9917528957,1.0,12,True,2
C_DER018,3,4.0,5.0,True,True,arc,Deer Creek,CH,ST,11239.9825031415,1.0,12,True,2
C_NFA054,3,4.0,5.0,True,True,arc,North Fork American River,CH,ST,9153.50777277063,1.0,12,True,2
FTR031,3,4.0,5.0,True,True,node,FTR031,CH,STM,,1.0,12,True,2
I_MERLC,3,4.0,5.0,True,True,arc,,IN,LI,7500.0000853124,1.0,12,True,2
SAC000,3,4.0,5.0,True,True,node,SAC000,CH,STM,,1.0,12,True,2
FTR036,3,4.0,5.0,True,True,node,FTR036,CH,STM,,1.0,12,True,2
DEE023,3,4.0,5.0,True,True,node,DEE023,CH,SG,,2.0,12,True,2
BTC017,3,4.0,5.0,True,True,node,BTC017,CH,SG,,1.0,12,True,2
D_NFA016_ABT002,3,4.0,5.0,True,True,arc,Auburn Tunnel,D,,3661.5179256991,1.0,12,True,2
C_COT033,3,4.0,5.0,True,True,arc,Cottonwood Creek,CH,ST,53860.408084945,2.0,12,True,2
C_STH004,3,4.0,5.0,True,True,arc,South Canal,CH,CL,2532.79341327048,1.0,12,True,2
BCN005,3,4.0,5.0,True,True,node,BCN005,CH,STM,,1.0,12,True,2
C_JBC008,3,4.0,5.0,True,True,arc,Joint Board Canal,CH,CL,10007.7072006181,1.0,12,True,2
SJR090,3,4.0,5.0,True,True,node,SJR090,CH,STM,,2.0,12,True,2
TGR021,3,4.0,5.0,True,True,node,TGR021,CH,SG,,2.0,12,True,2
R_11_NU1_ORWWTP,3,4.0,5.0,True,True,arc,,RT,,6046.02070000023,1.0,12,True,2
R_91_PA_FSL012,3,4.0,5.0,True,True,arc,,RT,,1796.91250519648,2.0,12,True,2
C_MRS000,3,4.0,5.0,True,True,arc,Merced River Slough,CH,ST,1840.88005917685,2.0,12,True,2
TCC022,3,4.0,5.0,True,True,node,TCC022,CH,CNL,,1.0,12,True,2
FTR074,3,4.0,5.0,True,True,node,FTR074,CH,STM,,1.0,12,True,2
D_VCT002_ORP000,3,4.0,5.0,True,True,arc,,D,,6489.94489999861,1.0,12,True,2
D_SJR090_71_NA2,3,4.0,5.0,True,True,arc,,D,,19357.0652737287,2.0,12,True,2
C_CMP014,3,4.0,5.0,True,True,arc,Camp Creek,CH,ST,13845.7908661768,2.0,12,True,2
C_PTH024,3,4.0,5.0,True,True,arc,Putah Creek,CH,ST,4750.01231595891,1.0,12,True,2
C_YBP037,3,4.0,5.0,True,True,arc,Yolo Bypass,CH,BP,4495.02960960183,1.0,12,True,2
R_62_NU_TKWWTP,3,4.0,5.0,True,True,arc,,RT,,4000.0,2.0,12,True,2
C_SFY040,3,4.0,5.0,True,True,arc,South Yuba River,CH,ST,12235.8305122111,1.0,12,True,2
SLT009,3,4.0,5.0,True,True,node,SLT009,CH,STM,,1.0,12,True,2
SR_23_BRR011,3,4.0,5.0,True,True,arc,,SR,,2500.00000177822,1.0,12,True,2
I_HON021,3,4.0,5.0,True,True,arc,,IN,LI,7499.99994718767,1.0,12,True,2
C_PSC024,3,4.0,5.0,True,True,arc,Putah South Canal,CH,CL,16084.0645279196,1.0,12,True,2
SFF008,3,4.0,5.0,True,True,node,SFF008,CH,SG,,1.0,12,True,2
SFA065,3,4.0,5.0,True,True,node,SFA065,CH,SG,,1.0,12,True,2
EDC021,3,4.0,5.0,True,True,node,EDC021,CH,CNL,,1.0,12,True,2
D_FTR028_15S_SA,3,4.0,5.0,True,True,arc,,D,,13333.4147044211,1.0,12,True,2
C_SJR072,3,4.0,5.0,True,True,arc,San Joaquin River,CH,ST,4422.65114597568,2.0,12,True,2
DD_SJR013_SJRW,3,4.0,5.0,True,True,arc,,DD,,2272.14819988552,1.0,12,True,2
C_CLV010,3,4.0,5.0,True,True,arc,Calaveras River,CH,ST,1609.34716308768,2.0,12,True,2
C_MFY005,3,4.0,5.0,True,True,arc,Middle Yuba River,CH,ST,7351.50266987405,1.0,12,True,2
D_SAC062_WTPSAC,3,4.0,5.0,True,True,arc,,D,,546.484981870191,1.0,12,True,2
CT_SMARTVILLE,3,4.0,5.0,True,True,arc,,CT,,7500.00000217662,1.0,12,True,2
C_DER002,3,4.0,5.0,True,True,arc,Deer Creek,CH,ST,2387.55735895361,1.0,12,True,2
C_MSN004,3,4.0,5.0,True,True,arc,Mud Slough,CH,ST,6463.74376596208,2.0,12,True,2
SR_26N_EMD001,3,4.0,5.0,True,True,arc,,SR,,2499.99994791732,1.0,12,True,2
R_WLDWD_DER004,3,4.0,5.0,True,True,arc,,RT,,3565.8479000004,1.0,12,True,2
SR_11_DWRPS1,3,4.0,5.0,True,True,arc,,SR,,2500.0000707959,1.0,12,True,2
CT_FREEPORT,3,4.0,5.0,True,True,arc,,CT,,7500.00005625693,1.0,12,True,2
C_RUB002,3,4.0,5.0,True,True,arc,Rubicon River,CH,ST,1029.01473063852,1.0,12,True,2
D_CLRLK_CLLPT,3,4.0,5.0,True,True,arc,,D,,15765.1556016723,1.0,12,True,2
I_WBF006,3,4.0,5.0,True,True,arc,,IN,LI,7499.99995424135,1.0,12,True,2
R_08N_SA2_CBD049,3,4.0,5.0,True,True,arc,Unlabeled Return Flow,RT,,22131.2215538325,1.0,12,True,2
C_DBC024,3,4.0,5.0,True,True,arc,Dry Creek/Berenda Creek (Conceptual Combination),CH,ST,16306.4291578291,2.0,12,True,2
OMR024,3,4.0,5.0,True,True,node,OMR024,CH,STM,,1.0,12,True,2
C_EBP050,3,4.0,5.0,True,True,arc,Eastside Bypass,CH,BP,3457.59460692883,2.0,12,True,2
D_WTPWMN_FRFLD,3,4.0,5.0,True,True,arc,,D,,2405.57370000146,1.0,12,True,2
DMC080,3,4.0,5.0,True,True,node,DMC080,CH,CNL,,2.0,12,True,2
DMC049,3,4.0,5.0,True,True,node,DMC049,CH,CNL,,2.0,12,True,2
SR_11_FTR059,3,4.0,5.0,True,True,arc,,SR,,2499.9999784081,1.0,12,True,2
BTC060,3,4.0,5.0,True,True,node,BTC060,CH,STM,,1.0,12,True,2
C_FTR068,3,4.0,5.0,True,True,arc,Feather River,CH,ST,949.864727351537,1.0,12,True,2
D_YBP023_21_SA,3,4.0,5.0,True,True,arc,,D,,6056.2185428534,1.0,12,True,2
C_PSC013,3,4.0,5.0,True,True,arc,Putah South Canal,CH,CL,3273.41301131809,1.0,12,True,2
C_ANTLP,3,4.0,5.0,True,True,arc,Indian Creek,CH,ST,64082.2410850444,1.0,12,True,2
SR_26S_SAC048,3,4.0,5.0,True,True,arc,,SR,,2499.9999603657,1.0,12,True,2
MCD018,3,4.0,5.0,True,True,node,MCD018,CH,SG,,2.0,12,True,2
R_15N_NA2_JCK002,3,4.0,5.0,True,True,arc,Unlabeled Return Flow,RT,,7990.9313985391,1.0,12,True,2
C_INDVL,3,4.0,5.0,True,True,arc,North Fork Cache Creek,CH,ST,613.481631099002,1.0,12,True,2
C_YBP007,3,4.0,5.0,True,True,arc,Yolo Bypass,CH,BP,8046.73613635105,1.0,12,True,2
C_SAC178,3,4.0,5.0,True,True,arc,Sacramento River,CH,ST,6437.37600261309,1.0,12,True,2
R_RFS8S_SAC093,3,4.0,5.0,True,True,arc,,RT,,9450.91624950279,1.0,12,True,2
DD_MOK004_MOK,3,4.0,5.0,True,True,arc,,DD,,1627.83388441986,1.0,12,True,2
YCWWTP,3,4.0,5.0,True,True,node,YCWWTP,WWTP,,,1.0,12,True,2
R_72_PA_MSS014,3,4.0,5.0,True,True,arc,,RT,,12428.2628623518,2.0,12,True,2
C_SAC063,3,4.0,5.0,True,True,arc,Sacramento River,CH,ST,625.165385534433,1.0,12,True,2
C_THRMA,3,4.0,5.0,True,True,arc,Conceptual Thermalito Afterbay,CH,ST,5255.02972069653,1.0,12,True,2
C_CAA156,3,4.0,5.0,True,True,arc,California Aqueduct,CH,CL,13104.761800835,2.0,12,True,2
I_MFY013,3,4.0,5.0,True,True,arc,,IN,LI,7500.00008203308,1.0,12,True,2
ABN026,3,4.0,5.0,True,True,node,ABN026,CH,STM,,1.0,12,True,2
SR_21_YBP023,3,4.0,5.0,True,True,arc,,SR,,2499.9999401381,1.0,12,True,2
GCC022,3,4.0,5.0,True,True,node,GCC022,CH,CNL,,1.0,12,True,2
GCC039,3,4.0,5.0,True,True,node,GCC039,CH,CNL,,1.0,12,True,2
C_TRNSF,3,4.0,5.0,True,True,arc,Los Vaqueros Pipeline,CH,CL,11362.0542383403,1.0,12,True,2
C_MCD018,3,4.0,5.0,True,True,arc,Merced River,CH,ST,5652.06837836966,2.0,12,True,2
LST007,3,4.0,5.0,True,True,node,LST007,CH,STM,,1.0,12,True,2
C_BCK017,3,4.0,5.0,True,True,arc,Bear Creek,CH,ST,11265.4304687753,2.0,12,True,2
C_HKC002,3,4.0,5.0,True,True,arc,Hendricks Canal,CH,CL,9877.6184658564,1.0,12,True,2
C_LJC022,3,4.0,5.0,True,True,arc,Littlejohns Creek,CH,ST,12945.9156417073,2.0,12,True,2
C_OMR021,3,4.0,5.0,True,True,arc,Old/Middle Rivers,CH,ST,4236.08382201781,1.0,12,True,2
D_CAA012_71_PU1,3,4.0,5.0,True,True,arc,,D,,601.229300000705,2.0,12,True,2
CLV026,3,4.0,5.0,True,True,node,CLV026,CH,STM,,2.0,12,True,2
DRM009,3,4.0,5.0,True,True,node,DRM009,CH,CNL,,1.0,12,True,2
C_MCD042,3,4.0,5.0,True,True,arc,Merced River,CH,ST,9656.08337866729,2.0,12,True,2
CLV028,3,4.0,5.0,True,True,node,CLV028,CH,STM,,2.0,12,True,2
RFS61D,3,4.0,5.0,True,True,node,RFS61D,RFS,,,2.0,12,True,2
CLRLK,3,4.0,5.0,True,True,node,CLRLK,STR,NSM,,1.0,12,True,2
C_CCH075,3,4.0,5.0,True,True,arc,Cache Creek,CH,ST,26668.5136743961,1.0,12,True,2
MFA040,3,4.0,5.0,True,True,node,MFA040,CH,STM,,1.0,12,True,2
WKYTN,3,4.0,5.0,True,True,node,WKYTN,STR,SIM,,1.0,12,True,2
MFY046,3,4.0,5.0,True,True,node,MFY046,CH,SG,,1.0,12,True,2
C_ASL013,3,4.0,5.0,True,True,arc,Ash Slough,CH,ST,20663.2532240635,2.0,12,True,2
R_RFS61C_STS030,3,4.0,5.0,True,True,arc,,RT,,2620.37449999899,2.0,12,True,2
SR_63_MCD021,3,4.0,5.0,True,True,arc,,SR,,2500.00006651625,2.0,12,True,2
C_CCS010,3,4.0,5.0,True,True,arc,Canyon Creek (South),CH,ST,1327.86656533669,1.0,12,True,2
C_LGRSV,3,4.0,5.0,True,True,arc,South Fork Feather River,CH,ST,256.005779988617,1.0,12,True,2
SAC296,3,4.0,5.0,True,True,node,SAC296,CH,STM,,1.0,12,True,2
R_RFS26N_PGWWTP,3,4.0,5.0,True,True,arc,,RT,,5239.3543000007,1.0,12,True,2
I_JNKSN,3,4.0,5.0,True,True,arc,,IN,LI,7500.00008022783,1.0,12,True,2
DMC011,3,4.0,5.0,True,True,node,DMC011,CH,CNL,,2.0,12,True,2
D_CHIPPS_CCC019,3,4.0,5.0,True,True,arc,,D,,3714.33267383944,1.0,12,True,2
SR_07S_CBD028,3,4.0,5.0,True,True,arc,,SR,,2499.99994013882,1.0,12,True,2
C_CLV035,3,4.0,5.0,True,True,arc,Calaveras River,CH,ST,11265.4305980323,2.0,12,True,2
SFF020,3,4.0,5.0,True,True,node,SFF020,CH,STM,,1.0,12,True,2
C_MFA023,3,4.0,5.0,True,True,arc,Middle Fork American River,CH,ST,34847.7831611938,1.0,12,True,2
C_SAC011,3,4.0,5.0,True,True,arc,Sacramento River,CH,ST,6437.41137178985,1.0,12,True,2
MOK014,3,4.0,5.0,True,True,node,MOK014,CH,STM,,2.0,12,True,2
R_DWRPS2_SBP021,3,4.0,5.0,True,True,arc,,RT,,1009.75463536348,1.0,12,True,2
C_CBD049,3,4.0,5.0,True,True,arc,Colusa Basin Drainage Canal,CH,CL,8046.71997819042,1.0,12,True,2
R_RFS22_EMD001,3,4.0,5.0,True,True,arc,,RT,,10238.6473000003,1.0,12,True,2
C_CCS009,3,4.0,5.0,True,True,arc,Canyon Creek (South),CH,ST,15216.837349488,1.0,12,True,2
I_MFF019,3,4.0,5.0,True,True,arc,,IN,LI,7499.99989802648,1.0,12,True,2
SHSTA,3,4.0,5.0,True,True,node,SHSTA,STR,SIM,,1.0,12,True,2
C_ORT009,3,4.0,5.0,True,True,arc,Orestimba Creek,CH,ST,12365.2177443621,2.0,12,True,2
DSC023,3,4.0,5.0,True,True,node,DSC023,CH,SG,,2.0,12,True,2
D_BRR017_23_NA,3,4.0,5.0,True,True,arc,South Sutter Canal,D,,13134.9955363349,1.0,12,True,2
C_THRMF,3,4.0,5.0,True,True,arc,Power Canal,CH,CL,2829.00486512312,1.0,12,True,2
C_NBA021,3,4.0,5.0,True,True,arc,North Bay Aqueduct,CH,CL,9656.08330538328,1.0,12,True,2
D_WDWRD_WTPDGT,3,4.0,5.0,True,True,arc,,D,,1253.44293499254,2.0,12,True,2
C_CBD028,3,4.0,5.0,True,True,arc,Colusa Basin Drainage Canal,CH,CL,8046.71998192662,1.0,12,True,2
C_CAA172,3,4.0,5.0,True,True,arc,California Aqueduct,CH,CL,1768.36935909101,2.0,12,True,2
R_PGWWTP_CRC002,3,4.0,5.0,True,True,arc,Pleasant Grove Creek/Pleasant Grove Canal,RT,ST,20399.6784717387,1.0,12,True,2
DCT050,3,4.0,5.0,True,True,node,DCT050,CH,STM,,2.0,12,True,2
OMR014,3,4.0,5.0,True,True,node,OMR014,CH,SG,,1.0,12,True,2
C_SJR115,3,4.0,5.0,True,True,arc,San Joaquin River,CH,ST,2640.25382631199,2.0,12,True,2
ELD012,3,4.0,5.0,True,True,node,ELD012,CH,STM,,1.0,12,True,2
HON021,3,4.0,5.0,True,True,node,HON021,CH,STM,,1.0,12,True,2
C_EMD007,3,4.0,5.0,True,True,arc,Natomas East Main Drainage Canal,CH,CL,8748.0948571572,1.0,12,True,2
C_THM012,3,4.0,5.0,True,True,arc,Thomes Creek,CH,ST,11265.4078795498,1.0,12,True,2
YUB023,3,4.0,5.0,True,True,node,YUB023,CH,STM,,1.0,12,True,2
R_08S_SA2_CBD037,3,4.0,5.0,True,True,arc,,RT,,10636.0396003573,1.0,12,True,2
C_FRS022,3,4.0,5.0,True,True,arc,Fresno River,CH,ST,3345.19837246349,2.0,12,True,2
R_72_XA2_SAL017,3,4.0,5.0,True,True,arc,,RT,,30775.800427269,2.0,12,True,2
D_CLV037_CACWD,3,4.0,5.0,True,True,arc,,D,,1538.37990000099,2.0,12,True,2
C_LBC043,3,4.0,5.0,True,True,arc,Lower Boardman Canal,CH,CL,10274.271398828,1.0,12,True,2
C_SFF039,3,4.0,5.0,True,True,arc,South Fork Feather River,CH,ST,15317.3989388005,1.0,12,True,2
D_FTR021_16_PA,3,4.0,5.0,True,True,arc,,D,,4688.16760000028,1.0,12,True,2
ALMNR,3,4.0,5.0,True,True,node,ALMNR,STR,,,1.0,12,True,2
BRR072,3,4.0,5.0,True,True,node,BRR072,CH,STM,,1.0,12,True,2
DD_SAC017_SACS,3,4.0,5.0,True,True,arc,,DD,,3531.96966349087,1.0,12,True,2
C_EDC000,3,4.0,5.0,True,True,arc,El Dorado Canal,CH,CL,5831.13691450094,1.0,12,True,2
EBP033,3,4.0,5.0,True,True,node,EBP033,CH,SG,,2.0,12,True,2
R_26S_NU3_SRWWTP,3,4.0,5.0,True,True,arc,,RT,,10283.1082913232,1.0,12,True,2
COW014,3,4.0,5.0,True,True,node,COW014,CH,STM,,1.0,12,True,2
R_21_SA_YBP020,3,4.0,5.0,True,True,arc,,RT,,11497.1943811688,1.0,12,True,2
R_64_XA_SJR185,3,4.0,5.0,True,True,arc,,RT,,13080.9914999986,2.0,12,True,2
C_DRM001,3,4.0,5.0,True,True,arc,Drum Canal,CH,CL,1253.07913072722,1.0,12,True,2
D_SAC083_21_SA,3,4.0,5.0,True,True,arc,,D,,20792.8340439717,1.0,12,True,2
STN021,3,4.0,5.0,True,True,node,STN021,CH,STM,,1.0,12,True,2
D_WTPCSD_02_PA,3,4.0,5.0,True,True,arc,,D,,13747.5560135227,1.0,12,True,2
BSL004,3,4.0,5.0,True,True,node,BSL004,CH,SG,,1.0,12,True,2
EBP005,3,4.0,5.0,True,True,node,EBP005,CH,BYP,,2.0,12,True,2
SFY040,3,4.0,5.0,True,True,node,SFY040,CH,SG,,1.0,12,True,2
NFA054,3,4.0,5.0,True,True,node,NFA054,CH,STM,,1.0,12,True,2
PSC020,3,4.0,5.0,True,True,node,PSC020,CH,CNL,,1.0,12,True,2
D_PSC006_25_PA2,3,4.0,5.0,True,True,arc,,D,,16328.1543999994,1.0,12,True,2
C_BRV005,3,4.0,5.0,True,True,arc,Bear River (Mokelumne),CH,CH,6162.24558248032,2.0,12,True,2
OGN004,3,4.0,5.0,True,True,node,OGN004,CH,SG,,1.0,12,True,2
C_SLV016,3,4.0,5.0,True,True,arc,Silver Creek,CH,ST,391.304818035404,1.0,12,True,2
C_HON021,3,4.0,5.0,True,True,arc,South Honcut Creek,CH,ST,26949.8369753964,1.0,12,True,2
XCC043,3,4.0,5.0,True,True,node,XCC043,CH,CNL,,2.0,12,True,2
I_QNT005,3,4.0,5.0,True,True,arc,,IN,LI,7500.00009772692,2.0,12,True,2
SRWWTP,3,4.0,5.0,True,True,node,SRWWTP,WWTP,,,1.0,12,True,2
R_20_NU1_DVWWTP,3,4.0,5.0,True,True,arc,,RT,,11769.8983270412,1.0,12,True,2
DSC008,3,4.0,5.0,True,True,node,DSC008,CH,STM,,2.0,12,True,2
D_LBC049_24_NA3,3,4.0,5.0,True,True,arc,,D,,1611.24899999984,1.0,12,True,2
C_RUB041,3,4.0,5.0,True,True,arc,Rubicon River,CH,ST,14877.061931341,1.0,12,True,2
C_STS017,3,4.0,5.0,True,True,arc,Stanislaus River,CH,ST,9443.64147185554,2.0,12,True,2
C_NFF060,3,4.0,5.0,True,True,arc,North Fork Feather River,CH,ST,2140.50499332707,1.0,12,True,2
R_RFS13_HON004,3,4.0,5.0,True,True,arc,,RT,,14278.7583365627,1.0,12,True,2
SR_25_PTH024,3,4.0,5.0,True,True,arc,,SR,,2500.0,1.0,12,True,2
D_BSL001_18_NA,3,4.0,5.0,True,True,arc,,D,,14914.5701793588,1.0,12,True,2
D_DWRPS2_11_NA,3,4.0,5.0,True,True,arc,,D,,9582.26925946654,1.0,12,True,2
EBP048,3,4.0,5.0,True,True,node,EBP048,CH,BYP,,2.0,12,True,2
WLF017,3,4.0,5.0,True,True,node,WLF017,CH,STM,,1.0,12,True,2
DMC024,3,4.0,5.0,True,True,node,DMC024,CH,CNL,,2.0,12,True,2
I_ANTLP,3,4.0,5.0,True,True,arc,,IN,LI,7499.99977728843,1.0,12,True,2
I_MFM008,3,4.0,5.0,True,True,arc,,IN,LI,7500.00011363266,2.0,12,True,2
I_COW014,3,4.0,5.0,True,True,arc,,IN,LI,7499.99990852888,1.0,12,True,2
BCK017,3,4.0,5.0,True,True,node,BCK017,CH,STM,,2.0,12,True,2
C_EBP005,3,4.0,5.0,True,True,arc,Eastside Bypass,CH,BP,18178.1619084111,2.0,12,True,2
DD_SJR026_SJRE,3,4.0,5.0,True,True,arc,,DD,,2348.38548318522,1.0,12,True,2
C_HHOLE,3,4.0,5.0,True,True,arc,Rubicon River,CH,ST,222.203215306317,1.0,12,True,2
ARY010,3,4.0,5.0,True,True,node,ARY010,CH,CNL,,2.0,12,True,2
DED003,3,4.0,5.0,True,True,node,DED003,CH,STM,,2.0,12,True,2
SFD003,3,4.0,5.0,True,True,node,SFD003,CH,STM,,1.0,12,True,2
DMC091,3,4.0,5.0,True,True,node,DMC091,CH,CNL,,2.0,12,True,2
C_SFF008,3,4.0,5.0,True,True,arc,South Fork Feather River,CH,ST,8469.61585353448,1.0,12,True,2
R_LCWWTP_FTR025,3,4.0,5.0,True,True,arc,,RT,,1110.20970000047,1.0,12,True,2
SLV017,3,4.0,5.0,True,True,node,SLV017,CH,STM,,1.0,12,True,2
GCC065,3,4.0,5.0,True,True,node,GCC065,CH,CNL,,1.0,12,True,2
C_DER004,3,4.0,5.0,True,True,arc,Deer Creek,CH,ST,3012.30769270468,1.0,12,True,2
C_MCD046,3,4.0,5.0,True,True,arc,Merced River,CH,ST,7149.10668463822,2.0,12,True,2
LBC030,3,4.0,5.0,True,True,node,LBC030,CH,CNL,,1.0,12,True,2
DER001,3,4.0,5.0,True,True,node,DER001,CH,SG,,1.0,12,True,2
BCC014,3,4.0,5.0,True,True,node,BCC014,CH,SG,,1.0,12,True,2
C_MOK004,3,4.0,5.0,True,True,arc,Mokelumne River,CH,ST,5852.30851503925,1.0,12,True,2
C_SFF029,3,4.0,5.0,True,True,arc,South Fork Feather River,CH,ST,183.471475460811,1.0,12,True,2
MOK028,3,4.0,5.0,True,True,node,MOK028,CH,STM,,2.0,12,True,2
D_FTR021_16_SA,3,4.0,5.0,True,True,arc,,D,,11818.8913363946,1.0,12,True,2
DCC010,3,4.0,5.0,True,True,node,DCC010,CH,SG,,1.0,12,True,2
BLT000,3,4.0,5.0,True,True,node,BLT000,CH,SG,,1.0,12,True,2
C_FTR012,3,4.0,5.0,True,True,arc,Feather River,CH,ST,7105.47728790372,1.0,12,True,2
D_TUO054_TUR001,3,4.0,5.0,True,True,arc,Turlock Main Canal,D,,840.113414884217,2.0,12,True,2
MDS003,3,4.0,5.0,True,True,node,MDS003,CH,SG,,2.0,12,True,2
C_NFY017,3,4.0,5.0,True,True,arc,North Yuba River,CH,ST,24509.3613863969,1.0,12,True,2
D_SAC178_08N_SA1,3,4.0,5.0,True,True,arc,River Branch Canal,D,,22339.7974311837,1.0,12,True,2
R_17S_PR_SBP021,3,4.0,5.0,True,True,arc,,RT,,3378.64241706618,1.0,12,True,2
D_SFF029_SFT000,3,4.0,5.0,True,True,arc,South Fork Tunnel,D,,153.330343153667,1.0,12,True,2
SLC003,3,4.0,5.0,True,True,node,SLC003,CH,STM,,1.0,12,True,2
C_SJR043,3,4.0,5.0,True,True,arc,San Joaquin River,CH,ST,2003.93538894639,2.0,12,True,2
ENGLB,3,4.0,5.0,True,True,node,ENGLB,STR,SIM,,1.0,12,True,2
CT_OROVILLE,3,4.0,5.0,True,True,arc,,CT,,7500.00002996384,1.0,12,True,2
SR_26S_MOK014,3,4.0,5.0,True,True,arc,,SR,,2499.99996305094,1.0,12,True,2
C_DHC001,3,4.0,5.0,True,True,arc,Dry/Hutchinson Creeks,CH,CL,1188.68209999986,1.0,12,True,2
CLV043,3,4.0,5.0,True,True,node,CLV043,CH,STM,,2.0,12,True,2
C_EMD001,3,4.0,5.0,True,True,arc,Natomas East Main Drainage Canal,CH,CL,1997.85020336283,1.0,12,True,2
CHW031,3,4.0,5.0,True,True,node,CHW031,CH,STM,,2.0,12,True,2
SJR096,3,4.0,5.0,True,True,node,SJR096,CH,SG,,2.0,12,True,2
C_BEC024,3,4.0,5.0,True,True,arc,Wise Canal,CH,CL,4828.09070126,1.0,12,True,2
R_15S_NU_LCWWTP,3,4.0,5.0,True,True,arc,,RT,,6021.09180000052,1.0,12,True,2
STS059,3,4.0,5.0,True,True,node,STS059,CH,STM,,2.0,12,True,2
C_BRC003,3,4.0,5.0,True,True,arc,Bear Creek,CH,ST,2214.57674900146,1.0,12,True,2
RUB041,3,4.0,5.0,True,True,node,RUB041,CH,STM,,1.0,12,True,2
D_WTPCOL_26S_PU2,3,4.0,5.0,True,True,arc,,D,,2239.6217122156,1.0,12,True,2
D_WTPJYL_JLIND,3,4.0,5.0,True,True,arc,,D,,5128.72070000041,2.0,12,True,2
C_SFY007,3,4.0,5.0,True,True,arc,South Yuba River,CH,ST,11649.6817314132,1.0,12,True,2
C_BCC006,3,4.0,5.0,True,True,arc,Big Chico Creek,CH,ST,3218.68798167176,1.0,12,True,2
C_SAC193,3,4.0,5.0,True,True,arc,Sacramento River,CH,ST,7345.73690479411,1.0,12,True,2
MTC000,3,4.0,5.0,True,True,node,MTC000,CH,CNL,,1.0,12,True,2
C_CCH003,3,4.0,5.0,True,True,arc,Cache Creek,CH,ST,4828.03198925103,1.0,12,True,2
C_GCC036,3,4.0,5.0,True,True,arc,Glenn Colusa Canal,CH,CL,4777.41191733171,1.0,12,True,2
I_SFA040,3,4.0,5.0,True,True,arc,,IN,LI,7500.00002178577,1.0,12,True,2
SJR006,3,4.0,5.0,True,True,node,SJR006,CH,STM,,1.0,12,True,2
LCWWTP,3,4.0,5.0,True,True,node,LCWWTP,WWTP,,,1.0,12,True,2
D_WTPFTH_03_SU,3,4.0,5.0,True,True,arc,,D,,2541.6660999991,1.0,12,True,2
C_SJR090,3,4.0,5.0,True,True,arc,San Joaquin River,CH,ST,4328.68900799953,2.0,12,True,2
I_TULOC,3,4.0,5.0,True,True,arc,,IN,LI,7500.0,2.0,12,True,2
MAQ057,3,4.0,5.0,True,True,node,MAQ057,CH,CNL,,2.0,12,True,2
R_02_NU_SAC281,3,4.0,5.0,True,True,arc,Combined Return (Anderson/Cottonwood/Lake California WWTPs),RT,,3398.43419999909,1.0,12,True,2
SJR062,3,4.0,5.0,True,True,node,SJR062,CH,STM,,2.0,12,True,2
WBF030,3,4.0,5.0,True,True,node,WBF030,CH,STM,,1.0,12,True,2
CCS009,3,4.0,5.0,True,True,node,CCS009,CH,SG,,1.0,12,True,2
MCD033,3,4.0,5.0,True,True,node,MCD033,CH,SG,,2.0,12,True,2
C_PTH007,3,4.0,5.0,True,True,arc,Putah Creek,CH,ST,11265.4081406213,1.0,12,True,2
C_TUO047,3,4.0,5.0,True,True,arc,Tuolumne River,CH,ST,6437.3887999914,2.0,12,True,2
I_MFA023,3,4.0,5.0,True,True,arc,,IN,LI,7500.00006684063,1.0,12,True,2
C_BRR004,3,4.0,5.0,True,True,arc,Bear River,CH,ST,6439.2582590619,1.0,12,True,2
NFA019,3,4.0,5.0,True,True,node,NFA019,CH,STM,,1.0,12,True,2
D_SAC109_08S_SA3,3,4.0,5.0,True,True,arc,,D,,5274.48647128713,1.0,12,True,2
C_SAC082,3,4.0,5.0,True,True,arc,Sacramento River,CH,ST,860.775817200138,1.0,12,True,2
R_PLMAS_MFF088,3,4.0,5.0,True,True,arc,,RT,,2892.26120000053,1.0,12,True,2
D_WTPFSS_24_NU2,3,4.0,5.0,True,True,arc,,D,,12352.3987074784,1.0,12,True,2
C_SAC273,3,4.0,5.0,True,True,arc,Sacramento River,CH,ST,4284.23624948776,1.0,12,True,2
C_OAK001,3,4.0,5.0,True,True,arc,Oakdale South Main Canal,CH,CL,31441.3167167098,2.0,12,True,2
CHW021,3,4.0,5.0,True,True,node,CHW021,CH,STM,,2.0,12,True,2
CBD023,3,4.0,5.0,True,True,node,CBD023,CH,CNL,,1.0,12,True,2
R_26N_NU3_SRWWTP,3,4.0,5.0,True,True,arc,,RT,,39629.518819602,1.0,12,True,2
SR_17N_BSL001,3,4.0,5.0,True,True,arc,,SR,,2500.00007079504,1.0,12,True,2
D_WKYTN_02_PU,3,4.0,5.0,True,True,arc,,D,,17674.9392896152,1.0,12,True,2
AMR017,3,4.0,5.0,True,True,node,AMR017,CH,STM,,1.0,12,True,2
ORT009,3,4.0,5.0,True,True,node,ORT009,CH,STM,,2.0,12,True,2
TUO017,3,4.0,5.0,True,True,node,TUO017,CH,SG,,2.0,12,True,2
LBC010,3,4.0,5.0,True,True,node,LBC010,CH,CNL,,1.0,12,True,2
SR_22_CRC002,3,4.0,5.0,True,True,arc,,SR,,2500.00005341912,1.0,12,True,2
YUB030,3,4.0,5.0,True,True,node,YUB030,CH,STM,,1.0,12,True,2
NFF008,3,4.0,5.0,True,True,node,NFF008,CH,STM,,1.0,12,True,2
C_SJR048,3,4.0,5.0,True,True,arc,San Joaquin River,CH,ST,8173.18397911776,1.0,12,True,2
NBLDB,3,4.0,5.0,True,True,node,NBLDB,STR,,,1.0,12,True,2
MFF088,3,4.0,5.0,True,True,node,MFF088,CH,STM,,1.0,12,True,2
C_CBD038,3,4.0,5.0,True,True,arc,Colusa Basin Drainage Canal,CH,CL,850.966415122549,1.0,12,True,2
R_61_NA4_SJR072,3,4.0,5.0,True,True,arc,,RT,,25774.4819315873,2.0,12,True,2
C_LST003,3,4.0,5.0,True,True,arc,Lost Creek,CH,ST,5413.11707345297,1.0,12,True,2
C_CLR011,3,4.0,5.0,True,True,arc,Clear Creek,CH,ST,2587.44426525652,1.0,12,True,2
C_BTC043,3,4.0,5.0,True,True,arc,Butte Creek,CH,ST,3083.98477401356,1.0,12,True,2
I_MOK079,3,4.0,5.0,True,True,arc,,IN,LI,7500.00005812631,2.0,12,True,2
TUO054,3,4.0,5.0,True,True,node,TUO054,CH,STM,,2.0,12,True,2
BRR011,3,4.0,5.0,True,True,node,BRR011,CH,SG,,1.0,12,True,2
D_SPLDG_DRM000,3,4.0,5.0,True,True,arc,Drum Canal,D,CL,379.265237280085,1.0,12,True,2
C_YUB014,3,4.0,5.0,True,True,arc,Yuba River,CH,ST,478.048597776488,1.0,12,True,2
C_MCD055,3,4.0,5.0,True,True,arc,Merced River,CH,ST,265.316646944027,2.0,12,True,2
FTR016,3,4.0,5.0,True,True,node,FTR016,CH,STM,,1.0,12,True,2
C_BRR031,3,4.0,5.0,True,True,arc,Bear River,CH,ST,5043.98239876527,1.0,12,True,2
C_CMP005,3,4.0,5.0,True,True,arc,Camp Creek,CH,ST,8192.18985837218,2.0,12,True,2
D_GCC056_08S_SA2,3,4.0,5.0,True,True,arc,,D,,7417.2336944286,1.0,12,True,2
C_DPC008,3,4.0,5.0,True,True,arc,Del Puerto Creek,CH,ST,12874.7777607944,2.0,12,True,2
C_IHT002,3,4.0,5.0,True,True,arc,Ice House Powerhouse Tailrace,CH,ST,6102.39718561876,1.0,12,True,2
STN004,3,4.0,5.0,True,True,node,STN004,CH,STM,,1.0,12,True,2
SR_60N_SJR038,3,4.0,5.0,True,True,arc,,SR,,2500.00007079453,2.0,12,True,2
DCM027,3,4.0,5.0,True,True,node,DCM027,CH,STM,,2.0,12,True,2
SR_24_ABN010,3,4.0,5.0,True,True,arc,,SR,,2500.00003447738,1.0,12,True,2
R_71_PA2_SJR075,3,4.0,5.0,True,True,arc,,RT,,11676.1345794942,2.0,12,True,2
C_MOK014,3,4.0,5.0,True,True,arc,Mokelumne River,CH,ST,16953.8977748375,1.0,12,True,2
C_CLV044,3,4.0,5.0,True,True,arc,Calaveras River,CH,ST,697.18298454936,2.0,12,True,2
C_SAC061,3,4.0,5.0,True,True,arc,Sacramento River,CH,ST,8262.09210151904,1.0,12,True,2
C_SAC247,3,4.0,5.0,True,True,arc,Sacramento River,CH,ST,11668.9121385668,1.0,12,True,2
I_DRC012,3,4.0,5.0,True,True,arc,,IN,LI,7499.99999899586,1.0,12,True,2
C_GCC015,3,4.0,5.0,True,True,arc,Glenn Colusa Canal,CH,CL,11265.4080255974,1.0,12,True,2
YUB003,3,4.0,5.0,True,True,node,YUB003,CH,STM,,1.0,12,True,2
D_WTPDGT_61_NU2,3,4.0,5.0,True,True,arc,,D,,31449.5531469646,2.0,12,True,2
R_RFS26S_SRWWTP,3,4.0,5.0,True,True,arc,,RT,,33886.084121855,1.0,12,True,2
TCC001,3,4.0,5.0,True,True,node,TCC001,CH,CNL,,1.0,12,True,2
D_MID021_63_NA3,3,4.0,5.0,True,True,arc,,D,,12198.8470000001,2.0,12,True,2
RUB047,3,4.0,5.0,True,True,node,RUB047,CH,SG,,1.0,12,True,2
C_CAA143,3,4.0,5.0,True,True,arc,California Aqueduct,CH,CL,20135.1479540139,2.0,12,True,2
C_SLO007,3,4.0,5.0,True,True,arc,Salado Creek,CH,ST,11983.966165418,2.0,12,True,2
R_26S_PU1_SRWWTP,3,4.0,5.0,True,True,arc,,RT,,42103.0155158986,1.0,12,True,2
C_NFF035,3,4.0,5.0,True,True,arc,North Fork Feather River,CH,ST,10669.1607052582,1.0,12,True,2
C_BUK007,3,4.0,5.0,True,True,arc,Bucks Creek,CH,ST,11713.8813479857,1.0,12,True,2
CHCGO,3,4.0,5.0,True,True,node,CHCGO,CH,,,1.0,12,True,2
C_BRR074,3,4.0,5.0,True,True,arc,Bear River,CH,ST,1564.29360574516,1.0,12,True,2
ING008,3,4.0,5.0,True,True,node,ING008,CH,STM,,2.0,12,True,2
MDWWTP,3,4.0,5.0,True,True,node,MDWWTP,WWTP,,,2.0,12,True,2
FRDYC,3,4.0,5.0,True,True,node,FRDYC,STR,,,1.0,12,True,2
DHC021,3,4.0,5.0,True,True,node,DHC021,CH,STM,,1.0,12,True,2
C_MNS000,3,4.0,5.0,True,True,arc,Minor Northeastern Streams,CH,,23738.1723543105,1.0,12,True,2
C_MFM006,3,4.0,5.0,True,True,arc,Middle Fork Mokelumne River,CH,ST,7477.84844167165,2.0,12,True,2
SR_07N_CBD049,3,4.0,5.0,True,True,arc,,SR,,2500.0,1.0,12,True,2
C_LBR002,3,4.0,5.0,True,True,arc,Little Bear River,CH,ST,3482.12914023346,1.0,12,True,2
CBD028,3,4.0,5.0,True,True,node,CBD028,CH,CNL,,1.0,12,True,2
DMC054,3,4.0,5.0,True,True,node,DMC054,CH,CNL,,2.0,12,True,2
C_DED032,3,4.0,5.0,True,True,arc,Deadman Creek,CH,ST,11265.4305152653,2.0,12,True,2
C_SJR127,3,4.0,5.0,True,True,arc,San Joaquin River,CH,ST,5932.23399007096,2.0,12,True,2
D_TCC001_CCL005,3,4.0,5.0,True,True,arc,Corning Canal,D,CL,8046.72006259662,1.0,12,True,2
C_SILVR,3,4.0,5.0,True,True,arc,Silver Fork American River,CH,ST,402.701888688218,1.0,12,True,2
D_CAA143_90_PU,3,4.0,5.0,True,True,arc,,D,,25374.0955927799,2.0,12,True,2
D_RFS71A_50_PA1,3,4.0,5.0,True,True,arc,,D,,11273.4209995812,2.0,12,True,2
D_STN021_06_PA,3,4.0,5.0,True,True,arc,,D,,9210.3166845105,1.0,12,True,2
FTR068,3,4.0,5.0,True,True,node,FTR068,CH,STM,,1.0,12,True,2
NFM012,3,4.0,5.0,True,True,node,NFM012,CH,SG,,2.0,12,True,2
C_SAC154,3,4.0,5.0,True,True,arc,Sacramento River,CH,ST,9656.06396282563,1.0,12,True,2
C_ABT002,3,4.0,5.0,True,True,arc,Auburn Tunnel,CH,CL,1544.2306088929,1.0,12,True,2
D_CBD028_08S_SA3,3,4.0,5.0,True,True,arc,,D,,25971.369154549,1.0,12,True,2
D_DES006_GRSVL,3,4.0,5.0,True,True,arc,,D,,1512.12597804773,1.0,12,True,2
C_KLR005,3,4.0,5.0,True,True,arc,Knights Landing Ridgecut,CH,CL,2372.92543411989,1.0,12,True,2
D_MDC006_64_PA1,3,4.0,5.0,True,True,arc,,D,,30423.4190411613,2.0,12,True,2
BCC012,3,4.0,5.0,True,True,node,BCC012,CH,SG,,1.0,12,True,2
MOK019,3,4.0,5.0,True,True,node,MOK019,CH,STM,,2.0,12,True,2
C_SJR134,3,4.0,5.0,True,True,arc,San Joaquin River,CH,ST,4500.7131372506,2.0,12,True,2
MOWWTP,3,4.0,5.0,True,True,node,MOWWTP,WWTP,,,2.0,12,True,2
C_SAC271,3,4.0,5.0,True,True,arc,Sacramento River,CH,ST,3607.92437403931,1.0,12,True,2
C_SAC201,3,4.0,5.0,True,True,arc,Sacramento River,CH,ST,9126.65301931873,1.0,12,True,2
C_MLC004,3,4.0,5.0,True,True,arc,Mill Creek,CH,ST,6437.37601617424,1.0,12,True,2
I_MTMDW,3,4.0,5.0,True,True,arc,,IN,LI,7499.99977728843,1.0,12,True,2
C_SJR145,3,4.0,5.0,True,True,arc,San Joaquin River,CH,ST,6979.73385858076,2.0,12,True,2
D_DER018_NWT013,3,4.0,5.0,True,True,arc,Newtown Canal,D,CL,20696.2901257109,1.0,12,True,2
D_WTPSAC_26S_PU4,3,4.0,5.0,True,True,arc,,D,,23787.4833435612,1.0,12,True,2
DWRPS1,3,4.0,5.0,True,True,node,DWRPS1,PS,,,1.0,12,True,2
LVC001,3,4.0,5.0,True,True,node,LVC001,CH,SG,,1.0,12,True,2
ORT001,3,4.0,5.0,True,True,node,ORT001,CH,SG,,2.0,12,True,2
D_FTR018_16_SA,3,4.0,5.0,True,True,arc,,D,,6466.70908075941,1.0,12,True,2
C_SFR006,3,4.0,5.0,True,True,arc,South Fork Rubicon River,CH,ST,1976.02401465956,1.0,12,True,2
D_FPT013_FSC013,3,4.0,5.0,True,True,arc,,D,,6317.16598873189,1.0,12,True,2
C_LBEAR,3,4.0,5.0,True,True,arc,Bear River (Mokelumne),CH,ST,475.221473676068,2.0,12,True,2
C_CCK007,3,4.0,5.0,True,True,arc,East Canal,CH,CL,4531.08550000004,1.0,12,True,2
R_26N_PU3_SRWWTP,3,4.0,5.0,True,True,arc,,RT,,47726.7609310156,1.0,12,True,2
C_MFT011,3,4.0,5.0,True,True,arc,Middle Fork Tunnel,CH,CL,59.6063148544173,1.0,12,True,2
BANOS,3,4.0,5.0,True,True,node,BANOS,STR,SIM,,2.0,12,True,2
SR_09_SAC141,3,4.0,5.0,True,True,arc,,SR,,2500.00007079625,1.0,12,True,2
C_TUO010,3,4.0,5.0,True,True,arc,Tuolumne River,CH,ST,10084.6920612398,2.0,12,True,2
SAC122,3,4.0,5.0,True,True,node,SAC122,CH,STM,,1.0,12,True,2
DSC012,3,4.0,5.0,True,True,node,DSC012,CH,SG,,2.0,12,True,2
C_TTC002,3,4.0,5.0,True,True,arc,Toadtown Canal,CH,CL,3698.3431812636,1.0,12,True,2
D_CLV026_WTPWDH,3,4.0,5.0,True,True,arc,,D,,22096.0169115226,2.0,12,True,2
D_SAC281_02_NA,3,4.0,5.0,True,True,arc,,D,,15079.583288225,1.0,12,True,2
R_RFS14_YUB014,3,4.0,5.0,True,True,arc,,RT,,8620.48439999949,1.0,12,True,2
C_PEDRO,3,4.0,5.0,True,True,arc,Tuolumne River,CH,ST,4238.80923342028,2.0,12,True,2
C_SJR263,3,4.0,5.0,True,True,arc,San Joaquin River,CH,ST,8686.88519962444,2.0,12,True,2
CBC001,3,4.0,5.0,True,True,node,CBC001,CH,CNL,,1.0,12,True,2
SR_03_COW003,3,4.0,5.0,True,True,arc,,SR,,2499.99998244052,1.0,12,True,2
C_FTR031,3,4.0,5.0,True,True,arc,Feather River,CH,ST,414.717475664069,1.0,12,True,2
C_BRS018,3,4.0,5.0,True,True,arc,Berenda Slough,CH,ST,29186.7543621027,2.0,12,True,2
C_CSM005,3,4.0,5.0,True,True,arc,Cosumnes River,CH,ST,8046.71994063056,2.0,12,True,2
R_SWWWTP_SAC281,3,4.0,5.0,True,True,arc,,RT,,844.478500001132,1.0,12,True,2
SR_26S_AMR007,3,4.0,5.0,True,True,arc,,SR,,2499.99994791645,1.0,12,True,2
SAC066,3,4.0,5.0,True,True,node,SAC066,CH,SG,,1.0,12,True,2
MOK055,3,4.0,5.0,True,True,node,MOK055,CH,STM,,2.0,12,True,2
SFA040,3,4.0,5.0,True,True,node,SFA040,CH,SG,,1.0,12,True,2
CCWWTP,3,4.0,5.0,True,True,node,CCWWTP,WWTP,,,1.0,12,True,2
TCC062,3,4.0,5.0,True,True,node,TCC062,CH,CNL,,1.0,12,True,2
FRS045,3,4.0,5.0,True,True,node,FRS045,CH,STM,,2.0,12,True,2
SJR166,3,4.0,5.0,True,True,node,SJR166,CH,STM,,2.0,12,True,2
ABN006,3,4.0,5.0,True,True,node,ABN006,CH,STM,,1.0,12,True,2
C_CCK036,3,4.0,5.0,True,True,arc,Coon Creek,CH,ST,23637.3194142117,1.0,12,True,2
CHW017,3,4.0,5.0,True,True,node,CHW017,CH,STM,,2.0,12,True,2
I_ELD027,3,4.0,5.0,True,True,arc,,IN,LI,7499.99993414466,1.0,12,True,2
D_STN026_06_PA,3,4.0,5.0,True,True,arc,,D,,13677.0888311613,1.0,12,True,2
D_MLRTN_MDC006,3,4.0,5.0,True,True,arc,Madera Canal,D,,10292.369209367,2.0,12,True,2
SR_14_YUB011,3,4.0,5.0,True,True,arc,,SR,,2500.00003252762,1.0,12,True,2
MAQ001,3,4.0,5.0,True,True,node,MAQ001,CH,CNL,,2.0,12,True,2
SAC075,3,4.0,5.0,True,True,node,SAC075,CH,STM,,1.0,12,True,2
D_SAC273_03_NA,3,4.0,5.0,True,True,arc,,D,,12464.8847624773,1.0,12,True,2
MCD009,3,4.0,5.0,True,True,node,MCD009,CH,STM,,2.0,12,True,2
D_NLL016_LCCWD,3,4.0,5.0,True,True,arc,,D,,6070.02419999987,1.0,12,True,2
KLR005,3,4.0,5.0,True,True,node,KLR005,CH,CNL,,1.0,12,True,2
ABN014,3,4.0,5.0,True,True,node,ABN014,CH,SG,,1.0,12,True,2
SAC106,3,4.0,5.0,True,True,node,SAC106,CH,STM,,1.0,12,True,2
SAC169,3,4.0,5.0,True,True,node,SAC169,CH,SG,,1.0,12,True,2
SCR002,3,4.0,5.0,True,True,node,SCR002,CH,STM,,1.0,12,True,2
C_CAA006,3,4.0,5.0,True,True,arc,California Aqueduct,CH,CL,4862.11309290868,2.0,12,True,2
LVP007,3,4.0,5.0,True,True,node,LVP007,CH,CNL,,2.0,12,True,2
C_DMC044,3,4.0,5.0,True,True,arc,Delta-Mendota Canal,CH,CL,7008.57270252323,2.0,12,True,2
CCH052,3,4.0,5.0,True,True,node,CCH052,CH,STM,,1.0,12,True,2
C_PSC003,3,4.0,5.0,True,True,arc,Putah South Canal,CH,CL,4962.47599989508,1.0,12,True,2
C_ING008,3,4.0,5.0,True,True,arc,Ingram Creek,CH,ST,16475.2563626973,2.0,12,True,2
CAA009,3,4.0,5.0,True,True,node,CAA009,CH,CNL,,2.0,12,True,2
C_FBW001,3,4.0,5.0,True,True,arc,Firebaugh Wasteway,CH,CL,1125.65644728941,2.0,12,True,2
D_DMC076_XCC043,3,4.0,5.0,True,True,arc,Wolfson Bypass,D,,3444.28149999958,2.0,12,True,2
D_WTPFBN_26S_NU1,3,4.0,5.0,True,True,arc,,D,,4246.68690000009,1.0,12,True,2
D_WKYTN_WTPCSD,3,4.0,5.0,True,True,arc,,D,,488.935739884549,1.0,12,True,2
C_NFF008,3,4.0,5.0,True,True,arc,North Fork Feather River,CH,ST,13059.1500048436,1.0,12,True,2
C_SAC057,3,4.0,5.0,True,True,arc,Sacramento River,CH,ST,6437.37599889044,1.0,12,True,2
WEC000,3,4.0,5.0,True,True,node,WEC000,CH,SG,,1.0,12,True,2
D_CRK005_17N_NR,3,4.0,5.0,True,True,arc,,D,,1463.55985762698,1.0,12,True,2
CCH012,3,4.0,5.0,True,True,node,CCH012,CH,SG,,1.0,12,True,2
R_15N_NU_LCWWTP,3,4.0,5.0,True,True,arc,,RT,,7516.8841309961,1.0,12,True,2
C_SHSTA,3,4.0,5.0,True,True,arc,Sacramento River,CH,ST,14053.8007973605,1.0,12,True,2
R_17N_NA_BTC003,3,4.0,5.0,True,True,arc,Unlabeled Return Flow,RT,,4003.68628896441,1.0,12,True,2
R_26S_NU2_SRWWTP,3,4.0,5.0,True,True,arc,,RT,,20547.7390249776,1.0,12,True,2
C_LDC007,3,4.0,5.0,True,True,arc,Little Dry Creek,CH,ST,11970.9220546446,1.0,12,True,2
C_EBP033,3,4.0,5.0,True,True,arc,Eastside Bypass,CH,BP,13388.5512931152,2.0,12,True,2
I_SLO007,3,4.0,5.0,True,True,arc,,IN,LI,7500.00005812631,2.0,12,True,2
EDP003,3,4.0,5.0,True,True,node,EDP003,CH,SG,,1.0,12,True,2
SR_61_SJR053,3,4.0,5.0,True,True,arc,,SR,,2500.00009999983,2.0,12,True,2
C_STS011,3,4.0,5.0,True,True,arc,Stanislaus River,CH,ST,17702.8194188595,2.0,12,True,2
C_YUB039,3,4.0,5.0,True,True,arc,Yuba River/North Yuba River,CH,ST,9318.75852527993,1.0,12,True,2
D_SBP028_17S_PR,3,4.0,5.0,True,True,arc,,D,,9444.05077239852,1.0,12,True,2
SJR256,3,4.0,5.0,True,True,node,SJR256,CH,STM,,2.0,12,True,2
OAK020,3,4.0,5.0,True,True,node,OAK020,CH,CNL,,2.0,12,True,2
I_CMP014,3,4.0,5.0,True,True,arc,,IN,LI,7500.00002855123,1.0,12,True,2
SR_71_MSN004,3,4.0,5.0,True,True,arc,,SR,,2499.99993951039,2.0,12,True,2
R_72_PR5_MSN009,3,4.0,5.0,True,True,arc,,RT,,9219.22527548747,2.0,12,True,2
SR_08S_SAC146,3,4.0,5.0,True,True,arc,,SR,,2500.00006651493,1.0,12,True,2
D_VJB000_WTPFMH,3,4.0,5.0,True,True,arc,,D,,10493.5578294819,1.0,12,True,2
C_SYC020,3,4.0,5.0,True,True,arc,South Fork Deer Creek,CH,CL,119.44022660621,1.0,12,True,2
R_MAWWTP_SJR056,3,4.0,5.0,True,True,arc,,RT,,4433.09162485663,2.0,12,True,2
SR_26N_NTOMA,3,4.0,5.0,True,True,arc,,SR,,2499.99994791612,1.0,12,True,2
BRV005,3,4.0,5.0,True,True,node,BRV005,CH,SG,,2.0,12,True,2
C_SAC277,3,4.0,5.0,True,True,arc,Sacramento River,CH,ST,4040.04748925568,1.0,12,True,2
CHW028,3,4.0,5.0,True,True,node,CHW028,CH,STM,,2.0,12,True,2
SJR023,3,4.0,5.0,True,True,node,SJR023,CH,STM,,1.0,12,True,2
SAC003,3,4.0,5.0,True,True,node,SAC003,CH,STM,,1.0,12,True,2
DMC044,3,4.0,5.0,True,True,node,DMC044,CH,CNL,,2.0,12,True,2
D_MCD052_MID021,3,4.0,5.0,True,True,arc,Main Canal,D,,33243.5402009514,2.0,12,True,2
I_MFF087,3,4.0,5.0,True,True,arc,,IN,IM,7500.0000009435,1.0,12,True,2
SR_11_BSL001,3,4.0,5.0,True,True,arc,,SR,,2500.00006651493,1.0,12,True,2
R_RFS14_JCK002,3,4.0,5.0,True,True,arc,,RT,,18763.1345972571,1.0,12,True,2
SAC062,3,4.0,5.0,True,True,node,SAC062,CH,STM,,1.0,12,True,2
D_DRM009_CYN010,3,4.0,5.0,True,True,arc,Towle Diversion,D,CL,661.266460371725,1.0,12,True,2
D_RFS25_25_PA2,3,4.0,5.0,True,True,arc,,D,,10322.8294000011,1.0,12,True,2
C_CCH030,3,4.0,5.0,True,True,arc,Cache Creek,CH,ST,12038.3111870371,1.0,12,True,2
C_LBC010,3,4.0,5.0,True,True,arc,Lower Boardman Canal,CH,CL,32230.1093711634,1.0,12,True,2
SAC185,3,4.0,5.0,True,True,node,SAC185,CH,SG,,1.0,12,True,2
C_SCR002,3,4.0,5.0,True,True,arc,Secret Ravine,CH,ST,10795.7931388036,1.0,12,True,2
C_SJR053b,3,4.0,5.0,True,True,arc,Old River,CH,ST,12717.964245378,1.0,12,True,2
D_WSE004_24_NA1,3,4.0,5.0,True,True,arc,,D,,11020.3038425311,1.0,12,True,2
C_SJR119,3,4.0,5.0,True,True,arc,San Joaquin River,CH,ST,3077.2257631267,2.0,12,True,2
NNA013,3,4.0,5.0,True,True,node,NNA013,CH,STM,,1.0,12,True,2
C_LCC016,3,4.0,5.0,True,True,arc,Little Chico Creek,CH,ST,25750.3008357389,1.0,12,True,2
FRS032,3,4.0,5.0,True,True,node,FRS032,CH,STM,,2.0,12,True,2
SP_SAC083_YBP037,3,4.0,5.0,True,True,arc,,SP,,4805.3017505757,1.0,12,True,2
WWW001,3,4.0,5.0,True,True,node,WWW001,CH,CNL,,2.0,12,True,2
C_SAC289,3,4.0,5.0,True,True,arc,Sacramento River,CH,ST,4175.62398301512,1.0,12,True,2
I_SLT009,3,4.0,5.0,True,True,arc,,IN,LI,7500.00009274062,1.0,12,True,2
C_PLC009,3,4.0,5.0,True,True,arc,Pilot Creek,CH,ST,4313.66877909161,1.0,12,True,2
R_08S_SA3_RFS8S,3,4.0,5.0,True,True,arc,,RT,,7522.64677913888,1.0,12,True,2
R_EAWWTP_CSL005,3,4.0,5.0,True,True,arc,,RT,NS,25398.3577384908,1.0,12,True,2
PSC033,3,4.0,5.0,True,True,node,PSC033,CH,CNL,,1.0,12,True,2
TUO015,3,4.0,5.0,True,True,node,TUO015,CH,STM,,2.0,12,True,2
CCH032,3,4.0,5.0,True,True,node,CCH032,CH,SG,,1.0,12,True,2
D_GCC039_08N_PR2,3,4.0,5.0,True,True,arc,,D,,14595.4334777304,1.0,12,True,2
R_26N_PU2_SRWWTP,3,4.0,5.0,True,True,arc,,RT,,43001.1950552809,1.0,12,True,2
SJR111,3,4.0,5.0,True,True,node,SJR111,CH,STM,,2.0,12,True,2
C_ABN006,3,4.0,5.0,True,True,arc,Auburn Ravine,CH,ST,10441.5893756618,1.0,12,True,2
C_RUB005,3,4.0,5.0,True,True,arc,Rubicon River,CH,ST,2641.12172303375,1.0,12,True,2
R_02_PU_CCWWTP,3,4.0,5.0,True,True,arc,Unlabeled Return Flow,RT,,10844.2503471098,1.0,12,True,2
BTC032,3,4.0,5.0,True,True,node,BTC032,CH,SG,,1.0,12,True,2
RUB044,3,4.0,5.0,True,True,node,RUB044,CH,SG,,1.0,12,True,2
R_26N_PU1_RFS26N,3,4.0,5.0,True,True,arc,,RT,,3437.47848934642,1.0,12,True,2
C_TUO043,3,4.0,5.0,True,True,arc,Tuolumne River,CH,ST,11265.4306236014,2.0,12,True,2
R_24_NA2_ABN000,3,4.0,5.0,True,True,arc,Markham Ravine,RT,ST,20613.7811431667,1.0,12,True,2
R_26N_NU1_SRWWTP,3,4.0,5.0,True,True,arc,,RT,,39138.8045658131,1.0,12,True,2
CAA095,3,4.0,5.0,True,True,node,CAA095,CH,CNL,,2.0,12,True,2
BSL001,3,4.0,5.0,True,True,node,BSL001,CH,STM,,1.0,12,True,2
NFM010,3,4.0,5.0,True,True,node,NFM010,CH,STM,,2.0,12,True,2
C_MOK034,3,4.0,5.0,True,True,arc,Mokelumne River,CH,ST,9002.85086389831,2.0,12,True,2
SJR258,3,4.0,5.0,True,True,node,SJR258,CH,STM,,2.0,12,True,2
SR_04_SAC207,3,4.0,5.0,True,True,arc,,SR,,2500.00003593696,1.0,12,True,2
C_BOWMN,3,4.0,5.0,True,True,arc,Canyon Creek (South),CH,ST,354.010529803535,1.0,12,True,2
C_NFY002,3,4.0,5.0,True,True,arc,Yuba River/North Yuba River,CH,ST,3414.43361625955,1.0,12,True,2
C_SGRGE,3,4.0,5.0,True,True,arc,Stony Creek,CH,ST,37014.9120231678,1.0,12,True,2
SR_03_KSWCK,3,4.0,5.0,True,True,arc,,SR,,2500.00003872583,1.0,12,True,2
SPLDG,3,4.0,5.0,True,True,node,SPLDG,STR,,,1.0,12,True,2
C_CLR025,3,4.0,5.0,True,True,arc,Clear Creek,CH,ST,11600.3439828818,1.0,12,True,2
TBAUD,3,4.0,5.0,True,True,node,TBAUD,STR,,,2.0,12,True,2
CAA003,3,4.0,5.0,True,True,node,CAA003,CH,CNL,,2.0,12,True,2
D_ARY010_72_PR4,3,4.0,5.0,True,True,arc,,D,,25817.139503226,2.0,12,True,2
SR_08N_CBD049,3,4.0,5.0,True,True,arc,,SR,,2499.99994013896,1.0,12,True,2
SR_73_SLD027,3,4.0,5.0,True,True,arc,,SR,,2500.00006651625,2.0,12,True,2
D_SAC091_19_SA,3,4.0,5.0,True,True,arc,,D,,11304.2345564811,1.0,12,True,2
FTR003,3,4.0,5.0,True,True,node,FTR003,CH,STM,,1.0,12,True,2
LRB003,3,4.0,5.0,True,True,node,LRB003,CH,SG,,1.0,12,True,2
C_BRR072,3,4.0,5.0,True,True,arc,Bear River,CH,ST,8437.15964876272,1.0,12,True,2
CLV009,3,4.0,5.0,True,True,node,CLV009,CH,SG,,2.0,12,True,2
C_SBP031,3,4.0,5.0,True,True,arc,Sutter Bypass,CH,BP,5592.35749243028,1.0,12,True,2
SR_63_EBP050,3,4.0,5.0,True,True,arc,,SR,,2500.00006651493,2.0,12,True,2
JBT004,3,4.0,5.0,True,True,node,JBT004,CH,SG,,1.0,12,True,2
D_WTPJJO_50_PU,3,4.0,5.0,True,True,arc,,D,,8045.36310000159,2.0,12,True,2
C_YUB023,3,4.0,5.0,True,True,arc,Yuba River,CH,ST,1548.66963147254,1.0,12,True,2
EMD001,3,4.0,5.0,True,True,node,EMD001,CH,CNL,,1.0,12,True,2
R_17S_SA_SAC085,3,4.0,5.0,True,True,arc,,RT,,4187.84159002909,1.0,12,True,2
C_SLD027,3,4.0,5.0,True,True,arc,San Luis Drain,CH,Canal,43452.3748799429,2.0,12,True,2
C_FTR072,3,4.0,5.0,True,True,arc,Feather River,CH,ST,6684.88628020926,1.0,12,True,2
FSL012,3,4.0,5.0,True,True,node,FSL012,CH,STM,,2.0,12,True,2
C_SLC003,3,4.0,5.0,True,True,arc,South Fork Long Canyon Creek,CH,ST,79.8460687875082,1.0,12,True,2
SAC077,3,4.0,5.0,True,True,node,SAC077,CH,STM,,1.0,12,True,2
C_NFF020,3,4.0,5.0,True,True,arc,North Fork Feather River,CH,ST,19593.2287581135,1.0,12,True,2
CBD005,3,4.0,5.0,True,True,node,CBD005,CH,CNL,,1.0,12,True,2
SR_60N_MOK019,3,4.0,5.0,True,True,arc,,SR,,2499.99990244479,1.0,12,True,2
C_SAC136,3,4.0,5.0,True,True,arc,Sacramento River,CH,ST,3951.84573563773,1.0,12,True,2
SFF039,3,4.0,5.0,True,True,node,SFF039,CH,SG,,1.0,12,True,2
I_BTVLY,3,4.0,5.0,True,True,arc,,IN,LI,7499.99979663909,1.0,12,True,2
C_TUO003,3,4.0,5.0,True,True,arc,Tuolumne River,CH,ST,4828.38181125493,2.0,12,True,2
SBA000,3,4.0,5.0,True,True,node,SBA000,CH,CNL,,2.0,12,True,2
FTR051,3,4.0,5.0,True,True,node,FTR051,CH,SG,,1.0,12,True,2
CT_FAIROAKS,3,4.0,5.0,True,True,arc,,CT,,7500.00001101893,1.0,12,True,2
C_LOONL,3,4.0,5.0,True,True,arc,Gerle Creek,CH,ST,555.783990709658,1.0,12,True,2
C_SFF028,3,4.0,5.0,True,True,arc,South Fork Feather River,CH,ST,14715.0523093507,1.0,12,True,2
D_OMR028_DMC003,3,4.0,5.0,True,True,arc,Delta-Mendota Canal,D,CL,4093.43760532003,2.0,12,True,2
D_CAA109_90_PA1,3,4.0,5.0,True,True,arc,,D,,39869.3828338099,2.0,12,True,2
ORWWTP,3,4.0,5.0,True,True,node,ORWWTP,WWTP,,,1.0,12,True,2
ESTMN,3,4.0,5.0,True,True,node,ESTMN,STR,SIM,,2.0,12,True,2
C_BTC045,3,4.0,5.0,True,True,arc,Butte Creek,CH,ST,2664.31270901157,1.0,12,True,2
C_WEC000,3,4.0,5.0,True,True,arc,Western Canal,CH,CL,8046.99999027817,1.0,12,True,2
I_PYN001,3,4.0,5.0,True,True,arc,,IN,LI,7500.00002760164,1.0,12,True,2
D_CMP014_JNKSN,3,4.0,5.0,True,True,arc,Camp Creek Diversion Tunnel,D,,4696.80208244375,2.0,12,True,2
D_CBD041_08S_SA2,3,4.0,5.0,True,True,arc,,D,,11687.8917000005,1.0,12,True,2
SR_64_EBP005,3,4.0,5.0,True,True,arc,,SR,,2500.00007079504,2.0,12,True,2
C_SSL001,3,4.0,5.0,True,True,arc,Sutter Bypass,CH,BP,1990.07871446526,1.0,12,True,2
C_CYN010,3,4.0,5.0,True,True,arc,Canyon Creek,CH,ST,787.208813090409,1.0,12,True,2
D_WTPDGT_50_PU,3,4.0,5.0,True,True,arc,,D,,59372.7936999993,2.0,12,True,2
SR_62_TUO017,3,4.0,5.0,True,True,arc,,SR,,2500.00006651493,2.0,12,True,2
D_STS059_SSJ001,3,4.0,5.0,True,True,arc,"South San Joaquin Main Canal, etc",D,,1354.1500544988,2.0,12,True,2
SAC195,3,4.0,5.0,True,True,node,SAC195,CH,STM,,1.0,12,True,2
C_DCM019,3,4.0,5.0,True,True,arc,Dry Creek (Merced),CH,ST,30498.3511300413,2.0,12,True,2
D_BTC043_10_NA,3,4.0,5.0,True,True,arc,,D,,11552.5273866021,1.0,12,True,2
BRYSA,3,4.0,5.0,True,True,node,BRYSA,STR,NSM,,1.0,12,True,2
CT_VERONA,3,4.0,5.0,True,True,arc,,CT,,7500.00002683971,1.0,12,True,2
SR_06_CBD049,3,4.0,5.0,True,True,arc,,SR,,2500.00006651493,1.0,12,True,2
D_MDOTA_91_PA,3,4.0,5.0,True,True,arc,,D,,21113.7430000016,2.0,12,True,2
D_FOLSM_26S_PU3,3,4.0,5.0,True,True,arc,,D,,3059.57694188476,1.0,12,True,2
C_LLC007,3,4.0,5.0,True,True,arc,Little Last Chance Creek,CH,ST,11742.4294526978,1.0,12,True,2
BSC009,3,4.0,5.0,True,True,node,BSC009,CH,SG,,1.0,12,True,2
C_BRR060,3,4.0,5.0,True,True,arc,Bear River,CH,ST,16747.8591780965,1.0,12,True,2
I_CMCHE,3,4.0,5.0,True,True,arc,,IN,LI,7500.00002430731,2.0,12,True,2
BLKBT,3,4.0,5.0,True,True,node,BLKBT,STR,SIM,,1.0,12,True,2
SJR214,3,4.0,5.0,True,True,node,SJR214,CH,SG,,2.0,12,True,2
C_SFA065,3,4.0,5.0,True,True,arc,South Fork American River,CH,ST,5172.45134848114,1.0,12,True,2
DSC035,3,4.0,5.0,True,True,node,DSC035,CH,STM,,2.0,12,True,2
MCD021,3,4.0,5.0,True,True,node,MCD021,CH,STM,,2.0,12,True,2
SR_05_SAC201,3,4.0,5.0,True,True,arc,,SR,,2499.9999907736,1.0,12,True,2
C_CAA071,3,4.0,5.0,True,True,arc,California Aqueduct,CH,CL,25525.3816623905,2.0,12,True,2
CWD003,3,4.0,5.0,True,True,node,CWD003,CH,SG,,1.0,12,True,2
DPC008,3,4.0,5.0,True,True,node,DPC008,CH,STM,,2.0,12,True,2
FRS039,3,4.0,5.0,True,True,node,FRS039,CH,STM,,2.0,12,True,2
C_NFF058,3,4.0,5.0,True,True,arc,North Fork Feather River,CH,ST,660.772792975868,1.0,12,True,2
DER011,3,4.0,5.0,True,True,node,DER011,CH,STM,,1.0,12,True,2
C_NBA009,3,4.0,5.0,True,True,arc,North Bay Aqueduct,CH,CL,2504.73792737919,1.0,12,True,2
D_SAC162_09_SA2,3,4.0,5.0,True,True,arc,,D,,11510.5718999999,1.0,12,True,2
R_73_PA3_SLD027,3,4.0,5.0,True,True,arc,,RT,,17936.6858692422,2.0,12,True,2
C_DMC111,3,4.0,5.0,True,True,arc,Delta-Mendota Canal,CH,CL,7034.39427967546,2.0,12,True,2
SR_60S_SJR043,3,4.0,5.0,True,True,arc,,SR,,2500.00006651495,2.0,12,True,2
STWWTP,3,4.0,5.0,True,True,node,STWWTP,WWTP,,,2.0,12,True,2
SJR081,3,4.0,5.0,True,True,node,SJR081,CH,STM,,2.0,12,True,2
MSN004,3,4.0,5.0,True,True,node,MSN004,CH,STM,,2.0,12,True,2
D_MAQ057_LVP007,3,4.0,5.0,True,True,arc,,D,,1361.63439999986,1.0,12,True,2
D_LCC029_09_SA1,3,4.0,5.0,True,True,arc,,D,,4530.43668259604,1.0,12,True,2
C_SAC281,3,4.0,5.0,True,True,arc,Sacramento River,CH,ST,5809.5081663777,1.0,12,True,2
C_FSC013,3,4.0,5.0,True,True,arc,Folsom South Canal,CH,CL,3922.02889408081,1.0,12,True,2
C_LBC049,3,4.0,5.0,True,True,arc,Lower Boardman Canal,CH,CL,16318.7883354036,1.0,12,True,2
SLC002,3,4.0,5.0,True,True,node,SLC002,CH,SG,,1.0,12,True,2
C_RUB047,3,4.0,5.0,True,True,arc,Rubicon River,CH,ST,5899.63588717318,1.0,12,True,2
C_CHW037,3,4.0,5.0,True,True,arc,Chowchilla River,CH,ST,9084.43097181934,2.0,12,True,2
C_WBF006,3,4.0,5.0,True,True,arc,West Branch Feather River,CH,ST,9602.28868206975,1.0,12,True,2
C_SJR225,3,4.0,5.0,True,True,arc,San Joaquin River,CH,ST,6647.82975828583,2.0,12,True,2
BTL006,3,4.0,5.0,True,True,node,BTL006,CH,SG,,1.0,12,True,2
I_JBP006,3,4.0,5.0,True,True,arc,,IN,IM,7500.00007102636,2.0,12,True,2
SAC271,3,4.0,5.0,True,True,node,SAC271,CH,STM,,1.0,12,True,2
C_SAC083,3,4.0,5.0,True,True,arc,Sacramento River,CH,ST,1579.90198593392,1.0,12,True,2
CLV035,3,4.0,5.0,True,True,node,CLV035,CH,STM,,2.0,12,True,2
DD_OMR027_OMR,3,4.0,5.0,True,True,arc,,DD,,6810.33766088398,1.0,12,True,2
PGWWTP,3,4.0,5.0,True,True,node,PGWWTP,WWTP,,,1.0,12,True,2
C_NBLDB,3,4.0,5.0,True,True,arc,Yuba River/North Yuba River,CH,ST,343.931081254321,1.0,12,True,2
BRR004,3,4.0,5.0,True,True,node,BRR004,CH,STM,,1.0,12,True,2
D_MFY045_MBT005,3,4.0,5.0,True,True,arc,Milton-Bowman Tunnel,D,CL,7794.69600419068,1.0,12,True,2
R_64_NA2_EBP030,3,4.0,5.0,True,True,arc,,RT,,15908.3531507047,2.0,12,True,2
R_08N_SA1_CBD044,3,4.0,5.0,True,True,arc,,RT,,16449.8257999998,1.0,12,True,2
MLC006,3,4.0,5.0,True,True,node,MLC006,CH,SG,,1.0,12,True,2
C_LBC040,3,4.0,5.0,True,True,arc,Lower Boardman Canal,CH,CL,4724.56863736911,1.0,12,True,2
SR_61_SJR070,3,4.0,5.0,True,True,arc,,SR,,2500.00007079504,2.0,12,True,2
C_DCC008,3,4.0,5.0,True,True,arc,Duncan Canyon Creek,CH,ST,14286.9095058298,1.0,12,True,2
SR_07S_CBD038,3,4.0,5.0,True,True,arc,,SR,,2499.99994013896,1.0,12,True,2
GRZ012,3,4.0,5.0,True,True,node,GRZ012,CH,STM,,2.0,12,True,2
NFF045,3,4.0,5.0,True,True,node,NFF045,CH,SG,,1.0,12,True,2
C_MSN005,3,4.0,5.0,True,True,arc,Mud Slough,CH,ST,2060.03472011224,2.0,12,True,2
R_03_NA_SAC269,3,4.0,5.0,True,True,arc,Unlabeled Return Flow,RT,,17757.6290153161,1.0,12,True,2
C_CAA109,3,4.0,5.0,True,True,arc,California Aqueduct,CH,CL,55768.0747776603,2.0,12,True,2
CAA156,3,4.0,5.0,True,True,node,CAA156,CH,CNL,,2.0,12,True,2
C_SAC207,3,4.0,5.0,True,True,arc,Sacramento River,CH,ST,8318.28156095998,1.0,12,True,2
D_LCC038_BTC043,3,4.0,5.0,True,True,arc,,D,,3962.78358368914,1.0,12,True,2
C_BRR050,3,4.0,5.0,True,True,arc,Bear River,CH,ST,577.040160791604,1.0,12,True,2
SAC041,3,4.0,5.0,True,True,node,SAC041,CH,SG,,1.0,12,True,2
C_MFF019,3,4.0,5.0,True,True,arc,Middle Fork Feather River,CH,ST,30435.4663381516,1.0,12,True,2
C_TCC022,3,4.0,5.0,True,True,arc,Tehama Colusa Canal,CH,CL,14484.0959535991,1.0,12,True,2
SR_05_SAC217,3,4.0,5.0,True,True,arc,,SR,,2500.00001389781,1.0,12,True,2
ORT014,3,4.0,5.0,True,True,node,ORT014,CH,SG,,2.0,12,True,2
C_SAC182,3,4.0,5.0,True,True,arc,Sacramento River,CH,ST,6437.37594733941,1.0,12,True,2
MDC032,3,4.0,5.0,True,True,node,MDC032,CH,CNL,,2.0,12,True,2
LDC029,3,4.0,5.0,True,True,node,LDC029,CH,STM,,1.0,12,True,2
C_CSM026,3,4.0,5.0,True,True,arc,Cosumnes River,CH,ST,8046.71999861532,2.0,12,True,2
DRC010,3,4.0,5.0,True,True,node,DRC010,CH,STM,,1.0,12,True,2
D_SJR114_62_NA5,3,4.0,5.0,True,True,arc,,D,,27428.8215648314,2.0,12,True,2
C_CGT006,3,4.0,5.0,True,True,arc,Colgate Tunnel/Penstock,CH,NS,75.1655415376552,1.0,12,True,2
C_DSC028,3,4.0,5.0,True,True,arc,Dry Creek/Sutter Creek,CH,ST,2810.66457882595,2.0,12,True,2
D_WTPVNY_26S_PU5,3,4.0,5.0,True,True,arc,,D,,9751.59229999967,1.0,12,True,2
PTH015,3,4.0,5.0,True,True,node,PTH015,CH,STM,,1.0,12,True,2
C_SAC066,3,4.0,5.0,True,True,arc,Sacramento River,CH,ST,902.44845441275,1.0,12,True,2
C_GCC056,3,4.0,5.0,True,True,arc,Glenn Colusa Canal,CH,CL,7125.47360254253,1.0,12,True,2
C_CCH032,3,4.0,5.0,True,True,arc,Cache Creek,CH,ST,2871.31625672371,1.0,12,True,2
DMC076,3,4.0,5.0,True,True,node,DMC076,CH,CNL,,2.0,12,True,2
SSL001,3,4.0,5.0,True,True,node,SSL001,CH,SG,,1.0,12,True,2
C_DER027,3,4.0,5.0,True,True,arc,South Fork Deer Creek,CH,ST,5067.28561015332,1.0,12,True,2
C_BTC036,3,4.0,5.0,True,True,arc,Butte Creek,CH,ST,7286.49313840663,1.0,12,True,2
D_CAA046_71_PA7,3,4.0,5.0,True,True,arc,,D,,2503.67849999946,2.0,12,True,2
SFR005,3,4.0,5.0,True,True,node,SFR005,CH,STM,,1.0,12,True,2
D_YUB011_15S_NA2,3,4.0,5.0,True,True,arc,YCWA Main Canal,D,,19433.0145877681,1.0,12,True,2
C_NLC002,3,4.0,5.0,True,True,arc,North Fork Long Canyon Creek,CH,ST,4821.6754632477,1.0,12,True,2
NBA027,3,4.0,5.0,True,True,node,NBA027,CH,CNL,,1.0,12,True,2
R_20_NU1_WLWWTP,3,4.0,5.0,True,True,arc,,RT,,3679.05590000004,1.0,12,True,2
RUB031,3,4.0,5.0,True,True,node,RUB031,CH,SG,,1.0,12,True,2
I_TRNTY,3,4.0,5.0,True,True,arc,,IN,LI,7500.0,1.0,12,True,2
D_MCD002_63_NA4,3,4.0,5.0,True,True,arc,,D,,7805.42464508586,2.0,12,True,2
DCWWTP,3,4.0,5.0,True,True,node,DCWWTP,WWTP,,,1.0,12,True,2
C_TCC062,3,4.0,5.0,True,True,arc,Tehama Colusa Canal,CH,CL,6207.04060428468,1.0,12,True,2
SR_03_SAC277,3,4.0,5.0,True,True,arc,,SR,,2499.99998243928,1.0,12,True,2
AMR004,3,4.0,5.0,True,True,node,AMR004,CH,STM,,1.0,12,True,2
SR_20_CCH032,3,4.0,5.0,True,True,arc,,SR,,2500.0,1.0,12,True,2
OMR002,3,4.0,5.0,True,True,node,OMR002,CH,STM,,1.0,12,True,2
SAC029,3,4.0,5.0,True,True,node,SAC029,CH,STM,,1.0,12,True,2
NFC005,3,4.0,5.0,True,True,node,NFC005,CH,SG,,1.0,12,True,2
D_HHOLE_MFT003,3,4.0,5.0,True,True,arc,Middle Fork Tunnel,D,CL,6081.85607776589,1.0,12,True,2
SJR221,3,4.0,5.0,True,True,node,SJR221,CH,STM,,2.0,12,True,2
C_STS020,3,4.0,5.0,True,True,arc,Stanislaus River,CH,ST,5040.48349575932,2.0,12,True,2
NMW004,3,4.0,5.0,True,True,node,NMW004,CH,CNL,,2.0,12,True,2
C_CCH006,3,4.0,5.0,True,True,arc,Cache Creek,CH,ST,4828.03194158525,1.0,12,True,2
C_BTC016,3,4.0,5.0,True,True,arc,Butte Creek,CH,ST,1820.68586298208,1.0,12,True,2
C_BCK035,3,4.0,5.0,True,True,arc,Bear Creek,CH,ST,2592.41776276704,2.0,12,True,2
DEE020,3,4.0,5.0,True,True,node,DEE020,CH,STM,,2.0,12,True,2
C_CAA051,3,4.0,5.0,True,True,arc,California Aqueduct,CH,CL,23528.7699784932,2.0,12,True,2
EDWWTP,3,4.0,5.0,True,True,node,EDWWTP,WWTP,,,1.0,12,True,2
STS060,3,4.0,5.0,True,True,node,STS060,CH,SG,,2.0,12,True,2
STH004,3,4.0,5.0,True,True,node,STH004,CH,CNL,,1.0,12,True,2
R_12_SA_FTR045,3,4.0,5.0,True,True,arc,,RT,,11359.4824409136,1.0,12,True,2
SAL006,3,4.0,5.0,True,True,node,SAL006,CH,SG,,2.0,12,True,2
D_SAC136_18_NA,3,4.0,5.0,True,True,arc,,D,,10041.9119535527,1.0,12,True,2
R_09_SA1_LCC026,3,4.0,5.0,True,True,arc,Unlabeled Return Flow,RT,,2784.01905812166,1.0,12,True,2
R_15N_NA1_FTR031,3,4.0,5.0,True,True,arc,Unlabeled Return Flow,RT,,12942.4326568135,1.0,12,True,2
SFA030,3,4.0,5.0,True,True,node,SFA030,CH,SG,,1.0,12,True,2
CHW006,3,4.0,5.0,True,True,node,CHW006,CH,STM,,2.0,12,True,2
R_19_SA_RD1500,3,4.0,5.0,True,True,arc,Unlabeled Return Flow,RT,,15700.6216486626,1.0,12,True,2
C_BRR028,3,4.0,5.0,True,True,arc,Bear River,CH,ST,7698.39776671299,1.0,12,True,2
SJR123,3,4.0,5.0,True,True,node,SJR123,CH,SG,,2.0,12,True,2
SJR106,3,4.0,5.0,True,True,node,SJR106,CH,STM,,2.0,12,True,2
D_FOLSM_26S_NU4,3,4.0,5.0,True,True,arc,,D,,12866.4896797668,1.0,12,True,2
C_SYC000,3,4.0,5.0,True,True,arc,South Yuba Canal,CH,CL,1047.72322517475,1.0,12,True,2
SLV007,3,4.0,5.0,True,True,node,SLV007,CH,STM,,1.0,12,True,2
R_07S_NA_CBD044,3,4.0,5.0,True,True,arc,Unlabeled Return Flow,RT,,23233.5256000012,1.0,12,True,2
FOLSM,3,4.0,5.0,True,True,node,FOLSM,STR,SIM,,1.0,12,True,2
NFM006,3,4.0,5.0,True,True,node,NFM006,CH,SG,,2.0,12,True,2
C_BRV003,3,4.0,5.0,True,True,arc,Bear River (Mokelumne),CH,CH,144.913325987552,2.0,12,True,2
COW007,3,4.0,5.0,True,True,node,COW007,CH,STM,,1.0,12,True,2
C_OMR014,3,4.0,5.0,True,True,arc,Old/Middle Rivers,CH,ST,525.48874989184,1.0,12,True,2
C_YBP002,3,4.0,5.0,True,True,arc,Yolo Bypass,CH,BP,3218.69452265962,1.0,12,True,2
SJR127,3,4.0,5.0,True,True,node,SJR127,CH,STM,,2.0,12,True,2
C_CAA165,3,4.0,5.0,True,True,arc,California Aqueduct,CH,CL,12644.7936685935,2.0,12,True,2
C_CRK005,3,4.0,5.0,True,True,arc,Cherokee Canal,CH,,15516.4733000007,1.0,12,True,2
LBEAR,3,4.0,5.0,True,True,node,LBEAR,STR,,,2.0,12,True,2
WWC006,3,4.0,5.0,True,True,node,WWC006,CH,CNL,,1.0,12,True,2
C_SAC229,3,4.0,5.0,True,True,arc,Sacramento River,CH,ST,739.980211986591,1.0,12,True,2
D_RVC005_11_SA2,3,4.0,5.0,True,True,arc,Biggs Extension,D,CL,8560.85379129238,1.0,12,True,2
C_LCC024,3,4.0,5.0,True,True,arc,Little Chico Creek,CH,ST,12559.4183906788,1.0,12,True,2
C_SYC002,3,4.0,5.0,True,True,arc,South Yuba Canal,CH,CL,473.074941611915,1.0,12,True,2
D_BEC021_LBC032,3,4.0,5.0,True,True,arc,Ragsdale Random,D,CL,1782.0084121036,1.0,12,True,2
BGC002,3,4.0,5.0,True,True,node,BGC002,CH,STM,,1.0,12,True,2
C_MCD036,3,4.0,5.0,True,True,arc,Merced River,CH,ST,5192.78887251395,2.0,12,True,2
C_CLV023,3,4.0,5.0,True,True,arc,Calaveras River,CH,ST,11265.4304987409,2.0,12,True,2
I_OROVL,3,4.0,5.0,True,True,arc,,IN,LI,7499.99999412525,1.0,12,True,2
C_DMC080,3,4.0,5.0,True,True,arc,Delta-Mendota Canal,CH,CL,8844.92259517191,2.0,12,True,2
FTR014,3,4.0,5.0,True,True,node,FTR014,CH,STM,,1.0,12,True,2
D_SLV015_JBT004,3,4.0,5.0,True,True,arc,Jaybird Tunnel,D,CL,7113.5938188141,1.0,12,True,2
I_BTL006,3,4.0,5.0,True,True,arc,,IN,LI,7499.99999296668,1.0,12,True,2
C_MFA047,3,4.0,5.0,True,True,arc,Middle Fork American River,CH,ST,11745.6497689051,1.0,12,True,2
R_60N_NA4_SJR022,3,4.0,5.0,True,True,arc,,RT,,20788.1008999981,1.0,12,True,2
SAC097,3,4.0,5.0,True,True,node,SAC097,CH,STM,,1.0,12,True,2
R_16_PU_YCWWTP,3,4.0,5.0,True,True,arc,,RT,,5706.68690000009,1.0,12,True,2
C_SJR131,3,4.0,5.0,True,True,arc,San Joaquin River,CH,ST,6503.248882581,2.0,12,True,2
R_09_PR_LCC016,3,4.0,5.0,True,True,arc,,RT,,5839.59057434325,1.0,12,True,2
D_CAA066_71_PU2,3,4.0,5.0,True,True,arc,,D,,2209.92390000075,2.0,12,True,2
MAWWTP,3,4.0,5.0,True,True,node,MAWWTP,WWTP,,,2.0,12,True,2
R_18_SA_RFS18,3,4.0,5.0,True,True,arc,,RT,,9822.27931517514,1.0,12,True,2
R_07N_PA_CBD044,3,4.0,5.0,True,True,arc,,RT,,40151.8916756438,1.0,12,True,2
D_MNRRH_WTPMNR,3,4.0,5.0,True,True,arc,,D,,595.297500000335,1.0,12,True,2
C_CCK038,3,4.0,5.0,True,True,arc,Coon Creek,CH,ST,2889.7774333668,1.0,12,True,2
C_RVC000,3,4.0,5.0,True,True,arc,Richvale ID - Buttler Canal,CH,CL,7364.97312011841,1.0,12,True,2
R_71_PA4_SJR091,3,4.0,5.0,True,True,arc,,RT,,7048.67830625567,2.0,12,True,2
CAP000,3,4.0,5.0,True,True,node,CAP000,CH,GWO,,2.0,12,True,2
PLC009,3,4.0,5.0,True,True,node,PLC009,CH,SG,,1.0,12,True,2
C_OMR018,3,4.0,5.0,True,True,arc,Old/Middle Rivers,CH,ST,7965.9546776178,1.0,12,True,2
SJR200,3,4.0,5.0,True,True,node,SJR200,CH,SG,,2.0,12,True,2
C_KSWCK,3,4.0,5.0,True,True,arc,Sacramento River,CH,ST,1213.58765475222,1.0,12,True,2
C_NFF039,3,4.0,5.0,True,True,arc,North Fork Feather River,CH,ST,6453.22201927721,1.0,12,True,2
C_CBD005,3,4.0,5.0,True,True,arc,Colusa Basin Drainage Canal,CH,CL,7050.02342684575,1.0,12,True,2
D_STS030_61_NA4,3,4.0,5.0,True,True,arc,,D,,1683.79040000029,2.0,12,True,2
C_YUB013,3,4.0,5.0,True,True,arc,Yuba River,CH,ST,2724.39253730441,1.0,12,True,2
C_CAA002,3,4.0,5.0,True,True,arc,California Aqueduct,CH,CL,2031.06995355134,2.0,12,True,2
I_SLUIS,3,4.0,5.0,True,True,arc,,IN,LI,7500.00005812499,2.0,12,True,2
ELC001,3,4.0,5.0,True,True,node,ELC001,CH,SG,,1.0,12,True,2
AMR009,3,4.0,5.0,True,True,node,AMR009,CH,STM,,1.0,12,True,2
C_STS059,3,4.0,5.0,True,True,arc,Stanislaus River,CH,ST,1512.75230304207,2.0,12,True,2
RFS23,3,4.0,5.0,True,True,node,RFS23,RFS,,,1.0,12,True,2
BRC003,3,4.0,5.0,True,True,node,BRC003,CH,SG,,1.0,12,True,2
PTH021,3,4.0,5.0,True,True,node,PTH021,CH,SG,,1.0,12,True,2
D_VJB000_WTPBNC,3,4.0,5.0,True,True,arc,,D,,13786.8208078453,1.0,12,True,2
BTC007,3,4.0,5.0,True,True,node,BTC007,CH,STM,,1.0,12,True,2
VCT002,3,4.0,5.0,True,True,node,VCT002,CH,STM,,1.0,12,True,2
MERLC,3,4.0,5.0,True,True,node,MERLC,STR,NSM,,1.0,12,True,2
D_DMC021_50_PA1,3,4.0,5.0,True,True,arc,,D,,7850.59211782562,2.0,12,True,2
R_YCWWTP_FTR028,3,4.0,5.0,True,True,arc,,RT,,2705.16968243478,1.0,12,True,2
DCK012,3,4.0,5.0,True,True,node,DCK012,CH,STM,,1.0,12,True,2
YUB024,3,4.0,5.0,True,True,node,YUB024,CH,SG,,1.0,12,True,2
C_FSL005,3,4.0,5.0,True,True,arc,Fresno Slough,CH,ST,8046.73609368279,2.0,12,True,2
SR_72_SJR106,3,4.0,5.0,True,True,arc,,SR,,2500.00003723334,2.0,12,True,2
GCC027,3,4.0,5.0,True,True,node,GCC027,CH,CNL,,1.0,12,True,2
SJR173,3,4.0,5.0,True,True,node,SJR173,CH,STM,,2.0,12,True,2
RVPHB,3,4.0,5.0,True,True,node,RVPHB,STR,SIM,,1.0,12,True,2
RUB001,3,4.0,5.0,True,True,node,RUB001,CH,STM,,1.0,12,True,2
TGR006,3,4.0,5.0,True,True,node,TGR006,CH,STM,,2.0,12,True,2
C_FTR025,3,4.0,5.0,True,True,arc,Feather River,CH,ST,6157.68706187051,1.0,12,True,2
C_SAC003,3,4.0,5.0,True,True,arc,Sacramento River,CH,ST,4828.03203972154,1.0,12,True,2
C_MOK044,3,4.0,5.0,True,True,arc,Mokelumne River,CH,ST,15505.3185283818,2.0,12,True,2
C_SFF002,3,4.0,5.0,True,True,arc,South Fork Feather River,CH,ST,3949.50054303062,1.0,12,True,2
BVT003,3,4.0,5.0,True,True,node,BVT003,CH,SG,,1.0,12,True,2
C_WSE003,3,4.0,5.0,True,True,arc,Wise Canal,CH,CL,1191.83652941352,1.0,12,True,2
SR_73_MSN004,3,4.0,5.0,True,True,arc,,SR,,2500.00003350042,2.0,12,True,2
C_JNKSN,3,4.0,5.0,True,True,arc,Sly Park Creek,CH,ST,6342.2027943661,2.0,12,True,2
CCC004,3,4.0,5.0,True,True,node,CCC004,CH,CNL,,1.0,12,True,2
C_MFA025,3,4.0,5.0,True,True,arc,Middle Fork American River,CH,ST,1026.24484416421,1.0,12,True,2
R_RFS18_SBP021,3,4.0,5.0,True,True,arc,,RT,,5028.56830128861,1.0,12,True,2
NFY002,3,4.0,5.0,True,True,node,NFY002,CH,SG,,1.0,12,True,2
C_WLF021,3,4.0,5.0,True,True,arc,Wolf Creek,CH,ST,6645.1571631476,1.0,12,True,2
SAC294,3,4.0,5.0,True,True,node,SAC294,CH,STM,,1.0,12,True,2
YUB022,3,4.0,5.0,True,True,node,YUB022,CH,SG,,1.0,12,True,2
SWWWTP,3,4.0,5.0,True,True,node,SWWWTP,WWTP,,,1.0,12,True,2
NFF058,3,4.0,5.0,True,True,node,NFF058,CH,STM,,1.0,12,True,2
SAC196,3,4.0,5.0,True,True,node,SAC196,CH,STM,,1.0,12,True,2
C_GRL001,3,4.0,5.0,True,True,arc,Gerle Creek,CH,ST,1918.31368708532,1.0,12,True,2
I_RUB002,3,4.0,5.0,True,True,arc,,IN,LI,7500.00000423764,1.0,12,True,2
D_SJR166_EBP032,3,4.0,5.0,True,True,arc,Sand Slough Bypass,D,,909.09173586755,2.0,12,True,2
RFS61A,3,4.0,5.0,True,True,node,RFS61A,RFS,,,2.0,12,True,2
SR_64_SJR227,3,4.0,5.0,True,True,arc,,SR,,2500.00006651625,2.0,12,True,2
C_BCK024,3,4.0,5.0,True,True,arc,Bear Creek,CH,ST,11265.4305578534,2.0,12,True,2
BRV003,3,4.0,5.0,True,True,node,BRV003,CH,SG,,2.0,12,True,2
C_SAC036,3,4.0,5.0,True,True,arc,Sacramento River,CH,ST,10099.1443252141,1.0,12,True,2
SAC083,3,4.0,5.0,True,True,node,SAC083,CH,STM,,1.0,12,True,2
D_XCC010_72_XA2,3,4.0,5.0,True,True,arc,,D,,12277.8883439814,2.0,12,True,2
C_GCC039,3,4.0,5.0,True,True,arc,Glenn Colusa Canal,CH,CL,4827.90648952306,1.0,12,True,2
D_BTC012_CRK005,3,4.0,5.0,True,True,arc,,D,,1642.76419750955,1.0,12,True,2
PARDE,3,4.0,5.0,True,True,node,PARDE,STR,,,2.0,12,True,2
CYN010,3,4.0,5.0,True,True,node,CYN010,CH,STM,,1.0,12,True,2
D_PARDE_AMADR,3,4.0,5.0,True,True,arc,,D,,8401.19279999845,2.0,12,True,2
C_CHCGO,3,4.0,5.0,True,True,arc,,CH,,1990.57849999983,1.0,12,True,2
C_TULOC,3,4.0,5.0,True,True,arc,Stanislaus River,CH,ST,340.000859262911,2.0,12,True,2
SAC064,3,4.0,5.0,True,True,node,SAC064,CH,STM,,1.0,12,True,2
ABN000,3,4.0,5.0,True,True,node,ABN000,CH,STM,,1.0,12,True,2
SBP012,3,4.0,5.0,True,True,node,SBP012,CH,BYP,,1.0,12,True,2
D_ARY010_72_XA1,3,4.0,5.0,True,True,arc,,D,,9681.28516329886,2.0,12,True,2
D_THRMF_11_NU1,3,4.0,5.0,True,True,arc,,D,,2442.57380000036,1.0,12,True,2
R_72_PR4_SAL006,3,4.0,5.0,True,True,arc,,RT,,5541.62732134371,2.0,12,True,2
C_MERLC,3,4.0,5.0,True,True,arc,French Dry Creek,CH,ST,10275.2359825822,1.0,12,True,2
D_LBC038_WTPAUB,3,4.0,5.0,True,True,arc,,D,,801.638926326362,1.0,12,True,2
C_BRR049,3,4.0,5.0,True,True,arc,Bear River,CH,ST,20288.111475987,1.0,12,True,2
C_SFF020,3,4.0,5.0,True,True,arc,South Fork Feather River,CH,ST,2548.90091646301,1.0,12,True,2
D_SJR006_ANTOC,3,4.0,5.0,True,True,arc,,D,,4308.94076640312,1.0,12,True,2
C_STN004,3,4.0,5.0,True,True,arc,Stony Creek,CH,ST,5937.77962524744,1.0,12,True,2
C_CCH023,3,4.0,5.0,True,True,arc,Cache Creek,CH,ST,9656.06387736875,1.0,12,True,2
SDC001,3,4.0,5.0,True,True,node,SDC001,CH,CNL,,2.0,12,True,2
I_SHSTA,3,4.0,5.0,True,True,arc,,IN,LI,7499.99999057782,1.0,12,True,2
MFF095,3,4.0,5.0,True,True,node,MFF095,CH,STM,,1.0,12,True,2
C_DED010,3,4.0,5.0,True,True,arc,Deadman Creek,CH,ST,11237.5755536766,2.0,12,True,2
C_CBD018,3,4.0,5.0,True,True,arc,Colusa Basin Drainage Canal,CH,CL,9656.06399728477,1.0,12,True,2
FTR028,3,4.0,5.0,True,True,node,FTR028,CH,STM,,1.0,12,True,2
CBD001,3,4.0,5.0,True,True,node,CBD001,CH,CNL,,1.0,12,True,2
C_SAC232,3,4.0,5.0,True,True,arc,Sacramento River,CH,ST,5398.74856580162,1.0,12,True,2
D_RFS61B_61_NA2,3,4.0,5.0,True,True,arc,,D,,6886.05535123383,2.0,12,True,2
C_CBC000,3,4.0,5.0,True,True,arc,Combie Ophir Canal,CH,CL,1242.02426785417,1.0,12,True,2
C_MCLRE,3,4.0,5.0,True,True,arc,Merced River,CH,ST,10170.5082292683,2.0,12,True,2
C_SAC254,3,4.0,5.0,True,True,arc,Sacramento River,CH,ST,6647.60722307837,1.0,12,True,2
D_CAA156_90_PU,3,4.0,5.0,True,True,arc,,D,,30309.8140828724,2.0,12,True,2
I_ICEHS,3,4.0,5.0,True,True,arc,,IN,LI,7500.00003055145,1.0,12,True,2
I_BCM003,3,4.0,5.0,True,True,arc,,IN,LI,7500.0000849045,2.0,12,True,2
D_SAC074_21_SA,3,4.0,5.0,True,True,arc,,D,,9196.84800876345,1.0,12,True,2
D_SEC009_11_SA4,3,4.0,5.0,True,True,arc,Butte-Sutter Extension Canal,D,CL,19545.9435358847,1.0,12,True,2
CSM016,3,4.0,5.0,True,True,node,CSM016,CH,STM,,2.0,12,True,2
BTT007,3,4.0,5.0,True,True,node,BTT007,CH,STM,,1.0,12,True,2
TUO043,3,4.0,5.0,True,True,node,TUO043,CH,STM,,2.0,12,True,2
D_CAA069_SLUIS,3,4.0,5.0,True,True,arc,,D,,4541.93420000002,2.0,12,True,2
JBP006,3,4.0,5.0,True,True,node,JBP006,CH,SG,,2.0,12,True,2
D_SAC185_08N_NA,3,4.0,5.0,True,True,arc,,D,,15078.3263672881,1.0,12,True,2
LCC029,3,4.0,5.0,True,True,node,LCC029,CH,STM,,1.0,12,True,2
R_CCWWTP_SAC287,3,4.0,5.0,True,True,arc,,RT,,456.729352508282,1.0,12,True,2
C_BTC003,3,4.0,5.0,True,True,arc,Butte Creek,CH,ST,5452.40455501291,1.0,12,True,2
SLF010,3,4.0,5.0,True,True,node,SLF010,CH,STM,,1.0,12,True,2
SAC154,3,4.0,5.0,True,True,node,SAC154,CH,STM,,1.0,12,True,2
C_SAC075,3,4.0,5.0,True,True,arc,Sacramento River,CH,ST,2203.50765154075,1.0,12,True,2
R_61_PA2_RFS61B,3,4.0,5.0,True,True,arc,,RT,,3764.05900000036,2.0,12,True,2
D_WTPSJP_26N_PU3,3,4.0,5.0,True,True,arc,,D,,3139.83990000002,1.0,12,True,2
SR_08N_SAC154,3,4.0,5.0,True,True,arc,,SR,,2500.00009999983,1.0,12,True,2
C_MFA024,3,4.0,5.0,True,True,arc,Middle Fork American River,CH,ST,1782.47896736153,1.0,12,True,2
CCH075,3,4.0,5.0,True,True,node,CCH075,CH,STM,,1.0,12,True,2
C_MOK022,3,4.0,5.0,True,True,arc,Mokelumne River,CH,ST,4258.55330081545,2.0,12,True,2
C_LRB003,3,4.0,5.0,True,True,arc,Little Rubicon River,CH,ST,4667.45534567632,1.0,12,True,2
FTR063,3,4.0,5.0,True,True,node,FTR063,CH,STM,,1.0,12,True,2
C_SLT009,3,4.0,5.0,True,True,arc,Slate Creek,CH,ST,154.5484990822,1.0,12,True,2
SJR141,3,4.0,5.0,True,True,node,SJR141,CH,STM,,2.0,12,True,2
C_MFY013,3,4.0,5.0,True,True,arc,Middle Yuba River,CH,ST,158.872753235534,1.0,12,True,2
C_CCH083,3,4.0,5.0,True,True,arc,Cache Creek,CH,ST,13430.9739071391,1.0,12,True,2
C_THM021,3,4.0,5.0,True,True,arc,Thomes Creek,CH,ST,6437.37594680442,1.0,12,True,2
D_RFS64_64_NA2,3,4.0,5.0,True,True,arc,,D,,7623.67784415857,2.0,12,True,2
C_MFT004,3,4.0,5.0,True,True,arc,Middle Fork Tunnel,CH,CL,11020.6581803713,1.0,12,True,2
I_SJR265,3,4.0,5.0,True,True,arc,,IN,LI,7500.00003234664,2.0,12,True,2
SR_64_SJR180,3,4.0,5.0,True,True,arc,,SR,,2500.00007079504,2.0,12,True,2
SAC168,3,4.0,5.0,True,True,node,SAC168,CH,STM,,1.0,12,True,2
SLF015,3,4.0,5.0,True,True,node,SLF015,CH,SG,,1.0,12,True,2
C_STS069,3,4.0,5.0,True,True,arc,Stanislaus River,CH,ST,12413.7490710725,2.0,12,True,2
C_RUB044,3,4.0,5.0,True,True,arc,Rubicon River,CH,ST,3659.00751694422,1.0,12,True,2
D_MDOTA_XCC010,3,4.0,5.0,True,True,arc,Main Canal,D,CL,16357.3985037897,2.0,12,True,2
I_DCC010,3,4.0,5.0,True,True,arc,,IN,LI,7500.00000838329,1.0,12,True,2
C_JBC000,3,4.0,5.0,True,True,arc,Joint Board Canal,CH,CL,2913.46159233012,1.0,12,True,2
R_72_PR3_SAL006,3,4.0,5.0,True,True,arc,,RT,,7631.66068489019,2.0,12,True,2
R_RFS61B_TUO017,3,4.0,5.0,True,True,arc,,RT,,19776.8365773577,2.0,12,True,2
C_CHW021,3,4.0,5.0,True,True,arc,Chowchilla River,CH,ST,6820.0113144294,2.0,12,True,2
HKC002,3,4.0,5.0,True,True,node,HKC002,CH,SG,,1.0,12,True,2
C_SLUIS,3,4.0,5.0,True,True,arc,San Luis Canal,CH,CL,3848.50651628725,2.0,12,True,2
D_DCC009_FRMDW,3,4.0,5.0,True,True,arc,Duncan Creek Tunnel,D,NS,2917.71918683092,1.0,12,True,2
C_BCK033,3,4.0,5.0,True,True,arc,Bear Creek,CH,ST,3844.97112821405,2.0,12,True,2
JBC004,3,4.0,5.0,True,True,node,JBC004,CH,CNL,,1.0,12,True,2
PSC017,3,4.0,5.0,True,True,node,PSC017,CH,CNL,,1.0,12,True,2
NFF057,3,4.0,5.0,True,True,node,NFF057,CH,SG,,1.0,12,True,2
DWRPS2,3,4.0,5.0,True,True,node,DWRPS2,PS,,,1.0,12,True,2
C_DER001,3,4.0,5.0,True,True,arc,Deer Creek,CH,ST,1609.36348720266,1.0,12,True,2
C_SPLDG,3,4.0,5.0,True,True,arc,South Yuba River,CH,ST,920.602247762196,1.0,12,True,2
CCK022,3,4.0,5.0,True,True,node,CCK022,CH,STM,,1.0,12,True,2
D_BGC002_PLMAS,3,4.0,5.0,True,True,arc,,D,,834.160900000483,1.0,12,True,2
FTR048,3,4.0,5.0,True,True,node,FTR048,CH,STM,,1.0,12,True,2
D_SPLDG_SYC000,3,4.0,5.0,True,True,arc,South Yuba Canal,D,,423.39520204529,1.0,12,True,2
D_THRMF_12_NU1,3,4.0,5.0,True,True,arc,,D,,6823.41550240151,1.0,12,True,2
LBR002,3,4.0,5.0,True,True,node,LBR002,CH,SG,,1.0,12,True,2
C_WLF013,3,4.0,5.0,True,True,arc,Wolf Creek,CH,ST,20898.5941994006,1.0,12,True,2
SR_23_CRC002,3,4.0,5.0,True,True,arc,,SR,,2500.00003851301,1.0,12,True,2
PLC007,3,4.0,5.0,True,True,node,PLC007,CH,STM,,1.0,12,True,2
CWD004,3,4.0,5.0,True,True,node,CWD004,CH,STM,,1.0,12,True,2
I_DCT050,3,4.0,5.0,True,True,arc,,IN,LI,7500.00001570518,2.0,12,True,2
I_DER001,3,4.0,5.0,True,True,arc,,IN,LI,7499.99998510882,1.0,12,True,2
C_FRS039,3,4.0,5.0,True,True,arc,Fresno River,CH,ST,6391.52692557248,2.0,12,True,2
RFS26S,3,4.0,5.0,True,True,node,RFS26S,RFS,,,1.0,12,True,2
C_THM005,3,4.0,5.0,True,True,arc,Thomes Creek,CH,ST,8046.71996286829,1.0,12,True,2
FTR018,3,4.0,5.0,True,True,node,FTR018,CH,STM,,1.0,12,True,2
C_BCK010,3,4.0,5.0,True,True,arc,Bear Creek,CH,ST,6437.38887249026,2.0,12,True,2
D_LJC010_60S_PA2,3,4.0,5.0,True,True,arc,,D,,8690.50179999974,2.0,12,True,2
SBP014,3,4.0,5.0,True,True,node,SBP014,CH,BYP,,1.0,12,True,2
C_SAC168,3,4.0,5.0,True,True,arc,Sacramento River,CH,ST,9656.0639217799,1.0,12,True,2
D_TCC111_07S_PA,3,4.0,5.0,True,True,arc,,D,,30734.8755604428,1.0,12,True,2
CGT006,3,4.0,5.0,True,True,node,CGT006,CH,SG,,1.0,12,True,2
SR_60S_FCS007,3,4.0,5.0,True,True,arc,,SR,,2500.00007079489,2.0,12,True,2
SSJ004,3,4.0,5.0,True,True,node,SSJ004,CH,CNL,,2.0,12,True,2
SR_13_RFS13,3,4.0,5.0,True,True,arc,,SR,,2499.99990000017,1.0,12,True,2
D_MTC000_09_SA1,3,4.0,5.0,True,True,arc,,D,,4013.48487439032,1.0,12,True,2
C_NFF059,3,4.0,5.0,True,True,arc,North Fork Feather River,CH,ST,1660.95052172293,1.0,12,True,2
C_BUR005,3,4.0,5.0,True,True,arc,Burns Creek,CH,ST,7378.28926928464,2.0,12,True,2
I_CLR011,3,4.0,5.0,True,True,arc,,IN,LI,7499.99999240529,1.0,12,True,2
FRMDW,3,4.0,5.0,True,True,node,FRMDW,STR,,,1.0,12,True,2
CPC008,3,4.0,5.0,True,True,node,CPC008,CH,STM,,1.0,12,True,2
SJR242,3,4.0,5.0,True,True,node,SJR242,CH,STM,,2.0,12,True,2
RFS64,3,4.0,5.0,True,True,node,RFS64,RFS,,,2.0,12,True,2
C_MBT005,3,4.0,5.0,True,True,arc,Milton-Bowman Tunnel,CH,CL,4147.41792379088,1.0,12,True,2
D_CCS010_BSC000,3,4.0,5.0,True,True,arc,Bowman-Spaulding Conduit,D,,938.230182587978,1.0,12,True,2
D_CHW028_BRS018,3,4.0,5.0,True,True,arc,Berenda Slough,D,ST,7281.5569625667,2.0,12,True,2
PTH030,3,4.0,5.0,True,True,node,PTH030,CH,SG,,1.0,12,True,2
R_10_NA_BTC032,3,4.0,5.0,True,True,arc,,RT,,10671.8400935383,1.0,12,True,2
DCC009,3,4.0,5.0,True,True,node,DCC009,CH,STM,,1.0,12,True,2
YUB013,3,4.0,5.0,True,True,node,YUB013,CH,STM,,1.0,12,True,2
C_SFF011,3,4.0,5.0,True,True,arc,South Fork Feather River,CH,ST,5281.00770918914,1.0,12,True,2
C_CAA155,3,4.0,5.0,True,True,arc,California Aqueduct,CH,CL,1207.33212136564,2.0,12,True,2
C_SJR075,3,4.0,5.0,True,True,arc,San Joaquin River,CH,ST,3783.50716422691,2.0,12,True,2
C_MFM007,3,4.0,5.0,True,True,arc,Middle Fork Mokelumne River,CH,ST,1126.47959571863,2.0,12,True,2
PSC015,3,4.0,5.0,True,True,node,PSC015,CH,CNL,,1.0,12,True,2
D_DMC044_71_PA5,3,4.0,5.0,True,True,arc,,D,,3292.19999999832,2.0,12,True,2
D_CAA005_SBA000,3,4.0,5.0,True,True,arc,,D,,1034.60650000069,2.0,12,True,2
D_FRS036_64_PA1,3,4.0,5.0,True,True,arc,,D,,10537.8161999993,2.0,12,True,2
C_YUB002,3,4.0,5.0,True,True,arc,Yuba River,CH,ST,3118.04331773276,1.0,12,True,2
I_ING008,3,4.0,5.0,True,True,arc,,IN,LI,7500.00003038792,2.0,12,True,2
C_FTR018,3,4.0,5.0,True,True,arc,Feather River,CH,ST,4265.32452128515,1.0,12,True,2
C_MCD028,3,4.0,5.0,True,True,arc,Merced River,CH,ST,11396.0581746085,2.0,12,True,2
C_TUR001,3,4.0,5.0,True,True,arc,Turlock Main Canal,CH,CL,18231.9380361174,2.0,12,True,2
SAC182,3,4.0,5.0,True,True,node,SAC182,CH,STM,,1.0,12,True,2
ELD017,3,4.0,5.0,True,True,node,ELD017,CH,STM,,1.0,12,True,2
C_BCK040,3,4.0,5.0,True,True,arc,Bear Creek,CH,ST,8299.41739073684,2.0,12,True,2
NFF029,3,4.0,5.0,True,True,node,NFF029,CH,STM,,1.0,12,True,2
C_SJR157,3,4.0,5.0,True,True,arc,San Joaquin River,CH,ST,8046.73612960084,2.0,12,True,2
C_MCD048,3,4.0,5.0,True,True,arc,Merced River,CH,ST,2506.97659220048,2.0,12,True,2
C_YUB030,3,4.0,5.0,True,True,arc,Yuba River/North Yuba River,CH,ST,10866.8943432578,1.0,12,True,2
D_FTR003_17S_SA,3,4.0,5.0,True,True,arc,,D,,3315.49595935417,1.0,12,True,2
UFC000,3,4.0,5.0,True,True,node,UFC000,CH,CNL,,2.0,12,True,2
R_RFS26N_DCWWTP,3,4.0,5.0,True,True,arc,,RT,,5832.72890000045,1.0,12,True,2
C_CLV026,3,4.0,5.0,True,True,arc,Calaveras River,CH,ST,5058.29084642185,2.0,12,True,2
R_20_PA_PTH011,3,4.0,5.0,True,True,arc,,RT,,4272.6502000019,1.0,12,True,2
D_DMC070_73_PA1,3,4.0,5.0,True,True,arc,,D,,6789.25669999979,2.0,12,True,2
C_MFF087,3,4.0,5.0,True,True,arc,Middle Fork Feather River,CH,ST,110232.874493228,1.0,12,True,2
RFS26N,3,4.0,5.0,True,True,node,RFS26N,RFS,,,1.0,12,True,2
C_BCN010,3,4.0,5.0,True,True,arc,Bear Creek (North),CH,ST,8046.70391393193,1.0,12,True,2
C_OROVL,3,4.0,5.0,True,True,arc,Feather River,CH,ST,968.261438381566,1.0,12,True,2
C_EBP001,3,4.0,5.0,True,True,arc,Eastside Bypass,CH,BP,8124.05716179204,2.0,12,True,2
C_MFA038,3,4.0,5.0,True,True,arc,Middle Fork American River,CH,ST,111.079425745504,1.0,12,True,2
D_CCC019_CCWD,3,4.0,5.0,True,True,arc,,D,,1641.26099999994,1.0,12,True,2
D_TCC081_07S_PA,3,4.0,5.0,True,True,arc,,D,,16859.156370282,1.0,12,True,2
SYC002,3,4.0,5.0,True,True,node,SYC002,CH,SG,,1.0,12,True,2
I_LRB004,3,4.0,5.0,True,True,arc,,IN,LI,7499.99994520668,1.0,12,True,2
SAC240,3,4.0,5.0,True,True,node,SAC240,CH,STM,,1.0,12,True,2
D_SAC129_08S_NA2,3,4.0,5.0,True,True,arc,,D,,2808.83410000056,1.0,12,True,2
C_BRR067,3,4.0,5.0,True,True,arc,Bear River,CH,ST,795.589952812578,1.0,12,True,2
D_MDOTA_90_PA1,3,4.0,5.0,True,True,arc,,D,,37857.0936896801,2.0,12,True,2
D_OAK020_61_PA2,3,4.0,5.0,True,True,arc,,D,,5338.25349999964,2.0,12,True,2
YBP026,3,4.0,5.0,True,True,node,YBP026,CH,BYP,,1.0,12,True,2
SLD027,3,4.0,5.0,True,True,node,SLD027,CH,CNL,,2.0,12,True,2
C_EDP003,3,4.0,5.0,True,True,arc,El Dorado Powerhouse Tailrace,CH,ST,36.8630870213717,1.0,12,True,2
R_MOWWTP_TUO010,3,4.0,5.0,True,True,arc,,RT,,7778.73820000049,2.0,12,True,2
CCK036,3,4.0,5.0,True,True,node,CCK036,CH,STM,,1.0,12,True,2
MDC006,3,4.0,5.0,True,True,node,MDC006,CH,CNL,,2.0,12,True,2
C_GCC042,3,4.0,5.0,True,True,arc,Glenn Colusa Canal,CH,CL,6437.37597552619,1.0,12,True,2
C_BTC007,3,4.0,5.0,True,True,arc,Butte Creek,CH,ST,6241.79340727777,1.0,12,True,2
C_YBP016,3,4.0,5.0,True,True,arc,Yolo Bypass,CH,BP,3218.69442677555,1.0,12,True,2
SJR116,3,4.0,5.0,True,True,node,SJR116,CH,STM,,2.0,12,True,2
MCD014,3,4.0,5.0,True,True,node,MCD014,CH,STM,,2.0,12,True,2
SGRGE,3,4.0,5.0,True,True,node,SGRGE,STR,SIM,,1.0,12,True,2
C_SJR082,3,4.0,5.0,True,True,arc,San Joaquin River,CH,ST,433.974712109888,2.0,12,True,2
C_NFM010,3,4.0,5.0,True,True,arc,North Fork Mokelumne River,CH,ST,249.653383070326,2.0,12,True,2
C_SAC174,3,4.0,5.0,True,True,arc,Sacramento River,CH,ST,7677.14555225064,1.0,12,True,2
D_XCC025_72_PR6,3,4.0,5.0,True,True,arc,,D,,6235.51579999924,2.0,12,True,2
C_AMR017,3,4.0,5.0,True,True,arc,American River,CH,ST,2535.01378427396,1.0,12,True,2
NFF039,3,4.0,5.0,True,True,node,NFF039,CH,STM,,1.0,12,True,2
R_16_NA1_DWRPS2,3,4.0,5.0,True,True,arc,,RT,,10774.2839881888,1.0,12,True,2
MCD055,3,4.0,5.0,True,True,node,MCD055,CH,STM,,2.0,12,True,2
C_MFA037,3,4.0,5.0,True,True,arc,Middle Fork American River,CH,ST,597.003945948921,1.0,12,True,2
TTC002,3,4.0,5.0,True,True,node,TTC002,CH,SG,,1.0,12,True,2
C_MLRTN,3,4.0,5.0,True,True,arc,San Joaquin River,CH,ST,256.867035959378,2.0,12,True,2
SFF018,3,4.0,5.0,True,True,node,SFF018,CH,SG,,1.0,12,True,2
MFM001,3,4.0,5.0,True,True,node,MFM001,CH,STM,,2.0,12,True,2
CAA069,3,4.0,5.0,True,True,node,CAA069,CH,CNL,,2.0,12,True,2
D_SAC240_05_NA,3,4.0,5.0,True,True,arc,,D,,32710.5269373337,1.0,12,True,2
MCD002,3,4.0,5.0,True,True,node,MCD002,CH,STM,,2.0,12,True,2
C_DEE020,3,4.0,5.0,True,True,arc,Deer Creek (South),CH,ST,32580.0574424773,2.0,12,True,2
R_08N_PR1_CBD049,3,4.0,5.0,True,True,arc,Unlabeled Return Flow,RT,,16781.9017479803,1.0,12,True,2
C_CMN006,3,4.0,5.0,True,True,arc,Camino Tunnel,CH,ST,42.7599097968202,1.0,12,True,2
SJR225,3,4.0,5.0,True,True,node,SJR225,CH,SG,,2.0,12,True,2
D_FOLSM_WTPSJP,3,4.0,5.0,True,True,arc,,D,,2258.6632000003,1.0,12,True,2
R_MDWWTP_OWN011,3,4.0,5.0,True,True,arc,,RT,,3516.80769999977,2.0,12,True,2
D_SJR096_71_PA4,3,4.0,5.0,True,True,arc,,D,,1189.87160000019,2.0,12,True,2
SR_04_SAC217,3,4.0,5.0,True,True,arc,,SR,,2500.00001389793,1.0,12,True,2
D_MDC006_64_PA3,3,4.0,5.0,True,True,arc,,D,PRP,51318.4561598812,2.0,12,True,2
MID021,3,4.0,5.0,True,True,node,MID021,CH,CNL,,2.0,12,True,2
D_LBC030_BEC021,3,4.0,5.0,True,True,arc,Bowman Feeder,D,CL,2994.31171846805,1.0,12,True,2
C_DBC014,3,4.0,5.0,True,True,arc,Dry Creek/Berenda Creek (Conceptual Combination),CH,ST,22696.6125388021,2.0,12,True,2
STH007,3,4.0,5.0,True,True,node,STH007,CH,SG,,1.0,12,True,2
BCK033,3,4.0,5.0,True,True,node,BCK033,CH,STM,,2.0,12,True,2
ORP000,3,4.0,5.0,True,True,node,ORP000,CH,CNL,,1.0,12,True,2
SFF002,3,4.0,5.0,True,True,node,SFF002,CH,STM,,1.0,12,True,2
C_ELD017,3,4.0,5.0,True,True,arc,Elder Creek,CH,ST,8046.72007128609,1.0,12,True,2
CT_BENDBRIDGE,3,4.0,5.0,True,True,arc,,CT,,7500.0,1.0,12,True,2
CT_COLUSA,3,4.0,5.0,True,True,arc,,CT,,7500.00003466891,1.0,12,True,2
C_MFY046,3,4.0,5.0,True,True,arc,Middle Yuba River,CH,ST,2228.94291884707,1.0,12,True,2
D_WTPCSD_02_PU,3,4.0,5.0,True,True,arc,,D,,13538.0294232445,1.0,12,True,2
FRS022,3,4.0,5.0,True,True,node,FRS022,CH,STM,,2.0,12,True,2
I_SILVR,3,4.0,5.0,True,True,arc,,IN,LI,7499.99998855712,1.0,12,True,2
C_AMR022,3,4.0,5.0,True,True,arc,American River,CH,ST,3338.88754337679,1.0,12,True,2
SFY041,3,4.0,5.0,True,True,node,SFY041,CH,SG,,1.0,12,True,2
FTR059,3,4.0,5.0,True,True,node,FTR059,CH,STM,,1.0,12,True,2
D_XCC054_72_XA3,3,4.0,5.0,True,True,arc,,D,,6114.85419999994,2.0,12,True,2
SAC232,3,4.0,5.0,True,True,node,SAC232,CH,STM,,1.0,12,True,2
D_WTPJAC_NAPA,3,4.0,5.0,True,True,arc,,D,,7500.00005812631,1.0,12,True,2
C_DMC091,3,4.0,5.0,True,True,arc,Delta-Mendota Canal,CH,CL,10065.6534429844,2.0,12,True,2
D_MCD042_63_NA2,3,4.0,5.0,True,True,arc,,D,,12543.6781317079,2.0,12,True,2
SR_15S_FTR012,3,4.0,5.0,True,True,arc,,SR,,2499.99999580437,1.0,12,True,2
I_ORG000,3,4.0,5.0,True,True,arc,,IN,LI,7500.00005812499,2.0,12,True,2
ELD022,3,4.0,5.0,True,True,node,ELD022,CH,STM,,1.0,12,True,2
DSC026,3,4.0,5.0,True,True,node,DSC026,CH,,,2.0,12,True,2
C_SFD003,3,4.0,5.0,True,True,arc,South Fork Deer Creek,CH,ST,5177.23741747687,1.0,12,True,2
GCC010,3,4.0,5.0,True,True,node,GCC010,CH,CNL,,1.0,12,True,2
SJR043,3,4.0,5.0,True,True,node,SJR043,CH,STM,,2.0,12,True,2
SR_02_SAC271,3,4.0,5.0,True,True,arc,,SR,,2500.00001848429,1.0,12,True,2
D_WTPFBN_26S_NU2,3,4.0,5.0,True,True,arc,,D,,5599.62800000049,1.0,12,True,2
R_LCCWD_MFF095,3,4.0,5.0,True,True,arc,,RT,,14452.5131999999,1.0,12,True,2
C_SFM003,3,4.0,5.0,True,True,arc,South Fork Mokelumne River,CH,ST,4405.13357635813,2.0,12,True,2
C_BTC029,3,4.0,5.0,True,True,arc,Butte Creek,CH,ST,8046.81793909944,1.0,12,True,2
D_CBC001_CCK036,3,4.0,5.0,True,True,arc,'Upper' Gold Hill Canal (Orr Creek),D,ST,6821.63489874297,1.0,12,True,2
BCC004,3,4.0,5.0,True,True,node,BCC004,CH,STM,,1.0,12,True,2
SR_08S_CBD028,3,4.0,5.0,True,True,arc,,SR,,2500.00006651625,1.0,12,True,2
C_DSC023,3,4.0,5.0,True,True,arc,Dry Creek/Sutter Creek,CH,ST,10792.2685124579,2.0,12,True,2
C_BVT003,3,4.0,5.0,True,True,arc,,CH,ST,344.370332791627,1.0,12,True,2
C_TUO036,3,4.0,5.0,True,True,arc,Tuolumne River,CH,ST,9656.08324268887,2.0,12,True,2
SAC201,3,4.0,5.0,True,True,node,SAC201,CH,SG,,1.0,12,True,2
SJR038,3,4.0,5.0,True,True,node,SJR038,CH,STM,,1.0,12,True,2
C_THM017,3,4.0,5.0,True,True,arc,Thomes Creek,CH,ST,8046.72017609208,1.0,12,True,2
C_TUO022,3,4.0,5.0,True,True,arc,Tuolumne River,CH,ST,8671.03480652869,2.0,12,True,2
D_LJC022_WTPWDH,3,4.0,5.0,True,True,arc,,D,,32636.3930448946,2.0,12,True,2
C_FTR063,3,4.0,5.0,True,True,arc,Feather River,CH,ST,6178.4407374894,1.0,12,True,2
I_CCH053,3,4.0,5.0,True,True,arc,,IN,LI,7500.00003561792,1.0,12,True,2
R_24_NU1_ABN027,3,4.0,5.0,True,True,arc,Implicit return flow via Auburn WWTP (Ophir Rd),RT,,6017.42750123179,1.0,12,True,2
C_CBD001,3,4.0,5.0,True,True,arc,Colusa Basin Drainage Canal,CH,CL,619.077621773001,1.0,12,True,2
SR_24_CRC002,3,4.0,5.0,True,True,arc,,SR,,2499.99997653194,1.0,12,True,2
CBD041,3,4.0,5.0,True,True,node,CBD041,CH,CNL,,1.0,12,True,2
LJC022,3,4.0,5.0,True,True,node,LJC022,CH,STM,,2.0,12,True,2
C_FTR048,3,4.0,5.0,True,True,arc,Feather River,CH,ST,5134.88889580415,1.0,12,True,2
FRMAN,3,4.0,5.0,True,True,node,FRMAN,STR,,,1.0,12,True,2
SR_09_BTC017,3,4.0,5.0,True,True,arc,,SR,,2499.99997840724,1.0,12,True,2
SAC207,3,4.0,5.0,True,True,node,SAC207,CH,STM,,1.0,12,True,2
D_CAA109_73_PA3,3,4.0,5.0,True,True,arc,,D,,36144.7648999989,2.0,12,True,2
R_50_PA2_OMR027,3,4.0,5.0,True,True,arc,,RT,,8537.16484448901,2.0,12,True,2
CSM005,3,4.0,5.0,True,True,node,CSM005,CH,STM,,2.0,12,True,2
R_64_PA1_EBP016,3,4.0,5.0,True,True,arc,,RT,,28604.3091370175,2.0,12,True,2
SAC265,3,4.0,5.0,True,True,node,SAC265,CH,STM,,1.0,12,True,2
C_YUB024,3,4.0,5.0,True,True,arc,Yuba River,CH,ST,858.66209053447,1.0,12,True,2
D_THM012_04_NA,3,4.0,5.0,True,True,arc,,D,,15318.6111000003,1.0,12,True,2
SR_26N_CRC002,3,4.0,5.0,True,True,arc,,SR,,2500.0,1.0,12,True,2
SR_71_SJR070,3,4.0,5.0,True,True,arc,,SR,,2500.00009999983,2.0,12,True,2
SR_24_CCK007,3,4.0,5.0,True,True,arc,,SR,,2500.00001667552,1.0,12,True,2
D_CAA143_90_PA1,3,4.0,5.0,True,True,arc,,D,,19903.6681999993,2.0,12,True,2
D_WTPCMT_SUISN,3,4.0,5.0,True,True,arc,,D,,1191.78817460338,1.0,12,True,2
D_DMC070_CAA069,3,4.0,5.0,True,True,arc,,D,,1791.0915000001,2.0,12,True,2
DBC014,3,4.0,5.0,True,True,node,DBC014,CH,STM,,2.0,12,True,2
SR_14_JCK002,3,4.0,5.0,True,True,arc,,SR,,2500.0000325259,1.0,12,True,2
D_MFY013_LRT000,3,4.0,5.0,True,True,arc,Lohman Ridge Tunnel,D,CL,69.2926833186411,1.0,12,True,2
D_DMC064_71_PA6,3,4.0,5.0,True,True,arc,,D,,2256.16680000164,2.0,12,True,2
I_PARDE,3,4.0,5.0,True,True,arc,,IN,LI,7500.00002760866,2.0,12,True,2
EPARK,3,4.0,5.0,True,True,node,EPARK,STR,SIM,,1.0,12,True,2
HHOLE,3,4.0,5.0,True,True,node,HHOLE,STR,,,1.0,12,True,2
GRL001,3,4.0,5.0,True,True,node,GRL001,CH,SG,,1.0,12,True,2
D_WDWRD_61_PA3,3,4.0,5.0,True,True,arc,South San Joaquin Main Canal,D,,18968.9507867808,2.0,12,True,2
CSM035,3,4.0,5.0,True,True,node,CSM035,CH,SG,,2.0,12,True,2
D_OROVL_13_NU1,3,4.0,5.0,True,True,arc,Palermo Canal,D,CL,14753.7180143002,1.0,12,True,2
C_EBF018,3,4.0,5.0,True,True,arc,East Branch North Fork Feather River,CH,ST,28643.4189471588,1.0,12,True,2
NFA016,3,4.0,5.0,True,True,node,NFA016,CH,STM,,1.0,12,True,2
GCC056,3,4.0,5.0,True,True,node,GCC056,CH,CNL,,1.0,12,True,2
SR_72_SJR117,3,4.0,5.0,True,True,arc,,SR,,2500.00004160945,2.0,12,True,2
C_EBP042,3,4.0,5.0,True,True,arc,Eastside Bypass,CH,BP,2013.56359814413,2.0,12,True,2
I_LWSTN,3,4.0,5.0,True,True,arc,,IN,LI,7500.0,1.0,12,True,2
D_DMC034_71_PA2,3,4.0,5.0,True,True,arc,,D,,3637.50899999961,2.0,12,True,2
SR_24_BRR011,3,4.0,5.0,True,True,arc,,SR,,2499.99989657601,1.0,12,True,2
CMP014,3,4.0,5.0,True,True,node,CMP014,CH,STM,,2.0,12,True,2
CT_WHEATLAND,3,4.0,5.0,True,True,arc,,CT,,7500.00002716253,1.0,12,True,2
BRR031,3,4.0,5.0,True,True,node,BRR031,CH,STM,,1.0,12,True,2
D_OMR027_CAA000,3,4.0,5.0,True,True,arc,,D,,3768.66381483129,1.0,12,True,2
SR_24_BRR004,3,4.0,5.0,True,True,arc,,SR,,2499.99997564982,1.0,12,True,2
C_DRM003,3,4.0,5.0,True,True,arc,Drum Canal,CH,CL,9327.52097918372,1.0,12,True,2
C_ALD001,3,4.0,5.0,True,True,arc,Alder Creek,CH,ST,1435.22870456851,1.0,12,True,2
C_YBP032,3,4.0,5.0,True,True,arc,Yolo Bypass,CH,BP,9204.99987306771,1.0,12,True,2
C_STH005,3,4.0,5.0,True,True,arc,South Canal,CH,CL,1663.87575544838,1.0,12,True,2
ELD005,3,4.0,5.0,True,True,node,ELD005,CH,STM,,1.0,12,True,2
STS050,3,4.0,5.0,True,True,node,STS050,CH,STM,,2.0,12,True,2
C_FRMDW,3,4.0,5.0,True,True,arc,Middle Fork American River,CH,ST,1008.62425976271,1.0,12,True,2
D_ANT010_05_NA,3,4.0,5.0,True,True,arc,,D,,30145.3538999995,1.0,12,True,2
I_UNVLY,3,4.0,5.0,True,True,arc,,IN,LI,7499.9999964855,1.0,12,True,2
D_WTPRSV_26N_PU1,3,4.0,5.0,True,True,arc,,D,,12464.5449547926,1.0,12,True,2
C_GCC050,3,4.0,5.0,True,True,arc,Glenn Colusa Canal,CH,CL,8967.9664884922,1.0,12,True,2
C_MRM001,3,4.0,5.0,True,True,arc,Shirland Canal/Mormon Ravine,CH,ST,743.127569867598,1.0,12,True,2
D_SAC122_19_SA,3,4.0,5.0,True,True,arc,,D,,18303.9387785214,1.0,12,True,2
I_FRDYC,3,4.0,5.0,True,True,arc,,IN,IM,7500.00006769504,1.0,12,True,2
C_NFF057,3,4.0,5.0,True,True,arc,North Fork Feather River,CH,ST,11701.1539794228,1.0,12,True,2
BTC003,3,4.0,5.0,True,True,node,BTC003,CH,STM,,1.0,12,True,2
C_CWD018,3,4.0,5.0,True,True,arc,Cottonwood Creek,CH,ST,15281.3090210561,1.0,12,True,2
C_THM026,3,4.0,5.0,True,True,arc,Thomes Creek,CH,ST,8046.80367468076,1.0,12,True,2
R_26N_NU4_SRWWTP,3,4.0,5.0,True,True,arc,,RT,,29572.1204249779,1.0,12,True,2
C_SJR091,3,4.0,5.0,True,True,arc,San Joaquin River,CH,ST,1612.24618115692,2.0,12,True,2
C_DCM027,3,4.0,5.0,True,True,arc,Dry Creek (Merced),CH,ST,12468.9080574197,2.0,12,True,2
R_RFS23_CCK007,3,4.0,5.0,True,True,arc,,RT,,6402.61449999921,1.0,12,True,2
R_26N_NU5_SRWWTP,3,4.0,5.0,True,True,arc,,RT,,25697.7991249779,1.0,12,True,2
D_MID021_63_NA4,3,4.0,5.0,True,True,arc,,D,,41016.4452445528,2.0,12,True,2
EBP050,3,4.0,5.0,True,True,node,EBP050,CH,SG,,2.0,12,True,2
C_SJR114,3,4.0,5.0,True,True,arc,San Joaquin River,CH,ST,5180.25724082072,2.0,12,True,2
C_SJR265,3,4.0,5.0,True,True,arc,San Joaquin River,CH,ST,2270.86460884232,2.0,12,True,2
YBP011,3,4.0,5.0,True,True,node,YBP011,CH,BYP,,1.0,12,True,2
D_ESL008_09_SA1,3,4.0,5.0,True,True,arc,,D,,3138.36898250348,1.0,12,True,2
EBP030,3,4.0,5.0,True,True,node,EBP030,CH,BYP,,2.0,12,True,2
I_WLF013,3,4.0,5.0,True,True,arc,,IN,LI,7499.99998388394,1.0,12,True,2
C_FDC011,3,4.0,5.0,True,True,arc,Fordyce Creek,CH,ST,17256.2368919143,1.0,12,True,2
C_CCC004,3,4.0,5.0,True,True,arc,Contra Costa Canal,CH,CL,5005.61364446884,1.0,12,True,2
MCD050,3,4.0,5.0,True,True,node,MCD050,CH,STM,,2.0,12,True,2
SR_24_EMD007,3,4.0,5.0,True,True,arc,,SR,,2500.00004593422,1.0,12,True,2
C_SLC002,3,4.0,5.0,True,True,arc,South Fork Long Canyon Creek,CH,ST,5543.34100054996,1.0,12,True,2
C_CRC002,3,4.0,5.0,True,True,arc,Natomas Cross Canal,CH,CL,3871.77545004362,1.0,12,True,2
C_LBC032,3,4.0,5.0,True,True,arc,Lower Boardman Canal,CH,CL,9506.43887271965,1.0,12,True,2
R_03_PU2_SWWWTP,3,4.0,5.0,True,True,arc,Unlabeled Return Flow,RT,,19196.856432134,1.0,12,True,2
D_LRB004_BLT000,3,4.0,5.0,True,True,arc,,D,,61.4353610342551,1.0,12,True,2
SR_10_BTC017,3,4.0,5.0,True,True,arc,,SR,,2499.99999580569,1.0,12,True,2
DMC097,3,4.0,5.0,True,True,node,DMC097,CH,CNL,,2.0,12,True,2
I_ENGLB,3,4.0,5.0,True,True,arc,,IN,LI,7500.00006803214,1.0,12,True,2
DRC012,3,4.0,5.0,True,True,node,DRC012,CH,SG,,1.0,12,True,2
C_DCK012,3,4.0,5.0,True,True,arc,Dry Creek,CH,ST,19369.1425906514,1.0,12,True,2
SFA066,3,4.0,5.0,True,True,node,SFA066,CH,STM,,1.0,12,True,2
CLV037,3,4.0,5.0,True,True,node,CLV037,CH,SG,,2.0,12,True,2
SR_11_BTC017,3,4.0,5.0,True,True,arc,,SR,,2499.9998477507,1.0,12,True,2
BEC021,3,4.0,5.0,True,True,node,BEC021,CH,CNL,,1.0,12,True,2
C_SJR028,3,4.0,5.0,True,True,arc,San Joaquin River,CH,ST,3756.44744163546,1.0,12,True,2
I_CMPFW,3,4.0,5.0,True,True,arc,,IN,LI,7500.00000654412,1.0,12,True,2
C_FRDYC,3,4.0,5.0,True,True,arc,Fordyce Creek,CH,ST,264.55766426607,1.0,12,True,2
C_BRR011,3,4.0,5.0,True,True,arc,Bear River,CH,ST,12068.2414286733,1.0,12,True,2
C_SAC294,3,4.0,5.0,True,True,arc,Sacramento River,CH,ST,8547.94920782837,1.0,12,True,2
BSL000,3,4.0,5.0,True,True,node,BSL000,CH,SG,,1.0,12,True,2
C_DED025,3,4.0,5.0,True,True,arc,Deadman Creek,CH,ST,9656.08332612555,2.0,12,True,2
R_12_NU1_ORWWTP,3,4.0,5.0,True,True,arc,,RT,,2665.5171592721,1.0,12,True,2
C_SAC120,3,4.0,5.0,True,True,arc,Sacramento River,CH,ST,9547.47633897296,1.0,12,True,2
C_MOK088,3,4.0,5.0,True,True,arc,Mokelumne River,CH,ST,8691.2063647305,2.0,12,True,2
C_STS043,3,4.0,5.0,True,True,arc,Stanislaus River,CH,ST,11265.4305619097,2.0,12,True,2
I_NFY029,3,4.0,5.0,True,True,arc,,IN,LI,7500.00009724209,1.0,12,True,2
D_DMC111_73_XA,3,4.0,5.0,True,True,arc,,D,,4656.46676468171,2.0,12,True,2
D_GCC027_08N_SA2,3,4.0,5.0,True,True,arc,,D,,6000.0,1.0,12,True,2
EBP032,3,4.0,5.0,True,True,node,EBP032,CH,BYP,,2.0,12,True,2
BEC022,3,4.0,5.0,True,True,node,BEC022,CH,CNL,,1.0,12,True,2
C_SAL017,3,4.0,5.0,True,True,arc,Salt Slough,CH,ST,17204.83710917,2.0,12,True,2
I_CSM035,3,4.0,5.0,True,True,arc,,IN,LI,7500.0,2.0,12,True,2
D_SLTSP_TGR000,3,4.0,5.0,True,True,arc,,D,,288.315578647404,2.0,12,True,2
FRS020,3,4.0,5.0,True,True,node,FRS020,CH,STM,,2.0,12,True,2
R_10_NU1_CHWWTP,3,4.0,5.0,True,True,arc,,RT,,10571.6316137421,1.0,12,True,2
BRV002,3,4.0,5.0,True,True,node,BRV002,CH,STM,,2.0,12,True,2
C_AMR006,3,4.0,5.0,True,True,arc,American River,CH,ST,4037.69911216368,1.0,12,True,2
GCC015,3,4.0,5.0,True,True,node,GCC015,CH,CNL,,1.0,12,True,2
C_ALD002,3,4.0,5.0,True,True,arc,Alder Creek,CH,ST,296.76662989439,1.0,12,True,2
C_FRS045,3,4.0,5.0,True,True,arc,Fresno River,CH,ST,8046.736166792,2.0,12,True,2
THRMA,3,4.0,5.0,True,True,node,THRMA,STR,SIM,,1.0,12,True,2
D_CBC001_24_NA1,3,4.0,5.0,True,True,arc,Ophir Canal,D,,22508.927693969,1.0,12,True,2
SJR119,3,4.0,5.0,True,True,node,SJR119,CH,STM,,2.0,12,True,2
MFM006,3,4.0,5.0,True,True,node,MFM006,CH,SG,,2.0,12,True,2
WBF006,3,4.0,5.0,True,True,node,WBF006,CH,SG,,1.0,12,True,2
C_AMR004,3,4.0,5.0,True,True,arc,American River,CH,ST,6437.37601583722,1.0,12,True,2
MOK022,3,4.0,5.0,True,True,node,MOK022,CH,STM,,2.0,12,True,2
R_04_PA2_SAC207,3,4.0,5.0,True,True,arc,Unlabeled Return Flow,RT,,15554.62306151,1.0,12,True,2
C_LDC021,3,4.0,5.0,True,True,arc,Little Dry Creek,CH,ST,21087.0352571947,1.0,12,True,2
I_NBLDB,3,4.0,5.0,True,True,arc,Local Inflow New Bullards Bar,IN,LI,7500.00007113275,1.0,12,True,2
C_BTC032,3,4.0,5.0,True,True,arc,Butte Creek,CH,ST,4155.96845966901,1.0,12,True,2
SAC115,3,4.0,5.0,True,True,node,SAC115,CH,STM,,1.0,12,True,2
D_SAC196_MTC000,3,4.0,5.0,True,True,arc,,D,,1464.13545443054,1.0,12,True,2
C_TGR006,3,4.0,5.0,True,True,arc,Tiger Creek Regulatory Canal (MokAque),CH,CL,18851.5885577093,2.0,12,True,2
D_NFF029_POE006,3,4.0,5.0,True,True,arc,Poe Tunnel,D,CL,10369.2087685201,1.0,12,True,2
SLV006,3,4.0,5.0,True,True,node,SLV006,CH,SG,,1.0,12,True,2
C_BTL006,3,4.0,5.0,True,True,arc,Battle Creek,CH,ST,9267.31746488793,1.0,12,True,2
R_RFS61A_SJR072,3,4.0,5.0,True,True,arc,,RT,,6208.07861643509,2.0,12,True,2
C_GCC027,3,4.0,5.0,True,True,arc,Glenn Colusa Canal,CH,CL,8046.71997787976,1.0,12,True,2
C_RPT004,3,4.0,5.0,True,True,arc,Robbs Peak PH Tailrace,CH,ST,6835.96910655371,1.0,12,True,2
C_SBP024,3,4.0,5.0,True,True,arc,Sutter Bypass,CH,BP,4455.39200175394,1.0,12,True,2
D_MDOTA_64_XA,3,4.0,5.0,True,True,arc,,D,,9205.92481255827,2.0,12,True,2
R_13_NA_RFS13,3,4.0,5.0,True,True,arc,,RT,,14231.4437647697,1.0,12,True,2
C_XCC025,3,4.0,5.0,True,True,arc,Main Canal,CH,CL,12509.2450928456,2.0,12,True,2
C_DRC012,3,4.0,5.0,True,True,arc,Deer Creek,CH,ST,3218.65569548821,1.0,12,True,2
C_SBP021,3,4.0,5.0,True,True,arc,Sutter Bypass,CH,BP,5200.67196633771,1.0,12,True,2
SR_72_SJR091,3,4.0,5.0,True,True,arc,,SR,,2500.00011373912,2.0,12,True,2
D_KLR005_21_PA,3,4.0,5.0,True,True,arc,,D,,4667.97069999948,1.0,12,True,2
LOSVQ,3,4.0,5.0,True,True,node,LOSVQ,STR,,,1.0,12,True,2
I_MCD055,3,4.0,5.0,True,True,arc,,IN,LI,7500.00008006001,2.0,12,True,2
RFS18,3,4.0,5.0,True,True,node,RFS18,RFS,,,1.0,12,True,2
C_CMN005,3,4.0,5.0,True,True,arc,Camino Tunnel,CH,CL,512.826558596974,1.0,12,True,2
C_SJR152,3,4.0,5.0,True,True,arc,San Joaquin River,CH,ST,10723.0855004231,2.0,12,True,2
EBP019,3,4.0,5.0,True,True,node,EBP019,CH,BYP,,2.0,12,True,2
C_FTR021,3,4.0,5.0,True,True,arc,Feather River,CH,ST,4654.2420314397,1.0,12,True,2
I_NFA054,3,4.0,5.0,True,True,arc,,IN,LI,7500.00006173691,1.0,12,True,2
D_WEC005_11_SA1,3,4.0,5.0,True,True,arc,,D,CL,3566.976802616,1.0,12,True,2
D_FTR008_16_SA,3,4.0,5.0,True,True,arc,,D,,8513.58694300595,1.0,12,True,2
BTC024,3,4.0,5.0,True,True,node,BTC024,CH,STM,,1.0,12,True,2
R_ORWWTP_FTR063,3,4.0,5.0,True,True,arc,,RT,,1450.49656375555,1.0,12,True,2
D_SJR180_ARY010,3,4.0,5.0,True,True,arc,Arroyo Canal,D,,16192.309219731,2.0,12,True,2
R_09_NA_LCC016,3,4.0,5.0,True,True,arc,Unlabeled Return Flow,RT,,8755.14534477296,1.0,12,True,2
I_WBF030,3,4.0,5.0,True,True,arc,,IN,LI,7499.9999603477,1.0,12,True,2
CAA051,3,4.0,5.0,True,True,node,CAA051,CH,CNL,,2.0,12,True,2
NFA048,3,4.0,5.0,True,True,node,NFA048,CH,STM,,1.0,12,True,2
C_SFY044,3,4.0,5.0,True,True,arc,South Yuba River,CH,ST,3064.70622468241,1.0,12,True,2
R_25_PA2_CSL005,3,4.0,5.0,True,True,arc,Unlabeled Return Flow,RT,,24461.8699472549,1.0,12,True,2
C_DMC011,3,4.0,5.0,True,True,arc,Delta-Mendota Canal,CH,CL,7778.09526479445,2.0,12,True,2
C_SAC269,3,4.0,5.0,True,True,arc,Sacramento River,CH,ST,5699.67772521279,1.0,12,True,2
C_SFF018,3,4.0,5.0,True,True,arc,South Fork Feather River,CH,ST,11494.4221952893,1.0,12,True,2
C_DRM011,3,4.0,5.0,True,True,arc,Drum Canal,CH,CL,60.5065472399295,1.0,12,True,2
SJR091,3,4.0,5.0,True,True,node,SJR091,CH,STM,,2.0,12,True,2
D_BGD000_17N_PR,3,4.0,5.0,True,True,arc,,D,,13602.4237602485,1.0,12,True,2
C_TGR021,3,4.0,5.0,True,True,arc,Tiger Creek Powerhouse Tailrace,CH,ST,76.3794807034542,2.0,12,True,2
C_SAC093,3,4.0,5.0,True,True,arc,Sacramento River,CH,ST,586.123240220915,1.0,12,True,2
D_DMC044_71_PA4,3,4.0,5.0,True,True,arc,,D,,11735.5143999988,2.0,12,True,2
D_FRMDW_FMT002,3,4.0,5.0,True,True,arc,French Meadows Tunnel,D,,7778.80260327458,1.0,12,True,2
D_DER022_DES006,3,4.0,5.0,True,True,arc,D-S Canal,D,CL,10369.7219267097,1.0,12,True,2
C_UNVLY,3,4.0,5.0,True,True,arc,Silver Creek,CH,ST,402.151308304758,1.0,12,True,2
D_CCH030_20_NA1,3,4.0,5.0,True,True,arc,,D,,27405.0564561748,1.0,12,True,2
I_PEDRO,3,4.0,5.0,True,True,arc,,IN,LI,7500.00005812631,2.0,12,True,2
I_SFD003,3,4.0,5.0,True,True,arc,,IN,LI,7499.99989982945,1.0,12,True,2
MCD056,3,4.0,5.0,True,True,node,MCD056,CH,STM,,2.0,12,True,2
C_JBC004,3,4.0,5.0,True,True,arc,Joint Board Canal,CH,CL,10367.6340056321,1.0,12,True,2
R_05_NA_SAC201,3,4.0,5.0,True,True,arc,,RT,,28428.8747508357,1.0,12,True,2
C_BANOS,3,4.0,5.0,True,True,arc,Los Banos Creek,CH,ST,6368.33109527096,2.0,12,True,2
D_CCL005_04_PA1,3,4.0,5.0,True,True,arc,,D,,12745.4526000014,1.0,12,True,2
C_WSE004,3,4.0,5.0,True,True,arc,Wise Canal,CH,CL,7537.07914265657,1.0,12,True,2
NFM029,3,4.0,5.0,True,True,node,NFM029,CH,SG,,2.0,12,True,2
DAVIS,3,4.0,5.0,True,True,node,DAVIS,STR,,,1.0,12,True,2
D_SAC075_22_NA,3,4.0,5.0,True,True,arc,,D,,3059.50270000007,1.0,12,True,2
SAL017,3,4.0,5.0,True,True,node,SAL017,CH,STM,,2.0,12,True,2
D_TCC085_GCC056,3,4.0,5.0,True,True,arc,,D,,5123.46281196237,1.0,12,True,2
NFC013,3,4.0,5.0,True,True,node,NFC013,CH,SG,,1.0,12,True,2
C_GCC022,3,4.0,5.0,True,True,arc,Glenn Colusa Canal,CH,CL,8046.72001941126,1.0,12,True,2
D_SAC030_MOK014,3,4.0,5.0,True,True,arc,,D,,2987.08735481092,1.0,12,True,2
D_MIO023_12_NU1,3,4.0,5.0,True,True,arc,Lower Miocene Canal,D,,18352.0461321135,1.0,12,True,2
MFY013,3,4.0,5.0,True,True,node,MFY013,CH,STM,,1.0,12,True,2
C_SFY041,3,4.0,5.0,True,True,arc,South Yuba River,CH,ST,827.618163246661,1.0,12,True,2
DMC074,3,4.0,5.0,True,True,node,DMC074,CH,CNL,,2.0,12,True,2
C_CBD000,3,4.0,5.0,True,True,arc,Colusa Basin Drainage Canal,CH,CL,432.925154516881,1.0,12,True,2
ALD001,3,4.0,5.0,True,True,node,ALD001,CH,SG,,1.0,12,True,2
SBP031,3,4.0,5.0,True,True,node,SBP031,CH,BYP,,1.0,12,True,2
SAC007,3,4.0,5.0,True,True,node,SAC007,CH,STM,,1.0,12,True,2
D_EBP016_64_NA2,3,4.0,5.0,True,True,arc,,D,,9549.29353547183,2.0,12,True,2
CWD009,3,4.0,5.0,True,True,node,CWD009,CH,STM,,1.0,12,True,2
D_SFD003_CSD014,3,4.0,5.0,True,True,arc,Cascade Canal,D,CL,23272.362346512,1.0,12,True,2
LCC038,3,4.0,5.0,True,True,node,LCC038,CH,STM,,1.0,12,True,2
THM005,3,4.0,5.0,True,True,node,THM005,CH,STM,,1.0,12,True,2
C_JBC002,3,4.0,5.0,True,True,arc,Joint Board Canal,CH,CL,3631.97016254919,1.0,12,True,2
RRT000,3,4.0,5.0,True,True,node,RRT000,CH,SG,,1.0,12,True,2
SAC281,3,4.0,5.0,True,True,node,SAC281,CH,STM,,1.0,12,True,2
C_CWD003,3,4.0,5.0,True,True,arc,Cottonwood Creek,CH,ST,4376.29391376199,1.0,12,True,2
MFA035,3,4.0,5.0,True,True,node,MFA035,CH,SG,,1.0,12,True,2
SJR180,3,4.0,5.0,True,True,node,SJR180,CH,STM,,2.0,12,True,2
C_CAA067,3,4.0,5.0,True,True,arc,California Aqueduct,CH,CL,3546.23386943811,2.0,12,True,2
CCH003,3,4.0,5.0,True,True,node,CCH003,CH,STM,,1.0,12,True,2
SR_26N_AMR004,3,4.0,5.0,True,True,arc,,SR,,2499.99997653271,1.0,12,True,2
C_SJR006,3,4.0,5.0,True,True,arc,San Joaquin River,CH,ST,9656.08330299599,1.0,12,True,2
AMADR,3,4.0,5.0,True,True,node,AMADR,STR,SIM,,2.0,12,True,2
C_FTR039,3,4.0,5.0,True,True,arc,Feather River,CH,ST,5400.3362316006,1.0,12,True,2
D_WKYTN_SPT003,3,4.0,5.0,True,True,arc,,D,,8414.28827509472,1.0,12,True,2
C_LBC030,3,4.0,5.0,True,True,arc,Lower Boardman Canal,CH,CL,3081.36768541493,1.0,12,True,2
LBC049,3,4.0,5.0,True,True,node,LBC049,CH,CNL,,1.0,12,True,2
HON004,3,4.0,5.0,True,True,node,HON004,CH,STM,,1.0,12,True,2
C_DRC010,3,4.0,5.0,True,True,arc,Deer Creek,CH,ST,8341.18557875926,1.0,12,True,2
D_LBC010_PCWA3,3,4.0,5.0,True,True,arc,,D,,3674.10850000009,1.0,12,True,2
HNSLY,3,4.0,5.0,True,True,node,HNSLY,STR,,,2.0,12,True,2
SJR198,3,4.0,5.0,True,True,node,SJR198,CH,STM,,2.0,12,True,2
POE006,3,4.0,5.0,True,True,node,POE006,CH,SG,,1.0,12,True,2
C_BCC004,3,4.0,5.0,True,True,arc,Big Chico Creek,CH,ST,6437.37603144149,1.0,12,True,2
R_11_SA1_CRK005,3,4.0,5.0,True,True,arc,,RT,,25341.7063685553,1.0,12,True,2
C_CHW006,3,4.0,5.0,True,True,arc,Chowchilla River,CH,ST,9656.08334502,2.0,12,True,2
D_MLC006_05_NA,3,4.0,5.0,True,True,arc,,D,,6793.39684602262,1.0,12,True,2
OWN011,3,4.0,5.0,True,True,node,OWN011,CH,STM,,2.0,12,True,2
RFS13,3,4.0,5.0,True,True,node,RFS13,RFS,,,1.0,12,True,2
I_COT033,3,4.0,5.0,True,True,arc,,IN,LI,7500.00005812565,2.0,12,True,2
C_SFY033,3,4.0,5.0,True,True,arc,South Yuba River,CH,ST,41754.2159341889,1.0,12,True,2
D_WTPJMS_03_PU1,3,4.0,5.0,True,True,arc,,D,,6903.89890000131,1.0,12,True,2
SR_60S_SJR028,3,4.0,5.0,True,True,arc,,SR,,2500.00007079504,2.0,12,True,2
SYC003,3,4.0,5.0,True,True,node,SYC003,CH,CNL,,1.0,12,True,2
D_YUB003_15N_NU,3,4.0,5.0,True,True,arc,,D,,2077.58489999827,1.0,12,True,2
D_LDC007_11_SA2,3,4.0,5.0,True,True,arc,,D,,3613.19549999945,1.0,12,True,2
D_EDC021_EDP003,3,4.0,5.0,True,True,arc,El Dorado PH Penstocks,D,CL,4749.08981374032,1.0,12,True,2
I_OGN005,3,4.0,5.0,True,True,arc,,IN,LI,7500.000101107,1.0,12,True,2
R_04_NU1_SAC240,3,4.0,5.0,True,True,arc,,RT,,5109.33361223692,1.0,12,True,2
D_RFS61D_61_NA5,3,4.0,5.0,True,True,arc,,D,,18784.8511987968,2.0,12,True,2
I_SCOTF,3,4.0,5.0,True,True,arc,,IN,LI,7499.9998924288,1.0,12,True,2
D_MCD050_62_NA2,3,4.0,5.0,True,True,arc,,D,,36631.0158820927,2.0,12,True,2
D_CAA009_DMC007,3,4.0,5.0,True,True,arc,,D,,179.048580712998,2.0,12,True,2
D_PARDE_MAQ001,3,4.0,5.0,True,True,arc,,D,,2126.67780000158,2.0,12,True,2
R_RFS71A_OMR039,3,4.0,5.0,True,True,arc,,RT,,11427.8126192242,2.0,12,True,2
D_SAC159_08N_SA1,3,4.0,5.0,True,True,arc,,D,,5702.02669669749,1.0,12,True,2
SFY007,3,4.0,5.0,True,True,node,SFY007,CH,SG,,1.0,12,True,2
C_SAC162,3,4.0,5.0,True,True,arc,Sacramento River,CH,ST,4280.37421959665,1.0,12,True,2
MSH015,3,4.0,5.0,True,True,node,MSH015,CH,SG,,2.0,12,True,2
I_FOLSM,3,4.0,5.0,True,True,arc,,IN,LI,7500.00005106415,1.0,12,True,2
C_MCD021,3,4.0,5.0,True,True,arc,Merced River,CH,ST,5613.36219018436,2.0,12,True,2
C_FRMAN,3,4.0,5.0,True,True,arc,Little Last Chance Creek,CH,ST,95.2821169132592,1.0,12,True,2
C_STH007,3,4.0,5.0,True,True,arc,South Canal,CH,ST,549.011067771326,1.0,12,True,2
R_16_NA2_DWRPS1,3,4.0,5.0,True,True,arc,,RT,,3939.97920000181,1.0,12,True,2
SAC053,3,4.0,5.0,True,True,node,SAC053,CH,STM,,1.0,12,True,2
CAA024,3,4.0,5.0,True,True,node,CAA024,CH,CNL,,2.0,12,True,2
D_SJR028_WTPDWS,3,4.0,5.0,True,True,arc,,D,,17256.2683871212,1.0,12,True,2
C_PSC006,3,4.0,5.0,True,True,arc,Putah South Canal,CH,CL,10652.2749284283,1.0,12,True,2
I_MPS038,3,4.0,5.0,True,True,arc,,IN,LI,7499.99997390218,2.0,12,True,2
C_BTC048,3,4.0,5.0,True,True,arc,Butte Creek,CH,ST,4898.24213025656,1.0,12,True,2
I_OWN040,3,4.0,5.0,True,True,arc,,IN,LI,7499.99997390412,2.0,12,True,2
OROVL,3,4.0,5.0,True,True,node,OROVL,STR,SIM,,1.0,12,True,2
D_PSC015_CSPSO,3,4.0,5.0,True,True,arc,,D,,1531.60381206851,1.0,12,True,2
SAC224,3,4.0,5.0,True,True,node,SAC224,CH,STM,,1.0,12,True,2
D_EPARK_SCKWD,3,4.0,5.0,True,True,arc,,D,,6837.65693220283,1.0,12,True,2
D_DRC005_05_NA,3,4.0,5.0,True,True,arc,,D,,4496.52678157688,1.0,12,True,2
EBMUD,3,4.0,5.0,True,True,node,EBMUD,OM,OMD,,2.0,12,True,2
RUB004,3,4.0,5.0,True,True,node,RUB004,CH,STM,,1.0,12,True,2
SR_25_CSL005,3,4.0,5.0,True,True,arc,,SR,,2499.99992509381,1.0,12,True,2
I_BLKBT,3,4.0,5.0,True,True,arc,,IN,LI,7500.00002762269,1.0,12,True,2
SR_64_EBP019,3,4.0,5.0,True,True,arc,,SR,,2500.00007079418,2.0,12,True,2
R_26S_PU5_SRWWTP,3,4.0,5.0,True,True,arc,,RT,,12966.8460793539,1.0,12,True,2
CBD044,3,4.0,5.0,True,True,node,CBD044,CH,CNL,,1.0,12,True,2
D_TUO054_MDS003,3,4.0,5.0,True,True,arc,Modesto Main Canal,D,,4121.43024776907,2.0,12,True,2
C_SJR123,3,4.0,5.0,True,True,arc,San Joaquin River,CH,ST,6629.06654957698,2.0,12,True,2
SR_09_SAC185,3,4.0,5.0,True,True,arc,,SR,,2500.00009999983,1.0,12,True,2
C_SAC085,3,4.0,5.0,True,True,arc,Sacramento River,CH,ST,4530.78991093354,1.0,12,True,2
RVC005,3,4.0,5.0,True,True,node,RVC005,CH,CNL,,1.0,12,True,2
SAC022,3,4.0,5.0,True,True,node,SAC022,CH,STM,,1.0,12,True,2
C_EBP041,3,4.0,5.0,True,True,arc,Eastside Bypass,CH,BP,886.307254583942,2.0,12,True,2
D_COW014_03_NA,3,4.0,5.0,True,True,arc,,D,,8498.62663242648,1.0,12,True,2
C_DSC008,3,4.0,5.0,True,True,arc,Dry Creek/Sutter Creek,CH,ST,12874.9085630362,2.0,12,True,2
C_SAC214,3,4.0,5.0,True,True,arc,Sacramento River,CH,ST,11987.3224014946,1.0,12,True,2
C_GCC046,3,4.0,5.0,True,True,arc,Glenn Colusa Canal,CH,CL,6437.37600846241,1.0,12,True,2
R_03_PA_SAC287,3,4.0,5.0,True,True,arc,,RT,,11115.8402887691,1.0,12,True,2
GCC046,3,4.0,5.0,True,True,node,GCC046,CH,CNL,,1.0,12,True,2
R_08S_SA1_CBD031,3,4.0,5.0,True,True,arc,Unlabeled Return Flow,RT,,13559.5590851926,1.0,12,True,2
R_03_SA_SAC281,3,4.0,5.0,True,True,arc,Unlabeled Return Flow,RT,,3597.63852883994,1.0,12,True,2
C_SJR166,3,4.0,5.0,True,True,arc,San Joaquin River,CH,ST,15195.0836575284,2.0,12,True,2
BCM003,3,4.0,5.0,True,True,node,BCM003,CH,STM,,2.0,12,True,2
D_CLV043_WTPJYL,3,4.0,5.0,True,True,arc,,D,,160.771499998868,2.0,12,True,2
C_GRZ012,3,4.0,5.0,True,True,arc,Garzas Creek,CH,ST,12869.9281160329,2.0,12,True,2
R_DWRPS1_SBP012,3,4.0,5.0,True,True,arc,,RT,,876.274099999107,1.0,12,True,2
ANT011,3,4.0,5.0,True,True,node,ANT011,CH,SG,,1.0,12,True,2
C_TAB000,3,4.0,5.0,True,True,arc,Thermalito Afterbay Outlet,CH,ST,417.126957127597,1.0,12,True,2
C_DER022,3,4.0,5.0,True,True,arc,Deer Creek,CH,ST,7510.73309887073,1.0,12,True,2
R_14_NA_RFS14,3,4.0,5.0,True,True,arc,,RT,,3585.42240000051,1.0,12,True,2
C_CSM016,3,4.0,5.0,True,True,arc,Cosumnes River,CH,ST,8131.28090396253,2.0,12,True,2
D_OMR021_ORP000,3,4.0,5.0,True,True,arc,Old River Pipeline,D,,212.516917241187,1.0,12,True,2
D_WTPDWP_20_NU1,3,4.0,5.0,True,True,arc,,D,PRP,5112.27080000099,1.0,12,True,2
CMP005,3,4.0,5.0,True,True,node,CMP005,CH,STM,,2.0,12,True,2
C_FRS046,3,4.0,5.0,True,True,arc,Fresno River,CH,ST,893.753910209881,2.0,12,True,2
SJR213,3,4.0,5.0,True,True,node,SJR213,CH,SG,,2.0,12,True,2
C_MCD005,3,4.0,5.0,True,True,arc,Merced River,CH,ST,4108.90391096041,2.0,12,True,2
C_SAC141,3,4.0,5.0,True,True,arc,Sacramento River,CH,ST,6719.23646577633,1.0,12,True,2
DMC085,3,4.0,5.0,True,True,node,DMC085,CH,CNL,,2.0,12,True,2
D_BTC036_10_NA,3,4.0,5.0,True,True,arc,,D,,4500.0,1.0,12,True,2
D_TCC036_07N_PA,3,4.0,5.0,True,True,arc,,D,,15726.317999999,1.0,12,True,2
C_XCC010,3,4.0,5.0,True,True,arc,Main Canal,CH,CL,24650.0715343232,2.0,12,True,2
D_PSC024_SIDSH,3,4.0,5.0,True,True,arc,,D,,4081.73799999896,1.0,12,True,2
STS069,3,4.0,5.0,True,True,node,STS069,CH,SG,,2.0,12,True,2
73_NA,3,4.0,5.0,True,True,node,73_NA,NP,A,,2.0,12,True,2
DMC105,3,4.0,5.0,True,True,node,DMC105,CH,CNL,,2.0,12,True,2
EBF018,3,4.0,5.0,True,True,node,EBF018,CH,STM,,1.0,12,True,2
D_WTPNBR_FRFLD,3,4.0,5.0,True,True,arc,,D,,9994.31900000107,1.0,12,True,2
D_NFM010_ELT000,3,4.0,5.0,True,True,arc,West Point Tunnel (MokAque),D,CL,4557.21956156463,2.0,12,True,2
VJB000,3,4.0,5.0,True,True,node,VJB000,CH,CNL,,1.0,12,True,2
D_RFS13_12_NA,3,4.0,5.0,True,True,arc,,D,,10043.3472999996,1.0,12,True,2
D_AMR017_WTPBJM,3,4.0,5.0,True,True,arc,,D,,131.055811392402,1.0,12,True,2
ASL013,3,4.0,5.0,True,True,node,ASL013,CH,STM,,2.0,12,True,2
C_FOLSM,3,4.0,5.0,True,True,arc,American River,CH,ST,11084.9735669029,1.0,12,True,2
D_WTPVNY_26S_PU6,3,4.0,5.0,True,True,arc,,D,,7024.96050562783,1.0,12,True,2
D_XCC033_72_PR4,3,4.0,5.0,True,True,arc,San Luis Canal,D,,21663.1739490758,2.0,12,True,2
SAC099,3,4.0,5.0,True,True,node,SAC099,CH,STM,,1.0,12,True,2
I_SLTSP,3,4.0,5.0,True,True,arc,,IN,LI,7500.00010096025,2.0,12,True,2
SJR145,3,4.0,5.0,True,True,node,SJR145,CH,STM,,2.0,12,True,2
R_02_SA_SAC273,3,4.0,5.0,True,True,arc,,RT,,4932.99880000018,1.0,12,True,2
C_CAA009,3,4.0,5.0,True,True,arc,California Aqueduct,CH,CL,4910.81421044717,2.0,12,True,2
WLF013,3,4.0,5.0,True,True,node,WLF013,CH,STM,,1.0,12,True,2
C_NFM006,3,4.0,5.0,True,True,arc,North Fork Mokelumne River,CH,ST,10649.5929824476,2.0,12,True,2
C_SJR195,3,4.0,5.0,True,True,arc,San Joaquin River,CH,ST,4927.01804139812,2.0,12,True,2
D_STH000_ABN027,3,4.0,5.0,True,True,arc,,D,CL,422.143450391046,1.0,12,True,2
C_FTR051,3,4.0,5.0,True,True,arc,Feather River,CH,ST,4828.1961748411,1.0,12,True,2
C_WSE008,3,4.0,5.0,True,True,arc,Wise Canal,CH,CL,65.8099184912867,1.0,12,True,2
C_YBP026,3,4.0,5.0,True,True,arc,Yolo Bypass,CH,BP,4231.36776281557,1.0,12,True,2
NLC002,3,4.0,5.0,True,True,node,NLC002,CH,SG,,1.0,12,True,2
C_SJR214,3,4.0,5.0,True,True,arc,San Joaquin River,CH,ST,171.128564081629,2.0,12,True,2
D_MOK050_60N_NA5,3,4.0,5.0,True,True,arc,,D,,4638.25123751581,2.0,12,True,2
WLWWTP,3,4.0,5.0,True,True,node,WLWWTP,WWTP,,,1.0,12,True,2
EBP022,3,4.0,5.0,True,True,node,EBP022,CH,BYP,,2.0,12,True,2
C_CAA095,3,4.0,5.0,True,True,arc,California Aqueduct,CH,CL,21653.9325325102,2.0,12,True,2
CRC002,3,4.0,5.0,True,True,node,CRC002,CH,CNL,,1.0,12,True,2
C_CAA005,3,4.0,5.0,True,True,arc,California Aqueduct,CH,CL,2232.08611450962,2.0,12,True,2
I_MCLRE,3,4.0,5.0,True,True,arc,,IN,LI,7500.00005812631,2.0,12,True,2
C_STN009,3,4.0,5.0,True,True,arc,Stony Creek,CH,ST,8546.31641618213,1.0,12,True,2
CAA006,3,4.0,5.0,True,True,node,CAA006,CH,CNL,,2.0,12,True,2
D_ARY010_72_PR6,3,4.0,5.0,True,True,arc,,D,,14889.1313999984,2.0,12,True,2
D_DED010_63_PR2,3,4.0,5.0,True,True,arc,,D,,3000.06930000056,2.0,12,True,2
C_ICEHS,3,4.0,5.0,True,True,arc,South Fork Silver Creek,CH,ST,776.599720403406,1.0,12,True,2
RPT004,3,4.0,5.0,True,True,node,RPT004,CH,SG,,1.0,12,True,2
SBP021,3,4.0,5.0,True,True,node,SBP021,CH,BYP,,1.0,12,True,2
AMR020,3,4.0,5.0,True,True,node,AMR020,CH,STM,,1.0,12,True,2
GCC036,3,4.0,5.0,True,True,node,GCC036,CH,CNL,,1.0,12,True,2
R_63_NA3_MCD028,3,4.0,5.0,True,True,arc,,RT,,13225.6391000003,2.0,12,True,2
LOONL,3,4.0,5.0,True,True,node,LOONL,STR,,,1.0,12,True,2
D_NWT013_WLDWD,3,4.0,5.0,True,True,arc,,D,,1691.88689999934,1.0,12,True,2
D_DMC016_WTPJJO,3,4.0,5.0,True,True,arc,,D,,952.551099999808,2.0,12,True,2
C_SJR242,3,4.0,5.0,True,True,arc,San Joaquin River,CH,ST,11265.4305011962,2.0,12,True,2
D_WTPBNC_BNCIA,3,4.0,5.0,True,True,arc,,D,,2500.0,1.0,12,True,2
SR_64_EBP032,3,4.0,5.0,True,True,arc,,SR,,2499.99994010495,2.0,12,True,2
C_CMT000,3,4.0,5.0,True,True,arc,Camptonville Tunnel,CH,CL,9282.49273934915,1.0,12,True,2
EBP042,3,4.0,5.0,True,True,node,EBP042,CH,BYP,,2.0,12,True,2
C_DRC005,3,4.0,5.0,True,True,arc,Deer Creek,CH,ST,7752.28658338309,1.0,12,True,2
D_CLR009_02_NA,3,4.0,5.0,True,True,arc,,D,,28746.4516879916,1.0,12,True,2
SLO000,3,4.0,5.0,True,True,node,SLO000,CH,GWO,,2.0,12,True,2
R_72_NA1_SJR106,3,4.0,5.0,True,True,arc,,RT,,7675.51942489703,2.0,12,True,2
CAA012,3,4.0,5.0,True,True,node,CAA012,CH,CNL,,2.0,12,True,2
LST003,3,4.0,5.0,True,True,node,LST003,CH,SG,,1.0,12,True,2
EAWWTP,3,4.0,5.0,True,True,node,EAWWTP,WWTP,,,1.0,12,True,2
C_CCH012,3,4.0,5.0,True,True,arc,Cache Creek,CH,ST,10342.6264774848,1.0,12,True,2
MFY044,3,4.0,5.0,True,True,node,MFY044,CH,SG,,1.0,12,True,2
YUB002,3,4.0,5.0,True,True,node,YUB002,CH,SG,,1.0,12,True,2
C_SAC250,3,4.0,5.0,True,True,arc,Sacramento River,CH,ST,4215.11404055275,1.0,12,True,2
C_SJR062,3,4.0,5.0,True,True,arc,San Joaquin River,CH,ST,9078.33622723155,2.0,12,True,2
SP_EBP041_SJR145,3,4.0,5.0,True,True,arc,Mariposa Bypass,SP,BP,7054.40116830224,2.0,12,True,2
R_08N_PA_CBD044,3,4.0,5.0,True,True,arc,,RT,,5814.72549999878,1.0,12,True,2
C_SAC259,3,4.0,5.0,True,True,arc,Sacramento River,CH,ST,2783.01124799203,1.0,12,True,2
D_FTR014_16_SA,3,4.0,5.0,True,True,arc,,D,,2096.5828999998,1.0,12,True,2
D_LOONL_LLT000,3,4.0,5.0,True,True,arc,,D,NS,3415.66539999843,1.0,12,True,2
TGR001,3,4.0,5.0,True,True,node,TGR001,CH,SG,,2.0,12,True,2
DER018,3,4.0,5.0,True,True,node,DER018,CH,STM,,1.0,12,True,2
SR_08N_SAC185,3,4.0,5.0,True,True,arc,,SR,,2500.00007079453,1.0,12,True,2
SAC085,3,4.0,5.0,True,True,node,SAC085,CH,STM,,1.0,12,True,2
D_SJR116_72_NA1,3,4.0,5.0,True,True,arc,,D,,1489.23320779488,2.0,12,True,2
C_SAC030,3,4.0,5.0,True,True,arc,Sacramento River,CH,ST,973.303383042203,1.0,12,True,2
C_YBP011,3,4.0,5.0,True,True,arc,Yolo Bypass,CH,BP,6437.38883529347,1.0,12,True,2
C_CBD037,3,4.0,5.0,True,True,arc,Colusa Basin Drainage Canal,CH,CL,9442.16401817827,1.0,12,True,2
C_DED035,3,4.0,5.0,True,True,arc,Deadman Creek,CH,ST,4828.04165761101,2.0,12,True,2
D_WTPDWS_60S_NU1,3,4.0,5.0,True,True,arc,,D,,13743.7416000012,2.0,12,True,2
SR_60N_MOK035,3,4.0,5.0,True,True,arc,,SR,,2499.99980948203,1.0,12,True,2
CMP001,3,4.0,5.0,True,True,node,CMP001,CH,SG,,2.0,12,True,2
C_OGN004,3,4.0,5.0,True,True,arc,Oregon Creek,CH,ST,6674.97273234792,1.0,12,True,2
MNRRH,3,4.0,5.0,True,True,node,MNRRH,STR,,,1.0,12,True,2
CSM021,3,4.0,5.0,True,True,node,CSM021,CH,STM,,2.0,12,True,2
D_XCC054_72_PR5,3,4.0,5.0,True,True,arc,,D,,10221.4761050428,2.0,12,True,2
C_SAC224,3,4.0,5.0,True,True,arc,Sacramento River,CH,ST,9282.61845995577,1.0,12,True,2
D_DMC034_71_PA3,3,4.0,5.0,True,True,arc,,D,,998.159099999815,2.0,12,True,2
WBF039,3,4.0,5.0,True,True,node,WBF039,CH,STM,,1.0,12,True,2
SAC091,3,4.0,5.0,True,True,node,SAC091,CH,STM,,1.0,12,True,2
TUO022,3,4.0,5.0,True,True,node,TUO022,CH,STM,,2.0,12,True,2
D_STS059_OAK001,3,4.0,5.0,True,True,arc,Oakdale South Main Canal,D,,599.048873106404,2.0,12,True,2
C_MPS038,3,4.0,5.0,True,True,arc,Mariposa Creek,CH,ST,61155.8160323555,2.0,12,True,2
D_SAC185_09_NA,3,4.0,5.0,True,True,arc,,D,,8311.76634173165,1.0,12,True,2
ABT002,3,4.0,5.0,True,True,node,ABT002,CH,CNL,,1.0,12,True,2
C_BRR023,3,4.0,5.0,True,True,arc,Bear River,CH,ST,8395.13222346385,1.0,12,True,2
C_SBP014,3,4.0,5.0,True,True,arc,Sutter Bypass,CH,BP,2454.42377055223,1.0,12,True,2
SAC065,3,4.0,5.0,True,True,node,SAC065,CH,STM,,1.0,12,True,2
I_JKSMD,3,4.0,5.0,True,True,arc,,IN,IM,7500.0001062355,1.0,12,True,2
C_ELD005,3,4.0,5.0,True,True,arc,Elder Creek,CH,ST,8046.7200743222,1.0,12,True,2
R_91_PR_FSL005,3,4.0,5.0,True,True,arc,,RT,,2840.81589999981,2.0,12,True,2
RFS8S,3,4.0,5.0,True,True,node,RFS8S,RFS,,,1.0,12,True,2
C_DMC034,3,4.0,5.0,True,True,arc,Delta-Mendota Canal,CH,CL,7013.9052981108,2.0,12,True,2
R_13_NU1_ORWWTP,3,4.0,5.0,True,True,arc,,RT,,4500.0,1.0,12,True,2
LDC021,3,4.0,5.0,True,True,node,LDC021,CH,STM,,1.0,12,True,2
I_HHOLE,3,4.0,5.0,True,True,arc,,IN,LI,7499.99996553269,1.0,12,True,2
C_SLF015,3,4.0,5.0,True,True,arc,Silver Fork American River,CH,ST,7313.81325538222,1.0,12,True,2
R_RFS63_AWWWTP,3,4.0,5.0,True,True,arc,,RT,,12667.4166999999,2.0,12,True,2
C_SAC091,3,4.0,5.0,True,True,arc,Sacramento River,CH,ST,9152.87796426811,1.0,12,True,2
C_MDC019,3,4.0,5.0,True,True,arc,Madera Canal,CH,CL,21202.5438032863,2.0,12,True,2
R_RFS11_WWC006,3,4.0,5.0,True,True,arc,Snake River,RT,,31549.762503107,1.0,12,True,2
TUO030,3,4.0,5.0,True,True,node,TUO030,CH,STM,,2.0,12,True,2
SR_10_SAC196,3,4.0,5.0,True,True,arc,,SR,,2499.99997840639,1.0,12,True,2
C_SAL006,3,4.0,5.0,True,True,arc,Salt Slough,CH,ST,9384.61347602712,2.0,12,True,2
C_FTR016,3,4.0,5.0,True,True,arc,Feather River,CH,ST,3520.48650535619,1.0,12,True,2
R_71_PA3_WWW001,3,4.0,5.0,True,True,arc,,RT,,3203.67929999903,2.0,12,True,2
I_DSC035,3,4.0,5.0,True,True,arc,,IN,LI,7500.0,2.0,12,True,2
RLLNS,3,4.0,5.0,True,True,node,RLLNS,STR,NSM,,1.0,12,True,2
I_MFA025,3,4.0,5.0,True,True,arc,,IN,LI,7500.00005955262,1.0,12,True,2
BTC036,3,4.0,5.0,True,True,node,BTC036,CH,STM,,1.0,12,True,2
SR_23_CCK007,3,4.0,5.0,True,True,arc,,SR,,2500.0000325259,1.0,12,True,2
C_SAC217,3,4.0,5.0,True,True,arc,Sacramento River,CH,ST,5266.21584749546,1.0,12,True,2
FPT013,3,4.0,5.0,True,True,node,FPT013,CH,CNL,,1.0,12,True,2
SJR042,3,4.0,5.0,True,True,node,SJR042,CH,STM,,1.0,12,True,2
SR_63_MCD050,3,4.0,5.0,True,True,arc,,SR,,2500.00004160998,2.0,12,True,2
C_DRM002,3,4.0,5.0,True,True,arc,Drum Canal,CH,CL,483.288107552466,1.0,12,True,2
RVC000,3,4.0,5.0,True,True,node,RVC000,CH,SG,,1.0,12,True,2
MFA026,3,4.0,5.0,True,True,node,MFA026,CH,STM,,1.0,12,True,2
C_OWN011,3,4.0,5.0,True,True,arc,Owens Creek,CH,ST,18237.5758814359,2.0,12,True,2
R_73_PA1_LBN025,3,4.0,5.0,True,True,arc,,RT,,12036.9432572931,2.0,12,True,2
TCC036,3,4.0,5.0,True,True,node,TCC036,CH,CNL,,1.0,12,True,2
I_MFA001,3,4.0,5.0,True,True,arc,,IN,LI,7500.00006173755,1.0,12,True,2
AMR022,3,4.0,5.0,True,True,node,AMR022,CH,SG,,1.0,12,True,2
I_INDVL,3,4.0,5.0,True,True,arc,,IN,LI,7500.00004633114,1.0,12,True,2
BSC010,3,4.0,5.0,True,True,node,BSC010,CH,CNL,,1.0,12,True,2
C_SAC109,3,4.0,5.0,True,True,arc,Sacramento River,CH,ST,4346.49830360606,1.0,12,True,2
C_MCD050,3,4.0,5.0,True,True,arc,Merced River,CH,ST,3859.72342951099,2.0,12,True,2
R_24_NU3_CCK038,3,4.0,5.0,True,True,arc,,RT,,1527.60300724805,1.0,12,True,2
C_TWL005,3,4.0,5.0,True,True,arc,Towle Canal,CH,CL,1581.799245933,1.0,12,True,2
D_SAC289_03_SA,3,4.0,5.0,True,True,arc,,D,,8093.81579999905,1.0,12,True,2
SR_61_SJR043,3,4.0,5.0,True,True,arc,,SR,,2500.00007079454,2.0,12,True,2
D_MFA036_RLT007,3,4.0,5.0,True,True,arc,Ralston Tunnel,D,,11210.5454166417,1.0,12,True,2
C_CHW017,3,4.0,5.0,True,True,arc,Chowchilla River,CH,ST,9273.4609616606,2.0,12,True,2
D_SAC159_08S_SA1,3,4.0,5.0,True,True,arc,,D,,12266.765926298,1.0,12,True,2
I_SFR006,3,4.0,5.0,True,True,arc,,IN,LI,7499.99998124862,1.0,12,True,2
ICEHS,3,4.0,5.0,True,True,node,ICEHS,STR,,,1.0,12,True,2
ANT010,3,4.0,5.0,True,True,node,ANT010,CH,STM,,1.0,12,True,2
C_CCH053,3,4.0,5.0,True,True,arc,Cache Creek,CH,ST,2052.34428458469,1.0,12,True,2
NFY017,3,4.0,5.0,True,True,node,NFY017,CH,STM,,1.0,12,True,2
CCK007,3,4.0,5.0,True,True,node,CCK007,CH,STM,,1.0,12,True,2
C_RRT000,3,4.0,5.0,True,True,arc,Rubicon-Rockbound Tunnel,CH,CL,921.496684489012,1.0,12,True,2
C_FTR045,3,4.0,5.0,True,True,arc,Feather River,CH,ST,8776.90290896705,1.0,12,True,2
SR_15N_HON004,3,4.0,5.0,True,True,arc,,SR,,2500.00006651493,1.0,12,True,2
CCH017,3,4.0,5.0,True,True,node,CCH017,CH,STM,,1.0,12,True,2
R_73_XA_SLD027,3,4.0,5.0,True,True,arc,,RT,,29527.9419,2.0,12,True,2
C_LLT000,3,4.0,5.0,True,True,arc,Loon Lake Tunnel,CH,CL,6341.21230714803,1.0,12,True,2
CAPLS,3,4.0,5.0,True,True,node,CAPLS,STR,,,1.0,12,True,2
ELT000,3,4.0,5.0,True,True,node,ELT000,CH,CNL,,2.0,12,True,2
D_WTPMOD_61_NU1,3,4.0,5.0,True,True,arc,,D,,29864.0820000004,2.0,12,True,2
D_ABN024_24_NA1,3,4.0,5.0,True,True,arc,Auburn Ravine Canal,D,CL,5422.98815351026,1.0,12,True,2
SJR101,3,4.0,5.0,True,True,node,SJR101,CH,STM,,2.0,12,True,2
MFY005,3,4.0,5.0,True,True,node,MFY005,CH,STM,,1.0,12,True,2
R_SRWWTP_SAC048,3,4.0,5.0,True,True,arc,,RT,,3605.13907355504,1.0,12,True,2
SR_24_CCK022,3,4.0,5.0,True,True,arc,,SR,,2500.00007543133,1.0,12,True,2
SCOTF,3,4.0,5.0,True,True,node,SCOTF,STR,,,1.0,12,True,2
CT_DAVIS,3,4.0,5.0,True,True,arc,,CT,,7500.00000351538,1.0,12,True,2
C_LWSTN,3,4.0,5.0,True,True,arc,Trinity River,CH,ST,2003.55865665765,1.0,12,True,2
R_26S_PU2_SRWWTP,3,4.0,5.0,True,True,arc,,RT,,31126.7273618304,1.0,12,True,2
FTR025,3,4.0,5.0,True,True,node,FTR025,CH,STM,,1.0,12,True,2
SAC275,3,4.0,5.0,True,True,node,SAC275,CH,STM,,1.0,12,True,2
MCD005,3,4.0,5.0,True,True,node,MCD005,CH,SG,,2.0,12,True,2
SFF011,3,4.0,5.0,True,True,node,SFF011,CH,SG,,1.0,12,True,2
MBT005,3,4.0,5.0,True,True,node,MBT005,CH,SG,,1.0,12,True,2
PLC006,3,4.0,5.0,True,True,node,PLC006,CH,SG,,1.0,12,True,2
SAC247,3,4.0,5.0,True,True,node,SAC247,CH,SG,,1.0,12,True,2
D_SAC224_04_NA,3,4.0,5.0,True,True,arc,,D,,9627.7621545817,1.0,12,True,2
C_SBP018,3,4.0,5.0,True,True,arc,Sutter Bypass,CH,BP,6437.37598948458,1.0,12,True,2
D_CBD037_08S_PR,3,4.0,5.0,True,True,arc,,D,,2684.88299999945,1.0,12,True,2
D_MNRRH_13_NA,3,4.0,5.0,True,True,arc,Bangor Canal,D,,11481.0729904759,1.0,12,True,2
D_SAC050_FPT013,3,4.0,5.0,True,True,arc,,D,,20193.132232526,1.0,12,True,2
D_SAC136_18_SA,3,4.0,5.0,True,True,arc,,D,,9031.44513659392,1.0,12,True,2
C_ELD012,3,4.0,5.0,True,True,arc,Elder Creek,CH,ST,11265.4079514507,1.0,12,True,2
LBN012,3,4.0,5.0,True,True,node,LBN012,CH,STM,,2.0,12,True,2
SJR179,3,4.0,5.0,True,True,node,SJR179,CH,SG,,2.0,12,True,2
LCC026,3,4.0,5.0,True,True,node,LCC026,CH,STM,,1.0,12,True,2
D_GCC027_08N_PR1,3,4.0,5.0,True,True,arc,,D,,10875.6566999992,1.0,12,True,2
C_OWN040,3,4.0,5.0,True,True,arc,Owens Creek,CH,ST,45606.3223230962,2.0,12,True,2
R_61_NA3_TUO003,3,4.0,5.0,True,True,arc,,RT,,3627.21775349469,2.0,12,True,2
MTMDW,3,4.0,5.0,True,True,node,MTMDW,STR,,,1.0,12,True,2
PSC024,3,4.0,5.0,True,True,node,PSC024,CH,CNL,,1.0,12,True,2
C_NFM029,3,4.0,5.0,True,True,arc,North Fork Mokelumne River,CH,ST,7950.77115213188,2.0,12,True,2
I_HNSLY,3,4.0,5.0,True,True,arc,,IN,LI,7500.00005812499,2.0,12,True,2
D_CAA165_90_PU,3,4.0,5.0,True,True,arc,,D,,28991.9230694154,2.0,12,True,2
CBD012,3,4.0,5.0,True,True,node,CBD012,CH,CNL,,1.0,12,True,2
C_SCT000,3,4.0,5.0,True,True,arc,Slate Creek Tunnel,CH,CL,4046.89426106498,1.0,12,True,2
SJR157,3,4.0,5.0,True,True,node,SJR157,CH,STM,,2.0,12,True,2
WEC005,3,4.0,5.0,True,True,node,WEC005,CH,CNL,,1.0,12,True,2
SR_62_MCD021,3,4.0,5.0,True,True,arc,,SR,,2500.00009999983,2.0,12,True,2
SJR022,3,4.0,5.0,True,True,node,SJR022,CH,STM,,1.0,12,True,2
D_BEC022_WTPBWM,3,4.0,5.0,True,True,arc,Bowman Canal,D,CL,2941.88099694276,1.0,12,True,2
R_02_PA_SAC273,3,4.0,5.0,True,True,arc,,RT,,31789.3129009586,1.0,12,True,2
D_CAA172_90_PA1,3,4.0,5.0,True,True,arc,,D,,64191.4547621142,2.0,12,True,2
SR_07S_YBP034,3,4.0,5.0,True,True,arc,,SR,,2499.99994525645,1.0,12,True,2
C_DRM008,3,4.0,5.0,True,True,arc,Drum Canal,CH,CL,2780.02817308992,1.0,12,True,2
TCC081,3,4.0,5.0,True,True,node,TCC081,CH,CNL,,1.0,12,True,2
MOK082,3,4.0,5.0,True,True,node,MOK082,CH,STM,,2.0,12,True,2
I_DBC024,3,4.0,5.0,True,True,arc,,IN,LI,7500.00007301169,2.0,12,True,2
SJR053,3,4.0,5.0,True,True,node,SJR053,CH,STM,,2.0,12,True,2
C_LBC001,3,4.0,5.0,True,True,arc,Lower Boardman Canal,CH,CL,14484.2724136967,1.0,12,True,2
C_BRR061,3,4.0,5.0,True,True,arc,Bear River,CH,ST,877.254869653517,1.0,12,True,2
R_08N_NA_CBD049,3,4.0,5.0,True,True,arc,Unlabeled Return Flow,RT,,21025.5380887917,1.0,12,True,2
SAC269,3,4.0,5.0,True,True,node,SAC269,CH,STM,,1.0,12,True,2
OGN005,3,4.0,5.0,True,True,node,OGN005,CH,STM,,1.0,12,True,2
C_MELON,3,4.0,5.0,True,True,arc,Stanislaus River,CH,ST,574.068025871659,2.0,12,True,2
SJR117,3,4.0,5.0,True,True,node,SJR117,CH,STM,,2.0,12,True,2
D_DMC054_NMW004,3,4.0,5.0,True,True,arc,Newman Wasteway,D,CL,6437.38885101748,2.0,12,True,2
SR_18_RFS18,3,4.0,5.0,True,True,arc,,SR,,2500.00006651625,1.0,12,True,2
C_TUO053,3,4.0,5.0,True,True,arc,Tuolumne River,CH,ST,10342.8906861831,2.0,12,True,2
C_BEC022,3,4.0,5.0,True,True,arc,Halsey PH Penstock,CH,CL,2064.26734890472,1.0,12,True,2
C_SJR096,3,4.0,5.0,True,True,arc,San Joaquin River,CH,ST,7954.73533601585,2.0,12,True,2
C_CHW028,3,4.0,5.0,True,True,arc,Chowchilla River,CH,ST,6484.2926170503,2.0,12,True,2
CHW011,3,4.0,5.0,True,True,node,CHW011,CH,STM,,2.0,12,True,2
I_CAPLS,3,4.0,5.0,True,True,arc,,IN,LI,7500.00002714183,1.0,12,True,2
SJR205,3,4.0,5.0,True,True,node,SJR205,CH,STM,,2.0,12,True,2
D_WTPCYC_16_PU,3,4.0,5.0,True,True,arc,,D,,3825.45239999983,1.0,12,True,2
SJR227,3,4.0,5.0,True,True,node,SJR227,CH,SG,,2.0,12,True,2
QNT005,3,4.0,5.0,True,True,node,QNT005,CH,STM,,2.0,12,True,2
C_SJR192,3,4.0,5.0,True,True,arc,San Joaquin River,CH,ST,11265.4305373345,2.0,12,True,2
D_CBD049_08N_PA,3,4.0,5.0,True,True,arc,,D,,5097.23610000126,1.0,12,True,2
C_SAC287,3,4.0,5.0,True,True,arc,Sacramento River,CH,ST,8934.33030039032,1.0,12,True,2
I_ESTMN,3,4.0,5.0,True,True,arc,,IN,LI,7500.00005812631,2.0,12,True,2
AMR007,3,4.0,5.0,True,True,node,AMR007,CH,STM,,1.0,12,True,2
C_MCD033,3,4.0,5.0,True,True,arc,Merced River,CH,ST,1076.67486346626,2.0,12,True,2
FRS036,3,4.0,5.0,True,True,node,FRS036,CH,STM,,2.0,12,True,2
I_DEE023,3,4.0,5.0,True,True,arc,,IN,LI,7500.00002498452,2.0,12,True,2
C_MOK055,3,4.0,5.0,True,True,arc,Mokelumne River,CH,ST,8046.71995671398,2.0,12,True,2
CHWWTP,3,4.0,5.0,True,True,node,CHWWTP,WWTP,,,1.0,12,True,2
JNKSN,3,4.0,5.0,True,True,node,JNKSN,STR,,,2.0,12,True,2
STN014,3,4.0,5.0,True,True,node,STN014,CH,STM,,1.0,12,True,2
CGT005,3,4.0,5.0,True,True,node,CGT005,CH,STM,,1.0,12,True,2
UNVLY,3,4.0,5.0,True,True,node,UNVLY,STR,,,1.0,12,True,2
MOK044,3,4.0,5.0,True,True,node,MOK044,CH,STM,,2.0,12,True,2
MDC019,3,4.0,5.0,True,True,node,MDC019,CH,CNL,,2.0,12,True,2
C_MAQ012,3,4.0,5.0,True,True,arc,Mokelumne Aqueduct,CH,,72918.0200361608,2.0,12,True,2
FSC025,3,4.0,5.0,True,True,node,FSC025,CH,CNL,,2.0,12,True,2
C_FTR014,3,4.0,5.0,True,True,arc,Feather River,CH,ST,1793.23846241107,1.0,12,True,2
R_RFS61B_STS036,3,4.0,5.0,True,True,arc,,RT,,4029.22959999833,2.0,12,True,2
PTH011,3,4.0,5.0,True,True,node,PTH011,CH,SG,,1.0,12,True,2
R_71_PA1_SJR075,3,4.0,5.0,True,True,arc,,RT,,9474.33237748833,2.0,12,True,2
XCC010,3,4.0,5.0,True,True,node,XCC010,CH,CNL,,2.0,12,True,2
FBW001,3,4.0,5.0,True,True,node,FBW001,CH,CNL,,2.0,12,True,2
C_MFA040,3,4.0,5.0,True,True,arc,Middle Fork American River,CH,ST,5990.95831727841,1.0,12,True,2
R_24_NA3_SCR002,3,4.0,5.0,True,True,arc,,RT,,9755.18731191504,1.0,12,True,2
PTH024,3,4.0,5.0,True,True,node,PTH024,CH,STM,,1.0,12,True,2
C_CSD014,3,4.0,5.0,True,True,arc,Cascade Canal,CH,CL,14472.6135219368,1.0,12,True,2
DMC007,3,4.0,5.0,True,True,node,DMC007,CH,CNL,,2.0,12,True,2
LLC007,3,4.0,5.0,True,True,node,LLC007,CH,SG,,1.0,12,True,2
C_PSC020,3,4.0,5.0,True,True,arc,Putah South Canal,CH,CL,6328.28569158463,1.0,12,True,2
D_PSC024_WTPWMN,3,4.0,5.0,True,True,arc,,D,,400.977300001308,1.0,12,True,2
SAC254,3,4.0,5.0,True,True,node,SAC254,CH,STM,,1.0,12,True,2
SR_08S_CBD038,3,4.0,5.0,True,True,arc,,SR,,2500.00009999983,1.0,12,True,2
R_02_NA_CWD004,3,4.0,5.0,True,True,arc,,RT,,6623.6166000003,1.0,12,True,2
SAC093,3,4.0,5.0,True,True,node,SAC093,CH,STM,,1.0,12,True,2
C_EBP019,3,4.0,5.0,True,True,arc,Eastside Bypass,CH,BP,4932.44706961674,2.0,12,True,2
C_MCD032,3,4.0,5.0,True,True,arc,Merced River,CH,ST,6474.68631285839,2.0,12,True,2
STN026,3,4.0,5.0,True,True,node,STN026,CH,SG,,1.0,12,True,2
C_SFA063,3,4.0,5.0,True,True,arc,South Fork American River,CH,ST,6125.24666221474,1.0,12,True,2
D_CAA155_90_PA1,3,4.0,5.0,True,True,arc,,D,,37895.3490658902,2.0,12,True,2
EMD007,3,4.0,5.0,True,True,node,EMD007,CH,CNL,,1.0,12,True,2
DMC039,3,4.0,5.0,True,True,node,DMC039,CH,CNL,,2.0,12,True,2
DMC064,3,4.0,5.0,True,True,node,DMC064,CH,CNL,,2.0,12,True,2
C_SJR023,3,4.0,5.0,True,True,arc,San Joaquin River,CH,ST,2559.39300092114,1.0,12,True,2
R_60S_PA1_SDC001,3,4.0,5.0,True,True,arc,,RT,,15737.1285999995,2.0,12,True,2
C_MOK079,3,4.0,5.0,True,True,arc,Mokelumne River,CH,ST,15093.3341926824,2.0,12,True,2
CCT011,3,4.0,5.0,True,True,node,CCT011,CH,SG,,1.0,12,True,2
D_WEC005_BTC032,3,4.0,5.0,True,True,arc,,D,CL,7548.43850762419,1.0,12,True,2
SP_SAC148_BTC003,3,4.0,5.0,True,True,arc,,SP,,5147.56230000034,1.0,12,True,2
FTR053,3,4.0,5.0,True,True,node,FTR053,CH,STM,,1.0,12,True,2
CSM033,3,4.0,5.0,True,True,node,CSM033,CH,STM,,2.0,12,True,2
YBP032,3,4.0,5.0,True,True,node,YBP032,CH,SG,,1.0,12,True,2
C_CLV009,3,4.0,5.0,True,True,arc,Calaveras River,CH,ST,5264.39756547744,2.0,12,True,2
C_DHC021,3,4.0,5.0,True,True,arc,Best Slough,CH,ST,32574.9114582662,1.0,12,True,2
C_DMC058,3,4.0,5.0,True,True,arc,Delta-Mendota Canal,CH,CL,9257.25709280538,2.0,12,True,2
C_CBD023,3,4.0,5.0,True,True,arc,Colusa Basin Drainage Canal,CH,CL,8046.72004050017,1.0,12,True,2
I_SCW008,3,4.0,5.0,True,True,arc,,IN,LI,7499.99994832436,1.0,12,True,2
D_NBA009_WTPTAB,3,4.0,5.0,True,True,arc,,D,CL,3279.1484186783,1.0,12,True,2
SP_SAC178_BTC003,3,4.0,5.0,True,True,arc,,SP,,39006.0747999996,1.0,12,True,2
C_DMC105,3,4.0,5.0,True,True,arc,Delta-Mendota Canal,CH,CL,9900.34324565086,2.0,12,True,2
C_PLC007,3,4.0,5.0,True,True,arc,Pilot Creek,CH,ST,243.427090396854,1.0,12,True,2
C_NFF050,3,4.0,5.0,True,True,arc,North Fork Feather River,CH,ST,7124.47147495622,1.0,12,True,2
C_CSM021,3,4.0,5.0,True,True,arc,Cosumnes River,CH,ST,8046.72000044608,2.0,12,True,2
MCD054,3,4.0,5.0,True,True,node,MCD054,CH,SG,,2.0,12,True,2
I_ANT011,3,4.0,5.0,True,True,arc,,IN,LI,7499.99994068026,1.0,12,True,2
C_DMC070,3,4.0,5.0,True,True,arc,Delta-Mendota Canal,CH,CL,7117.5872848893,2.0,12,True,2
MFT004,3,4.0,5.0,True,True,node,MFT004,CH,CNL,,1.0,12,True,2
C_TCC036,3,4.0,5.0,True,True,arc,Tehama Colusa Canal,CH,CL,42476.4813664984,1.0,12,True,2
SLT008,3,4.0,5.0,True,True,node,SLT008,CH,SG,,1.0,12,True,2
C_SJR013,3,4.0,5.0,True,True,arc,San Joaquin River,CH,ST,6437.24171052345,1.0,12,True,2
D_PTH024_PSC003,3,4.0,5.0,True,True,arc,Putah South Canal,D,CL,5251.56503119682,1.0,12,True,2
C_SJR205,3,4.0,5.0,True,True,arc,San Joaquin River,CH,ST,4114.91094389416,2.0,12,True,2
R_60S_PA2_FCS007,3,4.0,5.0,True,True,arc,,RT,,13600.7643999998,2.0,12,True,2
DMC021,3,4.0,5.0,True,True,node,DMC021,CH,CNL,,2.0,12,True,2
DMC111,3,4.0,5.0,True,True,node,DMC111,CH,CNL,,2.0,12,True,2
C_CYN009,3,4.0,5.0,True,True,arc,Canyon Creek,CH,ST,15178.9329462486,1.0,12,True,2
D_BSL000_SAC141,3,4.0,5.0,True,True,arc,,D,,199.073239666785,1.0,12,True,2
STS020,3,4.0,5.0,True,True,node,STS020,CH,STM,,2.0,12,True,2
FTR072,3,4.0,5.0,True,True,node,FTR072,CH,STM,,1.0,12,True,2
DMC030,3,4.0,5.0,True,True,node,DMC030,CH,CNL,,2.0,12,True,2
D_BRS018_64_PA2,3,4.0,5.0,True,True,arc,,D,,10397.9987228353,2.0,12,True,2
C_OGN005,3,4.0,5.0,True,True,arc,Oregon Creek,CH,ST,143.28586710344,1.0,12,True,2
MCD032,3,4.0,5.0,True,True,node,MCD032,CH,STM,,2.0,12,True,2
SFA067,3,4.0,5.0,True,True,node,SFA067,CH,STM,,1.0,12,True,2
I_CAP000,3,4.0,5.0,True,True,arc,,IN,LI,7500.00005812499,2.0,12,True,2
D_THRMA_WEC000,3,4.0,5.0,True,True,arc,,D,,2984.85639095493,1.0,12,True,2
C_MCD052,3,4.0,5.0,True,True,arc,Merced River,CH,ST,2845.76270057979,2.0,12,True,2
THM028,3,4.0,5.0,True,True,node,THM028,CH,SG,,1.0,12,True,2
MSN005,3,4.0,5.0,True,True,node,MSN005,CH,SG,,2.0,12,True,2
D_DMC034_WWW001,3,4.0,5.0,True,True,arc,Westely Wasteway,D,CL,1609.34725979546,2.0,12,True,2
C_SAC185,3,4.0,5.0,True,True,arc,Sacramento River,CH,ST,5413.69802777967,1.0,12,True,2
D_EBP048_63_PR3,3,4.0,5.0,True,True,arc,,D,,2315.83763132699,2.0,12,True,2
D_SAC296_WTPFTH,3,4.0,5.0,True,True,arc,,D,,2558.21490340871,1.0,12,True,2
DMC070,3,4.0,5.0,True,True,node,DMC070,CH,CNL,,2.0,12,True,2
SYC020,3,4.0,5.0,True,True,node,SYC020,CH,SG,,1.0,12,True,2
C_NFA019,3,4.0,5.0,True,True,arc,North Fork American River,CH,ST,5531.73097220247,1.0,12,True,2
YBP034,3,4.0,5.0,True,True,node,YBP034,CH,BYP,,1.0,12,True,2
I_MSH015,3,4.0,5.0,True,True,arc,,IN,LI,7500.0,1.0,12,True,2
C_BRR073,3,4.0,5.0,True,True,arc,Bear River,CH,ST,2028.1553608885,1.0,12,True,2
C_NHGAN,3,4.0,5.0,True,True,arc,Calaveras River,CH,ST,1223.40247313584,2.0,12,True,2
CAA155,3,4.0,5.0,True,True,node,CAA155,CH,CNL,,2.0,12,True,2
C_NTOMA,3,4.0,5.0,True,True,arc,American River,CH,ST,686.545380751115,1.0,12,True,2
STS036,3,4.0,5.0,True,True,node,STS036,CH,STM,,2.0,12,True,2
C_SJR056,3,4.0,5.0,True,True,arc,San Joaquin River,CH,ST,4278.82190724643,1.0,12,True,2
SAC193,3,4.0,5.0,True,True,node,SAC193,CH,STM,,1.0,12,True,2
GCC060,3,4.0,5.0,True,True,node,GCC060,CH,CNL,,1.0,12,True,2
C_GCC010,3,4.0,5.0,True,True,arc,Glenn Colusa Canal,CH,CL,8046.72003493417,1.0,12,True,2
R_TKWWTP_SJR101,3,4.0,5.0,True,True,arc,,RT,,15581.5036119888,2.0,12,True,2
CAA071,3,4.0,5.0,True,True,node,CAA071,CH,CNL,,2.0,12,True,2
CLV023,3,4.0,5.0,True,True,node,CLV023,CH,STM,,2.0,12,True,2
MDOTA,3,4.0,5.0,True,True,node,MDOTA,STR,SIM,,2.0,12,True,2
D_JBC002_RVC005,3,4.0,5.0,True,True,arc,Biggs Extension,D,CL,6271.73432095396,1.0,12,True,2
D_PSC020_WTPCMT,3,4.0,5.0,True,True,arc,,D,,157.246547420643,1.0,12,True,2
I_SFF008,3,4.0,5.0,True,True,arc,,IN,LI,7499.99991102019,1.0,12,True,2
C_EBP030,3,4.0,5.0,True,True,arc,Eastside Bypass,CH,BP,3435.89522261477,2.0,12,True,2
MCD048,3,4.0,5.0,True,True,node,MCD048,CH,STM,,2.0,12,True,2
SR_64_FRS022,3,4.0,5.0,True,True,arc,,SR,,2500.00007079504,2.0,12,True,2
D_DMC011_71_PA8,3,4.0,5.0,True,True,arc,,D,,2755.61333669373,2.0,12,True,2
BUR005,3,4.0,5.0,True,True,node,BUR005,CH,SG,,2.0,12,True,2
C_STS060,3,4.0,5.0,True,True,arc,Stanislaus River,CH,ST,2587.82413538541,2.0,12,True,2
MCD046,3,4.0,5.0,True,True,node,MCD046,CH,SG,,2.0,12,True,2
SFA085,3,4.0,5.0,True,True,node,SFA085,CH,STM,,1.0,12,True,2
D_NBA027_WTPJAC,3,4.0,5.0,True,True,arc,,D,,1813.85429999884,1.0,12,True,2
CMN005,3,4.0,5.0,True,True,node,CMN005,CH,STM,,1.0,12,True,2
CSL005,3,4.0,5.0,True,True,node,CSL005,CH,BYP,,1.0,12,True,2
C_YUB011,3,4.0,5.0,True,True,arc,Yuba River,CH,ST,8541.01560254335,1.0,12,True,2
R_07S_PA_CBD028,3,4.0,5.0,True,True,arc,Unlabeled Return Flow,RT,,12181.3364999993,1.0,12,True,2
R_26S_PU6_SRWWTP,3,4.0,5.0,True,True,arc,,RT,,23289.1732320922,1.0,12,True,2
GCC007,3,4.0,5.0,True,True,node,GCC007,CH,CNL,,1.0,12,True,2
C_MOK019,3,4.0,5.0,True,True,arc,Mokelumne River,CH,ST,7822.22985779719,2.0,12,True,2
D_THRMA_JBC000,3,4.0,5.0,True,True,arc,,D,,5657.44181882213,1.0,12,True,2
ANTLP,3,4.0,5.0,True,True,node,ANTLP,STR,,,1.0,12,True,2
KLR006,3,4.0,5.0,True,True,node,KLR006,CH,SG,,1.0,12,True,2
R_RFS23_BRR004,3,4.0,5.0,True,True,arc,,RT,,2632.95037713325,1.0,12,True,2
CRB002,3,4.0,5.0,True,True,node,CRB002,CH,SG,,1.0,12,True,2
THM026,3,4.0,5.0,True,True,node,THM026,CH,STM,,1.0,12,True,2
I_FRS046,3,4.0,5.0,True,True,arc,,IN,IM,7500.00007300983,2.0,12,True,2
NFA022,3,4.0,5.0,True,True,node,NFA022,CH,SG,,1.0,12,True,2
LDC007,3,4.0,5.0,True,True,node,LDC007,CH,STM,,1.0,12,True,2
MOK057,3,4.0,5.0,True,True,node,MOK057,CH,SG,,2.0,12,True,2
C_CHW031,3,4.0,5.0,True,True,arc,Chowchilla River,CH,ST,5941.77327980239,2.0,12,True,2
C_NFA011,3,4.0,5.0,True,True,arc,North Fork American River,CH,ST,17622.9999412833,1.0,12,True,2
D_SAC081_21_NA,3,4.0,5.0,True,True,arc,,D,,1092.44760000054,1.0,12,True,2
C_SAC048,3,4.0,5.0,True,True,arc,Sacramento River,CH,ST,11265.5625362725,1.0,12,True,2
SR_63_EBP032,3,4.0,5.0,True,True,arc,,SR,,2499.99998441569,2.0,12,True,2
R_RFS61C_SJR056,3,4.0,5.0,True,True,arc,,RT,,27519.9264875073,2.0,12,True,2
NFF035,3,4.0,5.0,True,True,node,NFF035,CH,STM,,1.0,12,True,2
GCC050,3,4.0,5.0,True,True,node,GCC050,CH,CNL,,1.0,12,True,2
D_DMC007_CAA009,3,4.0,5.0,True,True,arc,,D,,179.048580712998,2.0,12,True,2
RFS71A,3,4.0,5.0,True,True,node,RFS71A,RFS,,,2.0,12,True,2
R_08S_NA2_RFS8S,3,4.0,5.0,True,True,arc,,RT,,31858.5069099614,1.0,12,True,2
D_CBD028_08S_PA,3,4.0,5.0,True,True,arc,,D,,18772.7612849648,1.0,12,True,2
C_SJR111,3,4.0,5.0,True,True,arc,San Joaquin River,CH,ST,7357.9595622524,2.0,12,True,2
C_FTR059,3,4.0,5.0,True,True,arc,Feather River,CH,ST,9914.99934364949,1.0,12,True,2
SAC082,3,4.0,5.0,True,True,node,SAC082,CH,STM,,1.0,12,True,2
CAA000,3,4.0,5.0,True,True,node,CAA000,CH,CNL,,1.0,12,True,2
D_SJR205_SJR201,3,4.0,5.0,True,True,arc,,D,,2596.13020000048,2.0,12,True,2
SR_61_STS017,3,4.0,5.0,True,True,arc,,SR,,2500.00009999983,2.0,12,True,2
C_SAC007,3,4.0,5.0,True,True,arc,Sacramento River,CH,ST,6437.37595516694,1.0,12,True,2
R_08N_PR2_CBD044,3,4.0,5.0,True,True,arc,,RT,,4130.84709999897,1.0,12,True,2
D_WTPDEF_25_PU,3,4.0,5.0,True,True,arc,,D,,3773.30259394205,1.0,12,True,2
C_BCK006,3,4.0,5.0,True,True,arc,Bear Creek,CH,ST,9656.08334951595,2.0,12,True,2
D_NBA021_VJB000,3,4.0,5.0,True,True,arc,,D,,4620.56280000042,1.0,12,True,2
SJR195,3,4.0,5.0,True,True,node,SJR195,CH,STM,,2.0,12,True,2
C_KLR006,3,4.0,5.0,True,True,arc,Knights Landing Ridgecut,CH,CL,1517.3727363969,1.0,12,True,2
R_RFS18_SAC122,3,4.0,5.0,True,True,arc,,RT,,3789.89693131113,1.0,12,True,2
D_FDC006_14_NA,3,4.0,5.0,True,True,arc,,D,,6602.88108876292,1.0,12,True,2
SFT000,3,4.0,5.0,True,True,node,SFT000,CH,SG,,1.0,12,True,2
D_WTPSAC_26S_NU1,3,4.0,5.0,True,True,arc,,D,,7368.23900000099,1.0,12,True,2
R_RFS22_SAC066,3,4.0,5.0,True,True,arc,,RT,,7546.83928701568,1.0,12,True,2
C_CMPFW,3,4.0,5.0,True,True,arc,Bear River,CH,ST,1800.38268022869,1.0,12,True,2
C_SAC064,3,4.0,5.0,True,True,arc,Sacramento River,CH,ST,705.4153491797,1.0,12,True,2
FTR021,3,4.0,5.0,True,True,node,FTR021,CH,STM,,1.0,12,True,2
MFA025,3,4.0,5.0,True,True,node,MFA025,CH,SG,,1.0,12,True,2
C_DED044,3,4.0,5.0,True,True,arc,Deadman Creek,CH,ST,9656.08332240146,2.0,12,True,2
C_SLV005,3,4.0,5.0,True,True,arc,Silver Creek,CH,ST,9474.1292752653,1.0,12,True,2
C_SFA045,3,4.0,5.0,True,True,arc,South Fork American River,CH,ST,8796.2249805569,1.0,12,True,2
MFY045,3,4.0,5.0,True,True,node,MFY045,CH,SG,,1.0,12,True,2
I_GRZ012,3,4.0,5.0,True,True,arc,,IN,LI,7500.00005812499,2.0,12,True,2
C_OMR028,3,4.0,5.0,True,True,arc,Old/Middle Rivers,CH,ST,1456.8828847583,1.0,12,True,2
R_26N_NU2_SRWWTP,3,4.0,5.0,True,True,arc,,RT,,29574.6053063528,1.0,12,True,2
C_BGD000,3,4.0,5.0,True,True,arc,Biggs-West Gridley Drain,CH,CL,16349.30819676,1.0,12,True,2
SAC109,3,4.0,5.0,True,True,node,SAC109,CH,STM,,1.0,12,True,2
DSC016,3,4.0,5.0,True,True,node,DSC016,CH,STM,,2.0,12,True,2
C_SJR256,3,4.0,5.0,True,True,arc,San Joaquin River,CH,ST,11265.4305508983,2.0,12,True,2
D_BTC012_09_SA2,3,4.0,5.0,True,True,arc,,D,,5969.59679999854,1.0,12,True,2
ABN027,3,4.0,5.0,True,True,node,ABN027,CH,STM,,1.0,12,True,2
BTC041,3,4.0,5.0,True,True,node,BTC041,CH,SG,,1.0,12,True,2
R_61_NU2_MAWWTP,3,4.0,5.0,True,True,arc,,RT,,3995.72339999955,2.0,12,True,2
FSC003,3,4.0,5.0,True,True,node,FSC003,CH,CNL,,1.0,12,True,2
C_TUO054,3,4.0,5.0,True,True,arc,Tuolumne River,CH,ST,684.116429528325,2.0,12,True,2
C_BTC017,3,4.0,5.0,True,True,arc,Butte Creek,CH,ST,1651.74120012351,1.0,12,True,2
BRS018,3,4.0,5.0,True,True,node,BRS018,CH,STM,,2.0,12,True,2
MFA036,3,4.0,5.0,True,True,node,MFA036,CH,STM,,1.0,12,True,2
SLV014,3,4.0,5.0,True,True,node,SLV014,CH,SG,,1.0,12,True,2
C_SAC301,3,4.0,5.0,True,True,arc,Sacramento River,CH,ST,2235.4516967813,1.0,12,True,2
C_XCC053,3,4.0,5.0,True,True,arc,Main Canal,CH,CL,1470.87328390257,2.0,12,True,2
SAC259,3,4.0,5.0,True,True,node,SAC259,CH,STM,,1.0,12,True,2
FDC006,3,4.0,5.0,True,True,node,FDC006,CH,STM,,1.0,12,True,2
DSC028,3,4.0,5.0,True,True,node,DSC028,CH,STM,,2.0,12,True,2
R_17N_NR_BTC003,3,4.0,5.0,True,True,arc,,RT,,12768.0519889644,1.0,12,True,2
R_04_PA1_THM005,3,4.0,5.0,True,True,arc,,RT,,3948.48119999934,1.0,12,True,2
SLO007,3,4.0,5.0,True,True,node,SLO007,CH,STM,,2.0,12,True,2
SJR235,3,4.0,5.0,True,True,node,SJR235,CH,STM,,2.0,12,True,2
SJR114,3,4.0,5.0,True,True,node,SJR114,CH,STM,,2.0,12,True,2
GRL010,3,4.0,5.0,True,True,node,GRL010,CH,SG,,1.0,12,True,2
C_FRS020,3,4.0,5.0,True,True,arc,Fresno River,CH,ST,6437.38884046895,2.0,12,True,2
R_15S_NA1_DHC001,3,4.0,5.0,True,True,arc,,RT,,20342.1402129946,1.0,12,True,2
C_CAA069,3,4.0,5.0,True,True,arc,California Aqueduct,CH,CL,3643.89314557182,2.0,12,True,2
SR_15S_BRR004,3,4.0,5.0,True,True,arc,,SR,,2500.00015223333,1.0,12,True,2
D_NNA013_LVC001,3,4.0,5.0,True,True,arc,Lake Valley Canal,D,,1262.72265939166,1.0,12,True,2
C_LRB004,3,4.0,5.0,True,True,arc,Little Rubicon River,CH,ST,43.0723672296981,1.0,12,True,2
C_RUB001,3,4.0,5.0,True,True,arc,Rubicon River,CH,ST,897.7360240414,1.0,12,True,2
C_STS036,3,4.0,5.0,True,True,arc,Stanislaus River,CH,ST,9656.08324859722,2.0,12,True,2
PYN001,3,4.0,5.0,True,True,node,PYN001,CH,SG,,1.0,12,True,2
C_WBF039,3,4.0,5.0,True,True,arc,West Branch Feather River,CH,ST,15381.9602026423,1.0,12,True,2
C_SFT000,3,4.0,5.0,True,True,arc,Conceptual South Fork Tunnel,CH,CL,4396.32349658171,1.0,12,True,2
C_SFA048,3,4.0,5.0,True,True,arc,South Fork American River,CH,ST,3914.01553354849,1.0,12,True,2
C_YUB006,3,4.0,5.0,True,True,arc,Yuba River,CH,ST,4828.03203248246,1.0,12,True,2
C_ANT010,3,4.0,5.0,True,True,arc,Antelope Creek,CH,ST,16093.4399715797,1.0,12,True,2
C_FTR036,3,4.0,5.0,True,True,arc,Feather River,CH,ST,9047.09552626014,1.0,12,True,2
R_61_PA1_RFS61C,3,4.0,5.0,True,True,arc,,RT,,11576.9363581781,2.0,12,True,2
C_BSC000,3,4.0,5.0,True,True,arc,Bowman-Spaulding Conduit,CH,CL,16028.0913200557,1.0,12,True,2
STN009,3,4.0,5.0,True,True,node,STN009,CH,STM,,1.0,12,True,2
TUO003,3,4.0,5.0,True,True,node,TUO003,CH,STM,,2.0,12,True,2
C_MFA036,3,4.0,5.0,True,True,arc,Middle Fork American River,CH,ST,96.7772722887062,1.0,12,True,2
EBP016,3,4.0,5.0,True,True,node,EBP016,CH,BYP,,2.0,12,True,2
SJR249,3,4.0,5.0,True,True,node,SJR249,CH,STM,,2.0,12,True,2
D_SAC115_19_SA,3,4.0,5.0,True,True,arc,,D,,15121.3323180658,1.0,12,True,2
SBP024,3,4.0,5.0,True,True,node,SBP024,CH,BYP,,1.0,12,True,2
D_BTC045_ESL008,3,4.0,5.0,True,True,arc,,D,,13531.2960612411,1.0,12,True,2
SP_SAC188_BTC003,3,4.0,5.0,True,True,arc,,SP,,47473.8837299438,1.0,12,True,2
D_SAC207_GCC007,3,4.0,5.0,True,True,arc,Glenn Colusa Canal,D,,12860.5619196694,1.0,12,True,2
D_CSD014_GRSVL,3,4.0,5.0,True,True,arc,,D,,3974.88422608891,1.0,12,True,2
SAC136,3,4.0,5.0,True,True,node,SAC136,CH,STM,,1.0,12,True,2
DHC001,3,4.0,5.0,True,True,node,DHC001,CH,STM,,1.0,12,True,2
C_MLC006,3,4.0,5.0,True,True,arc,Mill Creek,CH,ST,2703.7981070152,1.0,12,True,2
LBC001,3,4.0,5.0,True,True,node,LBC001,CH,CNL,,1.0,12,True,2
SR_71_OMR039,3,4.0,5.0,True,True,arc,,SR,,2500.00007079453,2.0,12,True,2
I_MLRTN,3,4.0,5.0,True,True,arc,,IN,LI,7500.00005812433,2.0,12,True,2
D_CAA069_DMC070,3,4.0,5.0,True,True,arc,,D,,1791.0915000001,2.0,12,True,2
SPT003,3,4.0,5.0,True,True,node,SPT003,CH,SG,,1.0,12,True,2
D_SBP014_17S_NA,3,4.0,5.0,True,True,arc,,D,,8989.46600000001,1.0,12,True,2
SEC009,3,4.0,5.0,True,True,node,SEC009,CH,CNL,,1.0,12,True,2
C_ELC001,3,4.0,5.0,True,True,arc,Echo Lake Conduit,CH,CL,1028.92701796765,1.0,12,True,2
DMC003,3,4.0,5.0,True,True,node,DMC003,CH,CNL,,2.0,12,True,2
OMR028,3,4.0,5.0,True,True,node,OMR028,CH,STM,,1.0,12,True,2
D_WTPSJP_26N_PU2,3,4.0,5.0,True,True,arc,,D,,7865.40559999831,1.0,12,True,2
I_LDC029,3,4.0,5.0,True,True,arc,,IN,LI,7499.99999412569,1.0,12,True,2
C_MSS014,3,4.0,5.0,True,True,arc,Mud Slough,CH,ST,21960.1924773249,2.0,12,True,2
C_SJR201,3,4.0,5.0,True,True,arc,San Joaquin River,CH,ST,1373.62013269384,2.0,12,True,2
EBP043,3,4.0,5.0,True,True,node,EBP043,CH,BYP,,2.0,12,True,2
DD_SAC041_SACN,3,4.0,5.0,True,True,arc,,DD,,5550.80778401322,1.0,12,True,2
CMCHE,3,4.0,5.0,True,True,node,CMCHE,STR,,,2.0,12,True,2
JBC002,3,4.0,5.0,True,True,node,JBC002,CH,CNL,,1.0,12,True,2
SAC121,3,4.0,5.0,True,True,node,SAC121,CH,STM,,1.0,12,True,2
C_MFA035,3,4.0,5.0,True,True,arc,Middle Fork American River,CH,ST,16218.1332871539,1.0,12,True,2
WLDWD,3,4.0,5.0,True,True,node,WLDWD,OM,OMD,,1.0,12,True,2
SJR033,3,4.0,5.0,True,True,node,SJR033,CH,STM,,1.0,12,True,2
KSWCK,3,4.0,5.0,True,True,node,KSWCK,STR,SIM,,1.0,12,True,2
C_CBD012,3,4.0,5.0,True,True,arc,Colusa Basin Drainage Canal,CH,CL,11210.1018032915,1.0,12,True,2
CACWD,3,4.0,5.0,True,True,node,CACWD,OM,OMD,,2.0,12,True,2
C_ELD027,3,4.0,5.0,True,True,arc,Elder Creek,CH,ST,7542.46652799699,1.0,12,True,2
SJR009,3,4.0,5.0,True,True,node,SJR009,CH,STM,,1.0,12,True,2
C_LBN008,3,4.0,5.0,True,True,arc,Los Banos Creek,CH,ST,12781.5276868464,2.0,12,True,2
RSL004,3,4.0,5.0,True,True,node,RSL004,CH,STM,,1.0,12,True,2
C_SLV006,3,4.0,5.0,True,True,arc,Silver Creek,CH,ST,560.0927245393,1.0,12,True,2
MFM008,3,4.0,5.0,True,True,node,MFM008,CH,STM,,2.0,12,True,2
DER004,3,4.0,5.0,True,True,node,DER004,CH,STM,,1.0,12,True,2
C_SPT003,3,4.0,5.0,True,True,arc,Spring Creek Power Conduit,CH,ST,1398.34070855997,1.0,12,True,2
STS053,3,4.0,5.0,True,True,node,STS053,CH,STM,,2.0,12,True,2
C_SJR173,3,4.0,5.0,True,True,arc,San Joaquin River,CH,ST,10554.4718595297,2.0,12,True,2
LBC040,3,4.0,5.0,True,True,node,LBC040,CH,CNL,,1.0,12,True,2
OWN040,3,4.0,5.0,True,True,node,OWN040,CH,SG,,2.0,12,True,2
C_SAC053,3,4.0,5.0,True,True,arc,Sacramento River,CH,ST,4827.87098246476,1.0,12,True,2
I_FRMAN,3,4.0,5.0,True,True,arc,,IN,IM,7500.00007371546,1.0,12,True,2
CLR009,3,4.0,5.0,True,True,node,CLR009,CH,STM,,1.0,12,True,2
C_ABN027,3,4.0,5.0,True,True,arc,Auburn Ravine,CH,ST,1685.94113250432,1.0,12,True,2
CBD031,3,4.0,5.0,True,True,node,CBD031,CH,CNL,,1.0,12,True,2
C_FTR074,3,4.0,5.0,True,True,arc,Feather River,CH,ST,2615.07590233993,1.0,12,True,2
C_VLW008,3,4.0,5.0,True,True,arc,Volta Wasteway,CH,CL,6608.31122435903,2.0,12,True,2
DRC005,3,4.0,5.0,True,True,node,DRC005,CH,STM,,1.0,12,True,2
C_RUB004,3,4.0,5.0,True,True,arc,Rubicon River,CH,ST,3905.45824606811,1.0,12,True,2
C_CPC008,3,4.0,5.0,True,True,arc,Caples Creek,CH,ST,12963.4818712606,1.0,12,True,2
SR_64_EBP030,3,4.0,5.0,True,True,arc,,SR,,2500.00004161074,2.0,12,True,2
BTC029,3,4.0,5.0,True,True,node,BTC029,CH,STM,,1.0,12,True,2
DED035,3,4.0,5.0,True,True,node,DED035,CH,STM,,2.0,12,True,2
SFR004,3,4.0,5.0,True,True,node,SFR004,CH,SG,,1.0,12,True,2
C_SBP028,3,4.0,5.0,True,True,arc,Sutter Bypass,CH,BP,6437.37598981356,1.0,12,True,2
C_CSM011,3,4.0,5.0,True,True,arc,Cosumnes River,CH,ST,9571.5030417259,2.0,12,True,2
C_YUB022,3,4.0,5.0,True,True,arc,Yuba River,CH,ST,13562.7358852987,1.0,12,True,2
C_MOK082,3,4.0,5.0,True,True,arc,Mokelumne River,CH,ST,5551.41305886525,2.0,12,True,2
I_BRR023,3,4.0,5.0,True,True,arc,,IN,LI,7500.00000654411,1.0,12,True,2
CCH023,3,4.0,5.0,True,True,node,CCH023,CH,STM,,1.0,12,True,2
RFS14,3,4.0,5.0,True,True,node,RFS14,RFS,,,1.0,12,True,2
C_FRS036,3,4.0,5.0,True,True,arc,Fresno River,CH,ST,6483.25086877578,2.0,12,True,2
D_MCD055_62_NA6,3,4.0,5.0,True,True,arc,,D,,24200.1207078015,2.0,12,True,2
C_POE006,3,4.0,5.0,True,True,arc,Poe PH Tailwater,CH,ST,171.848236206262,1.0,12,True,2
MAQ012,3,4.0,5.0,True,True,node,MAQ012,CH,CNL,,2.0,12,True,2
YBP016,3,4.0,5.0,True,True,node,YBP016,CH,BYP,,1.0,12,True,2
R_16_PA_DWRPS2,3,4.0,5.0,True,True,arc,Unlabeled Return Flow,RT,,7460.78650000039,1.0,12,True,2
DRM000,3,4.0,5.0,True,True,node,DRM000,CH,SG,,1.0,12,True,2
C_DMC076,3,4.0,5.0,True,True,arc,Delta-Mendota Canal,CH,CL,5778.58921741022,2.0,12,True,2
C_SJR038,3,4.0,5.0,True,True,arc,San Joaquin River,CH,ST,7948.56409471224,1.0,12,True,2
C_ESL008,3,4.0,5.0,True,True,arc,Edgar Slough/Cherokee Creek,CH,ST,8413.71819016049,1.0,12,True,2
D_RSL004_CCC004,3,4.0,5.0,True,True,arc,Contra Costa Canal,D,CL,6343.31874292032,1.0,12,True,2
C_SAC296,3,4.0,5.0,True,True,arc,Sacramento River,CH,ST,2105.56345520844,1.0,12,True,2
DRM002,3,4.0,5.0,True,True,node,DRM002,CH,CNL,,1.0,12,True,2
C_LJC010,3,4.0,5.0,True,True,arc,Littlejohns Creek,CH,ST,23234.365578864,2.0,12,True,2
C_BGC002,3,4.0,5.0,True,True,arc,Big Grizzly Creek,CH,ST,2522.20247517771,1.0,12,True,2
C_SAC050,3,4.0,5.0,True,True,arc,Sacramento River,CH,ST,1853.77587741043,1.0,12,True,2
C_BTC024,3,4.0,5.0,True,True,arc,Butte Creek,CH,ST,9656.18119468672,1.0,12,True,2
OWC000,3,4.0,5.0,True,True,node,OWC000,CH,CNL,,1.0,12,True,2
C_TCC001,3,4.0,5.0,True,True,arc,Tehama Colusa Canal,CH,CL,34607.775075432,1.0,12,True,2
D_FTR045_15N_SA,3,4.0,5.0,True,True,arc,,D,,5572.83320000116,1.0,12,True,2
C_SAC122,3,4.0,5.0,True,True,arc,Sacramento River,CH,ST,1433.25104932103,1.0,12,True,2
LBN025,3,4.0,5.0,True,True,node,LBN025,CH,STM,,2.0,12,True,2
NBA009,3,4.0,5.0,True,True,node,NBA009,CH,CNL,,1.0,12,True,2
D_FOLSM_WTPRSV,3,4.0,5.0,True,True,arc,,D,,4258.50250000134,1.0,12,True,2
R_61_NA5_RFS61A,3,4.0,5.0,True,True,arc,,RT,,3172.85500000045,2.0,12,True,2
C_SCOTF,3,4.0,5.0,True,True,arc,Deer Creek,CH,ST,2456.36059888587,1.0,12,True,2
I_DAVIS,3,4.0,5.0,True,True,arc,,IN,IM,7500.00002430007,1.0,12,True,2
DED019,3,4.0,5.0,True,True,node,DED019,CH,STM,,2.0,12,True,2
RSL001,3,4.0,5.0,True,True,node,RSL001,CH,STM,,1.0,12,True,2
R_04_NA_SAC207,3,4.0,5.0,True,True,arc,Unlabeled Return Flow,RT,,21486.1345615101,1.0,12,True,2
SFA045,3,4.0,5.0,True,True,node,SFA045,CH,SG,,1.0,12,True,2
TUO010,3,4.0,5.0,True,True,node,TUO010,CH,STM,,2.0,12,True,2
BCK024,3,4.0,5.0,True,True,node,BCK024,CH,STM,,2.0,12,True,2
SR_63_SJR134,3,4.0,5.0,True,True,arc,,SR,,2499.99998441519,2.0,12,True,2
C_SJR116,3,4.0,5.0,True,True,arc,San Joaquin River,CH,ST,226.22498939084,2.0,12,True,2
C_FTR053,3,4.0,5.0,True,True,arc,Feather River,CH,ST,3218.52379899436,1.0,12,True,2
C_FSC025,3,4.0,5.0,True,True,arc,Folsom South Canal,CH,CL,2868.46047413799,2.0,12,True,2
RFS63,3,4.0,5.0,True,True,node,RFS63,RFS,,,2.0,12,True,2
R_16_SA_DWRPS1,3,4.0,5.0,True,True,arc,,RT,,6589.70243208757,1.0,12,True,2
C_BCC012,3,4.0,5.0,True,True,arc,Big Chico Creek,CH,ST,9656.0640280873,1.0,12,True,2
C_TTC000,3,4.0,5.0,True,True,arc,Toadtown Canal,CH,CL,3576.09695368081,1.0,12,True,2
C_LVP007,3,4.0,5.0,True,True,arc,Los Vaqueros Pipeline,CH,CL,3174.19405583177,2.0,12,True,2
C_SAC148,3,4.0,5.0,True,True,arc,Sacramento River,CH,ST,3413.83922573421,1.0,12,True,2
MOK034,3,4.0,5.0,True,True,node,MOK034,CH,SG,,2.0,12,True,2
D_MLRTN_FRK000,3,4.0,5.0,True,True,arc,Friant-kern Canal,D,,36133.5330044195,2.0,12,True,2
D_SJR227_64_PA3,3,4.0,5.0,True,True,arc,,D,,22542.7909853657,2.0,12,True,2
BUK007,3,4.0,5.0,True,True,node,BUK007,CH,SG,,1.0,12,True,2
C_SJR009,3,4.0,5.0,True,True,arc,San Joaquin River,CH,ST,4828.18884339264,1.0,12,True,2
C_STS048,3,4.0,5.0,True,True,arc,Stanislaus River,CH,ST,7532.83613026925,2.0,12,True,2
C_DMC049,3,4.0,5.0,True,True,arc,Delta-Mendota Canal,CH,CL,9259.08457590793,2.0,12,True,2
C_MFT003,3,4.0,5.0,True,True,arc,Middle Fork Tunnel,CH,CL,1499.30280908418,1.0,12,True,2
SAC289,3,4.0,5.0,True,True,node,SAC289,CH,STM,,1.0,12,True,2
DVWWTP,3,4.0,5.0,True,True,node,DVWWTP,WWTP,,,1.0,12,True,2
NFF059,3,4.0,5.0,True,True,node,NFF059,CH,STM,,1.0,12,True,2
C_SYC003,3,4.0,5.0,True,True,arc,South Yuba Canal,CH,CL,28979.255787233,1.0,12,True,2
SR_23_BRR004,3,4.0,5.0,True,True,arc,,SR,,2500.00000177822,1.0,12,True,2
FTR067,3,4.0,5.0,True,True,node,FTR067,CH,SG,,1.0,12,True,2
OMR018,3,4.0,5.0,True,True,node,OMR018,CH,STM,,1.0,12,True,2
C_MOK035,3,4.0,5.0,True,True,arc,Mokelumne River,CH,ST,1241.33483253939,2.0,12,True,2
MFA047,3,4.0,5.0,True,True,node,MFA047,CH,SG,,1.0,12,True,2
SCW008,3,4.0,5.0,True,True,node,SCW008,CH,SG,,1.0,12,True,2
MFF019,3,4.0,5.0,True,True,node,MFF019,CH,SG,,1.0,12,True,2
C_UFC000,3,4.0,5.0,True,True,arc,Upper Farmington Canal,CH,CL,36508.0411281518,2.0,12,True,2
I_NFA022,3,4.0,5.0,True,True,arc,,IN,LI,7500.00001902116,1.0,12,True,2
D_WTPBWM_24_NU1,3,4.0,5.0,True,True,arc,,D,,5414.81407316584,1.0,12,True,2
R_DCWWTP_DCK012,3,4.0,5.0,True,True,arc,,RT,,349.196299999952,1.0,12,True,2
I_DER004,3,4.0,5.0,True,True,arc,,IN,LI,7499.99986263303,1.0,12,True,2
FTR039,3,4.0,5.0,True,True,node,FTR039,CH,STM,,1.0,12,True,2
D_LWSTN_CCT011,3,4.0,5.0,True,True,arc,,D,,18144.1126272778,1.0,12,True,2
C_PARDE,3,4.0,5.0,True,True,arc,Mokelumne River,CH,ST,18346.3253743292,2.0,12,True,2
NFM024,3,4.0,5.0,True,True,node,NFM024,CH,STM,,2.0,12,True,2
D_ABT002_STH001,3,4.0,5.0,True,True,arc,Auburn Tunnel Lift,D,CL,181.379204386956,1.0,12,True,2
FRS046,3,4.0,5.0,True,True,node,FRS046,CH,STM,,2.0,12,True,2
DMC116,3,4.0,5.0,True,True,node,DMC116,CH,SG,,2.0,12,True,2
SR_02_KSWCK,3,4.0,5.0,True,True,arc,,SR,,2500.00005720655,1.0,12,True,2
CT_WILKINSSL,3,4.0,5.0,True,True,arc,,CT,,7499.9999567563,1.0,12,True,2
C_SAC195,3,4.0,5.0,True,True,arc,Sacramento River,CH,ST,4837.96816056265,1.0,12,True,2
I_SFA030,3,4.0,5.0,True,True,arc,,IN,LI,7499.99999700113,1.0,12,True,2
C_YBP014,3,4.0,5.0,True,True,arc,Yolo Bypass,CH,BP,4828.04164403989,1.0,12,True,2
D_RVC005_11_PR,3,4.0,5.0,True,True,arc,Richvale ID - Buttler Canal,D,CL,16623.2486912921,1.0,12,True,2
R_22_SA1_RFS22,3,4.0,5.0,True,True,arc,Unlabeled Return Flow,RT,,9144.17941533872,1.0,12,True,2
C_SJR033,3,4.0,5.0,True,True,arc,San Joaquin River,CH,ST,7028.94558915697,1.0,12,True,2
C_BRC002,3,4.0,5.0,True,True,arc,Bear Creek,CH,ST,2613.51391164739,1.0,12,True,2
D_WTPSAC_26N_NU3,3,4.0,5.0,True,True,arc,,D,,9792.78689999972,1.0,12,True,2
I_SFM005,3,4.0,5.0,True,True,arc,,IN,LI,7500.00013451783,2.0,12,True,2
TCC085,3,4.0,5.0,True,True,node,TCC085,CH,CNL,,1.0,12,True,2
C_SCW008,3,4.0,5.0,True,True,arc,South Fork Cottonwood Creek,CH,ST,12588.8664294363,1.0,12,True,2
NFF060,3,4.0,5.0,True,True,node,NFF060,CH,STM,,1.0,12,True,2
I_SFY007,3,4.0,5.0,True,True,arc,,IN,LI,7499.99996169677,1.0,12,True,2
C_LOSVQ,3,4.0,5.0,True,True,arc,,CH,CL,19898.329278658,1.0,12,True,2
D_WKYTN_WTPBUK,3,4.0,5.0,True,True,arc,,D,,6534.82700712904,1.0,12,True,2
MOK050,3,4.0,5.0,True,True,node,MOK050,CH,STM,,2.0,12,True,2
D_STS059_UFC000,3,4.0,5.0,True,True,arc,,D,,5213.27871285492,2.0,12,True,2
CMN006,3,4.0,5.0,True,True,node,CMN006,CH,SG,,1.0,12,True,2
BEC024,3,4.0,5.0,True,True,node,BEC024,CH,SG,,1.0,12,True,2
FSC027,3,4.0,5.0,True,True,node,FSC027,CH,CNL,,1.0,12,True,2
C_BLKBT,3,4.0,5.0,True,True,arc,Stony Creek,CH,ST,596.803692112069,1.0,12,True,2
SAC174,3,4.0,5.0,True,True,node,SAC174,CH,STM,,1.0,12,True,2
C_SAC134,3,4.0,5.0,True,True,arc,Sacramento River,CH,ST,8046.71998543938,1.0,12,True,2
MOK004,3,4.0,5.0,True,True,node,MOK004,CH,STM,,2.0,12,True,2
C_GCC065,3,4.0,5.0,True,True,arc,Glenn Colusa Canal,CH,CL,4401.55433428559,1.0,12,True,2
D_CAA087_73_PA1,3,4.0,5.0,True,True,arc,,D,,23961.4157783646,2.0,12,True,2
D_WTPWDH_60S_NU1,3,4.0,5.0,True,True,arc,,D,,7610.64679999929,2.0,12,True,2
R_17S_NA_SSL001,3,4.0,5.0,True,True,arc,,RT,,12136.6131576226,1.0,12,True,2
C_EBP022,3,4.0,5.0,True,True,arc,Eastside Bypass,CH,BP,13529.9912180826,2.0,12,True,2
AMR006,3,4.0,5.0,True,True,node,AMR006,CH,SG,,1.0,12,True,2
D_MNRRH_13_NU2,3,4.0,5.0,True,True,arc,Bangor Canal,D,,18329.199792467,1.0,12,True,2
C_MCD054,3,4.0,5.0,True,True,arc,Merced River,CH,ST,4134.71871309814,2.0,12,True,2
SR_12_HON004,3,4.0,5.0,True,True,arc,,SR,,2500.00007079625,1.0,12,True,2
LBC032,3,4.0,5.0,True,True,node,LBC032,CH,CNL,,1.0,12,True,2
MFA001,3,4.0,5.0,True,True,node,MFA001,CH,SG,,1.0,12,True,2
C_CLRLK,3,4.0,5.0,True,True,arc,Cache Creek/Lower Lake,CH,ST,4976.08996319618,1.0,12,True,2
D_BRV002_TGR006,3,4.0,5.0,True,True,arc,,D,,304.096883512789,2.0,12,True,2
CHIPPS,3,4.0,5.0,True,True,node,CHIPPS,CH,,,1.0,12,True,2
WRT005,3,4.0,5.0,True,True,node,WRT005,CH,SG,,1.0,12,True,2
C_OMR039,3,4.0,5.0,True,True,arc,Old/Middle Rivers,CH,ST,17371.9915631465,1.0,12,True,2
COW003,3,4.0,5.0,True,True,node,COW003,CH,SG,,1.0,12,True,2
C_WWW001,3,4.0,5.0,True,True,arc,Westely Wasteway,CH,CL,5639.03322403149,2.0,12,True,2
SJR185,3,4.0,5.0,True,True,node,SJR185,CH,STM,,2.0,12,True,2
D_YUB013_14_NA,3,4.0,5.0,True,True,arc,,D,,4643.78470000066,1.0,12,True,2
C_CAA012,3,4.0,5.0,True,True,arc,California Aqueduct,CH,CL,19229.3940216063,2.0,12,True,2
LCC024,3,4.0,5.0,True,True,node,LCC024,CH,STM,,1.0,12,True,2
C_SLT008,3,4.0,5.0,True,True,arc,Slate Creek,CH,ST,14004.6640224091,1.0,12,True,2
OMR027,3,4.0,5.0,True,True,node,OMR027,CH,STM,,1.0,12,True,2
C_COW007,3,4.0,5.0,True,True,arc,Cow Creek,CH,ST,7178.52189938185,1.0,12,True,2
R_RFS8S_SAC097,3,4.0,5.0,True,True,arc,,RT,,6663.17520000041,1.0,12,True,2
D_SAC065_WTPBTB,3,4.0,5.0,True,True,arc,,D,,252.527140191529,1.0,12,True,2
CCK038,3,4.0,5.0,True,True,node,CCK038,CH,STM,,1.0,12,True,2
C_CLV028,3,4.0,5.0,True,True,arc,Calaveras River,CH,ST,2988.44525954439,2.0,12,True,2
I_MNS000,3,4.0,5.0,True,True,arc,,IN,LI,7499.99996034833,1.0,12,True,2
C_CLV016,3,4.0,5.0,True,True,arc,Calaveras River,CH,ST,9656.08333071342,2.0,12,True,2
C_RUB023,3,4.0,5.0,True,True,arc,Rubicon River,CH,ST,28553.5737006051,1.0,12,True,2
R_61_NU1_MOWWTP,3,4.0,5.0,True,True,arc,,RT,,4489.1099999994,2.0,12,True,2
C_MFF088,3,4.0,5.0,True,True,arc,Middle Fork Feather River,CH,,1693.23498334132,1.0,12,True,2
CT_SACSLOUGH,3,4.0,5.0,True,True,arc,,CT,,7500.00001514946,1.0,12,True,2
STH000,3,4.0,5.0,True,True,node,STH000,CH,CNL,,1.0,12,True,2
MFT000,3,4.0,5.0,True,True,node,MFT000,CH,SG,,1.0,12,True,2
D_DWRPS1_16_NA2,3,4.0,5.0,True,True,arc,,D,,1313.3264000006,1.0,12,True,2
I_CHC000,3,4.0,5.0,True,True,arc,,IN,LI,7500.00003038792,2.0,12,True,2
R_60S_NU1_STWWTP,3,4.0,5.0,True,True,arc,,RT,,6444.97219999973,2.0,12,True,2
C_SFA067,3,4.0,5.0,True,True,arc,South Fork American River,CH,ST,416.01807096461,1.0,12,True,2
CLR011,3,4.0,5.0,True,True,node,CLR011,CH,SG,,1.0,12,True,2
D_WTPVNY_26S_PU1,3,4.0,5.0,True,True,arc,,D,PRP,26832.7992509918,1.0,12,True,2
I_LGRSV,3,4.0,5.0,True,True,arc,,IN,LI,7499.99996034908,1.0,12,True,2
D_WTPFTH_02_SU,3,4.0,5.0,True,True,arc,,D,,3311.37130000163,1.0,12,True,2
CAA002,3,4.0,5.0,True,True,node,CAA002,CH,CNL,,2.0,12,True,2
C_FRS048,3,4.0,5.0,True,True,arc,Fresno River,CH,CL,3405.50150408306,2.0,12,True,2
BTC048,3,4.0,5.0,True,True,node,BTC048,CH,SG,,1.0,12,True,2
WSE008,3,4.0,5.0,True,True,node,WSE008,CH,SG,,1.0,12,True,2
GCC042,3,4.0,5.0,True,True,node,GCC042,CH,CNL,,1.0,12,True,2
C_BCK031,3,4.0,5.0,True,True,arc,Bear Creek,CH,ST,11265.4304733647,2.0,12,True,2
R_61_NA2_RFS61D,3,4.0,5.0,True,True,arc,,RT,,6038.28799999971,2.0,12,True,2
EBF001,3,4.0,5.0,True,True,node,EBF001,CH,SG,,1.0,12,True,2
PSC003,3,4.0,5.0,True,True,node,PSC003,CH,CNL,,1.0,12,True,2
SJR152,3,4.0,5.0,True,True,node,SJR152,CH,STM,,2.0,12,True,2
C_SJR053a,3,4.0,5.0,True,True,arc,San Joaquin River,CH,ST,8595.95583364693,2.0,12,True,2
SR_07N_SAC185,3,4.0,5.0,True,True,arc,,SR,,2500.00006651493,1.0,12,True,2
C_CCH052,3,4.0,5.0,True,True,arc,Cache Creek,CH,ST,31761.5161140122,1.0,12,True,2
MFT011,3,4.0,5.0,True,True,node,MFT011,CH,SG,,1.0,12,True,2
C_BRR066,3,4.0,5.0,True,True,arc,Bear River,CH,ST,8054.78382034604,1.0,12,True,2
I_LOONL,3,4.0,5.0,True,True,arc,,IN,LI,7499.99998599888,1.0,12,True,2
ABN024,3,4.0,5.0,True,True,node,ABN024,CH,STM,,1.0,12,True,2
C_MFT000,3,4.0,5.0,True,True,arc,North Fork Long Canyon Creek Diversion Tunnel,CH,CL,807.64435821973,1.0,12,True,2
C_NFF027,3,4.0,5.0,True,True,arc,North Fork Feather River,CH,ST,10133.3604126314,1.0,12,True,2
LLT000,3,4.0,5.0,True,True,node,LLT000,CH,SG,,1.0,12,True,2
C_PSC015,3,4.0,5.0,True,True,arc,Putah South Canal,CH,CL,2875.36752985063,1.0,12,True,2
D_SFR006_RPT004,3,4.0,5.0,True,True,arc,Robbs Peak Tunnel,D,CL,5900.40118766662,1.0,12,True,2
C_DMC054,3,4.0,5.0,True,True,arc,Delta-Mendota Canal,CH,CL,6210.69195351381,2.0,12,True,2
JBC008,3,4.0,5.0,True,True,node,JBC008,CH,CNL,,1.0,12,True,2
SR_20_PTH024,3,4.0,5.0,True,True,arc,,SR,,2499.99997840724,1.0,12,True,2
C_MOK057,3,4.0,5.0,True,True,arc,Mokelumne River,CH,ST,3218.87116637898,2.0,12,True,2
MCLRE,3,4.0,5.0,True,True,node,MCLRE,STR,SIM,,2.0,12,True,2
R_62_NA4_TUO003,3,4.0,5.0,True,True,arc,,RT,,5570.40010225287,2.0,12,True,2
C_MTMDW,3,4.0,5.0,True,True,arc,Hamilton Branch,CH,ST,21424.5596379055,1.0,12,True,2
NWT013,3,4.0,5.0,True,True,node,NWT013,CH,CNL,,1.0,12,True,2
D_WTPBJM_26N_NU2,3,4.0,5.0,True,True,arc,,D,,1524.72049999982,1.0,12,True,2
R_60N_NA2_CSM005,3,4.0,5.0,True,True,arc,,RT,,13292.1664999994,2.0,12,True,2
C_DMC074,3,4.0,5.0,True,True,arc,Delta-Mendota Canal,CH,CL,2577.1177330155,2.0,12,True,2
YUB039,3,4.0,5.0,True,True,node,YUB039,CH,STM,,1.0,12,True,2
LST004,3,4.0,5.0,True,True,node,LST004,CH,STM,,1.0,12,True,2
DRM008,3,4.0,5.0,True,True,node,DRM008,CH,SG,,1.0,12,True,2
OMR013,3,4.0,5.0,True,True,node,OMR013,CH,STM,,1.0,12,True,2
C_SAC228,3,4.0,5.0,True,True,arc,Sacramento River,CH,ST,6463.47188917418,1.0,12,True,2
SJR265,3,4.0,5.0,True,True,node,SJR265,CH,STM,,2.0,12,True,2
I_RLLNS,3,4.0,5.0,True,True,arc,,IN,LI,7500.0000274114,1.0,12,True,2
BCK040,3,4.0,5.0,True,True,node,BCK040,CH,SG,,2.0,12,True,2
C_SSJ001,3,4.0,5.0,True,True,arc,"South San Joaquin Main Canal, etc",CH,CL,4492.2867174197,2.0,12,True,2
C_CWD004,3,4.0,5.0,True,True,arc,Cottonwood Creek,CH,ST,2061.08218360958,1.0,12,True,2
R_07N_NA_CBD044,3,4.0,5.0,True,True,arc,Unlabeled Return Flow,RT,,43258.493393442,1.0,12,True,2
CCH083,3,4.0,5.0,True,True,node,CCH083,CH,SG,,1.0,12,True,2
CCH058,3,4.0,5.0,True,True,node,CCH058,CH,STM,,1.0,12,True,2
SR_62_MCD050,3,4.0,5.0,True,True,arc,,SR,,2500.00006145467,2.0,12,True,2
R_22_NA_RFS22,3,4.0,5.0,True,True,arc,Unlabeled Return Flow,RT,,7741.92905482544,1.0,12,True,2
R_08S_PR_CBD031,3,4.0,5.0,True,True,arc,Unlabeled Return Flow,RT,,6860.04952053473,1.0,12,True,2
D_STH005_MRM001,3,4.0,5.0,True,True,arc,South Canal,D,CL,2090.88481863563,1.0,12,True,2
WSE004,3,4.0,5.0,True,True,node,WSE004,CH,CNL,,1.0,12,True,2
FTR029,3,4.0,5.0,True,True,node,FTR029,CH,SG,,1.0,12,True,2
C_SJR198,3,4.0,5.0,True,True,arc,San Joaquin River,CH,ST,4729.06528148776,2.0,12,True,2
R_11_SA3_RFS11,3,4.0,5.0,True,True,arc,,RT,,1727.56300967146,1.0,12,True,2
R_08S_NA1_CBD031,3,4.0,5.0,True,True,arc,Unlabeled Return Flow,RT,,9645.56689999998,1.0,12,True,2
LRB004,3,4.0,5.0,True,True,node,LRB004,CH,STM,,1.0,12,True,2
SILVR,3,4.0,5.0,True,True,node,SILVR,STR,,,1.0,12,True,2
SAC141,3,4.0,5.0,True,True,node,SAC141,CH,STM,,1.0,12,True,2
BSC011,3,4.0,5.0,True,True,node,BSC011,CH,SG,,1.0,12,True,2
D_DMC111_FBW001,3,4.0,5.0,True,True,arc,Firebaugh Wasteway,D,CL,671.625722807128,2.0,12,True,2
D_SAC074_WTPDWP,3,4.0,5.0,True,True,arc,,D,PRP,6880.28136699753,1.0,12,True,2
C_FTR008,3,4.0,5.0,True,True,arc,Feather River,CH,ST,8046.71997680753,1.0,12,True,2
R_63_NA4_SJR117,3,4.0,5.0,True,True,arc,,RT,,7873.45136288513,2.0,12,True,2
CCC019,3,4.0,5.0,True,True,node,CCC019,CH,CNL,,1.0,12,True,2
C_CHW024,3,4.0,5.0,True,True,arc,Chowchilla River,CH,ST,4828.04160826174,2.0,12,True,2
R_RFS61A_SJR075,3,4.0,5.0,True,True,arc,,RT,,5499.81046840553,2.0,12,True,2
FTR012,3,4.0,5.0,True,True,node,FTR012,CH,STM,,1.0,12,True,2
C_BTT007,3,4.0,5.0,True,True,arc,Butt Creek,CH,ST,7868.52750405435,1.0,12,True,2
TUO036,3,4.0,5.0,True,True,node,TUO036,CH,STM,,2.0,12,True,2
D_LOSVQ_TRNSF,3,4.0,5.0,True,True,arc,,D,,7856.97380000167,1.0,12,True,2
SP_MCD002_MRS000,3,4.0,5.0,True,True,arc,,SP,ST,316.634063664728,2.0,12,True,2
MNS000,3,4.0,5.0,True,True,node,MNS000,CH,,,1.0,12,True,2
C_STN021,3,4.0,5.0,True,True,arc,Stony Creek,CH,ST,11144.5405232447,1.0,12,True,2
C_GRL010,3,4.0,5.0,True,True,arc,Gerle Creek,CH,ST,14356.0030315826,1.0,12,True,2
C_SJR042,3,4.0,5.0,True,True,arc,San Joaquin River,CH,ST,6667.04234900104,1.0,12,True,2
R_62_NA6_MCD028,3,4.0,5.0,True,True,arc,,RT,,15868.1767263445,2.0,12,True,2
SFF029,3,4.0,5.0,True,True,node,SFF029,CH,STM,,1.0,12,True,2
SR_61_FCS007,3,4.0,5.0,True,True,arc,,SR,,2500.00006651625,2.0,12,True,2
D_TCC062_GCC036,3,4.0,5.0,True,True,arc,,D,,2160.92221338533,1.0,12,True,2
D_THRMA_RVC000,3,4.0,5.0,True,True,arc,,D,,2988.59508220273,1.0,12,True,2
D_SAC294_WTPBLV,3,4.0,5.0,True,True,arc,,D,,2109.58949999977,1.0,12,True,2
C_SDC001,3,4.0,5.0,True,True,arc,Stockton Diverting Canal,CH,CL,1390.61453970696,2.0,12,True,2
LBC038,3,4.0,5.0,True,True,node,LBC038,CH,CNL,,1.0,12,True,2
SR_15N_JCK002,3,4.0,5.0,True,True,arc,,SR,,2500.00006651493,1.0,12,True,2
SJR028,3,4.0,5.0,True,True,node,SJR028,CH,STM,,1.0,12,True,2
I_BCC014,3,4.0,5.0,True,True,arc,,IN,LI,7499.99996034908,1.0,12,True,2
MCD042,3,4.0,5.0,True,True,node,MCD042,CH,STM,,2.0,12,True,2
NFA011,3,4.0,5.0,True,True,node,NFA011,CH,STM,,1.0,12,True,2
R_26S_NU1_SRWWTP,3,4.0,5.0,True,True,arc,,RT,,11800.2327999994,1.0,12,True,2
JBC000,3,4.0,5.0,True,True,node,JBC000,CH,SG,,1.0,12,True,2
RFS11,3,4.0,5.0,True,True,node,RFS11,RFS,,,1.0,12,True,2
NFF027,3,4.0,5.0,True,True,node,NFF027,CH,SG,,1.0,12,True,2
C_BCM003,3,4.0,5.0,True,True,arc,Bear Creek (Mokelumne),CH,ST,4305.86073459881,2.0,12,True,2
I_MLC006,3,4.0,5.0,True,True,arc,,IN,LI,7499.99996890575,1.0,12,True,2
C_SJR087,3,4.0,5.0,True,True,arc,San Joaquin River,CH,ST,8939.27625543404,2.0,12,True,2
C_STH000,3,4.0,5.0,True,True,arc,South Canal,CH,CL,621.622733891164,1.0,12,True,2
OMR039,3,4.0,5.0,True,True,node,OMR039,CH,STM,,2.0,12,True,2
SJR192,3,4.0,5.0,True,True,node,SJR192,CH,STM,,2.0,12,True,2
OAK001,3,4.0,5.0,True,True,node,OAK001,CH,SG,,2.0,12,True,2
C_DRM009,3,4.0,5.0,True,True,arc,Drum Canal,CH,CL,1912.64715495188,1.0,12,True,2
D_MOK035_60N_NA4,3,4.0,5.0,True,True,arc,,D,,9518.56930000149,2.0,12,True,2
R_26S_PU4_SRWWTP,3,4.0,5.0,True,True,arc,,RT,,3887.45472839043,1.0,12,True,2
DER027,3,4.0,5.0,True,True,node,DER027,CH,STM,,1.0,12,True,2
D_CBD041_08S_SA1,3,4.0,5.0,True,True,arc,,D,,4500.0,1.0,12,True,2
C_MFM001,3,4.0,5.0,True,True,arc,Middle Fork Mokelumne River,CH,ST,2319.04394651284,2.0,12,True,2
D_WTPFBN_26N_NU1,3,4.0,5.0,True,True,arc,,D,PRP,20154.5509643374,1.0,12,True,2
C_SFR005,3,4.0,5.0,True,True,arc,South Fork Rubicon River,CH,ST,292.625558706809,1.0,12,True,2
DBC024,3,4.0,5.0,True,True,node,DBC024,CH,STM,,2.0,12,True,2
D_DMC091_73_PA3,3,4.0,5.0,True,True,arc,,D,,4730.2360999994,2.0,12,True,2
BTC015,3,4.0,5.0,True,True,node,BTC015,CH,SG,,1.0,12,True,2
I_CWD018,3,4.0,5.0,True,True,arc,,IN,LI,7499.99999240446,1.0,12,True,2
IHT002,3,4.0,5.0,True,True,node,IHT002,CH,SG,,1.0,12,True,2
C_NBA011,3,4.0,5.0,True,True,arc,North Bay Aqueduct,CH,CL,17294.2429806277,1.0,12,True,2
D_WEC005_11_PR,3,4.0,5.0,True,True,arc,,D,,18530.7388446342,1.0,12,True,2
SAC063,3,4.0,5.0,True,True,node,SAC063,CH,STM,,1.0,12,True,2
RUB005,3,4.0,5.0,True,True,node,RUB005,CH,STM,,1.0,12,True,2
SJR013,3,4.0,5.0,True,True,node,SJR013,CH,STM,,1.0,12,True,2
COT033,3,4.0,5.0,True,True,node,COT033,CH,STM,,2.0,12,True,2
R_63_PR3_SJR134,3,4.0,5.0,True,True,arc,,RT,,5314.26063218356,2.0,12,True,2
FTR030,3,4.0,5.0,True,True,node,FTR030,CH,STM,,1.0,12,True,2
LKVLY,3,4.0,5.0,True,True,node,LKVLY,STR,,,1.0,12,True,2
C_CCC007,3,4.0,5.0,True,True,arc,Contra Costa Canal,CH,CL,20050.8109956747,1.0,12,True,2
C_BLT000,3,4.0,5.0,True,True,arc,Buck Island - Loon Lake Tunnel,CH,CL,4879.34596495901,1.0,12,True,2
C_YBP023,3,4.0,5.0,True,True,arc,Yolo Bypass,CH,BP,5541.03504760883,1.0,12,True,2
D_CLV026_60S_PA1,3,4.0,5.0,True,True,arc,,D,,11423.9450282469,2.0,12,True,2
D_CMBIE_CBC000,3,4.0,5.0,True,True,arc,Combie Aqueduct,D,CL,2855.51542692032,1.0,12,True,2
C_CSM033,3,4.0,5.0,True,True,arc,Cosumnes River,CH,ST,11265.5143467091,2.0,12,True,2
MFY012,3,4.0,5.0,True,True,node,MFY012,CH,SG,,1.0,12,True,2
D_MDSTO_WTPMOD,3,4.0,5.0,True,True,arc,,D,,412.993200000376,2.0,12,True,2
EBP001,3,4.0,5.0,True,True,node,EBP001,CH,SG,,2.0,12,True,2
D_MDOTA_73_XA,3,4.0,5.0,True,True,arc,,D,,15233.3132999996,2.0,12,True,2
SJR056,3,4.0,5.0,True,True,node,SJR056,CH,STM,,2.0,12,True,2
SAC092,3,4.0,5.0,True,True,node,SAC092,CH,SG,,1.0,12,True,2
D_NTOMA_FSC003,3,4.0,5.0,True,True,arc,Folsom South Canal,D,,5141.85235092554,1.0,12,True,2
C_SJR249,3,4.0,5.0,True,True,arc,San Joaquin River,CH,ST,11265.4305474335,2.0,12,True,2
R_25_PU_EAWWTP,3,4.0,5.0,True,True,arc,,RT,NS,4329.89480818355,1.0,12,True,2
C_SJR221,3,4.0,5.0,True,True,arc,San Joaquin River,CH,ST,11700.2511243551,2.0,12,True,2
C_MFY045,3,4.0,5.0,True,True,arc,Middle Yuba River,CH,ST,96.2595354786738,1.0,12,True,2
C_FTR029,3,4.0,5.0,True,True,arc,Feather River,CH,ST,1503.90483846209,1.0,12,True,2
R_25_NA_CSL005,3,4.0,5.0,True,True,arc,Unlabeled Return Flow,RT,,9285.44620000012,1.0,12,True,2
C_SYC001,3,4.0,5.0,True,True,arc,South Yuba Canal,CH,CL,1103.59823241656,1.0,12,True,2
I_DCM027,3,4.0,5.0,True,True,arc,,IN,LI,7500.00008006001,2.0,12,True,2
CAA005,3,4.0,5.0,True,True,node,CAA005,CH,CNL,,2.0,12,True,2
NBA011,3,4.0,5.0,True,True,node,NBA011,CH,CNL,,1.0,12,True,2
FTR045,3,4.0,5.0,True,True,node,FTR045,CH,STM,,1.0,12,True,2
C_CAA066,3,4.0,5.0,True,True,arc,California Aqueduct,CH,CL,1281.80775649211,2.0,12,True,2
R_73_PA2_SLD027,3,4.0,5.0,True,True,arc,,RT,,7713.24831514295,2.0,12,True,2
C_BCN005,3,4.0,5.0,True,True,arc,Bear Creek (North),CH,ST,8046.73608660723,1.0,12,True,2
D_FTR068_THRMF,3,4.0,5.0,True,True,arc,Thermalito Forebay/Power Canal,D,,7668.32731472269,1.0,12,True,2
SR_19_RD1500,3,4.0,5.0,True,True,arc,,SR,,2470.07779744571,1.0,12,True,2
C_CRB002,3,4.0,5.0,True,True,arc,Caribou PH No1 and No2 Tailwater,CH,ST,54.5149146475497,1.0,12,True,2
TCC031,3,4.0,5.0,True,True,node,TCC031,CH,CNL,,1.0,12,True,2
I_WBF015,3,4.0,5.0,True,True,arc,,IN,LI,7499.99996034833,1.0,12,True,2
R_03_SU_SWWWTP,3,4.0,5.0,True,True,arc,Unlabeled Return Flow,RT,,28807.5225212028,1.0,12,True,2
LPC007,3,4.0,5.0,True,True,node,LPC007,CH,STM,,2.0,12,True,2
C_MFA026,3,4.0,5.0,True,True,arc,Middle Fork American River,CH,ST,1458.10464804011,1.0,12,True,2
C_MFM008,3,4.0,5.0,True,True,arc,Middle Fork Mokelumne River,CH,ST,2399.64472876178,2.0,12,True,2
C_NNA013,3,4.0,5.0,True,True,arc,North Fork North Fork American River,CH,ST,21477.0193208812,1.0,12,True,2
WBF015,3,4.0,5.0,True,True,node,WBF015,CH,STM,,1.0,12,True,2
MCD052,3,4.0,5.0,True,True,node,MCD052,CH,STM,,2.0,12,True,2
C_ABN000,3,4.0,5.0,True,True,arc,East Side Canal/Natomas Cross Canal,CH,CL,7420.28975526427,1.0,12,True,2
D_SJR214_EBP001,3,4.0,5.0,True,True,arc,Eastside Bypass,D,,128.079176060652,2.0,12,True,2
FSC013,3,4.0,5.0,True,True,node,FSC013,CH,CNL,,1.0,12,True,2
BTVLY,3,4.0,5.0,True,True,node,BTVLY,STR,,,1.0,12,True,2
R_WLWWTP_YBP032,3,4.0,5.0,True,True,arc,,RT,,5345.64274706448,1.0,12,True,2
C_STN026,3,4.0,5.0,True,True,arc,Stony Creek,CH,ST,7570.78379045238,1.0,12,True,2
MLRTN,3,4.0,5.0,True,True,node,MLRTN,STR,SIM,,2.0,12,True,2
JLIND,3,4.0,5.0,True,True,node,JLIND,OM,OMD,,2.0,12,True,2
SFA046,3,4.0,5.0,True,True,node,SFA046,CH,STM,,1.0,12,True,2
D_SBP012_DWRPS1,3,4.0,5.0,True,True,arc,,D,,876.274099999107,1.0,12,True,2
STS058,3,4.0,5.0,True,True,node,STS058,CH,SG,,2.0,12,True,2
C_STH001,3,4.0,5.0,True,True,arc,South Canal,CH,CL,5201.18983787671,1.0,12,True,2
C_CLV043,3,4.0,5.0,True,True,arc,Calaveras River,CH,ST,10184.8746527571,2.0,12,True,2
C_FCS007,3,4.0,5.0,True,True,arc,French Camp Slough,CH,ST,1485.35745980945,2.0,12,True,2
DMC016,3,4.0,5.0,True,True,node,DMC016,CH,CNL,,2.0,12,True,2
C_SAC049,3,4.0,5.0,True,True,arc,Sacramento River,CH,ST,1364.91856781194,1.0,12,True,2
C_LDC029,3,4.0,5.0,True,True,arc,Little Dry Creek,CH,ST,13433.3014082406,1.0,12,True,2
D_VLW008_72_PR1,3,4.0,5.0,True,True,arc,,D,,1127.25310000032,2.0,12,True,2
C_BTC012,3,4.0,5.0,True,True,arc,Butte Creek,CH,ST,8125.69499578106,1.0,12,True,2
D_CWD009_02_NA,3,4.0,5.0,True,True,arc,,D,,6272.78029999975,1.0,12,True,2
BTC016,3,4.0,5.0,True,True,node,BTC016,CH,STM,,1.0,12,True,2
CBD038,3,4.0,5.0,True,True,node,CBD038,CH,SG,,1.0,12,True,2
C_DMC097,3,4.0,5.0,True,True,arc,Delta-Mendota Canal,CH,CL,13271.858190471,2.0,12,True,2
D_FTR031_WTPCYC,3,4.0,5.0,True,True,arc,,D,,1123.65467130854,1.0,12,True,2
LRB005,3,4.0,5.0,True,True,node,LRB005,CH,STM,,1.0,12,True,2
TRNTY,3,4.0,5.0,True,True,node,TRNTY,STR,SIM,,1.0,12,True,2
C_MCD056,3,4.0,5.0,True,True,arc,Merced River,CH,ST,1769.2561976236,2.0,12,True,2
D_DMC105_73_PA2,3,4.0,5.0,True,True,arc,,D,,12058.7755000005,2.0,12,True,2
SR_20_CCH017,3,4.0,5.0,True,True,arc,,SR,,2499.99997840638,1.0,12,True,2
I_CMP001,3,4.0,5.0,True,True,arc,,IN,LI,7499.99998325858,1.0,12,True,2
BRR028,3,4.0,5.0,True,True,node,BRR028,CH,STM,,1.0,12,True,2
C_SBP012,3,4.0,5.0,True,True,arc,Sutter Bypass,CH,BP,17322.087891181,1.0,12,True,2
C_CGT005,3,4.0,5.0,True,True,arc,Colgate Tunnel/Penstock,CH,NS,657.191113409584,1.0,12,True,2
I_LPC007,3,4.0,5.0,True,True,arc,,IN,LI,7500.00005812631,2.0,12,True,2
SFA063,3,4.0,5.0,True,True,node,SFA063,CH,STM,,1.0,12,True,2
R_11_NA_DWRPS2,3,4.0,5.0,True,True,arc,,RT,,12656.9795881899,1.0,12,True,2
R_RFS61D_RFS61A,3,4.0,5.0,True,True,arc,,RT,,17470.6116263527,2.0,12,True,2
C_TUO015,3,4.0,5.0,True,True,arc,Tuolumne River,CH,ST,8046.73606807605,2.0,12,True,2
TCC066,3,4.0,5.0,True,True,node,TCC066,CH,CNL,,1.0,12,True,2
TRN111,3,4.0,5.0,True,True,node,TRN111,CH,SG,,1.0,12,True,2
JCK002,3,4.0,5.0,True,True,node,JCK002,CH,STM,,1.0,12,True,2
DRM003,3,4.0,5.0,True,True,node,DRM003,CH,CNL,,1.0,12,True,2
C_CCK022,3,4.0,5.0,True,True,arc,Coon Creek,CH,ST,24214.4901532524,1.0,12,True,2
R_25_PA1_RFS25,3,4.0,5.0,True,True,arc,,RT,,2461.72800000012,1.0,12,True,2
I_EBF001,3,4.0,5.0,True,True,arc,,IN,LI,7499.99990938458,1.0,12,True,2
C_DMC116,3,4.0,5.0,True,True,arc,Delta-Mendota Canal,CH,CL,1966.44085617473,2.0,12,True,2
C_TUO017,3,4.0,5.0,True,True,arc,Tuolumne River,CH,ST,2594.39575165656,2.0,12,True,2
RUB023,3,4.0,5.0,True,True,node,RUB023,CH,STM,,1.0,12,True,2
BCK010,3,4.0,5.0,True,True,node,BCK010,CH,STM,,2.0,12,True,2
SP_SAC159_BTC003,3,4.0,5.0,True,True,arc,,SP,,18255.9684000006,1.0,12,True,2
MFA037,3,4.0,5.0,True,True,node,MFA037,CH,CNL,,1.0,12,True,2
SAC050,3,4.0,5.0,True,True,node,SAC050,CH,STM,,1.0,12,True,2
D_CHW028_ASL013,3,4.0,5.0,True,True,arc,Ash Slough,D,ST,14869.8272891659,2.0,12,True,2
CBC000,3,4.0,5.0,True,True,node,CBC000,CH,CNL,,1.0,12,True,2
SR_14_HON004,3,4.0,5.0,True,True,arc,,SR,,2500.00007079418,1.0,12,True,2
SFR006,3,4.0,5.0,True,True,node,SFR006,CH,STM,,1.0,12,True,2
C_DSC035,3,4.0,5.0,True,True,arc,Dry Creek/Sutter Creek,CH,ST,11265.5450089878,2.0,12,True,2
R_CHWWTP_SAC195,3,4.0,5.0,True,True,arc,,RT,,2713.69050000049,1.0,12,True,2
C_MFY012,3,4.0,5.0,True,True,arc,Middle Yuba River,CH,ST,12274.0378609472,1.0,12,True,2
SP_SAC193_BTC003,3,4.0,5.0,True,True,arc,,SP,,50668.6601658511,1.0,12,True,2
SR_24_ABN000,3,4.0,5.0,True,True,arc,,SR,,2500.00001667502,1.0,12,True,2
R_71_PA7_SJR091,3,4.0,5.0,True,True,arc,,RT,,19096.779629617,2.0,12,True,2
SR_06_SAC185,3,4.0,5.0,True,True,arc,,SR,,2500.00007079504,1.0,12,True,2
C_BTC041,3,4.0,5.0,True,True,arc,Butte Creek,CH,ST,7869.90126280737,1.0,12,True,2
C_WBF015,3,4.0,5.0,True,True,arc,West Branch Feather River,CH,ST,14873.3778982285,1.0,12,True,2
D_BCN005_03_NA,3,4.0,5.0,True,True,arc,,D,,4983.89479999989,1.0,12,True,2
C_LKVLY,3,4.0,5.0,True,True,arc,North Fork North Fork American River,CH,ST,4688.49279483084,1.0,12,True,2
MOK079,3,4.0,5.0,True,True,node,MOK079,CH,SG,,1.0,12,True,2
D_WTPBTB_21_PU,3,4.0,5.0,True,True,arc,,D,,2500.0,1.0,12,True,2
D_XCC025_72_PA,3,4.0,5.0,True,True,arc,,D,,10290.7807284745,2.0,12,True,2
FTR008,3,4.0,5.0,True,True,node,FTR008,CH,SG,,1.0,12,True,2
C_YUB034,3,4.0,5.0,True,True,arc,Yuba River/North Yuba River,CH,ST,5016.03052883004,1.0,12,True,2
D_PSC033_VJB000,3,4.0,5.0,True,True,arc,,D,,1622.42490000091,1.0,12,True,2
EDC004,3,4.0,5.0,True,True,node,EDC004,CH,STM,,1.0,12,True,2
C_DMC003,3,4.0,5.0,True,True,arc,Delta-Mendota Canal,CH,CL,7207.49318808132,2.0,12,True,2
RFS61C,3,4.0,5.0,True,True,node,RFS61C,RFS,,,2.0,12,True,2
D_LCC024_09_NA,3,4.0,5.0,True,True,arc,,D,,4299.02821919094,1.0,12,True,2
I_BRC003,3,4.0,5.0,True,True,arc,,IN,LI,7500.00003639477,1.0,12,True,2
DED044,3,4.0,5.0,True,True,node,DED044,CH,STM,,2.0,12,True,2
C_BSC010,3,4.0,5.0,True,True,arc,Bowman-Spaulding Conduit,CH,CL,572.979498206048,1.0,12,True,2
C_DMC021,3,4.0,5.0,True,True,arc,Delta-Mendota Canal,CH,CL,6186.51379422094,2.0,12,True,2
SAC299,3,4.0,5.0,True,True,node,SAC299,CH,SG,,1.0,12,True,2
C_STS058,3,4.0,5.0,True,True,arc,Stanislaus River,CH,ST,8775.19886467872,2.0,12,True,2
C_SJR235,3,4.0,5.0,True,True,arc,San Joaquin River,CH,ST,13632.529141613,2.0,12,True,2
FMT002,3,4.0,5.0,True,True,node,FMT002,CH,SG,,1.0,12,True,2
MFF087,3,4.0,5.0,True,True,node,MFF087,CH,SG,,1.0,12,True,2
DED010,3,4.0,5.0,True,True,node,DED010,CH,STM,,2.0,12,True,2
R_61_PA3_RFS61C,3,4.0,5.0,True,True,arc,,D,,2843.75352280716,2.0,12,True,2
D_JBC002_17N_PR,3,4.0,5.0,True,True,arc,BWGID Traynor Lateral,D,,23480.6947638833,1.0,12,True,2
D_BTVLY_CRB002,3,4.0,5.0,True,True,arc,Representative Caribou No.1 and No.2 Tunnels,D,,3426.87406884593,1.0,12,True,2
C_SLV015,3,4.0,5.0,True,True,arc,Silver Creek,CH,ST,267.039890812474,1.0,12,True,2
CHW024,3,4.0,5.0,True,True,node,CHW024,CH,STM,,2.0,12,True,2
MFA023,3,4.0,5.0,True,True,node,MFA023,CH,SG,,1.0,12,True,2
I_BCK040,3,4.0,5.0,True,True,arc,,IN,LI,7500.00005812499,2.0,12,True,2
C_FTR067,3,4.0,5.0,True,True,arc,Feather River,CH,ST,6437.59159761228,1.0,12,True,2
DER002,3,4.0,5.0,True,True,node,DER002,CH,STM,,1.0,12,True,2
SAC250,3,4.0,5.0,True,True,node,SAC250,CH,STM,,1.0,12,True,2
SR_25_PTH021,3,4.0,5.0,True,True,arc,,SR,,2500.0,1.0,12,True,2
R_24_NU2_RFS26N,3,4.0,5.0,True,True,arc,,RT,,11155.5467999997,1.0,12,True,2
I_RUB047,3,4.0,5.0,True,True,arc,,IN,LI,7500.00000730032,1.0,12,True,2
I_ORT014,3,4.0,5.0,True,True,arc,,IN,LI,7500.00005812499,2.0,12,True,2
FCS006,3,4.0,5.0,True,True,node,FCS006,CH,SG,,2.0,12,True,2
C_EDC004,3,4.0,5.0,True,True,arc,El Dorado Canal,CH,CL,5505.08011555799,1.0,12,True,2
SAC273,3,4.0,5.0,True,True,node,SAC273,CH,SG,,1.0,12,True,2
SAC146,3,4.0,5.0,True,True,node,SAC146,CH,SG,,1.0,12,True,2
R_15S_NA2_DHC001,3,4.0,5.0,True,True,arc,,RT,,13880.6949084646,1.0,12,True,2
BRR066,3,4.0,5.0,True,True,node,BRR066,CH,SG,,1.0,12,True,2
LCC016,3,4.0,5.0,True,True,node,LCC016,CH,STM,,1.0,12,True,2
C_DSC026,3,4.0,5.0,True,True,arc,Dry Creek/Sutter Creek,CH,ST,5709.4297941907,2.0,12,True,2
C_NLC003,3,4.0,5.0,True,True,arc,North Fork Long Canyon Creek,CH,ST,257.692440898706,1.0,12,True,2
C_NFC013,3,4.0,5.0,True,True,arc,North Fork Cache Creek,CH,ST,11992.0895960981,1.0,12,True,2
MCD036,3,4.0,5.0,True,True,node,MCD036,CH,STM,,2.0,12,True,2
YBP020,3,4.0,5.0,True,True,node,YBP020,CH,BYP,,1.0,12,True,2
BRR074,3,4.0,5.0,True,True,node,BRR074,CH,STM,,1.0,12,True,2
SAC214,3,4.0,5.0,True,True,node,SAC214,CH,STM,,1.0,12,True,2
WSE003,3,4.0,5.0,True,True,node,WSE003,CH,CNL,,1.0,12,True,2
CAA087,3,4.0,5.0,True,True,node,CAA087,CH,CNL,,2.0,12,True,2
MRS000,3,4.0,5.0,True,True,node,MRS000,CH,SG,,2.0,12,True,2
YBP014,3,4.0,5.0,True,True,node,YBP014,CH,BYP,,1.0,12,True,2
C_SAC062,3,4.0,5.0,True,True,arc,Sacramento River,CH,ST,609.134500269184,1.0,12,True,2
CT_WOODLAND,3,4.0,5.0,True,True,arc,,CT,,7499.99999618148,1.0,12,True,2
D_FSC027_MAQ012,3,4.0,5.0,True,True,arc,,D,,29900.7150276282,2.0,12,True,2
NHGAN,3,4.0,5.0,True,True,node,NHGAN,STR,SIM,,2.0,12,True,2
SJR082,3,4.0,5.0,True,True,node,SJR082,CH,STM,,2.0,12,True,2
C_NFA048,3,4.0,5.0,True,True,arc,North Fork American River,CH,ST,42836.3204355171,1.0,12,True,2
CBD000,3,4.0,5.0,True,True,node,CBD000,CH,SG,,1.0,12,True,2
CAA165,3,4.0,5.0,True,True,node,CAA165,CH,CNL,,2.0,12,True,2
SR_71_SJR075,3,4.0,5.0,True,True,arc,,SR,,2500.00011310988,2.0,12,True,2
RLT007,3,4.0,5.0,True,True,node,RLT007,CH,SG,,1.0,12,True,2
XCC054,3,4.0,5.0,True,True,node,XCC054,CH,CNL,,2.0,12,True,2
C_SFR004,3,4.0,5.0,True,True,arc,South Fork Rubicon River,CH,ST,8011.19796306067,1.0,12,True,2
I_DHC021,3,4.0,5.0,True,True,arc,,IN,LI,7499.99996720123,1.0,12,True,2
BCK006,3,4.0,5.0,True,True,node,BCK006,CH,STM,,2.0,12,True,2
R_23_NA_RFS23,3,4.0,5.0,True,True,arc,,RT,,10556.9520992491,1.0,12,True,2
SJR087,3,4.0,5.0,True,True,node,SJR087,CH,STM,,2.0,12,True,2
R_RFS26S_AMR020,3,4.0,5.0,True,True,arc,,RT,,4177.62617838688,1.0,12,True,2
R_62_NA2_MCD028,3,4.0,5.0,True,True,arc,,RT,,9610.83003512141,2.0,12,True,2
C_CBD041,3,4.0,5.0,True,True,arc,Colusa Basin Drainage Canal,CH,CL,5020.49642880544,1.0,12,True,2
C_BCC014,3,4.0,5.0,True,True,arc,Big Chico Creek,CH,ST,2749.14218216063,1.0,12,True,2
R_64_PA2_RFS64,3,4.0,5.0,True,True,arc,,RT,,12379.903274811,2.0,12,True,2
XCC053,3,4.0,5.0,True,True,node,XCC053,CH,CNL,,2.0,12,True,2
C_SJR106,3,4.0,5.0,True,True,arc,San Joaquin River,CH,ST,2791.26351665099,2.0,12,True,2
C_DED038,3,4.0,5.0,True,True,arc,Deadman Creek,CH,ST,4828.04163007137,2.0,12,True,2
I_PLM001,3,4.0,5.0,True,True,arc,,IN,LI,7499.99998855712,1.0,12,True,2
C_JKSMD,3,4.0,5.0,True,True,arc,Middle Yuba River,CH,ST,1221.99205328824,1.0,12,True,2
C_EBP016,3,4.0,5.0,True,True,arc,Eastside Bypass,CH,BP,3613.86537821549,2.0,12,True,2
SR_61_SJR075,3,4.0,5.0,True,True,arc,,SR,,2500.00011599759,2.0,12,True,2
D_MAQ057_EBMUD,3,4.0,5.0,True,True,arc,,D,,4054.42842806092,2.0,12,True,2
C_LBN012,3,4.0,5.0,True,True,arc,Los Banos Creek,CH,ST,6111.68082107333,2.0,12,True,2
D_SAC121_08S_SA3,3,4.0,5.0,True,True,arc,,D,,15220.508633683,1.0,12,True,2
DRM001,3,4.0,5.0,True,True,node,DRM001,CH,SG,,1.0,12,True,2
BRR061,3,4.0,5.0,True,True,node,BRR061,CH,STM,,1.0,12,True,2
C_TRN111,3,4.0,5.0,True,True,arc,Trinity River,CH,ST,178936.367356551,1.0,12,True,2
C_ABN010,3,4.0,5.0,True,True,arc,Auburn Ravine,CH,ST,6270.99051383392,1.0,12,True,2
I_LKVLY,3,4.0,5.0,True,True,arc,,IN,LI,7500.00003493257,1.0,12,True,2
BCK031,3,4.0,5.0,True,True,node,BCK031,CH,STM,,2.0,12,True,2
C_SAC257,3,4.0,5.0,True,True,arc,Sacramento River,CH,ST,5262.89132210738,1.0,12,True,2
C_SLV017,3,4.0,5.0,True,True,arc,Silver Creek,CH,ST,1788.10281088035,1.0,12,True,2
D_ARY010_72_PR3,3,4.0,5.0,True,True,arc,,D,,22852.0105004003,2.0,12,True,2
SAC134,3,4.0,5.0,True,True,node,SAC134,CH,STM,,1.0,12,True,2
C_AMR015,3,4.0,5.0,True,True,arc,American River,CH,ST,9656.1122833388,1.0,12,True,2
MCD028,3,4.0,5.0,True,True,node,MCD028,CH,SG,,2.0,12,True,2
C_CAA003,3,4.0,5.0,True,True,arc,California Aqueduct,CH,CL,2451.72762227225,2.0,12,True,2
CBD049,3,4.0,5.0,True,True,node,CBD049,CH,CNL,,1.0,12,True,2
EDC007,3,4.0,5.0,True,True,node,EDC007,CH,STM,,1.0,12,True,2
C_SJR213,3,4.0,5.0,True,True,arc,San Joaquin River,CH,ST,13457.1248990004,2.0,12,True,2
R_21_NA_YBP032,3,4.0,5.0,True,True,arc,Unlabeled Return Flow,RT,,11420.1943447118,1.0,12,True,2
C_DAVIS,3,4.0,5.0,True,True,arc,Big Grizzly Creek,CH,ST,8127.52368441968,1.0,12,True,2
SAC120,3,4.0,5.0,True,True,node,SAC120,CH,SG,,1.0,12,True,2
D_GCC056_08S_PR,3,4.0,5.0,True,True,arc,,D,,14297.3756280375,1.0,12,True,2
C_BSL004,3,4.0,5.0,True,True,arc,Butte Slough,CH,ST,7857.54389173586,1.0,12,True,2
C_FTR003,3,4.0,5.0,True,True,arc,Feather River,CH,ST,4828.03201943451,1.0,12,True,2
D_PSC003_25_PA1,3,4.0,5.0,True,True,arc,,D,,8073.6314999992,1.0,12,True,2
SR_02_CWD003,3,4.0,5.0,True,True,arc,,SR,,2500.00003872535,1.0,12,True,2
C_OMR027,3,4.0,5.0,True,True,arc,Old/Middle Rivers,CH,ST,4719.53757831331,1.0,12,True,2
CLR025,3,4.0,5.0,True,True,node,CLR025,CH,STM,,1.0,12,True,2
C_FMT002,3,4.0,5.0,True,True,arc,French Meadows Powerhouse Tailrace,CH,CL,461.535667148904,1.0,12,True,2
YBP037,3,4.0,5.0,True,True,node,YBP037,CH,SG,,1.0,12,True,2
C_MFY044,3,4.0,5.0,True,True,arc,Middle Yuba River,CH,ST,51542.2079531066,1.0,12,True,2
SAC148,3,4.0,5.0,True,True,node,SAC148,CH,SG,,1.0,12,True,2
C_WKYTN,3,4.0,5.0,True,True,arc,Clear Creek,CH,ST,11896.65170999,1.0,12,True,2
SFA048,3,4.0,5.0,True,True,node,SFA048,CH,STM,,1.0,12,True,2
SFA059,3,4.0,5.0,True,True,node,SFA059,CH,STM,,1.0,12,True,2
CRK005,3,4.0,5.0,True,True,node,CRK005,CH,CNL,,1.0,12,True,2
C_PYN001,3,4.0,5.0,True,True,arc,Paynes Creek,CH,ST,726.569020860439,1.0,12,True,2
D_OGN005_CMT000,3,4.0,5.0,True,True,arc,Camptonville Tunnel,D,CL,127.249849464213,1.0,12,True,2
D_SAC146_08S_NA1,3,4.0,5.0,True,True,arc,,D,,6960.41605153951,1.0,12,True,2
TWL005,3,4.0,5.0,True,True,node,TWL005,CH,CNL,,1.0,12,True,2
SAC074,3,4.0,5.0,True,True,node,SAC074,CH,STM,,1.0,12,True,2
C_MCD014,3,4.0,5.0,True,True,arc,Merced River,CH,ST,8046.73604121327,2.0,12,True,2
C_SJR105,3,4.0,5.0,True,True,arc,San Joaquin River,CH,ST,6690.66711174396,2.0,12,True,2
D_SFF011_MNRRH,3,4.0,5.0,True,True,arc,Miners Ranch Canal/Tunnel,D,CL,18217.9528807846,1.0,12,True,2
D_WTPFBN_26N_NU4,3,4.0,5.0,True,True,arc,,D,,11830.6546,1.0,12,True,2
C_CMP001,3,4.0,5.0,True,True,arc,Camp Creek,CH,ST,326.27874485764,2.0,12,True,2
C_SLF010,3,4.0,5.0,True,True,arc,Silver Fork American River,CH,ST,16526.2035558807,1.0,12,True,2
C_SAC022,3,4.0,5.0,True,True,arc,Sacramento River,CH,ST,8446.04027897063,1.0,12,True,2
D_NBA011_WTPNBR,3,4.0,5.0,True,True,arc,,D,,497.445199999958,1.0,12,True,2
D_MTC000_09_PR,3,4.0,5.0,True,True,arc,,D,,14952.0190630797,1.0,12,True,2
R_63_NU_RFS63,3,4.0,5.0,True,True,arc,,RT,,3470.51360000018,2.0,12,True,2
C_BSC011,3,4.0,5.0,True,True,arc,Bowman-Spaulding Conduit,CH,CL,1465.37693024025,1.0,12,True,2
C_AMADR,3,4.0,5.0,True,True,arc,Jackson Creek,CH,ST,13812.3653644228,2.0,12,True,2
C_DED019,3,4.0,5.0,True,True,arc,Deadman Creek,CH,ST,10575.013598593,2.0,12,True,2
CYN009,3,4.0,5.0,True,True,node,CYN009,CH,SG,,1.0,12,True,2
C_YBP020,3,4.0,5.0,True,True,arc,Yolo Bypass,CH,BP,6321.06947604486,1.0,12,True,2
C_FRS032,3,4.0,5.0,True,True,arc,Fresno River,CH,ST,10996.1575642547,2.0,12,True,2
CAA172,3,4.0,5.0,True,True,node,CAA172,CH,CNL,,2.0,12,True,2
R_04_NU2_SAC217,3,4.0,5.0,True,True,arc,,RT,,8677.32833778795,1.0,12,True,2
D_FTR059_12_SA,3,4.0,5.0,True,True,arc,,D,,9062.62149999849,1.0,12,True,2
C_LRT000,3,4.0,5.0,True,True,arc,Lohman Ridge Tunnel,CH,CL,6089.69991093228,1.0,12,True,2
NTOMA,3,4.0,5.0,True,True,node,NTOMA,STR,SIM,,1.0,12,True,2
D_DMC030_71_PA1,3,4.0,5.0,True,True,arc,,D,,2594.89690782078,2.0,12,True,2
PSC006,3,4.0,5.0,True,True,node,PSC006,CH,CNL,,1.0,12,True,2
C_DMC016,3,4.0,5.0,True,True,arc,Delta-Mendota Canal,CH,CL,7149.03954049037,2.0,12,True,2
SLYCK,3,4.0,5.0,True,True,node,SLYCK,STR,,,1.0,12,True,2
SFM005,3,4.0,5.0,True,True,node,SFM005,CH,STM,,2.0,12,True,2
STS043,3,4.0,5.0,True,True,node,STS043,CH,STM,,2.0,12,True,2
TCC111,3,4.0,5.0,True,True,node,TCC111,CH,CNL,,1.0,12,True,2
CAA067,3,4.0,5.0,True,True,node,CAA067,CH,CNL,,2.0,12,True,2
C_SJR180,3,4.0,5.0,True,True,arc,San Joaquin River,CH,ST,1292.17532445308,2.0,12,True,2
C_SAC129,3,4.0,5.0,True,True,arc,Sacramento River,CH,ST,11657.7518964714,1.0,12,True,2
C_BTVLY,3,4.0,5.0,True,True,arc,Butt Creek,CH,ST,3302.04038767036,1.0,12,True,2
D_WSE003_LBC040,3,4.0,5.0,True,True,arc,Boardman-Fiddler Green Diversion,D,CL,6747.09077434829,1.0,12,True,2
D_MDSTO_61_NA2,3,4.0,5.0,True,True,arc,,D,,22878.5573375376,2.0,12,True,2
D_SHSTA_WTPJMS,3,4.0,5.0,True,True,arc,,D,,704.673029329564,1.0,12,True,2
SYC000,3,4.0,5.0,True,True,node,SYC000,CH,SG,,1.0,12,True,2
RFS22,3,4.0,5.0,True,True,node,RFS22,RFS,,,1.0,12,True,2
C_SFM005,3,4.0,5.0,True,True,arc,South Fork Mokelumne River,CH,ST,3945.02153428301,2.0,12,True,2
D_MDOTA_91_PR,3,4.0,5.0,True,True,arc,,D,,11468.5310000014,2.0,12,True,2
CSD014,3,4.0,5.0,True,True,node,CSD014,CH,CNL,,1.0,12,True,2
I_SFF011,3,4.0,5.0,True,True,arc,,IN,LI,7499.99995839334,1.0,12,True,2
STS017,3,4.0,5.0,True,True,node,STS017,CH,SG,,2.0,12,True,2
BGD000,3,4.0,5.0,True,True,node,BGD000,CH,CNL,,1.0,12,True,2
C_SAC065,3,4.0,5.0,True,True,arc,Sacramento River,CH,ST,3379.84031239653,1.0,12,True,2
D_SEC009_17S_PR,3,4.0,5.0,True,True,arc,Butte-Sutter Extension Canal,D,CL,28877.3684108536,1.0,12,True,2
CBD037,3,4.0,5.0,True,True,node,CBD037,CH,CNL,,1.0,12,True,2
LWSTN,3,4.0,5.0,True,True,node,LWSTN,STR,SIM,,1.0,12,True,2
C_DMC007,3,4.0,5.0,True,True,arc,Delta-Mendota Canal,CH,CL,6986.18159581683,2.0,12,True,2
D_NBA027_WTPAMC,3,4.0,5.0,True,True,arc,,D,,2065.52529999893,1.0,12,True,2
R_64_PA3_EBP016,3,4.0,5.0,True,True,arc,,RT,,14186.723711494,2.0,12,True,2
C_SJR141,3,4.0,5.0,True,True,arc,San Joaquin River,CH,ST,11682.3915860436,2.0,12,True,2
C_YBP034,3,4.0,5.0,True,True,arc,Yolo Bypass,CH,BP,4002.78981253724,1.0,12,True,2
D_FTR039_SEC009,3,4.0,5.0,True,True,arc,,D,,136.624814356119,1.0,12,True,2
I_BCN010,3,4.0,5.0,True,True,arc,,IN,LI,7500.00001214331,1.0,12,True,2
D_TCC022_04_PA2,3,4.0,5.0,True,True,arc,,D,,4271.37240000069,1.0,12,True,2
CSM026,3,4.0,5.0,True,True,node,CSM026,CH,STM,,2.0,12,True,2
C_FCS006,3,4.0,5.0,True,True,arc,French Camp Slough,CH,ST,9076.6618320037,1.0,12,True,2
D_MOK035_WTPDWS,3,4.0,5.0,True,True,arc,,D,,9882.10934508827,2.0,12,True,2
MFA038,3,4.0,5.0,True,True,node,MFA038,CH,SG,,1.0,12,True,2
FDC011,3,4.0,5.0,True,True,node,FDC011,CH,SG,,1.0,12,True,2
C_DMC039,3,4.0,5.0,True,True,arc,Delta-Mendota Canal,CH,CL,9011.8947125815,2.0,12,True,2
D_OAK020_61_NA2,3,4.0,5.0,True,True,arc,,D,,16026.6218144422,2.0,12,True,2
C_MCD002,3,4.0,5.0,True,True,arc,Merced River,CH,ST,3929.54110865692,2.0,12,True,2
C_BTC015,3,4.0,5.0,True,True,arc,Butte Creek,CH,ST,3630.77016088704,1.0,12,True,2
BRR067,3,4.0,5.0,True,True,node,BRR067,CH,STM,,1.0,12,True,2
I_CMBIE,3,4.0,5.0,True,True,arc,,IN,LI,7500.00002531963,1.0,12,True,2
D_FOLSM_WTPFOL,3,4.0,5.0,True,True,arc,,D,,2904.18901158105,1.0,12,True,2
EBP041,3,4.0,5.0,True,True,node,EBP041,CH,BYP,,2.0,12,True,2
XCC025,3,4.0,5.0,True,True,node,XCC025,CH,CNL,,2.0,12,True,2
NLL016,3,4.0,5.0,True,True,node,NLL016,CH,STM,,1.0,12,True,2
C_DER011,3,4.0,5.0,True,True,arc,Deer Creek,CH,ST,10408.4210079538,1.0,12,True,2
CLV044,3,4.0,5.0,True,True,node,CLV044,CH,SG,,2.0,12,True,2
C_NFM024,3,4.0,5.0,True,True,arc,North Fork Mokelumne River,CH,ST,20240.6242630621,2.0,12,True,2
C_PTH020,3,4.0,5.0,True,True,arc,Putah Creek,CH,ST,8046.71998254455,1.0,12,True,2
I_CHW031,3,4.0,5.0,True,True,arc,,IN,LI,7500.00006256464,2.0,12,True,2
SAC217,3,4.0,5.0,True,True,node,SAC217,CH,SG,,1.0,12,True,2
C_SAC159,3,4.0,5.0,True,True,arc,Sacramento River,CH,ST,8594.37782674483,1.0,12,True,2
R_63_PR2_EBP041,3,4.0,5.0,True,True,arc,,RT,,6555.06891841692,2.0,12,True,2
CCH030,3,4.0,5.0,True,True,node,CCH030,CH,STM,,1.0,12,True,2
R_STWWTP_SJR042,3,4.0,5.0,True,True,arc,,RT,,252.613600000739,1.0,12,True,2
R_RFS64_EBP022,3,4.0,5.0,True,True,arc,,RT,,5390.7229000004,2.0,12,True,2
R_72_PR1_LBN012,3,4.0,5.0,True,True,arc,,RT,,6262.13550000079,2.0,12,True,2
THM017,3,4.0,5.0,True,True,node,THM017,CH,STM,,1.0,12,True,2
C_CBD044,3,4.0,5.0,True,True,arc,Colusa Basin Drainage Canal,CH,CL,4828.03195479992,1.0,12,True,2
DED025,3,4.0,5.0,True,True,node,DED025,CH,STM,,2.0,12,True,2
YUB014,3,4.0,5.0,True,True,node,YUB014,CH,STM,,1.0,12,True,2
DED038,3,4.0,5.0,True,True,node,DED038,CH,STM,,2.0,12,True,2
BTC018,3,4.0,5.0,True,True,node,BTC018,CH,STM,,1.0,12,True,2
YBP002,3,4.0,5.0,True,True,node,YBP002,CH,BYP,,1.0,12,True,2
MFT003,3,4.0,5.0,True,True,node,MFT003,CH,SG,,1.0,12,True,2
C_WRT005,3,4.0,5.0,True,True,arc,White Rock Powerhouse Tailrace,CH,ST,89.0287012092303,1.0,12,True,2
INDVL,3,4.0,5.0,True,True,node,INDVL,STR,,,1.0,12,True,2
C_SFA030,3,4.0,5.0,True,True,arc,South Fork American River,CH,ST,47549.2309163967,1.0,12,True,2
SP_SAC066_YBP020,3,4.0,5.0,True,True,arc,,SP,,10992.0985987727,1.0,12,True,2
C_HON004,3,4.0,5.0,True,True,arc,South Honcut Creek,CH,ST,6011.52341626476,1.0,12,True,2
CHC000,3,4.0,5.0,True,True,node,CHC000,CH,GWO,,2.0,12,True,2
C_CMCHE,3,4.0,5.0,True,True,arc,Mokelumne River,CH,ST,1965.97928795925,2.0,12,True,2
D_FTR018_15S_SA,3,4.0,5.0,True,True,arc,,D,,3789.94105691464,1.0,12,True,2
D_SAC294_03_PA,3,4.0,5.0,True,True,arc,,D,,7528.73629999906,1.0,12,True,2
C_DCC010,3,4.0,5.0,True,True,arc,Duncan Canyon Creek,CH,ST,361.625168038999,1.0,12,True,2
R_RFS11_BGD000,3,4.0,5.0,True,True,arc,,RT,,3465.74139999971,1.0,12,True,2
BRR073,3,4.0,5.0,True,True,node,BRR073,CH,SG,,1.0,12,True,2
D_SFA066_EDC000,3,4.0,5.0,True,True,arc,El Dorado Canal,D,CL,175.990294809774,1.0,12,True,2
D_ABN010_24_NA2,3,4.0,5.0,True,True,arc,,D,,4690.05399999861,1.0,12,True,2
C_XCC043,3,4.0,5.0,True,True,arc,Main Canal,CH,CL,16517.966617375,2.0,12,True,2
C_MCD009,3,4.0,5.0,True,True,arc,Merced River,CH,ST,6437.38892681427,2.0,12,True,2
C_STS050,3,4.0,5.0,True,True,arc,Stanislaus River,CH,ST,3732.59444864253,2.0,12,True,2
C_SJR081,3,4.0,5.0,True,True,arc,San Joaquin River,CH,ST,10575.6954662394,2.0,12,True,2
C_CHW011,3,4.0,5.0,True,True,arc,Chowchilla River,CH,ST,8046.73602252663,2.0,12,True,2
C_DMC085,3,4.0,5.0,True,True,arc,Delta-Mendota Canal,CH,CL,8805.32307355331,2.0,12,True,2
C_PTH030,3,4.0,5.0,True,True,arc,Putah Creek,CH,ST,8446.82225920654,1.0,12,True,2
SR_72_SAL006,3,4.0,5.0,True,True,arc,,SR,,2500.00007079453,2.0,12,True,2
SAC178,3,4.0,5.0,True,True,node,SAC178,CH,STM,,1.0,12,True,2
I_FRMDW,3,4.0,5.0,True,True,arc,,IN,LI,7500.00000054734,1.0,12,True,2
C_CBD031,3,4.0,5.0,True,True,arc,Colusa Basin Drainage Canal,CH,CL,5607.8451790205,1.0,12,True,2
SAC159,3,4.0,5.0,True,True,node,SAC159,CH,SG,,1.0,12,True,2
LGRSV,3,4.0,5.0,True,True,node,LGRSV,STR,,,1.0,12,True,2
BRR049,3,4.0,5.0,True,True,node,BRR049,CH,SG,,1.0,12,True,2
CCL005,3,4.0,5.0,True,True,node,CCL005,CH,CNL,,1.0,12,True,2
C_SAC196,3,4.0,5.0,True,True,arc,Sacramento River,CH,ST,226.376901990536,1.0,12,True,2
C_YUB003,3,4.0,5.0,True,True,arc,Yuba River,CH,ST,1709.98867444803,1.0,12,True,2
XCC033,3,4.0,5.0,True,True,node,XCC033,CH,CNL,,2.0,12,True,2
C_STN014,3,4.0,5.0,True,True,arc,Stony Creek,CH,ST,8046.71993999928,1.0,12,True,2
C_QNT005,3,4.0,5.0,True,True,arc,Quinto Creek,CH,ST,9792.22302593664,2.0,12,True,2
D_SLT009_SCT000,3,4.0,5.0,True,True,arc,Slate Creek Tunnel,D,CL,72.0953908568976,1.0,12,True,2
C_SJR227,3,4.0,5.0,True,True,arc,San Joaquin River,CH,ST,2250.50219564065,2.0,12,True,2
BTC012,3,4.0,5.0,True,True,node,BTC012,CH,STM,,1.0,12,True,2
SJR134,3,4.0,5.0,True,True,node,SJR134,CH,STM,,2.0,12,True,2
C_STS053,3,4.0,5.0,True,True,arc,Stanislaus River,CH,ST,4828.04155718075,2.0,12,True,2
MPS038,3,4.0,5.0,True,True,node,MPS038,CH,SG,,2.0,12,True,2
C_BEC000,3,4.0,5.0,True,True,arc,Bear River Canal,CH,CL,34240.4166642802,1.0,12,True,2
C_LBN025,3,4.0,5.0,True,True,arc,Los Banos Creek,CH,ST,21343.4548572043,2.0,12,True,2
DD_SAC000_SACW,3,4.0,5.0,True,True,arc,,DD,,5901.58210000023,1.0,12,True,2
CAA046,3,4.0,5.0,True,True,node,CAA046,CH,CNL,,2.0,12,True,2
D_MCD021_63_NA4,3,4.0,5.0,True,True,arc,,D,,18176.6754945167,2.0,12,True,2
D_WTPVNY_26S_PU4,3,4.0,5.0,True,True,arc,,D,,20167.5954435608,1.0,12,True,2
SR_63_SJR117,3,4.0,5.0,True,True,arc,,SR,,2500.0,2.0,12,True,2
C_RUB031,3,4.0,5.0,True,True,arc,Rubicon River,CH,ST,12534.9222386557,1.0,12,True,2
BRR023,3,4.0,5.0,True,True,node,BRR023,CH,STM,,1.0,12,True,2
MIO023,3,4.0,5.0,True,True,node,MIO023,CH,CNL,,1.0,12,True,2
DMC058,3,4.0,5.0,True,True,node,DMC058,CH,CNL,,2.0,12,True,2
SYC001,3,4.0,5.0,True,True,node,SYC001,CH,CNL,,1.0,12,True,2
C_JBT004,3,4.0,5.0,True,True,arc,,CH,ST,23.6499078757616,1.0,12,True,2
C_SAC146,3,4.0,5.0,True,True,arc,Sacramento River,CH,ST,8445.89467142904,1.0,12,True,2
VLW008,3,4.0,5.0,True,True,node,VLW008,CH,CNL,,2.0,12,True,2
SAC048,3,4.0,5.0,True,True,node,SAC048,CH,STM,,1.0,12,True,2
I_DPC008,3,4.0,5.0,True,True,arc,,IN,LI,7500.00005812499,2.0,12,True,2
C_CHIPPS,3,4.0,5.0,True,True,arc,Sacramento River,CH,,8493.42896273115,1.0,12,True,2
R_15N_SA_FTR031,3,4.0,5.0,True,True,arc,,RT,,11082.4031486485,1.0,12,True,2
CAA066,3,4.0,5.0,True,True,node,CAA066,CH,CNL,,2.0,12,True,2
C_TUO004,3,4.0,5.0,True,True,arc,Tuolumne River,CH,ST,1180.73851192587,2.0,12,True,2
SJR070,3,4.0,5.0,True,True,node,SJR070,CH,SG,,2.0,12,True,2
C_SFA046,3,4.0,5.0,True,True,arc,South Fork American River,CH,ST,360.948608543471,1.0,12,True,2
C_BTC060,3,4.0,5.0,True,True,arc,Butte Creek,CH,ST,20295.2892683652,1.0,12,True,2
C_CLR009,3,4.0,5.0,True,True,arc,Clear Creek,CH,ST,14487.3159415483,1.0,12,True,2
C_NMW004,3,4.0,5.0,True,True,arc,Newman Wasteway,CH,CL,6852.16112650226,2.0,12,True,2
SFY033,3,4.0,5.0,True,True,node,SFY033,CH,STM,,1.0,12,True,2
SAC036,3,4.0,5.0,True,True,node,SAC036,CH,STM,,1.0,12,True,2
R_WSWWTP_SJR028,3,4.0,5.0,True,True,arc,,RT,,14967.7433000002,2.0,12,True,2
YUB011,3,4.0,5.0,True,True,node,YUB011,CH,STM,,1.0,12,True,2
C_CCH058,3,4.0,5.0,True,True,arc,Cache Creek,CH,ST,8251.96007926712,1.0,12,True,2
DMC034,3,4.0,5.0,True,True,node,DMC034,CH,CNL,,2.0,12,True,2
TCWWTP,3,4.0,5.0,True,True,node,TCWWTP,WWTP,,,2.0,12,True,2
SBP028,3,4.0,5.0,True,True,node,SBP028,CH,BYP,,1.0,12,True,2
CWD018,3,4.0,5.0,True,True,node,CWD018,CH,SG,,1.0,12,True,2
DRM011,3,4.0,5.0,True,True,node,DRM011,CH,SG,,1.0,12,True,2
D_SJR062_50_PA1,3,4.0,5.0,True,True,arc,,D,,11312.7555731231,2.0,12,True,2
C_NFC005,3,4.0,5.0,True,True,arc,North Fork Cache Creek,CH,ST,8316.15513936799,1.0,12,True,2
C_DED003,3,4.0,5.0,True,True,arc,Deadman Creek,CH,ST,2200.62916253926,2.0,12,True,2
SR_71_SJR106,3,4.0,5.0,True,True,arc,,SR,,2500.00005385015,2.0,12,True,2
C_TCC031,3,4.0,5.0,True,True,arc,Tehama Colusa Canal,CH,CL,8046.71995449497,1.0,12,True,2
CT_BUTTECITY,3,4.0,5.0,True,True,arc,,CT,,7499.9999893411,1.0,12,True,2
BOWMN,3,4.0,5.0,True,True,node,BOWMN,STR,,,1.0,12,True,2
C_AMR009,3,4.0,5.0,True,True,arc,American River,CH,ST,2786.21739605386,1.0,12,True,2
C_SAC077,3,4.0,5.0,True,True,arc,Sacramento River,CH,ST,1609.09929449397,1.0,12,True,2
MSN009,3,4.0,5.0,True,True,node,MSN009,CH,STM,,2.0,12,True,2
C_PLC006,3,4.0,5.0,True,True,arc,Pilot Creek,CH,ST,9601.01205869388,1.0,12,True,2
SR_20_YBP023,3,4.0,5.0,True,True,arc,,SR,,2499.99999580569,1.0,12,True,2
C_JBP006,3,4.0,5.0,True,True,arc,James Bypass,CH,BP,9656.18135820796,2.0,12,True,2
DCM019,3,4.0,5.0,True,True,node,DCM019,CH,SG,,2.0,12,True,2
SR_60N_SJR022,3,4.0,5.0,True,True,arc,,SR,,2499.99986300427,1.0,12,True,2
C_SAC275,3,4.0,5.0,True,True,arc,Sacramento River,CH,ST,2308.10996574581,1.0,12,True,2
FRS016,3,4.0,5.0,True,True,node,FRS016,CH,STM,,2.0,12,True,2
C_LBC038,3,4.0,5.0,True,True,arc,Lower Boardman Canal,CH,CL,2948.42394424455,1.0,12,True,2
NFF020,3,4.0,5.0,True,True,node,NFF020,CH,STM,,1.0,12,True,2
NFF028,3,4.0,5.0,True,True,node,NFF028,CH,SG,,1.0,12,True,2
BCN010,3,4.0,5.0,True,True,node,BCN010,CH,SG,,1.0,12,True,2
C_SAC017,3,4.0,5.0,True,True,arc,Sacramento River,CH,ST,9256.70836743719,1.0,12,True,2
MFM007,3,4.0,5.0,True,True,node,MFM007,CH,STM,,2.0,12,True,2
D_WTPFBN_26N_NU3,3,4.0,5.0,True,True,arc,,D,,15027.9093385645,1.0,12,True,2
SR_05_SAC196,3,4.0,5.0,True,True,arc,,SR,,2500.0,1.0,12,True,2
D_SBP031_18_NA,3,4.0,5.0,True,True,arc,,D,,4629.06044588207,1.0,12,True,2
SAC301,3,4.0,5.0,True,True,node,SAC301,CH,STM,,1.0,12,True,2
DES006,3,4.0,5.0,True,True,node,DES006,CH,CNL,,1.0,12,True,2
I_SGRGE,3,4.0,5.0,True,True,arc,,IN,LI,7500.00002951294,1.0,12,True,2
D_ASL013_64_PA2,3,4.0,5.0,True,True,arc,,D,,3333.34970000014,2.0,12,True,2
YUB006,3,4.0,5.0,True,True,node,YUB006,CH,SG,,1.0,12,True,2
R_RFS25_CSL005,3,4.0,5.0,True,True,arc,,RT,,32563.6258372908,1.0,12,True,2
C_CWD009,3,4.0,5.0,True,True,arc,Cottonwood Creek,CH,ST,7249.56481196461,1.0,12,True,2
I_LCC038,3,4.0,5.0,True,True,arc,,IN,LI,7499.99996034771,1.0,12,True,2
BCK035,3,4.0,5.0,True,True,node,BCK035,CH,STM,,2.0,12,True,2
C_SAC106,3,4.0,5.0,True,True,arc,Sacramento River,CH,ST,10938.9715549695,1.0,12,True,2
STS030,3,4.0,5.0,True,True,node,STS030,CH,STM,,2.0,12,True,2
C_DED012,3,4.0,5.0,True,True,arc,Deadman Creek,CH,ST,3909.11135859528,2.0,12,True,2
C_ENGLB,3,4.0,5.0,True,True,arc,Yuba River,CH,ST,664.184236965363,1.0,12,True,2
SR_09_BSL001,3,4.0,5.0,True,True,arc,,SR,,2500.0,1.0,12,True,2
C_SAC240,3,4.0,5.0,True,True,arc,Sacramento River,CH,ST,13147.3033995603,1.0,12,True,2
D_AMADR_60N_NA1,3,4.0,5.0,True,True,arc,,D,,6692.44350480332,2.0,12,True,2
C_SAC218,3,4.0,5.0,True,True,arc,Sacramento River,CH,ST,1544.60569602671,1.0,12,True,2
C_BSC009,3,4.0,5.0,True,True,arc,Bowman-Spaulding Conduit,CH,CL,219.557003071551,1.0,12,True,2
D_SAC240_TCC001,3,4.0,5.0,True,True,arc,Tehama Colusa Canal,D,,876.233980253896,1.0,12,True,2
D_MTC000_09_NA,3,4.0,5.0,True,True,arc,,D,,13152.0876335088,1.0,12,True,2
SAC078,3,4.0,5.0,True,True,node,SAC078,CH,STM,,1.0,12,True,2
C_CLV037,3,4.0,5.0,True,True,arc,Calaveras River,CH,ST,3385.2579671939,2.0,12,True,2
R_15S_SA_FTR014,3,4.0,5.0,True,True,arc,,RT,,7913.97527984782,1.0,12,True,2
C_NFF029,3,4.0,5.0,True,True,arc,North Fork Feather River,CH,ST,276.302345114885,1.0,12,True,2
TUO053,3,4.0,5.0,True,True,node,TUO053,CH,SG,,2.0,12,True,2
SFM003,3,4.0,5.0,True,True,node,SFM003,CH,SG,,2.0,12,True,2
TKWWTP,3,4.0,5.0,True,True,node,TKWWTP,WWTP,,,2.0,12,True,2
CLV016,3,4.0,5.0,True,True,node,CLV016,CH,STM,,2.0,12,True,2
MLC004,3,4.0,5.0,True,True,node,MLC004,CH,STM,,1.0,12,True,2
C_SLTSP,3,4.0,5.0,True,True,arc,North Fork Mokelumne River,CH,ST,770.722434892837,2.0,12,True,2
C_MDC032,3,4.0,5.0,True,True,arc,Madera Canal,CH,CL,6254.4729748486,2.0,12,True,2
D_BRR050_BEC000,3,4.0,5.0,True,True,arc,Bear River Canal,D,CL,178.938304681119,1.0,12,True,2
C_EBP032,3,4.0,5.0,True,True,arc,Eastside Bypass,CH,BP,1071.25796806295,2.0,12,True,2
R_18_NA_RFS18,3,4.0,5.0,True,True,arc,,RT,,10580.6452000001,1.0,12,True,2
C_SAC188,3,4.0,5.0,True,True,arc,Sacramento River,CH,ST,4242.9711070621,1.0,12,True,2
D_DBC014_64_PA1,3,4.0,5.0,True,True,arc,,D,,14028.936034089,2.0,12,True,2
R_12_NA_HON004,3,4.0,5.0,True,True,arc,,RT,,7031.05250000022,1.0,12,True,2
SBP018,3,4.0,5.0,True,True,node,SBP018,CH,BYP,,1.0,12,True,2
D_WTPBLV_03_PU2,3,4.0,5.0,True,True,arc,,D,,12592.3685999988,1.0,12,True,2
C_SJR185,3,4.0,5.0,True,True,arc,San Joaquin River,CH,ST,8046.73605686957,2.0,12,True,2
C_SFA035,3,4.0,5.0,True,True,arc,South Fork American River,CH,ST,3684.99137339075,1.0,12,True,2
SR_62_SJR081,3,4.0,5.0,True,True,arc,,SR,,2500.00015262216,2.0,12,True,2
FSC015,3,4.0,5.0,True,True,node,FSC015,CH,CNL,,2.0,12,True,2
C_LPC007,3,4.0,5.0,True,True,arc,Little Panoche Creek,CH,ST,14261.7342290963,2.0,12,True,2
SLV005,3,4.0,5.0,True,True,node,SLV005,CH,SG,,1.0,12,True,2
RFS61B,3,4.0,5.0,True,True,node,RFS61B,RFS,,,2.0,12,True,2
C_SFA032,3,4.0,5.0,True,True,arc,South Fork American River,CH,ST,4102.48012263798,1.0,12,True,2
SAC229,3,4.0,5.0,True,True,node,SAC229,CH,STM,,1.0,12,True,2
C_DCT050,3,4.0,5.0,True,True,arc,Dry Creek (Tuolumne),CH,ST,80918.9862580653,2.0,12,True,2
C_ORP000,3,4.0,5.0,True,True,arc,Old River Pipeline,CH,CL,10645.1920220966,1.0,12,True,2
MFA024,3,4.0,5.0,True,True,node,MFA024,CH,STM,,1.0,12,True,2
R_21_PU_SRWWTP,3,4.0,5.0,True,True,arc,Unlabeled Return Flow,RT,,21996.9163974605,1.0,12,True,2
C_ELD022,3,4.0,5.0,True,True,arc,Elder Creek,CH,ST,8046.71998045059,1.0,12,True,2
R_JBC008_FTR048,3,4.0,5.0,True,True,arc,,RT,,91.3851000792218,1.0,12,True,2
SR_60S_SJR038,3,4.0,5.0,True,True,arc,,SR,,2500.00007079504,2.0,12,True,2
SR_10_BSL001,3,4.0,5.0,True,True,arc,,SR,,2500.00007079418,1.0,12,True,2
D_PSC013_WTPDEF,3,4.0,5.0,True,True,arc,,D,,375.337400000542,1.0,12,True,2
D_FSC025_60N_PU,3,4.0,5.0,True,True,arc,,D,,6874.87989999913,2.0,12,True,2
TAB000,3,4.0,5.0,True,True,node,TAB000,CH,SG,,1.0,12,True,2
FRS048,3,4.0,5.0,True,True,node,FRS048,CH,SG,,2.0,12,True,2
D_CCC007_ANTOC,3,4.0,5.0,True,True,arc,,D,,5696.0548671491,1.0,12,True,2
D_WTPMNR_13_NU1,3,4.0,5.0,True,True,arc,,D,,7127.62899999972,1.0,12,True,2
C_ESTMN,3,4.0,5.0,True,True,arc,Chowchilla River,CH,ST,662.437312209226,2.0,12,True,2
SJR263,3,4.0,5.0,True,True,node,SJR263,CH,SG,,2.0,12,True,2
R_62_NA5_SJR082,3,4.0,5.0,True,True,arc,,RT,,13502.805448045,2.0,12,True,2
SAC218,3,4.0,5.0,True,True,node,SAC218,CH,STM,,1.0,12,True,2
SR_22_SAC066,3,4.0,5.0,True,True,arc,,SR,,2500.0,1.0,12,True,2
TUO004,3,4.0,5.0,True,True,node,TUO004,CH,SG,,2.0,12,True,2
I_BOWMN,3,4.0,5.0,True,True,arc,,IN,IM,7500.00010957084,1.0,12,True,2
TTC000,3,4.0,5.0,True,True,node,TTC000,CH,CNL,,1.0,12,True,2
D_WTPNBR_25_PU,3,4.0,5.0,True,True,arc,,D,,9272.76954328803,1.0,12,True,2
TUO047,3,4.0,5.0,True,True,node,TUO047,CH,STM,,2.0,12,True,2
D_DMC070_VLW008,3,4.0,5.0,True,True,arc,Volta Wasteway,D,CL,12874.7774052969,2.0,12,True,2
R_26N_NA_EMD007,3,4.0,5.0,True,True,arc,,RT,,8830.06897374028,1.0,12,True,2
SAC049,3,4.0,5.0,True,True,node,SAC049,CH,SG,,1.0,12,True,2
SLUIS,3,4.0,5.0,True,True,node,SLUIS,STR,,,2.0,12,True,2
C_ORT014,3,4.0,5.0,True,True,arc,Orestimba Creek,CH,ST,8046.73606844219,2.0,12,True,2
R_TCWWTP_OMR039,3,4.0,5.0,True,True,arc,,RT,,4075.46765851486,2.0,12,True,2
R_71_NA2_SJR070,3,4.0,5.0,True,True,arc,,RT,,3000.0,2.0,12,True,2
AWWWTP,3,4.0,5.0,True,True,node,AWWWTP,WWTP,,,2.0,12,True,2
CMT000,3,4.0,5.0,True,True,node,CMT000,CH,SG,,1.0,12,True,2
C_SJR258,3,4.0,5.0,True,True,arc,San Joaquin River,CH,ST,3363.68565732413,2.0,12,True,2
C_DRM000,3,4.0,5.0,True,True,arc,Drum Canal,CH,CL,1071.50851041814,1.0,12,True,2
C_SJR117,3,4.0,5.0,True,True,arc,San Joaquin River,CH,ST,1908.80061008585,2.0,12,True,2
D_SJR082_71_PA2,3,4.0,5.0,True,True,arc,,D,,9227.99789999984,2.0,12,True,2
C_DSC016,3,4.0,5.0,True,True,arc,Dry Creek/Sutter Creek,CH,ST,6437.45424884748,2.0,12,True,2
R_08S_PA_CBD012,3,4.0,5.0,True,True,arc,,RT,,8368.66389999911,1.0,12,True,2
C_MFF095,3,4.0,5.0,True,True,arc,Middle Fork Feather River,CH,,10484.0882587489,1.0,12,True,2
C_SJR179,3,4.0,5.0,True,True,arc,San Joaquin River,CH,ST,9973.25522988949,2.0,12,True,2
C_CCH017,3,4.0,5.0,True,True,arc,Cache Creek,CH,ST,7360.15755388704,1.0,12,True,2
R_60N_NA1_DSC026,3,4.0,5.0,True,True,arc,,RT,,8492.85699999984,2.0,12,True,2
C_TCC085,3,4.0,5.0,True,True,arc,Tehama Colusa Canal,CH,CL,40945.2580430148,1.0,12,True,2
D_WTPSJP_26N_NU1,3,4.0,5.0,True,True,arc,,D,,16829.1285999995,1.0,12,True,2
C_LCC038,3,4.0,5.0,True,True,arc,Little Chico Creek,CH,ST,10880.548048466,1.0,12,True,2
C_CAA087,3,4.0,5.0,True,True,arc,California Aqueduct,CH,CL,13458.8090487643,2.0,12,True,2
C_RVPHB,3,4.0,5.0,True,True,arc,Philbrook Creek,CH,ST,3801.67581373415,1.0,12,True,2
SAC011,3,4.0,5.0,True,True,node,SAC011,CH,STM,,1.0,12,True,2
I_BUR005,3,4.0,5.0,True,True,arc,,IN,LI,7500.00005812499,2.0,12,True,2
D_SAC109_19_SA,3,4.0,5.0,True,True,arc,,D,,9163.94367532351,1.0,12,True,2
YBP023,3,4.0,5.0,True,True,node,YBP023,CH,BYP,,1.0,12,True,2
LJC010,3,4.0,5.0,True,True,node,LJC010,CH,STM,,2.0,12,True,2
C_ALMNR,3,4.0,5.0,True,True,arc,North Fork Feather River,CH,ST,15961.154239573,1.0,12,True,2
C_PTH011,3,4.0,5.0,True,True,arc,Putah Creek,CH,ST,6061.14958345941,1.0,12,True,2
C_EBP043,3,4.0,5.0,True,True,arc,Eastside Bypass,CH,BP,8132.54422941252,2.0,12,True,2
CHW037,3,4.0,5.0,True,True,node,CHW037,CH,SG,,2.0,12,True,2
MOK088,3,4.0,5.0,True,True,node,MOK088,CH,STM,,2.0,12,True,2
D_FTR003_22_SA2,3,4.0,5.0,True,True,arc,,D,,1598.05439999979,1.0,12,True,2
SR_26N_EMD007,3,4.0,5.0,True,True,arc,,SR,,2500.00003447572,1.0,12,True,2
D_LBC043_MRM001,3,4.0,5.0,True,True,arc,Shirland Canal/Mormon Ravine,D,CL,10938.3050095514,1.0,12,True,2
C_SJR022,3,4.0,5.0,True,True,arc,San Joaquin River,CH,ST,13964.0376933723,1.0,12,True,2
D_MOK050_60N_NA3,3,4.0,5.0,True,True,arc,,D,,16650.4896,2.0,12,True,2
CAA109,3,4.0,5.0,True,True,node,CAA109,CH,CNL,,2.0,12,True,2
C_MDOTA,3,4.0,5.0,True,True,arc,San Joaquin River,CH,ST,2979.25588059798,2.0,12,True,2
C_CAA000,3,4.0,5.0,True,True,arc,California Aqueduct,CH,CL,2907.45800171373,1.0,12,True,2
R_24_NA1_CCK022,3,4.0,5.0,True,True,arc,Doty Ravine North Canal,RT,CL,22178.2588548336,1.0,12,True,2
R_RFS61D_STS030,3,4.0,5.0,True,True,arc,,RT,,8707.62916449869,2.0,12,True,2
C_RD1500,3,4.0,5.0,True,True,arc,Sacramento Slough,CH,ST,1468.93668203568,1.0,12,True,2
D_FPT013_WTPVNY,3,4.0,5.0,True,True,arc,,D,,1766.71240000054,1.0,12,True,2
C_PSC017,3,4.0,5.0,True,True,arc,Putah South Canal,CH,CL,4520.70979286502,1.0,12,True,2
C_CAA046,3,4.0,5.0,True,True,arc,California Aqueduct,CH,CL,8593.1747038459,2.0,12,True,2
C_COW014,3,4.0,5.0,True,True,arc,Cow Creek,CH,ST,10524.3072002585,1.0,12,True,2
D_SYC000_SFY041,3,4.0,5.0,True,True,arc,,D,,758.785000002012,1.0,12,True,2
SAC162,3,4.0,5.0,True,True,node,SAC162,CH,STM,,1.0,12,True,2
D_STN014_TCC031,3,4.0,5.0,True,True,arc,,D,,2153.78239999991,1.0,12,True,2
C_SLV007,3,4.0,5.0,True,True,arc,Silver Creek,CH,ST,777.980721502107,1.0,12,True,2
STH001,3,4.0,5.0,True,True,node,STH001,CH,CNL,,1.0,12,True,2
CBD018,3,4.0,5.0,True,True,node,CBD018,CH,CNL,,1.0,12,True,2
SJR131,3,4.0,5.0,True,True,node,SJR131,CH,SG,,2.0,12,True,2
R_50_PU_TCWWTP,3,4.0,5.0,True,True,arc,,RT,,2904.03809999861,2.0,12,True,2
R_11_SA4_DWRPS2,3,4.0,5.0,True,True,arc,,RT,,11833.5881785402,1.0,12,True,2
SLV015,3,4.0,5.0,True,True,node,SLV015,CH,SG,,1.0,12,True,2
C_OMR002,3,4.0,5.0,True,True,arc,Old/Middle Rivers,CH,ST,9518.53308211445,1.0,12,True,2
STS011,3,4.0,5.0,True,True,node,STS011,CH,STM,,2.0,12,True,2
SR_16_DWRPS1,3,4.0,5.0,True,True,arc,,SR,,2500.00006145467,1.0,12,True,2
C_LST004,3,4.0,5.0,True,True,arc,Lost Creek,CH,ST,481.082877381115,1.0,12,True,2
D_MIO023_10_NA,3,4.0,5.0,True,True,arc,,D,,12009.7174999993,1.0,12,True,2
D_ICEHS_IHT002,3,4.0,5.0,True,True,arc,Ice House Tunnel,D,CL,3901.82619386289,1.0,12,True,2
C_DCC009,3,4.0,5.0,True,True,arc,Duncan Canyon Creek,CH,ST,377.786407883657,1.0,12,True,2
LBN008,3,4.0,5.0,True,True,node,LBN008,CH,STM,,2.0,12,True,2
SAC081,3,4.0,5.0,True,True,node,SAC081,CH,SG,,1.0,12,True,2
I_SPLDG,3,4.0,5.0,True,True,arc,,IN,IM,7500.00000957101,1.0,12,True,2
SFF028,3,4.0,5.0,True,True,node,SFF028,CH,SG,,1.0,12,True,2
CMPFW,3,4.0,5.0,True,True,node,CMPFW,STR,NSM,,1.0,12,True,2
R_02_SU_CCWWTP,3,4.0,5.0,True,True,arc,Unlabeled Return Flow,RT,,8747.77434711002,1.0,12,True,2
CCC007,3,4.0,5.0,True,True,node,CCC007,CH,CNL,,1.0,12,True,2
D_PSC017_WTPNBR,3,4.0,5.0,True,True,arc,,D,,343.28569999896,1.0,12,True,2
SJR105,3,4.0,5.0,True,True,node,SJR105,CH,SG,,2.0,12,True,2
CMBIE,3,4.0,5.0,True,True,node,CMBIE,STR,NSM,,1.0,12,True,2
LRT000,3,4.0,5.0,True,True,node,LRT000,CH,SG,,1.0,12,True,2
C_MDS003,3,4.0,5.0,True,True,arc,Modesto Main Canal,CH,CL,21455.8730355639,2.0,12,True,2
EDC000,3,4.0,5.0,True,True,node,EDC000,CH,SG,,1.0,12,True,2
C_SJR200,3,4.0,5.0,True,True,arc,San Joaquin River,CH,ST,3218.6944550385,2.0,12,True,2
C_NFF046,3,4.0,5.0,True,True,arc,North Fork Feather River,CH,ST,1123.83258493886,1.0,12,True,2
D_AMR007_WTPFBN,3,4.0,5.0,True,True,arc,,D,,384.01080000028,2.0,12,True,2
C_TRNTY,3,4.0,5.0,True,True,arc,Trinity River,CH,ST,11468.2532218851,1.0,12,True,2
SR_61_TUO017,3,4.0,5.0,True,True,arc,,SR,,2500.00006651625,2.0,12,True,2
AMR015,3,4.0,5.0,True,True,node,AMR015,CH,STM,,1.0,12,True,2
ELD027,3,4.0,5.0,True,True,node,ELD027,CH,SG,,1.0,12,True,2
TRNSF,3,4.0,5.0,True,True,node,TRNSF,CH,,,1.0,12,True,2
SFY044,3,4.0,5.0,True,True,node,SFY044,CH,STM,,1.0,12,True,2
BTC045,3,4.0,5.0,True,True,node,BTC045,CH,STM,,1.0,12,True,2
PLM001,3,4.0,5.0,True,True,node,PLM001,CH,SG,,1.0,12,True,2
BEC000,3,4.0,5.0,True,True,node,BEC000,CH,SG,,1.0,12,True,2
D_YUB011_15N_NA2,3,4.0,5.0,True,True,arc,,D,,8274.88151017089,1.0,12,True,2
C_JCK002,3,4.0,5.0,True,True,arc,Jack Slough,CH,ST,3510.60323527851,1.0,12,True,2
D_SLV006_CMN005,3,4.0,5.0,True,True,arc,Camino Tunnel,D,CL,8054.64007164452,1.0,12,True,2
C_BRR017,3,4.0,5.0,True,True,arc,Bear River,CH,ST,8660.30974841533,1.0,12,True,2
C_CMBIE,3,4.0,5.0,True,True,arc,Bear River,CH,ST,9220.50917686198,1.0,12,True,2
NBA021,3,4.0,5.0,True,True,node,NBA021,CH,CNL,,1.0,12,True,2
C_SAC074,3,4.0,5.0,True,True,arc,Sacramento River,CH,ST,12280.8297192622,1.0,12,True,2
D_SAC296_02_SA,3,4.0,5.0,True,True,arc,,D,,30599.0202105357,1.0,12,True,2
D_JBC004_11_SA3,3,4.0,5.0,True,True,arc,,D,,1727.56290966106,1.0,12,True,2
CCH053,3,4.0,5.0,True,True,node,CCH053,CH,SG,,1.0,12,True,2
DED012,3,4.0,5.0,True,True,node,DED012,CH,STM,,2.0,12,True,2
C_MOK050,3,4.0,5.0,True,True,arc,Mokelumne River,CH,ST,9656.06388222694,2.0,12,True,2
C_STS030,3,4.0,5.0,True,True,arc,Stanislaus River,CH,ST,16093.4722087246,2.0,12,True,2
I_EPARK,3,4.0,5.0,True,True,arc,,IN,LI,7499.99997172656,1.0,12,True,2
SSJ001,3,4.0,5.0,True,True,node,SSJ001,CH,SG,,2.0,12,True,2
C_DMC064,3,4.0,5.0,True,True,arc,Delta-Mendota Canal,CH,CL,9579.39840344658,2.0,12,True,2
YBP007,3,4.0,5.0,True,True,node,YBP007,CH,BYP,,1.0,12,True,2
ALD002,3,4.0,5.0,True,True,node,ALD002,CH,STM,,1.0,12,True,2
C_SAC099,3,4.0,5.0,True,True,arc,Sacramento River,CH,ST,3545.12444054996,1.0,12,True,2
LPC000,3,4.0,5.0,True,True,node,LPC000,CH,GWO,,2.0,12,True,2
C_MFA001,3,4.0,5.0,True,True,arc,Middle Fork American River,CH,ST,2290.88638266127,1.0,12,True,2
C_FTR028,3,4.0,5.0,True,True,arc,Feather River,CH,ST,4258.33072368134,1.0,12,True,2
C_TUO030,3,4.0,5.0,True,True,arc,Tuolumne River,CH,ST,12874.7777548003,2.0,12,True,2
D_SAC082_22_SA1,3,4.0,5.0,True,True,arc,,D,,7940.50729999878,1.0,12,True,2
C_EBP048,3,4.0,5.0,True,True,arc,Eastside Bypass,CH,BP,3032.6394416796,2.0,12,True,2
D_ALMNR_BVT003,3,4.0,5.0,True,True,arc,Butt Valley Tunnel,D,CL,12944.1855825737,1.0,12,True,2
WSWWTP,3,4.0,5.0,True,True,node,WSWWTP,WWTP,,,2.0,12,True,2
SAC061,3,4.0,5.0,True,True,node,SAC061,CH,SG,,1.0,12,True,2
MSS014,3,4.0,5.0,True,True,node,MSS014,CH,STM,,2.0,12,True,2
I_NHGAN,3,4.0,5.0,True,True,arc,,IN,LI,7500.0,2.0,12,True,2
SJR072,3,4.0,5.0,True,True,node,SJR072,CH,SG,,2.0,12,True,2
R_71_NA1_SJR091,3,4.0,5.0,True,True,arc,,RT,,13524.0381399838,2.0,12,True,2
C_LRB005,3,4.0,5.0,True,True,arc,Little Rubicon River,CH,ST,2748.86514594565,1.0,12,True,2
C_XCC033,3,4.0,5.0,True,True,arc,Main Canal,CH,CL,15524.6471132173,2.0,12,True,2
D_WTPAUB_24_NU1,3,4.0,5.0,True,True,arc,,D,,1833.97956372751,1.0,12,True,2
D_CRC002_22_SA1,3,4.0,5.0,True,True,arc,,D,,7372.52905189896,1.0,12,True,2
C_SLYCK,3,4.0,5.0,True,True,arc,Lost Creek,CH,ST,2683.16541535384,1.0,12,True,2
C_TCC081,3,4.0,5.0,True,True,arc,Tehama Colusa Canal,CH,CL,7163.35324887844,1.0,12,True,2
THM021,3,4.0,5.0,True,True,node,THM021,CH,STM,,1.0,12,True,2
CCS010,3,4.0,5.0,True,True,node,CCS010,CH,STM,,1.0,12,True,2
C_HNSLY,3,4.0,5.0,True,True,arc,Fresno River,CH,CL,1650.16659528041,2.0,12,True,2
C_MAQ001,3,4.0,5.0,True,True,arc,Mokelumne Aqueduct,CH,,16429.9960523322,2.0,12,True,2
BCC006,3,4.0,5.0,True,True,node,BCC006,CH,STM,,1.0,12,True,2
JKSMD,3,4.0,5.0,True,True,node,JKSMD,STR,,,1.0,12,True,2
DED032,3,4.0,5.0,True,True,node,DED032,CH,STM,,2.0,12,True,2
I_TUO054,3,4.0,5.0,True,True,arc,,IN,LI,7500.00012185699,2.0,12,True,2
C_BRV002,3,4.0,5.0,True,True,arc,Bear River (Mokelumne),CH,CH,113.652348725746,2.0,12,True,2
I_LJC022,3,4.0,5.0,True,True,arc,,IN,LI,7500.0,2.0,12,True,2
SAC277,3,4.0,5.0,True,True,node,SAC277,CH,STM,,1.0,12,True,2
I_CLRLK,3,4.0,5.0,True,True,arc,,IN,LI,7500.00004633221,1.0,12,True,2
C_FRS016,3,4.0,5.0,True,True,arc,Fresno River,CH,ST,2006.36481813041,2.0,12,True,2
C_LCC026,3,4.0,5.0,True,True,arc,Little Chico Creek,CH,ST,3534.21743828579,1.0,12,True,2
C_SFA040,3,4.0,5.0,True,True,arc,South Fork American River,CH,ST,9279.09880616171,1.0,12,True,2
SAC188,3,4.0,5.0,True,True,node,SAC188,CH,STM,,1.0,12,True,2
NFF046,3,4.0,5.0,True,True,node,NFF046,CH,STM,,1.0,12,True,2
D_CCH052_20_NA1,3,4.0,5.0,True,True,arc,,D,,48326.7918972511,1.0,12,True,2
SR_15N_FTR029,3,4.0,5.0,True,True,arc,,SR,,2500.00006651493,1.0,12,True,2
C_WWC006,3,4.0,5.0,True,True,arc,Wadsworth Canal,CH,CL,10485.9028587873,1.0,12,True,2
WLF021,3,4.0,5.0,True,True,node,WLF021,CH,STM,,1.0,12,True,2
RFS25,3,4.0,5.0,True,True,node,RFS25,RFS,,,1.0,12,True,2
R_60N_NA3_SJR028,3,4.0,5.0,True,True,arc,,RT,,30169.3290999997,2.0,12,True,2
C_SAC092,3,4.0,5.0,True,True,arc,Sacramento River,CH,ST,2052.29517065766,1.0,12,True,2
C_NFM012,3,4.0,5.0,True,True,arc,North Fork Mokelumne River,CH,ST,538.325786140331,2.0,12,True,2
CLV006,3,4.0,5.0,True,True,node,CLV006,CH,STM,,2.0,12,True,2
D_OWC000_13_NA,3,4.0,5.0,True,True,arc,,D,,6409.94609999936,1.0,12,True,2
C_TGR000,3,4.0,5.0,True,True,arc,Tiger Creek Regulatory Canal (MokAque),CH,CL,273.552518024825,2.0,12,True,2
C_MSH015,3,4.0,5.0,True,True,arc,Marsh Creek,CH,ST,24774.1506997278,1.0,12,True,2
TGR000,3,4.0,5.0,True,True,node,TGR000,CH,CNL,,2.0,12,True,2
C_SJR070,3,4.0,5.0,True,True,arc,San Joaquin River,CH,ST,13155.7009321381,2.0,12,True,2
C_SJR101,3,4.0,5.0,True,True,arc,San Joaquin River,CH,ST,7389.41988713041,2.0,12,True,2
DER022,3,4.0,5.0,True,True,node,DER022,CH,STM,,1.0,12,True,2
SR_08S_RFS8S,3,4.0,5.0,True,True,arc,,SR,,2499.99997840724,1.0,12,True,2
SAC287,3,4.0,5.0,True,True,node,SAC287,CH,STM,,1.0,12,True,2
C_ANT011,3,4.0,5.0,True,True,arc,Antelope Creek,CH,ST,2259.63860313049,1.0,12,True,2
BRR060,3,4.0,5.0,True,True,node,BRR060,CH,SG,,1.0,12,True,2
THM012,3,4.0,5.0,True,True,node,THM012,CH,STM,,1.0,12,True,2
C_COW003,3,4.0,5.0,True,True,arc,Cow Creek,CH,ST,4828.03199576576,1.0,12,True,2
I_SJR258,3,4.0,5.0,True,True,arc,,IN,LI,7500.00001747073,2.0,12,True,2
C_MDC006,3,4.0,5.0,True,True,arc,Madera Canal,CH,CL,20362.6010158388,2.0,12,True,2
ORG000,3,4.0,5.0,True,True,node,ORG000,CH,GWO,,2.0,12,True,2
C_DEE023,3,4.0,5.0,True,True,arc,Deer Creek (South),CH,ST,4307.37683539172,2.0,12,True,2
C_ABN026,3,4.0,5.0,True,True,arc,Auburn Ravine,CH,ST,3938.29676441623,1.0,12,True,2
C_SAC265,3,4.0,5.0,True,True,arc,Sacramento River,CH,ST,9656.06392957715,1.0,12,True,2
I_BANOS,3,4.0,5.0,True,True,arc,,IN,LI,7500.0,2.0,12,True,2
R_07N_NU_CBD049,3,4.0,5.0,True,True,arc,,RT,,30949.3817000007,1.0,12,True,2
NFY029,3,4.0,5.0,True,True,node,NFY029,CH,SG,,1.0,12,True,2
YUB034,3,4.0,5.0,True,True,node,YUB034,CH,STM,,1.0,12,True,2
R_11_SA2_CRK005,3,4.0,5.0,True,True,arc,,RT,,18022.8072901311,1.0,12,True,2
THRMF,3,4.0,5.0,True,True,node,THRMF,STR,,,1.0,12,True,2
SR_64_SJR214,3,4.0,5.0,True,True,arc,,SR,,2500.00007079504,2.0,12,True,2
CSM011,3,4.0,5.0,True,True,node,CSM011,CH,STM,,2.0,12,True,2
SJR048,3,4.0,5.0,True,True,node,SJR048,CH,STM,,2.0,12,True,2
BRC002,3,4.0,5.0,True,True,node,BRC002,CH,SG,,1.0,12,True,2
R_60N_NU1_WSWWTP,3,4.0,5.0,True,True,arc,,RT,,14062.9150999989,2.0,12,True,2
R_22_SA2_SAC083,3,4.0,5.0,True,True,arc,,RT,,4396.8713000007,1.0,12,True,2
R_63_NA2_MCD028,3,4.0,5.0,True,True,arc,,RT,,5549.75450000074,2.0,12,True,2
BRR050,3,4.0,5.0,True,True,node,BRR050,CH,STM,,1.0,12,True,2
SR_71_SJR091,3,4.0,5.0,True,True,arc,,SR,,2500.00013411344,2.0,12,True,2
STS048,3,4.0,5.0,True,True,node,STS048,CH,SG,,2.0,12,True,2
D_BTL006_03_NA,3,4.0,5.0,True,True,arc,,D,,11089.0959278861,1.0,12,True,2
C_DMC030,3,4.0,5.0,True,True,arc,Delta-Mendota Canal,CH,CL,7225.40886736255,2.0,12,True,2
D_WTPAMC_AMCYN,3,4.0,5.0,True,True,arc,,D,,7206.29980000015,1.0,12,True,2
D_SJR081_61_NA5,3,4.0,5.0,True,True,arc,,D,,2591.35190000013,2.0,12,True,2
C_CLV006,3,4.0,5.0,True,True,arc,Calaveras River,CH,ST,2782.33855899436,2.0,12,True,2
R_26S_NU4_RFS26S,3,4.0,5.0,True,True,arc,,RT,,1047.1381000001,1.0,12,True,2
BTC043,3,4.0,5.0,True,True,node,BTC043,CH,STM,,1.0,12,True,2
D_CBD049_08N_SA1,3,4.0,5.0,True,True,arc,,D,,8592.71939999983,1.0,12,True,2
SR_02_SAC257,3,4.0,5.0,True,True,arc,,SR,,2500.00003872534,1.0,12,True,2
D_FSC003_WTPCOL,3,4.0,5.0,True,True,arc,,D,,1928.2304000007,1.0,12,True,2
I_ALMNR,3,4.0,5.0,True,True,arc,,IN,LI,7499.99980547487,1.0,12,True,2
C_FRS025,3,4.0,5.0,True,True,arc,Fresno River,CH,ST,4970.81066703894,2.0,12,True,2
C_FSC003,3,4.0,5.0,True,True,arc,Folsom South Canal,CH,CL,7216.68050290594,1.0,12,True,2
SJR201,3,4.0,5.0,True,True,node,SJR201,CH,STM,,2.0,12,True,2
C_TCC066,3,4.0,5.0,True,True,arc,Tehama Colusa Canal,CH,CL,23736.9581105531,1.0,12,True,2
D_CAA143_90_PA2,3,4.0,5.0,True,True,arc,,D,,14165.0738783844,2.0,12,True,2
C_RLT007,3,4.0,5.0,True,True,arc,Ralston Powerhouse Tailrace,CH,ST,35.7025853836508,1.0,12,True,2
BRR017,3,4.0,5.0,True,True,node,BRR017,CH,SG,,1.0,12,True,2
C_GCC060,3,4.0,5.0,True,True,arc,Glenn Colusa Canal,CH,CL,8046.71995716842,1.0,12,True,2
C_SAC078,3,4.0,5.0,True,True,arc,Sacramento River,CH,ST,1609.34403887666,1.0,12,True,2
C_EBF001,3,4.0,5.0,True,True,arc,East Branch North Fork Feather River,CH,ST,853.291397904465,1.0,12,True,2
I_DED044,3,4.0,5.0,True,True,arc,,IN,LI,7500.00005812499,2.0,12,True,2
C_PTH015,3,4.0,5.0,True,True,arc,Putah Creek,CH,ST,6813.60239900337,1.0,12,True,2
SJR026,3,4.0,5.0,True,True,node,SJR026,CH,STM,,1.0,12,True,2
CCH006,3,4.0,5.0,True,True,node,CCH006,CH,STM,,1.0,12,True,2
C_MSN009,3,4.0,5.0,True,True,arc,Mud Slough,CH,ST,6452.63360436484,2.0,12,True,2
R_72_XA1_SAL017,3,4.0,5.0,True,True,arc,,RT,,9940.70610874473,2.0,12,True,2
C_SAC121,3,4.0,5.0,True,True,arc,Sacramento River,CH,ST,337.017306092571,1.0,12,True,2
SCT000,3,4.0,5.0,True,True,node,SCT000,CH,SG,,1.0,12,True,2
C_SFA066,3,4.0,5.0,True,True,arc,South Fork American River,CH,ST,965.006550930998,1.0,12,True,2
I_CLR025,1,4.0,,True,False,arc,,IN,LI,7499.99997130938,1.0,12,True,2
D_GRL001_SFR006,1,4.0,,True,False,arc,Gerle Creek Canal,D,CL,3041.44271751355,1.0,12,True,2
D_SFA040_WRT005,1,4.0,,True,False,arc,White Rock Tunnel,D,CL,8403.32218409809,1.0,12,True,2
D_BCK006_ESC000,1,4.0,,True,False,arc,,D,,3465.48630688679,2.0,12,True,2
D_SJR070_61_NA6,1,4.0,,True,False,arc,,D,,6557.28519999981,2.0,12,True,2
R_RFS72B_SJR106,1,4.0,,True,False,arc,,RT,,14491.9726300865,2.0,12,True,2
26S_NU4,1,4.0,,True,False,node,26S_NU4,NP,U,,1.0,12,True,2
WTPEDH,1,4.0,,True,False,node,WTPEDH,WTP,,,1.0,12,True,2
14_NU,1,4.0,,True,False,node,14_NU,NP,U,,1.0,12,True,2
62_NA1,1,4.0,,True,False,node,62_NA1,NP,A,,2.0,12,True,2
WTPFBN,1,4.0,,True,False,node,WTPFBN,WTP,,,1.0,12,True,2
63_NA2,1,4.0,,True,False,node,63_NA2,NP,A,,2.0,12,True,2
WTPWAL,1,4.0,,True,False,node,WTPWAL,WTP,,,1.0,12,True,2
10_NU1,1,4.0,,True,False,node,10_NU1,NP,U,,1.0,12,True,2
72_PA,1,4.0,,True,False,node,72_PA,PR,A,,2.0,12,True,2
SFA068,1,4.0,,True,False,node,SFA068,CH,SG,,1.0,12,True,2
D_MIO023_LDC021,1,4.0,,True,False,arc,,D,,10629.6779382063,1.0,12,True,2
R_ELIMP_ELC001,1,4.0,,True,False,arc,Echo Lake Conduit,RT,CL,842.828871259935,1.0,12,True,2
26S_PU4,1,4.0,,True,False,node,26S_PU4,PR,U,,1.0,12,True,2
02_NU,1,4.0,,True,False,node,02_NU,NP,U,,1.0,12,True,2
08N_PR1,1,4.0,,True,False,node,08N_PR1,PR,R,,1.0,12,True,2
WSB005,1,4.0,,True,False,node,WSB005,CH,STM,,1.0,12,True,2
50_PA1,1,4.0,,True,False,node,50_PA1,PR,A,,2.0,12,True,2
WTPVNY,1,4.0,,True,False,node,WTPVNY,WTP,,,1.0,12,True,2
50_PA2,1,4.0,,True,False,node,50_PA2,PR,A,,2.0,12,True,2
64_PA2,1,4.0,,True,False,node,64_PA2,PR,A,,2.0,12,True,2
D_SLUIS_SFLPE,1,4.0,,True,False,arc,,D,,5000.0,2.0,12,True,2
PEDRO,1,4.0,,True,False,node,PEDRO,STR,SIM,,2.0,12,True,2
20_NU1,1,4.0,,True,False,node,20_NU1,NP,U,,1.0,12,True,2
02_PU,1,4.0,,True,False,node,02_PU,PR,U,,1.0,12,True,2
D_STH004_24_NA3,1,4.0,,True,False,arc,,D,,4562.35278206665,1.0,12,True,2
SP_MDC019_FRS045,1,4.0,,True,False,arc,,SP,,701.039333439547,2.0,12,True,2
C_CPC009,1,4.0,,True,False,arc,Caples Creek,CH,ST,2031.18949390005,1.0,12,True,2
72_NU,1,4.0,,True,False,node,72_NU,NP,U,,2.0,12,True,2
C_SFS013,1,4.0,,True,False,arc,South Fork Silver Creek,CH,ST,20370.2725388928,1.0,12,True,2
26N_NU1,1,4.0,,True,False,node,26N_NU1,PR,U,,1.0,12,True,2
13_NU1,1,4.0,,True,False,node,13_NU1,NP,U,,1.0,12,True,2
D_BKR002_NBA009,1,4.0,,True,False,arc,North Bay Aqueduct,D,CL,13902.3691236047,1.0,12,True,2
26N_NU2,1,4.0,,True,False,node,26N_NU2,PR,U,,1.0,12,True,2
06_PA,1,4.0,,True,False,node,06_PA,PR,A,,1.0,12,True,2
64_NA1,1,4.0,,True,False,node,64_NA1,NP,A,,2.0,12,True,2
12_NA,1,4.0,,True,False,node,12_NA,NP,A,,1.0,12,True,2
17N_PR,1,4.0,,True,False,node,17N_PR,PR,R,,1.0,12,True,2
CLLPT,1,4.0,,True,False,node,CLLPT,OM,OMD,,1.0,12,True,2
60S_NA1,1,4.0,,True,False,node,60S_NA1,NP,A,,2.0,12,True,2
D_WLF013_NIDB1,1,4.0,,True,False,arc,Tarr Ditch,D,CL,23753.2961613591,1.0,12,True,2
04_NU2,1,4.0,,True,False,node,04_NU2,NP,U,,1.0,12,True,2
D_MFM007_WSPNT,1,4.0,,True,False,arc,West Point Middle Fork Mokelumne Pipeline,D,CL,3075.77215493721,2.0,12,True,2
24_NU2,1,4.0,,True,False,node,24_NU2,NP,U,,1.0,12,True,2
22_NU,1,4.0,,True,False,node,22_NU,NP,U,,1.0,12,True,2
26S_PU3,1,4.0,,True,False,node,26S_PU3,PR,U,,1.0,12,True,2
19_SA,1,4.0,,True,False,node,19_SA,S,A,,1.0,12,True,2
07N_PA,1,4.0,,True,False,node,07N_PA,PR,A,,1.0,12,True,2
WTPCSD,1,4.0,,True,False,node,WTPCSD,WTP,,,1.0,12,True,2
D_WTPSRW_24_NU2,1,4.0,,True,False,arc,,D,PRP,42242.5645000003,1.0,12,True,2
NIDB1,1,4.0,,True,False,node,NIDB1,OM,OMD,,1.0,12,True,2
R_15S_NU_DHC001,1,4.0,,True,False,arc,Unlabeled Return Flow,RT,,10869.5098000001,1.0,12,True,2
R_RFS71B_SJR091,1,4.0,,True,False,arc,,RT,,10795.4818913978,2.0,12,True,2
I_BTC060,1,4.0,,True,False,arc,,IN,LI,7500.00005451113,1.0,12,True,2
64_NU,1,4.0,,True,False,node,64_NU,NP,U,,2.0,12,True,2
ELDID,1,4.0,,True,False,node,ELDID,OM,OMD,,1.0,12,True,2
VLLJO,1,4.0,,True,False,node,VLLJO,OM,OMD,,1.0,12,True,2
C_SFA068,1,4.0,,True,False,arc,South Fork American River,CH,ST,2001.37344864276,1.0,12,True,2
R_ELDID_EDWWTP,1,4.0,,True,False,arc,,RT,,5108.97140000015,1.0,12,True,2
C_RSL001b,1,4.0,,True,False,arc,Indian Slough,CH,ST,11420.308807511,1.0,12,True,2
R_RFS72B_MSN004,1,4.0,,True,False,arc,,RT,,2900.31740000006,2.0,12,True,2
63_NA3,1,4.0,,True,False,node,63_NA3,NP,A,,2.0,12,True,2
11_PR,1,4.0,,True,False,node,11_PR,PR,R,,1.0,12,True,2
72_XA3,1,4.0,,True,False,node,72_XA3,X,A,,2.0,12,True,2
C_CSL005b,1,4.0,,True,False,arc,Lindsey Slough,CH,ST,13787.3309046164,1.0,12,True,2
11_SA1,1,4.0,,True,False,node,11_SA1,S,A,,1.0,12,True,2
D_ESC000_63_PR1,1,4.0,,True,False,arc,,D,,2083.71329366587,2.0,12,True,2
WTPCYC,1,4.0,,True,False,node,WTPCYC,WWTP,,,1.0,12,True,2
D_NWT013_NIDD2,1,4.0,,True,False,arc,Newtown Canal,D,CL,5113.83559998048,1.0,12,True,2
D_SYC003_BRR074,1,4.0,,True,False,arc,South Yuba Canal Wasteway (YB-139),D,ST,101.510599998757,1.0,12,True,2
D_WTPWAL_GDPUD,1,4.0,,True,False,arc,,D,,8059.75565007646,1.0,12,True,2
60S_PA2,1,4.0,,True,False,node,60S_PA2,PR,A,,2.0,12,True,2
71_NA3,1,4.0,,True,False,node,71_NA3,NP,A,,2.0,12,True,2
71_PA3,1,4.0,,True,False,node,71_PA3,PR,A,,2.0,12,True,2
R_03_PU3_SWWWTP,1,4.0,,True,False,arc,Unlabeled Return Flow,RT,,29454.6830195342,1.0,12,True,2
72_PR5,1,4.0,,True,False,node,72_PR5,PR,R,,2.0,12,True,2
60N_NA4,1,4.0,,True,False,node,60N_NA4,NP,A,,2.0,12,True,2
EIDA1,1,4.0,,True,False,node,EIDA1,OM,OMD,,1.0,12,True,2
I_BUK007,1,4.0,,True,False,arc,,IN,LI,7499.99988269074,1.0,12,True,2
71_PA1,1,4.0,,True,False,node,71_PA1,PR,A,,2.0,12,True,2
60N_NA1,1,4.0,,True,False,node,60N_NA1,NP,A,,2.0,12,True,2
WTPDGT,1,4.0,,True,False,node,WTPDGT,WTP,,,2.0,12,True,2
71_NA2,1,4.0,,True,False,node,71_NA2,NP,A,,2.0,12,True,2
08N_SA2,1,4.0,,True,False,node,08N_SA2,S,A,,1.0,12,True,2
15S_NA2,1,4.0,,True,False,node,15S_NA2,NP,A,,1.0,12,True,2
72_PR2,1,4.0,,True,False,node,72_PR2,PR,R,,2.0,12,True,2
RUB048,1,4.0,,True,False,node,RUB048,CH,STM,,1.0,12,True,2
D_NLC003_MFT000,1,4.0,,True,False,arc,North Fork Long Canyon Creek Diversion Tunnel,D,,278.044309302565,1.0,12,True,2
07N_NU,1,4.0,,True,False,node,07N_NU,NP,U,,1.0,12,True,2
WTPBNC,1,4.0,,True,False,node,WTPBNC,WTP,,,1.0,12,True,2
61_PA1,1,4.0,,True,False,node,61_PA1,PR,A,,2.0,12,True,2
15N_SA,1,4.0,,True,False,node,15N_SA,S,A,,1.0,12,True,2
C_DES006,1,4.0,,True,False,arc,D-S Canal,CH,CL,2616.03354099235,1.0,12,True,2
D_SJR105_71_NA1,1,4.0,,True,False,arc,,D,,6341.42100000009,2.0,12,True,2
R_RFS61D_TUO017,1,4.0,,True,False,arc,,RT,,6021.85620000027,2.0,12,True,2
SJRE,1,4.0,,True,False,node,SJRE,OM,OMDD,,1.0,12,True,2
71_PU1,1,4.0,,True,False,node,71_PU1,PR,U,,2.0,12,True,2
D_TBAUD_AMDOR,1,4.0,,True,False,arc,Amador Canal (Amador Water System),D,CL,43668.4154311674,2.0,12,True,2
09_NU,1,4.0,,True,False,node,09_NU,NP,U,,1.0,12,True,2
61_NA3,1,4.0,,True,False,node,61_NA3,NP,A,,2.0,12,True,2
R_NIDB1_DHC021,1,4.0,,True,False,arc,,RT,,17182.5821251698,1.0,12,True,2
07S_NU,1,4.0,,True,False,node,07S_NU,NP,U,,1.0,12,True,2
CPC010,1,4.0,,True,False,node,CPC010,CH,SG,,1.0,12,True,2
72_PU,1,4.0,,True,False,node,72_PU,PR,U,,2.0,12,True,2
71_NA1,1,4.0,,True,False,node,71_NA1,NP,A,,2.0,12,True,2
90_NA,1,4.0,,True,False,node,90_NA,NP,A,,2.0,12,True,2
12_SA,1,4.0,,True,False,node,12_SA,S,A,,1.0,12,True,2
RFS71B,1,4.0,,True,False,node,RFS71B,RFS,,,2.0,12,True,2
LKPNE,1,4.0,,True,False,node,LKPNE,OM,OMD,,1.0,12,True,2
C_CAPLSa,1,4.0,,True,False,arc,Caples Creek,CH,ST,148.858042930175,1.0,12,True,2
60S_NU2,1,4.0,,True,False,node,60S_NU2,NP,U,,2.0,12,True,2
D_XCC054_LBN008,1,4.0,,True,False,arc,Garzas Creek,D,ST,6442.24452874726,2.0,12,True,2
D_STH004_WTPFSS,1,4.0,,True,False,arc,,D,,886.240699999034,1.0,12,True,2
D_LBN012_72_PR5,1,4.0,,True,False,arc,,D,,1665.34740000032,2.0,12,True,2
I_LBEAR,1,4.0,,True,False,arc,,IN,LI,7500.00010338343,2.0,12,True,2
72_XA2,1,4.0,,True,False,node,72_XA2,X,A,,2.0,12,True,2
90_PA2,1,4.0,,True,False,node,90_PA2,PR,A,,2.0,12,True,2
08S_PR,1,4.0,,True,False,node,08S_PR,PR,R,,1.0,12,True,2
WTPDWP,1,4.0,,True,False,node,WTPDWP,WTP,PRP,,1.0,12,True,2
62_NA5,1,4.0,,True,False,node,62_NA5,NP,A,,2.0,12,True,2
WTPFSS,1,4.0,,True,False,node,WTPFSS,WTP,,,1.0,12,True,2
I_DER011,1,4.0,,True,False,arc,,IN,LI,7499.99993049307,1.0,12,True,2
61_PA3,1,4.0,,True,False,node,61_PA3,PR,A,,2.0,12,True,2
R_DVWWTP_WSB005,1,4.0,,True,False,arc,,RT,,928.985400000587,1.0,12,True,2
MOK,1,4.0,,True,False,node,MOK,OM,OMDD,,1.0,12,True,2
I_PLC009,1,4.0,,True,False,arc,,IN,LI,7500.00000387256,1.0,12,True,2
NMC000,1,4.0,,True,False,node,NMC000,CH,SG,,2.0,12,True,2
R_63_PR1_ESC000,1,4.0,,True,False,arc,,RT,,2530.47509462929,2.0,12,True,2
DA_SJRE_SJR026,1,4.0,,True,False,arc,,DA,,7500.00002657189,2.0,12,True,2
D_EDC021_WTPELD,1,4.0,,True,False,arc,El Dorado Canal,D,CL,4874.87734607381,1.0,12,True,2
C_RUB032,1,4.0,,True,False,arc,Rubicon River,CH,ST,2016.59377940084,1.0,12,True,2
17N_NU,1,4.0,,True,False,node,17N_NU,NP,U,,1.0,12,True,2
SUISN,1,4.0,,True,False,node,SUISN,OM,OMD,,1.0,12,True,2
13_NU2,1,4.0,,True,False,node,13_NU2,NP,U,,1.0,12,True,2
LCCWD,1,4.0,,True,False,node,LCCWD,OM,OMD,,1.0,12,True,2
WTPRSV,1,4.0,,True,False,node,WTPRSV,WTP,,,1.0,12,True,2
LCY012,1,4.0,,True,False,node,LCY012,CH,SG,,1.0,12,True,2
24_NU3,1,4.0,,True,False,node,24_NU3,NP,U,,1.0,12,True,2
72_PR3,1,4.0,,True,False,node,72_PR3,PR,R,,2.0,12,True,2
ACP001,1,4.0,,True,False,node,ACP001,CH,SG,,1.0,12,True,2
NFM007,1,4.0,,True,False,node,NFM007,CH,STM,,2.0,12,True,2
03_SA,1,4.0,,True,False,node,03_SA,S,A,,1.0,12,True,2
22_NA,1,4.0,,True,False,node,22_NA,NP,A,,1.0,12,True,2
C_NFM011,1,4.0,,True,False,arc,North Fork Mokelumne River,CH,ST,2041.64512876321,2.0,12,True,2
R_71_PA6_RFS71C,1,4.0,,True,False,arc,,RT,,2261.62150123392,2.0,12,True,2
D_STH001_WTPOPH,1,4.0,,True,False,arc,,D,PRP,224.111899999902,1.0,12,True,2
72_XA1,1,4.0,,True,False,node,72_XA1,X,A,,2.0,12,True,2
C_SAC029b,1,4.0,,True,False,arc,Georgianna Slough,CH,ST,20046.8028899808,1.0,12,True,2
90_PU,1,4.0,,True,False,node,90_PU,PR,U,,2.0,12,True,2
26S_PU6,1,4.0,,True,False,node,26S_PU6,PR,U,,1.0,12,True,2
05_NA,1,4.0,,True,False,node,05_NA,NP,A,,1.0,12,True,2
MDSTO,1,4.0,,True,False,node,MDSTO,STR,SIM,,2.0,12,True,2
R_NIDD2_DER002,1,4.0,,True,False,arc,,RT,,5440.9964398115,1.0,12,True,2
17S_NA,1,4.0,,True,False,node,17S_NA,NP,A,,1.0,12,True,2
71_NU,1,4.0,,True,False,node,71_NU,NP,U,,2.0,12,True,2
D_DER004_NIDD2,1,4.0,,True,False,arc,Keyston Canal,D,CL,3819.76014331059,1.0,12,True,2
DA_SACW_SAC000,1,4.0,,True,False,arc,,DA,,7500.00000059935,1.0,12,True,2
25_PU,1,4.0,,True,False,node,25_PU,PR,U,,1.0,12,True,2
62_NA2,1,4.0,,True,False,node,62_NA2,NP,A,,2.0,12,True,2
D_NFM009_AMDOR,1,4.0,,True,False,arc,Central Amador Water Project Pipeline,D,CL,25190.8376507204,2.0,12,True,2
C_UVT001,1,4.0,,True,False,arc,,CH,ST,41.4993559898492,1.0,12,True,2
DA_MOK_MOK004,1,4.0,,True,False,arc,,DA,,7500.00002904058,2.0,12,True,2
D_RUB048_RRT000,1,4.0,,True,False,arc,,D,CL,237.926494029957,1.0,12,True,2
RUB032,1,4.0,,True,False,node,RUB032,CH,STM,,1.0,12,True,2
23_NA,1,4.0,,True,False,node,23_NA,NP,A,,1.0,12,True,2
50_PU,1,4.0,,True,False,node,50_PU,PR,U,,2.0,12,True,2
26S_PU2,1,4.0,,True,False,node,26S_PU2,PR,U,,1.0,12,True,2
72_PR1,1,4.0,,True,False,node,72_PR1,PR,R,,2.0,12,True,2
09_PR,1,4.0,,True,False,node,09_PR,PR,R,,1.0,12,True,2
D_CBC000_LKPNE,1,4.0,,True,False,arc,,D,CL,6990.13111584289,1.0,12,True,2
61_NU3,1,4.0,,True,False,node,61_NU3,NP,U,,2.0,12,True,2
D_PLC007_WTPWAL,1,4.0,,True,False,arc,Georgetown Divide Ditch (El Dorado Conduit),D,,22151.6568311631,1.0,12,True,2
20_NA2,1,4.0,,True,False,node,20_NA2,NP,A,,1.0,12,True,2
21_PU,1,4.0,,True,False,node,21_PU,PR,U,,1.0,12,True,2
10_NA,1,4.0,,True,False,node,10_NA,NP,A,,1.0,12,True,2
PCWA3,1,4.0,,True,False,node,PCWA3,OM,OMD,,1.0,12,True,2
C_NMC000,1,4.0,,True,False,arc,Oakdale North Main Canal,CH,CL,22502.6053744556,2.0,12,True,2
WTPSJP,1,4.0,,True,False,node,WTPSJP,WTP,,,1.0,12,True,2
16_PU,1,4.0,,True,False,node,16_PU,PR,U,,1.0,12,True,2
BCT000,1,4.0,,True,False,node,BCT000,CH,SG,,1.0,12,True,2
16_NA1,1,4.0,,True,False,node,16_NA1,NP,A,,1.0,12,True,2
61_NA6,1,4.0,,True,False,node,61_NA6,NP,A,,2.0,12,True,2
NFC019,1,4.0,,True,False,node,NFC019,CH,STM,,2.0,12,True,2
05_NU,1,4.0,,True,False,node,05_NU,NP,U,,1.0,12,True,2
90_PA1,1,4.0,,True,False,node,90_PA1,PR,A,,2.0,12,True,2
08S_NA1,1,4.0,,True,False,node,08S_NA1,NP,A,,1.0,12,True,2
R_RFS62_MCD021,1,4.0,,True,False,arc,,RT,,19731.9334778548,2.0,12,True,2
R_50_PA1_SJR056,1,4.0,,True,False,arc,,RT,,13335.937585235,2.0,12,True,2
GDPUD,1,4.0,,True,False,node,GDPUD,OM,OMD,,1.0,12,True,2
NFM011,1,4.0,,True,False,node,NFM011,CH,STM,,2.0,12,True,2
08S_NA2,1,4.0,,True,False,node,08S_NA2,NP,A,,1.0,12,True,2
71_PA4,1,4.0,,True,False,node,71_PA4,PR,A,,2.0,12,True,2
61_NA4,1,4.0,,True,False,node,61_NA4,NP,A,,2.0,12,True,2
SR_21_YBP032,1,4.0,,True,False,arc,,SR,,2499.99988601859,1.0,12,True,2
D_DES006_NIDD1,1,4.0,,True,False,arc,D-S Canal,D,CL,4152.84306886008,1.0,12,True,2
61_NA2,1,4.0,,True,False,node,61_NA2,NP,A,,2.0,12,True,2
60N_NA3,1,4.0,,True,False,node,60N_NA3,NP,A,,2.0,12,True,2
I_RUB023,1,4.0,,True,False,arc,,IN,LI,7500.00001606735,1.0,12,True,2
D_TRLCH_62_NA3,1,4.0,,True,False,arc,,D,,20551.9020140179,2.0,12,True,2
D_UNVLY_UVT001,1,4.0,,True,False,arc,Union Valley Power Tunnel,D,,496.189827526114,1.0,12,True,2
DA_SACS_SAC017,1,4.0,,True,False,arc,,DA,,7500.00004084343,1.0,12,True,2
I_NFF045,1,4.0,,True,False,arc,,IN,LI,7499.99989229021,1.0,12,True,2
11_NU2,1,4.0,,True,False,node,11_NU2,NP,U,,1.0,12,True,2
D_CAA095_72_PU,1,4.0,,True,False,arc,,D,,24585.9674298794,2.0,12,True,2
61_NA1,1,4.0,,True,False,node,61_NA1,NP,A,,2.0,12,True,2
D_WTPSRW_26N_NU1,1,4.0,,True,False,arc,,D,,19272.2893058061,1.0,12,True,2
26S_PU5,1,4.0,,True,False,node,26S_PU5,PR,U,,1.0,12,True,2
R_60N_NA5_MOK022,1,4.0,,True,False,arc,,RT,,22617.1331969707,2.0,12,True,2
R_RFS71B_SJR106,1,4.0,,True,False,arc,,RT,,10893.1122167297,2.0,12,True,2
25_NU,1,4.0,,True,False,node,25_NU,NP,U,,1.0,12,True,2
R_71_PA5_RFS71B,1,4.0,,True,False,arc,,RT,,1000.0,2.0,12,True,2
71_PU2,1,4.0,,True,False,node,71_PU2,PR,U,,2.0,12,True,2
C_ELT000,1,4.0,,True,False,arc,Electra Tunnel (MokAque),CH,CL,14057.2038014708,2.0,12,True,2
I_PLC006,1,4.0,,True,False,arc,,IN,LI,7500.00005033712,1.0,12,True,2
WTPCOL,1,4.0,,True,False,node,WTPCOL,WTP,,,1.0,12,True,2
CPC009,1,4.0,,True,False,node,CPC009,CH,SG,,1.0,12,True,2
64_NA2,1,4.0,,True,False,node,64_NA2,NP,A,,2.0,12,True,2
D_CBC000_NIDB1,1,4.0,,True,False,arc,,D,CL,19538.6081362355,1.0,12,True,2
C_CPC010,1,4.0,,True,False,arc,Caples Creek,CH,ST,140.592061155979,1.0,12,True,2
26N_NU4,1,4.0,,True,False,node,26N_NU4,PR,U,,1.0,12,True,2
25_PA1,1,4.0,,True,False,node,25_PA1,PR,A,,1.0,12,True,2
19_NU,1,4.0,,True,False,node,19_NU,NP,U,,1.0,12,True,2
C_OMR013a,1,4.0,,True,False,arc,Old/Middle Rivers,CH,ST,17852.0389561402,1.0,12,True,2
63_NU,1,4.0,,True,False,node,63_NU,NP,U,,2.0,12,True,2
C_WSB005,1,4.0,,True,False,arc,Willow Slough Bypass,CH,BP,7456.50612737815,1.0,12,True,2
16_SA,1,4.0,,True,False,node,16_SA,PR,A,,1.0,12,True,2
WTPWMN,1,4.0,,True,False,node,WTPWMN,WTP,,,1.0,12,True,2
62_NU,1,4.0,,True,False,node,62_NU,NP,U,,2.0,12,True,2
08N_NU,1,4.0,,True,False,node,08N_NU,NP,U,,1.0,12,True,2
D_DRM002_BRR074,1,4.0,,True,False,arc,Bear River,D,ST,554.913571881455,1.0,12,True,2
CCWD,1,4.0,,True,False,node,CCWD,OM,OMD,,1.0,12,True,2
SJRW,1,4.0,,True,False,node,SJRW,OM,OMDD,,1.0,12,True,2
D_LBEAR_TGR000,1,4.0,,True,False,arc,Salt Springs Powerhouse Pipeline,D,,6552.44771203275,2.0,12,True,2
WTPWDH,1,4.0,,True,False,node,WTPWDH,WTP,,,2.0,12,True,2
08S_PA,1,4.0,,True,False,node,08S_PA,PR,A,,1.0,12,True,2
D_SAC076_22_SA1,1,4.0,,True,False,arc,,D,,8627.78509999905,1.0,12,True,2
18_NA,1,4.0,,True,False,node,18_NA,NP,A,,1.0,12,True,2
R_20_NA2_WSB000,1,4.0,,True,False,arc,Unlabeled Return Flow,RT,,15455.0619128512,1.0,12,True,2
SACN,1,4.0,,True,False,node,SACN,OM,OMDD,,1.0,12,True,2
ESC000,1,4.0,,True,False,node,ESC000,CH,CNL,,2.0,12,True,2
I_LST007,1,4.0,,True,False,arc,,IN,LI,7499.99991485032,1.0,12,True,2
NMC014,1,4.0,,True,False,node,NMC014,CH,,,2.0,12,True,2
09_SA2,1,4.0,,True,False,node,09_SA2,S,A,,1.0,12,True,2
62_NA6,1,4.0,,True,False,node,62_NA6,NP,A,,2.0,12,True,2
WTPFOL,1,4.0,,True,False,node,WTPFOL,WTP,,,1.0,12,True,2
24_NA2,1,4.0,,True,False,node,24_NA2,NP,A,,1.0,12,True,2
SFLPE,1,4.0,,True,False,node,SFLPE,OM,OMD,,2.0,12,True,2
MHILL,1,4.0,,True,False,node,MHILL,OM,OMD,,2.0,12,True,2
71_PA8,1,4.0,,True,False,node,71_PA8,PR,A,,2.0,12,True,2
03_SU,1,4.0,,True,False,node,03_SU,S,U,,1.0,12,True,2
17S_NU,1,4.0,,True,False,node,17S_NU,NP,U,,1.0,12,True,2
25_PA2,1,4.0,,True,False,node,25_PA2,PR,A,,1.0,12,True,2
06_NU,1,4.0,,True,False,node,06_NU,NP,U,,1.0,12,True,2
04_NU1,1,4.0,,True,False,node,04_NU1,NP,U,,1.0,12,True,2
WTPJYL,1,4.0,,True,False,node,WTPJYL,WTP,,,2.0,12,True,2
12_NU1,1,4.0,,True,False,node,12_NU1,NP,U,,1.0,12,True,2
AMDOR,1,4.0,,True,False,node,AMDOR,OM,OMD,,2.0,12,True,2
09_SA1,1,4.0,,True,False,node,09_SA1,S,A,,1.0,12,True,2
R_GRSVL_WLF017,1,4.0,,True,False,arc,,RT,,5535.3973999992,1.0,12,True,2
21_SA,1,4.0,,True,False,node,21_SA,S,A,,1.0,12,True,2
08S_SA2,1,4.0,,True,False,node,08S_SA2,S,A,,1.0,12,True,2
73_PA1,1,4.0,,True,False,node,73_PA1,PR,A,,2.0,12,True,2
60S_PA1,1,4.0,,True,False,node,60S_PA1,PR,A,,2.0,12,True,2
FRFLD,1,4.0,,True,False,node,FRFLD,OM,OMD,,1.0,12,True,2
R_NIDD1_WLF017,1,4.0,,True,False,arc,,RT,,3723.20341881473,1.0,12,True,2
D_DRM001_SYC001,1,4.0,,True,False,arc,Nevada Diversion,D,,312.076899581391,1.0,12,True,2
07N_NA,1,4.0,,True,False,node,07N_NA,NP,A,,1.0,12,True,2
08N_NA,1,4.0,,True,False,node,08N_NA,NP,A,,1.0,12,True,2
26N_NA,1,4.0,,True,False,node,26N_NA,NP,A,,1.0,12,True,2
MELON,1,4.0,,True,False,node,MELON,STR,SIM,,2.0,12,True,2
C_BSL001b,1,4.0,,True,False,arc,Butte Slough,CH,ST,4942.52875777672,1.0,12,True,2
11_NA,1,4.0,,True,False,node,11_NA,NP,A,,1.0,12,True,2
60N_PU,1,4.0,,True,False,node,60N_PU,PR,U,,2.0,12,True,2
D_SFM005_MHILL,1,4.0,,True,False,arc,Jeff Davis Pipeline,D,,4029.86730000816,2.0,12,True,2
R_RFS63_MDWWTP,1,4.0,,True,False,arc,,RT,,4144.43280000053,2.0,12,True,2
D_CAA000_50_PA2,1,4.0,,True,False,arc,,D,,6566.1007000003,2.0,12,True,2
I_ALD001,1,4.0,,True,False,arc,,IN,LI,7499.99998855712,1.0,12,True,2
WTPSAC,1,4.0,,True,False,node,WTPSAC,WTP,,,1.0,12,True,2
64_XA,1,4.0,,True,False,node,64_XA,X,A,,2.0,12,True,2
D_CMC002_EIDA1,1,4.0,,True,False,arc,Sly Park Intertie,D,,7813.10011961001,1.0,12,True,2
SCKWD,1,4.0,,True,False,node,SCKWD,OM,OMD,,1.0,12,True,2
WSPNT,1,4.0,,True,False,node,WSPNT,OM,OMD,,2.0,12,True,2
60N_NU1,1,4.0,,True,False,node,60N_NU1,NP,U,,2.0,12,True,2
04_PA1,1,4.0,,True,False,node,04_PA1,PR,A,,1.0,12,True,2
SP_EDC007_SFA059,1,4.0,,True,False,arc,,SP,,655.192761889361,1.0,12,True,2
RKC001,1,4.0,,True,False,node,RKC001,CH,SG,,1.0,12,True,2
71_PA2,1,4.0,,True,False,node,71_PA2,PR,A,,2.0,12,True,2
C_SFA084,1,4.0,,True,False,arc,South Fork American River,CH,ST,27207.0770759063,1.0,12,True,2
61_NU1,1,4.0,,True,False,node,61_NU1,NP,U,,2.0,12,True,2
D_SLC003_MFT003,1,4.0,,True,False,arc,,D,,11.8379748571988,1.0,12,True,2
07S_PA,1,4.0,,True,False,node,07S_PA,PR,A,,1.0,12,True,2
02_NA,1,4.0,,True,False,node,02_NA,NP,A,,1.0,12,True,2
D_WTPSRW_26N_NU3,1,4.0,,True,False,arc,,D,PRP,18861.3605999984,1.0,12,True,2
15S_SA,1,4.0,,True,False,node,15S_SA,S,A,,1.0,12,True,2
I_RKC001,1,4.0,,True,False,arc,,IN,LI,7500.00003301396,1.0,12,True,2
WDWRD,1,4.0,,True,False,node,WDWRD,STR,SIM,,2.0,12,True,2
CPL001,1,4.0,,True,False,node,CPL001,CH,SG,,1.0,12,True,2
D_NFM007_ELT000,1,4.0,,True,False,arc,Electra Tunnel (MokAque),D,CL,115.753600000404,2.0,12,True,2
NAPA,1,4.0,,True,False,node,NAPA,OM,OMD,,1.0,12,True,2
62_NA4,1,4.0,,True,False,node,62_NA4,NP,A,,2.0,12,True,2
R_72_PR6_RFS72A,1,4.0,,True,False,arc,,RT,,2947.74206026196,2.0,12,True,2
03_NA,1,4.0,,True,False,node,03_NA,NP,A,,1.0,12,True,2
C_CSL005a,1,4.0,,True,False,arc,Yolo Bypass,CH,BP,7450.01490496838,1.0,12,True,2
13_NA,1,4.0,,True,False,node,13_NA,NP,A,,1.0,12,True,2
72_PR4,1,4.0,,True,False,node,72_PR4,PR,R,,2.0,12,True,2
C_NFC019,1,4.0,,True,False,arc,North Fork Cosumnes River,CH,ST,30907.5499783266,2.0,12,True,2
73_XA,1,4.0,,True,False,node,73_XA,X,A,,2.0,12,True,2
C_RUB048,1,4.0,,True,False,arc,Rubicon River,CH,ST,114.130906413813,1.0,12,True,2
R_72_XA3_RFS72B,1,4.0,,True,False,arc,,RT,,4064.1648142275,2.0,12,True,2
D_SSJ004_NMC000,1,4.0,,True,False,arc,Oakdale North Main Canal,D,CL,136.645641124856,2.0,12,True,2
24_NU4,1,4.0,,True,False,node,24_NU4,NP,U,,1.0,12,True,2
03_NU,1,4.0,,True,False,node,03_NU,NP,U,,1.0,12,True,2
R_20_NA1_WSB000,1,4.0,,True,False,arc,,RT,,14396.2108000005,1.0,12,True,2
RFS62,1,4.0,,True,False,node,RFS62,RFS,,,2.0,12,True,2
WTPFTH,1,4.0,,True,False,node,WTPFTH,WTP,,,1.0,12,True,2
D_TBAUD_MOK082,1,4.0,,True,False,arc,Electra Penstock (MokAque),D,CL,2123.56556969912,2.0,12,True,2
21_PA,1,4.0,,True,False,node,21_PA,PR,A,,1.0,12,True,2
17S_PR,1,4.0,,True,False,node,17S_PR,PR,R,,1.0,12,True,2
15S_NU,1,4.0,,True,False,node,15S_NU,NP,U,,1.0,12,True,2
I_NFF057,1,4.0,,True,False,arc,,IN,LI,7499.99987979612,1.0,12,True,2
BNCIA,1,4.0,,True,False,node,BNCIA,OM,OMD,,1.0,12,True,2
WTPSRW,1,4.0,,True,False,node,WTPSRW,WTP,PRP,,1.0,12,True,2
D_LST004_OWC000,1,4.0,,True,False,arc,,D,CL,44968.8308815861,1.0,12,True,2
C_RKC001,1,4.0,,True,False,arc,Rock Creek,CH,ST,1604.22927049703,1.0,12,True,2
UVT001,1,4.0,,True,False,node,UVT001,CH,SG,,1.0,12,True,2
CSPSO,1,4.0,,True,False,node,CSPSO,OM,OMD,,1.0,12,True,2
63_NA1,1,4.0,,True,False,node,63_NA1,NP,A,,2.0,12,True,2
18_NU,1,4.0,,True,False,node,18_NU,NP,U,,1.0,12,True,2
07S_NA,1,4.0,,True,False,node,07S_NA,NP,A,,1.0,12,True,2
C_LCY012,1,4.0,,True,False,arc,Long Canyon Creek,CH,ST,18834.3212305197,1.0,12,True,2
64_PA1,1,4.0,,True,False,node,64_PA1,PR,A,,2.0,12,True,2
C_SAC000_MIN,1,4.0,,True,False,arc,Sacramento River,CH,ST,3412.83616580097,1.0,12,True,2
D_CYN009_TWL005,1,4.0,,True,False,arc,Towle Canal,D,,7283.48032339726,1.0,12,True,2
26S_NU2,1,4.0,,True,False,node,26S_NU2,PR,U,,1.0,12,True,2
ELIMP,1,4.0,,True,False,node,ELIMP,OM,OMR,,1.0,12,True,2
WTPDWS,1,4.0,,True,False,node,WTPDWS,WTP,,,2.0,12,True,2
RFS72A,1,4.0,,True,False,node,RFS72A,RFS,,,2.0,12,True,2
15S_NA1,1,4.0,,True,False,node,15S_NA1,NP,A,,1.0,12,True,2
26N_PU3,1,4.0,,True,False,node,26N_PU3,PR,U,,1.0,12,True,2
08N_PR2,1,4.0,,True,False,node,08N_PR2,PR,R,,1.0,12,True,2
21_NU,1,4.0,,True,False,node,21_NU,NP,U,,1.0,12,True,2
60S_NA2,1,4.0,,True,False,node,60S_NA2,NP,A,,2.0,12,True,2
D_MID021_DED012,1,4.0,,True,False,arc,,D,,28660.8782573924,2.0,12,True,2
D_DER011_NIDD2,1,4.0,,True,False,arc,Tunnel Canal,D,CL,9450.27966260941,1.0,12,True,2
17N_NR,1,4.0,,True,False,node,17N_NR,NP,R,,1.0,12,True,2
WTPBJM,1,4.0,,True,False,node,WTPBJM,WTP,,,1.0,12,True,2
ANTOC,1,4.0,,True,False,node,ANTOC,OM,OMD,,1.0,12,True,2
04_NA,1,4.0,,True,False,node,04_NA,NP,A,,1.0,12,True,2
20_NU2,1,4.0,,True,False,node,20_NU2,NP,U,,1.0,12,True,2
D_JNKSN_CMC002,1,4.0,,True,False,arc,Camino Conduit,D,,3326.42818291379,2.0,12,True,2
WTPAUB,1,4.0,,True,False,node,WTPAUB,WTP,,,1.0,12,True,2
PLMAS,1,4.0,,True,False,node,PLMAS,OM,OMD,,1.0,12,True,2
C_OMR024b,1,4.0,,True,False,arc,Victoria Canal,CH,CL,3218.6944926819,1.0,12,True,2
12_NU2,1,4.0,,True,False,node,12_NU2,NP,U,,1.0,12,True,2
02_PA,1,4.0,,True,False,node,02_PA,PR,A,,1.0,12,True,2
D_WTPELD_EIDA1,1,4.0,,True,False,arc,,D,,1793.95929999929,1.0,12,True,2
16_NA2,1,4.0,,True,False,node,16_NA2,NP,A,,1.0,12,True,2
C_FSC007,1,4.0,,True,False,arc,Folsom South Canal,CH,CL,8173.41860901619,1.0,12,True,2
TRLCH,1,4.0,,True,False,node,TRLCH,STR,SIM,,2.0,12,True,2
03_PU3,1,4.0,,True,False,node,03_PU3,PR,U,,1.0,12,True,2
WTPBTB,1,4.0,,True,False,node,WTPBTB,WTP,,,1.0,12,True,2
08S_NU,1,4.0,,True,False,node,08S_NU,NP,U,,1.0,12,True,2
D_TUO017_62_NA4,1,4.0,,True,False,arc,,D,,16302.4776999988,2.0,12,True,2
C_NFM007,1,4.0,,True,False,arc,North Fork Mokelumne River,CH,ST,144.561494151271,2.0,12,True,2
63_PR1,1,4.0,,True,False,node,63_PR1,PR,R,,2.0,12,True,2
DA_SACN_SAC041,1,4.0,,True,False,arc,,DA,,7500.00000887311,1.0,12,True,2
GRSVL,1,4.0,,True,False,node,GRSVL,OM,OMD,,1.0,12,True,2
R_RFS71C_XCC054,1,4.0,,True,False,arc,,RT,,2069.88356100425,2.0,12,True,2
D_CSM033_60N_NU2,1,4.0,,True,False,arc,,D,,1775.91949999891,2.0,12,True,2
11_NU1,1,4.0,,True,False,node,11_NU1,NP,U,,1.0,12,True,2
AMCYN,1,4.0,,True,False,node,AMCYN,OM,OMD,,1.0,12,True,2
20_NA1,1,4.0,,True,False,node,20_NA1,NP,A,,1.0,12,True,2
TULOC,1,4.0,,True,False,node,TULOC,STR,SIM,,2.0,12,True,2
C_ACP001,1,4.0,,True,False,arc,Alder Creek Pipeline,CH,CL,37.3713920013762,1.0,12,True,2
03_PA,1,4.0,,True,False,node,03_PA,PR,A,,1.0,12,True,2
SFS013,1,4.0,,True,False,node,SFS013,CH,SG,,1.0,12,True,2
D_BCM003_WSPNT,1,4.0,,True,False,arc,West Point Bear Creek Pipeline,D,CL,2974.53740678231,2.0,12,True,2
WTPCMT,1,4.0,,True,False,node,WTPCMT,WTP,,,1.0,12,True,2
08N_SA1,1,4.0,,True,False,node,08N_SA1,S,A,,1.0,12,True,2
BRV001,1,4.0,,True,False,node,BRV001,CH,SG,,2.0,12,True,2
R_NIDD1_DER011,1,4.0,,True,False,arc,,RT,,5664.8275000006,1.0,12,True,2
64_PA3,1,4.0,,True,False,node,64_PA3,PR,A,,2.0,12,True,2
26N_PU1,1,4.0,,True,False,node,26N_PU1,PR,U,,1.0,12,True,2
11_SA4,1,4.0,,True,False,node,11_SA4,S,A,,1.0,12,True,2
24_NA3,1,4.0,,True,False,node,24_NA3,NP,A,,1.0,12,True,2
C_CAPLSb,1,4.0,,True,False,arc,,CH,,1476.90659413349,1.0,12,True,2
WTPNBR,1,4.0,,True,False,node,WTPNBR,WTP,,,1.0,12,True,2
02_SA,1,4.0,,True,False,node,02_SA,S,A,,1.0,12,True,2
C_SAC000_ADD,1,4.0,,True,False,arc,,CH,ST,3412.89084199063,1.0,12,True,2
C_CSM052,1,4.0,,True,False,arc,Cosumnes River,CH,ST,26697.0384684601,2.0,12,True,2
D_ALD002_ACP001,1,4.0,,True,False,arc,Alder Creek Pipeline,D,CL,1378.59692757603,1.0,12,True,2
WTPELD,1,4.0,,True,False,node,WTPELD,WTP,,,1.0,12,True,2
60S_NU1,1,4.0,,True,False,node,60S_NU1,NP,U,,2.0,12,True,2
06_NA,1,4.0,,True,False,node,06_NA,NP,A,,1.0,12,True,2
03_PU1,1,4.0,,True,False,node,03_PU1,PR,U,,1.0,12,True,2
I_NFF027,1,4.0,,True,False,arc,,IN,LI,7499.99990545438,1.0,12,True,2
RFS72B,1,4.0,,True,False,node,RFS72B,RFS,,,2.0,12,True,2
NFM009,1,4.0,,True,False,node,NFM009,CH,SG,,2.0,12,True,2
D_NMC014_61_PA1,1,4.0,,True,False,arc,OID Diversion,D,CL,5063.6492999997,2.0,12,True,2
I_BRYSA,1,4.0,,True,False,arc,,IN,LI,7500.00005095487,1.0,12,True,2
OMR,1,4.0,,True,False,node,OMR,OM,OMDD,,1.0,12,True,2
10_NU2,1,4.0,,True,False,node,10_NU2,NP,U,,1.0,12,True,2
04_PA2,1,4.0,,True,False,node,04_PA2,PR,A,,1.0,12,True,2
D_TUO017_61_NA3,1,4.0,,True,False,arc,,D,,13566.1068326419,2.0,12,True,2
18_SA,1,4.0,,True,False,node,18_SA,S,A,,1.0,12,True,2
STMMD,1,4.0,,True,False,node,STMMD,STR,,,1.0,12,True,2
D_WTPSRW_26N_PU1,1,4.0,,True,False,arc,,D,PRP,30170.0175521696,1.0,12,True,2
22_SA2,1,4.0,,True,False,node,22_SA2,S,A,,1.0,12,True,2
D_CBD001_KLR005,1,4.0,,True,False,arc,Knights Landing Ridgecut,D,,8046.71997816544,1.0,12,True,2
60N_NA2,1,4.0,,True,False,node,60N_NA2,NP,A,,2.0,12,True,2
I_MELON,1,4.0,,True,False,arc,,IN,LI,7500.0,2.0,12,True,2
D_CSD014_NIDD1,1,4.0,,True,False,arc,Cascade Canal,D,CL,8589.23807469299,1.0,12,True,2
73_PA3,1,4.0,,True,False,node,73_PA3,PR,A,,2.0,12,True,2
D_WBF015_MIO023,1,4.0,,True,False,arc,Upper Miocene Canal,D,CL,36634.3171393632,1.0,12,True,2
D_BRR072_CYN009,1,4.0,,True,False,arc,Upper Boardman Canal (Abandoned),D,HIS,11184.5999735319,1.0,12,True,2
72_PR6,1,4.0,,True,False,node,72_PR6,PR,R,,2.0,12,True,2
RFS71C,1,4.0,,True,False,node,RFS71C,RFS,,,2.0,12,True,2
17N_NA,1,4.0,,True,False,node,17N_NA,NP,A,,1.0,12,True,2
I_BSC009,1,4.0,,True,False,arc,,IN,IM,7500.00000920373,1.0,12,True,2
91_PA,1,4.0,,True,False,node,91_PA,PR,A,,2.0,12,True,2
71_PA5,1,4.0,,True,False,node,71_PA5,PR,A,,2.0,12,True,2
C_STMMD,1,4.0,,True,False,arc,Pilot Creek,CH,ST,218.829467088894,1.0,12,True,2
SIDSH,1,4.0,,True,False,node,SIDSH,OM,OMD,,1.0,12,True,2
C_CPL001,1,4.0,,True,False,arc,Caples Spillway,CH,ST,715.594299147331,1.0,12,True,2
24_NU1,1,4.0,,True,False,node,24_NU1,NP,U,,1.0,12,True,2
SACW,1,4.0,,True,False,node,SACW,OM,OMDD,,1.0,12,True,2
WTPTAB,1,4.0,,True,False,node,WTPTAB,WTP,,,1.0,12,True,2
26S_NU1,1,4.0,,True,False,node,26S_NU1,PR,U,,1.0,12,True,2
73_PA2,1,4.0,,True,False,node,73_PA2,PR,A,,2.0,12,True,2
08N_PA,1,4.0,,True,False,node,08N_PA,PR,A,,1.0,12,True,2
D_MOK034_60N_NA5,1,4.0,,True,False,arc,,D,,16757.0717188219,2.0,12,True,2
08S_SA1,1,4.0,,True,False,node,08S_SA1,S,A,,1.0,12,True,2
BKR002,1,4.0,,True,False,node,BKR002,CH,STM,,1.0,12,True,2
91_PR,1,4.0,,True,False,node,91_PR,PR,R,,2.0,12,True,2
R_RFS71C_NMW004,1,4.0,,True,False,arc,,RT,,10323.2036214836,2.0,12,True,2
14_NA,1,4.0,,True,False,node,14_NA,NP,A,,1.0,12,True,2
DA_SJRW_SJR013,1,4.0,,True,False,arc,,DA,,7500.00002696028,2.0,12,True,2
I_NFM006,1,4.0,,True,False,arc,,IN,LI,7500.00008490451,2.0,12,True,2
02_SU,1,4.0,,True,False,node,02_SU,S,U,,1.0,12,True,2
D_WTPBUK_03_PU3,1,4.0,,True,False,arc,,D,,9152.49269999936,1.0,12,True,2
R_RFS62_TUO022,1,4.0,,True,False,arc,,RT,,10617.7488815184,2.0,12,True,2
R_AWWWTP_ESC000,1,4.0,,True,False,arc,,RT,,16674.7836029957,2.0,12,True,2
D_RFS72A_72_PR5,1,4.0,,True,False,arc,,D,,26557.9122931633,2.0,12,True,2
73_NU,1,4.0,,True,False,node,73_NU,NP,U,,2.0,12,True,2
DA_OMR_OMR027,1,4.0,,True,False,arc,,DA,,7500.00002904182,2.0,12,True,2
C_OMR013b,1,4.0,,True,False,arc,Rock Slough,CH,ST,1715.85759224027,1.0,12,True,2
26S_NU3,1,4.0,,True,False,node,26S_NU3,NP,U,,1.0,12,True,2
08S_SA3,1,4.0,,True,False,node,08S_SA3,S,A,,1.0,12,True,2
63_PR2,1,4.0,,True,False,node,63_PR2,PR,R,,2.0,12,True,2
NIDD1,1,4.0,,True,False,node,NIDD1,OM,OMD,,1.0,12,True,2
71_PA7,1,4.0,,True,False,node,71_PA7,PR,A,,2.0,12,True,2
25_NA,1,4.0,,True,False,node,25_NA,NP,A,,1.0,12,True,2
WTPJMS,1,4.0,,True,False,node,WTPJMS,WTP,,,1.0,12,True,2
11_SA3,1,4.0,,True,False,node,11_SA3,S,A,,1.0,12,True,2
09_NA,1,4.0,,True,False,node,09_NA,NP,A,,1.0,12,True,2
WTPJJO,1,4.0,,True,False,node,WTPJJO,WTP,,,2.0,12,True,2
23_NU,1,4.0,,True,False,node,23_NU,NP,U,,1.0,12,True,2
72_NA1,1,4.0,,True,False,node,72_NA1,NP,A,,2.0,12,True,2
26N_PU2,1,4.0,,True,False,node,26N_PU2,PR,U,,1.0,12,True,2
CSM052,1,4.0,,True,False,node,CSM052,CH,STM,,2.0,12,True,2
C_RSL001a,1,4.0,,True,False,arc,Rock Slough,CH,ST,4500.89639939717,1.0,12,True,2
26S_NA,1,4.0,,True,False,node,26S_NA,NP,A,,1.0,12,True,2
D_BSC010_SPLDG,1,4.0,,True,False,arc,Bowman-Spaulding Conduit,D,NS,1712.58385199704,1.0,12,True,2
SR_60N_SJR028,1,4.0,,True,False,arc,,SR,,2500.00007079504,2.0,12,True,2
15N_NU,1,4.0,,True,False,node,15N_NU,NP,U,,1.0,12,True,2
26S_PU1,1,4.0,,True,False,node,26S_PU1,PR,U,,1.0,12,True,2
FSC007,1,4.0,,True,False,node,FSC007,CH,CNL,,1.0,12,True,2
D_SAC077_WTPSRW,1,4.0,,True,False,arc,,D,PRP,2018.71870000008,1.0,12,True,2
C_ESC000,1,4.0,,True,False,arc,,CH,CL,7708.48113996634,2.0,12,True,2
C_TGR018,1,4.0,,True,False,arc,Tiger Creek Conduit (MokAque),CH,CL,5726.79334867663,2.0,12,True,2
WTPBWM,1,4.0,,True,False,node,WTPBWM,WTP,,,1.0,12,True,2
R_LKPNE_BRR031,1,4.0,,True,False,arc,,RT,,6983.41042634293,1.0,12,True,2
R_RFS62_SJR082,1,4.0,,True,False,arc,,RT,,32798.4770827966,2.0,12,True,2
R_62_NA3_RFS62,1,4.0,,True,False,arc,,RT,,4024.50650000013,2.0,12,True,2
C_WSB000,1,4.0,,True,False,arc,Willow Slough Bypass,CH,BP,8046.81787673122,1.0,12,True,2
WTPJAC,1,4.0,,True,False,node,WTPJAC,WTP,,,1.0,12,True,2
NIDD2,1,4.0,,True,False,node,NIDD2,OM,OMD,,1.0,12,True,2
61_NU2,1,4.0,,True,False,node,61_NU2,NP,U,,2.0,12,True,2
C_OMR024a,1,4.0,,True,False,arc,Rock Slough,CH,ST,5353.97745045331,1.0,12,True,2
D_CMC002_ELDID,1,4.0,,True,False,arc,Camino Conduit,D,,49003.3634998164,2.0,12,True,2
D_WTPEDH_ELDID,1,4.0,,True,False,arc,,D,,6743.34400000051,1.0,12,True,2
22_SA1,1,4.0,,True,False,node,22_SA1,S,A,,1.0,12,True,2
11_SA2,1,4.0,,True,False,node,11_SA2,S,A,,1.0,12,True,2
63_NA4,1,4.0,,True,False,node,63_NA4,NP,A,,2.0,12,True,2
15N_NA1,1,4.0,,True,False,node,15N_NA1,NP,A,,1.0,12,True,2
62_NA3,1,4.0,,True,False,node,62_NA3,NP,A,,2.0,12,True,2
WSB000,1,4.0,,True,False,node,WSB000,CH,BYP,,1.0,12,True,2
TVAFB,1,4.0,,True,False,node,TVAFB,OM,OMD,,1.0,12,True,2
61_PA2,1,4.0,,True,False,node,61_PA2,PR,A,,2.0,12,True,2
WTPFMH,1,4.0,,True,False,node,WTPFMH,WTP,,,1.0,12,True,2
C_BRV001,1,4.0,,True,False,arc,Bear River (Mokelumne),CH,CH,2313.56798889384,2.0,12,True,2
WTPMOD,1,4.0,,True,False,node,WTPMOD,WTP,,,2.0,12,True,2
R_RFS72A_MSS014,1,4.0,,True,False,arc,,RT,,3131.84750332469,2.0,12,True,2
24_NA1,1,4.0,,True,False,node,24_NA1,NP,A,,1.0,12,True,2
C_SAC029a,1,4.0,,True,False,arc,Sacramento River,CH,ST,11458.3682729878,1.0,12,True,2
WTPAMC,1,4.0,,True,False,node,WTPAMC,WTP,,,1.0,12,True,2
SACS,1,4.0,,True,False,node,SACS,OM,OMDD,,1.0,12,True,2
03_PU2,1,4.0,,True,False,node,03_PU2,PR,U,,1.0,12,True,2
WTPDEF,1,4.0,,True,False,node,WTPDEF,WTP,,,1.0,12,True,2
WTPOPH,1,4.0,,True,False,node,WTPOPH,WTP,PRP,,1.0,12,True,2
20_PA,1,4.0,,True,False,node,20_PA,PR,A,,1.0,12,True,2
16_PA,1,4.0,,True,False,node,16_PA,PR,A,,1.0,12,True,2
C_BCT000,1,4.0,,True,False,arc,Brush Creek Tunnel,CH,CL,1360.91669440904,1.0,12,True,2
26N_NU3,1,4.0,,True,False,node,26N_NU3,PR,U,,1.0,12,True,2
60N_NU2,1,4.0,,True,False,node,60N_NU2,NP,U,,2.0,12,True,2
WTPBLV,1,4.0,,True,False,node,WTPBLV,WTP,,,1.0,12,True,2
TGR018,1,4.0,,True,False,node,TGR018,CH,SG,,2.0,12,True,2
16_NU,1,4.0,,True,False,node,16_NU,NP,U,,1.0,12,True,2
I_SFA068,1,4.0,,True,False,arc,,IN,LI,7500.00003089191,1.0,12,True,2
C_SAC076,1,4.0,,True,False,arc,Sacramento River,CH,ST,1609.34724514641,1.0,12,True,2
21_NA,1,4.0,,True,False,node,21_NA,NP,A,,1.0,12,True,2
17S_SA,1,4.0,,True,False,node,17S_SA,S,A,,1.0,12,True,2
D_WTPOPH_24_NU2,1,4.0,,True,False,arc,,D,PRP,15312.6269771246,1.0,12,True,2
R_MNRRH_FTR072,1,4.0,,True,False,arc,Kelly Powerhouse Tunnel/Penstocks,RT,,4108.05611577627,1.0,12,True,2
63_PR3,1,4.0,,True,False,node,63_PR3,PR,R,,2.0,12,True,2
CMC002,1,4.0,,True,False,node,CMC002,CH,CNL,,2.0,12,True,2
WTPBUK,1,4.0,,True,False,node,WTPBUK,WTP,,,1.0,12,True,2
C_BSL001a,1,4.0,,True,False,arc,Butte Slough,CH,,785.898260266706,1.0,12,True,2
71_PA6,1,4.0,,True,False,node,71_PA6,PR,A,,2.0,12,True,2
SAC076,1,4.0,,True,False,node,SAC076,CH,STM,,1.0,12,True,2
C_NFM009,1,4.0,,True,False,arc,North Fork Mokelumne River,CH,ST,5408.18625254234,2.0,12,True,2
60N_NA5,1,4.0,,True,False,node,60N_NA5,NP,A,,2.0,12,True,2
WTPMNR,1,4.0,,True,False,node,WTPMNR,WTP,,,1.0,12,True,2
15N_NA2,1,4.0,,True,False,node,15N_NA2,NP,A,,1.0,12,True,2
26N_NU5,1,4.0,,True,False,node,26N_NU5,NP,U,,1.0,12,True,2
61_NA5,1,4.0,,True,False,node,61_NA5,NP,A,,2.0,12,True,2
S_PCRST,2,,5.0,False,True,entity,S_PCRST,ENT,,,,12,True,2
C_BUCKS,2,,5.0,False,True,arc,C_BUCKS,CH,,,,12,True,2
Check 6,2,,5.0,False,True,entity,Check 6,ENT,,,,12,True,2
El Nido Canal,2,,5.0,False,True,entity,El Nido Canal,ENT,,,,12,True,2
SG_LPC000_840,2,,5.0,False,True,entity,SG_LPC000_840,ENT,,,,12,True,2
Dudley Ridge WD,2,,5.0,False,True,entity,Dudley Ridge WD,ENT,WD,,,12,True,2
Ventura County WPD,2,,5.0,False,True,entity,Ventura County WPD,ENT,,,,12,True,2
I282,2,,5.0,False,True,entity,I282,ENT,,,,12,True,2
Delta Depletion,2,,5.0,False,True,entity,Delta Depletion,ENT,,,,12,True,2
I_WWC001,2,,5.0,False,True,entity,I_WWC001,ENT,,,,12,True,2
S_TRLCK,2,,5.0,False,True,entity,S_TRLCK,ENT,,,,12,True,2
C_BOC001,2,,5.0,False,True,arc,C_BOC001,CH,,,,12,True,2
E_KRCKH,2,,5.0,False,True,entity,E_KRCKH,ENT,,,,12,True,2
SG57_SJR242_7,2,,5.0,False,True,entity,SG57_SJR242_7,ENT,,,,12,True,2
DWR A04150 Butte Creek near Gridley,2,,5.0,False,True,entity,DWR A04150 Butte Creek near Gridley,ENT,,,,12,True,2
ESC020,2,,5.0,False,True,entity,ESC020,ENT,,,,12,True,2
Salt Springs Powerhouse No. 2,2,,5.0,False,True,entity,Salt Springs Powerhouse No. 2,ENT,,,,12,True,2
SG_ORG000_793,2,,5.0,False,True,entity,SG_ORG000_793,ENT,,,,12,True,2
SG233_ANT010_40,2,,5.0,False,True,entity,SG233_ANT010_40,ENT,,,,12,True,2
GP_61_PA2,2,,5.0,False,True,entity,GP_61_PA2,ENT,,,,12,True,2
CAA241,2,,5.0,False,True,entity,CAA241,ENT,,,,12,True,2
GP_64_NA1,2,,5.0,False,True,entity,GP_64_NA1,ENT,,,,12,True,2
SG160_SJR038_24,2,,5.0,False,True,entity,SG160_SJR038_24,ENT,,,,12,True,2
CPUD Diversion,2,,5.0,False,True,entity,CPUD Diversion,ENT,,,,12,True,2
Losses R-14A --> 14C,2,,5.0,False,True,entity,Losses R-14A --> 14C,ENT,,,,12,True,2
USGS 11414250 South Fork Yuba River at Langs Crossing near Emigrant Gap,2,,5.0,False,True,entity,USGS 11414250 South Fork Yuba River at Langs Crossing near Emigrant Gap,ENT,,,,12,True,2
Bear Creek (BCN),2,,5.0,False,True,entity,Bear Creek (BCN),ENT,,,,12,True,2
E_INDVL,2,,5.0,False,True,entity,E_INDVL,ENT,,,,12,True,2
WTP DWP,2,,5.0,False,True,entity,WTP DWP,ENT,WTP,,,12,True,2
Bosillo Creek,2,,5.0,False,True,entity,Bosillo Creek,ENT,,,,12,True,2
D_DRM002_SYC001,2,,5.0,False,True,arc,D_DRM002_SYC001,D,,,,12,True,2
USGS 11382000 Thomes Creek at Pakenta Discontinued,2,,5.0,False,True,entity,USGS 11382000 Thomes Creek at Pakenta Discontinued,ENT,,,,12,True,2
C_LNG012,2,,5.0,False,True,arc,C_LNG012,CH,,,,12,True,2
D_RCK001_MPB007,2,,5.0,False,True,arc,D_RCK001_MPB007,D,,,,12,True,2
D_ESB413_MWDSC,2,,5.0,False,True,arc,D_ESB413_MWDSC,D,WD,,,12,True,2
WTP FBN,2,,5.0,False,True,entity,WTP FBN,ENT,WTP,,,12,True,2
I302,2,,5.0,False,True,entity,I302,ENT,,,,12,True,2
E_WKYTN,2,,5.0,False,True,entity,E_WKYTN,ENT,,,,12,True,2
C_SHVER,2,,5.0,False,True,arc,C_SHVER,CH,,,,12,True,2
USGS 11427750 Duncan Canyon Creek below diversion Dam near French Meadows,2,,5.0,False,True,entity,USGS 11427750 Duncan Canyon Creek below diversion Dam near French Meadows,ENT,,,,12,True,2
I_MON005,2,,5.0,False,True,entity,I_MON005,ENT,,,,12,True,2
Clearlake-Lakeport,2,,5.0,False,True,entity,Clearlake-Lakeport,ENT,,,,12,True,2
YB-86+YB-108+YB-64,2,,5.0,False,True,entity,YB-86+YB-108+YB-64,ENT,,,,12,True,2
I109,2,,5.0,False,True,entity,I109,ENT,,,,12,True,2
"USGS 11421500, Yuba River at Marysville, Discontinued",2,,5.0,False,True,entity,"USGS 11421500, Yuba River at Marysville, Discontinued",ENT,,,,12,True,2
CAA207,2,,5.0,False,True,entity,CAA207,ENT,,,,12,True,2
Williams Wasteway,2,,5.0,False,True,entity,Williams Wasteway,ENT,,,,12,True,2
TUDDS,2,,5.0,False,True,entity,TUDDS,ENT,,,,12,True,2
USGS 11406920 Thermalito Afterbay Release to Feather River,2,,5.0,False,True,entity,USGS 11406920 Thermalito Afterbay Release to Feather River,ENT,,,,12,True,2
C_CFS001,2,,5.0,False,True,arc,C_CFS001,CH,,,,12,True,2
USGS 11262895 San Luis Drain Site B,2,,5.0,False,True,entity,USGS 11262895 San Luis Drain Site B,ENT,,,,12,True,2
C_EDC014,2,,5.0,False,True,arc,C_EDC014,CH,,,,12,True,2
C_MIO010,2,,5.0,False,True,arc,C_MIO010,CH,,,,12,True,2
C_ESB425,2,,5.0,False,True,arc,C_ESB425,CH,,,,12,True,2
CA-DMC Intertie,2,,5.0,False,True,entity,CA-DMC Intertie,ENT,,,,12,True,2
D_ELY001_BP2004,2,,5.0,False,True,arc,D_ELY001_BP2004,D,,,,12,True,2
Contra Costa Canal,2,,5.0,False,True,entity,Contra Costa Canal,ENT,,,,12,True,2
C_ECHOL,2,,5.0,False,True,arc,C_ECHOL,CH,,,,12,True,2
SG72_FRS032_9,2,,5.0,False,True,entity,SG72_FRS032_9,ENT,,,,12,True,2
Merced Falls Diversion Dam,2,,5.0,False,True,entity,Merced Falls Diversion Dam,ENT,,,,12,True,2
E_FOLSM,2,,5.0,False,True,entity,E_FOLSM,ENT,,,,12,True,2
S_BTVLY,2,,5.0,False,True,entity,S_BTVLY,ENT,,,,12,True,2
SG294_SAC141_53,2,,5.0,False,True,entity,SG294_SAC141_53,ENT,,,,12,True,2
GP_61_NU1,2,,5.0,False,True,entity,GP_61_NU1,ENT,,,,12,True,2
NFS027,2,,5.0,False,True,entity,NFS027,ENT,,,,12,True,2
CHY007,2,,5.0,False,True,entity,CHY007,ENT,,,,12,True,2
SG250_THM017_45,2,,5.0,False,True,entity,SG250_THM017_45,ENT,,,,12,True,2
C_CHY007,2,,5.0,False,True,arc,C_CHY007,CH,,,,12,True,2
C_DMC000,2,,5.0,False,True,arc,C_DMC000,CH,,,,12,True,2
72_XA3 Central California ID (North),2,,5.0,False,True,entity,72_XA3 Central California ID (North),ENT,,,,12,True,2
USGS 11276600 Tuolumne River Above Early Intake,2,,5.0,False,True,entity,USGS 11276600 Tuolumne River Above Early Intake,ENT,,,,12,True,2
E_ENGLB,2,,5.0,False,True,entity,E_ENGLB,ENT,,,,12,True,2
USGS 11384000 Big Chico Creek near Chico Discontinued DWR A04250 (CDEC BIC) Big Chico Creek at Chico,2,,5.0,False,True,entity,USGS 11384000 Big Chico Creek near Chico Discontinued DWR A04250 (CDEC BIC) Big Chico Creek at Chico,ENT,,,,12,True,2
62_NA5 San Joaquin River Riparian,2,,5.0,False,True,entity,62_NA5 San Joaquin River Riparian,ENT,,,,12,True,2
D_VLW008_72_PR5,2,,5.0,False,True,arc,D_VLW008_72_PR5,D,,,,12,True,2
GP_63_NA4,2,,5.0,False,True,entity,GP_63_NA4,ENT,,,,12,True,2
Los Banos Creek,2,,5.0,False,True,entity,Los Banos Creek,ENT,,,,12,True,2
SG_TRLCK_666,2,,5.0,False,True,entity,SG_TRLCK_666,ENT,,,,12,True,2
BCB001,2,,5.0,False,True,entity,BCB001,ENT,,,,12,True,2
D520A,2,,5.0,False,True,entity,D520A,ENT,,,,12,True,2
Poe Forebay,2,,5.0,False,True,entity,Poe Forebay,ENT,,,,12,True,2
BUCKS,2,,5.0,False,True,entity,BUCKS,ENT,,,,12,True,2
C_ESB361,2,,5.0,False,True,arc,C_ESB361,CH,,,,12,True,2
I406,2,,5.0,False,True,entity,I406,ENT,,,,12,True,2
Ely Creek,2,,5.0,False,True,entity,Ely Creek,ENT,,,,12,True,2
22_SA2 Misc. FRSA Diverters,2,,5.0,False,True,entity,22_SA2 Misc. FRSA Diverters,ENT,,,,12,True,2
71_NA1 Twin Oaks IC,2,,5.0,False,True,entity,71_NA1 Twin Oaks IC,ENT,,,,12,True,2
D_HTCHY_CPT012,2,,5.0,False,True,arc,D_HTCHY_CPT012,D,,,,12,True,2
SG99_DED010_13,2,,5.0,False,True,entity,SG99_DED010_13,ENT,,,,12,True,2
ESC004,2,,5.0,False,True,entity,ESC004,ENT,,,,12,True,2
Middle Fork Tuolumne,2,,5.0,False,True,entity,Middle Fork Tuolumne,ENT,,,,12,True,2
SG246_SAC228_44,2,,5.0,False,True,entity,SG246_SAC228_44,ENT,,,,12,True,2
SG264_STN021_49,2,,5.0,False,True,entity,SG264_STN021_49,ENT,,,,12,True,2
D122B,2,,5.0,False,True,entity,D122B,ENT,,,,12,True,2
C_SFA079,2,,5.0,False,True,arc,C_SFA079,CH,,,,12,True,2
GP_62_NA5,2,,5.0,False,True,entity,GP_62_NA5,ENT,,,,12,True,2
D620B,2,,5.0,False,True,entity,D620B,ENT,,,,12,True,2
D_CAA181_KINGS,2,,5.0,False,True,arc,D_CAA181_KINGS,D,,,,12,True,2
63_NA3 Merced ID South,2,,5.0,False,True,entity,63_NA3 Merced ID South,ENT,,,,12,True,2
S_BOWMN,2,,5.0,False,True,entity,S_BOWMN,ENT,,,,12,True,2
USGS 11292900 MF Stanislaus River below Beardsley Dam,2,,5.0,False,True,entity,USGS 11292900 MF Stanislaus River below Beardsley Dam,ENT,,,,12,True,2
D_CRC002_FLRNC,2,,5.0,False,True,arc,D_CRC002_FLRNC,D,,,,12,True,2
USGS 11443460 White Rock Powerplant,2,,5.0,False,True,entity,USGS 11443460 White Rock Powerplant,ENT,,,,12,True,2
North Branch NF American River Local Inflow,2,,5.0,False,True,entity,North Branch NF American River Local Inflow,ENT,,,,12,True,2
SBCWD,2,,5.0,False,True,entity,SBCWD,ENT,WD,,,12,True,2
Milton-Bowman Tunnel,2,,5.0,False,True,entity,Milton-Bowman Tunnel,ENT,,,,12,True,2
D165,2,,5.0,False,True,entity,D165,ENT,,,,12,True,2
"Lost Hills WD (KCWA R-9, 10A, 11B 12D, 12E, 13B)",2,,5.0,False,True,entity,"Lost Hills WD (KCWA R-9, 10A, 11B 12D, 12E, 13B)",ENT,WD,,,12,True,2
D_DER004_NIDDC_NA2,2,,5.0,False,True,arc,D_DER004_NIDDC_NA2,D,,,,12,True,2
SJR280,2,,5.0,False,True,node,SJR280,ENT,,,,12,True,2
C_BSC005,2,,5.0,False,True,arc,C_BSC005,CH,,,,12,True,2
USGS 11428800 Rubicon River below Hell Hole Dam,2,,5.0,False,True,entity,USGS 11428800 Rubicon River below Hell Hole Dam,ENT,,,,12,True,2
S_STMPY,2,,5.0,False,True,entity,S_STMPY,ENT,,,,12,True,2
Grizzly Tunnel,2,,5.0,False,True,entity,Grizzly Tunnel,ENT,,,,12,True,2
SG166_CLV004_25,2,,5.0,False,True,entity,SG166_CLV004_25,ENT,,,,12,True,2
SG279_SAC168_51,2,,5.0,False,True,entity,SG279_SAC168_51,ENT,,,,12,True,2
GZL007,2,,5.0,False,True,entity,GZL007,ENT,,,,12,True,2
C_WSB027,2,,5.0,False,True,arc,C_WSB027,CH,,,,12,True,2
SG261_SAC207_48,2,,5.0,False,True,entity,SG261_SAC207_48,ENT,,,,12,True,2
TCN000,2,,5.0,False,True,entity,TCN000,ENT,,,,12,True,2
CAA278,2,,5.0,False,True,entity,CAA278,ENT,,,,12,True,2
WTP FTH,2,,5.0,False,True,entity,WTP FTH,ENT,WTP,,,12,True,2
D703,2,,5.0,False,True,entity,D703,ENT,,,,12,True,2
Lateral 6-2,2,,5.0,False,True,entity,Lateral 6-2,ENT,,,,12,True,2
Miners Ranch Canal,2,,5.0,False,True,entity,Miners Ranch Canal,ENT,,,,12,True,2
SG464_SCW004_81,2,,5.0,False,True,entity,SG464_SCW004_81,ENT,,,,12,True,2
C_NFS033,2,,5.0,False,True,arc,C_NFS033,CH,,,,12,True,2
C_RDNGR,2,,5.0,False,True,arc,C_RDNGR,CH,,,,12,True,2
61_PA3 South San Joaquin ID,2,,5.0,False,True,entity,61_PA3 South San Joaquin ID,ENT,,,,12,True,2
Camp Sixty One Creek,2,,5.0,False,True,entity,Camp Sixty One Creek,ENT,,,,12,True,2
USGS 11243300 Browns Creek Canal at Bass Lake,2,,5.0,False,True,entity,USGS 11243300 Browns Creek Canal at Bass Lake,ENT,,,,12,True,2
D403A,2,,5.0,False,True,entity,D403A,ENT,,,,12,True,2
KWB Local Element Demand,2,,5.0,False,True,entity,KWB Local Element Demand,ENT,,,,12,True,2
61_NA3 Tuolumne River Riparian,2,,5.0,False,True,entity,61_NA3 Tuolumne River Riparian,ENT,,,,12,True,2
SG86_CHW006_11,2,,5.0,False,True,entity,SG86_CHW006_11,ENT,,,,12,True,2
ELDID_NU1,2,,5.0,False,True,entity,ELDID_NU1,ENT,,,,12,True,2
72_PU City of Los Banos,2,,5.0,False,True,entity,72_PU City of Los Banos,ENT,,,,12,True,2
SCVWD,2,,5.0,False,True,entity,SCVWD,ENT,WD,,,12,True,2
D_FTR074_CULOS,2,,5.0,False,True,arc,D_FTR074_CULOS,D,,,,12,True,2
D_FOLSM_EDCOCA_NU2,2,,5.0,False,True,arc,D_FOLSM_EDCOCA_NU2,D,,,,12,True,2
SG146_STS058_23,2,,5.0,False,True,entity,SG146_STS058_23,ENT,,,,12,True,2
WSB001,2,,5.0,False,True,entity,WSB001,ENT,,,,12,True,2
D_WTPBUK_03_SU,2,,5.0,False,True,arc,D_WTPBUK_03_SU,D,WTP,,,12,True,2
D842,2,,5.0,False,True,entity,D842,ENT,,,,12,True,2
Ralston Tunnel,2,,5.0,False,True,entity,Ralston Tunnel,ENT,,,,12,True,2
S_EDSON,2,,5.0,False,True,entity,S_EDSON,ENT,,,,12,True,2
SG215_SAC277_34,2,,5.0,False,True,entity,SG215_SAC277_34,ENT,,,,12,True,2
D854,2,,5.0,False,True,entity,D854,ENT,,,,12,True,2
E_EPARK,2,,5.0,False,True,entity,E_EPARK,ENT,,,,12,True,2
Jawbone Creek,2,,5.0,False,True,entity,Jawbone Creek,ENT,,,,12,True,2
S_HTCHY,2,,5.0,False,True,entity,S_HTCHY,ENT,,,,12,True,2
DWR B11150 Cosumnes River at Michigan Bar,2,,5.0,False,True,entity,DWR B11150 Cosumnes River at Michigan Bar,ENT,,,,12,True,2
SG330_SAC092_57,2,,5.0,False,True,entity,SG330_SAC092_57,ENT,,,,12,True,2
Local Inflow to Tullock Reservoir,2,,5.0,False,True,entity,Local Inflow to Tullock Reservoir,ENT,,,,12,True,2
D848,2,,5.0,False,True,entity,D848,ENT,,,,12,True,2
D79,2,,5.0,False,True,entity,D79,ENT,,,,12,True,2
part of YB-76,2,,5.0,False,True,entity,part of YB-76,ENT,,,,12,True,2
C_CSM051,2,,5.0,False,True,arc,C_CSM051,CH,,,,12,True,2
R_ELDID_NU3_EDWWTP,2,,5.0,False,True,arc,R_ELDID_NU3_EDWWTP,R,WWTP,,,12,True,2
D_TUO105_MNT000,2,,5.0,False,True,arc,D_TUO105_MNT000,D,,,,12,True,2
Losses R-17 --> 21,2,,5.0,False,True,entity,Losses R-17 --> 21,ENT,,,,12,True,2
NFF080,2,,5.0,False,True,entity,NFF080,ENT,,,,12,True,2
SG91_SJR152_12,2,,5.0,False,True,entity,SG91_SJR152_12,ENT,,,,12,True,2
C_WSB031,2,,5.0,False,True,arc,C_WSB031,CH,,,,12,True,2
SG418_SAC000_72,2,,5.0,False,True,entity,SG418_SAC000_72,ENT,,,,12,True,2
E_ALPNE,2,,5.0,False,True,entity,E_ALPNE,ENT,,,,12,True,2
USGS 11433100 Long Canyon Creek near French Meadows,2,,5.0,False,True,entity,USGS 11433100 Long Canyon Creek near French Meadows,ENT,,,,12,True,2
GERLE,2,,5.0,False,True,entity,GERLE,ENT,,,,12,True,2
TD_SJR038_167,2,,5.0,False,True,entity,TD_SJR038_167,ENT,,,,12,True,2
Pitman Creek,2,,5.0,False,True,entity,Pitman Creek,ENT,,,,12,True,2
SG397_YBP026_68,2,,5.0,False,True,entity,SG397_YBP026_68,ENT,,,,12,True,2
"Metropolitan Water District (Reach 28G, 28H)",2,,5.0,False,True,entity,"Metropolitan Water District (Reach 28G, 28H)",ENT,,,,12,True,2
WRM004,2,,5.0,False,True,entity,WRM004,ENT,,,,12,True,2
Lower Utica Canal,2,,5.0,False,True,entity,Lower Utica Canal,ENT,,,,12,True,2
SG198_MOK004_30,2,,5.0,False,True,entity,SG198_MOK004_30,ENT,,,,12,True,2
I_NFT008,2,,5.0,False,True,entity,I_NFT008,ENT,,,,12,True,2
C_WSE000,2,,5.0,False,True,arc,C_WSE000,CH,,,,12,True,2
A.D Edmonson Pumping Plant,2,,5.0,False,True,entity,A.D Edmonson Pumping Plant,ENT,,,,12,True,2
French Dry Creek,2,,5.0,False,True,entity,French Dry Creek,ENT,,,,12,True,2
USGS 11428600 Middle Fork Powerhouse near Foresthill,2,,5.0,False,True,entity,USGS 11428600 Middle Fork Powerhouse near Foresthill,ENT,,,,12,True,2
26S_NA Non-District,2,,5.0,False,True,entity,26S_NA Non-District,ENT,,,,12,True,2
S_ELENR,2,,5.0,False,True,entity,S_ELENR,ENT,,,,12,True,2
WTP DWS,2,,5.0,False,True,entity,WTP DWS,ENT,WTP,,,12,True,2
SG241_ELD005_42,2,,5.0,False,True,entity,SG241_ELD005_42,ENT,,,,12,True,2
SG345_FTR048_59,2,,5.0,False,True,entity,SG345_FTR048_59,ENT,,,,12,True,2
C_COL002,2,,5.0,False,True,arc,C_COL002,CH,,,,12,True,2
C_CSB038,2,,5.0,False,True,arc,C_CSB038,CH,,,,12,True,2
City of Benicia,2,,5.0,False,True,entity,City of Benicia,ENT,,,,12,True,2
C_MNZNT,2,,5.0,False,True,arc,C_MNZNT,CH,,,,12,True,2
E_ICEHS,2,,5.0,False,True,entity,E_ICEHS,ENT,,,,12,True,2
GP_61_NA4,2,,5.0,False,True,entity,GP_61_NA4,ENT,,,,12,True,2
D_STH003_WTPFSS,2,,5.0,False,True,arc,D_STH003_WTPFSS,D,WTP,,,12,True,2
Poe Tunnel,2,,5.0,False,True,entity,Poe Tunnel,ENT,,,,12,True,2
I_CYN009,2,,5.0,False,True,entity,I_CYN009,ENT,,,,12,True,2
STV006,2,,5.0,False,True,entity,STV006,ENT,,,,12,True,2
C_SJR287,2,,5.0,False,True,arc,C_SJR287,CH,,,,12,True,2
Santa Clara Terminal Reservoir,2,,5.0,False,True,entity,Santa Clara Terminal Reservoir,ENT,,,,12,True,2
Zone 7 Patterson Pass WTP,2,,5.0,False,True,entity,Zone 7 Patterson Pass WTP,ENT,WTP,,,12,True,2
C5,2,,5.0,False,True,entity,C5,ENT,,,,12,True,2
C_RSS001,2,,5.0,False,True,arc,C_RSS001,CH,,,,12,True,2
C_SVRWD,2,,5.0,False,True,arc,C_SVRWD,CH,WD,,,12,True,2
DWR B04150 Tuolumne River at Hickman Bridge,2,,5.0,False,True,entity,DWR B04150 Tuolumne River at Hickman Bridge,ENT,,,,12,True,2
I406B,2,,5.0,False,True,entity,I406B,ENT,,,,12,True,2
C3,2,,5.0,False,True,entity,C3,ENT,,,,12,True,2
GP_64_NA2,2,,5.0,False,True,entity,GP_64_NA2,ENT,,,,12,True,2
C_MFS013,2,,5.0,False,True,arc,C_MFS013,CH,,,,12,True,2
SG359_BRR011_62,2,,5.0,False,True,entity,SG359_BRR011_62,ENT,,,,12,True,2
STS091,2,,5.0,False,True,entity,STS091,ENT,,,,12,True,2
C303,2,,5.0,False,True,entity,C303,ENT,,,,12,True,2
71_NA3 Non-District,2,,5.0,False,True,entity,71_NA3 Non-District,ENT,,,,12,True,2
S_MERLC,2,,5.0,False,True,entity,S_MERLC,ENT,,,,12,True,2
GP_61_NA3,2,,5.0,False,True,entity,GP_61_NA3,ENT,,,,12,True,2
"South Sutter Water District Diversions at Aitken Ranch Dam, Tom Glenn Dam, Davis Dam on Auburn Ravine and Coppin Dam on Cross Canal",2,,5.0,False,True,entity,"South Sutter Water District Diversions at Aitken Ranch Dam, Tom Glenn Dam, Davis Dam on Auburn Ravine and Coppin Dam on Cross Canal",ENT,,,,12,True,2
MIL002,2,,5.0,False,True,entity,MIL002,ENT,,,,12,True,2
C_CAA239,2,,5.0,False,True,arc,C_CAA239,CH,,,,12,True,2
CSB015,2,,5.0,False,True,entity,CSB015,ENT,,,,12,True,2
"USGS 11447500 Sacramento River at Sacramento, Discontinued, DWR IST, Sacramento at I_Street Bridge",2,,5.0,False,True,entity,"USGS 11447500 Sacramento River at Sacramento, Discontinued, DWR IST, Sacramento at I_Street Bridge",ENT,,,,12,True,2
SLD002,2,,5.0,False,True,entity,SLD002,ENT,,,,12,True,2
Little Last Chance Creek,2,,5.0,False,True,entity,Little Last Chance Creek,ENT,,,,12,True,2
26N_NA Non-District,2,,5.0,False,True,entity,26N_NA Non-District,ENT,,,,12,True,2
USGS 11421750 + USGS 11421760 Dutch Flat No 1 PH near Dutch Flat Dutch Flat No 2 Flume near Blue Canyon,2,,5.0,False,True,entity,USGS 11421750 + USGS 11421760 Dutch Flat No 1 PH near Dutch Flat Dutch Flat No 2 Flume near Blue Canyon,ENT,,,,12,True,2
"71_PA5 Del Puerto WD, Salado W Orestimba WD, Sunflower WD",2,,5.0,False,True,entity,"71_PA5 Del Puerto WD, Salado W Orestimba WD, Sunflower WD",ENT,WD,,,12,True,2
D_DMC044_DMCLOS,2,,5.0,False,True,arc,D_DMC044_DMCLOS,D,,,,12,True,2
64_PA1 Madera ID Madera WD,2,,5.0,False,True,entity,64_PA1 Madera ID Madera WD,ENT,WD,,,12,True,2
C_BRT003,2,,5.0,False,True,arc,C_BRT003,CH,,,,12,True,2
C_NFF048,2,,5.0,False,True,arc,C_NFF048,CH,,,,12,True,2
GP_60S_NA1,2,,5.0,False,True,entity,GP_60S_NA1,ENT,,,,12,True,2
SG399_YBP020_68,2,,5.0,False,True,entity,SG399_YBP020_68,ENT,,,,12,True,2
D_RDNGR_BPA003,2,,5.0,False,True,arc,D_RDNGR_BPA003,D,,,,12,True,2
NFM026,2,,5.0,False,True,entity,NFM026,ENT,,,,12,True,2
D845,2,,5.0,False,True,entity,D845,ENT,,,,12,True,2
SG416_SAC003_71,2,,5.0,False,True,entity,SG416_SAC003_71,ENT,,,,12,True,2
C_STV006,2,,5.0,False,True,arc,C_STV006,CH,,,,12,True,2
D18A,2,,5.0,False,True,entity,D18A,ENT,,,,12,True,2
USGS 11337500 Marsh Creek near Byron Discontinued,2,,5.0,False,True,entity,USGS 11337500 Marsh Creek near Byron Discontinued,ENT,,,,12,True,2
Check 2,2,,5.0,False,True,entity,Check 2,ENT,,,,12,True,2
D881,2,,5.0,False,True,entity,D881,ENT,,,,12,True,2
D886,2,,5.0,False,True,entity,D886,ENT,,,,12,True,2
C_BLSMM,2,,5.0,False,True,arc,C_BLSMM,CH,,,,12,True,2
D_MAQ057_EBTML,2,,5.0,False,True,arc,D_MAQ057_EBTML,D,,,,12,True,2
USGS 11403800 Rock Creek Powerhouse at Storrie,2,,5.0,False,True,entity,USGS 11403800 Rock Creek Powerhouse at Storrie,ENT,,,,12,True,2
Cache Creek,2,,5.0,False,True,entity,Cache Creek,ENT,,,,12,True,2
NF Willow Creek,2,,5.0,False,True,entity,NF Willow Creek,ENT,,,,12,True,2
SG140_TUO022_21,2,,5.0,False,True,entity,SG140_TUO022_21,ENT,,,,12,True,2
KPM010,2,,5.0,False,True,entity,KPM010,ENT,,,,12,True,2
CAA185,2,,5.0,False,True,entity,CAA185,ENT,,,,12,True,2
S_CLRLK,2,,5.0,False,True,entity,S_CLRLK,ENT,,,,12,True,2
SG106_BCK035_15,2,,5.0,False,True,entity,SG106_BCK035_15,ENT,,,,12,True,2
C_ANG017,2,,5.0,False,True,arc,C_ANG017,CH,,,,12,True,2
SFS026,2,,5.0,False,True,entity,SFS026,ENT,,,,12,True,2
SG191_CSM016_29,2,,5.0,False,True,entity,SG191_CSM016_29,ENT,,,,12,True,2
State Ranch Bend Pumping Plant,2,,5.0,False,True,entity,State Ranch Bend Pumping Plant,ENT,,,,12,True,2
D607A_WWD,2,,5.0,False,True,entity,D607A_WWD,ENT,WD,,,12,True,2
D17301,2,,5.0,False,True,entity,D17301,ENT,,,,12,True,2
D_BRR061_CPF001,2,,5.0,False,True,arc,D_BRR061_CPF001,D,,,,12,True,2
D_MOK039_60N_NA5,2,,5.0,False,True,arc,D_MOK039_60N_NA5,D,,,,12,True,2
ESB361,2,,5.0,False,True,entity,ESB361,ENT,,,,12,True,2
NFS008,2,,5.0,False,True,entity,NFS008,ENT,,,,12,True,2
Intertie,2,,5.0,False,True,entity,Intertie,ENT,,,,12,True,2
Confluence of West Branch Feather River and Philbrook Creek,2,,5.0,False,True,entity,Confluence of West Branch Feather River and Philbrook Creek,ENT,,,,12,True,2
C184B,2,,5.0,False,True,entity,C184B,ENT,,,,12,True,2
GClD Stony Creek Siphon,2,,5.0,False,True,entity,GClD Stony Creek Siphon,ENT,,,,12,True,2
C_SJR280,2,,5.0,False,True,arc,C_SJR280,CH,,,,12,True,2
Inflow to PinecCrest Lake,2,,5.0,False,True,entity,Inflow to PinecCrest Lake,ENT,,,,12,True,2
Check 1 End of Repayment Reach 1,2,,5.0,False,True,entity,Check 1 End of Repayment Reach 1,ENT,,,,12,True,2
C_BGCD6,2,,5.0,False,True,arc,C_BGCD6,CH,,,,12,True,2
D18B,2,,5.0,False,True,entity,D18B,ENT,,,,12,True,2
D_SBA036_SCVWD,2,,5.0,False,True,arc,D_SBA036_SCVWD,D,WD,,,12,True,2
USGS 11437000 Caples Lake Outlet nr Kirkwood,2,,5.0,False,True,entity,USGS 11437000 Caples Lake Outlet nr Kirkwood,ENT,,,,12,True,2
I8,2,,5.0,False,True,entity,I8,ENT,,,,12,True,2
Highland Creek,2,,5.0,False,True,entity,Highland Creek,ENT,,,,12,True,2
D_ESB407_CCHLA,2,,5.0,False,True,arc,D_ESB407_CCHLA,D,,,,12,True,2
Local Inflow to Englebright Reservoir,2,,5.0,False,True,entity,Local Inflow to Englebright Reservoir,ENT,,,,12,True,2
D_MOC003_FHT015,2,,5.0,False,True,arc,D_MOC003_FHT015,D,,,,12,True,2
D_CAA143_CAALOS,2,,5.0,False,True,arc,D_CAA143_CAALOS,D,,,,12,True,2
S_LCBRF,2,,5.0,False,True,entity,S_LCBRF,ENT,,,,12,True,2
TSC001,2,,5.0,False,True,entity,TSC001,ENT,,,,12,True,2
73_PA1 San Luis WD (N),2,,5.0,False,True,entity,73_PA1 San Luis WD (N),ENT,WD,,,12,True,2
C_NFF037,2,,5.0,False,True,arc,C_NFF037,CH,,,,12,True,2
Antelope Valley - East Kern WA (Reach 19-19C-20A-20B-21-22A),2,,5.0,False,True,entity,Antelope Valley - East Kern WA (Reach 19-19C-20A-20B-21-22A),ENT,,,,12,True,2
SG_MOK044_513,2,,5.0,False,True,entity,SG_MOK044_513,ENT,,,,12,True,2
Metropolitan Water District,2,,5.0,False,True,entity,Metropolitan Water District,ENT,,,,12,True,2
USGS 11234750 Mammoth Pool Fishwater Turbine near Big Creek,2,,5.0,False,True,entity,USGS 11234750 Mammoth Pool Fishwater Turbine near Big Creek,ENT,,,,12,True,2
E_UNVLY,2,,5.0,False,True,entity,E_UNVLY,ENT,,,,12,True,2
USGS 11318500 SF Mokelumne River nr West Point,2,,5.0,False,True,entity,USGS 11318500 SF Mokelumne River nr West Point,ENT,,,,12,True,2
60S_NU1 City of Stockton,2,,5.0,False,True,entity,60S_NU1 City of Stockton,ENT,,,,12,True,2
TD_SJR043_159,2,,5.0,False,True,entity,TD_SJR043_159,ENT,,,,12,True,2
SPH000,2,,5.0,False,True,entity,SPH000,ENT,,,,12,True,2
Check 23,2,,5.0,False,True,entity,Check 23,ENT,,,,12,True,2
R134,2,,5.0,False,True,entity,R134,ENT,,,,12,True,2
"15S_NA2 Brophy WD, Dry Creek MWC, South Yuba WD, Wheatland WD",2,,5.0,False,True,entity,"15S_NA2 Brophy WD, Dry Creek MWC, South Yuba WD, Wheatland WD",ENT,WD,,,12,True,2
USGS 112953400 Mill Creek Below Hunters Reservoir,2,,5.0,False,True,entity,USGS 112953400 Mill Creek Below Hunters Reservoir,ENT,,,,12,True,2
D403B,2,,5.0,False,True,entity,D403B,ENT,,,,12,True,2
YB-87 + YB-87A,2,,5.0,False,True,entity,YB-87 + YB-87A,ENT,,,,12,True,2
72_PA Laguna WD,2,,5.0,False,True,entity,72_PA Laguna WD,ENT,WD,,,12,True,2
USGS 11404900 Poe Powerhouse below Poe Dam near Jarbo Gap,2,,5.0,False,True,entity,USGS 11404900 Poe Powerhouse below Poe Dam near Jarbo Gap,ENT,,,,12,True,2
C608,2,,5.0,False,True,entity,C608,ENT,,,,12,True,2
S_DAVIS,2,,5.0,False,True,entity,S_DAVIS,ENT,,,,12,True,2
WTP BWM,2,,5.0,False,True,entity,WTP BWM,ENT,WTP,,,12,True,2
C_RLIEF,2,,5.0,False,True,arc,C_RLIEF,CH,,,,12,True,2
USGS 11238000 Pitman Creek at Big Creek,2,,5.0,False,True,entity,USGS 11238000 Pitman Creek at Big Creek,ENT,,,,12,True,2
21_PU City of West Sacramento,2,,5.0,False,True,entity,21_PU City of West Sacramento,ENT,,,,12,True,2
D877,2,,5.0,False,True,entity,D877,ENT,,,,12,True,2
D607A_SCHII,2,,5.0,False,True,entity,D607A_SCHII,ENT,,,,12,True,2
D_SAC122_18_SA,2,,5.0,False,True,arc,D_SAC122_18_SA,D,,,,12,True,2
SSJ016,2,,5.0,False,True,entity,SSJ016,ENT,,,,12,True,2
62_NA2 Merced Riparian,2,,5.0,False,True,entity,62_NA2 Merced Riparian,ENT,,,,12,True,2
D_DMC105_DMCLOS,2,,5.0,False,True,arc,D_DMC105_DMCLOS,D,,,,12,True,2
North Canal,2,,5.0,False,True,entity,North Canal,ENT,,,,12,True,2
D_CAA051_CAALOS,2,,5.0,False,True,arc,D_CAA051_CAALOS,D,,,,12,True,2
SG70_FRS039_9,2,,5.0,False,True,entity,SG70_FRS039_9,ENT,,,,12,True,2
SG328_CBD005_56,2,,5.0,False,True,entity,SG328_CBD005_56,ENT,,,,12,True,2
EDCOCA_NU1,2,,5.0,False,True,entity,EDCOCA_NU1,ENT,,,,12,True,2
GP_60S_NU1,2,,5.0,False,True,entity,GP_60S_NU1,ENT,,,,12,True,2
SG287_BTC024_52,2,,5.0,False,True,entity,SG287_BTC024_52,ENT,,,,12,True,2
D521,2,,5.0,False,True,entity,D521,ENT,,,,12,True,2
LNG012,2,,5.0,False,True,entity,LNG012,ENT,,,,12,True,2
Funks Reservoir,2,,5.0,False,True,entity,Funks Reservoir,ENT,,,,12,True,2
S_LWSTN,2,,5.0,False,True,entity,S_LWSTN,ENT,,,,12,True,2
SJR295,2,,5.0,False,True,node,SJR295,ENT,,,,12,True,2
C_LYONS,2,,5.0,False,True,arc,C_LYONS,CH,,,,12,True,2
D_SBA020_ACFCD,2,,5.0,False,True,arc,D_SBA020_ACFCD,D,,,,12,True,2
Upper San Joaquin River,2,,5.0,False,True,entity,Upper San Joaquin River,ENT,,,,12,True,2
EDSON,2,,5.0,False,True,entity,EDSON,ENT,,,,12,True,2
C_SJR300,2,,5.0,False,True,arc,C_SJR300,CH,,,,12,True,2
McKays Point Reservoir,2,,5.0,False,True,entity,McKays Point Reservoir,ENT,,,,12,True,2
GP_72_NA2,2,,5.0,False,True,entity,GP_72_NA2,ENT,,,,12,True,2
USGS 11376550 Battle Creek near Cottonwood,2,,5.0,False,True,entity,USGS 11376550 Battle Creek near Cottonwood,ENT,,,,12,True,2
GP_72_PR4,2,,5.0,False,True,entity,GP_72_PR4,ENT,,,,12,True,2
I3,2,,5.0,False,True,entity,I3,ENT,,,,12,True,2
Silverwood Lake,2,,5.0,False,True,entity,Silverwood Lake,ENT,,,,12,True,2
08N_SA2 Glenn-Colusa ID (part),2,,5.0,False,True,entity,08N_SA2 Glenn-Colusa ID (part),ENT,,,,12,True,2
E_TRNTY,2,,5.0,False,True,entity,E_TRNTY,ENT,,,,12,True,2
D_MNT000_GRVLD,2,,5.0,False,True,arc,D_MNT000_GRVLD,D,,,,12,True,2
SG382_SAC057_67,2,,5.0,False,True,entity,SG382_SAC057_67,ENT,,,,12,True,2
GP_62_NA6,2,,5.0,False,True,entity,GP_62_NA6,ENT,,,,12,True,2
04_NU1 City of Red Bluff (part),2,,5.0,False,True,entity,04_NU1 City of Red Bluff (part),ENT,,,,12,True,2
C_BGCD5,2,,5.0,False,True,arc,C_BGCD5,CH,,,,12,True,2
D_SHVER_BCPH2A,2,,5.0,False,True,arc,D_SHVER_BCPH2A,D,,,,12,True,2
Dutch Ravine Canal,2,,5.0,False,True,entity,Dutch Ravine Canal,ENT,,,,12,True,2
C_SLD002,2,,5.0,False,True,arc,C_SLD002,CH,,,,12,True,2
MOK033,2,,5.0,False,True,entity,MOK033,ENT,,,,12,True,2
Beaver Creek,2,,5.0,False,True,entity,Beaver Creek,ENT,,,,12,True,2
D_SFS030_PHP000,2,,5.0,False,True,arc,D_SFS030_PHP000,D,,,,12,True,2
South Fork Rubicon River,2,,5.0,False,True,entity,South Fork Rubicon River,ENT,,,,12,True,2
SG119_MCD036_17,2,,5.0,False,True,entity,SG119_MCD036_17,ENT,,,,12,True,2
SG142_TUO010_21,2,,5.0,False,True,entity,SG142_TUO010_21,ENT,,,,12,True,2
PCWA Boardman Fiddler Green Diversion,2,,5.0,False,True,entity,PCWA Boardman Fiddler Green Diversion,ENT,,,,12,True,2
D826,2,,5.0,False,True,entity,D826,ENT,,,,12,True,2
USGS 11433260 North Fork Middle Fork American River near Foresthill,2,,5.0,False,True,entity,USGS 11433260 North Fork Middle Fork American River near Foresthill,ENT,,,,12,True,2
Representation of Sutter Bypass includes flow in the West and East Borrow Canals,2,,5.0,False,True,entity,Representation of Sutter Bypass includes flow in the West and East Borrow Canals,ENT,,,,12,True,2
SG77_FRS016_9,2,,5.0,False,True,entity,SG77_FRS016_9,ENT,,,,12,True,2
"26S_PU1 City of Folsom, Folsom State Prison",2,,5.0,False,True,entity,"26S_PU1 City of Folsom, Folsom State Prison",ENT,,,,12,True,2
Bass Lake,2,,5.0,False,True,entity,Bass Lake,ENT,,,,12,True,2
D_CAA071_CAALOS,2,,5.0,False,True,arc,D_CAA071_CAALOS,D,,,,12,True,2
D_SPLDG_DRM000_PGE,2,,5.0,False,True,arc,D_SPLDG_DRM000_PGE,D,,,,12,True,2
TD_SJR091_133,2,,5.0,False,True,entity,TD_SJR091_133,ENT,,,,12,True,2
D_BGCD4_BP2004,2,,5.0,False,True,arc,D_BGCD4_BP2004,D,,,,12,True,2
SG97_DED025_13,2,,5.0,False,True,entity,SG97_DED025_13,ENT,,,,12,True,2
D_DES006_WLF017,2,,5.0,False,True,arc,D_DES006_WLF017,D,,,,12,True,2
C_SLUIS_SWP,2,,5.0,False,True,arc,C_SLUIS_SWP,CH,,,,12,True,2
Wintu Pumping Plant,2,,5.0,False,True,entity,Wintu Pumping Plant,ENT,,,,12,True,2
CHY006,2,,5.0,False,True,entity,CHY006,ENT,,,,12,True,2
E_BANOS,2,,5.0,False,True,entity,E_BANOS,ENT,,,,12,True,2
Lower Cherry Aqueduct,2,,5.0,False,True,entity,Lower Cherry Aqueduct,ENT,,,,12,True,2
WTP JYL,2,,5.0,False,True,entity,WTP JYL,ENT,WTP,,,12,True,2
Electra Tunnel,2,,5.0,False,True,entity,Electra Tunnel,ENT,,,,12,True,2
BCT001,2,,5.0,False,True,entity,BCT001,ENT,,,,12,True,2
Proposed Mendota Pool Bypass,2,,5.0,False,True,entity,Proposed Mendota Pool Bypass,ENT,,,,12,True,2
R595,2,,5.0,False,True,entity,R595,ENT,,,,12,True,2
Santa Barbara County FCWCD,2,,5.0,False,True,entity,Santa Barbara County FCWCD,ENT,,,,12,True,2
60S_NA2 Non-District West,2,,5.0,False,True,entity,60S_NA2 Non-District West,ENT,,,,12,True,2
CAA220,2,,5.0,False,True,entity,CAA220,ENT,,,,12,True,2
C605B,2,,5.0,False,True,entity,C605B,ENT,,,,12,True,2
USGS 11282000 MF Tuolumne River at Oakland Recreation Camp,2,,5.0,False,True,entity,USGS 11282000 MF Tuolumne River at Oakland Recreation Camp,ENT,,,,12,True,2
GP_61_NA6,2,,5.0,False,True,entity,GP_61_NA6,ENT,,,,12,True,2
D174,2,,5.0,False,True,entity,D174,ENT,,,,12,True,2
C_SSJ022,2,,5.0,False,True,arc,C_SSJ022,CH,,,,12,True,2
GP_73_PA3,2,,5.0,False,True,entity,GP_73_PA3,ENT,,,,12,True,2
USGS 11381500 Mill Creek near Los Molinos,2,,5.0,False,True,entity,USGS 11381500 Mill Creek near Los Molinos,ENT,,,,12,True,2
D309a,2,,5.0,False,True,entity,D309a,ENT,,,,12,True,2
D145B,2,,5.0,False,True,entity,D145B,ENT,,,,12,True,2
D_ALD002_EDC004,2,,5.0,False,True,arc,D_ALD002_EDC004,D,,,,12,True,2
C_CSB015,2,,5.0,False,True,arc,C_CSB015,CH,,,,12,True,2
GP_63_PR2,2,,5.0,False,True,entity,GP_63_PR2,ENT,,,,12,True,2
STV007,2,,5.0,False,True,entity,STV007,ENT,,,,12,True,2
Rock Creek Forebay,2,,5.0,False,True,entity,Rock Creek Forebay,ENT,,,,12,True,2
Bowman Feeder,2,,5.0,False,True,entity,Bowman Feeder,ENT,,,,12,True,2
C_STMPY,2,,5.0,False,True,arc,C_STMPY,CH,,,,12,True,2
GFT003,2,,5.0,False,True,entity,GFT003,ENT,,,,12,True,2
WTP CYC,2,,5.0,False,True,entity,WTP CYC,ENT,WTP,,,12,True,2
63_PR2 Merced and Lone Tree units of Merced NWR,2,,5.0,False,True,entity,63_PR2 Merced and Lone Tree units of Merced NWR,ENT,,,,12,True,2
USGS 1274550 San Joaquin River near Crows Landing,2,,5.0,False,True,entity,USGS 1274550 San Joaquin River near Crows Landing,ENT,,,,12,True,2
SG81_CHW028_11,2,,5.0,False,True,entity,SG81_CHW028_11,ENT,,,,12,True,2
I_SFT003,2,,5.0,False,True,entity,I_SFT003,ENT,,,,12,True,2
I_LCBRF,2,,5.0,False,True,entity,I_LCBRF,ENT,,,,12,True,2
SG151_STS030_23,2,,5.0,False,True,entity,SG151_STS030_23,ENT,,,,12,True,2
"Slab Creek, Minor Accretions",2,,5.0,False,True,entity,"Slab Creek, Minor Accretions",ENT,,,,12,True,2
USGS 11440000 Alder Creek near Whitehall,2,,5.0,False,True,entity,USGS 11440000 Alder Creek near Whitehall,ENT,,,,12,True,2
"17S_NA Sutter Bypass-Butte Slough WUA, Non-district",2,,5.0,False,True,entity,"17S_NA Sutter Bypass-Butte Slough WUA, Non-district",ENT,,,,12,True,2
Cosumnes River,2,,5.0,False,True,entity,Cosumnes River,ENT,,,,12,True,2
SG334_SBP031_58,2,,5.0,False,True,entity,SG334_SBP031_58,ENT,,,,12,True,2
SG274_SAC193_51,2,,5.0,False,True,entity,SG274_SAC193_51,ENT,,,,12,True,2
C_CAA207,2,,5.0,False,True,arc,C_CAA207,CH,,,,12,True,2
USGS 11290500 San Joaquin River at Maze Road Bridge near Modesto,2,,5.0,False,True,entity,USGS 11290500 San Joaquin River at Maze Road Bridge near Modesto,ENT,,,,12,True,2
Honcut Creek,2,,5.0,False,True,entity,Honcut Creek,ENT,,,,12,True,2
Clavey River,2,,5.0,False,True,entity,Clavey River,ENT,,,,12,True,2
D_ESB361_ESBLOS,2,,5.0,False,True,arc,D_ESB361_ESBLOS,D,,,,12,True,2
"Losses R-24,25,26A,28,28J",2,,5.0,False,True,entity,"Losses R-24,25,26A,28,28J",ENT,,,,12,True,2
E_BUCKS,2,,5.0,False,True,entity,E_BUCKS,ENT,,,,12,True,2
C62001,2,,5.0,False,True,entity,C62001,ENT,,,,12,True,2
60N_NA3 North San Joaquin WCD,2,,5.0,False,True,entity,60N_NA3 North San Joaquin WCD,ENT,,,,12,True,2
C_MOC003,2,,5.0,False,True,arc,C_MOC003,CH,,,,12,True,2
USGS 11427940 Rubicon-Rockbound Tunnel near Meeks Bay,2,,5.0,False,True,entity,USGS 11427940 Rubicon-Rockbound Tunnel near Meeks Bay,ENT,,,,12,True,2
SLDMWA(CDEC CBP) Chowchilla Bypass below Control Structure,2,,5.0,False,True,entity,SLDMWA(CDEC CBP) Chowchilla Bypass below Control Structure,ENT,,,,12,True,2
MSF016,2,,5.0,False,True,entity,MSF016,ENT,,,,12,True,2
C_PCRST,2,,5.0,False,True,arc,C_PCRST,CH,,,,12,True,2
North Fork Cache Creek,2,,5.0,False,True,entity,North Fork Cache Creek,ENT,,,,12,True,2
D885,2,,5.0,False,True,entity,D885,ENT,,,,12,True,2
WTP COL,2,,5.0,False,True,entity,WTP COL,ENT,WTP,,,12,True,2
Check 37-39,2,,5.0,False,True,entity,Check 37-39,ENT,,,,12,True,2
D849,2,,5.0,False,True,entity,D849,ENT,,,,12,True,2
C_MFS015,2,,5.0,False,True,arc,C_MFS015,CH,,,,12,True,2
C223,2,,5.0,False,True,entity,C223,ENT,,,,12,True,2
"63_NA4 Plainsburg ID, La Grande-Athlone, Turner Island WD, Stevinson WD, Non-District, Merced Riparian",2,,5.0,False,True,entity,"63_NA4 Plainsburg ID, La Grande-Athlone, Turner Island WD, Stevinson WD, Non-District, Merced Riparian",ENT,WD,,,12,True,2
D109,2,,5.0,False,True,entity,D109,ENT,,,,12,True,2
D100,2,,5.0,False,True,entity,D100,ENT,,,,12,True,2
D_CSB009_CLRTA1_DDWD,2,,5.0,False,True,arc,D_CSB009_CLRTA1_DDWD,D,WD,,,12,True,2
D_DMC074_DMCLOS,2,,5.0,False,True,arc,D_DMC074_DMCLOS,D,,,,12,True,2
USGS 11274500 Crestimba Creek near Newman,2,,5.0,False,True,entity,USGS 11274500 Crestimba Creek near Newman,ENT,,,,12,True,2
C_HCH002,2,,5.0,False,True,arc,C_HCH002,CH,,,,12,True,2
S42,2,,5.0,False,True,entity,S42,ENT,,,,12,True,2
D_MOK033_60N_NA5,2,,5.0,False,True,arc,D_MOK033_60N_NA5,D,,,,12,True,2
71_PU2 VA Cemetary,2,,5.0,False,True,entity,71_PU2 VA Cemetary,ENT,,,,12,True,2
D_EBTML_EBMUD,2,,5.0,False,True,arc,D_EBTML_EBMUD,D,,,,12,True,2
Representation of the Yolo Bypass includes the Tule Canal along the East Levee,2,,5.0,False,True,entity,Representation of the Yolo Bypass includes the Tule Canal along the East Levee,ENT,,,,12,True,2
I_BGC002,2,,5.0,False,True,entity,I_BGC002,ENT,,,,12,True,2
SG300_SAC097_53,2,,5.0,False,True,entity,SG300_SAC097_53,ENT,,,,12,True,2
C_CHY006,2,,5.0,False,True,arc,C_CHY006,CH,,,,12,True,2
C_NFW006,2,,5.0,False,True,arc,C_NFW006,CH,,,,12,True,2
Cow Creek,2,,5.0,False,True,entity,Cow Creek,ENT,,,,12,True,2
17N_NU Small Communities,2,,5.0,False,True,entity,17N_NU Small Communities,ENT,,,,12,True,2
Delta Net Depletion,2,,5.0,False,True,entity,Delta Net Depletion,ENT,,,,12,True,2
23_NU Small Communities,2,,5.0,False,True,entity,23_NU Small Communities,ENT,,,,12,True,2
63_PR3 East Bear Unit of San Luis NWR,2,,5.0,False,True,entity,63_PR3 East Bear Unit of San Luis NWR,ENT,,,,12,True,2
16_NA1 Non-District,2,,5.0,False,True,entity,16_NA1 Non-District,ENT,,,,12,True,2
D_ELENR_ECT001,2,,5.0,False,True,arc,D_ELENR_ECT001,D,,,,12,True,2
S_BLSMM,2,,5.0,False,True,entity,S_BLSMM,ENT,,,,12,True,2
ELT010,2,,5.0,False,True,entity,ELT010,ENT,,,,12,True,2
"61_NU2 Cities of Lathrop, Manteca and Escalon",2,,5.0,False,True,entity,"61_NU2 Cities of Lathrop, Manteca and Escalon",ENT,,,,12,True,2
C_SFW001,2,,5.0,False,True,arc,C_SFW001,CH,,,,12,True,2
I_SJR305,2,,5.0,False,True,entity,I_SJR305,ENT,,,,12,True,2
"Lateral 24-2, 32-2",2,,5.0,False,True,entity,"Lateral 24-2, 32-2",ENT,,,,12,True,2
SG323_CBD031_56,2,,5.0,False,True,entity,SG323_CBD031_56,ENT,,,,12,True,2
Check 15 End of Repayment Reach 4,2,,5.0,False,True,entity,Check 15 End of Repayment Reach 4,ENT,,,,12,True,2
James Bypass,2,,5.0,False,True,entity,James Bypass,ENT,,,,12,True,2
D864,2,,5.0,False,True,entity,D864,ENT,,,,12,True,2
WWC000,2,,5.0,False,True,entity,WWC000,ENT,,,,12,True,2
I_SFA066,2,,5.0,False,True,entity,I_SFA066,ENT,,,,12,True,2
50_PU City of Tracy Mountain House CSD,2,,5.0,False,True,entity,50_PU City of Tracy Mountain House CSD,ENT,,,,12,True,2
I_ALD004,2,,5.0,False,True,entity,I_ALD004,ENT,,,,12,True,2
SG129_ORT009_19,2,,5.0,False,True,entity,SG129_ORT009_19,ENT,,,,12,True,2
C827,2,,5.0,False,True,entity,C827,ENT,,,,12,True,2
C_SSJ016,2,,5.0,False,True,arc,C_SSJ016,CH,,,,12,True,2
Closure term at Verona moved upstream to better model flood flows over the Fremont Weir,2,,5.0,False,True,entity,Closure term at Verona moved upstream to better model flood flows over the Fremont Weir,ENT,,,,12,True,2
26N_PU2 San Juan WD,2,,5.0,False,True,entity,26N_PU2 San Juan WD,ENT,WD,,,12,True,2
SG188_CSM033_29,2,,5.0,False,True,entity,SG188_CSM033_29,ENT,,,,12,True,2
S_ALMNR,2,,5.0,False,True,entity,S_ALMNR,ENT,,,,12,True,2
YB-58,2,,5.0,False,True,entity,YB-58,ENT,,,,12,True,2
Halsey Forebay,2,,5.0,False,True,entity,Halsey Forebay,ENT,,,,12,True,2
S_HHOLE,2,,5.0,False,True,entity,S_HHOLE,ENT,,,,12,True,2
SG56_SJR249_7,2,,5.0,False,True,entity,SG56_SJR249_7,ENT,,,,12,True,2
D_CAA005_CAALOS,2,,5.0,False,True,arc,D_CAA005_CAALOS,D,,,,12,True,2
I_ALOHA,2,,5.0,False,True,entity,I_ALOHA,ENT,,,,12,True,2
Antelope Creek,2,,5.0,False,True,entity,Antelope Creek,ENT,,,,12,True,2
SJR312,2,,5.0,False,True,node,SJR312,ENT,,,,12,True,2
D_PTM001_PSB001,2,,5.0,False,True,arc,D_PTM001_PSB001,D,,,,12,True,2
WRD003,2,,5.0,False,True,entity,WRD003,ENT,,,,12,True,2
D283,2,,5.0,False,True,entity,D283,ENT,,,,12,True,2
North Fork of Middle Fork American River,2,,5.0,False,True,entity,North Fork of Middle Fork American River,ENT,,,,12,True,2
C136B,2,,5.0,False,True,entity,C136B,ENT,,,,12,True,2
D202,2,,5.0,False,True,entity,D202,ENT,,,,12,True,2
26S_PU2 Golden State WC,2,,5.0,False,True,entity,26S_PU2 Golden State WC,ENT,,,,12,True,2
D_ESB425_ESBLOS,2,,5.0,False,True,arc,D_ESB425_ESBLOS,D,,,,12,True,2
TVC000,2,,5.0,False,True,entity,TVC000,ENT,,,,12,True,2
S_THRMA,2,,5.0,False,True,entity,S_THRMA,ENT,,,,12,True,2
Chrisman Pumping Plant,2,,5.0,False,True,entity,Chrisman Pumping Plant,ENT,,,,12,True,2
E_LOONL,2,,5.0,False,True,entity,E_LOONL,ENT,,,,12,True,2
USGS 11439500 South Fork American River near Kyburz,2,,5.0,False,True,entity,USGS 11439500 South Fork American River near Kyburz,ENT,,,,12,True,2
C_RSL001A,2,,5.0,False,True,arc,C_RSL001A,CH,,,,12,True,2
Old and Middle River,2,,5.0,False,True,entity,Old and Middle River,ENT,,,,12,True,2
Inflow to French Lake,2,,5.0,False,True,entity,Inflow to French Lake,ENT,,,,12,True,2
C508,2,,5.0,False,True,entity,C508,ENT,,,,12,True,2
Contra Costa Water District,2,,5.0,False,True,entity,Contra Costa Water District,ENT,,,,12,True,2
CT_RIPON,2,,5.0,False,True,entity,CT_RIPON,ENT,,,,12,True,2
Inflow to Donnells Lake,2,,5.0,False,True,entity,Inflow to Donnells Lake,ENT,,,,12,True,2
EDCOCA_NU2,2,,5.0,False,True,entity,EDCOCA_NU2,ENT,,,,12,True,2
South Canal (PG&E),2,,5.0,False,True,entity,South Canal (PG&E),ENT,,,,12,True,2
C_SFT003,2,,5.0,False,True,arc,C_SFT003,CH,,,,12,True,2
BTN007,2,,5.0,False,True,entity,BTN007,ENT,,,,12,True,2
SFT002,2,,5.0,False,True,entity,SFT002,ENT,,,,12,True,2
DELVE,2,,5.0,False,True,entity,DELVE,ENT,,,,12,True,2
CT_MERCED,2,,5.0,False,True,entity,CT_MERCED,ENT,,,,12,True,2
Tehama-Colusa Canal,2,,5.0,False,True,entity,Tehama-Colusa Canal,ENT,,,,12,True,2
I1,2,,5.0,False,True,entity,I1,ENT,,,,12,True,2
Inflow to Lake Valley Reservoir,2,,5.0,False,True,entity,Inflow to Lake Valley Reservoir,ENT,,,,12,True,2
Davis-Woodland Water Supply Project,2,,5.0,False,True,entity,Davis-Woodland Water Supply Project,ENT,,,,12,True,2
S_MLRTN,2,,5.0,False,True,entity,S_MLRTN,ENT,,,,12,True,2
R_20_NA1_WLW000,2,,5.0,False,True,arc,R_20_NA1_WLW000,R,,,,12,True,2
Fuller Lake,2,,5.0,False,True,entity,Fuller Lake,ENT,,,,12,True,2
Little Chico Creek drains into Angel Slough,2,,5.0,False,True,entity,Little Chico Creek drains into Angel Slough,ENT,,,,12,True,2
LBUCK,2,,5.0,False,True,entity,LBUCK,ENT,,,,12,True,2
Carley V Porter Tunnel,2,,5.0,False,True,entity,Carley V Porter Tunnel,ENT,,,,12,True,2
SG267_STN004_49,2,,5.0,False,True,entity,SG267_STN004_49,ENT,,,,12,True,2
Angels Canal,2,,5.0,False,True,entity,Angels Canal,ENT,,,,12,True,2
CVT005,2,,5.0,False,True,entity,CVT005,ENT,,,,12,True,2
USGS 11262890 San Luis Drain Site A,2,,5.0,False,True,entity,USGS 11262890 San Luis Drain Site A,ENT,,,,12,True,2
D143B,2,,5.0,False,True,entity,D143B,ENT,,,,12,True,2
SG298_SAC115_53,2,,5.0,False,True,entity,SG298_SAC115_53,ENT,,,,12,True,2
D_TUO015_62_NA4,2,,5.0,False,True,arc,D_TUO015_62_NA4,D,,,,12,True,2
San Luis Obispo County FCWCD,2,,5.0,False,True,entity,San Luis Obispo County FCWCD,ENT,,,,12,True,2
SG221_BTL006_36,2,,5.0,False,True,entity,SG221_BTL006_36,ENT,,,,12,True,2
EDCOCA_NA2,2,,5.0,False,True,entity,EDCOCA_NA2,ENT,,,,12,True,2
C_TUO103,2,,5.0,False,True,arc,C_TUO103,CH,,,,12,True,2
SG133_SJR090_20,2,,5.0,False,True,entity,SG133_SJR090_20,ENT,,,,12,True,2
D_LJC022_60S_PA1,2,,5.0,False,True,arc,D_LJC022_60S_PA1,D,,,,12,True,2
SG465_SCW004_81,2,,5.0,False,True,entity,SG465_SCW004_81,ENT,,,,12,True,2
USGS 11316610 Tiger Creek Powerhouse nr West Point,2,,5.0,False,True,entity,USGS 11316610 Tiger Creek Powerhouse nr West Point,ENT,,,,12,True,2
Mallard Slough Intake,2,,5.0,False,True,entity,Mallard Slough Intake,ENT,,,,12,True,2
I81,2,,5.0,False,True,entity,I81,ENT,,,,12,True,2
NFW006,2,,5.0,False,True,entity,NFW006,ENT,,,,12,True,2
DWR A02967 Butte Slough at Outfall Gates near Colusa,2,,5.0,False,True,entity,DWR A02967 Butte Slough at Outfall Gates near Colusa,ENT,,,,12,True,2
D_WRT000_EDCOCA_NU3,2,,5.0,False,True,arc,D_WRT000_EDCOCA_NU3,D,,,,12,True,2
ESB355,2,,5.0,False,True,entity,ESB355,ENT,,,,12,True,2
SG404_PTH007_69,2,,5.0,False,True,entity,SG404_PTH007_69,ENT,,,,12,True,2
TD_SJR028_170,2,,5.0,False,True,entity,TD_SJR028_170,ENT,,,,12,True,2
USGS 11441900 Silver Creek below Camino Diversion Dam,2,,5.0,False,True,entity,USGS 11441900 Silver Creek below Camino Diversion Dam,ENT,,,,12,True,2
Rock Creek Tunnel,2,,5.0,False,True,entity,Rock Creek Tunnel,ENT,,,,12,True,2
D_ECHOL_ELC001,2,,5.0,False,True,arc,D_ECHOL_ELC001,D,,,,12,True,2
SG283_BTC043_52,2,,5.0,False,True,entity,SG283_BTC043_52,ENT,,,,12,True,2
12_NU2 Small Communities,2,,5.0,False,True,entity,12_NU2 Small Communities,ENT,,,,12,True,2
ESB407,2,,5.0,False,True,entity,ESB407,ENT,,,,12,True,2
SG276_SAC182_51,2,,5.0,False,True,entity,SG276_SAC182_51,ENT,,,,12,True,2
E_DAVIS,2,,5.0,False,True,entity,E_DAVIS,ENT,,,,12,True,2
USGS 11442700 Brush Creek below Brush Creek Dam,2,,5.0,False,True,entity,USGS 11442700 Brush Creek below Brush Creek Dam,ENT,,,,12,True,2
C_SSV013,2,,5.0,False,True,arc,C_SSV013,CH,,,,12,True,2
GP_61_PA3,2,,5.0,False,True,entity,GP_61_PA3,ENT,,,,12,True,2
E_CMBIE,2,,5.0,False,True,entity,E_CMBIE,ENT,,,,12,True,2
USGS 11237600 Pitman Creek Shaft below Tamarack Creek near Big Creek,2,,5.0,False,True,entity,USGS 11237600 Pitman Creek Shaft below Tamarack Creek near Big Creek,ENT,,,,12,True,2
Friant-Kern Canal,2,,5.0,False,True,entity,Friant-Kern Canal,ENT,,,,12,True,2
TUO104,2,,5.0,False,True,entity,TUO104,ENT,,,,12,True,2
SG80_CHW031_11,2,,5.0,False,True,entity,SG80_CHW031_11,ENT,,,,12,True,2
WSB026,2,,5.0,False,True,entity,WSB026,ENT,,,,12,True,2
I90,2,,5.0,False,True,entity,I90,ENT,,,,12,True,2
USGS 11313510 Salt Springs Powerhouse near West Point,2,,5.0,False,True,entity,USGS 11313510 Salt Springs Powerhouse near West Point,ENT,,,,12,True,2
CAA238,2,,5.0,False,True,entity,CAA238,ENT,,,,12,True,2
Check 20,2,,5.0,False,True,entity,Check 20,ENT,,,,12,True,2
61_NA4 Stanislaus Riparian,2,,5.0,False,True,entity,61_NA4 Stanislaus Riparian,ENT,,,,12,True,2
City of Vallejo,2,,5.0,False,True,entity,City of Vallejo,ENT,,,,12,True,2
Colgate Penstock not modeled explicitly. Simulated flows included in arc C_NBLDB,2,,5.0,False,True,entity,Colgate Penstock not modeled explicitly. Simulated flows included in arc C_NBLDB,ENT,,,,12,True,2
Inflow to Rubicon Reservoir,2,,5.0,False,True,entity,Inflow to Rubicon Reservoir,ENT,,,,12,True,2
C220A,2,,5.0,False,True,entity,C220A,ENT,,,,12,True,2
R_GRSVL_WLF021,2,,5.0,False,True,arc,R_GRSVL_WLF021,R,,,,12,True,2
Wise Forebay,2,,5.0,False,True,entity,Wise Forebay,ENT,,,,12,True,2
D502,2,,5.0,False,True,entity,D502,ENT,,,,12,True,2
GP_60N_NA3,2,,5.0,False,True,entity,GP_60N_NA3,ENT,,,,12,True,2
SG453_CWD018_77,2,,5.0,False,True,entity,SG453_CWD018_77,ENT,WD,,,12,True,2
C_HGL006,2,,5.0,False,True,arc,C_HGL006,CH,,,,12,True,2
Tulare R-8C-8D,2,,5.0,False,True,entity,Tulare R-8C-8D,ENT,,,,12,True,2
YB-73,2,,5.0,False,True,entity,YB-73,ENT,,,,12,True,2
Delta Accretion,2,,5.0,False,True,entity,Delta Accretion,ENT,,,,12,True,2
SG232_SAC232_39,2,,5.0,False,True,entity,SG232_SAC232_39,ENT,,,,12,True,2
ELDID_NA2,2,,5.0,False,True,entity,ELDID_NA2,ENT,,,,12,True,2
BP2001,2,,5.0,False,True,entity,BP2001,ENT,,,,12,True,2
SJR303,2,,5.0,False,True,node,SJR303,ENT,,,,12,True,2
USGS 11446500 American River at Fair Oaks,2,,5.0,False,True,entity,USGS 11446500 American River at Fair Oaks,ENT,,,,12,True,2
D410,2,,5.0,False,True,entity,D410,ENT,,,,12,True,2
USGS 11242350 Soquel Diversion near Sugar Pine CA,2,,5.0,False,True,entity,USGS 11242350 Soquel Diversion near Sugar Pine CA,ENT,,,,12,True,2
Pearblossom Pumping Plant,2,,5.0,False,True,entity,Pearblossom Pumping Plant,ENT,,,,12,True,2
D_SLC003_SCT001,2,,5.0,False,True,arc,D_SLC003_SCT001,D,,,,12,True,2
03_NA Non-District,2,,5.0,False,True,entity,03_NA Non-District,ENT,,,,12,True,2
90_PA1 Westlands WD Priority I,2,,5.0,False,True,entity,90_PA1 Westlands WD Priority I,ENT,WD,,,12,True,2
SSJ022,2,,5.0,False,True,entity,SSJ022,ENT,,,,12,True,2
SG363_FTR008_63,2,,5.0,False,True,entity,SG363_FTR008_63,ENT,,,,12,True,2
71_PA1 Hospital WD,2,,5.0,False,True,entity,71_PA1 Hospital WD,ENT,WD,,,12,True,2
Spill to Secret Ravine,2,,5.0,False,True,entity,Spill to Secret Ravine,ENT,,,,12,True,2
CT_MELON,2,,5.0,False,True,entity,CT_MELON,ENT,,,,12,True,2
North Fork Stevenson Creek,2,,5.0,False,True,entity,North Fork Stevenson Creek,ENT,,,,12,True,2
73_NU Small Communities,2,,5.0,False,True,entity,73_NU Small Communities,ENT,,,,12,True,2
Sutter Extension Canal,2,,5.0,False,True,entity,Sutter Extension Canal,ENT,,,,12,True,2
SFT003,2,,5.0,False,True,entity,SFT003,ENT,,,,12,True,2
USGS 11413510 New Colgate Powerhouse near French Corral,2,,5.0,False,True,entity,USGS 11413510 New Colgate Powerhouse near French Corral,ENT,,,,12,True,2
Lake Folsom Local Inflow,2,,5.0,False,True,entity,Lake Folsom Local Inflow,ENT,,,,12,True,2
WSB032,2,,5.0,False,True,entity,WSB032,ENT,,,,12,True,2
C300,2,,5.0,False,True,entity,C300,ENT,,,,12,True,2
SG103_SJR141_14,2,,5.0,False,True,entity,SG103_SJR141_14,ENT,,,,12,True,2
Dos Amigos Pumping Plant End of Repayment Reach 3,2,,5.0,False,True,entity,Dos Amigos Pumping Plant End of Repayment Reach 3,ENT,,,,12,True,2
S_BANOS,2,,5.0,False,True,entity,S_BANOS,ENT,,,,12,True,2
D_CAA207_LCP,2,,5.0,False,True,arc,D_CAA207_LCP,D,,,,12,True,2
C_CAA220,2,,5.0,False,True,arc,C_CAA220,CH,,,,12,True,2
PCH000,2,,5.0,False,True,entity,PCH000,ENT,,,,12,True,2
I_SFY048,2,,5.0,False,True,entity,I_SFY048,ENT,,,,12,True,2
Canyon Creek,2,,5.0,False,True,entity,Canyon Creek,ENT,,,,12,True,2
D163,2,,5.0,False,True,entity,D163,ENT,,,,12,True,2
E_FRDYC,2,,5.0,False,True,entity,E_FRDYC,ENT,,,,12,True,2
C_JWB001,2,,5.0,False,True,arc,C_JWB001,CH,,,,12,True,2
S_FRMDW,2,,5.0,False,True,entity,S_FRMDW,ENT,,,,12,True,2
"26S_NU2 Cal. Am. WC (Parkway, Rosemont), Sacramento County WA Zone 41",2,,5.0,False,True,entity,"26S_NU2 Cal. Am. WC (Parkway, Rosemont), Sacramento County WA Zone 41",ENT,,,,12,True,2
C_CAA279,2,,5.0,False,True,arc,C_CAA279,CH,,,,12,True,2
City of Stockton DWSP,2,,5.0,False,True,entity,City of Stockton DWSP,ENT,,,,12,True,2
SSJ017,2,,5.0,False,True,entity,SSJ017,ENT,,,,12,True,2
CAA194,2,,5.0,False,True,entity,CAA194,ENT,,,,12,True,2
SPICE,2,,5.0,False,True,entity,SPICE,ENT,,,,12,True,2
FPT000,2,,5.0,False,True,entity,FPT000,ENT,,,,12,True,2
C_NFW012,2,,5.0,False,True,arc,C_NFW012,CH,,,,12,True,2
Bowman-Spaulding Canal,2,,5.0,False,True,entity,Bowman-Spaulding Canal,ENT,,,,12,True,2
GP_71_PA3,2,,5.0,False,True,entity,GP_71_PA3,ENT,,,,12,True,2
D_CSD014_NIDDC_NA1,2,,5.0,False,True,arc,D_CSD014_NIDDC_NA1,D,,,,12,True,2
D_BGCD6_BP3005,2,,5.0,False,True,arc,D_BGCD6_BP3005,D,,,,12,True,2
Ragsdale Diversion,2,,5.0,False,True,entity,Ragsdale Diversion,ENT,,,,12,True,2
TD_EBP019_088,2,,5.0,False,True,entity,TD_EBP019_088,ENT,,,,12,True,2
Keystone Canal,2,,5.0,False,True,entity,Keystone Canal,ENT,,,,12,True,2
Riparian Diverters,2,,5.0,False,True,entity,Riparian Diverters,ENT,,,,12,True,2
C_FLRNC,2,,5.0,False,True,arc,C_FLRNC,CH,,,,12,True,2
C_WSB001,2,,5.0,False,True,arc,C_WSB001,CH,,,,12,True,2
D882,2,,5.0,False,True,entity,D882,ENT,,,,12,True,2
SSC001,2,,5.0,False,True,entity,SSC001,ENT,,,,12,True,2
GP_62_NA2,2,,5.0,False,True,entity,GP_62_NA2,ENT,,,,12,True,2
D700_BBID,2,,5.0,False,True,entity,D700_BBID,ENT,,,,12,True,2
USGS 11396329 Kelly Ridge Powerhouse near Oroville,2,,5.0,False,True,entity,USGS 11396329 Kelly Ridge Powerhouse near Oroville,ENT,,,,12,True,2
USGS 11404240 Grizzly Powerplant near Storrie,2,,5.0,False,True,entity,USGS 11404240 Grizzly Powerplant near Storrie,ENT,,,,12,True,2
E_CLRLK,2,,5.0,False,True,entity,E_CLRLK,ENT,,,,12,True,2
Local Inflow to NF Stanislaus River,2,,5.0,False,True,entity,Local Inflow to NF Stanislaus River,ENT,,,,12,True,2
HGL006,2,,5.0,False,True,entity,HGL006,ENT,,,,12,True,2
73_XA Firebaugh Canal Company,2,,5.0,False,True,entity,73_XA Firebaugh Canal Company,ENT,,,,12,True,2
OID Main Canal,2,,5.0,False,True,entity,OID Main Canal,ENT,,,,12,True,2
I_RDNGR,2,,5.0,False,True,entity,I_RDNGR,ENT,,,,12,True,2
USGS 11406890 Richvale Canal at Intake,2,,5.0,False,True,entity,USGS 11406890 Richvale Canal at Intake,ENT,,,,12,True,2
S76,2,,5.0,False,True,entity,S76,ENT,,,,12,True,2
I_BASSL,2,,5.0,False,True,entity,I_BASSL,ENT,,,,12,True,2
D_COL002_BRT003,2,,5.0,False,True,arc,D_COL002_BRT003,D,,,,12,True,2
Check 4,2,,5.0,False,True,entity,Check 4,ENT,,,,12,True,2
EBTML,2,,5.0,False,True,entity,EBTML,ENT,,,,12,True,2
Stanislaus Tunnel,2,,5.0,False,True,entity,Stanislaus Tunnel,ENT,,,,12,True,2
C_OYS001,2,,5.0,False,True,arc,C_OYS001,CH,,,,12,True,2
M&T FRS,2,,5.0,False,True,entity,M&T FRS,ENT,,,,12,True,2
D_SLUIS_PCH000,2,,5.0,False,True,arc,D_SLUIS_PCH000,D,,,,12,True,2
Deadman and Ditchman's Creeks,2,,5.0,False,True,entity,Deadman and Ditchman's Creeks,ENT,,,,12,True,2
SSV013,2,,5.0,False,True,entity,SSV013,ENT,,,,12,True,2
South Fork Mokelumne River,2,,5.0,False,True,entity,South Fork Mokelumne River,ENT,,,,12,True,2
SG111_BCK006_15,2,,5.0,False,True,entity,SG111_BCK006_15,ENT,,,,12,True,2
D_UTC000_CACWD,2,,5.0,False,True,arc,D_UTC000_CACWD,D,WD,,,12,True,2
"71_PA6 Davis WD, Foothill WD, Mustang WD, Quinto WD, Romero WD, Centinella WD",2,,5.0,False,True,entity,"71_PA6 Davis WD, Foothill WD, Mustang WD, Quinto WD, Romero WD, Centinella WD",ENT,WD,,,12,True,2
DA_SACS_SAC017_DV,2,,5.0,False,True,entity,DA_SACS_SAC017_DV,ENT,,,,12,True,2
Stevinson WD Diversion,2,,5.0,False,True,entity,Stevinson WD Diversion,ENT,WD,,,12,True,2
STH003,2,,5.0,False,True,entity,STH003,ENT,,,,12,True,2
SLF014,2,,5.0,False,True,entity,SLF014,ENT,,,,12,True,2
YB-184,2,,5.0,False,True,entity,YB-184,ENT,,,,12,True,2
"19_SA Sutter MWC (part), Pelger MWC, Bardis et al., Misc. Settlement Contractors",2,,5.0,False,True,entity,"19_SA Sutter MWC (part), Pelger MWC, Bardis et al., Misc. Settlement Contractors",ENT,,,,12,True,2
HTCHY,2,,5.0,False,True,entity,HTCHY,ENT,,,,12,True,2
Inflow to Cole Creek,2,,5.0,False,True,entity,Inflow to Cole Creek,ENT,,,,12,True,2
C_SFW006,2,,5.0,False,True,arc,C_SFW006,CH,,,,12,True,2
D_DONLL_DPH008,2,,5.0,False,True,arc,D_DONLL_DPH008,D,,,,12,True,2
SG92_SJR145_12,2,,5.0,False,True,entity,SG92_SJR145_12,ENT,,,,12,True,2
Mariposa Bypass,2,,5.0,False,True,entity,Mariposa Bypass,ENT,,,,12,True,2
USGS 11406880 + 11406900 Western Canal at Intake + PG&E Co Lateral at Intake,2,,5.0,False,True,entity,USGS 11406880 + 11406900 Western Canal at Intake + PG&E Co Lateral at Intake,ENT,,,,12,True,2
USGS 11451500 North Fork Cache Creek near Lower Lake Discontinued,2,,5.0,False,True,entity,USGS 11451500 North Fork Cache Creek near Lower Lake Discontinued,ENT,,,,12,True,2
E_SHVER,2,,5.0,False,True,entity,E_SHVER,ENT,,,,12,True,2
C_NFM013,2,,5.0,False,True,arc,C_NFM013,CH,,,,12,True,2
D_MFS017_JWS004,2,,5.0,False,True,arc,D_MFS017_JWS004,D,,,,12,True,2
Rio Vista,2,,5.0,False,True,entity,Rio Vista,ENT,,,,12,True,2
S9,2,,5.0,False,True,entity,S9,ENT,,,,12,True,2
D_DRM003_BRR074,2,,5.0,False,True,arc,D_DRM003_BRR074,D,,,,12,True,2
D_BRC001_BCT001,2,,5.0,False,True,arc,D_BRC001_BCT001,D,,,,12,True,2
I607,2,,5.0,False,True,entity,I607,ENT,,,,12,True,2
LeGrand Canal,2,,5.0,False,True,entity,LeGrand Canal,ENT,,,,12,True,2
C_SFS018,2,,5.0,False,True,arc,C_SFS018,CH,,,,12,True,2
D_ESC020_63_NA4,2,,5.0,False,True,arc,D_ESC020_63_NA4,D,,,,12,True,2
GP_71_PA6,2,,5.0,False,True,entity,GP_71_PA6,ENT,,,,12,True,2
GP_62_NU,2,,5.0,False,True,entity,GP_62_NU,ENT,,,,12,True,2
DCP North Delta Diversions,2,,5.0,False,True,entity,DCP North Delta Diversions,ENT,,,,12,True,2
CSB038,2,,5.0,False,True,entity,CSB038,ENT,,,,12,True,2
Proposed Supply to City of Folsom,2,,5.0,False,True,entity,Proposed Supply to City of Folsom,ENT,,,,12,True,2
CHY001,2,,5.0,False,True,entity,CHY001,ENT,,,,12,True,2
C_OMR013B,2,,5.0,False,True,arc,C_OMR013B,CH,,,,12,True,2
USGS 11419000 Yuba River at Smartville Discontinued,2,,5.0,False,True,entity,USGS 11419000 Yuba River at Smartville Discontinued,ENT,,,,12,True,2
Clifton Court Forebay,2,,5.0,False,True,entity,Clifton Court Forebay,ENT,,,,12,True,2
Long Canyon Creek Local Inflow,2,,5.0,False,True,entity,Long Canyon Creek Local Inflow,ENT,,,,12,True,2
STS072,2,,5.0,False,True,entity,STS072,ENT,,,,12,True,2
C283,2,,5.0,False,True,entity,C283,ENT,,,,12,True,2
E_RLLNS,2,,5.0,False,True,entity,E_RLLNS,ENT,,,,12,True,2
USGS 11238100 Big Creek Powerhouse No. 1 at Big Creek,2,,5.0,False,True,entity,USGS 11238100 Big Creek Powerhouse No. 1 at Big Creek,ENT,,,,12,True,2
Chowchilla Bypass,2,,5.0,False,True,entity,Chowchilla Bypass,ENT,,,,12,True,2
I_NFA016,2,,5.0,False,True,entity,I_NFA016,ENT,,,,12,True,2
Ross Creek,2,,5.0,False,True,entity,Ross Creek,ENT,,,,12,True,2
I_PTH070,2,,5.0,False,True,entity,I_PTH070,ENT,,,,12,True,2
TD_SJR227_059,2,,5.0,False,True,entity,TD_SJR227_059,ENT,,,,12,True,2
TUO105,2,,5.0,False,True,entity,TUO105,ENT,,,,12,True,2
C561,2,,5.0,False,True,entity,C561,ENT,,,,12,True,2
CULOS MIscellaneous agricultural losses as used by DWR in calculation of unimpaired flows,2,,5.0,False,True,entity,CULOS MIscellaneous agricultural losses as used by DWR in calculation of unimpaired flows,ENT,,,,12,True,2
71_NU City of Patterson Small Communities,2,,5.0,False,True,entity,71_NU City of Patterson Small Communities,ENT,,,,12,True,2
YB-66,2,,5.0,False,True,entity,YB-66,ENT,,,,12,True,2
R_71_PA5_SJR091,2,,5.0,False,True,arc,R_71_PA5_SJR091,R,,,,12,True,2
D_NFW026_SDS001,2,,5.0,False,True,arc,D_NFW026_SDS001,D,,,,12,True,2
GP_60S_PA1,2,,5.0,False,True,entity,GP_60S_PA1,ENT,,,,12,True,2
Belden Reservoir,2,,5.0,False,True,entity,Belden Reservoir,ENT,,,,12,True,2
STMPY,2,,5.0,False,True,entity,STMPY,ENT,,,,12,True,2
TD_EBP030_086,2,,5.0,False,True,entity,TD_EBP030_086,ENT,,,,12,True,2
S81,2,,5.0,False,True,entity,S81,ENT,,,,12,True,2
CSM001,2,,5.0,False,True,entity,CSM001,ENT,,,,12,True,2
17S_NU Sutter CSD Small Communities,2,,5.0,False,True,entity,17S_NU Sutter CSD Small Communities,ENT,,,,12,True,2
50_PA1 Banta Carbona ID Westside ID,2,,5.0,False,True,entity,50_PA1 Banta Carbona ID Westside ID,ENT,,,,12,True,2
D207B,2,,5.0,False,True,entity,D207B,ENT,,,,12,True,2
L_SILVR,2,,5.0,False,True,entity,L_SILVR,ENT,,,,12,True,2
S2,2,,5.0,False,True,entity,S2,ENT,,,,12,True,2
D846,2,,5.0,False,True,entity,D846,ENT,,,,12,True,2
SG414_SAC011_71,2,,5.0,False,True,entity,SG414_SAC011_71,ENT,,,,12,True,2
GP_90_PA1,2,,5.0,False,True,entity,GP_90_PA1,ENT,,,,12,True,2
C_WWC000,2,,5.0,False,True,arc,C_WWC000,CH,,,,12,True,2
D126,2,,5.0,False,True,entity,D126,ENT,,,,12,True,2
SG211_COW014_33,2,,5.0,False,True,entity,SG211_COW014_33,ENT,,,,12,True,2
USGS 11418500 Deer Creek near Smartville,2,,5.0,False,True,entity,USGS 11418500 Deer Creek near Smartville,ENT,,,,12,True,2
Slate Creek Diversion Dam,2,,5.0,False,True,entity,Slate Creek Diversion Dam,ENT,,,,12,True,2
C830,2,,5.0,False,True,entity,C830,ENT,,,,12,True,2
C_BGCD4,2,,5.0,False,True,arc,C_BGCD4,CH,,,,12,True,2
10_NA Non-District,2,,5.0,False,True,entity,10_NA Non-District,ENT,,,,12,True,2
SG199_MOK004_30,2,,5.0,False,True,entity,SG199_MOK004_30,ENT,,,,12,True,2
SFS018,2,,5.0,False,True,entity,SFS018,ENT,,,,12,True,2
D582,2,,5.0,False,True,entity,D582,ENT,,,,12,True,2
E_LWSTN,2,,5.0,False,True,entity,E_LWSTN,ENT,,,,12,True,2
I_TUO105,2,,5.0,False,True,entity,I_TUO105,ENT,,,,12,True,2
Stony Creek,2,,5.0,False,True,entity,Stony Creek,ENT,,,,12,True,2
WTP FMH,2,,5.0,False,True,entity,WTP FMH,ENT,WTP,,,12,True,2
LLOYD,2,,5.0,False,True,entity,LLOYD,ENT,,,,12,True,2
R_72_XA3_SJR106,2,,5.0,False,True,arc,R_72_XA3_SJR106,R,,,,12,True,2
GP_72_PR5,2,,5.0,False,True,entity,GP_72_PR5,ENT,,,,12,True,2
62_NA1 Non-District East,2,,5.0,False,True,entity,62_NA1 Non-District East,ENT,,,,12,True,2
E_BLKBT,2,,5.0,False,True,entity,E_BLKBT,ENT,,,,12,True,2
C_LCBRF,2,,5.0,False,True,arc,C_LCBRF,CH,,,,12,True,2
USGS 11285000 NF Tuolumne River Above Dyer Creek,2,,5.0,False,True,entity,USGS 11285000 NF Tuolumne River Above Dyer Creek,ENT,,,,12,True,2
D_WPT005_OWC000,2,,5.0,False,True,arc,D_WPT005_OWC000,D,,,,12,True,2
Suisun Bay,2,,5.0,False,True,entity,Suisun Bay,ENT,,,,12,True,2
C_ESB414,2,,5.0,False,True,arc,C_ESB414,CH,,,,12,True,2
SG107_BCK031_15,2,,5.0,False,True,entity,SG107_BCK031_15,ENT,,,,12,True,2
Little Dry Creek,2,,5.0,False,True,entity,Little Dry Creek,ENT,,,,12,True,2
D_WBF015_MIO010,2,,5.0,False,True,arc,D_WBF015_MIO010,D,,,,12,True,2
GP_60N_NA4,2,,5.0,False,True,entity,GP_60N_NA4,ENT,,,,12,True,2
14_NU Small Communities,2,,5.0,False,True,entity,14_NU Small Communities,ENT,,,,12,True,2
SG53_FSL005_4,2,,5.0,False,True,entity,SG53_FSL005_4,ENT,,,,12,True,2
SG218_CWD004_35,2,,5.0,False,True,entity,SG218_CWD004_35,ENT,WD,,,12,True,2
SSJ023,2,,5.0,False,True,entity,SSJ023,ENT,,,,12,True,2
Bellota Weir,2,,5.0,False,True,entity,Bellota Weir,ENT,,,,12,True,2
Inflow to Beardsley Lake,2,,5.0,False,True,entity,Inflow to Beardsley Lake,ENT,,,,12,True,2
DWR B07610 San Joaquin River near Dos Palos,2,,5.0,False,True,entity,DWR B07610 San Joaquin River near Dos Palos,ENT,,,,12,True,2
Local Inflow to SF Stanislaus River,2,,5.0,False,True,entity,Local Inflow to SF Stanislaus River,ENT,,,,12,True,2
SG_CHC000_609,2,,5.0,False,True,entity,SG_CHC000_609,ENT,,,,12,True,2
Buck Island Lake,2,,5.0,False,True,entity,Buck Island Lake,ENT,,,,12,True,2
SG255_SAC218_46,2,,5.0,False,True,entity,SG255_SAC218_46,ENT,,,,12,True,2
I_FLRNC,2,,5.0,False,True,entity,I_FLRNC,ENT,,,,12,True,2
SG_WDWRD,2,,5.0,False,True,entity,SG_WDWRD,ENT,WD,,,12,True,2
Fresno Slough,2,,5.0,False,True,entity,Fresno Slough,ENT,,,,12,True,2
Ortigalita Creek,2,,5.0,False,True,entity,Ortigalita Creek,ENT,,,,12,True,2
MBM004,2,,5.0,False,True,entity,MBM004,ENT,,,,12,True,2
D_TCN000_TUDDS,2,,5.0,False,True,arc,D_TCN000_TUDDS,D,,,,12,True,2
GP_90_PA2,2,,5.0,False,True,entity,GP_90_PA2,ENT,,,,12,True,2
C_ESB420,2,,5.0,False,True,arc,C_ESB420,CH,,,,12,True,2
C_CWD013,2,,5.0,False,True,arc,C_CWD013,CH,WD,,,12,True,2
Check 9,2,,5.0,False,True,entity,Check 9,ENT,,,,12,True,2
D847,2,,5.0,False,True,entity,D847,ENT,,,,12,True,2
D_DMC085_DMCLOS,2,,5.0,False,True,arc,D_DMC085_DMCLOS,D,,,,12,True,2
NFS033,2,,5.0,False,True,entity,NFS033,ENT,,,,12,True,2
08N_NA Non-District,2,,5.0,False,True,entity,08N_NA Non-District,ENT,,,,12,True,2
C_MBM004,2,,5.0,False,True,arc,C_MBM004,CH,,,,12,True,2
R_71_PA6_XCC054,2,,5.0,False,True,arc,R_71_PA6_XCC054,R,,,,12,True,2
GP_64_NU,2,,5.0,False,True,entity,GP_64_NU,ENT,,,,12,True,2
USGS 11408880 Middle Fork Yuba River below Our House Dam near Camptonville,2,,5.0,False,True,entity,USGS 11408880 Middle Fork Yuba River below Our House Dam near Camptonville,ENT,,,,12,True,2
C_SJR102,2,,5.0,False,True,arc,C_SJR102,CH,,,,12,True,2
E_MAMTH,2,,5.0,False,True,entity,E_MAMTH,ENT,,,,12,True,2
SG388_SAC022_67,2,,5.0,False,True,entity,SG388_SAC022_67,ENT,,,,12,True,2
Rubicon Lake,2,,5.0,False,True,entity,Rubicon Lake,ENT,,,,12,True,2
"USGS 11391000 Discontinued, DWR A02200 (KNL) Sacramento River at Knights Landing",2,,5.0,False,True,entity,"USGS 11391000 Discontinued, DWR A02200 (KNL) Sacramento River at Knights Landing",ENT,,,,12,True,2
SG225_PYN001_38,2,,5.0,False,True,entity,SG225_PYN001_38,ENT,,,,12,True,2
D_SJR102_71_NA1,2,,5.0,False,True,arc,D_SJR102_71_NA1,D,,,,12,True,2
D850,2,,5.0,False,True,entity,D850,ENT,,,,12,True,2
S_CMCHE,2,,5.0,False,True,entity,S_CMCHE,ENT,,,,12,True,2
TUO033,2,,5.0,False,True,entity,TUO033,ENT,,,,12,True,2
C_SSJ015,2,,5.0,False,True,arc,C_SSJ015,CH,,,,12,True,2
DFF005,2,,5.0,False,True,entity,DFF005,ENT,,,,12,True,2
D_MAMTH_MPB007,2,,5.0,False,True,arc,D_MAMTH_MPB007,D,,,,12,True,2
County of KIngs,2,,5.0,False,True,entity,County of KIngs,ENT,,,,12,True,2
North Slide Creek,2,,5.0,False,True,entity,North Slide Creek,ENT,,,,12,True,2
SG185_DSC016_28,2,,5.0,False,True,entity,SG185_DSC016_28,ENT,,,,12,True,2
C_MFS047,2,,5.0,False,True,arc,C_MFS047,CH,,,,12,True,2
Local Inflow to Middle Fork American River,2,,5.0,False,True,entity,Local Inflow to Middle Fork American River,ENT,,,,12,True,2
09_PR Upper Butte Wildlife Area and Sacramento River NWR - Llano Seco Units,2,,5.0,False,True,entity,09_PR Upper Butte Wildlife Area and Sacramento River NWR - Llano Seco Units,ENT,,,,12,True,2
R_26S_NA_MOK019,2,,5.0,False,True,arc,R_26S_NA_MOK019,R,,,,12,True,2
SG186_DSC008_280,2,,5.0,False,True,entity,SG186_DSC008_280,ENT,,,,12,True,2
I_PCRST,2,,5.0,False,True,entity,I_PCRST,ENT,,,,12,True,2
"Losses R-22A, 22B, 23",2,,5.0,False,True,entity,"Losses R-22A, 22B, 23",ENT,,,,12,True,2
TD_SJR106_127,2,,5.0,False,True,entity,TD_SJR106_127,ENT,,,,12,True,2
SG201_SJR013_31,2,,5.0,False,True,entity,SG201_SJR013_31,ENT,,,,12,True,2
USGS 11443500 South Fork American River near Camino,2,,5.0,False,True,entity,USGS 11443500 South Fork American River near Camino,ENT,,,,12,True,2
Castaic Lagoon Reach 30),2,,5.0,False,True,entity,Castaic Lagoon Reach 30),ENT,,,,12,True,2
C_ANG015,2,,5.0,False,True,arc,C_ANG015,CH,,,,12,True,2
S_RVPHB,2,,5.0,False,True,entity,S_RVPHB,ENT,,,,12,True,2
CPF001,2,,5.0,False,True,entity,CPF001,ENT,,,,12,True,2
TD_SJR091_132,2,,5.0,False,True,entity,TD_SJR091_132,ENT,,,,12,True,2
C157,2,,5.0,False,True,entity,C157,ENT,,,,12,True,2
S_SLTSP,2,,5.0,False,True,entity,S_SLTSP,ENT,,,,12,True,2
HPC001,2,,5.0,False,True,entity,HPC001,ENT,,,,12,True,2
Jackson Meadows Reservoir,2,,5.0,False,True,entity,Jackson Meadows Reservoir,ENT,,,,12,True,2
I_LLOYD,2,,5.0,False,True,entity,I_LLOYD,ENT,,,,12,True,2
ELENR,2,,5.0,False,True,entity,ELENR,ENT,,,,12,True,2
D607B-8B_FCC,2,,5.0,False,True,entity,D607B-8B_FCC,ENT,,,,12,True,2
E_SPLDG,2,,5.0,False,True,entity,E_SPLDG,ENT,,,,12,True,2
Balsam Creek,2,,5.0,False,True,entity,Balsam Creek,ENT,,,,12,True,2
SG60_SJR221_7,2,,5.0,False,True,entity,SG60_SJR221_7,ENT,,,,12,True,2
I_LYONS,2,,5.0,False,True,entity,I_LYONS,ENT,,,,12,True,2
USGS 11416200 Spaulding No. 3 Powerhouse near Emigrant Gap,2,,5.0,False,True,entity,USGS 11416200 Spaulding No. 3 Powerhouse near Emigrant Gap,ENT,,,,12,True,2
E_TULOC,2,,5.0,False,True,entity,E_TULOC,ENT,,,,12,True,2
3Bs FRS,2,,5.0,False,True,entity,3Bs FRS,ENT,,,,12,True,2
USGS 11417500 South Fork Yuba River at Jones Bar near Grass Valley,2,,5.0,False,True,entity,USGS 11417500 South Fork Yuba River at Jones Bar near Grass Valley,ENT,,,,12,True,2
GP_64_XA,2,,5.0,False,True,entity,GP_64_XA,ENT,,,,12,True,2
R_OHWWTP_DHC001,2,,5.0,False,True,arc,R_OHWWTP_DHC001,R,WWTP,,,12,True,2
SG257_DRC005_47,2,,5.0,False,True,entity,SG257_DRC005_47,ENT,,,,12,True,2
GP_72_NU,2,,5.0,False,True,entity,GP_72_NU,ENT,,,,12,True,2
SG457_CWD004_78,2,,5.0,False,True,entity,SG457_CWD004_78,ENT,WD,,,12,True,2
C_ESB413,2,,5.0,False,True,arc,C_ESB413,CH,,,,12,True,2
MPB007,2,,5.0,False,True,entity,MPB007,ENT,,,,12,True,2
D862,2,,5.0,False,True,entity,D862,ENT,,,,12,True,2
USGS 11401112 North Fork Feather River below Belden Dam,2,,5.0,False,True,entity,USGS 11401112 North Fork Feather River below Belden Dam,ENT,,,,12,True,2
"91_PA Coelho Family Trust, Fresno Slough WD, James ID, RD 1606, Tranquility ID, Tranquility PUD",2,,5.0,False,True,entity,"91_PA Coelho Family Trust, Fresno Slough WD, James ID, RD 1606, Tranquility ID, Tranquility PUD",ENT,WD,,,12,True,2
DA_SJRE_SJR026_DV,2,,5.0,False,True,entity,DA_SJRE_SJR026_DV,ENT,,,,12,True,2
I_ECHOL,2,,5.0,False,True,entity,I_ECHOL,ENT,,,,12,True,2
SG189_CSM026_29,2,,5.0,False,True,entity,SG189_CSM026_29,ENT,,,,12,True,2
Inflow to Silver Lake,2,,5.0,False,True,entity,Inflow to Silver Lake,ENT,,,,12,True,2
D_DMC111_DMCLOS,2,,5.0,False,True,arc,D_DMC111_DMCLOS,D,,,,12,True,2
CSB103,2,,5.0,False,True,entity,CSB103,ENT,,,,12,True,2
24_NA1 Nevada ID,2,,5.0,False,True,entity,24_NA1 Nevada ID,ENT,,,,12,True,2
USGS 11447810 Sacramento River at Hood / Greene's Landing,2,,5.0,False,True,entity,USGS 11447810 Sacramento River at Hood / Greene's Landing,ENT,,,,12,True,2
E_KSWCK,2,,5.0,False,True,entity,E_KSWCK,ENT,,,,12,True,2
C_STS090,2,,5.0,False,True,arc,C_STS090,CH,,,,12,True,2
USGS 11374000 Cow Creek near Millville,2,,5.0,False,True,entity,USGS 11374000 Cow Creek near Millville,ENT,,,,12,True,2
USGS 11316700 NF Mokelumne River bw Electra Diversion,2,,5.0,False,True,entity,USGS 11316700 NF Mokelumne River bw Electra Diversion,ENT,,,,12,True,2
WSB027,2,,5.0,False,True,entity,WSB027,ENT,,,,12,True,2
SG343_FTR059_59,2,,5.0,False,True,entity,SG343_FTR059_59,ENT,,,,12,True,2
I_MFA036,2,,5.0,False,True,entity,I_MFA036,ENT,,,,12,True,2
USGS 11300000 Stanislaus River near Knights Ferry,2,,5.0,False,True,entity,USGS 11300000 Stanislaus River near Knights Ferry,ENT,,,,12,True,2
SG202_SJR009_31,2,,5.0,False,True,entity,SG202_SJR009_31,ENT,,,,12,True,2
C_SLF014,2,,5.0,False,True,arc,C_SLF014,CH,,,,12,True,2
E_AMADR,2,,5.0,False,True,entity,E_AMADR,ENT,,,,12,True,2
I_BSM001,2,,5.0,False,True,entity,I_BSM001,ENT,,,,12,True,2
C702,2,,5.0,False,True,entity,C702,ENT,,,,12,True,2
USGS 11244000 North Fork Willow Creek near Bass Lake,2,,5.0,False,True,entity,USGS 11244000 North Fork Willow Creek near Bass Lake,ENT,,,,12,True,2
D_FOLSM_ELDID_NA3,2,,5.0,False,True,arc,D_FOLSM_ELDID_NA3,D,,,,12,True,2
D_FHT015_SFPUC,2,,5.0,False,True,arc,D_FHT015_SFPUC,D,,,,12,True,2
D309B,2,,5.0,False,True,entity,D309B,ENT,,,,12,True,2
21_PA Colusa Drain MWC,2,,5.0,False,True,entity,21_PA Colusa Drain MWC,ENT,,,,12,True,2
C520,2,,5.0,False,True,entity,C520,ENT,,,,12,True,2
CAA210,2,,5.0,False,True,entity,CAA210,ENT,,,,12,True,2
OYS001,2,,5.0,False,True,entity,OYS001,ENT,,,,12,True,2
SG377_AMR015_66,2,,5.0,False,True,entity,SG377_AMR015_66,ENT,,,,12,True,2
M&T/Llano Seco Pumping Plant,2,,5.0,False,True,entity,M&T/Llano Seco Pumping Plant,ENT,,,,12,True,2
MNT020,2,,5.0,False,True,entity,MNT020,ENT,,,,12,True,2
Inflow to Lyons Reservoir,2,,5.0,False,True,entity,Inflow to Lyons Reservoir,ENT,,,,12,True,2
C_ESC005,2,,5.0,False,True,arc,C_ESC005,CH,,,,12,True,2
S53,2,,5.0,False,True,entity,S53,ENT,,,,12,True,2
WBR001,2,,5.0,False,True,entity,WBR001,ENT,,,,12,True,2
S_INDVL,2,,5.0,False,True,entity,S_INDVL,ENT,,,,12,True,2
Owens Creek,2,,5.0,False,True,entity,Owens Creek,ENT,,,,12,True,2
CAA173,2,,5.0,False,True,entity,CAA173,ENT,,,,12,True,2
Camp 62 Creek,2,,5.0,False,True,entity,Camp 62 Creek,ENT,,,,12,True,2
Bear River Tunnel,2,,5.0,False,True,entity,Bear River Tunnel,ENT,,,,12,True,2
USGS 11416500 Canyon Creek (South) below Bowman Lake,2,,5.0,False,True,entity,USGS 11416500 Canyon Creek (South) below Bowman Lake,ENT,,,,12,True,2
D_EBTML_EBLOS,2,,5.0,False,True,arc,D_EBTML_EBLOS,D,,,,12,True,2
South Fork Yuba River,2,,5.0,False,True,entity,South Fork Yuba River,ENT,,,,12,True,2
USGS 11242000 San Joaquin River above Willow Creek near Auberry,2,,5.0,False,True,entity,USGS 11242000 San Joaquin River above Willow Creek near Auberry,ENT,,,,12,True,2
BOC002,2,,5.0,False,True,entity,BOC002,ENT,,,,12,True,2
USGS 11243500 PG&E No. 3 Conduit near Bass Lake,2,,5.0,False,True,entity,USGS 11243500 PG&E No. 3 Conduit near Bass Lake,ENT,,,,12,True,2
CAA242,2,,5.0,False,True,entity,CAA242,ENT,,,,12,True,2
I400,2,,5.0,False,True,entity,I400,ENT,,,,12,True,2
D801,2,,5.0,False,True,entity,D801,ENT,,,,12,True,2
C_ESB355,2,,5.0,False,True,arc,C_ESB355,CH,,,,12,True,2
R587B,2,,5.0,False,True,entity,R587B,ENT,,,,12,True,2
USGS 11278300 Cherry Creek near Early Intake,2,,5.0,False,True,entity,USGS 11278300 Cherry Creek near Early Intake,ENT,,,,12,True,2
NMA003,2,,5.0,False,True,entity,NMA003,ENT,,,,12,True,2
D_NFW006_CRRLN,2,,5.0,False,True,arc,D_NFW006_CRRLN,D,,,,12,True,2
RCK001,2,,5.0,False,True,entity,RCK001,ENT,,,,12,True,2
I_HNGTN,2,,5.0,False,True,entity,I_HNGTN,ENT,,,,12,True,2
CAA262,2,,5.0,False,True,entity,CAA262,ENT,,,,12,True,2
DWR B03175(CDEC OBB) Stanislaus River at Orange Blossom Bridge,2,,5.0,False,True,entity,DWR B03175(CDEC OBB) Stanislaus River at Orange Blossom Bridge,ENT,,,,12,True,2
C_MNT020,2,,5.0,False,True,arc,C_MNT020,CH,,,,12,True,2
PLMAS Plumas County Flood Control & Water Conservation District DWR Non-District,2,,5.0,False,True,entity,PLMAS Plumas County Flood Control & Water Conservation District DWR Non-District,ENT,,,,12,True,2
USGS 11379000 Antelope Creek near Red Bluff Discontinued,2,,5.0,False,True,entity,USGS 11379000 Antelope Creek near Red Bluff Discontinued,ENT,,,,12,True,2
C_PCB001,2,,5.0,False,True,arc,C_PCB001,CH,,,,12,True,2
"USGS 11389500, DWR A0242000 (Col), Sacramento River at Colusa",2,,5.0,False,True,entity,"USGS 11389500, DWR A0242000 (Col), Sacramento River at Colusa",ENT,,,,12,True,2
Sly Creek,2,,5.0,False,True,entity,Sly Creek,ENT,,,,12,True,2
SG73_FRS025_9,2,,5.0,False,True,entity,SG73_FRS025_9,ENT,,,,12,True,2
Georgetown Divide Ditch,2,,5.0,False,True,entity,Georgetown Divide Ditch,ENT,,,,12,True,2
SG125_SJR116_18,2,,5.0,False,True,entity,SG125_SJR116_18,ENT,,,,12,True,2
D_UTC000_MIL003,2,,5.0,False,True,arc,D_UTC000_MIL003,D,,,,12,True,2
DWR AO2976 (CDR) Colusa Drain near Highway 20,2,,5.0,False,True,entity,DWR AO2976 (CDR) Colusa Drain near Highway 20,ENT,,,,12,True,2
D520C,2,,5.0,False,True,entity,D520C,ENT,,,,12,True,2
Elder Creek,2,,5.0,False,True,entity,Elder Creek,ENT,,,,12,True,2
D404,2,,5.0,False,True,entity,D404,ENT,,,,12,True,2
UBEAR,2,,5.0,False,True,entity,UBEAR,ENT,,,,12,True,2
SG358_BRR017_62,2,,5.0,False,True,entity,SG358_BRR017_62,ENT,,,,12,True,2
USGS 11296500 SF Stanislaus River Above Strawberry,2,,5.0,False,True,entity,USGS 11296500 SF Stanislaus River Above Strawberry,ENT,,,,12,True,2
D_CAA238_CVPCV,2,,5.0,False,True,arc,D_CAA238_CVPCV,D,,,,12,True,2
"24_NA2 Placer County WA Zone 5, Non-District",2,,5.0,False,True,entity,"24_NA2 Placer County WA Zone 5, Non-District",ENT,,,,12,True,2
Check 1,2,,5.0,False,True,entity,Check 1,ENT,,,,12,True,2
USGS 11271320 Dry Creek near Snelling,2,,5.0,False,True,entity,USGS 11271320 Dry Creek near Snelling,ENT,,,,12,True,2
Local Inflow to Deer Creek,2,,5.0,False,True,entity,Local Inflow to Deer Creek,ENT,,,,12,True,2
SJR289,2,,5.0,False,True,node,SJR289,ENT,,,,12,True,2
"USGS 11413250 Slate Creek Tunnel, near Strawberry Valley",2,,5.0,False,True,entity,"USGS 11413250 Slate Creek Tunnel, near Strawberry Valley",ENT,,,,12,True,2
RNCHO,2,,5.0,False,True,entity,RNCHO,ENT,,,,12,True,2
C_CAA173,2,,5.0,False,True,arc,C_CAA173,CH,,,,12,True,2
S_NTOMA,2,,5.0,False,True,entity,S_NTOMA,ENT,,,,12,True,2
C_DPH008,2,,5.0,False,True,arc,C_DPH008,CH,,,,12,True,2
63_NA1 Non-District East,2,,5.0,False,True,entity,63_NA1 Non-District East,ENT,,,,12,True,2
C_BP2004,2,,5.0,False,True,arc,C_BP2004,CH,,,,12,True,2
SG159_SJR042_24,2,,5.0,False,True,entity,SG159_SJR042_24,ENT,,,,12,True,2
D_CSB004_GVWD,2,,5.0,False,True,arc,D_CSB004_GVWD,D,WD,,,12,True,2
USGS 11377500 Paynes Creek near Red Bluff Discontinued,2,,5.0,False,True,entity,USGS 11377500 Paynes Creek near Red Bluff Discontinued,ENT,,,,12,True,2
USGS 11238380 Big Creek Powerhouse No. 2 near Big Creek CA,2,,5.0,False,True,entity,USGS 11238380 Big Creek Powerhouse No. 2 near Big Creek CA,ENT,,,,12,True,2
USGS 11235000 San Joaquin River above Big Creek,2,,5.0,False,True,entity,USGS 11235000 San Joaquin River above Big Creek,ENT,,,,12,True,2
I_BVC007,2,,5.0,False,True,entity,I_BVC007,ENT,,,,12,True,2
SFA076,2,,5.0,False,True,entity,SFA076,ENT,,,,12,True,2
Lake Wildwood,2,,5.0,False,True,entity,Lake Wildwood,ENT,,,,12,True,2
SG239_ELD017_42,2,,5.0,False,True,entity,SG239_ELD017_42,ENT,,,,12,True,2
SG108_BCK024_15,2,,5.0,False,True,entity,SG108_BCK024_15,ENT,,,,12,True,2
WTP BJM,2,,5.0,False,True,entity,WTP BJM,ENT,WTP,,,12,True,2
SG387_SAC030_67,2,,5.0,False,True,entity,SG387_SAC030_67,ENT,,,,12,True,2
SG289_BTC015_52,2,,5.0,False,True,entity,SG289_BTC015_52,ENT,,,,12,True,2
Upper Boarman Canal Sealed shut 02/86,2,,5.0,False,True,entity,Upper Boarman Canal Sealed shut 02/86,ENT,,,,12,True,2
Silver Lake leakage,2,,5.0,False,True,entity,Silver Lake leakage,ENT,,,,12,True,2
E_SLYCK,2,,5.0,False,True,entity,E_SLYCK,ENT,,,,12,True,2
SG66_SJR185_8,2,,5.0,False,True,entity,SG66_SJR185_8,ENT,,,,12,True,2
Lower Farmington Canal,2,,5.0,False,True,entity,Lower Farmington Canal,ENT,,,,12,True,2
USGS 11414100 Fordyce Creek below Fordyce Dam,2,,5.0,False,True,entity,USGS 11414100 Fordyce Creek below Fordyce Dam,ENT,,,,12,True,2
ELDID_NU2,2,,5.0,False,True,entity,ELDID_NU2,ENT,,,,12,True,2
Local Inflow to Silver Creek,2,,5.0,False,True,entity,Local Inflow to Silver Creek,ENT,,,,12,True,2
USGS 11298000 SF Stanislaus River Near Long Barn,2,,5.0,False,True,entity,USGS 11298000 SF Stanislaus River Near Long Barn,ENT,,,,12,True,2
TD_FCS007_160,2,,5.0,False,True,entity,TD_FCS007_160,ENT,,,,12,True,2
TGR002,2,,5.0,False,True,entity,TGR002,ENT,,,,12,True,2
DWR A04158 Butte Creek below Western Canal near Nelson,2,,5.0,False,True,entity,DWR A04158 Butte Creek below Western Canal near Nelson,ENT,,,,12,True,2
Orestimba Creek,2,,5.0,False,True,entity,Orestimba Creek,ENT,,,,12,True,2
C_BGC004,2,,5.0,False,True,arc,C_BGC004,CH,,,,12,True,2
D_BEC021_BECLOS,2,,5.0,False,True,arc,D_BEC021_BECLOS,D,,,,12,True,2
D_ESC005_63_PR1,2,,5.0,False,True,arc,D_ESC005_63_PR1,D,,,,12,True,2
Alameda County FCWCD Zone 7,2,,5.0,False,True,entity,Alameda County FCWCD Zone 7,ENT,,,,12,True,2
"17N_NA Non-Project, Non-District",2,,5.0,False,True,entity,"17N_NA Non-Project, Non-District",ENT,,,,12,True,2
D_KRCKH_KPA008,2,,5.0,False,True,arc,D_KRCKH_KPA008,D,,,,12,True,2
Local inflow to Rubicon River near Foresthill,2,,5.0,False,True,entity,Local inflow to Rubicon River near Foresthill,ENT,,,,12,True,2
C_CSL004B,2,,5.0,False,True,arc,C_CSL004B,CH,,,,12,True,2
C_SJR307,2,,5.0,False,True,arc,C_SJR307,CH,,,,12,True,2
USGS 11238500 Big Creek near mouth near Big Creek,2,,5.0,False,True,entity,USGS 11238500 Big Creek near mouth near Big Creek,ENT,,,,12,True,2
LCBRF,2,,5.0,False,True,entity,LCBRF,ENT,,,,12,True,2
SG353_FTR025_61,2,,5.0,False,True,entity,SG353_FTR025_61,ENT,,,,12,True,2
C_BSL001A,2,,5.0,False,True,arc,C_BSL001A,CH,,,,12,True,2
SG135_TUO053_21,2,,5.0,False,True,entity,SG135_TUO053_21,ENT,,,,12,True,2
SG344_FTR053_59,2,,5.0,False,True,entity,SG344_FTR053_59,ENT,,,,12,True,2
USGS 11453000 Yolo Bypass near Woodland,2,,5.0,False,True,entity,USGS 11453000 Yolo Bypass near Woodland,ENT,,,,12,True,2
C_SFA085,2,,5.0,False,True,arc,C_SFA085,CH,,,,12,True,2
SG332_SAC083_57,2,,5.0,False,True,entity,SG332_SAC083_57,ENT,,,,12,True,2
SG403_PTH011_69,2,,5.0,False,True,entity,SG403_PTH011_69,ENT,,,,12,True,2
60N_PU SMUD Rancho Seco Power Plant,2,,5.0,False,True,entity,60N_PU SMUD Rancho Seco Power Plant,ENT,,,,12,True,2
SG222_SAC269_37,2,,5.0,False,True,entity,SG222_SAC269_37,ENT,,,,12,True,2
I108,2,,5.0,False,True,entity,I108,ENT,,,,12,True,2
KRCKH,2,,5.0,False,True,entity,KRCKH,ENT,,,,12,True,2
SG393_CCH012_68,2,,5.0,False,True,entity,SG393_CCH012_68,ENT,,,,12,True,2
D_PLC007_GDD010,2,,5.0,False,True,arc,D_PLC007_GDD010,D,,,,12,True,2
SG203_SJR006_31,2,,5.0,False,True,entity,SG203_SJR006_31,ENT,,,,12,True,2
USGS 11237000 Big Creek below Huntington Lake,2,,5.0,False,True,entity,USGS 11237000 Big Creek below Huntington Lake,ENT,,,,12,True,2
S_TULOC,2,,5.0,False,True,entity,S_TULOC,ENT,,,,12,True,2
South Fork Feather River,2,,5.0,False,True,entity,South Fork Feather River,ENT,,,,12,True,2
USGS 11399500 North Fork Feather River near Pratville,2,,5.0,False,True,entity,USGS 11399500 North Fork Feather River near Pratville,ENT,,,,12,True,2
D_WTPRSA_ELDID_NU1,2,,5.0,False,True,arc,D_WTPRSA_ELDID_NU1,D,WTP,,,12,True,2
D520A1,2,,5.0,False,True,entity,D520A1,ENT,,,,12,True,2
D_CAA006_CAALOS,2,,5.0,False,True,arc,D_CAA006_CAALOS,D,,,,12,True,2
SJR287,2,,5.0,False,True,node,SJR287,ENT,,,,12,True,2
17S_PR Sutter NWR,2,,5.0,False,True,entity,17S_PR Sutter NWR,ENT,,,,12,True,2
USGS 11444500 South Fork American River near Placerville,2,,5.0,False,True,entity,USGS 11444500 South Fork American River near Placerville,ENT,,,,12,True,2
Check 11,2,,5.0,False,True,entity,Check 11,ENT,,,,12,True,2
D_BSC010_SFY043,2,,5.0,False,True,arc,D_BSC010_SFY043,D,,,,12,True,2
C_PTH070,2,,5.0,False,True,arc,C_PTH070,CH,,,,12,True,2
USGS 11270900 Merced River below Merced Falls Dam near Snelling,2,,5.0,False,True,entity,USGS 11270900 Merced River below Merced Falls Dam near Snelling,ENT,,,,12,True,2
DWR A02570 (ORD) Sacramento River at Ord Ferry,2,,5.0,False,True,entity,DWR A02570 (ORD) Sacramento River at Ord Ferry,ENT,,,,12,True,2
S52,2,,5.0,False,True,entity,S52,ENT,,,,12,True,2
SG217_SAC269_34,2,,5.0,False,True,entity,SG217_SAC269_34,ENT,,,,12,True,2
PRRIS,2,,5.0,False,True,entity,PRRIS,ENT,,,,12,True,2
C_MFS022,2,,5.0,False,True,arc,C_MFS022,CH,,,,12,True,2
D129A,2,,5.0,False,True,entity,D129A,ENT,,,,12,True,2
SG265_STN014_49,2,,5.0,False,True,entity,SG265_STN014_49,ENT,,,,12,True,2
D230,2,,5.0,False,True,entity,D230,ENT,,,,12,True,2
60S_NA1 Non-District East,2,,5.0,False,True,entity,60S_NA1 Non-District East,ENT,,,,12,True,2
SG368_SAC082_65,2,,5.0,False,True,entity,SG368_SAC082_65,ENT,,,,12,True,2
Devil Canyon Power Plant,2,,5.0,False,True,entity,Devil Canyon Power Plant,ENT,,,,12,True,2
C_BTN007,2,,5.0,False,True,arc,C_BTN007,CH,,,,12,True,2
Tisdale Pumping Plant,2,,5.0,False,True,entity,Tisdale Pumping Plant,ENT,,,,12,True,2
RD 2035 Pumping Station,2,,5.0,False,True,entity,RD 2035 Pumping Station,ENT,,,,12,True,2
YB-259+YB-132,2,,5.0,False,True,entity,YB-259+YB-132,ENT,,,,12,True,2
CT_SALTSLOUGH,2,,5.0,False,True,entity,CT_SALTSLOUGH,ENT,,,,12,True,2
SG102_SJR145_14,2,,5.0,False,True,entity,SG102_SJR145_14,ENT,,,,12,True,2
USGS 11446000 Weber Creek near Salmon Falls,2,,5.0,False,True,entity,USGS 11446000 Weber Creek near Salmon Falls,ENT,,,,12,True,2
Jackson Creek,2,,5.0,False,True,entity,Jackson Creek,ENT,,,,12,True,2
STS085,2,,5.0,False,True,entity,STS085,ENT,,,,12,True,2
Check 10,2,,5.0,False,True,entity,Check 10,ENT,,,,12,True,2
WTP JMS,2,,5.0,False,True,entity,WTP JMS,ENT,WTP,,,12,True,2
Drum Afterbay,2,,5.0,False,True,entity,Drum Afterbay,ENT,,,,12,True,2
Bangor Canal,2,,5.0,False,True,entity,Bangor Canal,ENT,,,,12,True,2
ESC005,2,,5.0,False,True,entity,ESC005,ENT,,,,12,True,2
I_CVY009,2,,5.0,False,True,entity,I_CVY009,ENT,,,,12,True,2
E_LGRSV,2,,5.0,False,True,entity,E_LGRSV,ENT,,,,12,True,2
D_ESB355_LROCK,2,,5.0,False,True,arc,D_ESB355_LROCK,D,,,,12,True,2
C_SSJ023,2,,5.0,False,True,arc,C_SSJ023,CH,,,,12,True,2
SG281_SAC154_51,2,,5.0,False,True,entity,SG281_SAC154_51,ENT,,,,12,True,2
D803,2,,5.0,False,True,entity,D803,ENT,,,,12,True,2
C_ESB407,2,,5.0,False,True,arc,C_ESB407,CH,,,,12,True,2
D_CSTIC_VNTRA,2,,5.0,False,True,arc,D_CSTIC_VNTRA,D,,,,12,True,2
TD_MCD021_121,2,,5.0,False,True,entity,TD_MCD021_121,ENT,,,,12,True,2
I9,2,,5.0,False,True,entity,I9,ENT,,,,12,True,2
D_MIL003_UTC001,2,,5.0,False,True,arc,D_MIL003_UTC001,D,,,,12,True,2
16_NA2 Non-district,2,,5.0,False,True,entity,16_NA2 Non-district,ENT,,,,12,True,2
USGS 11271290 Merced River at Shaffer Bridge,2,,5.0,False,True,entity,USGS 11271290 Merced River at Shaffer Bridge,ENT,,,,12,True,2
C_HPC000,2,,5.0,False,True,arc,C_HPC000,CH,,,,12,True,2
SG127_SJR106_18,2,,5.0,False,True,entity,SG127_SJR106_18,ENT,,,,12,True,2
S_HNSLY,2,,5.0,False,True,entity,S_HNSLY,ENT,,,,12,True,2
USGS 11234760 San Joaquin River above Shakeflat Creek near Big Creek,2,,5.0,False,True,entity,USGS 11234760 San Joaquin River above Shakeflat Creek near Big Creek,ENT,,,,12,True,2
Local Inflow North Fork American River,2,,5.0,False,True,entity,Local Inflow North Fork American River,ENT,,,,12,True,2
C_PTM000,2,,5.0,False,True,arc,C_PTM000,CH,,,,12,True,2
I_NMA003,2,,5.0,False,True,entity,I_NMA003,ENT,,,,12,True,2
C_SBA029,2,,5.0,False,True,arc,C_SBA029,CH,,,,12,True,2
TD_FCS007_169,2,,5.0,False,True,entity,TD_FCS007_169,ENT,,,,12,True,2
S_SLUIS_CVP,2,,5.0,False,True,entity,S_SLUIS_CVP,ENT,,,,12,True,2
S_CAPLS,2,,5.0,False,True,entity,S_CAPLS,ENT,,,,12,True,2
Losses R-8C --> 13B,2,,5.0,False,True,entity,Losses R-8C --> 13B,ENT,,,,12,True,2
CAA304,2,,5.0,False,True,entity,CAA304,ENT,,,,12,True,2
R564B,2,,5.0,False,True,entity,R564B,ENT,,,,12,True,2
Local Inflow to South Fork Yuba River,2,,5.0,False,True,entity,Local Inflow to South Fork Yuba River,ENT,,,,12,True,2
GP_63_NU,2,,5.0,False,True,entity,GP_63_NU,ENT,,,,12,True,2
SG208_SAC287_32,2,,5.0,False,True,entity,SG208_SAC287_32,ENT,,,,12,True,2
USGS 11435100 Pyramid CReek at Twin Bridges,2,,5.0,False,True,entity,USGS 11435100 Pyramid CReek at Twin Bridges,ENT,,,,12,True,2
USGS 11292500 Clark Fork Stanislaus near Dardanelle,2,,5.0,False,True,entity,USGS 11292500 Clark Fork Stanislaus near Dardanelle,ENT,,,,12,True,2
61_NA5 San Joaquin River Riparian,2,,5.0,False,True,entity,61_NA5 San Joaquin River Riparian,ENT,,,,12,True,2
D_NFS008_CVT000,2,,5.0,False,True,arc,D_NFS008_CVT000,D,,,,12,True,2
SG172_SJR022_26,2,,5.0,False,True,entity,SG172_SJR022_26,ENT,,,,12,True,2
D_LST004_WPT005,2,,5.0,False,True,arc,D_LST004_WPT005,D,,,,12,True,2
TD_SJR075_154,2,,5.0,False,True,entity,TD_SJR075_154,ENT,,,,12,True,2
C504,2,,5.0,False,True,entity,C504,ENT,,,,12,True,2
C_SDT000,2,,5.0,False,True,arc,C_SDT000,CH,,,,12,True,2
FHT015,2,,5.0,False,True,entity,FHT015,ENT,,,,12,True,2
USGS 11370500 Sacramento River at Keswick,2,,5.0,False,True,entity,USGS 11370500 Sacramento River at Keswick,ENT,,,,12,True,2
TD_SAL006_113,2,,5.0,False,True,entity,TD_SAL006_113,ENT,,,,12,True,2
USGS 114455000 Silver Fork American River near Lotus,2,,5.0,False,True,entity,USGS 114455000 Silver Fork American River near Lotus,ENT,,,,12,True,2
S_BASSL,2,,5.0,False,True,entity,S_BASSL,ENT,,,,12,True,2
Ash Slough,2,,5.0,False,True,entity,Ash Slough,ENT,,,,12,True,2
GP_62_NA4,2,,5.0,False,True,entity,GP_62_NA4,ENT,,,,12,True,2
Black Butte Local Inflow,2,,5.0,False,True,entity,Black Butte Local Inflow,ENT,,,,12,True,2
D_MTMDW_NFF080,2,,5.0,False,True,arc,D_MTMDW_NFF080,D,,,,12,True,2
Log Cabin Diversion Dam,2,,5.0,False,True,entity,Log Cabin Diversion Dam,ENT,,,,12,True,2
Ponderosa Reservoir,2,,5.0,False,True,entity,Ponderosa Reservoir,ENT,,,,12,True,2
Stanislaus River local inflows below Tulloch Reservoir,2,,5.0,False,True,entity,Stanislaus River local inflows below Tulloch Reservoir,ENT,,,,12,True,2
Lake Yosemite,2,,5.0,False,True,entity,Lake Yosemite,ENT,,,,12,True,2
11_PR Upper Butte Basin Wildlife Area Howard Slough Unit and Little Dry Creek,2,,5.0,False,True,entity,11_PR Upper Butte Basin Wildlife Area Howard Slough Unit and Little Dry Creek,ENT,,,,12,True,2
USGS 11246610 San Joaquin Powerhouse No. 1 near Auberry (Wishon PH),2,,5.0,False,True,entity,USGS 11246610 San Joaquin Powerhouse No. 1 near Auberry (Wishon PH),ENT,,,,12,True,2
C_ANG014,2,,5.0,False,True,arc,C_ANG014,CH,,,,12,True,2
D607B-8B_SCHII,2,,5.0,False,True,entity,D607B-8B_SCHII,ENT,,,,12,True,2
TAHOE,2,,5.0,False,True,entity,TAHOE,ENT,,,,12,True,2
D620A,2,,5.0,False,True,entity,D620A,ENT,,,,12,True,2
D_WTPRS1_ELDID_NU2,2,,5.0,False,True,arc,D_WTPRS1_ELDID_NU2,D,WTP,,,12,True,2
Santa Clarita Valley Water,2,,5.0,False,True,entity,Santa Clarita Valley Water,ENT,,,,12,True,2
USGS 11441002 Union Valley Powerplant near Kyburz,2,,5.0,False,True,entity,USGS 11441002 Union Valley Powerplant near Kyburz,ENT,,,,12,True,2
SG341_FTR068_59,2,,5.0,False,True,entity,SG341_FTR068_59,ENT,,,,12,True,2
I_BSH003,2,,5.0,False,True,entity,I_BSH003,ENT,,,,12,True,2
"Lindsey, Culbertson, Blue, Rucker, and Feeley Lakes",2,,5.0,False,True,entity,"Lindsey, Culbertson, Blue, Rucker, and Feeley Lakes",ENT,,,,12,True,2
PUTAH,2,,5.0,False,True,entity,PUTAH,ENT,,,,12,True,2
Wadsworth Canal,2,,5.0,False,True,entity,Wadsworth Canal,ENT,,,,12,True,2
TD_MOK035_179,2,,5.0,False,True,entity,TD_MOK035_179,ENT,,,,12,True,2
Lake Aloha Inflow,2,,5.0,False,True,entity,Lake Aloha Inflow,ENT,,,,12,True,2
R_NIDDC_NA1_WLF017,2,,5.0,False,True,arc,R_NIDDC_NA1_WLF017,R,,,,12,True,2
Bear Creek (BRC),2,,5.0,False,True,entity,Bear Creek (BRC),ENT,,,,12,True,2
S_BLUMD,2,,5.0,False,True,entity,S_BLUMD,ENT,,,,12,True,2
C_ELN003,2,,5.0,False,True,arc,C_ELN003,CH,,,,12,True,2
USGS 11429500 Gerle Creek below Loon Lake near Meeks Bay,2,,5.0,False,True,entity,USGS 11429500 Gerle Creek below Loon Lake near Meeks Bay,ENT,,,,12,True,2
C7,2,,5.0,False,True,entity,C7,ENT,,,,12,True,2
C_COL001,2,,5.0,False,True,arc,C_COL001,CH,,,,12,True,2
Hospital and Ingram Creeks,2,,5.0,False,True,entity,Hospital and Ingram Creeks,ENT,,,,12,True,2
Sunset Pumps,2,,5.0,False,True,entity,Sunset Pumps,ENT,,,,12,True,2
Check 15,2,,5.0,False,True,entity,Check 15,ENT,,,,12,True,2
S_PYRMD,2,,5.0,False,True,entity,S_PYRMD,ENT,,,,12,True,2
D_DMC070_DMCLOS,2,,5.0,False,True,arc,D_DMC070_DMCLOS,D,,,,12,True,2
Check 32-24,2,,5.0,False,True,entity,Check 32-24,ENT,,,,12,True,2
20_NA1 Yolo County FCWCD,2,,5.0,False,True,entity,20_NA1 Yolo County FCWCD,ENT,,,,12,True,2
CSL004,2,,5.0,False,True,entity,CSL004,ENT,,,,12,True,2
Tuloc,2,,5.0,False,True,entity,Tuloc,ENT,,,,12,True,2
D_CBC001_CBCLOS,2,,5.0,False,True,arc,D_CBC001_CBCLOS,D,,,,12,True,2
D_CAA002_50_PA2,2,,5.0,False,True,arc,D_CAA002_50_PA2,D,,,,12,True,2
08S_NA2 Non-District,2,,5.0,False,True,entity,08S_NA2 Non-District,ENT,,,,12,True,2
C_MTB001,2,,5.0,False,True,arc,C_MTB001,CH,,,,12,True,2
SG321_CBD037_55,2,,5.0,False,True,entity,SG321_CBD037_55,ENT,,,,12,True,2
Check 5,2,,5.0,False,True,entity,Check 5,ENT,,,,12,True,2
USGS 11295210 Beaver Creek Diversion,2,,5.0,False,True,entity,USGS 11295210 Beaver Creek Diversion,ENT,,,,12,True,2
SG134_SJR081_20,2,,5.0,False,True,entity,SG134_SJR081_20,ENT,,,,12,True,2
E_BTVLY,2,,5.0,False,True,entity,E_BTVLY,ENT,,,,12,True,2
SBA029,2,,5.0,False,True,entity,SBA029,ENT,,,,12,True,2
"08S_SA3 RD 108, River Garden Farms, Misc. Settlement Contractors",2,,5.0,False,True,entity,"08S_SA3 RD 108, River Garden Farms, Misc. Settlement Contractors",ENT,,,,12,True,2
SG247_SAC224_44,2,,5.0,False,True,entity,SG247_SAC224_44,ENT,,,,12,True,2
LYONS,2,,5.0,False,True,entity,LYONS,ENT,,,,12,True,2
GP_64_PA2,2,,5.0,False,True,entity,GP_64_PA2,ENT,,,,12,True,2
SG109_BCK017_15,2,,5.0,False,True,entity,SG109_BCK017_15,ENT,,,,12,True,2
D413,2,,5.0,False,True,entity,D413,ENT,,,,12,True,2
USGS 11230070 South Fork San Joaquin River above Hooper Creek near Florence Lake,2,,5.0,False,True,entity,USGS 11230070 South Fork San Joaquin River above Hooper Creek near Florence Lake,ENT,,,,12,True,2
Local Inflow to Mokelumne River,2,,5.0,False,True,entity,Local Inflow to Mokelumne River,ENT,,,,12,True,2
D_STH003_24_NA3,2,,5.0,False,True,arc,D_STH003_24_NA3,D,,,,12,True,2
C582,2,,5.0,False,True,entity,C582,ENT,,,,12,True,2
SJR307,2,,5.0,False,True,node,SJR307,ENT,,,,12,True,2
D588,2,,5.0,False,True,entity,D588,ENT,,,,12,True,2
I561,2,,5.0,False,True,entity,I561,ENT,,,,12,True,2
I200,2,,5.0,False,True,entity,I200,ENT,,,,12,True,2
C_SFS026,2,,5.0,False,True,arc,C_SFS026,CH,,,,12,True,2
"San Joaquin Pipelines 1, 2, and 3",2,,5.0,False,True,entity,"San Joaquin Pipelines 1, 2, and 3",ENT,,,,12,True,2
72_PR5 Grassland WD North,2,,5.0,False,True,entity,72_PR5 Grassland WD North,ENT,WD,,,12,True,2
South Fork American River nr Forni Creek local inflow,2,,5.0,False,True,entity,South Fork American River nr Forni Creek local inflow,ENT,,,,12,True,2
WTP CSD,2,,5.0,False,True,entity,WTP CSD,ENT,WTP,,,12,True,2
C_SLF009,2,,5.0,False,True,arc,C_SLF009,CH,,,,12,True,2
SCW004,2,,5.0,False,True,entity,SCW004,ENT,,,,12,True,2
South Fork Diversion Dam,2,,5.0,False,True,entity,South Fork Diversion Dam,ENT,,,,12,True,2
SG391_CCH023_68,2,,5.0,False,True,entity,SG391_CCH023_68,ENT,,,,12,True,2
I207,2,,5.0,False,True,entity,I207,ENT,,,,12,True,2
I_NNA013,2,,5.0,False,True,entity,I_NNA013,ENT,,,,12,True,2
USGS 11230670 Bolsillo Creek below Diversion Dam near Big Creek,2,,5.0,False,True,entity,USGS 11230670 Bolsillo Creek below Diversion Dam near Big Creek,ENT,,,,12,True,2
USGS 111395030 South Fork Feather River below Little Grass Valley Dam,2,,5.0,False,True,entity,USGS 111395030 South Fork Feather River below Little Grass Valley Dam,ENT,,,,12,True,2
S_FOLSM,2,,5.0,False,True,entity,S_FOLSM,ENT,,,,12,True,2
USGS 11404400 North Fork Feather River below Poe Dam,2,,5.0,False,True,entity,USGS 11404400 North Fork Feather River below Poe Dam,ENT,,,,12,True,2
SFA079,2,,5.0,False,True,entity,SFA079,ENT,,,,12,True,2
WLW005,2,,5.0,False,True,entity,WLW005,ENT,,,,12,True,2
C_SFA017,2,,5.0,False,True,arc,C_SFA017,CH,,,,12,True,2
I_NSC001,2,,5.0,False,True,entity,I_NSC001,ENT,,,,12,True,2
I_BEARD,2,,5.0,False,True,entity,I_BEARD,ENT,,,,12,True,2
R_NIDDC_NA1_DER011,2,,5.0,False,True,arc,R_NIDDC_NA1_DER011,R,,,,12,True,2
Calaveras River,2,,5.0,False,True,entity,Calaveras River,ENT,,,,12,True,2
"72_NU Gustine, Firebaugh Los Banos, Newman small communities",2,,5.0,False,True,entity,"72_NU Gustine, Firebaugh Los Banos, Newman small communities",ENT,,,,12,True,2
R_63_NA4_EBP041,2,,5.0,False,True,arc,R_63_NA4_EBP041,R,,,,12,True,2
TUO102,2,,5.0,False,True,entity,TUO102,ENT,,,,12,True,2
"Check 26, 27",2,,5.0,False,True,entity,"Check 26, 27",ENT,,,,12,True,2
USGS 11452500 Cache Creek at Yolo,2,,5.0,False,True,entity,USGS 11452500 Cache Creek at Yolo,ENT,,,,12,True,2
MBS002,2,,5.0,False,True,entity,MBS002,ENT,,,,12,True,2
D_NFM006_ELT000,2,,5.0,False,True,arc,D_NFM006_ELT000,D,,,,12,True,2
DMC000,2,,5.0,False,True,entity,DMC000,ENT,,,,12,True,2
CT_MODESTO,2,,5.0,False,True,entity,CT_MODESTO,ENT,,,,12,True,2
C_PYRMD,2,,5.0,False,True,arc,C_PYRMD,CH,,,,12,True,2
Castaic Power Plant,2,,5.0,False,True,entity,Castaic Power Plant,ENT,,,,12,True,2
TD_SJR075_145,2,,5.0,False,True,entity,TD_SJR075_145,ENT,,,,12,True,2
26S_NU4 Aerojet/Boeing GW Remediation Program,2,,5.0,False,True,entity,26S_NU4 Aerojet/Boeing GW Remediation Program,ENT,,,,12,True,2
Tiger Creek Powerhouse,2,,5.0,False,True,entity,Tiger Creek Powerhouse,ENT,,,,12,True,2
Dry Creek,2,,5.0,False,True,entity,Dry Creek,ENT,,,,12,True,2
Lower Bucks Lake,2,,5.0,False,True,entity,Lower Bucks Lake,ENT,,,,12,True,2
BGC004,2,,5.0,False,True,entity,BGC004,ENT,,,,12,True,2
E_MCLRE,2,,5.0,False,True,entity,E_MCLRE,ENT,,,,12,True,2
C_KPA008,2,,5.0,False,True,arc,C_KPA008,CH,,,,12,True,2
USGS 11396090 Woodleaf Powerhouse near Woodleaf,2,,5.0,False,True,entity,USGS 11396090 Woodleaf Powerhouse near Woodleaf,ENT,,,,12,True,2
C_SFY043,2,,5.0,False,True,arc,C_SFY043,CH,,,,12,True,2
SJR296,2,,5.0,False,True,node,SJR296,ENT,,,,12,True,2
BP1003,2,,5.0,False,True,entity,BP1003,ENT,,,,12,True,2
Inflow to South Fork of Deer Creek Upstream from Diversion Dam,2,,5.0,False,True,entity,Inflow to South Fork of Deer Creek Upstream from Diversion Dam,ENT,,,,12,True,2
C_ESC004,2,,5.0,False,True,arc,C_ESC004,CH,,,,12,True,2
C10,2,,5.0,False,True,entity,C10,ENT,,,,12,True,2
WTP WMN,2,,5.0,False,True,entity,WTP WMN,ENT,WTP,,,12,True,2
I41,2,,5.0,False,True,entity,I41,ENT,,,,12,True,2
USGS 11276500 Tuolumne River near Hetch Hetchy,2,,5.0,False,True,entity,USGS 11276500 Tuolumne River near Hetch Hetchy,ENT,,,,12,True,2
USGS 11414196 Combined Flow Drum No 1 and 2 PP near Blue Canyon,2,,5.0,False,True,entity,USGS 11414196 Combined Flow Drum No 1 and 2 PP near Blue Canyon,ENT,,,,12,True,2
C_KRCKH,2,,5.0,False,True,arc,C_KRCKH,CH,,,,12,True,2
Local Inflow to New Melones Reservoir,2,,5.0,False,True,entity,Local Inflow to New Melones Reservoir,ENT,,,,12,True,2
D_CAA024_CAALOS,2,,5.0,False,True,arc,D_CAA024_CAALOS,D,,,,12,True,2
MSF014,2,,5.0,False,True,entity,MSF014,ENT,,,,12,True,2
USGS 11379500 Elder Creek near Pakenta,2,,5.0,False,True,entity,USGS 11379500 Elder Creek near Pakenta,ENT,,,,12,True,2
BGCD6,2,,5.0,False,True,entity,BGCD6,ENT,,,,12,True,2
NFF038,2,,5.0,False,True,entity,NFF038,ENT,,,,12,True,2
C_MFS016,2,,5.0,False,True,arc,C_MFS016,CH,,,,12,True,2
USGS 11242400 North Fork Willow Creek near Sugar Pine,2,,5.0,False,True,entity,USGS 11242400 North Fork Willow Creek near Sugar Pine,ENT,,,,12,True,2
D_TCC022_TCCLOS,2,,5.0,False,True,arc,D_TCC022_TCCLOS,D,,,,12,True,2
C_NMA003,2,,5.0,False,True,arc,C_NMA003,CH,,,,12,True,2
SG234_ANT010_40,2,,5.0,False,True,entity,SG234_ANT010_40,ENT,,,,12,True,2
SG236_SAC228_41,2,,5.0,False,True,entity,SG236_SAC228_41,ENT,,,,12,True,2
D112,2,,5.0,False,True,entity,D112,ENT,,,,12,True,2
TD_MCD050_116,2,,5.0,False,True,entity,TD_MCD050_116,ENT,,,,12,True,2
S_MAMTH,2,,5.0,False,True,entity,S_MAMTH,ENT,,,,12,True,2
I_MAMTH,2,,5.0,False,True,entity,I_MAMTH,ENT,,,,12,True,2
C566,2,,5.0,False,True,entity,C566,ENT,,,,12,True,2
TD_SJR117_124,2,,5.0,False,True,entity,TD_SJR117_124,ENT,,,,12,True,2
USGS 11421770 Bear River below Drum Afterbay near Blue Canyon,2,,5.0,False,True,entity,USGS 11421770 Bear River below Drum Afterbay near Blue Canyon,ENT,,,,12,True,2
SG259_SAC218_48,2,,5.0,False,True,entity,SG259_SAC218_48,ENT,,,,12,True,2
BRT003,2,,5.0,False,True,entity,BRT003,ENT,,,,12,True,2
USGS 11317000 MF Mokelumne River nr West Point,2,,5.0,False,True,entity,USGS 11317000 MF Mokelumne River nr West Point,ENT,,,,12,True,2
USGS 11303500 San Joaquin River near Vernalis,2,,5.0,False,True,entity,USGS 11303500 San Joaquin River near Vernalis,ENT,,,,12,True,2
USGS 11389800 Toadtown Canal above Butte Canal near Sterling,2,,5.0,False,True,entity,USGS 11389800 Toadtown Canal above Butte Canal near Sterling,ENT,,,,12,True,2
DPH008,2,,5.0,False,True,entity,DPH008,ENT,,,,12,True,2
D_MBS002_MBM004,2,,5.0,False,True,arc,D_MBS002_MBM004,D,,,,12,True,2
S_LOSVQ,2,,5.0,False,True,entity,S_LOSVQ,ENT,,,,12,True,2
SG291_BTC003_52,2,,5.0,False,True,entity,SG291_BTC003_52,ENT,,,,12,True,2
D566,2,,5.0,False,True,entity,D566,ENT,,,,12,True,2
SG165_CLV010_25,2,,5.0,False,True,entity,SG165_CLV010_25,ENT,,,,12,True,2
D889,2,,5.0,False,True,entity,D889,ENT,,,,12,True,2
C217A,2,,5.0,False,True,entity,C217A,ENT,,,,12,True,2
I_MOC003,2,,5.0,False,True,entity,I_MOC003,ENT,,,,12,True,2
SG413_SAC017_71,2,,5.0,False,True,entity,SG413_SAC017_71,ENT,,,,12,True,2
SG82_CHW024_11,2,,5.0,False,True,entity,SG82_CHW024_11,ENT,,,,12,True,2
Chowchilla Bifurcation,2,,5.0,False,True,entity,Chowchilla Bifurcation,ENT,,,,12,True,2
C501,2,,5.0,False,True,entity,C501,ENT,,,,12,True,2
Burns Creek,2,,5.0,False,True,entity,Burns Creek,ENT,,,,12,True,2
Oroville-Wyandotte Canal,2,,5.0,False,True,entity,Oroville-Wyandotte Canal,ENT,,,,12,True,2
Chowchilla River,2,,5.0,False,True,entity,Chowchilla River,ENT,,,,12,True,2
Local Inflow: Paige Boulder and Andrews Creek,2,,5.0,False,True,entity,Local Inflow: Paige Boulder and Andrews Creek,ENT,,,,12,True,2
E_EDSON,2,,5.0,False,True,entity,E_EDSON,ENT,,,,12,True,2
Sphere-of-influence Sales,2,,5.0,False,True,entity,Sphere-of-influence Sales,ENT,,,,12,True,2
S_JNKSN,2,,5.0,False,True,entity,S_JNKSN,ENT,,,,12,True,2
C605A,2,,5.0,False,True,entity,C605A,ENT,,,,12,True,2
Goodwin Diversion Dam,2,,5.0,False,True,entity,Goodwin Diversion Dam,ENT,,,,12,True,2
NFC020,2,,5.0,False,True,entity,NFC020,ENT,,,,12,True,2
C_EDSON,2,,5.0,False,True,arc,C_EDSON,CH,,,,12,True,2
R585,2,,5.0,False,True,entity,R585,ENT,,,,12,True,2
D_ESB324_AVEK,2,,5.0,False,True,arc,D_ESB324_AVEK,D,,,,12,True,2
72_XA1 San Luis Canal Company,2,,5.0,False,True,entity,72_XA1 San Luis Canal Company,ENT,,,,12,True,2
Middle Fork American River,2,,5.0,False,True,entity,Middle Fork American River,ENT,,,,12,True,2
USGS 11418000 Yuba River below Englebright Dam near Smartville,2,,5.0,False,True,entity,USGS 11418000 Yuba River below Englebright Dam near Smartville,ENT,,,,12,True,2
25_NA Non-District,2,,5.0,False,True,entity,25_NA Non-District,ENT,,,,12,True,2
C_PPH007,2,,5.0,False,True,arc,C_PPH007,CH,,,,12,True,2
JWB001,2,,5.0,False,True,entity,JWB001,ENT,,,,12,True,2
09_SA1 Pacific Realty Associates (M&T Chico Ranch),2,,5.0,False,True,entity,09_SA1 Pacific Realty Associates (M&T Chico Ranch),ENT,,,,12,True,2
O'Neil Forebay,2,,5.0,False,True,entity,O'Neil Forebay,ENT,,,,12,True,2
Check 25,2,,5.0,False,True,entity,Check 25,ENT,,,,12,True,2
D_WTPRSA_ELDID_NU3,2,,5.0,False,True,arc,D_WTPRSA_ELDID_NU3,D,WTP,,,12,True,2
NFS009,2,,5.0,False,True,entity,NFS009,ENT,,,,12,True,2
71_PA4 Patterson ID,2,,5.0,False,True,entity,71_PA4 Patterson ID,ENT,,,,12,True,2
"Hutchinson Creek, Dry Creek",2,,5.0,False,True,entity,"Hutchinson Creek, Dry Creek",ENT,,,,12,True,2
Check 14,2,,5.0,False,True,entity,Check 14,ENT,,,,12,True,2
GP_63_NA1,2,,5.0,False,True,entity,GP_63_NA1,ENT,,,,12,True,2
D_BKR004_NBA009,2,,5.0,False,True,arc,D_BKR004_NBA009,D,,,,12,True,2
"USGS 11425500, DWR A0215000 Sacramento River at Verona",2,,5.0,False,True,entity,"USGS 11425500, DWR A0215000 Sacramento River at Verona",ENT,,,,12,True,2
USGS 114296005 Gerle Creek below Gerle Reservoir near Meeks Bay,2,,5.0,False,True,entity,USGS 114296005 Gerle Creek below Gerle Reservoir near Meeks Bay,ENT,,,,12,True,2
D_KRCKH_KPM010,2,,5.0,False,True,arc,D_KRCKH_KPM010,D,,,,12,True,2
SG383_SAC053_67,2,,5.0,False,True,entity,SG383_SAC053_67,ENT,,,,12,True,2
D409B,2,,5.0,False,True,entity,D409B,ENT,,,,12,True,2
D_CSM033_RNCHO,2,,5.0,False,True,arc,D_CSM033_RNCHO,D,,,,12,True,2
Inflow to Jackson Meadows,2,,5.0,False,True,entity,Inflow to Jackson Meadows,ENT,,,,12,True,2
"20_NU2 Winters, Esparto CSD, Madison CSD, small communities",2,,5.0,False,True,entity,"20_NU2 Winters, Esparto CSD, Madison CSD, small communities",ENT,,,,12,True,2
SG59_SJR227_7,2,,5.0,False,True,entity,SG59_SJR227_7,ENT,,,,12,True,2
D595,2,,5.0,False,True,entity,D595,ENT,,,,12,True,2
S_FRMAN,2,,5.0,False,True,entity,S_FRMAN,ENT,,,,12,True,2
E_THRMF,2,,5.0,False,True,entity,E_THRMF,ENT,,,,12,True,2
Pelger Pumping Plant,2,,5.0,False,True,entity,Pelger Pumping Plant,ENT,,,,12,True,2
C230,2,,5.0,False,True,entity,C230,ENT,,,,12,True,2
64_NA2 Non-District West,2,,5.0,False,True,entity,64_NA2 Non-District West,ENT,,,,12,True,2
USGS 11441500 Silver Creek near Ice House,2,,5.0,False,True,entity,USGS 11441500 Silver Creek near Ice House,ENT,,,,12,True,2
C_ESB403,2,,5.0,False,True,arc,C_ESB403,CH,,,,12,True,2
R_71_PA6_NMW004,2,,5.0,False,True,arc,R_71_PA6_NMW004,R,,,,12,True,2
SG220_BTL006_36,2,,5.0,False,True,entity,SG220_BTL006_36,ENT,,,,12,True,2
Mills Creek,2,,5.0,False,True,entity,Mills Creek,ENT,,,,12,True,2
BEARD,2,,5.0,False,True,entity,BEARD,ENT,,,,12,True,2
TUO096,2,,5.0,False,True,entity,TUO096,ENT,,,,12,True,2
MFS037,2,,5.0,False,True,entity,MFS037,ENT,,,,12,True,2
Local Inflow to Pardee Reservoir,2,,5.0,False,True,entity,Local Inflow to Pardee Reservoir,ENT,,,,12,True,2
SG205_SAC296_32,2,,5.0,False,True,entity,SG205_SAC296_32,ENT,,,,12,True,2
SG400_PTH024_69,2,,5.0,False,True,entity,SG400_PTH024_69,ENT,,,,12,True,2
Fresno River,2,,5.0,False,True,entity,Fresno River,ENT,,,,12,True,2
R169,2,,5.0,False,True,entity,R169,ENT,,,,12,True,2
C_RCK001,2,,5.0,False,True,arc,C_RCK001,CH,,,,12,True,2
Spring Creek Conduit,2,,5.0,False,True,entity,Spring Creek Conduit,ENT,,,,12,True,2
I_RLIEF,2,,5.0,False,True,entity,I_RLIEF,ENT,,,,12,True,2
TD_SJR081_143,2,,5.0,False,True,entity,TD_SJR081_143,ENT,,,,12,True,2
D_MFA026_OXB000,2,,5.0,False,True,arc,D_MFA026_OXB000,D,,,,12,True,2
USGS 11314500 Mokelumne River bw Salt Springs Dam,2,,5.0,False,True,entity,USGS 11314500 Mokelumne River bw Salt Springs Dam,ENT,,,,12,True,2
Tisdale Bypass,2,,5.0,False,True,entity,Tisdale Bypass,ENT,,,,12,True,2
C_NFS006,2,,5.0,False,True,arc,C_NFS006,CH,,,,12,True,2
D_CHY006_LCA001,2,,5.0,False,True,arc,D_CHY006_LCA001,D,,,,12,True,2
USGS 11433200 Rubicon River near Foresthill,2,,5.0,False,True,entity,USGS 11433200 Rubicon River near Foresthill,ENT,,,,12,True,2
USGS 11314000 Tiger Creek Powerhouse Conduit bw Salt Springs Dam,2,,5.0,False,True,entity,USGS 11314000 Tiger Creek Powerhouse Conduit bw Salt Springs Dam,ENT,,,,12,True,2
D_CAA069_SLUIS_F,2,,5.0,False,True,arc,D_CAA069_SLUIS_F,D,,,,12,True,2
SG331_SAC085_57,2,,5.0,False,True,entity,SG331_SAC085_57,ENT,,,,12,True,2
S11,2,,5.0,False,True,entity,S11,ENT,,,,12,True,2
SG130_ORT001_19,2,,5.0,False,True,entity,SG130_ORT001_19,ENT,,,,12,True,2
USGS 11525500 Trinity River at Lewiston,2,,5.0,False,True,entity,USGS 11525500 Trinity River at Lewiston,ENT,,,,12,True,2
Crater Creek,2,,5.0,False,True,entity,Crater Creek,ENT,,,,12,True,2
WTP AUB,2,,5.0,False,True,entity,WTP AUB,ENT,WTP,,,12,True,2
Harding Drain/TID Lateral #5,2,,5.0,False,True,entity,Harding Drain/TID Lateral #5,ENT,,,,12,True,2
C_ALPNE,2,,5.0,False,True,arc,C_ALPNE,CH,,,,12,True,2
SG392_CCH017_68,2,,5.0,False,True,entity,SG392_CCH017_68,ENT,,,,12,True,2
SJR309,2,,5.0,False,True,node,SJR309,ENT,,,,12,True,2
R_NIDDC_NA2_DER002,2,,5.0,False,True,arc,R_NIDDC_NA2_DER002,R,,,,12,True,2
WRM003,2,,5.0,False,True,entity,WRM003,ENT,,,,12,True,2
C_BVC007,2,,5.0,False,True,arc,C_BVC007,CH,,,,12,True,2
D896,2,,5.0,False,True,entity,D896,ENT,,,,12,True,2
COL002,2,,5.0,False,True,entity,COL002,ENT,,,,12,True,2
D840,2,,5.0,False,True,entity,D840,ENT,,,,12,True,2
USGS 11272500 (CDEC MST) Merced River near Stevinson,2,,5.0,False,True,entity,USGS 11272500 (CDEC MST) Merced River near Stevinson,ENT,,,,12,True,2
Chinquapin Creek,2,,5.0,False,True,entity,Chinquapin Creek,ENT,,,,12,True,2
"08N_SA1 Princeton-Cordora-Glenn ID, Provident ID, Maxwell ID (part), Misc. Settlement Contractors",2,,5.0,False,True,entity,"08N_SA1 Princeton-Cordora-Glenn ID, Provident ID, Maxwell ID (part), Misc. Settlement Contractors",ENT,,,,12,True,2
C_CSL004A,2,,5.0,False,True,arc,C_CSL004A,CH,,,,12,True,2
C_BGC001,2,,5.0,False,True,arc,C_BGC001,CH,,,,12,True,2
(Proposed gage - MFP) Middle Fork American below Ralston Afterbay,2,,5.0,False,True,entity,(Proposed gage - MFP) Middle Fork American below Ralston Afterbay,ENT,,,,12,True,2
Sand Slough,2,,5.0,False,True,entity,Sand Slough,ENT,,,,12,True,2
D406,2,,5.0,False,True,entity,D406,ENT,,,,12,True,2
UTC001,2,,5.0,False,True,entity,UTC001,ENT,,,,12,True,2
I_PLC007,2,,5.0,False,True,entity,I_PLC007,ENT,,,,12,True,2
SG290_BTC007_52,2,,5.0,False,True,entity,SG290_BTC007_52,ENT,,,,12,True,2
08N_PR2 Delevan NWR,2,,5.0,False,True,entity,08N_PR2 Delevan NWR,ENT,,,,12,True,2
D_CAA279_KERN,2,,5.0,False,True,arc,D_CAA279_KERN,D,,,,12,True,2
D637,2,,5.0,False,True,entity,D637,ENT,,,,12,True,2
USGS 11230215 South Fork San Joaquin River below Hooper Creek near Florence Lake,2,,5.0,False,True,entity,USGS 11230215 South Fork San Joaquin River below Hooper Creek near Florence Lake,ENT,,,,12,True,2
"USGS 11392100 Middle Fork Feather River near Portola, CA",2,,5.0,False,True,entity,"USGS 11392100 Middle Fork Feather River near Portola, CA",ENT,,,,12,True,2
C_HCS001,2,,5.0,False,True,arc,C_HCS001,CH,,,,12,True,2
MON005,2,,5.0,False,True,entity,MON005,ENT,,,,12,True,2
USGS 11390000 Butte Creek near Chico,2,,5.0,False,True,entity,USGS 11390000 Butte Creek near Chico,ENT,,,,12,True,2
25_PA2 Maine Prarie WD,2,,5.0,False,True,entity,25_PA2 Maine Prarie WD,ENT,WD,,,12,True,2
S90,2,,5.0,False,True,entity,S90,ENT,,,,12,True,2
USGS 11429300 Robbs Peak Powerhouse near Kyburz,2,,5.0,False,True,entity,USGS 11429300 Robbs Peak Powerhouse near Kyburz,ENT,,,,12,True,2
SG83_CHW021_11,2,,5.0,False,True,entity,SG83_CHW021_11,ENT,,,,12,True,2
"Mojave WA (Reach 22B, 23)",2,,5.0,False,True,entity,"Mojave WA (Reach 22B, 23)",ENT,,,,12,True,2
YB-57,2,,5.0,False,True,entity,YB-57,ENT,,,,12,True,2
C_NFS003,2,,5.0,False,True,arc,C_NFS003,CH,,,,12,True,2
CVP Cross Valley Canal,2,,5.0,False,True,entity,CVP Cross Valley Canal,ENT,,,,12,True,2
C61002,2,,5.0,False,True,entity,C61002,ENT,,,,12,True,2
SG268_STN004_49,2,,5.0,False,True,entity,SG268_STN004_49,ENT,,,,12,True,2
D171,2,,5.0,False,True,entity,D171,ENT,,,,12,True,2
D_MFS013_SPH000,2,,5.0,False,True,arc,D_MFS013_SPH000,D,,,,12,True,2
TFR000,2,,5.0,False,True,entity,TFR000,ENT,,,,12,True,2
SG141_TUO015_21,2,,5.0,False,True,entity,SG141_TUO015_21,ENT,,,,12,True,2
WSB014,2,,5.0,False,True,entity,WSB014,ENT,,,,12,True,2
Melon,2,,5.0,False,True,entity,Melon,ENT,,,,12,True,2
D_EDC014_JNKSN,2,,5.0,False,True,arc,D_EDC014_JNKSN,D,,,,12,True,2
SSJ014,2,,5.0,False,True,entity,SSJ014,ENT,,,,12,True,2
S40,2,,5.0,False,True,entity,S40,ENT,,,,12,True,2
60N_NA5 Non-District,2,,5.0,False,True,entity,60N_NA5 Non-District,ENT,,,,12,True,2
Oswald WD,2,,5.0,False,True,entity,Oswald WD,ENT,WD,,,12,True,2
Pedro,2,,5.0,False,True,entity,Pedro,ENT,,,,12,True,2
Angels Creek,2,,5.0,False,True,entity,Angels Creek,ENT,,,,12,True,2
DWR A02700 (VIN) Sacramento River at Vina-Woodson Bridge,2,,5.0,False,True,entity,DWR A02700 (VIN) Sacramento River at Vina-Woodson Bridge,ENT,,,,12,True,2
SG366_FTR003_64,2,,5.0,False,True,entity,SG366_FTR003_64,ENT,,,,12,True,2
USGS 11421725 Alta PH near Dutch Flat,2,,5.0,False,True,entity,USGS 11421725 Alta PH near Dutch Flat,ENT,,,,12,True,2
GP_73_PA2,2,,5.0,False,True,entity,GP_73_PA2,ENT,,,,12,True,2
I_RCK001,2,,5.0,False,True,entity,I_RCK001,ENT,,,,12,True,2
SG410_YBP007_70,2,,5.0,False,True,entity,SG410_YBP007_70,ENT,,,,12,True,2
Newtown Canal,2,,5.0,False,True,entity,Newtown Canal,ENT,,,,12,True,2
GP_72_PR2,2,,5.0,False,True,entity,GP_72_PR2,ENT,,,,12,True,2
Clear Creek Tunnel,2,,5.0,False,True,entity,Clear Creek Tunnel,ENT,,,,12,True,2
SDT000,2,,5.0,False,True,entity,SDT000,ENT,,,,12,True,2
DWR Bear Creek below Eastside Canal,2,,5.0,False,True,entity,DWR Bear Creek below Eastside Canal,ENT,,,,12,True,2
C_BCK027,2,,5.0,False,True,arc,C_BCK027,CH,,,,12,True,2
TD_MSN004_115,2,,5.0,False,True,entity,TD_MSN004_115,ENT,,,,12,True,2
D160,2,,5.0,False,True,entity,D160,ENT,,,,12,True,2
C_CSB004,2,,5.0,False,True,arc,C_CSB004,CH,,,,12,True,2
Warne Power Plant,2,,5.0,False,True,entity,Warne Power Plant,ENT,,,,12,True,2
GDD010,2,,5.0,False,True,entity,GDD010,ENT,,,,12,True,2
MTB001,2,,5.0,False,True,entity,MTB001,ENT,,,,12,True,2
C_TUO073,2,,5.0,False,True,arc,C_TUO073,CH,,,,12,True,2
E53,2,,5.0,False,True,entity,E53,ENT,,,,12,True,2
D_GDD010_GDDLOS,2,,5.0,False,True,arc,D_GDD010_GDDLOS,D,,,,12,True,2
Local Inflow to Bowman Lake,2,,5.0,False,True,entity,Local Inflow to Bowman Lake,ENT,,,,12,True,2
Stony Gorge Local Inflow,2,,5.0,False,True,entity,Stony Gorge Local Inflow,ENT,,,,12,True,2
USGS 11416100 Bowman-Spaulding Canal at Jordan Creek Siphon,2,,5.0,False,True,entity,USGS 11416100 Bowman-Spaulding Canal at Jordan Creek Siphon,ENT,,,,12,True,2
I_C62001,2,,5.0,False,True,entity,I_C62001,ENT,,,,12,True,2
Wolfson Bypass,2,,5.0,False,True,entity,Wolfson Bypass,ENT,,,,12,True,2
Empire R-8C,2,,5.0,False,True,entity,Empire R-8C,ENT,,,,12,True,2
COL003,2,,5.0,False,True,entity,COL003,ENT,,,,12,True,2
S_WDWRD,2,,5.0,False,True,entity,S_WDWRD,ENT,WD,,,12,True,2
D_SVRWD_CSTLN,2,,5.0,False,True,arc,D_SVRWD_CSTLN,D,WD,,,12,True,2
D_WTPRS1_ELDID_NU1,2,,5.0,False,True,arc,D_WTPRS1_ELDID_NU1,D,WTP,,,12,True,2
Victoria Canal Pumping Station,2,,5.0,False,True,entity,Victoria Canal Pumping Station,ENT,,,,12,True,2
San Joaquin River,2,,5.0,False,True,entity,San Joaquin River,ENT,,,,12,True,2
E79,2,,5.0,False,True,entity,E79,ENT,,,,12,True,2
C_WPT005,2,,5.0,False,True,arc,C_WPT005,CH,,,,12,True,2
C_SFF019,2,,5.0,False,True,arc,C_SFF019,CH,,,,12,True,2
C590,2,,5.0,False,True,entity,C590,ENT,,,,12,True,2
SFPUC,2,,5.0,False,True,entity,SFPUC,ENT,,,,12,True,2
SG150_STS036_23,2,,5.0,False,True,entity,SG150_STS036_23,ENT,,,,12,True,2
USGS 11425310 (YB-250) Halsey Powerhouse near Auburn,2,,5.0,False,True,entity,USGS 11425310 (YB-250) Halsey Powerhouse near Auburn,ENT,,,,12,True,2
Dudley-R R-8D,2,,5.0,False,True,entity,Dudley-R R-8D,ENT,,,,12,True,2
C_MON005,2,,5.0,False,True,arc,C_MON005,CH,,,,12,True,2
C_JWS004,2,,5.0,False,True,arc,C_JWS004,CH,,,,12,True,2
C_BSL001B,2,,5.0,False,True,arc,C_BSL001B,CH,,,,12,True,2
GRSVL Grass Valley / Nevada City,2,,5.0,False,True,entity,GRSVL Grass Valley / Nevada City,ENT,,,,12,True,2
GP_71_NA1,2,,5.0,False,True,entity,GP_71_NA1,ENT,,,,12,True,2
SG284_BTC036_52,2,,5.0,False,True,entity,SG284_BTC036_52,ENT,,,,12,True,2
PTM000,2,,5.0,False,True,entity,PTM000,ENT,,,,12,True,2
SG282_SAC148_51,2,,5.0,False,True,entity,SG282_SAC148_51,ENT,,,,12,True,2
D25,2,,5.0,False,True,entity,D25,ENT,,,,12,True,2
C203,2,,5.0,False,True,entity,C203,ENT,,,,12,True,2
C_ESB406,2,,5.0,False,True,arc,C_ESB406,CH,,,,12,True,2
USGS 11413000 North Fork Yuba River below Goodyears Bar,2,,5.0,False,True,entity,USGS 11413000 North Fork Yuba River below Goodyears Bar,ENT,,,,12,True,2
C_WRD000,2,,5.0,False,True,arc,C_WRD000,CH,,,,12,True,2
ESB403,2,,5.0,False,True,entity,ESB403,ENT,,,,12,True,2
C_GRT003,2,,5.0,False,True,arc,C_GRT003,CH,,,,12,True,2
I_WRM004,2,,5.0,False,True,entity,I_WRM004,ENT,,,,12,True,2
USGS 11428400 Little Rubicon River below Buck Island Dam,2,,5.0,False,True,entity,USGS 11428400 Little Rubicon River below Buck Island Dam,ENT,,,,12,True,2
D_MID021_BCK033,2,,5.0,False,True,arc,D_MID021_BCK033,D,,,,12,True,2
NFS005,2,,5.0,False,True,entity,NFS005,ENT,,,,12,True,2
SG248_THM026_45,2,,5.0,False,True,entity,SG248_THM026_45,ENT,,,,12,True,2
CAA305,2,,5.0,False,True,entity,CAA305,ENT,,,,12,True,2
D_DMC049_DMCLOS,2,,5.0,False,True,arc,D_DMC049_DMCLOS,D,,,,12,True,2
D878,2,,5.0,False,True,entity,D878,ENT,,,,12,True,2
Check 12 End of Repayment Reach 2B,2,,5.0,False,True,entity,Check 12 End of Repayment Reach 2B,ENT,,,,12,True,2
Woodbridge Diversion Dam,2,,5.0,False,True,entity,Woodbridge Diversion Dam,ENT,,,,12,True,2
SG110_BCK010_15,2,,5.0,False,True,entity,SG110_BCK010_15,ENT,,,,12,True,2
"Napa, St. Helena, Calistoga",2,,5.0,False,True,entity,"Napa, St. Helena, Calistoga",ENT,,,,12,True,2
D607B-8B_CCC,2,,5.0,False,True,entity,D607B-8B_CCC,ENT,,,,12,True,2
WRD006,2,,5.0,False,True,entity,WRD006,ENT,,,,12,True,2
C76,2,,5.0,False,True,entity,C76,ENT,,,,12,True,2
SG270_BCC006_50,2,,5.0,False,True,entity,SG270_BCC006_50,ENT,,,,12,True,2
SG152_STS020_23,2,,5.0,False,True,entity,SG152_STS020_23,ENT,,,,12,True,2
SG355_FTR016_61,2,,5.0,False,True,entity,SG355_FTR016_61,ENT,,,,12,True,2
C9,2,,5.0,False,True,entity,C9,ENT,,,,12,True,2
USGS 11414205 Deer Creek Powerhouse near Washington,2,,5.0,False,True,entity,USGS 11414205 Deer Creek Powerhouse near Washington,ENT,,,,12,True,2
"Placer County Water Agency Diversions at Nelson Lane Dam, Pleasant Grove Dam, and Moore Dam",2,,5.0,False,True,entity,"Placer County Water Agency Diversions at Nelson Lane Dam, Pleasant Grove Dam, and Moore Dam",ENT,,,,12,True,2
Cox Spill,2,,5.0,False,True,entity,Cox Spill,ENT,,,,12,True,2
WTP WDH,2,,5.0,False,True,entity,WTP WDH,ENT,WD,,,12,True,2
USGS 11313405 Old River at Bacon Island USGS 11312676 Middle River at Middle River,2,,5.0,False,True,entity,USGS 11313405 Old River at Bacon Island USGS 11312676 Middle River at Middle River,ENT,,,,12,True,2
"24_NU2 Placer County WA (City of Loomis, Penryn, Rocklin, Lincoln, Granite Bay, part of Roseville)",2,,5.0,False,True,entity,"24_NU2 Placer County WA (City of Loomis, Penryn, Rocklin, Lincoln, Granite Bay, part of Roseville)",ENT,,,,12,True,2
64_NA1 Non-District,2,,5.0,False,True,entity,64_NA1 Non-District,ENT,,,,12,True,2
USGS 11396200 South Fork Feather River below Forbestown Dam,2,,5.0,False,True,entity,USGS 11396200 South Fork Feather River below Forbestown Dam,ENT,,,,12,True,2
"USGS 11391400 Little Last Chance Creek Below Frenchman Dam near Chilcoot, CA",2,,5.0,False,True,entity,"USGS 11391400 Little Last Chance Creek Below Frenchman Dam near Chilcoot, CA",ENT,,,,12,True,2
ESB415,2,,5.0,False,True,entity,ESB415,ENT,,,,12,True,2
Philbrook Creek,2,,5.0,False,True,entity,Philbrook Creek,ENT,,,,12,True,2
C_SFT002,2,,5.0,False,True,arc,C_SFT002,CH,,,,12,True,2
C_CAA194,2,,5.0,False,True,arc,C_CAA194,CH,,,,12,True,2
I_EDSON,2,,5.0,False,True,entity,I_EDSON,ENT,,,,12,True,2
SG115_SJR116_16,2,,5.0,False,True,entity,SG115_SJR116_16,ENT,,,,12,True,2
C142A,2,,5.0,False,True,entity,C142A,ENT,,,,12,True,2
Cascade Canal,2,,5.0,False,True,entity,Cascade Canal,ENT,,,,12,True,2
Local Inflow to Gerle Reservoir,2,,5.0,False,True,entity,Local Inflow to Gerle Reservoir,ENT,,,,12,True,2
TD_SJR134_103,2,,5.0,False,True,entity,TD_SJR134_103,ENT,,,,12,True,2
LCA001,2,,5.0,False,True,entity,LCA001,ENT,,,,12,True,2
D_DMC030_DMCLOS,2,,5.0,False,True,arc,D_DMC030_DMCLOS,D,,,,12,True,2
D_WSE006_24_NA3,2,,5.0,False,True,arc,D_WSE006_24_NA3,D,,,,12,True,2
D_SFW000_WCN002,2,,5.0,False,True,arc,D_SFW000_WCN002,D,,,,12,True,2
C828,2,,5.0,False,True,entity,C828,ENT,,,,12,True,2
D_ESB415_GABRL,2,,5.0,False,True,arc,D_ESB415_GABRL,D,,,,12,True,2
07N_NA Non-District,2,,5.0,False,True,entity,07N_NA Non-District,ENT,,,,12,True,2
SDS001,2,,5.0,False,True,entity,SDS001,ENT,,,,12,True,2
"05_NU City of Red Bluff (part) Los Molinos CSD, Small Communities",2,,5.0,False,True,entity,"05_NU City of Red Bluff (part) Los Molinos CSD, Small Communities",ENT,,,,12,True,2
USGS 11241500 Stevenson Creek at Shaver Lake,2,,5.0,False,True,entity,USGS 11241500 Stevenson Creek at Shaver Lake,ENT,,,,12,True,2
D_JNKSN_EDCOCA_NA3,2,,5.0,False,True,arc,D_JNKSN_EDCOCA_NA3,D,,,,12,True,2
Crocker-Huffman Diversion Dam,2,,5.0,False,True,entity,Crocker-Huffman Diversion Dam,ENT,,,,12,True,2
C_BSH003,2,,5.0,False,True,arc,C_BSH003,CH,,,,12,True,2
"Sacramento, Pitt, and McCloud Rivers",2,,5.0,False,True,entity,"Sacramento, Pitt, and McCloud Rivers",ENT,,,,12,True,2
SG144_SJR081_22,2,,5.0,False,True,entity,SG144_SJR081_22,ENT,,,,12,True,2
USGS 11440500 Plum Creek near Riverton,2,,5.0,False,True,entity,USGS 11440500 Plum Creek near Riverton,ENT,,,,12,True,2
SG324_CBD028_56,2,,5.0,False,True,entity,SG324_CBD028_56,ENT,,,,12,True,2
S_SCOTF,2,,5.0,False,True,entity,S_SCOTF,ENT,,,,12,True,2
D_NFF035_CST004,2,,5.0,False,True,arc,D_NFF035_CST004,D,,,,12,True,2
I_TSC001,2,,5.0,False,True,entity,I_TSC001,ENT,,,,12,True,2
D836,2,,5.0,False,True,entity,D836,ENT,,,,12,True,2
D_BCM003_WSPNT_NU,2,,5.0,False,True,arc,D_BCM003_WSPNT_NU,D,,,,12,True,2
E_SHSTA,2,,5.0,False,True,entity,E_SHSTA,ENT,,,,12,True,2
"USGS 11390500 Sacramento River below Wilkins Slough, DWR A02280 (WLK)",2,,5.0,False,True,entity,"USGS 11390500 Sacramento River below Wilkins Slough, DWR A02280 (WLK)",ENT,,,,12,True,2
NFS006,2,,5.0,False,True,entity,NFS006,ENT,,,,12,True,2
CT_PEDRO,2,,5.0,False,True,entity,CT_PEDRO,ENT,,,,12,True,2
C_SPA001,2,,5.0,False,True,arc,C_SPA001,CH,,,,12,True,2
"73_PA3 San Luis WD (S), Pacheco WD, Panoche WD",2,,5.0,False,True,entity,"73_PA3 San Luis WD (S), Pacheco WD, Panoche WD",ENT,WD,,,12,True,2
CCWD Diversion,2,,5.0,False,True,entity,CCWD Diversion,ENT,WD,,,12,True,2
C_TUO104,2,,5.0,False,True,arc,C_TUO104,CH,,,,12,True,2
Minor non-project diversions aggregated with CVP settlement contractors,2,,5.0,False,True,entity,Minor non-project diversions aggregated with CVP settlement contractors,ENT,,,,12,True,2
"16_SA Garden Highway MWC, Tudor ID, Oswald MWC, Misc. FRSA Diverters",2,,5.0,False,True,entity,"16_SA Garden Highway MWC, Tudor ID, Oswald MWC, Misc. FRSA Diverters",ENT,,,,12,True,2
"USGS 11447000 American River at H-Street, Discontinued, DWR A07140",2,,5.0,False,True,entity,"USGS 11447000 American River at H-Street, Discontinued, DWR A07140",ENT,,,,12,True,2
61_NU1 City of Modesto,2,,5.0,False,True,entity,61_NU1 City of Modesto,ENT,,,,12,True,2
SSJ026,2,,5.0,False,True,entity,SSJ026,ENT,,,,12,True,2
63_NA5 El Nido ID,2,,5.0,False,True,entity,63_NA5 El Nido ID,ENT,,,,12,True,2
I_NFF029,2,,5.0,False,True,entity,I_NFF029,ENT,,,,12,True,2
D_WTPRS1_ELDID_NU3,2,,5.0,False,True,arc,D_WTPRS1_ELDID_NU3,D,WTP,,,12,True,2
C_PSB001,2,,5.0,False,True,arc,C_PSB001,CH,,,,12,True,2
SJR279,2,,5.0,False,True,node,SJR279,ENT,,,,12,True,2
Local Inflows to SF Stanislaus,2,,5.0,False,True,entity,Local Inflows to SF Stanislaus,ENT,,,,12,True,2
C_SSJ020,2,,5.0,False,True,arc,C_SSJ020,CH,,,,12,True,2
Pritchard Lake Pump Station,2,,5.0,False,True,entity,Pritchard Lake Pump Station,ENT,,,,12,True,2
C_SSJ021,2,,5.0,False,True,arc,C_SSJ021,CH,,,,12,True,2
SG369_SAC081_65,2,,5.0,False,True,entity,SG369_SAC081_65,ENT,,,,12,True,2
C503,2,,5.0,False,True,entity,C503,ENT,,,,12,True,2
"USGS 11406500 West Branch Feather River at Yankee Hill, Discontinued",2,,5.0,False,True,entity,"USGS 11406500 West Branch Feather River at Yankee Hill, Discontinued",ENT,,,,12,True,2
17N_PR Gray Lodge WA,2,,5.0,False,True,entity,17N_PR Gray Lodge WA,ENT,,,,12,True,2
WTP SAC,2,,5.0,False,True,entity,WTP SAC,ENT,WTP,,,12,True,2
USGS 11439000 El Dorado Canal near Kyburz,2,,5.0,False,True,entity,USGS 11439000 El Dorado Canal near Kyburz,ENT,,,,12,True,2
SJR313,2,,5.0,False,True,node,SJR313,ENT,,,,12,True,2
HPC000,2,,5.0,False,True,entity,HPC000,ENT,,,,12,True,2
EPS002,2,,5.0,False,True,entity,EPS002,ENT,,,,12,True,2
Edgar Slough,2,,5.0,False,True,entity,Edgar Slough,ENT,,,,12,True,2
MOC003,2,,5.0,False,True,entity,MOC003,ENT,,,,12,True,2
D863,2,,5.0,False,True,entity,D863,ENT,,,,12,True,2
10_NU1 CalWater (Chico),2,,5.0,False,True,entity,10_NU1 CalWater (Chico),ENT,,,,12,True,2
18_NU Small communities,2,,5.0,False,True,entity,18_NU Small communities,ENT,,,,12,True,2
C_SJR296,2,,5.0,False,True,arc,C_SJR296,CH,,,,12,True,2
Lima Saddle PH,2,,5.0,False,True,entity,Lima Saddle PH,ENT,,,,12,True,2
D27,2,,5.0,False,True,entity,D27,ENT,,,,12,True,2
E_MLRTN,2,,5.0,False,True,entity,E_MLRTN,ENT,,,,12,True,2
USGS 11308900 Calaveras River below New Hogan Dam,2,,5.0,False,True,entity,USGS 11308900 Calaveras River below New Hogan Dam,ENT,,,,12,True,2
D_FOLSM_EDCOCA_NA1,2,,5.0,False,True,arc,D_FOLSM_EDCOCA_NA1,D,,,,12,True,2
SFS030,2,,5.0,False,True,entity,SFS030,ENT,,,,12,True,2
SBA042,2,,5.0,False,True,entity,SBA042,ENT,,,,12,True,2
I_NFM010,2,,5.0,False,True,entity,I_NFM010,ENT,,,,12,True,2
SG171_SJR023_26,2,,5.0,False,True,entity,SG171_SJR023_26,ENT,,,,12,True,2
Dry and Berenda Creeks,2,,5.0,False,True,entity,Dry and Berenda Creeks,ENT,,,,12,True,2
Devils Den WD (SCV),2,,5.0,False,True,entity,Devils Den WD (SCV),ENT,WD,,,12,True,2
Tombstone Creek,2,,5.0,False,True,entity,Tombstone Creek,ENT,,,,12,True,2
Chili Bar Reservoir,2,,5.0,False,True,entity,Chili Bar Reservoir,ENT,,,,12,True,2
SG155_SJR072_24,2,,5.0,False,True,entity,SG155_SJR072_24,ENT,,,,12,True,2
Inflow to Ice House,2,,5.0,False,True,entity,Inflow to Ice House,ENT,,,,12,True,2
Camino Reservoir,2,,5.0,False,True,entity,Camino Reservoir,ENT,,,,12,True,2
C_SJR289,2,,5.0,False,True,arc,C_SJR289,CH,,,,12,True,2
Westley Wasteway,2,,5.0,False,True,entity,Westley Wasteway,ENT,,,,12,True,2
I4,2,,5.0,False,True,entity,I4,ENT,,,,12,True,2
USGS 11295250 Collierville PP,2,,5.0,False,True,entity,USGS 11295250 Collierville PP,ENT,,,,12,True,2
08N_PR1 Sacramento NWR,2,,5.0,False,True,entity,08N_PR1 Sacramento NWR,ENT,,,,12,True,2
S_MDSTO,2,,5.0,False,True,entity,S_MDSTO,ENT,,,,12,True,2
Mdsto,2,,5.0,False,True,entity,Mdsto,ENT,,,,12,True,2
D_WTPRSA_ELDID_NU2,2,,5.0,False,True,arc,D_WTPRSA_ELDID_NU2,D,WTP,,,12,True,2
Hendricks Diversion Dam,2,,5.0,False,True,entity,Hendricks Diversion Dam,ENT,,,,12,True,2
C_SBA000,2,,5.0,False,True,arc,C_SBA000,CH,,,,12,True,2
15S_NA1 Non-District,2,,5.0,False,True,entity,15S_NA1 Non-District,ENT,,,,12,True,2
C_SPH000,2,,5.0,False,True,arc,C_SPH000,CH,,,,12,True,2
BLUMD,2,,5.0,False,True,entity,BLUMD,ENT,,,,12,True,2
E_FRMAN,2,,5.0,False,True,entity,E_FRMAN,ENT,,,,12,True,2
S_FRDYC,2,,5.0,False,True,entity,S_FRDYC,ENT,,,,12,True,2
D824,2,,5.0,False,True,entity,D824,ENT,,,,12,True,2
D_CAA109_CAALOS,2,,5.0,False,True,arc,D_CAA109_CAALOS,D,,,,12,True,2
S1,2,,5.0,False,True,entity,S1,ENT,,,,12,True,2
I40,2,,5.0,False,True,entity,I40,ENT,,,,12,True,2
Slate Creek,2,,5.0,False,True,entity,Slate Creek,ENT,,,,12,True,2
S_SILVR,2,,5.0,False,True,entity,S_SILVR,ENT,,,,12,True,2
D_EDC021_EDCOCA_NA3,2,,5.0,False,True,arc,D_EDC021_EDCOCA_NA3,D,,,,12,True,2
USGS 11294500 NF Stanislaus River near Avery,2,,5.0,False,True,entity,USGS 11294500 NF Stanislaus River near Avery,ENT,,,,12,True,2
D_WSB006_WSBLOS,2,,5.0,False,True,arc,D_WSB006_WSBLOS,D,,,,12,True,2
E_BGCRK,2,,5.0,False,True,entity,E_BGCRK,ENT,,,,12,True,2
C_NFS032,2,,5.0,False,True,arc,C_NFS032,CH,,,,12,True,2
"04_PA1 Corning WD, Proberta WD, Thomes Creek WD",2,,5.0,False,True,entity,"04_PA1 Corning WD, Proberta WD, Thomes Creek WD",ENT,WD,,,12,True,2
USGS 11428300 Buck-Loon Tunnel near Meeks Bay,2,,5.0,False,True,entity,USGS 11428300 Buck-Loon Tunnel near Meeks Bay,ENT,,,,12,True,2
C_BSM001,2,,5.0,False,True,arc,C_BSM001,CH,,,,12,True,2
SG386_SAC036_67,2,,5.0,False,True,entity,SG386_SAC036_67,ENT,,,,12,True,2
"USGS 11413300 Slate Creek below Diversion Dam, near Strawberry Valley",2,,5.0,False,True,entity,"USGS 11413300 Slate Creek below Diversion Dam, near Strawberry Valley",ENT,,,,12,True,2
Adams and Gorrill Dams (Diversion #60 & 61),2,,5.0,False,True,entity,Adams and Gorrill Dams (Diversion #60 & 61),ENT,,,,12,True,2
USGS 11295000 Utica Canal near Avery,2,,5.0,False,True,entity,USGS 11295000 Utica Canal near Avery,ENT,,,,12,True,2
R_61_NA2_TUO017,2,,5.0,False,True,arc,R_61_NA2_TUO017,R,,,,12,True,2
E_SPICE,2,,5.0,False,True,entity,E_SPICE,ENT,,,,12,True,2
D206C,2,,5.0,False,True,entity,D206C,ENT,,,,12,True,2
MHILL_NU,2,,5.0,False,True,entity,MHILL_NU,ENT,,,,12,True,2
SSJ024,2,,5.0,False,True,entity,SSJ024,ENT,,,,12,True,2
SG_MOK050_514,2,,5.0,False,True,entity,SG_MOK050_514,ENT,,,,12,True,2
"18_SA Meridian Farms WC, Lomo Cold Storage, Sutter MWC (part), Tisdale IDC, Misc. Settlement Contractors",2,,5.0,False,True,entity,"18_SA Meridian Farms WC, Lomo Cold Storage, Sutter MWC (part), Tisdale IDC, Misc. Settlement Contractors",ENT,,,,12,True,2
I_NFS003,2,,5.0,False,True,entity,I_NFS003,ENT,,,,12,True,2
I_CFS001,2,,5.0,False,True,entity,I_CFS001,ENT,,,,12,True,2
C_SJR308,2,,5.0,False,True,arc,C_SJR308,CH,,,,12,True,2
USGS 11273000 Merced River Slough near Newman (discontinued),2,,5.0,False,True,entity,USGS 11273000 Merced River Slough near Newman (discontinued),ENT,,,,12,True,2
SG76_FRS016_9,2,,5.0,False,True,entity,SG76_FRS016_9,ENT,,,,12,True,2
C_WBR001,2,,5.0,False,True,arc,C_WBR001,CH,,,,12,True,2
D_GERLE_SFR006,2,,5.0,False,True,arc,D_GERLE_SFR006,D,,,,12,True,2
Losses R-29G --> 29J,2,,5.0,False,True,entity,Losses R-29G --> 29J,ENT,,,,12,True,2
USGS 11293580 NF Stanislaus Diversion Tunnel,2,,5.0,False,True,entity,USGS 11293580 NF Stanislaus Diversion Tunnel,ENT,,,,12,True,2
SLV001,2,,5.0,False,True,entity,SLV001,ENT,,,,12,True,2
"15S_SA Plumas MWC, Misc. FRSA Diverters",2,,5.0,False,True,entity,"15S_SA Plumas MWC, Misc. FRSA Diverters",ENT,,,,12,True,2
SG361_BRR004_62,2,,5.0,False,True,entity,SG361_BRR004_62,ENT,,,,12,True,2
Inflow to Salt Springs Reservoir,2,,5.0,False,True,entity,Inflow to Salt Springs Reservoir,ENT,,,,12,True,2
C_CAA238,2,,5.0,False,True,arc,C_CAA238,CH,,,,12,True,2
White Rock Tunnel,2,,5.0,False,True,entity,White Rock Tunnel,ENT,,,,12,True,2
S_SVRWD,2,,5.0,False,True,entity,S_SVRWD,ENT,WD,,,12,True,2
C_BVT000,2,,5.0,False,True,arc,C_BVT000,CH,,,,12,True,2
D_WLF013_NIDDC_NA3,2,,5.0,False,True,arc,D_WLF013_NIDDC_NA3,D,,,,12,True,2
C_SAC029A,2,,5.0,False,True,arc,C_SAC029A,CH,,,,12,True,2
Local Inflow to Garden Bar Dam site,2,,5.0,False,True,entity,Local Inflow to Garden Bar Dam site,ENT,,,,12,True,2
D_WTPBJM_26S_PU2,2,,5.0,False,True,arc,D_WTPBJM_26S_PU2,D,WTP,,,12,True,2
BP3005,2,,5.0,False,True,entity,BP3005,ENT,,,,12,True,2
C_FRNCH,2,,5.0,False,True,arc,C_FRNCH,CH,,,,12,True,2
26S_NU1 City of Sacramento South of River,2,,5.0,False,True,entity,26S_NU1 City of Sacramento South of River,ENT,,,,12,True,2
"08N_NU Hamilton City, Small Communities",2,,5.0,False,True,entity,"08N_NU Hamilton City, Small Communities",ENT,,,,12,True,2
C_WCN002,2,,5.0,False,True,arc,C_WCN002,CH,,,,12,True,2
"73_PA2 Eagle Field WD, Mercy Springs WD, Oro Loma WD",2,,5.0,False,True,entity,"73_PA2 Eagle Field WD, Mercy Springs WD, Oro Loma WD",ENT,WD,,,12,True,2
Big Chico Creek,2,,5.0,False,True,entity,Big Chico Creek,ENT,,,,12,True,2
WTP FOL,2,,5.0,False,True,entity,WTP FOL,ENT,WTP,,,12,True,2
Hooper Creek,2,,5.0,False,True,entity,Hooper Creek,ENT,,,,12,True,2
C_MCM001,2,,5.0,False,True,arc,C_MCM001,CH,,,,12,True,2
03_PA Bella Vista WD,2,,5.0,False,True,entity,03_PA Bella Vista WD,ENT,WD,,,12,True,2
C137,2,,5.0,False,True,entity,C137,ENT,,,,12,True,2
"USGS 11389350, DWR A02986, Moulton Weir Spill to Butte Basin near Colusa",2,,5.0,False,True,entity,"USGS 11389350, DWR A02986, Moulton Weir Spill to Butte Basin near Colusa",ENT,,,,12,True,2
McSwain Dam,2,,5.0,False,True,entity,McSwain Dam,ENT,,,,12,True,2
SG193_CSM005_29,2,,5.0,False,True,entity,SG193_CSM005_29,ENT,,,,12,True,2
Inflow to Pyramid Creek,2,,5.0,False,True,entity,Inflow to Pyramid Creek,ENT,,,,12,True,2
C_SSJ014,2,,5.0,False,True,arc,C_SSJ014,CH,,,,12,True,2
C_STS004,2,,5.0,False,True,arc,C_STS004,CH,,,,12,True,2
16_PU City of Yuba City,2,,5.0,False,True,entity,16_PU City of Yuba City,ENT,,,,12,True,2
C_BGC011,2,,5.0,False,True,arc,C_BGC011,CH,,,,12,True,2
D_HNGTN_HCH001,2,,5.0,False,True,arc,D_HNGTN_HCH001,D,,,,12,True,2
Metropolitan Water District (Reach 28J),2,,5.0,False,True,entity,Metropolitan Water District (Reach 28J),ENT,,,,12,True,2
"62_NU Cities of Turlock, Ceres, Dehli, Hilmar, Hughson, Keyes and Denair small communities",2,,5.0,False,True,entity,"62_NU Cities of Turlock, Ceres, Dehli, Hilmar, Hughson, Keyes and Denair small communities",ENT,,,,12,True,2
SG296_SAC129_53,2,,5.0,False,True,entity,SG296_SAC129_53,ENT,,,,12,True,2
USGS 11397000 South Fork Feather River at Enterprise Discontinued,2,,5.0,False,True,entity,USGS 11397000 South Fork Feather River at Enterprise Discontinued,ENT,,,,12,True,2
I_ELENR,2,,5.0,False,True,entity,I_ELENR,ENT,,,,12,True,2
C_COL003,2,,5.0,False,True,arc,C_COL003,CH,,,,12,True,2
C_SSJ025,2,,5.0,False,True,arc,C_SSJ025,CH,,,,12,True,2
Lost Creek Reservoir,2,,5.0,False,True,entity,Lost Creek Reservoir,ENT,,,,12,True,2
I11301,2,,5.0,False,True,entity,I11301,ENT,,,,12,True,2
D_SFM005_MHILL_NU,2,,5.0,False,True,arc,D_SFM005_MHILL_NU,D,,,,12,True,2
I_RSS001,2,,5.0,False,True,entity,I_RSS001,ENT,,,,12,True,2
21_NA Non-District,2,,5.0,False,True,entity,21_NA Non-District,ENT,,,,12,True,2
CRRLN,2,,5.0,False,True,entity,CRRLN,ENT,,,,12,True,2
Pacheco Tunnel,2,,5.0,False,True,entity,Pacheco Tunnel,ENT,,,,12,True,2
CVT009,2,,5.0,False,True,entity,CVT009,ENT,,,,12,True,2
Local Inflow to Spaulding Reservoir,2,,5.0,False,True,entity,Local Inflow to Spaulding Reservoir,ENT,,,,12,True,2
D_TFR000_BSC005,2,,5.0,False,True,arc,D_TFR000_BSC005,D,,,,12,True,2
Toadtown Canal,2,,5.0,False,True,entity,Toadtown Canal,ENT,,,,12,True,2
D_CAA066_CAALOS,2,,5.0,False,True,arc,D_CAA066_CAALOS,D,,,,12,True,2
08S_SA2 Glenn-Colusa ID (part),2,,5.0,False,True,entity,08S_SA2 Glenn-Colusa ID (part),ENT,,,,12,True,2
SJR021,2,,5.0,False,True,node,SJR021,ENT,,,,12,True,2
Weber Creek,2,,5.0,False,True,entity,Weber Creek,ENT,,,,12,True,2
D_NSC001_FLRNC,2,,5.0,False,True,arc,D_NSC001_FLRNC,D,,,,12,True,2
DWR B05170(CDEC MSN) Merced River near Snelling,2,,5.0,False,True,entity,DWR B05170(CDEC MSN) Merced River near Snelling,ENT,,,,12,True,2
SF Long Canyon Creek,2,,5.0,False,True,entity,SF Long Canyon Creek,ENT,,,,12,True,2
Kennedy Creek Inflow to MF Stanislaus River,2,,5.0,False,True,entity,Kennedy Creek Inflow to MF Stanislaus River,ENT,,,,12,True,2
E_ALMNR,2,,5.0,False,True,entity,E_ALMNR,ENT,,,,12,True,2
D_DED025_63_NA5,2,,5.0,False,True,arc,D_DED025_63_NA5,D,,,,12,True,2
03_PU2 Bella Vista WD,2,,5.0,False,True,entity,03_PU2 Bella Vista WD,ENT,WD,,,12,True,2
C_LCA001,2,,5.0,False,True,arc,C_LCA001,CH,,,,12,True,2
SJR310,2,,5.0,False,True,node,SJR310,ENT,,,,12,True,2
C_STS091,2,,5.0,False,True,arc,C_STS091,CH,,,,12,True,2
E20,2,,5.0,False,True,entity,E20,ENT,,,,12,True,2
I_STMPY,2,,5.0,False,True,entity,I_STMPY,ENT,,,,12,True,2
C_TGC003,2,,5.0,False,True,arc,C_TGC003,CH,,,,12,True,2
E_CMCHE,2,,5.0,False,True,entity,E_CMCHE,ENT,,,,12,True,2
USGS 11403200 North Fork Feather River below Rock Creek Diversion Dam,2,,5.0,False,True,entity,USGS 11403200 North Fork Feather River below Rock Creek Diversion Dam,ENT,,,,12,True,2
C587A,2,,5.0,False,True,entity,C587A,ENT,,,,12,True,2
C_SJR303,2,,5.0,False,True,arc,C_SJR303,CH,,,,12,True,2
SG346_FTR045_59,2,,5.0,False,True,entity,SG346_FTR045_59,ENT,,,,12,True,2
"USGS 11378000 Sacramento River near Red Bluff, Discontinued",2,,5.0,False,True,entity,"USGS 11378000 Sacramento River near Red Bluff, Discontinued",ENT,,,,12,True,2
CAA280,2,,5.0,False,True,entity,CAA280,ENT,,,,12,True,2
C110,2,,5.0,False,True,entity,C110,ENT,,,,12,True,2
TUO097,2,,5.0,False,True,entity,TUO097,ENT,,,,12,True,2
C_SJR313,2,,5.0,False,True,arc,C_SJR313,CH,,,,12,True,2
USGS 11226500 San Joaquin River at Miller crossing,2,,5.0,False,True,entity,USGS 11226500 San Joaquin River at Miller crossing,ENT,,,,12,True,2
STS093,2,,5.0,False,True,entity,STS093,ENT,,,,12,True,2
BVID diversion from North Yuba River/Colgate Tunnel into Upper Main Canal discontinued in 1990,2,,5.0,False,True,entity,BVID diversion from North Yuba River/Colgate Tunnel into Upper Main Canal discontinued in 1990,ENT,,,,12,True,2
I_BUCKS,2,,5.0,False,True,entity,I_BUCKS,ENT,,,,12,True,2
Inflow to Union Valley Reservoir,2,,5.0,False,True,entity,Inflow to Union Valley Reservoir,ENT,,,,12,True,2
D_TGC003_AMADR_NU,2,,5.0,False,True,arc,D_TGC003_AMADR_NU,D,,,,12,True,2
USGS 11427760 Middle Fork American above Middle Fork Powerhouse near Foresthill,2,,5.0,False,True,entity,USGS 11427760 Middle Fork American above Middle Fork Powerhouse near Foresthill,ENT,,,,12,True,2
CT_MUDSLOUGH,2,,5.0,False,True,entity,CT_MUDSLOUGH,ENT,,,,12,True,2
USGS 11237700 Pitman Creek near Tamarack Mountain,2,,5.0,False,True,entity,USGS 11237700 Pitman Creek near Tamarack Mountain,ENT,,,,12,True,2
D893,2,,5.0,False,True,entity,D893,ENT,,,,12,True,2
SG_CMCHE_516,2,,5.0,False,True,entity,SG_CMCHE_516,ENT,,,,12,True,2
USGS 111425416 Newcastle PP near Newcastle,2,,5.0,False,True,entity,USGS 111425416 Newcastle PP near Newcastle,ENT,,,,12,True,2
C_CAA245,2,,5.0,False,True,arc,C_CAA245,CH,,,,12,True,2
S_MTMDW,2,,5.0,False,True,entity,S_MTMDW,ENT,,,,12,True,2
72_XA2 Central California ID (South),2,,5.0,False,True,entity,72_XA2 Central California ID (South),ENT,,,,12,True,2
Inflow to Stumpy Meadows Reservoir,2,,5.0,False,True,entity,Inflow to Stumpy Meadows Reservoir,ENT,,,,12,True,2
Local Inflow to Rollins Reservoir,2,,5.0,False,True,entity,Local Inflow to Rollins Reservoir,ENT,,,,12,True,2
Coachella Valley WD (Reach 26A),2,,5.0,False,True,entity,Coachella Valley WD (Reach 26A),ENT,WD,,,12,True,2
City of Antioch,2,,5.0,False,True,entity,City of Antioch,ENT,,,,12,True,2
Electra Powerhouse,2,,5.0,False,True,entity,Electra Powerhouse,ENT,,,,12,True,2
YB-136,2,,5.0,False,True,entity,YB-136,ENT,,,,12,True,2
LaGrange Dam,2,,5.0,False,True,entity,LaGrange Dam,ENT,,,,12,True,2
SJR324,2,,5.0,False,True,node,SJR324,ENT,,,,12,True,2
Cottonwood Creek,2,,5.0,False,True,entity,Cottonwood Creek,ENT,,,,12,True,2
PCB001,2,,5.0,False,True,entity,PCB001,ENT,,,,12,True,2
USGS 11316600 NF Mokelumne River above Tiger Creek Reservoir,2,,5.0,False,True,entity,USGS 11316600 NF Mokelumne River above Tiger Creek Reservoir,ENT,,,,12,True,2
S_RLIEF,2,,5.0,False,True,entity,S_RLIEF,ENT,,,,12,True,2
SG376_AMR020_66,2,,5.0,False,True,entity,SG376_AMR020_66,ENT,,,,12,True,2
C_TFR000,2,,5.0,False,True,arc,C_TFR000,CH,,,,12,True,2
71_PU1 Musco Olive Products,2,,5.0,False,True,entity,71_PU1 Musco Olive Products,ENT,,,,12,True,2
S_UBEAR,2,,5.0,False,True,entity,S_UBEAR,ENT,,,,12,True,2
C_HCH001,2,,5.0,False,True,arc,C_HCH001,CH,,,,12,True,2
Reclamation (CDEC SJB) San Joaquin River below Bifurcation,2,,5.0,False,True,entity,Reclamation (CDEC SJB) San Joaquin River below Bifurcation,ENT,,,,12,True,2
C_SAC000,2,,5.0,False,True,arc,C_SAC000,CH,,,,12,True,2
GP_73_XA,2,,5.0,False,True,entity,GP_73_XA,ENT,,,,12,True,2
SG78_SJR173_10,2,,5.0,False,True,entity,SG78_SJR173_10,ENT,,,,12,True,2
USGS 11408870 Lohman Ridge Tunnel at Intake near Camptonville,2,,5.0,False,True,entity,USGS 11408870 Lohman Ridge Tunnel at Intake near Camptonville,ENT,,,,12,True,2
D827,2,,5.0,False,True,entity,D827,ENT,,,,12,True,2
61_NA2 Modesto ID,2,,5.0,False,True,entity,61_NA2 Modesto ID,ENT,,,,12,True,2
R_60N_NA5_MOK028,2,,5.0,False,True,arc,R_60N_NA5_MOK028,R,,,,12,True,2
C_ELY001,2,,5.0,False,True,arc,C_ELY001,CH,,,,12,True,2
DWR ELN Eastside Bypass near El Nido,2,,5.0,False,True,entity,DWR ELN Eastside Bypass near El Nido,ENT,,,,12,True,2
SG156_SJR062_24,2,,5.0,False,True,entity,SG156_SJR062_24,ENT,,,,12,True,2
USGS 11414100 South Yuba River near Cisco (YB316),2,,5.0,False,True,entity,USGS 11414100 South Yuba River near Cisco (YB316),ENT,,,,12,True,2
SG126_SJR111_18,2,,5.0,False,True,entity,SG126_SJR111_18,ENT,,,,12,True,2
Belden Tunnel,2,,5.0,False,True,entity,Belden Tunnel,ENT,,,,12,True,2
Mojave Power Plant,2,,5.0,False,True,entity,Mojave Power Plant,ENT,,,,12,True,2
C_BP1003,2,,5.0,False,True,arc,C_BP1003,CH,,,,12,True,2
"11_NA Sutter Butte MWC, Non-District",2,,5.0,False,True,entity,"11_NA Sutter Butte MWC, Non-District",ENT,,,,12,True,2
C610,2,,5.0,False,True,entity,C610,ENT,,,,12,True,2
GS65,2,,5.0,False,True,entity,GS65,ENT,,,,12,True,2
22_NA Non-District,2,,5.0,False,True,entity,22_NA Non-District,ENT,,,,12,True,2
North Fork American River,2,,5.0,False,True,entity,North Fork American River,ENT,,,,12,True,2
FRNCH,2,,5.0,False,True,entity,FRNCH,ENT,,,,12,True,2
King R-8C,2,,5.0,False,True,entity,King R-8C,ENT,,,,12,True,2
Check 24,2,,5.0,False,True,entity,Check 24,ENT,,,,12,True,2
S_PEDRO,2,,5.0,False,True,entity,S_PEDRO,ENT,,,,12,True,2
C_CAA278,2,,5.0,False,True,arc,C_CAA278,CH,,,,12,True,2
D_CSB038_OBISPO,2,,5.0,False,True,arc,D_CSB038_OBISPO,D,,,,12,True,2
D_GDD010_WTPWAL,2,,5.0,False,True,arc,D_GDD010_WTPWAL,D,WTP,,,12,True,2
10_NU2 Durham ID Small Communities,2,,5.0,False,True,entity,10_NU2 Durham ID Small Communities,ENT,,,,12,True,2
Early Intake Diversion Dam,2,,5.0,False,True,entity,Early Intake Diversion Dam,ENT,,,,12,True,2
USGS 11230650 Bolsillo Creek above Diversion Dam near Big Creek,2,,5.0,False,True,entity,USGS 11230650 Bolsillo Creek above Diversion Dam near Big Creek,ENT,,,,12,True,2
USGS 11292000 MF Stanislaus River at Kennedy Meadows,2,,5.0,False,True,entity,USGS 11292000 MF Stanislaus River at Kennedy Meadows,ENT,,,,12,True,2
C_MFS014,2,,5.0,False,True,arc,C_MFS014,CH,,,,12,True,2
D_BGCD5_BP8001,2,,5.0,False,True,arc,D_BGCD5_BP8001,D,,,,12,True,2
S_RLLNS,2,,5.0,False,True,entity,S_RLLNS,ENT,,,,12,True,2
SSJ013,2,,5.0,False,True,entity,SSJ013,ENT,,,,12,True,2
USGS 11427770 Middle Fork American below Interbay Dam near Foresthill,2,,5.0,False,True,entity,USGS 11427770 Middle Fork American below Interbay Dam near Foresthill,ENT,,,,12,True,2
C_ESB415,2,,5.0,False,True,arc,C_ESB415,CH,,,,12,True,2
C_CAA185,2,,5.0,False,True,arc,C_CAA185,CH,,,,12,True,2
Big Creek Inflow to Huntington Reservoir,2,,5.0,False,True,entity,Big Creek Inflow to Huntington Reservoir,ENT,,,,12,True,2
EDCOCA_NA1,2,,5.0,False,True,entity,EDCOCA_NA1,ENT,,,,12,True,2
I_WBR001,2,,5.0,False,True,entity,I_WBR001,ENT,,,,12,True,2
BGC003,2,,5.0,False,True,entity,BGC003,ENT,,,,12,True,2
D_DMC039_DMCLOS,2,,5.0,False,True,arc,D_DMC039_DMCLOS,D,,,,12,True,2
Middle Fork Mokelumne River,2,,5.0,False,True,entity,Middle Fork Mokelumne River,ENT,,,,12,True,2
"Texas, Clear, Fall, Trap, and Rucker Creek Diversion Dams",2,,5.0,False,True,entity,"Texas, Clear, Fall, Trap, and Rucker Creek Diversion Dams",ENT,,,,12,True,2
C_ESB324,2,,5.0,False,True,arc,C_ESB324,CH,,,,12,True,2
D_MID021_MPS020,2,,5.0,False,True,arc,D_MID021_MPS020,D,,,,12,True,2
SG371_SAC075_65,2,,5.0,False,True,entity,SG371_SAC075_65,ENT,,,,12,True,2
HCH001,2,,5.0,False,True,entity,HCH001,ENT,,,,12,True,2
USGS 11243405 South Fork Willow Creek near Bass Lake,2,,5.0,False,True,entity,USGS 11243405 South Fork Willow Creek near Bass Lake,ENT,,,,12,True,2
SBA020,2,,5.0,False,True,entity,SBA020,ENT,,,,12,True,2
SG319_CBD044_55,2,,5.0,False,True,entity,SG319_CBD044_55,ENT,,,,12,True,2
USGS 11244050 North Fork Willow Creek below Manzanita Lake Dam near North Fork,2,,5.0,False,True,entity,USGS 11244050 North Fork Willow Creek below Manzanita Lake Dam near North Fork,ENT,,,,12,True,2
C_NFW008,2,,5.0,False,True,arc,C_NFW008,CH,,,,12,True,2
USGS 11289500 Turlock Canal near LaGrange,2,,5.0,False,True,entity,USGS 11289500 Turlock Canal near LaGrange,ENT,,,,12,True,2
C_CAA181,2,,5.0,False,True,arc,C_CAA181,CH,,,,12,True,2
I_SLF009,2,,5.0,False,True,entity,I_SLF009,ENT,,,,12,True,2
D_JNKSN_ELDID_NA2,2,,5.0,False,True,arc,D_JNKSN_ELDID_NA2,D,,,,12,True,2
USGS 112390000 Huntington-Shaver Conduit Outlet near Shaver Lake,2,,5.0,False,True,entity,USGS 112390000 Huntington-Shaver Conduit Outlet near Shaver Lake,ENT,,,,12,True,2
"20_NU1 City of Davis, Woodland, and UC Davis",2,,5.0,False,True,entity,"20_NU1 City of Davis, Woodland, and UC Davis",ENT,,,,12,True,2
C_ELENR,2,,5.0,False,True,arc,C_ELENR,CH,,,,12,True,2
USGS 11433300 Middle Fork American River near Forest Hill,2,,5.0,False,True,entity,USGS 11433300 Middle Fork American River near Forest Hill,ENT,,,,12,True,2
CAA183,2,,5.0,False,True,entity,CAA183,ENT,,,,12,True,2
E_RLIEF,2,,5.0,False,True,entity,E_RLIEF,ENT,,,,12,True,2
Newcastle PH Header Box,2,,5.0,False,True,entity,Newcastle PH Header Box,ENT,,,,12,True,2
YB-255,2,,5.0,False,True,entity,YB-255,ENT,,,,12,True,2
USGS 11336000 Cosumnes River at McConnell Discontinued,2,,5.0,False,True,entity,USGS 11336000 Cosumnes River at McConnell Discontinued,ENT,,,,12,True,2
D_STS004_61_NA6,2,,5.0,False,True,arc,D_STS004_61_NA6,D,,,,12,True,2
C_CHY001,2,,5.0,False,True,arc,C_CHY001,CH,,,,12,True,2
USGS 11253500 James Bypass near San Joaquin,2,,5.0,False,True,entity,USGS 11253500 James Bypass near San Joaquin,ENT,,,,12,True,2
D_TSC001_FLRNC,2,,5.0,False,True,arc,D_TSC001_FLRNC,D,,,,12,True,2
USGS 11429340 Loon Lake Powerhouse near Meeks Bay,2,,5.0,False,True,entity,USGS 11429340 Loon Lake Powerhouse near Meeks Bay,ENT,,,,12,True,2
MFB000,2,,5.0,False,True,entity,MFB000,ENT,,,,12,True,2
North Fork Yuba River and Small Watersheds,2,,5.0,False,True,entity,North Fork Yuba River and Small Watersheds,ENT,,,,12,True,2
USGS 11414170 Drum Canal at Tunnel Outlet near Emigrant Gap,2,,5.0,False,True,entity,USGS 11414170 Drum Canal at Tunnel Outlet near Emigrant Gap,ENT,,,,12,True,2
UTC014,2,,5.0,False,True,entity,UTC014,ENT,,,,12,True,2
"USGS 11262900 Mud Slough near Gustine (Site ""D"")",2,,5.0,False,True,entity,"USGS 11262900 Mud Slough near Gustine (Site ""D"")",ENT,,,,12,True,2
Check 22,2,,5.0,False,True,entity,Check 22,ENT,,,,12,True,2
USGS 11247050 Kerckhoff Powerhouse No. 2 at Millerton Lake near Auberry,2,,5.0,False,True,entity,USGS 11247050 Kerckhoff Powerhouse No. 2 at Millerton Lake near Auberry,ENT,,,,12,True,2
Alameda County WD,2,,5.0,False,True,entity,Alameda County WD,ENT,WD,,,12,True,2
C_BP2001,2,,5.0,False,True,arc,C_BP2001,CH,,,,12,True,2
CT_MLRTN,2,,5.0,False,True,entity,CT_MLRTN,ENT,,,,12,True,2
Brush Creek Reservoir,2,,5.0,False,True,entity,Brush Creek Reservoir,ENT,,,,12,True,2
C_WSE006,2,,5.0,False,True,arc,C_WSE006,CH,,,,12,True,2
C112,2,,5.0,False,True,entity,C112,ENT,,,,12,True,2
D_JNKSN_WTPRSA,2,,5.0,False,True,arc,D_JNKSN_WTPRSA,D,WTP,,,12,True,2
ALD004,2,,5.0,False,True,entity,ALD004,ENT,,,,12,True,2
D_FSC003_FSCLOS,2,,5.0,False,True,arc,D_FSC003_FSCLOS,D,,,,12,True,2
SG164_CLV016_25,2,,5.0,False,True,entity,SG164_CLV016_25,ENT,,,,12,True,2
USGS 11451300 North Fork Cache Creek near Clear Lake Oaks,2,,5.0,False,True,entity,USGS 11451300 North Fork Cache Creek near Clear Lake Oaks,ENT,,,,12,True,2
USGS 11425415 Wise Powerhouse near Auburn,2,,5.0,False,True,entity,USGS 11425415 Wise Powerhouse near Auburn,ENT,,,,12,True,2
CPT012,2,,5.0,False,True,entity,CPT012,ENT,,,,12,True,2
C_NCT001,2,,5.0,False,True,arc,C_NCT001,CH,,,,12,True,2
North and Middle Forks Cottonwood Creek,2,,5.0,False,True,entity,North and Middle Forks Cottonwood Creek,ENT,,,,12,True,2
Powerhouse Bypass,2,,5.0,False,True,entity,Powerhouse Bypass,ENT,,,,12,True,2
S10,2,,5.0,False,True,entity,S10,ENT,,,,12,True,2
D_MIO010_WBF006,2,,5.0,False,True,arc,D_MIO010_WBF006,D,,,,12,True,2
"For modeling purposes, flows in PG&E lateral have been combined with flows in Western Canal",2,,5.0,False,True,entity,"For modeling purposes, flows in PG&E lateral have been combined with flows in Western Canal",ENT,,,,12,True,2
C_MON004,2,,5.0,False,True,arc,C_MON004,CH,,,,12,True,2
Bear Creek,2,,5.0,False,True,entity,Bear Creek,ENT,,,,12,True,2
Wdwrd,2,,5.0,False,True,entity,Wdwrd,ENT,,,,12,True,2
C_LLOYD,2,,5.0,False,True,arc,C_LLOYD,CH,,,,12,True,2
PCRST,2,,5.0,False,True,entity,PCRST,ENT,,,,12,True,2
S_SPICE,2,,5.0,False,True,entity,S_SPICE,ENT,,,,12,True,2
SVRWD,2,,5.0,False,True,entity,SVRWD,ENT,WD,,,12,True,2
SFY048,2,,5.0,False,True,entity,SFY048,ENT,,,,12,True,2
C_WRD006,2,,5.0,False,True,arc,C_WRD006,CH,,,,12,True,2
D_MOK035_60N_NU1,2,,5.0,False,True,arc,D_MOK035_60N_NU1,D,,,,12,True,2
NFF030,2,,5.0,False,True,entity,NFF030,ENT,,,,12,True,2
Lower Greeley Canal,2,,5.0,False,True,entity,Lower Greeley Canal,ENT,,,,12,True,2
All inflow assumed to percolate to groundwater,2,,5.0,False,True,entity,All inflow assumed to percolate to groundwater,ENT,,,,12,True,2
C603,2,,5.0,False,True,entity,C603,ENT,,,,12,True,2
Sand Bar Diversion Dam,2,,5.0,False,True,entity,Sand Bar Diversion Dam,ENT,,,,12,True,2
USGS 11229500 Ward Tunnel at Intake at Florence Lake,2,,5.0,False,True,entity,USGS 11229500 Ward Tunnel at Intake at Florence Lake,ENT,,,,12,True,2
Local Accretion,2,,5.0,False,True,entity,Local Accretion,ENT,,,,12,True,2
E18,2,,5.0,False,True,entity,E18,ENT,,,,12,True,2
D816,2,,5.0,False,True,entity,D816,ENT,,,,12,True,2
C_MFS012,2,,5.0,False,True,arc,C_MFS012,CH,,,,12,True,2
I_HTCHY,2,,5.0,False,True,entity,I_HTCHY,ENT,,,,12,True,2
60S_PA1 Stockton East WD,2,,5.0,False,True,entity,60S_PA1 Stockton East WD,ENT,WD,,,12,True,2
ANG017,2,,5.0,False,True,entity,ANG017,ENT,,,,12,True,2
Lake Perris,2,,5.0,False,True,entity,Lake Perris,ENT,,,,12,True,2
C_CAA183_TVC,2,,5.0,False,True,arc,C_CAA183_TVC,CH,,,,12,True,2
SSJID Main Canal,2,,5.0,False,True,entity,SSJID Main Canal,ENT,,,,12,True,2
C_RCT007,2,,5.0,False,True,arc,C_RCT007,CH,,,,12,True,2
Mono Creek,2,,5.0,False,True,entity,Mono Creek,ENT,,,,12,True,2
WTP NBR,2,,5.0,False,True,entity,WTP NBR,ENT,WTP,,,12,True,2
Miners Ranch Reservoir,2,,5.0,False,True,entity,Miners Ranch Reservoir,ENT,,,,12,True,2
SG147_STS053_23,2,,5.0,False,True,entity,SG147_STS053_23,ENT,,,,12,True,2
D899,2,,5.0,False,True,entity,D899,ENT,,,,12,True,2
GZL008,2,,5.0,False,True,entity,GZL008,ENT,,,,12,True,2
USGS 11230500 Bear Creek near Lake Thomas Edison,2,,5.0,False,True,entity,USGS 11230500 Bear Creek near Lake Thomas Edison,ENT,,,,12,True,2
GP_63_NA3,2,,5.0,False,True,entity,GP_63_NA3,ENT,,,,12,True,2
SG364_FTR008_64,2,,5.0,False,True,entity,SG364_FTR008_64,ENT,,,,12,True,2
GP_72_XA2,2,,5.0,False,True,entity,GP_72_XA2,ENT,,,,12,True,2
D_SAC041_ISF001,2,,5.0,False,True,arc,D_SAC041_ISF001,D,,,,12,True,2
E_SGRGE,2,,5.0,False,True,entity,E_SGRGE,ENT,,,,12,True,2
GP_91_PA,2,,5.0,False,True,entity,GP_91_PA,ENT,,,,12,True,2
D_HNGTN_BP1003,2,,5.0,False,True,arc,D_HNGTN_BP1003,D,,,,12,True,2
SG118_MCD042_17,2,,5.0,False,True,entity,SG118_MCD042_17,ENT,,,,12,True,2
Teerink Pumping Plant,2,,5.0,False,True,entity,Teerink Pumping Plant,ENT,,,,12,True,2
D143A,2,,5.0,False,True,entity,D143A,ENT,,,,12,True,2
D_DMC058_DMCLOS,2,,5.0,False,True,arc,D_DMC058_DMCLOS,D,,,,12,True,2
E_LYONS,2,,5.0,False,True,entity,E_LYONS,ENT,,,,12,True,2
Sacramento Weir,2,,5.0,False,True,entity,Sacramento Weir,ENT,,,,12,True,2
WTP SJP,2,,5.0,False,True,entity,WTP SJP,ENT,WTP,,,12,True,2
LBC047,2,,5.0,False,True,entity,LBC047,ENT,,,,12,True,2
C_BP8001,2,,5.0,False,True,arc,C_BP8001,CH,,,,12,True,2
SG380_AMR004_66,2,,5.0,False,True,entity,SG380_AMR004_66,ENT,,,,12,True,2
Interstate 99 Roadbridge Flow Requirement,2,,5.0,False,True,entity,Interstate 99 Roadbridge Flow Requirement,ENT,,,,12,True,2
C_EPS002,2,,5.0,False,True,arc,C_EPS002,CH,,,,12,True,2
C_CPF001,2,,5.0,False,True,arc,C_CPF001,CH,,,,12,True,2
ESB414,2,,5.0,False,True,entity,ESB414,ENT,,,,12,True,2
C_CAA183,2,,5.0,False,True,arc,C_CAA183,CH,,,,12,True,2
61_NA1 Non-District East,2,,5.0,False,True,entity,61_NA1 Non-District East,ENT,,,,12,True,2
SG158_SJR048_24,2,,5.0,False,True,entity,SG158_SJR048_24,ENT,,,,12,True,2
R_GDPUD_NA_NFA011,2,,5.0,False,True,arc,R_GDPUD_NA_NFA011,R,,,,12,True,2
C_NSC001,2,,5.0,False,True,arc,C_NSC001,CH,,,,12,True,2
"72_PR4 Los Banos WA Salt Slough, China Island and Gadwall units of North Grassland WA",2,,5.0,False,True,entity,"72_PR4 Los Banos WA Salt Slough, China Island and Gadwall units of North Grassland WA",ENT,,,,12,True,2
"09_SA2 RD 1004, Carter MWC, Jack Baber, Misc. Settlement Contractors",2,,5.0,False,True,entity,"09_SA2 RD 1004, Carter MWC, Jack Baber, Misc. Settlement Contractors",ENT,,,,12,True,2
D3,2,,5.0,False,True,entity,D3,ENT,,,,12,True,2
08S_PA Colusa Drain MWC (part),2,,5.0,False,True,entity,08S_PA Colusa Drain MWC (part),ENT,,,,12,True,2
D706_SLWD_PWD,2,,5.0,False,True,entity,D706_SLWD_PWD,ENT,WD,,,12,True,2
USGS 11451000 Cache Creek near Lower Lake,2,,5.0,False,True,entity,USGS 11451000 Cache Creek near Lower Lake,ENT,,,,12,True,2
USGS 11414200 South Yuba Canal near Emigrant Gap,2,,5.0,False,True,entity,USGS 11414200 South Yuba Canal near Emigrant Gap,ENT,,,,12,True,2
WTP VNY,2,,5.0,False,True,entity,WTP VNY,ENT,WTP,,,12,True,2
Check 13,2,,5.0,False,True,entity,Check 13,ENT,,,,12,True,2
I53,2,,5.0,False,True,entity,I53,ENT,,,,12,True,2
I_SLV015,2,,5.0,False,True,entity,I_SLV015,ENT,,,,12,True,2
D887,2,,5.0,False,True,entity,D887,ENT,,,,12,True,2
E52,2,,5.0,False,True,entity,E52,ENT,,,,12,True,2
SJR300,2,,5.0,False,True,node,SJR300,ENT,,,,12,True,2
NSC001,2,,5.0,False,True,entity,NSC001,ENT,,,,12,True,2
D125,2,,5.0,False,True,entity,D125,ENT,,,,12,True,2
USGS 11297200 SF Stanislaus River near Strawberry,2,,5.0,False,True,entity,USGS 11297200 SF Stanislaus River near Strawberry,ENT,,,,12,True,2
C_NFT008,2,,5.0,False,True,arc,C_NFT008,CH,,,,12,True,2
WSE000,2,,5.0,False,True,entity,WSE000,ENT,,,,12,True,2
E_WDWRD,2,,5.0,False,True,entity,E_WDWRD,ENT,WD,,,12,True,2
D_CAA172_CAALOS,2,,5.0,False,True,arc,D_CAA172_CAALOS,D,,,,12,True,2
SG297_SAC122_53,2,,5.0,False,True,entity,SG297_SAC122_53,ENT,,,,12,True,2
D_DMC116_DMCLOS,2,,5.0,False,True,arc,D_DMC116_DMCLOS,D,,,,12,True,2
D_NLC003_NCT001,2,,5.0,False,True,arc,D_NLC003_NCT001,D,,,,12,True,2
14_NA Browns Valley ID,2,,5.0,False,True,entity,14_NA Browns Valley ID,ENT,,,,12,True,2
Camp Creek Tunnel,2,,5.0,False,True,entity,Camp Creek Tunnel,ENT,,,,12,True,2
I_HPC001,2,,5.0,False,True,entity,I_HPC001,ENT,,,,12,True,2
D_MNRRH_KRT000,2,,5.0,False,True,arc,D_MNRRH_KRT000,D,,,,12,True,2
03_NU Small Communities,2,,5.0,False,True,entity,03_NU Small Communities,ENT,,,,12,True,2
USGS 11422500 Bear River below Rollins Dam near Colfax,2,,5.0,False,True,entity,USGS 11422500 Bear River below Rollins Dam near Colfax,ENT,,,,12,True,2
D_ANG015_ANC000,2,,5.0,False,True,arc,D_ANG015_ANC000,D,,,,12,True,2
GP_71_NA2,2,,5.0,False,True,entity,GP_71_NA2,ENT,,,,12,True,2
GP_73_NA,2,,5.0,False,True,entity,GP_73_NA,ENT,,,,12,True,2
C_SSJ008,2,,5.0,False,True,arc,C_SSJ008,CH,,,,12,True,2
PTM002,2,,5.0,False,True,entity,PTM002,ENT,,,,12,True,2
Check 42,2,,5.0,False,True,entity,Check 42,ENT,,,,12,True,2
SG299_SAC106_53,2,,5.0,False,True,entity,SG299_SAC106_53,ENT,,,,12,True,2
S_UNVLY,2,,5.0,False,True,entity,S_UNVLY,ENT,,,,12,True,2
D607C-8C_MWA,2,,5.0,False,True,entity,D607C-8C_MWA,ENT,,,,12,True,2
MCM001,2,,5.0,False,True,entity,MCM001,ENT,,,,12,True,2
D_EBP042_ESC004,2,,5.0,False,True,arc,D_EBP042_ESC004,D,,,,12,True,2
26S_PU5 Elk Grove WSC (East Elk Grove),2,,5.0,False,True,entity,26S_PU5 Elk Grove WSC (East Elk Grove),ENT,,,,12,True,2
HCH002,2,,5.0,False,True,entity,HCH002,ENT,,,,12,True,2
SG326_CBD018_56,2,,5.0,False,True,entity,SG326_CBD018_56,ENT,,,,12,True,2
DWR A02926 (CDEC SBP) RD 1500 Karnak PP,2,,5.0,False,True,entity,DWR A02926 (CDEC SBP) RD 1500 Karnak PP,ENT,,,,12,True,2
SG258_DRC005_47,2,,5.0,False,True,entity,SG258_DRC005_47,ENT,,,,12,True,2
I_TGC003,2,,5.0,False,True,entity,I_TGC003,ENT,,,,12,True,2
17N_NR Sutter and Butte Sink Duck Clubs,2,,5.0,False,True,entity,17N_NR Sutter and Butte Sink Duck Clubs,ENT,,,,12,True,2
NID Lincoln Gaging Station,2,,5.0,False,True,entity,NID Lincoln Gaging Station,ENT,,,,12,True,2
I_EBTML,2,,5.0,False,True,entity,I_EBTML,ENT,,,,12,True,2
D_WTPJAC_AMCYN,2,,5.0,False,True,arc,D_WTPJAC_AMCYN,D,WTP,,,12,True,2
DWR B04105 Tuolumne River at Tuolumne City,2,,5.0,False,True,entity,DWR B04105 Tuolumne River at Tuolumne City,ENT,,,,12,True,2
C_MON006,2,,5.0,False,True,arc,C_MON006,CH,,,,12,True,2
USGS 11374100 Bear Creek near Millville Discontinued,2,,5.0,False,True,entity,USGS 11374100 Bear Creek near Millville Discontinued,ENT,,,,12,True,2
USGS 11408000 Milton-Bowman Tunnel Outlet near Granteville,2,,5.0,False,True,entity,USGS 11408000 Milton-Bowman Tunnel Outlet near Granteville,ENT,,,,12,True,2
Tiger Creek Regulator,2,,5.0,False,True,entity,Tiger Creek Regulator,ENT,,,,12,True,2
Joint Board Canal,2,,5.0,False,True,entity,Joint Board Canal,ENT,,,,12,True,2
MFS012,2,,5.0,False,True,entity,MFS012,ENT,,,,12,True,2
USGS 11295230 Beaver Creek Below Diversion Dam near Arnold,2,,5.0,False,True,entity,USGS 11295230 Beaver Creek Below Diversion Dam near Arnold,ENT,,,,12,True,2
D_LBEAR_COL002,2,,5.0,False,True,arc,D_LBEAR_COL002,D,,,,12,True,2
C_FPT000,2,,5.0,False,True,arc,C_FPT000,CH,,,,12,True,2
R619WEST,2,,5.0,False,True,entity,R619WEST,ENT,,,,12,True,2
SG_CSM005_466,2,,5.0,False,True,entity,SG_CSM005_466,ENT,,,,12,True,2
USGS 11245000 South Fork Willow Creek near North Fork,2,,5.0,False,True,entity,USGS 11245000 South Fork Willow Creek near North Fork,ENT,,,,12,True,2
Hamilton Branch Powerhouse,2,,5.0,False,True,entity,Hamilton Branch Powerhouse,ENT,,,,12,True,2
SG230_SAC247_39,2,,5.0,False,True,entity,SG230_SAC247_39,ENT,,,,12,True,2
C_UTC001,2,,5.0,False,True,arc,C_UTC001,CH,,,,12,True,2
Los Perillas PP,2,,5.0,False,True,entity,Los Perillas PP,ENT,,,,12,True,2
"Texas, Fall, and Rucker Creeks",2,,5.0,False,True,entity,"Texas, Fall, and Rucker Creeks",ENT,,,,12,True,2
D124,2,,5.0,False,True,entity,D124,ENT,,,,12,True,2
SG285_BTC032_52,2,,5.0,False,True,entity,SG285_BTC032_52,ENT,,,,12,True,2
SG356_FTR012_61,2,,5.0,False,True,entity,SG356_FTR012_61,ENT,,,,12,True,2
D_RSS001_MPB007,2,,5.0,False,True,arc,D_RSS001_MPB007,D,,,,12,True,2
E_MDSTO,2,,5.0,False,True,entity,E_MDSTO,ENT,,,,12,True,2
City of American Canyon,2,,5.0,False,True,entity,City of American Canyon,ENT,,,,12,True,2
WRD004,2,,5.0,False,True,entity,WRD004,ENT,,,,12,True,2
SG375_NTOMA_66,2,,5.0,False,True,entity,SG375_NTOMA_66,ENT,,,,12,True,2
ELY001,2,,5.0,False,True,entity,ELY001,ENT,,,,12,True,2
I_FRNCH,2,,5.0,False,True,entity,I_FRNCH,ENT,,,,12,True,2
DA_MOK_MOK004_DV,2,,5.0,False,True,entity,DA_MOK_MOK004_DV,ENT,,,,12,True,2
USGS 11451760 Cache Creek above Rumsey Discontinued DWR (CDEC RUM) Cache Creek at Rumsey,2,,5.0,False,True,entity,USGS 11451760 Cache Creek above Rumsey Discontinued DWR (CDEC RUM) Cache Creek at Rumsey,ENT,,,,12,True,2
MFS047,2,,5.0,False,True,entity,MFS047,ENT,,,,12,True,2
Quinto Creek,2,,5.0,False,True,entity,Quinto Creek,ENT,,,,12,True,2
SG408_YBP014_70,2,,5.0,False,True,entity,SG408_YBP014_70,ENT,,,,12,True,2
D11,2,,5.0,False,True,entity,D11,ENT,,,,12,True,2
SG207_SAC289_32,2,,5.0,False,True,entity,SG207_SAC289_32,ENT,,,,12,True,2
D_DER011_NIDDC_NA2,2,,5.0,False,True,arc,D_DER011_NIDDC_NA2,D,,,,12,True,2
USGS 11323500 Mokelumne River below Camanche Dam,2,,5.0,False,True,entity,USGS 11323500 Mokelumne River below Camanche Dam,ENT,,,,12,True,2
USGS 11315900 Bear River below Lower Bear River Dam,2,,5.0,False,True,entity,USGS 11315900 Bear River below Lower Bear River Dam,ENT,,,,12,True,2
C_CSM001,2,,5.0,False,True,arc,C_CSM001,CH,,,,12,True,2
Bear River Diversion,2,,5.0,False,True,entity,Bear River Diversion,ENT,,,,12,True,2
"11_NU2 City of Biggs, Gridley, Live Oak WD, Small Communities",2,,5.0,False,True,entity,"11_NU2 City of Biggs, Gridley, Live Oak WD, Small Communities",ENT,WD,,,12,True,2
C18,2,,5.0,False,True,entity,C18,ENT,,,,12,True,2
USGS 11406910 Sutter-Butte Canal at Intake,2,,5.0,False,True,entity,USGS 11406910 Sutter-Butte Canal at Intake,ENT,,,,12,True,2
USGS 11297500 Tuolumne Canal near Long Barn,2,,5.0,False,True,entity,USGS 11297500 Tuolumne Canal near Long Barn,ENT,,,,12,True,2
WTP MOD,2,,5.0,False,True,entity,WTP MOD,ENT,WTP,,,12,True,2
Bowman Canal,2,,5.0,False,True,entity,Bowman Canal,ENT,,,,12,True,2
YB-91,2,,5.0,False,True,entity,YB-91,ENT,,,,12,True,2
Nevada Irrigation District Diversions at Auburn Ravine Dam and Hemphill Dam,2,,5.0,False,True,entity,Nevada Irrigation District Diversions at Auburn Ravine Dam and Hemphill Dam,ENT,,,,12,True,2
D_TUO047_62_NA4,2,,5.0,False,True,arc,D_TUO047_62_NA4,D,,,,12,True,2
62_NA4 Tuolumne River Riparian,2,,5.0,False,True,entity,62_NA4 Tuolumne River Riparian,ENT,,,,12,True,2
MFS015,2,,5.0,False,True,entity,MFS015,ENT,,,,12,True,2
MIO010,2,,5.0,False,True,entity,MIO010,ENT,,,,12,True,2
JWS004,2,,5.0,False,True,entity,JWS004,ENT,,,,12,True,2
Balls Ferry,2,,5.0,False,True,entity,Balls Ferry,ENT,,,,12,True,2
S_SLUIS_SWP,2,,5.0,False,True,entity,S_SLUIS_SWP,ENT,,,,12,True,2
BCK027,2,,5.0,False,True,entity,BCK027,ENT,,,,12,True,2
SG456_CWD009_78,2,,5.0,False,True,entity,SG456_CWD009_78,ENT,WD,,,12,True,2
S_SPLDG,2,,5.0,False,True,entity,S_SPLDG,ENT,,,,12,True,2
S_HNGTN,2,,5.0,False,True,entity,S_HNGTN,ENT,,,,12,True,2
CVP Refuge,2,,5.0,False,True,entity,CVP Refuge,ENT,,,,12,True,2
TD_EBP030_087,2,,5.0,False,True,entity,TD_EBP030_087,ENT,,,,12,True,2
Losses R-15A -->18A,2,,5.0,False,True,entity,Losses R-15A -->18A,ENT,,,,12,True,2
Proposed site of Alder Creek Reservoir,2,,5.0,False,True,entity,Proposed site of Alder Creek Reservoir,ENT,,,,12,True,2
SG163_CLV023_25,2,,5.0,False,True,entity,SG163_CLV023_25,ENT,,,,12,True,2
PINES,2,,5.0,False,True,entity,PINES,ENT,,,,12,True,2
Grizzly Forebay,2,,5.0,False,True,entity,Grizzly Forebay,ENT,,,,12,True,2
D419,2,,5.0,False,True,entity,D419,ENT,,,,12,True,2
GRVLD,2,,5.0,False,True,entity,GRVLD,ENT,,,,12,True,2
SanGorgonio Pass WA (Reach 26),2,,5.0,False,True,entity,SanGorgonio Pass WA (Reach 26),ENT,,,,12,True,2
Accretions to Hendricks Canal and discharges to Long Ravine not modeled in CalSim 3.0,2,,5.0,False,True,entity,Accretions to Hendricks Canal and discharges to Long Ravine not modeled in CalSim 3.0,ENT,,,,12,True,2
CSM051,2,,5.0,False,True,entity,CSM051,ENT,,,,12,True,2
D590,2,,5.0,False,True,entity,D590,ENT,,,,12,True,2
South Yuba Canal Wasteway,2,,5.0,False,True,entity,South Yuba Canal Wasteway,ENT,,,,12,True,2
SG249_THM021_45,2,,5.0,False,True,entity,SG249_THM021_45,ENT,,,,12,True,2
Inflows to NF Stanislaus River,2,,5.0,False,True,entity,Inflows to NF Stanislaus River,ENT,,,,12,True,2
D844,2,,5.0,False,True,entity,D844,ENT,,,,12,True,2
"04_NU2 City of Corning, Gerber-Las Flores CSD, Small Communities",2,,5.0,False,True,entity,"04_NU2 City of Corning, Gerber-Las Flores CSD, Small Communities",ENT,,,,12,True,2
Goose Lake FRS,2,,5.0,False,True,entity,Goose Lake FRS,ENT,,,,12,True,2
C_NFF069,2,,5.0,False,True,arc,C_NFF069,CH,,,,12,True,2
CAA181,2,,5.0,False,True,entity,CAA181,ENT,,,,12,True,2
D_RUB047_RRT000,2,,5.0,False,True,arc,D_RUB047_RRT000,D,,,,12,True,2
C_SSJ024,2,,5.0,False,True,arc,C_SSJ024,CH,,,,12,True,2
USGS 11238550 Big Creek Powerhouse No. 8 near Big Creek,2,,5.0,False,True,entity,USGS 11238550 Big Creek Powerhouse No. 8 near Big Creek,ENT,,,,12,True,2
D_CYN009_LBC001,2,,5.0,False,True,arc,D_CYN009_LBC001,D,,,,12,True,2
"USGS 11254000, (CDEC MEN) San Joaquin River near Mendota",2,,5.0,False,True,entity,"USGS 11254000, (CDEC MEN) San Joaquin River near Mendota",ENT,,,,12,True,2
NFW012,2,,5.0,False,True,entity,NFW012,ENT,,,,12,True,2
E_BEARD,2,,5.0,False,True,entity,E_BEARD,ENT,,,,12,True,2
BSC005,2,,5.0,False,True,entity,BSC005,ENT,,,,12,True,2
GP_72_PA,2,,5.0,False,True,entity,GP_72_PA,ENT,,,,12,True,2
South Bay Pumping Plant,2,,5.0,False,True,entity,South Bay Pumping Plant,ENT,,,,12,True,2
S_MCLRE,2,,5.0,False,True,entity,S_MCLRE,ENT,,,,12,True,2
ECT001,2,,5.0,False,True,entity,ECT001,ENT,,,,12,True,2
USGS 11408550 Middle Yuba River below Milton Dam,2,,5.0,False,True,entity,USGS 11408550 Middle Yuba River below Milton Dam,ENT,,,,12,True,2
C_NCM020,2,,5.0,False,True,arc,C_NCM020,CH,,,,12,True,2
USGS 11293000 MF Stanislaus River above San Bar Diversion Dam,2,,5.0,False,True,entity,USGS 11293000 MF Stanislaus River above San Bar Diversion Dam,ENT,,,,12,True,2
BGC008,2,,5.0,False,True,entity,BGC008,ENT,,,,12,True,2
C_WRT000,2,,5.0,False,True,arc,C_WRT000,CH,,,,12,True,2
C_CST004,2,,5.0,False,True,arc,C_CST004,CH,,,,12,True,2
R_15S_NU_OHWWTP,2,,5.0,False,True,arc,R_15S_NU_OHWWTP,R,WWTP,,,12,True,2
WWC001,2,,5.0,False,True,entity,WWC001,ENT,,,,12,True,2
C_GZL007,2,,5.0,False,True,arc,C_GZL007,CH,,,,12,True,2
Check/Siphon End of Repayment Reach 2A,2,,5.0,False,True,entity,Check/Siphon End of Repayment Reach 2A,ENT,,,,12,True,2
Pyramid Lake,2,,5.0,False,True,entity,Pyramid Lake,ENT,,,,12,True,2
E_BASSL,2,,5.0,False,True,entity,E_BASSL,ENT,,,,12,True,2
GDPUD_NU,2,,5.0,False,True,entity,GDPUD_NU,ENT,,,,12,True,2
SG138_TUO036_21,2,,5.0,False,True,entity,SG138_TUO036_21,ENT,,,,12,True,2
"05_NA Los Molinos MWC, Non-District Misc Settlement Contractors",2,,5.0,False,True,entity,"05_NA Los Molinos MWC, Non-District Misc Settlement Contractors",ENT,,,,12,True,2
C_HNGTN,2,,5.0,False,True,arc,C_HNGTN,CH,,,,12,True,2
SG352_FTR029_61,2,,5.0,False,True,entity,SG352_FTR029_61,ENT,,,,12,True,2
D520B,2,,5.0,False,True,entity,D520B,ENT,,,,12,True,2
D_HPC001_FLRNC,2,,5.0,False,True,arc,D_HPC001_FLRNC,D,,,,12,True,2
63_NA2 Merced Riparian,2,,5.0,False,True,entity,63_NA2 Merced Riparian,ENT,,,,12,True,2
16_NU Small Communities,2,,5.0,False,True,entity,16_NU Small Communities,ENT,,,,12,True,2
C_CAA242,2,,5.0,False,True,arc,C_CAA242,CH,,,,12,True,2
Tunnel Canal,2,,5.0,False,True,entity,Tunnel Canal,ENT,,,,12,True,2
D207A,2,,5.0,False,True,entity,D207A,ENT,,,,12,True,2
South Slide Creek,2,,5.0,False,True,entity,South Slide Creek,ENT,,,,12,True,2
Glenn-Colusa Canal,2,,5.0,False,True,entity,Glenn-Colusa Canal,ENT,,,,12,True,2
WTP WAL,2,,5.0,False,True,entity,WTP WAL,ENT,WTP,,,12,True,2
ESB408,2,,5.0,False,True,entity,ESB408,ENT,,,,12,True,2
Capita Canyon and minor streams,2,,5.0,False,True,entity,Capita Canyon and minor streams,ENT,,,,12,True,2
SG278_SAC174_51,2,,5.0,False,True,entity,SG278_SAC174_51,ENT,,,,12,True,2
"24_NU1 Placer County WA (City of Auburn, Bowman, Ophir, Newcastle)",2,,5.0,False,True,entity,"24_NU1 Placer County WA (City of Auburn, Bowman, Ophir, Newcastle)",ENT,,,,12,True,2
NIDDC_NA1,2,,5.0,False,True,entity,NIDDC_NA1,ENT,,,,12,True,2
C_TUO106,2,,5.0,False,True,arc,C_TUO106,CH,,,,12,True,2
SFW006,2,,5.0,False,True,entity,SFW006,ENT,,,,12,True,2
SG_CAP000_854,2,,5.0,False,True,entity,SG_CAP000_854,ENT,,,,12,True,2
C_SJR310,2,,5.0,False,True,arc,C_SJR310,CH,,,,12,True,2
Brush Creek,2,,5.0,False,True,entity,Brush Creek,ENT,,,,12,True,2
C803,2,,5.0,False,True,entity,C803,ENT,,,,12,True,2
Representation of the Yolo Bypass includes the Toe Drain along the East Levee,2,,5.0,False,True,entity,Representation of the Yolo Bypass includes the Toe Drain along the East Levee,ENT,,,,12,True,2
D407,2,,5.0,False,True,entity,D407,ENT,,,,12,True,2
S_LYONS,2,,5.0,False,True,entity,S_LYONS,ENT,,,,12,True,2
I_NLC003,2,,5.0,False,True,entity,I_NLC003,ENT,,,,12,True,2
I20,2,,5.0,False,True,entity,I20,ENT,,,,12,True,2
D834,2,,5.0,False,True,entity,D834,ENT,,,,12,True,2
Marsh Creek,2,,5.0,False,True,entity,Marsh Creek,ENT,,,,12,True,2
WCN002,2,,5.0,False,True,entity,WCN002,ENT,,,,12,True,2
C200A,2,,5.0,False,True,entity,C200A,ENT,,,,12,True,2
C_HTCHY,2,,5.0,False,True,arc,C_HTCHY,CH,,,,12,True,2
C_MFB000,2,,5.0,False,True,arc,C_MFB000,CH,,,,12,True,2
C_CQC000,2,,5.0,False,True,arc,C_CQC000,CH,,,,12,True,2
SG_DSC035_506,2,,5.0,False,True,entity,SG_DSC035_506,ENT,,,,12,True,2
D_ESB420_GRGNO,2,,5.0,False,True,arc,D_ESB420_GRGNO,D,,,,12,True,2
C_KPM010,2,,5.0,False,True,arc,C_KPM010,CH,,,,12,True,2
NFW010,2,,5.0,False,True,entity,NFW010,ENT,,,,12,True,2
E_ESTMN,2,,5.0,False,True,entity,E_ESTMN,ENT,,,,12,True,2
SFY043,2,,5.0,False,True,entity,SFY043,ENT,,,,12,True,2
SG84_CHW017_11,2,,5.0,False,True,entity,SG84_CHW017_11,ENT,,,,12,True,2
Oso Pumping Plant,2,,5.0,False,True,entity,Oso Pumping Plant,ENT,,,,12,True,2
USGS 11292860 JW Southern Powerplant,2,,5.0,False,True,entity,USGS 11292860 JW Southern Powerplant,ENT,,,,12,True,2
USGS 114412000 Silver Creek near Placerville,2,,5.0,False,True,entity,USGS 114412000 Silver Creek near Placerville,ENT,,,,12,True,2
SG337_SBP021_58,2,,5.0,False,True,entity,SG337_SBP021_58,ENT,,,,12,True,2
CQC000,2,,5.0,False,True,entity,CQC000,ENT,,,,12,True,2
19_NU Small communities,2,,5.0,False,True,entity,19_NU Small communities,ENT,,,,12,True,2
USGS 11422000 (YB-50) Bear River Canal Intake near ColFax,2,,5.0,False,True,entity,USGS 11422000 (YB-50) Bear River Canal Intake near ColFax,ENT,,,,12,True,2
"22_NU Sacramento International Airport, Northgate, Small Communities",2,,5.0,False,True,entity,"22_NU Sacramento International Airport, Northgate, Small Communities",ENT,,,,12,True,2
SG401_PTH020_69,2,,5.0,False,True,entity,SG401_PTH020_69,ENT,,,,12,True,2
SG271_BCC004_50,2,,5.0,False,True,entity,SG271_BCC004_50,ENT,,,,12,True,2
C_ALD004,2,,5.0,False,True,arc,C_ALD004,CH,,,,12,True,2
SBA019,2,,5.0,False,True,entity,SBA019,ENT,,,,12,True,2
KCWA R-15A-16A,2,,5.0,False,True,entity,KCWA R-15A-16A,ENT,,,,12,True,2
BSH002,2,,5.0,False,True,entity,BSH002,ENT,,,,12,True,2
TUO103,2,,5.0,False,True,entity,TUO103,ENT,,,,12,True,2
Madera Main Canal,2,,5.0,False,True,entity,Madera Main Canal,ENT,,,,12,True,2
CQC001,2,,5.0,False,True,entity,CQC001,ENT,,,,12,True,2
C_SJR278,2,,5.0,False,True,arc,C_SJR278,CH,,,,12,True,2
D412,2,,5.0,False,True,entity,D412,ENT,,,,12,True,2
"03_SA Anderson Cottonwood ID, Misc. Settlement Contractors",2,,5.0,False,True,entity,"03_SA Anderson Cottonwood ID, Misc. Settlement Contractors",ENT,,,,12,True,2
C_SBA019,2,,5.0,False,True,arc,C_SBA019,CH,,,,12,True,2
D_TUO015_61_NA3,2,,5.0,False,True,arc,D_TUO015_61_NA3,D,,,,12,True,2
USGS 11295270 NF Stanislaus River near MacKays Point Dam,2,,5.0,False,True,entity,USGS 11295270 NF Stanislaus River near MacKays Point Dam,ENT,,,,12,True,2
GP_64_PA1,2,,5.0,False,True,entity,GP_64_PA1,ENT,,,,12,True,2
D_NFF046_RCT007,2,,5.0,False,True,arc,D_NFF046_RCT007,D,,,,12,True,2
11_NU1 Thermalito ID (Oroville),2,,5.0,False,True,entity,11_NU1 Thermalito ID (Oroville),ENT,,,,12,True,2
C_PTM001,2,,5.0,False,True,arc,C_PTM001,CH,,,,12,True,2
USGS 11293600 NF Stanislaus River Below Diversion Dam near Big Meadows,2,,5.0,False,True,entity,USGS 11293600 NF Stanislaus River Below Diversion Dam near Big Meadows,ENT,,,,12,True,2
De Sabla Powerhouse,2,,5.0,False,True,entity,De Sabla Powerhouse,ENT,,,,12,True,2
Del Valle Pumping Plant,2,,5.0,False,True,entity,Del Valle Pumping Plant,ENT,,,,12,True,2
R564A,2,,5.0,False,True,entity,R564A,ENT,,,,12,True,2
"USGS 11390010, DWR A04265 Butte Creek near Durham",2,,5.0,False,True,entity,"USGS 11390010, DWR A04265 Butte Creek near Durham",ENT,,,,12,True,2
SG128_ORT014_19,2,,5.0,False,True,entity,SG128_ORT014_19,ENT,,,,12,True,2
D700_TRACY,2,,5.0,False,True,entity,D700_TRACY,ENT,,,,12,True,2
S_BUCKS,2,,5.0,False,True,entity,S_BUCKS,ENT,,,,12,True,2
R_61_NA6_SJR056,2,,5.0,False,True,arc,R_61_NA6_SJR056,R,,,,12,True,2
SG242_ELD005_42,2,,5.0,False,True,entity,SG242_ELD005_42,ENT,,,,12,True,2
C_CAA241,2,,5.0,False,True,arc,C_CAA241,CH,,,,12,True,2
71_PA2 West Stanislaus ID,2,,5.0,False,True,entity,71_PA2 West Stanislaus ID,ENT,,,,12,True,2
Local Inflow to Combie Reservoir,2,,5.0,False,True,entity,Local Inflow to Combie Reservoir,ENT,,,,12,True,2
I_C61002,2,,5.0,False,True,entity,I_C61002,ENT,,,,12,True,2
MIL003,2,,5.0,False,True,entity,MIL003,ENT,,,,12,True,2
SG373_SAC063_65,2,,5.0,False,True,entity,SG373_SAC063_65,ENT,,,,12,True,2
SG374_FOLSM_66,2,,5.0,False,True,entity,SG374_FOLSM_66,ENT,,,,12,True,2
SG210_SAC277_32,2,,5.0,False,True,entity,SG210_SAC277_32,ENT,,,,12,True,2
02_PA Clear Creek CSD,2,,5.0,False,True,entity,02_PA Clear Creek CSD,ENT,,,,12,True,2
D_DES006_NIDDC_NA1,2,,5.0,False,True,arc,D_DES006_NIDDC_NA1,D,,,,12,True,2
R_64_PA1_SJR235,2,,5.0,False,True,arc,R_64_PA1_SJR235,R,,,,12,True,2
GP_62_NA1,2,,5.0,False,True,entity,GP_62_NA1,ENT,,,,12,True,2
USGS 11315000 Cole Creek nr Salt Springs Dam,2,,5.0,False,True,entity,USGS 11315000 Cole Creek nr Salt Springs Dam,ENT,,,,12,True,2
ELDID_NA1,2,,5.0,False,True,entity,ELDID_NA1,ENT,,,,12,True,2
06_PA Orland Unit WUA,2,,5.0,False,True,entity,06_PA Orland Unit WUA,ENT,,,,12,True,2
USGS 11295505 Stanislaus Powerplant near Hatherway,2,,5.0,False,True,entity,USGS 11295505 Stanislaus Powerplant near Hatherway,ENT,,,,12,True,2
USGS 11277300 Cherry Creek below Valley Dam,2,,5.0,False,True,entity,USGS 11277300 Cherry Creek below Valley Dam,ENT,,,,12,True,2
Madera Canal,2,,5.0,False,True,entity,Madera Canal,ENT,,,,12,True,2
Check 28,2,,5.0,False,True,entity,Check 28,ENT,,,,12,True,2
D114,2,,5.0,False,True,entity,D114,ENT,,,,12,True,2
SBA016,2,,5.0,False,True,entity,SBA016,ENT,,,,12,True,2
Wallace Weir,2,,5.0,False,True,entity,Wallace Weir,ENT,,,,12,True,2
"09_NA Llano Seco Rancho, Dayton MWC, Non-District",2,,5.0,False,True,entity,"09_NA Llano Seco Rancho, Dayton MWC, Non-District",ENT,,,,12,True,2
91_PR Mendota WA,2,,5.0,False,True,entity,91_PR Mendota WA,ENT,,,,12,True,2
C_SCW004,2,,5.0,False,True,arc,C_SCW004,CH,,,,12,True,2
WSPNT_NU,2,,5.0,False,True,entity,WSPNT_NU,ENT,,,,12,True,2
Fremont Weir,2,,5.0,False,True,entity,Fremont Weir,ENT,,,,12,True,2
USGS 11408500 Middle Yuba River at Milton Dam Discontinued,2,,5.0,False,True,entity,USGS 11408500 Middle Yuba River at Milton Dam Discontinued,ENT,,,,12,True,2
USGS 11309500 Calaveras River at Jenny Lind,2,,5.0,False,True,entity,USGS 11309500 Calaveras River at Jenny Lind,ENT,,,,12,True,2
USGS 11238270 Middle Fork Balsam Creek below Balsam Meadow Forebay near Big Creek,2,,5.0,False,True,entity,USGS 11238270 Middle Fork Balsam Creek below Balsam Meadow Forebay near Big Creek,ENT,,,,12,True,2
D_FOLSM_EDCOCA_NU1,2,,5.0,False,True,arc,D_FOLSM_EDCOCA_NU1,D,,,,12,True,2
S20,2,,5.0,False,True,entity,S20,ENT,,,,12,True,2
R_62_NA3_SJR082,2,,5.0,False,True,arc,R_62_NA3_SJR082,R,,,,12,True,2
D_TBAUD_ELT010,2,,5.0,False,True,arc,D_TBAUD_ELT010,D,,,,12,True,2
Atwater Canal,2,,5.0,False,True,entity,Atwater Canal,ENT,,,,12,True,2
I_CRC002,2,,5.0,False,True,entity,I_CRC002,ENT,,,,12,True,2
DS Canal,2,,5.0,False,True,entity,DS Canal,ENT,,,,12,True,2
Local inflow to Middle Fork American River at Interbay Dam,2,,5.0,False,True,entity,Local inflow to Middle Fork American River at Interbay Dam,ENT,,,,12,True,2
C_NFS027,2,,5.0,False,True,arc,C_NFS027,CH,,,,12,True,2
D561,2,,5.0,False,True,entity,D561,ENT,,,,12,True,2
SJR305,2,,5.0,False,True,node,SJR305,ENT,,,,12,True,2
USGS 11230200 Hooper Creek below Diversion Dam near Florence Lake,2,,5.0,False,True,entity,USGS 11230200 Hooper Creek below Diversion Dam near Florence Lake,ENT,,,,12,True,2
STS090,2,,5.0,False,True,entity,STS090,ENT,,,,12,True,2
C_SSJ017,2,,5.0,False,True,arc,C_SSJ017,CH,,,,12,True,2
Salado Creek,2,,5.0,False,True,entity,Salado Creek,ENT,,,,12,True,2
SJR290,2,,5.0,False,True,node,SJR290,ENT,,,,12,True,2
USGS 11371600 Spring Creek Powerhouse at Keswick,2,,5.0,False,True,entity,USGS 11371600 Spring Creek Powerhouse at Keswick,ENT,,,,12,True,2
C_PHP000,2,,5.0,False,True,arc,C_PHP000,CH,,,,12,True,2
Camp Creek,2,,5.0,False,True,entity,Camp Creek,ENT,,,,12,True,2
E_BOWMN,2,,5.0,False,True,entity,E_BOWMN,ENT,,,,12,True,2
C_ESB408,2,,5.0,False,True,arc,C_ESB408,CH,,,,12,True,2
SG153_STS011_23,2,,5.0,False,True,entity,SG153_STS011_23,ENT,,,,12,True,2
D201,2,,5.0,False,True,entity,D201,ENT,,,,12,True,2
SG329_CBD000_56,2,,5.0,False,True,entity,SG329_CBD000_56,ENT,,,,12,True,2
NFF048,2,,5.0,False,True,entity,NFF048,ENT,,,,12,True,2
YB-56,2,,5.0,False,True,entity,YB-56,ENT,,,,12,True,2
YB-69,2,,5.0,False,True,entity,YB-69,ENT,,,,12,True,2
D_COL001_TGR002,2,,5.0,False,True,arc,D_COL001_TGR002,D,,,,12,True,2
WTP TAB,2,,5.0,False,True,entity,WTP TAB,ENT,WTP,,,12,True,2
USGS 11230560 Chinquapin Creek below Diversion Dam near Big Creek,2,,5.0,False,True,entity,USGS 11230560 Chinquapin Creek below Diversion Dam near Big Creek,ENT,,,,12,True,2
SG_MOK055_515,2,,5.0,False,True,entity,SG_MOK055_515,ENT,,,,12,True,2
D78A,2,,5.0,False,True,entity,D78A,ENT,,,,12,True,2
MON006,2,,5.0,False,True,entity,MON006,ENT,,,,12,True,2
Tiger Creek Powerhouse Conduit,2,,5.0,False,True,entity,Tiger Creek Powerhouse Conduit,ENT,,,,12,True,2
C_NFW010,2,,5.0,False,True,arc,C_NFW010,CH,,,,12,True,2
SSJ020,2,,5.0,False,True,entity,SSJ020,ENT,,,,12,True,2
I_WKYTN,2,,5.0,False,True,entity,I_WKYTN,ENT,,,,12,True,2
USGS 11231500 Mono Creek below Lake Thomas Edison,2,,5.0,False,True,entity,USGS 11231500 Mono Creek below Lake Thomas Edison,ENT,,,,12,True,2
D837,2,,5.0,False,True,entity,D837,ENT,,,,12,True,2
C_ESB306,2,,5.0,False,True,arc,C_ESB306,CH,,,,12,True,2
Garzas Creek,2,,5.0,False,True,entity,Garzas Creek,ENT,,,,12,True,2
"07S_NU Arbuckle PUD, Cachville CSD, Small Communities",2,,5.0,False,True,entity,"07S_NU Arbuckle PUD, Cachville CSD, Small Communities",ENT,,,,12,True,2
Merced River,2,,5.0,False,True,entity,Merced River,ENT,,,,12,True,2
USGS 11231551 Mono Bear Conduit near Mono Hot Springs,2,,5.0,False,True,entity,USGS 11231551 Mono Bear Conduit near Mono Hot Springs,ENT,,,,12,True,2
USGS 11433085 NF Long Canyon Creek below Diversion Tunnel,2,,5.0,False,True,entity,USGS 11433085 NF Long Canyon Creek below Diversion Tunnel,ENT,,,,12,True,2
Towle Canal/Alta PH Forebay,2,,5.0,False,True,entity,Towle Canal/Alta PH Forebay,ENT,,,,12,True,2
I_PTM002,2,,5.0,False,True,entity,I_PTM002,ENT,,,,12,True,2
Inflow to Hetch Hetchy Reservoir,2,,5.0,False,True,entity,Inflow to Hetch Hetchy Reservoir,ENT,,,,12,True,2
WTP CMT,2,,5.0,False,True,entity,WTP CMT,ENT,WTP,,,12,True,2
USGS 11425000 Feather River near Nicolaus Discontinued,2,,5.0,False,True,entity,USGS 11425000 Feather River near Nicolaus Discontinued,ENT,,,,12,True,2
WTP DEF,2,,5.0,False,True,entity,WTP DEF,ENT,WTP,,,12,True,2
TUO091,2,,5.0,False,True,entity,TUO091,ENT,,,,12,True,2
SG88_EBP030_11,2,,5.0,False,True,entity,SG88_EBP030_11,ENT,,,,12,True,2
Mariposa Creek,2,,5.0,False,True,entity,Mariposa Creek,ENT,,,,12,True,2
GP_72_NA1,2,,5.0,False,True,entity,GP_72_NA1,ENT,,,,12,True,2
Grizzly Forebay Tunnel,2,,5.0,False,True,entity,Grizzly Forebay Tunnel,ENT,,,,12,True,2
E_SILVR,2,,5.0,False,True,entity,E_SILVR,ENT,,,,12,True,2
CT_VERNALIS,2,,5.0,False,True,entity,CT_VERNALIS,ENT,,,,12,True,2
C_PTM002,2,,5.0,False,True,arc,C_PTM002,CH,,,,12,True,2
SFS033,2,,5.0,False,True,entity,SFS033,ENT,,,,12,True,2
D_MAMTH_MTB001,2,,5.0,False,True,arc,D_MAMTH_MTB001,D,,,,12,True,2
Desert WA (Reach 26A),2,,5.0,False,True,entity,Desert WA (Reach 26A),ENT,,,,12,True,2
GP_71_PA5,2,,5.0,False,True,entity,GP_71_PA5,ENT,,,,12,True,2
SG226_PYN001_38,2,,5.0,False,True,entity,SG226_PYN001_38,ENT,,,,12,True,2
D_MDC006_MDCLOS,2,,5.0,False,True,arc,D_MDC006_MDCLOS,D,,,,12,True,2
D_BRR066_DFF005,2,,5.0,False,True,arc,D_BRR066_DFF005,D,,,,12,True,2
S_BLKBT,2,,5.0,False,True,entity,S_BLKBT,ENT,,,,12,True,2
SG342_FTR063_59,2,,5.0,False,True,entity,SG342_FTR063_59,ENT,,,,12,True,2
USGS 11401110 Caribou Powerhouse 1 and 2 at Caribou,2,,5.0,False,True,entity,USGS 11401110 Caribou Powerhouse 1 and 2 at Caribou,ENT,,,,12,True,2
Losses R-30,2,,5.0,False,True,entity,Losses R-30,ENT,,,,12,True,2
USGS 11451720 Bear Creek near Rumsey Discontinued,2,,5.0,False,True,entity,USGS 11451720 Bear Creek near Rumsey Discontinued,ENT,,,,12,True,2
D884,2,,5.0,False,True,entity,D884,ENT,,,,12,True,2
Newman Wasteway,2,,5.0,False,True,entity,Newman Wasteway,ENT,,,,12,True,2
SG339_SBP014_58,2,,5.0,False,True,entity,SG339_SBP014_58,ENT,,,,12,True,2
USGS 11303000 Stanislaus River at Ripon,2,,5.0,False,True,entity,USGS 11303000 Stanislaus River at Ripon,ENT,,,,12,True,2
SLF009,2,,5.0,False,True,entity,SLF009,ENT,,,,12,True,2
D701_HWD,2,,5.0,False,True,entity,D701_HWD,ENT,WD,,,12,True,2
SFW001,2,,5.0,False,True,entity,SFW001,ENT,,,,12,True,2
SG269_BCC012_50,2,,5.0,False,True,entity,SG269_BCC012_50,ENT,,,,12,True,2
02_SU City of Redding,2,,5.0,False,True,entity,02_SU City of Redding,ENT,,,,12,True,2
S_RDNGR,2,,5.0,False,True,entity,S_RDNGR,ENT,,,,12,True,2
USGS 11447650 Sacramento River near Freeport,2,,5.0,False,True,entity,USGS 11447650 Sacramento River near Freeport,ENT,,,,12,True,2
D_DMC034_DMCLOS,2,,5.0,False,True,arc,D_DMC034_DMCLOS,D,,,,12,True,2
I52,2,,5.0,False,True,entity,I52,ENT,,,,12,True,2
"USGS 11375810 Cottonwood Creek near Olinda, Discontinued",2,,5.0,False,True,entity,"USGS 11375810 Cottonwood Creek near Olinda, Discontinued",ENT,,,,12,True,2
C_WRD005,2,,5.0,False,True,arc,C_WRD005,CH,,,,12,True,2
I_ELY001,2,,5.0,False,True,entity,I_ELY001,ENT,,,,12,True,2
C_SLUIS_CVP,2,,5.0,False,True,arc,C_SLUIS_CVP,CH,,,,12,True,2
Little Chico Creek,2,,5.0,False,True,entity,Little Chico Creek,ENT,,,,12,True,2
USGS 11433930 Mormon Ravine near Newcastle (low flow only),2,,5.0,False,True,entity,USGS 11433930 Mormon Ravine near Newcastle (low flow only),ENT,,,,12,True,2
C_MPS020,2,,5.0,False,True,arc,C_MPS020,CH,,,,12,True,2
S_SHSTA,2,,5.0,False,True,entity,S_SHSTA,ENT,,,,12,True,2
"Berenda Mesa WD (KCWA R-9, 10A, 11B 12D, 12E, 13B)",2,,5.0,False,True,entity,"Berenda Mesa WD (KCWA R-9, 10A, 11B 12D, 12E, 13B)",ENT,WD,,,12,True,2
D_ESB403_MOJVE,2,,5.0,False,True,arc,D_ESB403_MOJVE,D,,,,12,True,2
15N_NA1 Non-District,2,,5.0,False,True,entity,15N_NA1 Non-District,ENT,,,,12,True,2
ANG010,2,,5.0,False,True,entity,ANG010,ENT,,,,12,True,2
SG_DSC028_505,2,,5.0,False,True,entity,SG_DSC028_505,ENT,,,,12,True,2
C_TUO116,2,,5.0,False,True,arc,C_TUO116,CH,,,,12,True,2
USGS 11441895 Camino Powerhouse near Pollock Pines,2,,5.0,False,True,entity,USGS 11441895 Camino Powerhouse near Pollock Pines,ENT,,,,12,True,2
C_NFF030,2,,5.0,False,True,arc,C_NFF030,CH,,,,12,True,2
E_HHOLE,2,,5.0,False,True,entity,E_HHOLE,ENT,,,,12,True,2
D_CAA046_CAALOS,2,,5.0,False,True,arc,D_CAA046_CAALOS,D,,,,12,True,2
Devils Den R-31A,2,,5.0,False,True,entity,Devils Den R-31A,ENT,,,,12,True,2
"26S_PU6 Cal. Am. WC, Sacramento County WA Zone 41 (Vineyard, Sunrise Douglas, Mather, Sunrise, Rio Del Oro, Security Park, Grantline 99, Tokay Park)",2,,5.0,False,True,entity,"26S_PU6 Cal. Am. WC, Sacramento County WA Zone 41 (Vineyard, Sunrise Douglas, Mather, Sunrise, Rio Del Oro, Security Park, Grantline 99, Tokay Park)",ENT,,,,12,True,2
BPA003,2,,5.0,False,True,entity,BPA003,ENT,,,,12,True,2
S_PRRIS,2,,5.0,False,True,entity,S_PRRIS,ENT,,,,12,True,2
E76,2,,5.0,False,True,entity,E76,ENT,,,,12,True,2
SF Willow Creek,2,,5.0,False,True,entity,SF Willow Creek,ENT,,,,12,True,2
R_63_PR1_EBP048,2,,5.0,False,True,arc,R_63_PR1_EBP048,R,,,,12,True,2
D42,2,,5.0,False,True,entity,D42,ENT,,,,12,True,2
ESB306,2,,5.0,False,True,entity,ESB306,ENT,,,,12,True,2
D_DMC024_DMCLOS,2,,5.0,False,True,arc,D_DMC024_DMCLOS,D,,,,12,True,2
09_NU Small communities,2,,5.0,False,True,entity,09_NU Small communities,ENT,,,,12,True,2
WTP JAC,2,,5.0,False,True,entity,WTP JAC,ENT,WTP,,,12,True,2
C_STH003,2,,5.0,False,True,arc,C_STH003,CH,,,,12,True,2
PTH070,2,,5.0,False,True,entity,PTH070,ENT,,,,12,True,2
D868,2,,5.0,False,True,entity,D868,ENT,,,,12,True,2
Indian Slough,2,,5.0,False,True,entity,Indian Slough,ENT,,,,12,True,2
C_DONLL,2,,5.0,False,True,arc,C_DONLL,CH,,,,12,True,2
E_HNSLY,2,,5.0,False,True,entity,E_HNSLY,ENT,,,,12,True,2
Inflow to Cherry Lake,2,,5.0,False,True,entity,Inflow to Cherry Lake,ENT,,,,12,True,2
D_BOC001_WRD006,2,,5.0,False,True,arc,D_BOC001_WRD006,D,,,,12,True,2
SG336_SBP024_58,2,,5.0,False,True,entity,SG336_SBP024_58,ENT,,,,12,True,2
Salt Springs Powerhouse No. 1,2,,5.0,False,True,entity,Salt Springs Powerhouse No. 1,ENT,,,,12,True,2
I_MFS047,2,,5.0,False,True,entity,I_MFS047,ENT,,,,12,True,2
Trinity River Outflow,2,,5.0,False,True,entity,Trinity River Outflow,ENT,,,,12,True,2
USGS 11421710 Bear River near Emigrant Gap,2,,5.0,False,True,entity,USGS 11421710 Bear River near Emigrant Gap,ENT,,,,12,True,2
EDCOCA_NU3,2,,5.0,False,True,entity,EDCOCA_NU3,ENT,,,,12,True,2
D_CAA185_CSB001,2,,5.0,False,True,arc,D_CAA185_CSB001,D,,,,12,True,2
D_SFA040_WRT000,2,,5.0,False,True,arc,D_SFA040_WRT000,D,,,,12,True,2
SG360_BRR004_62,2,,5.0,False,True,entity,SG360_BRR004_62,ENT,,,,12,True,2
Pumping Plant No. 1,2,,5.0,False,True,entity,Pumping Plant No. 1,ENT,,,,12,True,2
E81,2,,5.0,False,True,entity,E81,ENT,,,,12,True,2
I_UBEAR,2,,5.0,False,True,entity,I_UBEAR,ENT,,,,12,True,2
D_EDC007_SFA059,2,,5.0,False,True,arc,D_EDC007_SFA059,D,,,,12,True,2
USGS 11260815(CDEC SJS) San Joaquin River near Stevinson (Lander Avenue),2,,5.0,False,True,entity,USGS 11260815(CDEC SJS) San Joaquin River near Stevinson (Lander Avenue),ENT,,,,12,True,2
WTP EDH,2,,5.0,False,True,entity,WTP EDH,ENT,WTP,,,12,True,2
USGS 11404360 Cresta Powerhouse near Pulga,2,,5.0,False,True,entity,USGS 11404360 Cresta Powerhouse near Pulga,ENT,,,,12,True,2
C_TUO105,2,,5.0,False,True,arc,C_TUO105,CH,,,,12,True,2
62_NA3 Turlock ID,2,,5.0,False,True,entity,62_NA3 Turlock ID,ENT,,,,12,True,2
C_C62001,2,,5.0,False,True,arc,C_C62001,CH,,,,12,True,2
Northside Diversion Dam,2,,5.0,False,True,entity,Northside Diversion Dam,ENT,,,,12,True,2
SG219_CWD003_35,2,,5.0,False,True,entity,SG219_CWD003_35,ENT,WD,,,12,True,2
S_SHVER,2,,5.0,False,True,entity,S_SHVER,ENT,,,,12,True,2
MPS020,2,,5.0,False,True,entity,MPS020,ENT,,,,12,True,2
USGS 11281000 SF Tuolumne River nr Oakland Recreation Camp,2,,5.0,False,True,entity,USGS 11281000 SF Tuolumne River nr Oakland Recreation Camp,ENT,,,,12,True,2
C_CVT009,2,,5.0,False,True,arc,C_CVT009,CH,,,,12,True,2
CAA279,2,,5.0,False,True,entity,CAA279,ENT,,,,12,True,2
SG365_FTR003_64,2,,5.0,False,True,entity,SG365_FTR003_64,ENT,,,,12,True,2
CSB004,2,,5.0,False,True,entity,CSB004,ENT,,,,12,True,2
BOC001,2,,5.0,False,True,entity,BOC001,ENT,,,,12,True,2
D805,2,,5.0,False,True,entity,D805,ENT,,,,12,True,2
C_WRD004,2,,5.0,False,True,arc,C_WRD004,CH,,,,12,True,2
D6,2,,5.0,False,True,entity,D6,ENT,,,,12,True,2
D_MID021_DED010,2,,5.0,False,True,arc,D_MID021_DED010,D,,,,12,True,2
SG407_YBP016_70,2,,5.0,False,True,entity,SG407_YBP016_70,ENT,,,,12,True,2
GP_72_XA3,2,,5.0,False,True,entity,GP_72_XA3,ENT,,,,12,True,2
C_WRM003,2,,5.0,False,True,arc,C_WRM003,CH,,,,12,True,2
D_DRM003_DRMLOS,2,,5.0,False,True,arc,D_DRM003_DRMLOS,D,,,,12,True,2
USGS 11283500 Clavey River nr Bucks Meadow,2,,5.0,False,True,entity,USGS 11283500 Clavey River nr Bucks Meadow,ENT,,,,12,True,2
C_SJR312,2,,5.0,False,True,arc,C_SJR312,CH,,,,12,True,2
D_WTPFBN_26S_NU3,2,,5.0,False,True,arc,D_WTPFBN_26S_NU3,D,WTP,,,12,True,2
USGS 11245300 Willow Creek near North Fork CA,2,,5.0,False,True,entity,USGS 11245300 Willow Creek near North Fork CA,ENT,,,,12,True,2
SG149_STS043_23,2,,5.0,False,True,entity,SG149_STS043_23,ENT,,,,12,True,2
D_FOLSM_EDCOCA_NA2,2,,5.0,False,True,arc,D_FOLSM_EDCOCA_NA2,D,,,,12,True,2
Local Inflow to MF Stanislaus River,2,,5.0,False,True,entity,Local Inflow to MF Stanislaus River,ENT,,,,12,True,2
USGS 11238400 Big Creek Powerhouse No. 2A near Big Creek,2,,5.0,False,True,entity,USGS 11238400 Big Creek Powerhouse No. 2A near Big Creek,ENT,,,,12,True,2
"90_PU Avenal, Coalinga, Huron",2,,5.0,False,True,entity,"90_PU Avenal, Coalinga, Huron",ENT,,,,12,True,2
C_TUO091,2,,5.0,False,True,arc,C_TUO091,CH,,,,12,True,2
D_WRT000_EDCOCA_NA1,2,,5.0,False,True,arc,D_WRT000_EDCOCA_NA1,D,,,,12,True,2
ANGLS,2,,5.0,False,True,entity,ANGLS,ENT,,,,12,True,2
SG277_SAC178_51,2,,5.0,False,True,entity,SG277_SAC178_51,ENT,,,,12,True,2
SG68_SJR173_8,2,,5.0,False,True,entity,SG68_SJR173_8,ENT,,,,12,True,2
24_NA3 Placer County WA Zone 1,2,,5.0,False,True,entity,24_NA3 Placer County WA Zone 1,ENT,,,,12,True,2
C_WLW000,2,,5.0,False,True,arc,C_WLW000,CH,,,,12,True,2
61_PA1 Oakdale ID North,2,,5.0,False,True,entity,61_PA1 Oakdale ID North,ENT,,,,12,True,2
I_SFS030,2,,5.0,False,True,entity,I_SFS030,ENT,,,,12,True,2
SG200_SJR022_31,2,,5.0,False,True,entity,SG200_SJR022_31,ENT,,,,12,True,2
NFW008,2,,5.0,False,True,entity,NFW008,ENT,,,,12,True,2
24_NU3 Nevada ID (North Auburn),2,,5.0,False,True,entity,24_NU3 Nevada ID (North Auburn),ENT,,,,12,True,2
NFT008,2,,5.0,False,True,entity,NFT008,ENT,,,,12,True,2
C_NFS007,2,,5.0,False,True,arc,C_NFS007,CH,,,,12,True,2
SG253_THM005_45,2,,5.0,False,True,entity,SG253_THM005_45,ENT,,,,12,True,2
C_NFW023,2,,5.0,False,True,arc,C_NFW023,CH,,,,12,True,2
D7B,2,,5.0,False,True,entity,D7B,ENT,,,,12,True,2
Willow Slough Bypass,2,,5.0,False,True,entity,Willow Slough Bypass,ENT,,,,12,True,2
"USGS 11424000, DWR A06650 (BRW) Bear River near Wheatland",2,,5.0,False,True,entity,"USGS 11424000, DWR A06650 (BRW) Bear River near Wheatland",ENT,,,,12,True,2
I_MFS013,2,,5.0,False,True,entity,I_MFS013,ENT,,,,12,True,2
Alder Creek local inflow,2,,5.0,False,True,entity,Alder Creek local inflow,ENT,,,,12,True,2
72_NA1 Souza & Sons,2,,5.0,False,True,entity,72_NA1 Souza & Sons,ENT,,,,12,True,2
Plum Creek,2,,5.0,False,True,entity,Plum Creek,ENT,,,,12,True,2
D_SYC002_BRR074,2,,5.0,False,True,arc,D_SYC002_BRR074,D,,,,12,True,2
USGS 11316000 Bear River nr Salt Springs Dam,2,,5.0,False,True,entity,USGS 11316000 Bear River nr Salt Springs Dam,ENT,,,,12,True,2
C_BSH002,2,,5.0,False,True,arc,C_BSH002,CH,,,,12,True,2
D_CAA194_KERN,2,,5.0,False,True,arc,D_CAA194_KERN,D,,,,12,True,2
20_PA UC Davis,2,,5.0,False,True,entity,20_PA UC Davis,ENT,,,,12,True,2
C_CSB009,2,,5.0,False,True,arc,C_CSB009,CH,,,,12,True,2
"02_NU City of Anderson, Cottonwood WD, Small Communities",2,,5.0,False,True,entity,"02_NU City of Anderson, Cottonwood WD, Small Communities",ENT,WD,,,12,True,2
D894,2,,5.0,False,True,entity,D894,ENT,,,,12,True,2
SG320_CBD041_55,2,,5.0,False,True,entity,SG320_CBD041_55,ENT,,,,12,True,2
UTC000,2,,5.0,False,True,entity,UTC000,ENT,,,,12,True,2
C_BRC000,2,,5.0,False,True,arc,C_BRC000,CH,,,,12,True,2
Slab Creek Reservoir,2,,5.0,False,True,entity,Slab Creek Reservoir,ENT,,,,12,True,2
C_BCB001,2,,5.0,False,True,arc,C_BCB001,CH,,,,12,True,2
I_NFF046,2,,5.0,False,True,entity,I_NFF046,ENT,,,,12,True,2
D_SFF019_FPT000,2,,5.0,False,True,arc,D_SFF019_FPT000,D,,,,12,True,2
I_GZL009,2,,5.0,False,True,entity,I_GZL009,ENT,,,,12,True,2
SBA009,2,,5.0,False,True,entity,SBA009,ENT,,,,12,True,2
"15N_NU CalWater (Marysville), Small Communities",2,,5.0,False,True,entity,"15N_NU CalWater (Marysville), Small Communities",ENT,,,,12,True,2
SJR102,2,,5.0,False,True,node,SJR102,ENT,,,,12,True,2
TGC002,2,,5.0,False,True,entity,TGC002,ENT,,,,12,True,2
WTP MNR,2,,5.0,False,True,entity,WTP MNR,ENT,WTP,,,12,True,2
D_TBAUD_AMADR_NU,2,,5.0,False,True,arc,D_TBAUD_AMADR_NU,D,,,,12,True,2
USGS 11441800 Silver Creek below Junction Dam near Pollock Pines,2,,5.0,False,True,entity,USGS 11441800 Silver Creek below Junction Dam near Pollock Pines,ENT,,,,12,True,2
SG260_SAC214_48,2,,5.0,False,True,entity,SG260_SAC214_48,ENT,,,,12,True,2
I_SSC001,2,,5.0,False,True,entity,I_SSC001,ENT,,,,12,True,2
NCT001,2,,5.0,False,True,entity,NCT001,ENT,,,,12,True,2
D_CAA304_WSB001,2,,5.0,False,True,arc,D_CAA304_WSB001,D,,,,12,True,2
RDNGR,2,,5.0,False,True,entity,RDNGR,ENT,,,,12,True,2
S_ESTMN,2,,5.0,False,True,entity,S_ESTMN,ENT,,,,12,True,2
S_CSTIC,2,,5.0,False,True,entity,S_CSTIC,ENT,,,,12,True,2
BASSL,2,,5.0,False,True,entity,BASSL,ENT,,,,12,True,2
D_ESB406_ESBLOS,2,,5.0,False,True,arc,D_ESB406_ESBLOS,D,,,,12,True,2
C_UBEAR,2,,5.0,False,True,arc,C_UBEAR,CH,,,,12,True,2
YB-192,2,,5.0,False,True,entity,YB-192,ENT,,,,12,True,2
ESB433,2,,5.0,False,True,entity,ESB433,ENT,,,,12,True,2
Green Valley WD (County of Kings),2,,5.0,False,True,entity,Green Valley WD (County of Kings),ENT,WD,,,12,True,2
S_DELVE,2,,5.0,False,True,entity,S_DELVE,ENT,,,,12,True,2
C_CAPLS,2,,5.0,False,True,arc,C_CAPLS,CH,,,,12,True,2
SG123_MCD009_17,2,,5.0,False,True,entity,SG123_MCD009_17,ENT,,,,12,True,2
Jones Pumping Plant,2,,5.0,False,True,entity,Jones Pumping Plant,ENT,,,,12,True,2
12_NU1 CalWater (Oroville),2,,5.0,False,True,entity,12_NU1 CalWater (Oroville),ENT,,,,12,True,2
D835,2,,5.0,False,True,entity,D835,ENT,,,,12,True,2
SG417_SAC000_71,2,,5.0,False,True,entity,SG417_SAC000_71,ENT,,,,12,True,2
C_BOC002,2,,5.0,False,True,arc,C_BOC002,CH,,,,12,True,2
SG87_EBP030_11,2,,5.0,False,True,entity,SG87_EBP030_11,ENT,,,,12,True,2
WTP RS1,2,,5.0,False,True,entity,WTP RS1,ENT,WTP,,,12,True,2
E_HTCHY,2,,5.0,False,True,entity,E_HTCHY,ENT,,,,12,True,2
C_RSL001B,2,,5.0,False,True,arc,C_RSL001B,CH,,,,12,True,2
USGS 11430000 South Fork Rubicon River below Gerle Creek near Georgetown,2,,5.0,False,True,entity,USGS 11430000 South Fork Rubicon River below Gerle Creek near Georgetown,ENT,,,,12,True,2
ANC000,2,,5.0,False,True,entity,ANC000,ENT,,,,12,True,2
C400,2,,5.0,False,True,entity,C400,ENT,,,,12,True,2
SG85_CHW011_11,2,,5.0,False,True,entity,SG85_CHW011_11,ENT,,,,12,True,2
C_SLV001,2,,5.0,False,True,arc,C_SLV001,CH,,,,12,True,2
Philadelphia Canal Diversion Dan,2,,5.0,False,True,entity,Philadelphia Canal Diversion Dan,ENT,,,,12,True,2
C_GZL009,2,,5.0,False,True,arc,C_GZL009,CH,,,,12,True,2
TD_MOK014_197,2,,5.0,False,True,entity,TD_MOK014_197,ENT,,,,12,True,2
71_PA7 Oak Flat,2,,5.0,False,True,entity,71_PA7 Oak Flat,ENT,,,,12,True,2
SFA039,2,,5.0,False,True,entity,SFA039,ENT,,,,12,True,2
I412,2,,5.0,False,True,entity,I412,ENT,,,,12,True,2
D_BASSL_PCB001,2,,5.0,False,True,arc,D_BASSL_PCB001,D,,,,12,True,2
WPT005,2,,5.0,False,True,entity,WPT005,ENT,,,,12,True,2
I410,2,,5.0,False,True,entity,I410,ENT,,,,12,True,2
Thermalito Power Canal and Thermalito Forebay,2,,5.0,False,True,entity,Thermalito Power Canal and Thermalito Forebay,ENT,,,,12,True,2
BP2004,2,,5.0,False,True,entity,BP2004,ENT,,,,12,True,2
I_CQC001,2,,5.0,False,True,entity,I_CQC001,ENT,,,,12,True,2
SG455_CWD013_77,2,,5.0,False,True,entity,SG455_CWD013_77,ENT,WD,,,12,True,2
Central Amador Water Project,2,,5.0,False,True,entity,Central Amador Water Project,ENT,,,,12,True,2
Check 7,2,,5.0,False,True,entity,Check 7,ENT,,,,12,True,2
NFF069,2,,5.0,False,True,entity,NFF069,ENT,,,,12,True,2
SG340_SBP012_58,2,,5.0,False,True,entity,SG340_SBP012_58,ENT,,,,12,True,2
D_WTPEDH_ELDID_NU3,2,,5.0,False,True,arc,D_WTPEDH_ELDID_NU3,D,WTP,,,12,True,2
South Fork American River near Placerville Local Inflow,2,,5.0,False,True,entity,South Fork American River near Placerville Local Inflow,ENT,,,,12,True,2
C609B,2,,5.0,False,True,entity,C609B,ENT,,,,12,True,2
D_MON005_MCM001,2,,5.0,False,True,arc,D_MON005_MCM001,D,,,,12,True,2
D707,2,,5.0,False,True,entity,D707,ENT,,,,12,True,2
SG139_TUO030_21,2,,5.0,False,True,entity,SG139_TUO030_21,ENT,,,,12,True,2
C52,2,,5.0,False,True,entity,C52,ENT,,,,12,True,2
"03_PU1 Jones Valley CSA, Shasta Lake CSD, Mountain Gate CSD",2,,5.0,False,True,entity,"03_PU1 Jones Valley CSA, Shasta Lake CSD, Mountain Gate CSD",ENT,,,,12,True,2
BRC000,2,,5.0,False,True,entity,BRC000,ENT,,,,12,True,2
USGS 11420700 Dry Creek near Browns Valley Discontinued,2,,5.0,False,True,entity,USGS 11420700 Dry Creek near Browns Valley Discontinued,ENT,,,,12,True,2
USGS 11251000 San Joaquin River below Friant Dam,2,,5.0,False,True,entity,USGS 11251000 San Joaquin River below Friant Dam,ENT,,,,12,True,2
C_LBC031,2,,5.0,False,True,arc,C_LBC031,CH,,,,12,True,2
I300,2,,5.0,False,True,entity,I300,ENT,,,,12,True,2
SG209_SAC281_32,2,,5.0,False,True,entity,SG209_SAC281_32,ENT,,,,12,True,2
D_CQC001_WRD003,2,,5.0,False,True,arc,D_CQC001_WRD003,D,,,,12,True,2
SG338_SBP018_58,2,,5.0,False,True,entity,SG338_SBP018_58,ENT,,,,12,True,2
USGS 11396000 Lost Creek near Clipper Mills,2,,5.0,False,True,entity,USGS 11396000 Lost Creek near Clipper Mills,ENT,,,,12,True,2
SG335_SBP028_58,2,,5.0,False,True,entity,SG335_SBP028_58,ENT,,,,12,True,2
CSB009,2,,5.0,False,True,entity,CSB009,ENT,,,,12,True,2
SG350_YUB006_60,2,,5.0,False,True,entity,SG350_YUB006_60,ENT,,,,12,True,2
Lewiston Local Inflow,2,,5.0,False,True,entity,Lewiston Local Inflow,ENT,,,,12,True,2
PHP000,2,,5.0,False,True,entity,PHP000,ENT,,,,12,True,2
D145A,2,,5.0,False,True,entity,D145A,ENT,,,,12,True,2
For PCWA Zone 5,2,,5.0,False,True,entity,For PCWA Zone 5,ENT,,,,12,True,2
E_ANTLP,2,,5.0,False,True,entity,E_ANTLP,ENT,,,,12,True,2
E_OROVL,2,,5.0,False,True,entity,E_OROVL,ENT,,,,12,True,2
CAA184,2,,5.0,False,True,entity,CAA184,ENT,,,,12,True,2
Minor North-East Streams,2,,5.0,False,True,entity,Minor North-East Streams,ENT,,,,12,True,2
C824,2,,5.0,False,True,entity,C824,ENT,,,,12,True,2
USGS 11311000 Stockton Diverting Canal Discontinued,2,,5.0,False,True,entity,USGS 11311000 Stockton Diverting Canal Discontinued,ENT,,,,12,True,2
D_DRM000_DRM001,2,,5.0,False,True,arc,D_DRM000_DRM001,D,,,,12,True,2
SG122_MCD014_17,2,,5.0,False,True,entity,SG122_MCD014_17,ENT,,,,12,True,2
San Gabriel Valley MWD (Reach 26),2,,5.0,False,True,entity,San Gabriel Valley MWD (Reach 26),ENT,WD,,,12,True,2
D_SSC001_FLRNC,2,,5.0,False,True,arc,D_SSC001_FLRNC,D,,,,12,True,2
South Canal,2,,5.0,False,True,entity,South Canal,ENT,,,,12,True,2
USGS 11433080 NF Long Canyon Creek Diversion Tunnel,2,,5.0,False,True,entity,USGS 11433080 NF Long Canyon Creek Diversion Tunnel,ENT,,,,12,True,2
11_SA2 Richvale ID,2,,5.0,False,True,entity,11_SA2 Richvale ID,ENT,,,,12,True,2
S_MELON,2,,5.0,False,True,entity,S_MELON,ENT,,,,12,True,2
"USGS 11414190 Drum Canal above Drum Forebay, near Blue Canyon Discontinued",2,,5.0,False,True,entity,"USGS 11414190 Drum Canal above Drum Forebay, near Blue Canyon Discontinued",ENT,,,,12,True,2
BP8001,2,,5.0,False,True,entity,BP8001,ENT,,,,12,True,2
WSB006,2,,5.0,False,True,entity,WSB006,ENT,,,,12,True,2
E_SLUIS_CVP,2,,5.0,False,True,entity,E_SLUIS_CVP,ENT,,,,12,True,2
D_WSB026_WSBLOS,2,,5.0,False,True,arc,D_WSB026_WSBLOS,D,,,,12,True,2
Kellogg Creek,2,,5.0,False,True,entity,Kellogg Creek,ENT,,,,12,True,2
C_CAA293,2,,5.0,False,True,arc,C_CAA293,CH,,,,12,True,2
USGS 11290000 Tuolumne River at Modesto,2,,5.0,False,True,entity,USGS 11290000 Tuolumne River at Modesto,ENT,,,,12,True,2
I91,2,,5.0,False,True,entity,I91,ENT,,,,12,True,2
Putah South Canal Terminal Reservoir,2,,5.0,False,True,entity,Putah South Canal Terminal Reservoir,ENT,,,,12,True,2
SG52_FSL005_4,2,,5.0,False,True,entity,SG52_FSL005_4,ENT,,,,12,True,2
WTP BUK,2,,5.0,False,True,entity,WTP BUK,ENT,WTP,,,12,True,2
60N_NU2 Rancho Murieta,2,,5.0,False,True,entity,60N_NU2 Rancho Murieta,ENT,,,,12,True,2
SSJ015,2,,5.0,False,True,entity,SSJ015,ENT,,,,12,True,2
D_DMC080_DMCLOS,2,,5.0,False,True,arc,D_DMC080_DMCLOS,D,,,,12,True,2
Echo Lake Inflow,2,,5.0,False,True,entity,Echo Lake Inflow,ENT,,,,12,True,2
SG379_AMR004_66,2,,5.0,False,True,entity,SG379_AMR004_66,ENT,,,,12,True,2
OXB000,2,,5.0,False,True,entity,OXB000,ENT,,,,12,True,2
TD_FRS022_074,2,,5.0,False,True,entity,TD_FRS022_074,ENT,,,,12,True,2
20_NA2 Non-District,2,,5.0,False,True,entity,20_NA2 Non-District,ENT,,,,12,True,2
GP_63_NA5,2,,5.0,False,True,entity,GP_63_NA5,ENT,,,,12,True,2
EBMUD Terminal Reservoirs,2,,5.0,False,True,entity,EBMUD Terminal Reservoirs,ENT,,,,12,True,2
C_OXB000,2,,5.0,False,True,arc,C_OXB000,CH,,,,12,True,2
USGS 11462190 Lake Valley Canal near Emigrant Camp,2,,5.0,False,True,entity,USGS 11462190 Lake Valley Canal near Emigrant Camp,ENT,,,,12,True,2
SG105_BCK040_15,2,,5.0,False,True,entity,SG105_BCK040_15,ENT,,,,12,True,2
Solano ID (South),2,,5.0,False,True,entity,Solano ID (South),ENT,,,,12,True,2
TD_SJR043_168,2,,5.0,False,True,entity,TD_SJR043_168,ENT,,,,12,True,2
Wilkins Slough Pumping Plant,2,,5.0,False,True,entity,Wilkins Slough Pumping Plant,ENT,,,,12,True,2
YB-96 (does not include deliveries to Alta WTP from Alta Forebay),2,,5.0,False,True,entity,YB-96 (does not include deliveries to Alta WTP from Alta Forebay),ENT,WTP,,,12,True,2
I_NFF058,2,,5.0,False,True,entity,I_NFF058,ENT,,,,12,True,2
GP_71_PA4,2,,5.0,False,True,entity,GP_71_PA4,ENT,,,,12,True,2
C_OMR024B,2,,5.0,False,True,arc,C_OMR024B,CH,,,,12,True,2
SG120_MCD028_17,2,,5.0,False,True,entity,SG120_MCD028_17,ENT,,,,12,True,2
Moccasin Creek,2,,5.0,False,True,entity,Moccasin Creek,ENT,,,,12,True,2
E_NHGAN,2,,5.0,False,True,entity,E_NHGAN,ENT,,,,12,True,2
S41,2,,5.0,False,True,entity,S41,ENT,,,,12,True,2
Delta Cross Channel,2,,5.0,False,True,entity,Delta Cross Channel,ENT,,,,12,True,2
DWR (CDEC CRS) Merced River at Cressey,2,,5.0,False,True,entity,DWR (CDEC CRS) Merced River at Cressey,ENT,,,,12,True,2
SG64_SJR198_8,2,,5.0,False,True,entity,SG64_SJR198_8,ENT,,,,12,True,2
D_ESB414_BRDNO,2,,5.0,False,True,arc,D_ESB414_BRDNO,D,,,,12,True,2
C_STH002,2,,5.0,False,True,arc,C_STH002,CH,,,,12,True,2
USGS 11433040 Pilot Creek below Mutton Canyon,2,,5.0,False,True,entity,USGS 11433040 Pilot Creek below Mutton Canyon,ENT,,,,12,True,2
WTP BLV,2,,5.0,False,True,entity,WTP BLV,ENT,WTP,,,12,True,2
C588,2,,5.0,False,True,entity,C588,ENT,,,,12,True,2
NFS032,2,,5.0,False,True,entity,NFS032,ENT,,,,12,True,2
"11_SA3 Biggs-West Gridley WD, Butte WD",2,,5.0,False,True,entity,"11_SA3 Biggs-West Gridley WD, Butte WD",ENT,WD,,,12,True,2
D_MNZNT_SP2003,2,,5.0,False,True,arc,D_MNZNT_SP2003,D,,,,12,True,2
Inflow to Fordyce Lake,2,,5.0,False,True,entity,Inflow to Fordyce Lake,ENT,,,,12,True,2
USGS 11276900 Tuolumne River Below Early Intake,2,,5.0,False,True,entity,USGS 11276900 Tuolumne River Below Early Intake,ENT,,,,12,True,2
SG372_SAC066_65,2,,5.0,False,True,entity,SG372_SAC066_65,ENT,,,,12,True,2
S_KRCKH,2,,5.0,False,True,entity,S_KRCKH,ENT,,,,12,True,2
E_THRMA,2,,5.0,False,True,entity,E_THRMA,ENT,,,,12,True,2
USGS 11427770 Duncan Canyon Creek near French Meadows,2,,5.0,False,True,entity,USGS 11427770 Duncan Canyon Creek near French Meadows,ENT,,,,12,True,2
D_CAA155_CAALOS,2,,5.0,False,True,arc,D_CAA155_CAALOS,D,,,,12,True,2
D_CAA173_EMPIRE,2,,5.0,False,True,arc,D_CAA173_EMPIRE,D,,,,12,True,2
SG143_TUO003_21,2,,5.0,False,True,entity,SG143_TUO003_21,ENT,,,,12,True,2
C_C61002,2,,5.0,False,True,arc,C_C61002,CH,,,,12,True,2
"63_NU Cities of Merced, Atwater, Livingston, Winton, Planada and LeGrand small communities",2,,5.0,False,True,entity,"63_NU Cities of Merced, Atwater, Livingston, Winton, Planada and LeGrand small communities",ENT,,,,12,True,2
Proposed point of diversion for Alder Creek Reservoir,2,,5.0,False,True,entity,Proposed point of diversion for Alder Creek Reservoir,ENT,,,,12,True,2
S_LLOYD,2,,5.0,False,True,entity,S_LLOYD,ENT,,,,12,True,2
C_TGC002,2,,5.0,False,True,arc,C_TGC002,CH,,,,12,True,2
GP_71_PA8,2,,5.0,False,True,entity,GP_71_PA8,ENT,,,,12,True,2
R_AWWWTP_ESC005,2,,5.0,False,True,arc,R_AWWWTP_ESC005,R,WWTP,,,12,True,2
D_MFM007_WSPNT_NU,2,,5.0,False,True,arc,D_MFM007_WSPNT_NU,D,,,,12,True,2
USGS 11407000 Feather River at Oroville,2,,5.0,False,True,entity,USGS 11407000 Feather River at Oroville,ENT,,,,12,True,2
D_UTC014_UTICA,2,,5.0,False,True,arc,D_UTC014_UTICA,D,,,,12,True,2
WPT006,2,,5.0,False,True,entity,WPT006,ENT,,,,12,True,2
SG67_SJR180_8,2,,5.0,False,True,entity,SG67_SJR180_8,ENT,,,,12,True,2
Local Inflow to North Fork American River,2,,5.0,False,True,entity,Local Inflow to North Fork American River,ENT,,,,12,True,2
SG124_MCD002_17,2,,5.0,False,True,entity,SG124_MCD002_17,ENT,,,,12,True,2
C_GZL008,2,,5.0,False,True,arc,C_GZL008,CH,,,,12,True,2
South Sutter Water District North and South Canals,2,,5.0,False,True,entity,South Sutter Water District North and South Canals,ENT,,,,12,True,2
TUO081,2,,5.0,False,True,entity,TUO081,ENT,,,,12,True,2
NF Long Canyon Creek,2,,5.0,False,True,entity,NF Long Canyon Creek,ENT,,,,12,True,2
D_TRLCK_62_NA3,2,,5.0,False,True,arc,D_TRLCK_62_NA3,D,,,,12,True,2
"02_PU Centerville CSD, Clear Creek CSD, Keswick CSA, Shasta CSD",2,,5.0,False,True,entity,"02_PU Centerville CSD, Clear Creek CSD, Keswick CSA, Shasta CSD",ENT,,,,12,True,2
NFS001,2,,5.0,False,True,entity,NFS001,ENT,,,,12,True,2
S_CMBIE,2,,5.0,False,True,entity,S_CMBIE,ENT,,,,12,True,2
D90 PMI,2,,5.0,False,True,entity,D90 PMI,ENT,,,,12,True,2
E_JNKSN,2,,5.0,False,True,entity,E_JNKSN,ENT,,,,12,True,2
D_BLSMM_EPS002,2,,5.0,False,True,arc,D_BLSMM_EPS002,D,,,,12,True,2
Zone 7 Del Valle WTP,2,,5.0,False,True,entity,Zone 7 Del Valle WTP,ENT,WTP,,,12,True,2
C_SP2003,2,,5.0,False,True,arc,C_SP2003,CH,,,,12,True,2
USGS 1123550 Portal Powerplant at Huntington Lake,2,,5.0,False,True,entity,USGS 1123550 Portal Powerplant at Huntington Lake,ENT,,,,12,True,2
Knights Landing Ridge Cut,2,,5.0,False,True,entity,Knights Landing Ridge Cut,ENT,,,,12,True,2
MNZNT,2,,5.0,False,True,entity,MNZNT,ENT,,,,12,True,2
WTP BTB,2,,5.0,False,True,entity,WTP BTB,ENT,WTP,,,12,True,2
C_MPB007,2,,5.0,False,True,arc,C_MPB007,CH,,,,12,True,2
S_ALPNE,2,,5.0,False,True,entity,S_ALPNE,ENT,,,,12,True,2
USGS 11436000 Silver Lake Outlet nr Kirkwood,2,,5.0,False,True,entity,USGS 11436000 Silver Lake Outlet nr Kirkwood,ENT,,,,12,True,2
Cole Creek Diversion #1,2,,5.0,False,True,entity,Cole Creek Diversion #1,ENT,,,,12,True,2
USGS 11300500 South San Joaquin Canal near Knights Ferry,2,,5.0,False,True,entity,USGS 11300500 South San Joaquin Canal near Knights Ferry,ENT,,,,12,True,2
S_SLYCK,2,,5.0,False,True,entity,S_SLYCK,ENT,,,,12,True,2
Littlerock Creek ID (Reach 21),2,,5.0,False,True,entity,Littlerock Creek ID (Reach 21),ENT,,,,12,True,2
MAMTH,2,,5.0,False,True,entity,MAMTH,ENT,,,,12,True,2
60N_NA1 Jackson Valley ID,2,,5.0,False,True,entity,60N_NA1 Jackson Valley ID,ENT,,,,12,True,2
R607WEST,2,,5.0,False,True,entity,R607WEST,ENT,,,,12,True,2
USGS 11404500 North Fork Feather River at Pulga,2,,5.0,False,True,entity,USGS 11404500 North Fork Feather River at Pulga,ENT,,,,12,True,2
D869,2,,5.0,False,True,entity,D869,ENT,,,,12,True,2
Losses R-1--> 9,2,,5.0,False,True,entity,Losses R-1--> 9,ENT,,,,12,True,2
BLSMM,2,,5.0,False,True,entity,BLSMM,ENT,,,,12,True,2
Putah Diversion Dam,2,,5.0,False,True,entity,Putah Diversion Dam,ENT,,,,12,True,2
TD_MOK019_196,2,,5.0,False,True,entity,TD_MOK019_196,ENT,,,,12,True,2
C_NFS005,2,,5.0,False,True,arc,C_NFS005,CH,,,,12,True,2
SJR278,2,,5.0,False,True,node,SJR278,ENT,,,,12,True,2
HNGTN,2,,5.0,False,True,entity,HNGTN,ENT,,,,12,True,2
ECHOL,2,,5.0,False,True,entity,ECHOL,ENT,,,,12,True,2
Local inflow to Silver Fork American River,2,,5.0,False,True,entity,Local inflow to Silver Fork American River,ENT,,,,12,True,2
I520,2,,5.0,False,True,entity,I520,ENT,,,,12,True,2
USGS 11403700 Bucks Creek Powerhouse at Storrie,2,,5.0,False,True,entity,USGS 11403700 Bucks Creek Powerhouse at Storrie,ENT,,,,12,True,2
OHWWTP,2,,5.0,False,True,entity,OHWWTP,ENT,WWTP,,,12,True,2
WRT000,2,,5.0,False,True,entity,WRT000,ENT,,,,12,True,2
C_NFS001,2,,5.0,False,True,arc,C_NFS001,CH,,,,12,True,2
I10,2,,5.0,False,True,entity,I10,ENT,,,,12,True,2
D_NFS033_SDT000,2,,5.0,False,True,arc,D_NFS033_SDT000,D,,,,12,True,2
E_LOSVQ,2,,5.0,False,True,entity,E_LOSVQ,ENT,,,,12,True,2
C_ESB433,2,,5.0,False,True,arc,C_ESB433,CH,,,,12,True,2
TD_MSN004_104,2,,5.0,False,True,entity,TD_MSN004_104,ENT,,,,12,True,2
SG295_SAC134_53,2,,5.0,False,True,entity,SG295_SAC134_53,ENT,,,,12,True,2
E10,2,,5.0,False,True,entity,E10,ENT,,,,12,True,2
GP_61_PA1,2,,5.0,False,True,entity,GP_61_PA1,ENT,,,,12,True,2
C_TUO033,2,,5.0,False,True,arc,C_TUO033,CH,,,,12,True,2
ESB406,2,,5.0,False,True,entity,ESB406,ENT,,,,12,True,2
GP_71_PA1,2,,5.0,False,True,entity,GP_71_PA1,ENT,,,,12,True,2
Firebaugh Wasteway,2,,5.0,False,True,entity,Firebaugh Wasteway,ENT,,,,12,True,2
C502,2,,5.0,False,True,entity,C502,ENT,,,,12,True,2
NFW009,2,,5.0,False,True,entity,NFW009,ENT,,,,12,True,2
Oregon Creek,2,,5.0,False,True,entity,Oregon Creek,ENT,,,,12,True,2
USGS 11396290 Forbestown Powerhouse near Forbestown,2,,5.0,False,True,entity,USGS 11396290 Forbestown Powerhouse near Forbestown,ENT,,,,12,True,2
S91,2,,5.0,False,True,entity,S91,ENT,,,,12,True,2
DWR A02981 Colusa Weir Spill to Butte Basin near Colusa,2,,5.0,False,True,entity,DWR A02981 Colusa Weir Spill to Butte Basin near Colusa,ENT,,,,12,True,2
D167,2,,5.0,False,True,entity,D167,ENT,,,,12,True,2
I409,2,,5.0,False,True,entity,I409,ENT,,,,12,True,2
GDPUD_NA,2,,5.0,False,True,entity,GDPUD_NA,ENT,,,,12,True,2
"07S_PA 4-M WD, Colusa County WD, Cortina WD, Davis WD, Dunnigan WD, Glenn Valley WD, Holthouse WD (part), La Grande WD, Myers-Marsh MWC, Westside WD",2,,5.0,False,True,entity,"07S_PA 4-M WD, Colusa County WD, Cortina WD, Davis WD, Dunnigan WD, Glenn Valley WD, Holthouse WD (part), La Grande WD, Myers-Marsh MWC, Westside WD",ENT,WD,,,12,True,2
C_NFS009,2,,5.0,False,True,arc,C_NFS009,CH,,,,12,True,2
NAPA2,2,,5.0,False,True,entity,NAPA2,ENT,,,,12,True,2
D_ELT000_TBAUD,2,,5.0,False,True,arc,D_ELT000_TBAUD,D,,,,12,True,2
64_PA3 Gravelly Ford WD Root Creek WD,2,,5.0,False,True,entity,64_PA3 Gravelly Ford WD Root Creek WD,ENT,WD,,,12,True,2
CFS001,2,,5.0,False,True,entity,CFS001,ENT,,,,12,True,2
D_CVT005_UTC000,2,,5.0,False,True,arc,D_CVT005_UTC000,D,,,,12,True,2
S_NBLDB,2,,5.0,False,True,entity,S_NBLDB,ENT,,,,12,True,2
I_SFW001,2,,5.0,False,True,entity,I_SFW001,ENT,,,,12,True,2
GP_72_PR6,2,,5.0,False,True,entity,GP_72_PR6,ENT,,,,12,True,2
Mud Slough near Hwy 140,2,,5.0,False,True,entity,Mud Slough near Hwy 140,ENT,,,,12,True,2
C_UTC014,2,,5.0,False,True,arc,C_UTC014,CH,,,,12,True,2
BVT000,2,,5.0,False,True,entity,BVT000,ENT,,,,12,True,2
E_CMPFW,2,,5.0,False,True,entity,E_CMPFW,ENT,,,,12,True,2
C_SFY048,2,,5.0,False,True,arc,C_SFY048,CH,,,,12,True,2
MOK039,2,,5.0,False,True,entity,MOK039,ENT,,,,12,True,2
SG169_SJR033_26,2,,5.0,False,True,entity,SG169_SJR033_26,ENT,,,,12,True,2
SSJ025,2,,5.0,False,True,entity,SSJ025,ENT,,,,12,True,2
SG322_CBD031_55,2,,5.0,False,True,entity,SG322_CBD031_55,ENT,,,,12,True,2
"04_NA Non-District, Misc. Settlement Contractors",2,,5.0,False,True,entity,"04_NA Non-District, Misc. Settlement Contractors",ENT,,,,12,True,2
SG293_SAC148_53,2,,5.0,False,True,entity,SG293_SAC148_53,ENT,,,,12,True,2
SG272_BCC004_50,2,,5.0,False,True,entity,SG272_BCC004_50,ENT,,,,12,True,2
C708,2,,5.0,False,True,entity,C708,ENT,,,,12,True,2
15N_SA Misc. FRSA Diverters,2,,5.0,False,True,entity,15N_SA Misc. FRSA Diverters,ENT,,,,12,True,2
S_OROVL,2,,5.0,False,True,entity,S_OROVL,ENT,,,,12,True,2
SG132_SJR096_20,2,,5.0,False,True,entity,SG132_SJR096_20,ENT,,,,12,True,2
SG214_COW003_33,2,,5.0,False,True,entity,SG214_COW003_33,ENT,,,,12,True,2
D_CAA220_CAALOS,2,,5.0,False,True,arc,D_CAA220_CAALOS,D,,,,12,True,2
BVC007,2,,5.0,False,True,entity,BVC007,ENT,,,,12,True,2
C160,2,,5.0,False,True,entity,C160,ENT,,,,12,True,2
WTP JJO,2,,5.0,False,True,entity,WTP JJO,ENT,WTP,,,12,True,2
S_ECHOL,2,,5.0,False,True,entity,S_ECHOL,ENT,,,,12,True,2
C_SBA009,2,,5.0,False,True,arc,C_SBA009,CH,,,,12,True,2
D_TFR000_BSC005_NID,2,,5.0,False,True,arc,D_TFR000_BSC005_NID,D,,,,12,True,2
SG161_CLV035_25,2,,5.0,False,True,entity,SG161_CLV035_25,ENT,,,,12,True,2
S75,2,,5.0,False,True,entity,S75,ENT,,,,12,True,2
USGS 11289650 Tuolumne River below LaGrange Dam,2,,5.0,False,True,entity,USGS 11289650 Tuolumne River below LaGrange Dam,ENT,,,,12,True,2
RCT007,2,,5.0,False,True,entity,RCT007,ENT,,,,12,True,2
I_DONLL,2,,5.0,False,True,entity,I_DONLL,ENT,,,,12,True,2
San Bernardino Valley MWD (Reach 26A),2,,5.0,False,True,entity,San Bernardino Valley MWD (Reach 26A),ENT,WD,,,12,True,2
DWR A05165 (GrL) Feather River near Gridley,2,,5.0,False,True,entity,DWR A05165 (GrL) Feather River near Gridley,ENT,,,,12,True,2
Relief Creek,2,,5.0,False,True,entity,Relief Creek,ENT,,,,12,True,2
Local Inflow to NF Mokelumne River,2,,5.0,False,True,entity,Local Inflow to NF Mokelumne River,ENT,,,,12,True,2
D_WRT000_EDCOCA_NU1,2,,5.0,False,True,arc,D_WRT000_EDCOCA_NU1,D,,,,12,True,2
I404,2,,5.0,False,True,entity,I404,ENT,,,,12,True,2
12_SA Misc. FRSA Diverters,2,,5.0,False,True,entity,12_SA Misc. FRSA Diverters,ENT,,,,12,True,2
BKR004,2,,5.0,False,True,entity,BKR004,ENT,,,,12,True,2
SG112_BCK006_15,2,,5.0,False,True,entity,SG112_BCK006_15,ENT,,,,12,True,2
DA_SJRW_SJR013_DV,2,,5.0,False,True,entity,DA_SJRW_SJR013_DV,ENT,,,,12,True,2
C_NFW026,2,,5.0,False,True,arc,C_NFW026,CH,,,,12,True,2
West Point Powerhouse,2,,5.0,False,True,entity,West Point Powerhouse,ENT,,,,12,True,2
USGS 11283000 Tuolumne River nrBucks Meadow,2,,5.0,False,True,entity,USGS 11283000 Tuolumne River nrBucks Meadow,ENT,,,,12,True,2
USGS 11433500 Middle Fork American River near Auburn Discontinued,2,,5.0,False,True,entity,USGS 11433500 Middle Fork American River near Auburn Discontinued,ENT,,,,12,True,2
SG292_BSL001_52,2,,5.0,False,True,entity,SG292_BSL001_52,ENT,,,,12,True,2
CHY000,2,,5.0,False,True,entity,CHY000,ENT,,,,12,True,2
Combie Ophir Canal,2,,5.0,False,True,entity,Combie Ophir Canal,ENT,,,,12,True,2
Garden Highway MWC,2,,5.0,False,True,entity,Garden Highway MWC,ENT,,,,12,True,2
S_CMPFW,2,,5.0,False,True,entity,S_CMPFW,ENT,,,,12,True,2
SG256_DRC010_47,2,,5.0,False,True,entity,SG256_DRC010_47,ENT,,,,12,True,2
D_BRYSA_NAPA2,2,,5.0,False,True,arc,D_BRYSA_NAPA2,D,,,,12,True,2
Winters and West Adams Canals,2,,5.0,False,True,entity,Winters and West Adams Canals,ENT,,,,12,True,2
Warm Creek,2,,5.0,False,True,entity,Warm Creek,ENT,,,,12,True,2
FLRNC,2,,5.0,False,True,entity,FLRNC,ENT,,,,12,True,2
D_CAA239_CVPRF,2,,5.0,False,True,arc,D_CAA239_CVPRF,D,,,,12,True,2
C_NFM026,2,,5.0,False,True,arc,C_NFM026,CH,,,,12,True,2
USGS 11301000 Oakland Canal near Knights Ferry,2,,5.0,False,True,entity,USGS 11301000 Oakland Canal near Knights Ferry,ENT,,,,12,True,2
USGS 11427765 Ralston Powerplant,2,,5.0,False,True,entity,USGS 11427765 Ralston Powerplant,ENT,,,,12,True,2
TD_OMR039_202,2,,5.0,False,True,entity,TD_OMR039_202,ENT,,,,12,True,2
C_STS093,2,,5.0,False,True,arc,C_STS093,CH,,,,12,True,2
SG_MOK035_512,2,,5.0,False,True,entity,SG_MOK035_512,ENT,,,,12,True,2
SG194_CSM005_29,2,,5.0,False,True,entity,SG194_CSM005_29,ENT,,,,12,True,2
17S_SA Misc. FRSA Diverters,2,,5.0,False,True,entity,17S_SA Misc. FRSA Diverters,ENT,,,,12,True,2
Camp Creek Diversion Dam,2,,5.0,False,True,entity,Camp Creek Diversion Dam,ENT,,,,12,True,2
USGS 11274000 San Joaquin River near Newman,2,,5.0,False,True,entity,USGS 11274000 San Joaquin River near Newman,ENT,,,,12,True,2
"21_SA Conaway Conservancy Group (RD 2035), Sacramento River Ranch LLC, Misc. Settlement Contractors",2,,5.0,False,True,entity,"21_SA Conaway Conservancy Group (RD 2035), Sacramento River Ranch LLC, Misc. Settlement Contractors",ENT,,,,12,True,2
61_NA6 Non-District,2,,5.0,False,True,entity,61_NA6 Non-District,ENT,,,,12,True,2
C_SJR306,2,,5.0,False,True,arc,C_SJR306,CH,,,,12,True,2
E_LLOYD,2,,5.0,False,True,entity,E_LLOYD,ENT,,,,12,True,2
MFS022,2,,5.0,False,True,entity,MFS022,ENT,,,,12,True,2
I_SPICE,2,,5.0,False,True,entity,I_SPICE,ENT,,,,12,True,2
"PCWA Zone 3 Monte Vista, Colfax, Applegate",2,,5.0,False,True,entity,"PCWA Zone 3 Monte Vista, Colfax, Applegate",ENT,,,,12,True,2
E_TRLCK,2,,5.0,False,True,entity,E_TRLCK,ENT,,,,12,True,2
S_LOONL,2,,5.0,False,True,entity,S_LOONL,ENT,,,,12,True,2
D_UNVLY_SLV017,2,,5.0,False,True,arc,D_UNVLY_SLV017,D,,,,12,True,2
WRD005,2,,5.0,False,True,entity,WRD005,ENT,,,,12,True,2
R_GDPUD_NU_NFA011,2,,5.0,False,True,arc,R_GDPUD_NU_NFA011,R,,,,12,True,2
S79,2,,5.0,False,True,entity,S79,ENT,,,,12,True,2
E_DELVE,2,,5.0,False,True,entity,E_DELVE,ENT,,,,12,True,2
SG113_SJR134_16,2,,5.0,False,True,entity,SG113_SJR134_16,ENT,,,,12,True,2
C_SFA039,2,,5.0,False,True,arc,C_SFA039,CH,,,,12,True,2
E_NTOMA,2,,5.0,False,True,entity,E_NTOMA,ENT,,,,12,True,2
E6,2,,5.0,False,True,entity,E6,ENT,,,,12,True,2
I100,2,,5.0,False,True,entity,I100,ENT,,,,12,True,2
WTP RSA,2,,5.0,False,True,entity,WTP RSA,ENT,WTP,,,12,True,2
Check 18 End of Repayment Reach 5,2,,5.0,False,True,entity,Check 18 End of Repayment Reach 5,ENT,,,,12,True,2
71_PA8 Byron-Bethany ID (part that was formerly Plainview ID),2,,5.0,False,True,entity,71_PA8 Byron-Bethany ID (part that was formerly Plainview ID),ENT,,,,12,True,2
I_CHY006,2,,5.0,False,True,entity,I_CHY006,ENT,,,,12,True,2
SG402_PTH015_69,2,,5.0,False,True,entity,SG402_PTH015_69,ENT,,,,12,True,2
S_KSWCK,2,,5.0,False,True,entity,S_KSWCK,ENT,,,,12,True,2
SG101_DED003_13,2,,5.0,False,True,entity,SG101_DED003_13,ENT,,,,12,True,2
Closure Term,2,,5.0,False,True,entity,Closure Term,ENT,,,,12,True,2
"26N_NU1 Sacramento Suburban WD (Northridge, North Highlands) Cal. Am. WC (Antelope, Lincoln Oaks) Rio Linda Elverta CWD (Rio Linda, Elverta)",2,,5.0,False,True,entity,"26N_NU1 Sacramento Suburban WD (Northridge, North Highlands) Cal. Am. WC (Antelope, Lincoln Oaks) Rio Linda Elverta CWD (Rio Linda, Elverta)",ENT,WD,,,12,True,2
SG406_YBP020_70,2,,5.0,False,True,entity,SG406_YBP020_70,ENT,,,,12,True,2
USGS 11246950 Kerckhoff Powerhouse near Auberry,2,,5.0,False,True,entity,USGS 11246950 Kerckhoff Powerhouse near Auberry,ENT,,,,12,True,2
Tudor MWC,2,,5.0,False,True,entity,Tudor MWC,ENT,,,,12,True,2
25_PU City of Vacaville,2,,5.0,False,True,entity,25_PU City of Vacaville,ENT,,,,12,True,2
R_62_NA3_TUO022,2,,5.0,False,True,arc,R_62_NA3_TUO022,R,,,,12,True,2
"Secret Ravine, Miner's Ravine, Dry Creek",2,,5.0,False,True,entity,"Secret Ravine, Miner's Ravine, Dry Creek",ENT,,,,12,True,2
E_BRYSA,2,,5.0,False,True,entity,E_BRYSA,ENT,,,,12,True,2
SFW005,2,,5.0,False,True,entity,SFW005,ENT,,,,12,True,2
DA_SACN_SAC041_DV,2,,5.0,False,True,entity,DA_SACN_SAC041_DV,ENT,,,,12,True,2
E_STMPY,2,,5.0,False,True,entity,E_STMPY,ENT,,,,12,True,2
Minor Diversions Capay Valley,2,,5.0,False,True,entity,Minor Diversions Capay Valley,ENT,,,,12,True,2
Badger Hill PP,2,,5.0,False,True,entity,Badger Hill PP,ENT,,,,12,True,2
Cresta Tunnel,2,,5.0,False,True,entity,Cresta Tunnel,ENT,,,,12,True,2
STS004,2,,5.0,False,True,entity,STS004,ENT,,,,12,True,2
USGS 11388000 Stony Creek at Black Butte Dam near Orlando Discontinued,2,,5.0,False,True,entity,USGS 11388000 Stony Creek at Black Butte Dam near Orlando Discontinued,ENT,,,,12,True,2
C_CVY009,2,,5.0,False,True,arc,C_CVY009,CH,,,,12,True,2
Dutch Flat Afterbay,2,,5.0,False,True,entity,Dutch Flat Afterbay,ENT,,,,12,True,2
SG_MOK019_478,2,,5.0,False,True,entity,SG_MOK019_478,ENT,,,,12,True,2
CHY011,2,,5.0,False,True,entity,CHY011,ENT,,,,12,True,2
D_PCH000_SBCWD,2,,5.0,False,True,arc,D_PCH000_SBCWD,D,WD,,,12,True,2
11_SA4 Sutter Extension WD,2,,5.0,False,True,entity,11_SA4 Sutter Extension WD,ENT,WD,,,12,True,2
63_PR1 Arena Plains Unit of Merced NWR,2,,5.0,False,True,entity,63_PR1 Arena Plains Unit of Merced NWR,ENT,,,,12,True,2
GP_50_PA1,2,,5.0,False,True,entity,GP_50_PA1,ENT,,,,12,True,2
USGS 11403530 Bucks Creek below Diversion Dam near Bucks Lodge,2,,5.0,False,True,entity,USGS 11403530 Bucks Creek below Diversion Dam near Bucks Lodge,ENT,,,,12,True,2
Local Inflow to Middle Fork Yuba River,2,,5.0,False,True,entity,Local Inflow to Middle Fork Yuba River,ENT,,,,12,True,2
"26N_PU3, Orange Vale WC, Citrus Heights WD, Fair Oaks WD",2,,5.0,False,True,entity,"26N_PU3, Orange Vale WC, Citrus Heights WD, Fair Oaks WD",ENT,WD,,,12,True,2
D_SSJ004_61_PA1,2,,5.0,False,True,arc,D_SSJ004_61_PA1,D,,,,12,True,2
D_CAA009_CAALOS,2,,5.0,False,True,arc,D_CAA009_CAALOS,D,,,,12,True,2
C_WWC004,2,,5.0,False,True,arc,C_WWC004,CH,,,,12,True,2
CVY009,2,,5.0,False,True,entity,CVY009,ENT,,,,12,True,2
D_NFS003_HCS001,2,,5.0,False,True,arc,D_NFS003_HCS001,D,,,,12,True,2
D833,2,,5.0,False,True,entity,D833,ENT,,,,12,True,2
DA_SACW_SAC000_DV,2,,5.0,False,True,entity,DA_SACW_SAC000_DV,ENT,,,,12,True,2
D122A,2,,5.0,False,True,entity,D122A,ENT,,,,12,True,2
GP_61_NA2,2,,5.0,False,True,entity,GP_61_NA2,ENT,,,,12,True,2
Inflow to Tiger Creek,2,,5.0,False,True,entity,Inflow to Tiger Creek,ENT,,,,12,True,2
C_WLW005,2,,5.0,False,True,arc,C_WLW005,CH,,,,12,True,2
Mono Creek Local Infflow,2,,5.0,False,True,entity,Mono Creek Local Infflow,ENT,,,,12,True,2
E_MELON,2,,5.0,False,True,entity,E_MELON,ENT,,,,12,True,2
USGS 11452000 Cache Creek near Capay Discontinued,2,,5.0,False,True,entity,USGS 11452000 Cache Creek near Capay Discontinued,ENT,,,,12,True,2
C_SFA076,2,,5.0,False,True,arc,C_SFA076,CH,,,,12,True,2
ALPNE,2,,5.0,False,True,entity,ALPNE,ENT,,,,12,True,2
West Branch Feather River,2,,5.0,False,True,entity,West Branch Feather River,ENT,,,,12,True,2
D8,2,,5.0,False,True,entity,D8,ENT,,,,12,True,2
Clark Fork Stanislaus River,2,,5.0,False,True,entity,Clark Fork Stanislaus River,ENT,,,,12,True,2
SG62_SJR205_7,2,,5.0,False,True,entity,SG62_SJR205_7,ENT,,,,12,True,2
D_SBA042_SBALOS,2,,5.0,False,True,arc,D_SBA042_SBALOS,D,,,,12,True,2
26N_NU3 City of Sacramento North of River,2,,5.0,False,True,entity,26N_NU3 City of Sacramento North of River,ENT,,,,12,True,2
D562,2,,5.0,False,True,entity,D562,ENT,,,,12,True,2
SG263_STN026_49,2,,5.0,False,True,entity,SG263_STN026_49,ENT,,,,12,True,2
D_BSC010_SFY043_NID,2,,5.0,False,True,arc,D_BSC010_SFY043_NID,D,,,,12,True,2
C184A,2,,5.0,False,True,entity,C184A,ENT,,,,12,True,2
Little Panoche Creek,2,,5.0,False,True,entity,Little Panoche Creek,ENT,,,,12,True,2
D_CAA087_CAALOS,2,,5.0,False,True,arc,D_CAA087_CAALOS,D,,,,12,True,2
GDDLOS,2,,5.0,False,True,entity,GDDLOS,ENT,,,,12,True,2
WWC004,2,,5.0,False,True,entity,WWC004,ENT,,,,12,True,2
CAA245,2,,5.0,False,True,entity,CAA245,ENT,,,,12,True,2
BGC011,2,,5.0,False,True,entity,BGC011,ENT,,,,12,True,2
I_GERLE,2,,5.0,False,True,entity,I_GERLE,ENT,,,,12,True,2
C81,2,,5.0,False,True,entity,C81,ENT,,,,12,True,2
USGS 11427000 North Fork American River at North Fork Dam,2,,5.0,False,True,entity,USGS 11427000 North Fork American River at North Fork Dam,ENT,,,,12,True,2
Check 19 End of Repayment Reach 6,2,,5.0,False,True,entity,Check 19 End of Repayment Reach 6,ENT,,,,12,True,2
"08S_SA1 Maxwell ID (portion), Roberts Ditch IC, Sycamore Family Trust, Misc. Settlement Contractors",2,,5.0,False,True,entity,"08S_SA1 Maxwell ID (portion), Roberts Ditch IC, Sycamore Family Trust, Misc. Settlement Contractors",ENT,,,,12,True,2
USGS 11421790 Bear River below Dutch Flat Afterbay near Dutch Flat,2,,5.0,False,True,entity,USGS 11421790 Bear River below Dutch Flat Afterbay near Dutch Flat,ENT,,,,12,True,2
ELN003,2,,5.0,False,True,entity,ELN003,ENT,,,,12,True,2
E_UBEAR,2,,5.0,False,True,entity,E_UBEAR,ENT,,,,12,True,2
E_PCRST,2,,5.0,False,True,entity,E_PCRST,ENT,,,,12,True,2
EBLOS,2,,5.0,False,True,entity,EBLOS,ENT,,,,12,True,2
SG63_SJR205_8,2,,5.0,False,True,entity,SG63_SJR205_8,ENT,,,,12,True,2
D_CBD000_KLR005,2,,5.0,False,True,arc,D_CBD000_KLR005,D,,,,12,True,2
71_PA3 Kern Canon WD,2,,5.0,False,True,entity,71_PA3 Kern Canon WD,ENT,WD,,,12,True,2
Casebeer Extension to DeadmanCreek,2,,5.0,False,True,entity,Casebeer Extension to DeadmanCreek,ENT,,,,12,True,2
Parrott-Phelan Dam (Diversion #50),2,,5.0,False,True,entity,Parrott-Phelan Dam (Diversion #50),ENT,,,,12,True,2
C129,2,,5.0,False,True,entity,C129,ENT,,,,12,True,2
USGS 11434500 Echo Lake Conduit nr Phillips,2,,5.0,False,True,entity,USGS 11434500 Echo Lake Conduit nr Phillips,ENT,,,,12,True,2
C_SJR279,2,,5.0,False,True,arc,C_SJR279,CH,,,,12,True,2
C407,2,,5.0,False,True,entity,C407,ENT,,,,12,True,2
USGS 11235100 Mammoth Pool Powerhouse near Big Creek CA,2,,5.0,False,True,entity,USGS 11235100 Mammoth Pool Powerhouse near Big Creek CA,ENT,,,,12,True,2
50_PA2 Byron Bethany ID,2,,5.0,False,True,entity,50_PA2 Byron Bethany ID,ENT,,,,12,True,2
USGS 11231550 Mono Creek Conduit near Mono Hot Springs,2,,5.0,False,True,entity,USGS 11231550 Mono Creek Conduit near Mono Hot Springs,ENT,,,,12,True,2
RSS001,2,,5.0,False,True,entity,RSS001,ENT,,,,12,True,2
WLW000,2,,5.0,False,True,entity,WLW000,ENT,,,,12,True,2
S_NHGAN,2,,5.0,False,True,entity,S_NHGAN,ENT,,,,12,True,2
C834,2,,5.0,False,True,entity,C834,ENT,,,,12,True,2
E_MERLC,2,,5.0,False,True,entity,E_MERLC,ENT,,,,12,True,2
Local Inflow to Scotts Flat,2,,5.0,False,True,entity,Local Inflow to Scotts Flat,ENT,,,,12,True,2
Rock Creek Reservoir,2,,5.0,False,True,entity,Rock Creek Reservoir,ENT,,,,12,True,2
SG254_SAC224_46,2,,5.0,False,True,entity,SG254_SAC224_46,ENT,,,,12,True,2
SG54_SJR263_7,2,,5.0,False,True,entity,SG54_SJR263_7,ENT,,,,12,True,2
"USGS 11455000 Putah Creek near Davis, Discontinued",2,,5.0,False,True,entity,"USGS 11455000 Putah Creek near Davis, Discontinued",ENT,,,,12,True,2
S_TRNTY,2,,5.0,False,True,entity,S_TRNTY,ENT,,,,12,True,2
GP_73_NU,2,,5.0,False,True,entity,GP_73_NU,ENT,,,,12,True,2
CSTIC,2,,5.0,False,True,entity,CSTIC,ENT,,,,12,True,2
D_CAA242_KERN,2,,5.0,False,True,arc,D_CAA242_KERN,D,,,,12,True,2
D895,2,,5.0,False,True,entity,D895,ENT,,,,12,True,2
TUO116,2,,5.0,False,True,entity,TUO116,ENT,,,,12,True,2
E12,2,,5.0,False,True,entity,E12,ENT,,,,12,True,2
Local Inflow to New Bullards Bar Reservoir,2,,5.0,False,True,entity,Local Inflow to New Bullards Bar Reservoir,ENT,,,,12,True,2
Foothill Tunnel,2,,5.0,False,True,entity,Foothill Tunnel,ENT,,,,12,True,2
E_NBLDB,2,,5.0,False,True,entity,E_NBLDB,ENT,,,,12,True,2
D_SBA029_ACWD,2,,5.0,False,True,arc,D_SBA029_ACWD,D,WD,,,12,True,2
C_BLUMD,2,,5.0,False,True,arc,C_BLUMD,CH,,,,12,True,2
USGS 11433060 SF Long Canyon Creek Diversion Tunnel,2,,5.0,False,True,entity,USGS 11433060 SF Long Canyon Creek Diversion Tunnel,ENT,,,,12,True,2
S_SGRGE,2,,5.0,False,True,entity,S_SGRGE,ENT,,,,12,True,2
WTP AMC,2,,5.0,False,True,entity,WTP AMC,ENT,WTP,,,12,True,2
C_STV007,2,,5.0,False,True,arc,C_STV007,CH,,,,12,True,2
C607,2,,5.0,False,True,entity,C607,ENT,,,,12,True,2
"15N_NA2 Cordua ID, Hallwood ID, Ramirez WD",2,,5.0,False,True,entity,"15N_NA2 Cordua ID, Hallwood ID, Ramirez WD",ENT,WD,,,12,True,2
TD_SJR070_156,2,,5.0,False,True,entity,TD_SJR070_156,ENT,,,,12,True,2
SG405_PTH007_69,2,,5.0,False,True,entity,SG405_PTH007_69,ENT,,,,12,True,2
C8,2,,5.0,False,True,entity,C8,ENT,,,,12,True,2
SG227_SAC259_39,2,,5.0,False,True,entity,SG227_SAC259_39,ENT,,,,12,True,2
Reclamation (CDEC GRF) San Joaquin River at Gravelly Ford,2,,5.0,False,True,entity,Reclamation (CDEC GRF) San Joaquin River at Gravelly Ford,ENT,,,,12,True,2
D888,2,,5.0,False,True,entity,D888,ENT,,,,12,True,2
C100,2,,5.0,False,True,entity,C100,ENT,,,,12,True,2
SJR308,2,,5.0,False,True,node,SJR308,ENT,,,,12,True,2
SG325_CBD023_56,2,,5.0,False,True,entity,SG325_CBD023_56,ENT,,,,12,True,2
GP_71_PA2,2,,5.0,False,True,entity,GP_71_PA2,ENT,,,,12,True,2
C_SFA044,2,,5.0,False,True,arc,C_SFA044,CH,,,,12,True,2
SG301_SAC092_53,2,,5.0,False,True,entity,SG301_SAC092_53,ENT,,,,12,True,2
SG216_SAC275_34,2,,5.0,False,True,entity,SG216_SAC275_34,ENT,,,,12,True,2
ALOHA,2,,5.0,False,True,entity,ALOHA,ENT,,,,12,True,2
C_SBA036,2,,5.0,False,True,arc,C_SBA036,CH,,,,12,True,2
SG409_YBP011_70,2,,5.0,False,True,entity,SG409_YBP011_70,ENT,,,,12,True,2
D_C62001_WRD005,2,,5.0,False,True,arc,D_C62001_WRD005,D,,,,12,True,2
Tuolumne Canal,2,,5.0,False,True,entity,Tuolumne Canal,ENT,,,,12,True,2
SG136_TUO047_21,2,,5.0,False,True,entity,SG136_TUO047_21,ENT,,,,12,True,2
Inflow to French Meadows,2,,5.0,False,True,entity,Inflow to French Meadows,ENT,,,,12,True,2
USGS 11239300 North Fork Stevenson Creek at Perimeter Road near Big Creek,2,,5.0,False,True,entity,USGS 11239300 North Fork Stevenson Creek at Perimeter Road near Big Creek,ENT,,,,12,True,2
D_STH005_24_NA3,2,,5.0,False,True,arc,D_STH005_24_NA3,D,,,,12,True,2
Towle Canal Diversion Dam,2,,5.0,False,True,entity,Towle Canal Diversion Dam,ENT,,,,12,True,2
SG286_BTC029_52,2,,5.0,False,True,entity,SG286_BTC029_52,ENT,,,,12,True,2
SG94_DED038_13,2,,5.0,False,True,entity,SG94_DED038_13,ENT,,,,12,True,2
SG213_COW003_33,2,,5.0,False,True,entity,SG213_COW003_33,ENT,,,,12,True,2
D78,2,,5.0,False,True,entity,D78,ENT,,,,12,True,2
BGCD5,2,,5.0,False,True,entity,BGCD5,ENT,,,,12,True,2
ELDID_NU3,2,,5.0,False,True,entity,ELDID_NU3,ENT,,,,12,True,2
Lake Alta,2,,5.0,False,True,entity,Lake Alta,ENT,,,,12,True,2
I_ANG017,2,,5.0,False,True,entity,I_ANG017,ENT,,,,12,True,2
USGS 11328000 Dry Creek near Ione,2,,5.0,False,True,entity,USGS 11328000 Dry Creek near Ione,ENT,,,,12,True,2
USGS 11231700 Warm Creek below Diversion Dam near Lake Thomas Edison,2,,5.0,False,True,entity,USGS 11231700 Warm Creek below Diversion Dam near Lake Thomas Edison,ENT,,,,12,True,2
26N_PU1 City of Roseville,2,,5.0,False,True,entity,26N_PU1 City of Roseville,ENT,,,,12,True,2
Putah Creek,2,,5.0,False,True,entity,Putah Creek,ENT,,,,12,True,2
D300,2,,5.0,False,True,entity,D300,ENT,,,,12,True,2
Electra Diversion Dam,2,,5.0,False,True,entity,Electra Diversion Dam,ENT,,,,12,True,2
C20,2,,5.0,False,True,entity,C20,ENT,,,,12,True,2
GP_63_NA2,2,,5.0,False,True,entity,GP_63_NA2,ENT,,,,12,True,2
D_DMC021_DMCLOS,2,,5.0,False,True,arc,D_DMC021_DMCLOS,D,,,,12,True,2
NFF037,2,,5.0,False,True,entity,NFF037,ENT,,,,12,True,2
D_CSB103_BRBRA,2,,5.0,False,True,arc,D_CSB103_BRBRA,D,,,,12,True,2
C90,2,,5.0,False,True,entity,C90,ENT,,,,12,True,2
MON004,2,,5.0,False,True,entity,MON004,ENT,,,,12,True,2
D828,2,,5.0,False,True,entity,D828,ENT,,,,12,True,2
SG357_CMPFW_62,2,,5.0,False,True,entity,SG357_CMPFW_62,ENT,,,,12,True,2
CST004,2,,5.0,False,True,entity,CST004,ENT,,,,12,True,2
"USGS 11391021 Discontinued, DWR A02930 (YBY) Fremont Weir Spill to Yolo Bypass",2,,5.0,False,True,entity,"USGS 11391021 Discontinued, DWR A02930 (YBY) Fremont Weir Spill to Yolo Bypass",ENT,,,,12,True,2
I_BRC002,2,,5.0,False,True,entity,I_BRC002,ENT,,,,12,True,2
Losses,2,,5.0,False,True,entity,Losses,ENT,,,,12,True,2
C806,2,,5.0,False,True,entity,C806,ENT,,,,12,True,2
SG89_SJR166_11,2,,5.0,False,True,entity,SG89_SJR166_11,ENT,,,,12,True,2
"26S_NU3 Florin County WD, Elk Grove WSC",2,,5.0,False,True,entity,"26S_NU3 Florin County WD, Elk Grove WSC",ENT,WD,,,12,True,2
CAA293,2,,5.0,False,True,entity,CAA293,ENT,,,,12,True,2
Cross Valley Canal,2,,5.0,False,True,entity,Cross Valley Canal,ENT,,,,12,True,2
D_DMC016_DMCLOS,2,,5.0,False,True,arc,D_DMC016_DMCLOS,D,,,,12,True,2
D_TUO047_61_NA3,2,,5.0,False,True,arc,D_TUO047_61_NA3,D,,,,12,True,2
C_KRT000,2,,5.0,False,True,arc,C_KRT000,CH,,,,12,True,2
C705,2,,5.0,False,True,entity,C705,ENT,,,,12,True,2
SG463_SCW008_81,2,,5.0,False,True,entity,SG463_SCW008_81,ENT,,,,12,True,2
Del Puerto Creek,2,,5.0,False,True,entity,Del Puerto Creek,ENT,,,,12,True,2
GP_73_PA1,2,,5.0,False,True,entity,GP_73_PA1,ENT,,,,12,True,2
"25_NU CalWater (Dixon), Rio Vista, Small Communities",2,,5.0,False,True,entity,"25_NU CalWater (Dixon), Rio Vista, Small Communities",ENT,,,,12,True,2
D168,2,,5.0,False,True,entity,D168,ENT,,,,12,True,2
SG347_FTR036_59,2,,5.0,False,True,entity,SG347_FTR036_59,ENT,,,,12,True,2
I18,2,,5.0,False,True,entity,I18,ENT,,,,12,True,2
E_LKVLY,2,,5.0,False,True,entity,E_LKVLY,ENT,,,,12,True,2
C_SPICE,2,,5.0,False,True,arc,C_SPICE,CH,,,,12,True,2
Interbay Dam,2,,5.0,False,True,entity,Interbay Dam,ENT,,,,12,True,2
YB-95,2,,5.0,False,True,entity,YB-95,ENT,,,,12,True,2
USGS 11451715 Bear Creek above Holsten Chimney Canyon near Rumsey,2,,5.0,False,True,entity,USGS 11451715 Bear Creek above Holsten Chimney Canyon near Rumsey,ENT,,,,12,True,2
R_RFS63_MWWWTP,2,,5.0,False,True,arc,R_RFS63_MWWWTP,R,WWTP,,,12,True,2
S78,2,,5.0,False,True,entity,S78,ENT,,,,12,True,2
08S_PR Colusa NWR,2,,5.0,False,True,entity,08S_PR Colusa NWR,ENT,,,,12,True,2
D_BSM001_BGCRK,2,,5.0,False,True,arc,D_BSM001_BGCRK,D,,,,12,True,2
C_SJR324,2,,5.0,False,True,arc,C_SJR324,CH,,,,12,True,2
Angels Diversion Dam,2,,5.0,False,True,entity,Angels Diversion Dam,ENT,,,,12,True,2
C_SFA011,2,,5.0,False,True,arc,C_SFA011,CH,,,,12,True,2
C_SDS001,2,,5.0,False,True,arc,C_SDS001,CH,,,,12,True,2
C_NFS008,2,,5.0,False,True,arc,C_NFS008,CH,,,,12,True,2
S_GERLE,2,,5.0,False,True,entity,S_GERLE,ENT,,,,12,True,2
Capay Diversion Dam,2,,5.0,False,True,entity,Capay Diversion Dam,ENT,,,,12,True,2
D_JNKSN_EDCOCA_NA2,2,,5.0,False,True,arc,D_JNKSN_EDCOCA_NA2,D,,,,12,True,2
D302,2,,5.0,False,True,entity,D302,ENT,,,,12,True,2
USGS 11394500 Middle Fork Feather River near Merrimac,2,,5.0,False,True,entity,USGS 11394500 Middle Fork Feather River near Merrimac,ENT,,,,12,True,2
D_MPS020_63_NA5,2,,5.0,False,True,arc,D_MPS020_63_NA5,D,,,,12,True,2
WTP FSS,2,,5.0,False,True,entity,WTP FSS,ENT,WTP,,,12,True,2
D_BCK033_BCK006,2,,5.0,False,True,arc,D_BCK033_BCK006,D,,,,12,True,2
D_CPT012_MNT000,2,,5.0,False,True,arc,D_CPT012_MNT000,D,,,,12,True,2
D_CBC000_PINES,2,,5.0,False,True,arc,D_CBC000_PINES,D,,,,12,True,2
USGS 11316670 NF Mokelumne River below Tiger Creek Reservoir,2,,5.0,False,True,entity,USGS 11316670 NF Mokelumne River below Tiger Creek Reservoir,ENT,,,,12,True,2
I230,2,,5.0,False,True,entity,I230,ENT,,,,12,True,2
C_MIL003,2,,5.0,False,True,arc,C_MIL003,CH,,,,12,True,2
TD_WBA90_053,2,,5.0,False,True,entity,TD_WBA90_053,ENT,,,,12,True,2
C_PRTLF,2,,5.0,False,True,arc,C_PRTLF,CH,,,,12,True,2
AMADR_NU,2,,5.0,False,True,entity,AMADR_NU,ENT,,,,12,True,2
C_MFS037,2,,5.0,False,True,arc,C_MFS037,CH,,,,12,True,2
"15S_NU Olivehurst PUD, City of Wheatland, Linda County WD, Small Communities",2,,5.0,False,True,entity,"15S_NU Olivehurst PUD, City of Wheatland, Linda County WD, Small Communities",ENT,WD,,,12,True,2
D_PTH070_PUTAH,2,,5.0,False,True,arc,D_PTH070_PUTAH,D,,,,12,True,2
SG354_FTR021_61,2,,5.0,False,True,entity,SG354_FTR021_61,ENT,,,,12,True,2
USGS 11278400 Cherry Creek Below Holm PH,2,,5.0,False,True,entity,USGS 11278400 Cherry Creek Below Holm PH,ENT,,,,12,True,2
C609A,2,,5.0,False,True,entity,C609A,ENT,,,,12,True,2
C282,2,,5.0,False,True,entity,C282,ENT,,,,12,True,2
D_EDC021_ELDID_NA2,2,,5.0,False,True,arc,D_EDC021_ELDID_NA2,D,,,,12,True,2
S_WKYTN,2,,5.0,False,True,entity,S_WKYTN,ENT,,,,12,True,2
C118,2,,5.0,False,True,entity,C118,ENT,,,,12,True,2
E_PARDE,2,,5.0,False,True,entity,E_PARDE,ENT,,,,12,True,2
C202,2,,5.0,False,True,entity,C202,ENT,,,,12,True,2
C_WSB026,2,,5.0,False,True,arc,C_WSB026,CH,,,,12,True,2
I_SHVER,2,,5.0,False,True,entity,I_SHVER,ENT,,,,12,True,2
D_BSC010_SFY043_PGE,2,,5.0,False,True,arc,D_BSC010_SFY043_PGE,D,,,,12,True,2
D_LBUCK_GRT003,2,,5.0,False,True,arc,D_LBUCK_GRT003,D,,,,12,True,2
ESB413,2,,5.0,False,True,entity,ESB413,ENT,,,,12,True,2
Franchi Diversion Dam,2,,5.0,False,True,entity,Franchi Diversion Dam,ENT,,,,12,True,2
USGS 11289000 Modesto Canal near LaGrange,2,,5.0,False,True,entity,USGS 11289000 Modesto Canal near LaGrange,ENT,,,,12,True,2
SG231_SAC240_39,2,,5.0,False,True,entity,SG231_SAC240_39,ENT,,,,12,True,2
Mill Creek,2,,5.0,False,True,entity,Mill Creek,ENT,,,,12,True,2
UTICA,2,,5.0,False,True,entity,UTICA,ENT,,,,12,True,2
C11,2,,5.0,False,True,entity,C11,ENT,,,,12,True,2
D_WRT000_EDCOCA_NA3,2,,5.0,False,True,arc,D_WRT000_EDCOCA_NA3,D,,,,12,True,2
USGS 11293200 MF Stanislaus River BelowSand Bar Diversion Dam,2,,5.0,False,True,entity,USGS 11293200 MF Stanislaus River BelowSand Bar Diversion Dam,ENT,,,,12,True,2
Lake Theodore,2,,5.0,False,True,entity,Lake Theodore,ENT,,,,12,True,2
Empire West Side ID,2,,5.0,False,True,entity,Empire West Side ID,ENT,,,,12,True,2
CT_STEVINSON,2,,5.0,False,True,entity,CT_STEVINSON,ENT,,,,12,True,2
I_SLYCK,2,,5.0,False,True,entity,I_SLYCK,ENT,,,,12,True,2
South Fork Tuolumne River,2,,5.0,False,True,entity,South Fork Tuolumne River,ENT,,,,12,True,2
C_SCT001,2,,5.0,False,True,arc,C_SCT001,CH,,,,12,True,2
SG318_CBD049_55,2,,5.0,False,True,entity,SG318_CBD049_55,ENT,,,,12,True,2
SG378_AMR009_66,2,,5.0,False,True,entity,SG378_AMR009_66,ENT,,,,12,True,2
D_WSB032_CLRTA2,2,,5.0,False,True,arc,D_WSB032_CLRTA2,D,,,,12,True,2
E_FLRNC,2,,5.0,False,True,entity,E_FLRNC,ENT,,,,12,True,2
SG69_FRS045_9,2,,5.0,False,True,entity,SG69_FRS045_9,ENT,,,,12,True,2
Losses R-29A --> 29F,2,,5.0,False,True,entity,Losses R-29A --> 29F,ENT,,,,12,True,2
C700A,2,,5.0,False,True,entity,C700A,ENT,,,,12,True,2
C_BASSL,2,,5.0,False,True,arc,C_BASSL,CH,,,,12,True,2
Slate Creek Diversion Tunnel,2,,5.0,False,True,entity,Slate Creek Diversion Tunnel,ENT,,,,12,True,2
D_PYRMD_VNTRA,2,,5.0,False,True,arc,D_PYRMD_VNTRA,D,,,,12,True,2
D_DMC097_DMCLOS,2,,5.0,False,True,arc,D_DMC097_DMCLOS,D,,,,12,True,2
I_NFS033,2,,5.0,False,True,entity,I_NFS033,ENT,,,,12,True,2
C_ELT010,2,,5.0,False,True,arc,C_ELT010,CH,,,,12,True,2
Deer Creek,2,,5.0,False,True,entity,Deer Creek,ENT,,,,12,True,2
USGS 11421500 Yuba River near Marysville,2,,5.0,False,True,entity,USGS 11421500 Yuba River near Marysville,ENT,,,,12,True,2
S_ALOHA,2,,5.0,False,True,entity,S_ALOHA,ENT,,,,12,True,2
S18,2,,5.0,False,True,entity,S18,ENT,,,,12,True,2
Halsey Afterbay,2,,5.0,False,True,entity,Halsey Afterbay,ENT,,,,12,True,2
SG389_SAC017_67,2,,5.0,False,True,entity,SG389_SAC017_67,ENT,,,,12,True,2
SG349_YUB011_60,2,,5.0,False,True,entity,SG349_YUB011_60,ENT,,,,12,True,2
USGS 11295240 Utica Canal at Pressure Tap,2,,5.0,False,True,entity,USGS 11295240 Utica Canal at Pressure Tap,ENT,,,,12,True,2
Deer Creek (DRC),2,,5.0,False,True,entity,Deer Creek (DRC),ENT,,,,12,True,2
CAA240,2,,5.0,False,True,entity,CAA240,ENT,,,,12,True,2
SG351_YUB002_60,2,,5.0,False,True,entity,SG351_YUB002_60,ENT,,,,12,True,2
"Palmdale WA (Reach 20A, 20B)",2,,5.0,False,True,entity,"Palmdale WA (Reach 20A, 20B)",ENT,,,,12,True,2
Farmington Reservoir,2,,5.0,False,True,entity,Farmington Reservoir,ENT,,,,12,True,2
Berenda Slough,2,,5.0,False,True,entity,Berenda Slough,ENT,,,,12,True,2
C_SFS030,2,,5.0,False,True,arc,C_SFS030,CH,,,,12,True,2
64_PA2 Chowchilla WD,2,,5.0,False,True,entity,64_PA2 Chowchilla WD,ENT,WD,,,12,True,2
SFA017,2,,5.0,False,True,entity,SFA017,ENT,,,,12,True,2
06_NU City of Orland Small Communities,2,,5.0,False,True,entity,06_NU City of Orland Small Communities,ENT,,,,12,True,2
Santa Clara Valley WD,2,,5.0,False,True,entity,Santa Clara Valley WD,ENT,WD,,,12,True,2
D206B,2,,5.0,False,True,entity,D206B,ENT,,,,12,True,2
21_NU Knights Landing CSD Small communities,2,,5.0,False,True,entity,21_NU Knights Landing CSD Small communities,ENT,,,,12,True,2
D_WRT000_ELDID_NU2,2,,5.0,False,True,arc,D_WRT000_ELDID_NU2,D,,,,12,True,2
I_SLC003,2,,5.0,False,True,entity,I_SLC003,ENT,,,,12,True,2
24_NU4 Small Communities,2,,5.0,False,True,entity,24_NU4 Small Communities,ENT,,,,12,True,2
TD_TUO017_140,2,,5.0,False,True,entity,TD_TUO017_140,ENT,,,,12,True,2
C_MOK033,2,,5.0,False,True,arc,C_MOK033,CH,,,,12,True,2
NIDBR_NA,2,,5.0,False,True,entity,NIDBR_NA,ENT,,,,12,True,2
E11,2,,5.0,False,True,entity,E11,ENT,,,,12,True,2
E92,2,,5.0,False,True,entity,E92,ENT,,,,12,True,2
Beardsley Afterbay Dam,2,,5.0,False,True,entity,Beardsley Afterbay Dam,ENT,,,,12,True,2
MFS017,2,,5.0,False,True,entity,MFS017,ENT,,,,12,True,2
D_BCK006_ESC004,2,,5.0,False,True,arc,D_BCK006_ESC004,D,,,,12,True,2
D_CAA184_DUDLEY,2,,5.0,False,True,arc,D_CAA184_DUDLEY,D,,,,12,True,2
USGS 11277100 Lake Eleanor Diversion Tunnel,2,,5.0,False,True,entity,USGS 11277100 Lake Eleanor Diversion Tunnel,ENT,,,,12,True,2
USGS 11414155 Spaulding No. 2 Powerhouse,2,,5.0,False,True,entity,USGS 11414155 Spaulding No. 2 Powerhouse,ENT,,,,12,True,2
USGS 11295300 NF Stanislaus River Below Beaver Creek near Hathaway Pines,2,,5.0,False,True,entity,USGS 11295300 NF Stanislaus River Below Beaver Creek near Hathaway Pines,ENT,,,,12,True,2
C_TUO102,2,,5.0,False,True,arc,C_TUO102,CH,,,,12,True,2
SG240_ELD012_42,2,,5.0,False,True,entity,SG240_ELD012_42,ENT,,,,12,True,2
SG55_SJR256_7,2,,5.0,False,True,entity,SG55_SJR256_7,ENT,,,,12,True,2
60S_NU2 Small Communities,2,,5.0,False,True,entity,60S_NU2 Small Communities,ENT,,,,12,True,2
C595,2,,5.0,False,True,entity,C595,ENT,,,,12,True,2
TD_SJR180_067,2,,5.0,False,True,entity,TD_SJR180_067,ENT,,,,12,True,2
D_CAA183_TULARE,2,,5.0,False,True,arc,D_CAA183_TULARE,D,,,,12,True,2
Local Inflow to Pilot Creek,2,,5.0,False,True,entity,Local Inflow to Pilot Creek,ENT,,,,12,True,2
DWR A02630 (HMC) Sacramento River at Hamilton City,2,,5.0,False,True,entity,DWR A02630 (HMC) Sacramento River at Hamilton City,ENT,,,,12,True,2
USGS 11416000 Bowman-Spaulding Canal Intake near Graniteville,2,,5.0,False,True,entity,USGS 11416000 Bowman-Spaulding Canal Intake near Graniteville,ENT,,,,12,True,2
04_PA2 Kirkwood WD,2,,5.0,False,True,entity,04_PA2 Kirkwood WD,ENT,WD,,,12,True,2
I_SLV006,2,,5.0,False,True,entity,I_SLV006,ENT,,,,12,True,2
C_SSJ013,2,,5.0,False,True,arc,C_SSJ013,CH,,,,12,True,2
C_WSB006,2,,5.0,False,True,arc,C_WSB006,CH,,,,12,True,2
PYRMD,2,,5.0,False,True,entity,PYRMD,ENT,,,,12,True,2
NIDDC_NA3,2,,5.0,False,True,entity,NIDDC_NA3,ENT,,,,12,True,2
Corral Hollow and minor Creeks,2,,5.0,False,True,entity,Corral Hollow and minor Creeks,ENT,,,,12,True,2
C4,2,,5.0,False,True,entity,C4,ENT,,,,12,True,2
"07N_NU CalWater (Willows), Small Communities",2,,5.0,False,True,entity,"07N_NU CalWater (Willows), Small Communities",ENT,,,,12,True,2
SG252_THM005_45,2,,5.0,False,True,entity,SG252_THM005_45,ENT,,,,12,True,2
LBC031,2,,5.0,False,True,entity,LBC031,ENT,,,,12,True,2
S_LKVLY,2,,5.0,False,True,entity,S_LKVLY,ENT,,,,12,True,2
USGS 11432500 Pilot Creek near Georgetown,2,,5.0,False,True,entity,USGS 11432500 Pilot Creek near Georgetown,ENT,,,,12,True,2
HCS001,2,,5.0,False,True,entity,HCS001,ENT,,,,12,True,2
D867,2,,5.0,False,True,entity,D867,ENT,,,,12,True,2
SCT001,2,,5.0,False,True,entity,SCT001,ENT,,,,12,True,2
WRD000,2,,5.0,False,True,entity,WRD000,ENT,,,,12,True,2
SG245_MLC004_43,2,,5.0,False,True,entity,SG245_MLC004_43,ENT,,,,12,True,2
"18_NA Butte Slough IC, Sutter Butte MWC, Non-District",2,,5.0,False,True,entity,"18_NA Butte Slough IC, Sutter Butte MWC, Non-District",ENT,,,,12,True,2
SG394_CCH006_68,2,,5.0,False,True,entity,SG394_CCH006_68,ENT,,,,12,True,2
Oakdale Portal,2,,5.0,False,True,entity,Oakdale Portal,ENT,,,,12,True,2
D_CSB015_KERN_BMWD,2,,5.0,False,True,arc,D_CSB015_KERN_BMWD,D,WD,,,12,True,2
C_SJR318,2,,5.0,False,True,arc,C_SJR318,CH,,,,12,True,2
America River Pump Station (PCWA),2,,5.0,False,True,entity,America River Pump Station (PCWA),ENT,,,,12,True,2
SFF019,2,,5.0,False,True,entity,SFF019,ENT,,,,12,True,2
CSB001,2,,5.0,False,True,entity,CSB001,ENT,,,,12,True,2
R_62_NA3_MCD021,2,,5.0,False,True,arc,R_62_NA3_MCD021,R,,,,12,True,2
C_CSB001,2,,5.0,False,True,arc,C_CSB001,CH,,,,12,True,2
Solano State Prison,2,,5.0,False,True,entity,Solano State Prison,ENT,,,,12,True,2
DWR B0-2805 French Camp Slough near French Camp,2,,5.0,False,True,entity,DWR B0-2805 French Camp Slough near French Camp,ENT,,,,12,True,2
I_SJR288,2,,5.0,False,True,entity,I_SJR288,ENT,,,,12,True,2
C_BPA003,2,,5.0,False,True,arc,C_BPA003,CH,,,,12,True,2
Butte Creek,2,,5.0,False,True,entity,Butte Creek,ENT,,,,12,True,2
USGS 11325500 Mokelumne River at Woodbridge,2,,5.0,False,True,entity,USGS 11325500 Mokelumne River at Woodbridge,ENT,,,,12,True,2
SG51_FSL012_4,2,,5.0,False,True,entity,SG51_FSL012_4,ENT,,,,12,True,2
SG362_FTR012_63,2,,5.0,False,True,entity,SG362_FTR012_63,ENT,,,,12,True,2
13_NU1 South Feather Water and Power Agency (Oroville),2,,5.0,False,True,entity,13_NU1 South Feather Water and Power Agency (Oroville),ENT,,,,12,True,2
SG381_SAC063_67,2,,5.0,False,True,entity,SG381_SAC063_67,ENT,,,,12,True,2
S_FLRNC,2,,5.0,False,True,entity,S_FLRNC,ENT,,,,12,True,2
D843,2,,5.0,False,True,entity,D843,ENT,,,,12,True,2
Crestline - Lake Arrowhead WA (Reach 24),2,,5.0,False,True,entity,Crestline - Lake Arrowhead WA (Reach 24),ENT,,,,12,True,2
Check 19,2,,5.0,False,True,entity,Check 19,ENT,,,,12,True,2
Sack Dam,2,,5.0,False,True,entity,Sack Dam,ENT,,,,12,True,2
South Bay Aqueduct,2,,5.0,False,True,entity,South Bay Aqueduct,ENT,,,,12,True,2
S8,2,,5.0,False,True,entity,S8,ENT,,,,12,True,2
USGS 11246500 Willow Creek at Mouth near Auberry,2,,5.0,False,True,entity,USGS 11246500 Willow Creek at Mouth near Auberry,ENT,,,,12,True,2
D851 part,2,,5.0,False,True,entity,D851 part,ENT,,,,12,True,2
D204,2,,5.0,False,True,entity,D204,ENT,,,,12,True,2
YB-78,2,,5.0,False,True,entity,YB-78,ENT,,,,12,True,2
SJR306,2,,5.0,False,True,node,SJR306,ENT,,,,12,True,2
Paynes and Sevenmile Creeks,2,,5.0,False,True,entity,Paynes and Sevenmile Creeks,ENT,,,,12,True,2
USGS 11297000 Philadephia Canal near Strawberry,2,,5.0,False,True,entity,USGS 11297000 Philadephia Canal near Strawberry,ENT,,,,12,True,2
D603,2,,5.0,False,True,entity,D603,ENT,,,,12,True,2
SG238_ELD022_42,2,,5.0,False,True,entity,SG238_ELD022_42,ENT,,,,12,True,2
SG212_COW007_33,2,,5.0,False,True,entity,SG212_COW007_33,ENT,,,,12,True,2
South Fork American River nr Kyburz local inflow,2,,5.0,False,True,entity,South Fork American River nr Kyburz local inflow,ENT,,,,12,True,2
E_DONLL,2,,5.0,False,True,entity,E_DONLL,ENT,,,,12,True,2
08S_NA1 Non-District,2,,5.0,False,True,entity,08S_NA1 Non-District,ENT,,,,12,True,2
C_MAMTH,2,,5.0,False,True,arc,C_MAMTH,CH,,,,12,True,2
I_MFT000,2,,5.0,False,True,entity,I_MFT000,ENT,,,,12,True,2
C_DFF005,2,,5.0,False,True,arc,C_DFF005,CH,,,,12,True,2
I76,2,,5.0,False,True,entity,I76,ENT,,,,12,True,2
SG58_SJR235_7,2,,5.0,False,True,entity,SG58_SJR235_7,ENT,,,,12,True,2
City of Fairfield,2,,5.0,False,True,entity,City of Fairfield,ENT,,,,12,True,2
S_FRNCH,2,,5.0,False,True,entity,S_FRNCH,ENT,,,,12,True,2
USGS 11292610 Donnell Powerhouse near Strawberry,2,,5.0,False,True,entity,USGS 11292610 Donnell Powerhouse near Strawberry,ENT,,,,12,True,2
TD_MCD050_117,2,,5.0,False,True,entity,TD_MCD050_117,ENT,,,,12,True,2
D802A,2,,5.0,False,True,entity,D802A,ENT,,,,12,True,2
D839,2,,5.0,False,True,entity,D839,ENT,,,,12,True,2
62_NA6 Merced ID North,2,,5.0,False,True,entity,62_NA6 Merced ID North,ENT,,,,12,True,2
SG385_SAC041_67,2,,5.0,False,True,entity,SG385_SAC041_67,ENT,,,,12,True,2
Our House Diversion Dam,2,,5.0,False,True,entity,Our House Diversion Dam,ENT,,,,12,True,2
C_SSC001,2,,5.0,False,True,arc,C_SSC001,CH,,,,12,True,2
SJR318,2,,5.0,False,True,node,SJR318,ENT,,,,12,True,2
NFS007,2,,5.0,False,True,entity,NFS007,ENT,,,,12,True,2
D_PRTLF_PPH007,2,,5.0,False,True,arc,D_PRTLF_PPH007,D,,,,12,True,2
D_EDC021_WTPRS1,2,,5.0,False,True,arc,D_EDC021_WTPRS1,D,WTP,,,12,True,2
USGS 11376000 Cottonwood Creek near Cottonwood,2,,5.0,False,True,entity,USGS 11376000 Cottonwood Creek near Cottonwood,ENT,,,,12,True,2
Alamo Power Plant,2,,5.0,False,True,entity,Alamo Power Plant,ENT,,,,12,True,2
TD_EBP005_075,2,,5.0,False,True,entity,TD_EBP005_075,ENT,,,,12,True,2
I_MFS022,2,,5.0,False,True,entity,I_MFS022,ENT,,,,12,True,2
SG_SLO000_659,2,,5.0,False,True,entity,SG_SLO000_659,ENT,,,,12,True,2
USGS 11261100 Salt Slough at Highway 165 near Stevinson,2,,5.0,False,True,entity,USGS 11261100 Salt Slough at Highway 165 near Stevinson,ENT,,,,12,True,2
"YB-90, South Canal from Bear River CDEC BEV",2,,5.0,False,True,entity,"YB-90, South Canal from Bear River CDEC BEV",ENT,,,,12,True,2
Moccasin Reservoir and Powerhouse,2,,5.0,False,True,entity,Moccasin Reservoir and Powerhouse,ENT,,,,12,True,2
NFS003,2,,5.0,False,True,entity,NFS003,ENT,,,,12,True,2
Check 18,2,,5.0,False,True,entity,Check 18,ENT,,,,12,True,2
I6,2,,5.0,False,True,entity,I6,ENT,,,,12,True,2
C_TUO097,2,,5.0,False,True,arc,C_TUO097,CH,,,,12,True,2
GP_72_PR3,2,,5.0,False,True,entity,GP_72_PR3,ENT,,,,12,True,2
D_STH007_STHLOS,2,,5.0,False,True,arc,D_STH007_STHLOS,D,,,,12,True,2
I_BOC002,2,,5.0,False,True,entity,I_BOC002,ENT,,,,12,True,2
C_MFS017,2,,5.0,False,True,arc,C_MFS017,CH,,,,12,True,2
C_CVT005,2,,5.0,False,True,arc,C_CVT005,CH,,,,12,True,2
D_TFR000_BSC005_PGE,2,,5.0,False,True,arc,D_TFR000_BSC005_PGE,D,,,,12,True,2
C_TGR002,2,,5.0,False,True,arc,C_TGR002,CH,,,,12,True,2
I_NFS009,2,,5.0,False,True,entity,I_NFS009,ENT,,,,12,True,2
Local Inflow,2,,5.0,False,True,entity,Local Inflow,ENT,,,,12,True,2
"USGS 11409350 Camptonville Tunnel at Intake, near Camptonville",2,,5.0,False,True,entity,"USGS 11409350 Camptonville Tunnel at Intake, near Camptonville",ENT,,,,12,True,2
RLIEF,2,,5.0,False,True,entity,RLIEF,ENT,,,,12,True,2
D829,2,,5.0,False,True,entity,D829,ENT,,,,12,True,2
Inflow to Loon Lake,2,,5.0,False,True,entity,Inflow to Loon Lake,ENT,,,,12,True,2
D883,2,,5.0,False,True,entity,D883,ENT,,,,12,True,2
D_RNCHO_60N_NU2,2,,5.0,False,True,arc,D_RNCHO_60N_NU2,D,,,,12,True,2
D285,2,,5.0,False,True,entity,D285,ENT,,,,12,True,2
C562,2,,5.0,False,True,entity,C562,ENT,,,,12,True,2
D_CPT012_TUO105,2,,5.0,False,True,arc,D_CPT012_TUO105,D,,,,12,True,2
Bear River Diversion Dam,2,,5.0,False,True,entity,Bear River Diversion Dam,ENT,,,,12,True,2
I_NFW009,2,,5.0,False,True,entity,I_NFW009,ENT,,,,12,True,2
MNT000,2,,5.0,False,True,entity,MNT000,ENT,,,,12,True,2
SG415_SAC007_71,2,,5.0,False,True,entity,SG415_SAC007_71,ENT,,,,12,True,2
SG454_CWD013_77,2,,5.0,False,True,entity,SG454_CWD013_77,ENT,WD,,,12,True,2
GRT003,2,,5.0,False,True,entity,GRT003,ENT,,,,12,True,2
S_DONLL,2,,5.0,False,True,entity,S_DONLL,ENT,,,,12,True,2
BSH003,2,,5.0,False,True,entity,BSH003,ENT,,,,12,True,2
SG96_DED032_13,2,,5.0,False,True,entity,SG96_DED032_13,ENT,,,,12,True,2
Duncan Creek,2,,5.0,False,True,entity,Duncan Creek,ENT,,,,12,True,2
06_NA Non-District,2,,5.0,False,True,entity,06_NA Non-District,ENT,,,,12,True,2
GP_61_NU2,2,,5.0,False,True,entity,GP_61_NU2,ENT,,,,12,True,2
Lower Boardman Canal used as surrogate for PCWA canal distribution system,2,,5.0,False,True,entity,Lower Boardman Canal used as surrogate for PCWA canal distribution system,ENT,,,,12,True,2
D178,2,,5.0,False,True,entity,D178,ENT,,,,12,True,2
C_ANC000,2,,5.0,False,True,arc,C_ANC000,CH,,,,12,True,2
SG229_SAC250_39,2,,5.0,False,True,entity,SG229_SAC250_39,ENT,,,,12,True,2
SG262_SAC196_48,2,,5.0,False,True,entity,SG262_SAC196_48,ENT,,,,12,True,2
C_LBC047,2,,5.0,False,True,arc,C_LBC047,CH,,,,12,True,2
D540A,2,,5.0,False,True,entity,D540A,ENT,,,,12,True,2
D_DMC054_DMCLOS,2,,5.0,False,True,arc,D_DMC054_DMCLOS,D,,,,12,True,2
SG_MOK028_497,2,,5.0,False,True,entity,SG_MOK028_497,ENT,,,,12,True,2
C6,2,,5.0,False,True,entity,C6,ENT,,,,12,True,2
USGS 11383500 Deer Creek near Vina,2,,5.0,False,True,entity,USGS 11383500 Deer Creek near Vina,ENT,,,,12,True,2
USGS 11238600 San Joaquin River above Stevenson Creek near Big Creek,2,,5.0,False,True,entity,USGS 11238600 San Joaquin River above Stevenson Creek near Big Creek,ENT,,,,12,True,2
C_MNT000,2,,5.0,False,True,arc,C_MNT000,CH,,,,12,True,2
USGS 11395150 South Fork Tunnel near Strawberry,2,,5.0,False,True,entity,USGS 11395150 South Fork Tunnel near Strawberry,ENT,,,,12,True,2
S4,2,,5.0,False,True,entity,S4,ENT,,,,12,True,2
USGS 11444201+11444280 Rock Creek near Placerville + Rock Creek Powerhouse,2,,5.0,False,True,entity,USGS 11444201+11444280 Rock Creek near Placerville + Rock Creek Powerhouse,ENT,,,,12,True,2
USGS 11409400 Oregon Creek below Log Cabin Dam near Camptonville,2,,5.0,False,True,entity,USGS 11409400 Oregon Creek below Log Cabin Dam near Camptonville,ENT,,,,12,True,2
Portuguese Bend Pumping Plant,2,,5.0,False,True,entity,Portuguese Bend Pumping Plant,ENT,,,,12,True,2
90_PA2 Westlands WD Priority II,2,,5.0,False,True,entity,90_PA2 Westlands WD Priority II,ENT,WD,,,12,True,2
Rock Creek,2,,5.0,False,True,entity,Rock Creek,ENT,,,,12,True,2
SG237_ELD027_42,2,,5.0,False,True,entity,SG237_ELD027_42,ENT,,,,12,True,2
64_XA Columbia Canal Company,2,,5.0,False,True,entity,64_XA Columbia Canal Company,ENT,,,,12,True,2
Devils Den PP,2,,5.0,False,True,entity,Devils Den PP,ENT,,,,12,True,2
D79_SEEP,2,,5.0,False,True,entity,D79_SEEP,ENT,,,,12,True,2
LCCWD Little Last Chance Irrigation District DWR Non-District,2,,5.0,False,True,entity,LCCWD Little Last Chance Irrigation District DWR Non-District,ENT,WD,,,12,True,2
S_ENGLB,2,,5.0,False,True,entity,S_ENGLB,ENT,,,,12,True,2
ESB425,2,,5.0,False,True,entity,ESB425,ENT,,,,12,True,2
SFW000,2,,5.0,False,True,entity,SFW000,ENT,,,,12,True,2
Local Inflows to NF Stanislaus River,2,,5.0,False,True,entity,Local Inflows to NF Stanislaus River,ENT,,,,12,True,2
USGS 11454500 Putah Creek at Winters Discontinued,2,,5.0,False,True,entity,USGS 11454500 Putah Creek at Winters Discontinued,ENT,,,,12,True,2
C_WSB014,2,,5.0,False,True,arc,C_WSB014,CH,,,,12,True,2
SG333_BSL001_58,2,,5.0,False,True,entity,SG333_BSL001_58,ENT,,,,12,True,2
C826,2,,5.0,False,True,entity,C826,ENT,,,,12,True,2
C1,2,,5.0,False,True,entity,C1,ENT,,,,12,True,2
"61_NU3 Cities of Oakdale, Ripon and Riverbank small communities",2,,5.0,False,True,entity,"61_NU3 Cities of Oakdale, Ripon and Riverbank small communities",ENT,,,,12,True,2
C_CQC001,2,,5.0,False,True,arc,C_CQC001,CH,,,,12,True,2
C_MOK039,2,,5.0,False,True,arc,C_MOK039,CH,,,,12,True,2
SG266_STN009_49,2,,5.0,False,True,entity,SG266_STN009_49,ENT,,,,12,True,2
SG275_SAC188_51,2,,5.0,False,True,entity,SG275_SAC188_51,ENT,,,,12,True,2
SG114_SJR123_16,2,,5.0,False,True,entity,SG114_SJR123_16,ENT,,,,12,True,2
C_WRD003,2,,5.0,False,True,arc,C_WRD003,CH,,,,12,True,2
C_NFF038,2,,5.0,False,True,arc,C_NFF038,CH,,,,12,True,2
C_CAA280,2,,5.0,False,True,arc,C_CAA280,CH,,,,12,True,2
USGS 11421780 Chicago Park Flume near Dutch Flat,2,,5.0,False,True,entity,USGS 11421780 Chicago Park Flume near Dutch Flat,ENT,,,,12,True,2
I_COL003,2,,5.0,False,True,entity,I_COL003,ENT,,,,12,True,2
D879,2,,5.0,False,True,entity,D879,ENT,,,,12,True,2
PCWA Middle Fiddler Green System,2,,5.0,False,True,entity,PCWA Middle Fiddler Green System,ENT,,,,12,True,2
D_DMC011_DMCLOS,2,,5.0,False,True,arc,D_DMC011_DMCLOS,D,,,,12,True,2
D_NFF058_BTN007,2,,5.0,False,True,arc,D_NFF058_BTN007,D,,,,12,True,2
USGS 11261500 San Joaquin River at Fremont Ford Bridge near Stevinson,2,,5.0,False,True,entity,USGS 11261500 San Joaquin River at Fremont Ford Bridge near Stevinson,ENT,,,,12,True,2
CVT000,2,,5.0,False,True,entity,CVT000,ENT,,,,12,True,2
D_SPLDG_DRM000_NID,2,,5.0,False,True,arc,D_SPLDG_DRM000_NID,D,,,,12,True,2
USGS 11377100 Sacramento River above Bend Bridge,2,,5.0,False,True,entity,USGS 11377100 Sacramento River above Bend Bridge,ENT,,,,12,True,2
Hell Hole Reservoir Local Inflow,2,,5.0,False,True,entity,Hell Hole Reservoir Local Inflow,ENT,,,,12,True,2
Cresta Forebay,2,,5.0,False,True,entity,Cresta Forebay,ENT,,,,12,True,2
D880,2,,5.0,False,True,entity,D880,ENT,,,,12,True,2
SG192_CSM011_29,2,,5.0,False,True,entity,SG192_CSM011_29,ENT,,,,12,True,2
CWD013,2,,5.0,False,True,entity,CWD013,ENT,WD,,,12,True,2
Priest Reservoir,2,,5.0,False,True,entity,Priest Reservoir,ENT,,,,12,True,2
C_ESB347,2,,5.0,False,True,arc,C_ESB347,CH,,,,12,True,2
S3,2,,5.0,False,True,entity,S3,ENT,,,,12,True,2
Murphys Forebay and Afterbay,2,,5.0,False,True,entity,Murphys Forebay and Afterbay,ENT,,,,12,True,2
USGS 11230530 Bear Creek below Diversion Dam near Lake Thomas Edison,2,,5.0,False,True,entity,USGS 11230530 Bear Creek below Diversion Dam near Lake Thomas Edison,ENT,,,,12,True,2
Local Inflow to Camp Far West Reservoir,2,,5.0,False,True,entity,Local Inflow to Camp Far West Reservoir,ENT,,,,12,True,2
D29,2,,5.0,False,True,entity,D29,ENT,,,,12,True,2
D_SAC078_22_SA1,2,,5.0,False,True,arc,D_SAC078_22_SA1,D,,,,12,True,2
Ralston Afterbay,2,,5.0,False,True,entity,Ralston Afterbay,ENT,,,,12,True,2
D400B,2,,5.0,False,True,entity,D400B,ENT,,,,12,True,2
Local Inflow to Cache Creek,2,,5.0,False,True,entity,Local Inflow to Cache Creek,ENT,,,,12,True,2
PSB001,2,,5.0,False,True,entity,PSB001,ENT,,,,12,True,2
S_THRMF,2,,5.0,False,True,entity,S_THRMF,ENT,,,,12,True,2
C134,2,,5.0,False,True,entity,C134,ENT,,,,12,True,2
Miscellaneous FRSA diverters,2,,5.0,False,True,entity,Miscellaneous FRSA diverters,ENT,,,,12,True,2
USGS 11271500 Merced River near Livingston (discontinued),2,,5.0,False,True,entity,USGS 11271500 Merced River near Livingston (discontinued),ENT,,,,12,True,2
C_TUO096,2,,5.0,False,True,arc,C_TUO096,CH,,,,12,True,2
C564,2,,5.0,False,True,entity,C564,ENT,,,,12,True,2
C_CSTIC,2,,5.0,False,True,arc,C_CSTIC,CH,,,,12,True,2
D9,2,,5.0,False,True,entity,D9,ENT,,,,12,True,2
C_MIL002,2,,5.0,False,True,arc,C_MIL002,CH,,,,12,True,2
"26N_NU5 Golden State WC, Sacramento County WA Zone 41, Del Paso Manor WD, Cal. Am WC",2,,5.0,False,True,entity,"26N_NU5 Golden State WC, Sacramento County WA Zone 41, Del Paso Manor WD, Cal. Am WC",ENT,WD,,,12,True,2
Stony Creek WD,2,,5.0,False,True,entity,Stony Creek WD,ENT,WD,,,12,True,2
E_BLUMD,2,,5.0,False,True,entity,E_BLUMD,ENT,,,,12,True,2
C639,2,,5.0,False,True,entity,C639,ENT,,,,12,True,2
USGS 11525430 Judge Francis Carr Powerhouse near French Gulch,2,,5.0,False,True,entity,USGS 11525430 Judge Francis Carr Powerhouse near French Gulch,ENT,,,,12,True,2
D701_KCWD,2,,5.0,False,True,entity,D701_KCWD,ENT,WD,,,12,True,2
16_PA Feather WD,2,,5.0,False,True,entity,16_PA Feather WD,ENT,WD,,,12,True,2
Junction Reservoir,2,,5.0,False,True,entity,Junction Reservoir,ENT,,,,12,True,2
NDOI,2,,5.0,False,True,entity,NDOI,ENT,,,,12,True,2
C_OMR024A,2,,5.0,False,True,arc,C_OMR024A,CH,,,,12,True,2
USGS 11407900 Middle Yuba River below Jackson Meadows Dam Replaced by NID YB-301,2,,5.0,False,True,entity,USGS 11407900 Middle Yuba River below Jackson Meadows Dam Replaced by NID YB-301,ENT,,,,12,True,2
USGS 11433065 SF Long Canyon Creek below Diversion Tunnel,2,,5.0,False,True,entity,USGS 11433065 SF Long Canyon Creek below Diversion Tunnel,ENT,,,,12,True,2
D_ESB408_DESRT,2,,5.0,False,True,arc,D_ESB408_DESRT,D,,,,12,True,2
SG223_SAC265_37,2,,5.0,False,True,entity,SG223_SAC265_37,ENT,,,,12,True,2
S_ICEHS,2,,5.0,False,True,entity,S_ICEHS,ENT,,,,12,True,2
USGS 11403050 Belden Powerhouse at Belden,2,,5.0,False,True,entity,USGS 11403050 Belden Powerhouse at Belden,ENT,,,,12,True,2
D_JNKSN_ELDID_NA1,2,,5.0,False,True,arc,D_JNKSN_ELDID_NA1,D,,,,12,True,2
COL001,2,,5.0,False,True,entity,COL001,ENT,,,,12,True,2
Inflow to Lake Caples,2,,5.0,False,True,entity,Inflow to Lake Caples,ENT,,,,12,True,2
ESB347,2,,5.0,False,True,entity,ESB347,ENT,,,,12,True,2
C_BGC008,2,,5.0,False,True,arc,C_BGC008,CH,,,,12,True,2
GP_63_PR1,2,,5.0,False,True,entity,GP_63_PR1,ENT,,,,12,True,2
USGS 11316605 Tiger Creek below Regulator Reservoir nr Pioneer,2,,5.0,False,True,entity,USGS 11316605 Tiger Creek below Regulator Reservoir nr Pioneer,ENT,,,,12,True,2
Trinity River,2,,5.0,False,True,entity,Trinity River,ENT,,,,12,True,2
I_LNG012,2,,5.0,False,True,entity,I_LNG012,ENT,,,,12,True,2
BGCD4,2,,5.0,False,True,entity,BGCD4,ENT,,,,12,True,2
Battle Creek,2,,5.0,False,True,entity,Battle Creek,ENT,,,,12,True,2
USGS 11315030 Cole Creek below Diversion Dam nr Salt Springs Dam,2,,5.0,False,True,entity,USGS 11315030 Cole Creek below Diversion Dam nr Salt Springs Dam,ENT,,,,12,True,2
S_BRYSA,2,,5.0,False,True,entity,S_BRYSA,ENT,,,,12,True,2
E_ALOHA,2,,5.0,False,True,entity,E_ALOHA,ENT,,,,12,True,2
SG167_CLV004_25,2,,5.0,False,True,entity,SG167_CLV004_25,ENT,,,,12,True,2
TGC003,2,,5.0,False,True,entity,TGC003,ENT,,,,12,True,2
C_ECT001,2,,5.0,False,True,arc,C_ECT001,CH,,,,12,True,2
SG327_CBD012_56,2,,5.0,False,True,entity,SG327_CBD012_56,ENT,,,,12,True,2
D_CAA280_CAALOS,2,,5.0,False,True,arc,D_CAA280_CAALOS,D,,,,12,True,2
I413,2,,5.0,False,True,entity,I413,ENT,,,,12,True,2
S6,2,,5.0,False,True,entity,S6,ENT,,,,12,True,2
Metropolitan Water District (Reach 26),2,,5.0,False,True,entity,Metropolitan Water District (Reach 26),ENT,,,,12,True,2
D_NFA016_WTPWAL,2,,5.0,False,True,arc,D_NFA016_WTPWAL,D,WTP,,,12,True,2
USGS 11231600 Mono Creek below Diversion Dam near Mono Hot Springs,2,,5.0,False,True,entity,USGS 11231600 Mono Creek below Diversion Dam near Mono Hot Springs,ENT,,,,12,True,2
C_SFW000,2,,5.0,False,True,arc,C_SFW000,CH,,,,12,True,2
SG206_SAC294_32,2,,5.0,False,True,entity,SG206_SAC294_32,ENT,,,,12,True,2
USGS 11302000 Stanislaus River below Goodwin,2,,5.0,False,True,entity,USGS 11302000 Stanislaus River below Goodwin,ENT,,,,12,True,2
I_NFW026,2,,5.0,False,True,entity,I_NFW026,ENT,,,,12,True,2
CAA239,2,,5.0,False,True,entity,CAA239,ENT,,,,12,True,2
C_SBA020,2,,5.0,False,True,arc,C_SBA020,CH,,,,12,True,2
Local inflow Middle Fork American River,2,,5.0,False,True,entity,Local inflow Middle Fork American River,ENT,,,,12,True,2
SBA036,2,,5.0,False,True,entity,SBA036,ENT,,,,12,True,2
61_PA2 Oakdale ID South,2,,5.0,False,True,entity,61_PA2 Oakdale ID South,ENT,,,,12,True,2
C_ANG010,2,,5.0,False,True,arc,C_ANG010,CH,,,,12,True,2
Corning Canal,2,,5.0,False,True,entity,Corning Canal,ENT,,,,12,True,2
S_BEARD,2,,5.0,False,True,entity,S_BEARD,ENT,,,,12,True,2
GP_62_NA3,2,,5.0,False,True,entity,GP_62_NA3,ENT,,,,12,True,2
SG131_SJR106_20,2,,5.0,False,True,entity,SG131_SJR106_20,ENT,,,,12,True,2
USGS 11389000 Sacramento River at Butte City,2,,5.0,False,True,entity,USGS 11389000 Sacramento River at Butte City,ENT,,,,12,True,2
D7A,2,,5.0,False,True,entity,D7A,ENT,,,,12,True,2
The City of Vacaville has access to 13 mgd capacity at the North Bay Regional water treatment plant which is combined with 10 mgd capacity of the City's Diatomaceous Earth Filter water treatment plant,2,,5.0,False,True,entity,The City of Vacaville has access to 13 mgd capacity at the North Bay Regional water treatment plant which is combined with 10 mgd capacity of the City's Diatomaceous Earth Filter water treatment plant,ENT,,,,12,True,2
Cole Creek Diversion #2,2,,5.0,False,True,entity,Cole Creek Diversion #2,ENT,,,,12,True,2
C_CAA262,2,,5.0,False,True,arc,C_CAA262,CH,,,,12,True,2
SG162_CLV028_25,2,,5.0,False,True,entity,SG162_CLV028_25,ENT,,,,12,True,2
Toadtown Powerhouse,2,,5.0,False,True,entity,Toadtown Powerhouse,ENT,,,,12,True,2
GZL009,2,,5.0,False,True,entity,GZL009,ENT,,,,12,True,2
PRTLF,2,,5.0,False,True,entity,PRTLF,ENT,,,,12,True,2
D_FLRNC_WRD000,2,,5.0,False,True,arc,D_FLRNC_WRD000,D,,,,12,True,2
ANG015,2,,5.0,False,True,entity,ANG015,ENT,,,,12,True,2
"USGS 11375870 South Fork Cottonwood Creek near Olinda, Discontinued",2,,5.0,False,True,entity,"USGS 11375870 South Fork Cottonwood Creek near Olinda, Discontinued",ENT,,,,12,True,2
C605C,2,,5.0,False,True,entity,C605C,ENT,,,,12,True,2
I_ALD002,2,,5.0,False,True,entity,I_ALD002,ENT,,,,12,True,2
"26S_PU4 Sacramento County WA Zone 41 (Laguna, Franklin)",2,,5.0,False,True,entity,"26S_PU4 Sacramento County WA Zone 41 (Laguna, Franklin)",ENT,,,,12,True,2
Old River Pumping Station,2,,5.0,False,True,entity,Old River Pumping Station,ENT,,,,12,True,2
C_CVT000,2,,5.0,False,True,arc,C_CVT000,CH,,,,12,True,2
C_NFF080,2,,5.0,False,True,arc,C_NFF080,CH,,,,12,True,2
I_STS072,2,,5.0,False,True,entity,I_STS072,ENT,,,,12,True,2
USGS 11278000 Eleanor Creek near Hetch Hetchy,2,,5.0,False,True,entity,USGS 11278000 Eleanor Creek near Hetch Hetchy,ENT,,,,12,True,2
C12,2,,5.0,False,True,entity,C12,ENT,,,,12,True,2
DWR A02925 (CDEC SSK) Sacramento Slough near Karnak,2,,5.0,False,True,entity,DWR A02925 (CDEC SSK) Sacramento Slough near Karnak,ENT,,,,12,True,2
USGS 11246530 Big Creek Powerhouse No. 4 near Auberry,2,,5.0,False,True,entity,USGS 11246530 Big Creek Powerhouse No. 4 near Auberry,ENT,,,,12,True,2
SG411_YBP002_70,2,,5.0,False,True,entity,SG411_YBP002_70,ENT,,,,12,True,2
08N_PA Colusa Drain MWC,2,,5.0,False,True,entity,08N_PA Colusa Drain MWC,ENT,,,,12,True,2
USGS 11237500 Pitman Creek below Tamarack Creek,2,,5.0,False,True,entity,USGS 11237500 Pitman Creek below Tamarack Creek,ENT,,,,12,True,2
SG288_BTC018_52,2,,5.0,False,True,entity,SG288_BTC018_52,ENT,,,,12,True,2
USGS 11310900 Calaveras River near Stockton,2,,5.0,False,True,entity,USGS 11310900 Calaveras River near Stockton,ENT,,,,12,True,2
26N_NU2 Carmichael WD,2,,5.0,False,True,entity,26N_NU2 Carmichael WD,ENT,WD,,,12,True,2
"64_NU Cities of Madera, Chowchilla, Madera Acres, and State Prisons small communities",2,,5.0,False,True,entity,"64_NU Cities of Madera, Chowchilla, Madera Acres, and State Prisons small communities",ENT,,,,12,True,2
60N_NA4 Woodbridge ID Woodbridge Users Association,2,,5.0,False,True,entity,60N_NA4 Woodbridge ID Woodbridge Users Association,ENT,,,,12,True,2
WSE006,2,,5.0,False,True,entity,WSE006,ENT,,,,12,True,2
07S_NA Non-District,2,,5.0,False,True,entity,07S_NA Non-District,ENT,,,,12,True,2
D_SYC003_SYCLOS,2,,5.0,False,True,arc,D_SYC003_SYCLOS,D,,,,12,True,2
I_CAA245,2,,5.0,False,True,entity,I_CAA245,ENT,,,,12,True,2
SG_MDSTO_644,2,,5.0,False,True,entity,SG_MDSTO_644,ENT,,,,12,True,2
Clear Creek,2,,5.0,False,True,entity,Clear Creek,ENT,,,,12,True,2
I217,2,,5.0,False,True,entity,I217,ENT,,,,12,True,2
SG71_FRS036_9,2,,5.0,False,True,entity,SG71_FRS036_9,ENT,,,,12,True,2
S_PARDE,2,,5.0,False,True,entity,S_PARDE,ENT,,,,12,True,2
C_CAA240,2,,5.0,False,True,arc,C_CAA240,CH,,,,12,True,2
E_RDNGR,2,,5.0,False,True,entity,E_RDNGR,ENT,,,,12,True,2
S_EPARK,2,,5.0,False,True,entity,S_EPARK,ENT,,,,12,True,2
I42,2,,5.0,False,True,entity,I42,ENT,,,,12,True,2
SG79_SJR166_10,2,,5.0,False,True,entity,SG79_SJR166_10,ENT,,,,12,True,2
Suisun City,2,,5.0,False,True,entity,Suisun City,ENT,,,,12,True,2
C_BP3005,2,,5.0,False,True,arc,C_BP3005,CH,,,,12,True,2
D420,2,,5.0,False,True,entity,D420,ENT,,,,12,True,2
D_CAA069_SLUIS_S,2,,5.0,False,True,arc,D_CAA069_SLUIS_S,D,,,,12,True,2
R_72_XA3_MSN004,2,,5.0,False,True,arc,R_72_XA3_MSN004,R,,,,12,True,2
USGS 11230520 Bear Creek Conduit near Lake Thomas Edison,2,,5.0,False,True,entity,USGS 11230520 Bear Creek Conduit near Lake Thomas Edison,ENT,,,,12,True,2
BSM001,2,,5.0,False,True,entity,BSM001,ENT,,,,12,True,2
USGS 11427960 Rubicon River below Rubicon Lake,2,,5.0,False,True,entity,USGS 11427960 Rubicon River below Rubicon Lake,ENT,,,,12,True,2
C_NFW009,2,,5.0,False,True,arc,C_NFW009,CH,,,,12,True,2
"07N_PA Glide WD, Holthouse WD (part), Kanawha WD, Orland-Artois WD",2,,5.0,False,True,entity,"07N_PA Glide WD, Holthouse WD (part), Kanawha WD, Orland-Artois WD",ENT,WD,,,12,True,2
SFA011,2,,5.0,False,True,entity,SFA011,ENT,,,,12,True,2
KPA008,2,,5.0,False,True,entity,KPA008,ENT,,,,12,True,2
D_TGR000_NFM029,2,,5.0,False,True,arc,D_TGR000_NFM029,D,,,,12,True,2
SG243_MLC006_43,2,,5.0,False,True,entity,SG243_MLC006_43,ENT,,,,12,True,2
E_ELANR,2,,5.0,False,True,entity,E_ELANR,ENT,,,,12,True,2
SG197_MOK014_30,2,,5.0,False,True,entity,SG197_MOK014_30,ENT,,,,12,True,2
C216B,2,,5.0,False,True,entity,C216B,ENT,,,,12,True,2
E_JKSMD,2,,5.0,False,True,entity,E_JKSMD,ENT,,,,12,True,2
R_71_PA5_SJR106,2,,5.0,False,True,arc,R_71_PA5_SJR106,R,,,,12,True,2
D172,2,,5.0,False,True,entity,D172,ENT,,,,12,True,2
C_CAA210,2,,5.0,False,True,arc,C_CAA210,CH,,,,12,True,2
D206A,2,,5.0,False,True,entity,D206A,ENT,,,,12,True,2
ESB420,2,,5.0,False,True,entity,ESB420,ENT,,,,12,True,2
ELDID_NA3,2,,5.0,False,True,entity,ELDID_NA3,ENT,,,,12,True,2
Wolf Creek,2,,5.0,False,True,entity,Wolf Creek,ENT,,,,12,True,2
C_GFT003,2,,5.0,False,True,arc,C_GFT003,CH,,,,12,True,2
C_TSC001,2,,5.0,False,True,arc,C_TSC001,CH,,,,12,True,2
Check 8,2,,5.0,False,True,entity,Check 8,ENT,,,,12,True,2
SG90_SJR157_11,2,,5.0,False,True,entity,SG90_SJR157_11,ENT,,,,12,True,2
Banks Pumping Plant,2,,5.0,False,True,entity,Banks Pumping Plant,ENT,,,,12,True,2
"13_NA South Feather Water and Power Agency, Yuba County WD, Non-District",2,,5.0,False,True,entity,"13_NA South Feather Water and Power Agency, Yuba County WD, Non-District",ENT,WD,,,12,True,2
C_NFF034,2,,5.0,False,True,arc,C_NFF034,CH,,,,12,True,2
D_SFW006_BCB001,2,,5.0,False,True,arc,D_SFW006_BCB001,D,,,,12,True,2
D418,2,,5.0,False,True,entity,D418,ENT,,,,12,True,2
C_BGC003,2,,5.0,False,True,arc,C_BGC003,CH,,,,12,True,2
Proposed Forni Diversion Dam,2,,5.0,False,True,entity,Proposed Forni Diversion Dam,ENT,,,,12,True,2
C_GERLE,2,,5.0,False,True,arc,C_GERLE,CH,,,,12,True,2
USGS 11230600 Camp 62 Creek below Diversion Dam near Big Creek,2,,5.0,False,True,entity,USGS 11230600 Camp 62 Creek below Diversion Dam near Big Creek,ENT,,,,12,True,2
D_CAA305_ESB306,2,,5.0,False,True,arc,D_CAA305_ESB306,D,,,,12,True,2
USGS 11372000 Clear Creek near Igo,2,,5.0,False,True,entity,USGS 11372000 Clear Creek near Igo,ENT,,,,12,True,2
SG116_MCD052_17,2,,5.0,False,True,entity,SG116_MCD052_17,ENT,,,,12,True,2
13_NU2 Small Communities,2,,5.0,False,True,entity,13_NU2 Small Communities,ENT,,,,12,True,2
E78,2,,5.0,False,True,entity,E78,ENT,,,,12,True,2
North Fork Tuolumne River,2,,5.0,False,True,entity,North Fork Tuolumne River,ENT,,,,12,True,2
D28,2,,5.0,False,True,entity,D28,ENT,,,,12,True,2
GP_72_XA1,2,,5.0,False,True,entity,GP_72_XA1,ENT,,,,12,True,2
NFF034,2,,5.0,False,True,entity,NFF034,ENT,,,,12,True,2
C53,2,,5.0,False,True,entity,C53,ENT,,,,12,True,2
USGS 11259000 Chowchilla River below Buchanan Dam,2,,5.0,False,True,entity,USGS 11259000 Chowchilla River below Buchanan Dam,ENT,,,,12,True,2
WTP RSV,2,,5.0,False,True,entity,WTP RSV,ENT,WTP,,,12,True,2
SG104_SJR134_14,2,,5.0,False,True,entity,SG104_SJR134_14,ENT,,,,12,True,2
SG390_CCH030_68,2,,5.0,False,True,entity,SG390_CCH030_68,ENT,,,,12,True,2
D_CAA278_CAALOS,2,,5.0,False,True,arc,D_CAA278_CAALOS,D,,,,12,True,2
SPA001,2,,5.0,False,True,entity,SPA001,ENT,,,,12,True,2
SG117_MCD048_17,2,,5.0,False,True,entity,SG117_MCD048_17,ENT,,,,12,True,2
SG396_YBP032_68,2,,5.0,False,True,entity,SG396_YBP032_68,ENT,,,,12,True,2
SG170_SJR028_26,2,,5.0,False,True,entity,SG170_SJR028_26,ENT,,,,12,True,2
C_TUO081,2,,5.0,False,True,arc,C_TUO081,CH,,,,12,True,2
Littlejohns Creek,2,,5.0,False,True,entity,Littlejohns Creek,ENT,,,,12,True,2
GP_71_NA3,2,,5.0,False,True,entity,GP_71_NA3,ENT,,,,12,True,2
SG_EBP048_729,2,,5.0,False,True,entity,SG_EBP048_729,ENT,,,,12,True,2
SG61_SJR214_7,2,,5.0,False,True,entity,SG61_SJR214_7,ENT,,,,12,True,2
SG145_SJR072_22,2,,5.0,False,True,entity,SG145_SJR072_22,ENT,,,,12,True,2
SG395_CCH003_68,2,,5.0,False,True,entity,SG395_CCH003_68,ENT,,,,12,True,2
SG348_FTR029_59,2,,5.0,False,True,entity,SG348_FTR029_59,ENT,,,,12,True,2
Alder Creek,2,,5.0,False,True,entity,Alder Creek,ENT,,,,12,True,2
South Fork Cottonwood Creek,2,,5.0,False,True,entity,South Fork Cottonwood Creek,ENT,,,,12,True,2
D_BSH003_CMN005,2,,5.0,False,True,arc,D_BSH003_CMN005,D,,,,12,True,2
E_SLTSP,2,,5.0,False,True,entity,E_SLTSP,ENT,,,,12,True,2
SG_MOK022_479,2,,5.0,False,True,entity,SG_MOK022_479,ENT,,,,12,True,2
USGS 112987000 Angels Creek Below Utica Diversion Dam,2,,5.0,False,True,entity,USGS 112987000 Angels Creek Below Utica Diversion Dam,ENT,,,,12,True,2
L172,2,,5.0,False,True,entity,L172,ENT,,,,12,True,2
Rockbound Lake,2,,5.0,False,True,entity,Rockbound Lake,ENT,,,,12,True,2
BRC001,2,,5.0,False,True,entity,BRC001,ENT,,,,12,True,2
Drum Canal Wasteway,2,,5.0,False,True,entity,Drum Canal Wasteway,ENT,,,,12,True,2
SG251_THM012_45,2,,5.0,False,True,entity,SG251_THM012_45,ENT,,,,12,True,2
Sly Park and Hazel Creeks,2,,5.0,False,True,entity,Sly Park and Hazel Creeks,ENT,,,,12,True,2
USGS 11396350 South Fork Feather River at Ponderosa Dam Discontinued,2,,5.0,False,True,entity,USGS 11396350 South Fork Feather River at Ponderosa Dam Discontinued,ENT,,,,12,True,2
E_GERLE,2,,5.0,False,True,entity,E_GERLE,ENT,,,,12,True,2
ESB324,2,,5.0,False,True,entity,ESB324,ENT,,,,12,True,2
D838,2,,5.0,False,True,entity,D838,ENT,,,,12,True,2
C221,2,,5.0,False,True,entity,C221,ENT,,,,12,True,2
E_SCOTF,2,,5.0,False,True,entity,E_SCOTF,ENT,,,,12,True,2
D_CYN010_TWL005,2,,5.0,False,True,arc,D_CYN010_TWL005,D,,,,12,True,2
Durham Mutual Dam (Diversion #56),2,,5.0,False,True,entity,Durham Mutual Dam (Diversion #56),ENT,,,,12,True,2
02_NA Non-District,2,,5.0,False,True,entity,02_NA Non-District,ENT,,,,12,True,2
USGS 11395200 South Fork Feather River below Diversion Dam near Strawberry Valley,2,,5.0,False,True,entity,USGS 11395200 South Fork Feather River below Diversion Dam near Strawberry Valley,ENT,,,,12,True,2
C_PYR001,2,,5.0,False,True,arc,C_PYR001,CH,,,,12,True,2
"08S_NU City of Colusa, Williams, Small Communities",2,,5.0,False,True,entity,"08S_NU City of Colusa, Williams, Small Communities",ENT,,,,12,True,2
USGS 11238250 Eastwood Powerhouse above Shaver Lake near Big Creek,2,,5.0,False,True,entity,USGS 11238250 Eastwood Powerhouse above Shaver Lake near Big Creek,ENT,,,,12,True,2
USGS 11441780 Jaybird Powerhouse near Pollock Pines,2,,5.0,False,True,entity,USGS 11441780 Jaybird Powerhouse near Pollock Pines,ENT,,,,12,True,2
YB-278+part of YB-76,2,,5.0,False,True,entity,YB-278+part of YB-76,ENT,,,,12,True,2
SG244_MLC004_43,2,,5.0,False,True,entity,SG244_MLC004_43,ENT,,,,12,True,2
Check 29,2,,5.0,False,True,entity,Check 29,ENT,,,,12,True,2
STH002,2,,5.0,False,True,entity,STH002,ENT,,,,12,True,2
I_SFS033,2,,5.0,False,True,entity,I_SFS033,ENT,,,,12,True,2
SG137_TUO043_21,2,,5.0,False,True,entity,SG137_TUO043_21,ENT,,,,12,True,2
SFA044,2,,5.0,False,True,entity,SFA044,ENT,,,,12,True,2
Check 16,2,,5.0,False,True,entity,Check 16,ENT,,,,12,True,2
Site of proposed Garden Bar Dam,2,,5.0,False,True,entity,Site of proposed Garden Bar Dam,ENT,,,,12,True,2
SG74_FRS020_9,2,,5.0,False,True,entity,SG74_FRS020_9,ENT,,,,12,True,2
C_OMR013A,2,,5.0,False,True,arc,C_OMR013A,CH,,,,12,True,2
D_WSB027_WSBLOS,2,,5.0,False,True,arc,D_WSB027_WSBLOS,D,,,,12,True,2
ANG014,2,,5.0,False,True,entity,ANG014,ENT,,,,12,True,2
C_BCPH2A,2,,5.0,False,True,arc,C_BCPH2A,CH,,,,12,True,2
I_NFS005,2,,5.0,False,True,entity,I_NFS005,ENT,,,,12,True,2
Amador Canal/Amador Water System,2,,5.0,False,True,entity,Amador Canal/Amador Water System,ENT,,,,12,True,2
D_STH003_LBC047,2,,5.0,False,True,arc,D_STH003_LBC047,D,,,,12,True,2
R_20_NA2_WLW000,2,,5.0,False,True,arc,R_20_NA2_WLW000,R,,,,12,True,2
C_CAA184,2,,5.0,False,True,arc,C_CAA184,CH,,,,12,True,2
SG280_SAC162_51,2,,5.0,False,True,entity,SG280_SAC162_51,ENT,,,,12,True,2
C_BRC001,2,,5.0,False,True,arc,C_BRC001,CH,,,,12,True,2
Travis Air Force Base,2,,5.0,False,True,entity,Travis Air Force Base,ENT,,,,12,True,2
Muletown Conduit,2,,5.0,False,True,entity,Muletown Conduit,ENT,,,,12,True,2
Drum Forebay,2,,5.0,False,True,entity,Drum Forebay,ENT,,,,12,True,2
S12,2,,5.0,False,True,entity,S12,ENT,,,,12,True,2
D_ESB347_PLMDL,2,,5.0,False,True,arc,D_ESB347_PLMDL,D,,,,12,True,2
TD_STS017_152,2,,5.0,False,True,entity,TD_STS017_152,ENT,,,,12,True,2
D_NBA027_NBALOS,2,,5.0,False,True,arc,D_NBA027_NBALOS,D,,,,12,True,2
USGS 11236080 Huntington-Shaver Conduit at Huntington Lake,2,,5.0,False,True,entity,USGS 11236080 Huntington-Shaver Conduit at Huntington Lake,ENT,,,,12,True,2
S_JKSMD,2,,5.0,False,True,entity,S_JKSMD,ENT,,,,12,True,2
SG398_YBP023_68,2,,5.0,False,True,entity,SG398_YBP023_68,ENT,,,,12,True,2
GP_91_PR,2,,5.0,False,True,entity,GP_91_PR,ENT,,,,12,True,2
D_STH002_ABN026,2,,5.0,False,True,arc,D_STH002_ABN026,D,,,,12,True,2
PPH007,2,,5.0,False,True,entity,PPH007,ENT,,,,12,True,2
SSJ008,2,,5.0,False,True,entity,SSJ008,ENT,,,,12,True,2
Trlck,2,,5.0,False,True,entity,Trlck,ENT,,,,12,True,2
TD_SAL027_102,2,,5.0,False,True,entity,TD_SAL027_102,ENT,,,,12,True,2
R_DVWWTP_WLW005,2,,5.0,False,True,arc,R_DVWWTP_WLW005,R,WWTP,,,12,True,2
TD_EBP050_100,2,,5.0,False,True,entity,TD_EBP050_100,ENT,,,,12,True,2
D_LBC001_LBCLOS,2,,5.0,False,True,arc,D_LBC001_LBCLOS,D,,,,12,True,2
D841,2,,5.0,False,True,entity,D841,ENT,,,,12,True,2
C_SBA016,2,,5.0,False,True,arc,C_SBA016,CH,,,,12,True,2
USGS 11440900 Jones Fork Powerplant near Kyburz,2,,5.0,False,True,entity,USGS 11440900 Jones Fork Powerplant near Kyburz,ENT,,,,12,True,2
SG157_SJR056_24,2,,5.0,False,True,entity,SG157_SJR056_24,ENT,,,,12,True,2
C200B,2,,5.0,False,True,entity,C200B,ENT,,,,12,True,2
TD_SJR117_125,2,,5.0,False,True,entity,TD_SJR117_125,ENT,,,,12,True,2
TD_MSN004_114,2,,5.0,False,True,entity,TD_MSN004_114,ENT,,,,12,True,2
26S_PU3 California Parks and Recreation,2,,5.0,False,True,entity,26S_PU3 California Parks and Recreation,ENT,,,,12,True,2
C_ALOHA,2,,5.0,False,True,arc,C_ALOHA,CH,,,,12,True,2
SG_UFC000_599,2,,5.0,False,True,entity,SG_UFC000_599,ENT,,,,12,True,2
WTP DGT,2,,5.0,False,True,entity,WTP DGT,ENT,WTP,,,12,True,2
C_STS072,2,,5.0,False,True,arc,C_STS072,CH,,,,12,True,2
E_CAPLS,2,,5.0,False,True,entity,E_CAPLS,ENT,,,,12,True,2
KRT000,2,,5.0,False,True,entity,KRT000,ENT,,,,12,True,2
L590,2,,5.0,False,True,entity,L590,ENT,,,,12,True,2
USGS 11404300 Grizzly Creek below Diversion Dam,2,,5.0,False,True,entity,USGS 11404300 Grizzly Creek below Diversion Dam,ENT,,,,12,True,2
EDCOCA_NA3,2,,5.0,False,True,entity,EDCOCA_NA3,ENT,,,,12,True,2
D_CBC000_NIDBR_NA,2,,5.0,False,True,arc,D_CBC000_NIDBR_NA,D,,,,12,True,2
PYR001,2,,5.0,False,True,entity,PYR001,ENT,,,,12,True,2
D_WRM004_EDSON,2,,5.0,False,True,arc,D_WRM004_EDSON,D,,,,12,True,2
SG190_CSM021_29,2,,5.0,False,True,entity,SG190_CSM021_29,ENT,,,,12,True,2
SG412_YBP002_70,2,,5.0,False,True,entity,SG412_YBP002_70,ENT,,,,12,True,2
Check 3,2,,5.0,False,True,entity,Check 3,ENT,,,,12,True,2
D_LYONS_TCN000,2,,5.0,False,True,arc,D_LYONS_TCN000,D,,,,12,True,2
D_GDD010_GDPUD_NA,2,,5.0,False,True,arc,D_GDD010_GDPUD_NA,D,,,,12,True,2
Inflow to Lake Eleanor,2,,5.0,False,True,entity,Inflow to Lake Eleanor,ENT,,,,12,True,2
S_LGRSV,2,,5.0,False,True,entity,S_LGRSV,ENT,,,,12,True,2
WTP BNC,2,,5.0,False,True,entity,WTP BNC,ENT,WTP,,,12,True,2
DA_OMR_OMR027_DV,2,,5.0,False,True,entity,DA_OMR_OMR027_DV,ENT,,,,12,True,2
Check 12,2,,5.0,False,True,entity,Check 12,ENT,,,,12,True,2
BGC001,2,,5.0,False,True,entity,BGC001,ENT,,,,12,True,2
C_SFW005,2,,5.0,False,True,arc,C_SFW005,CH,,,,12,True,2
Local inflows,2,,5.0,False,True,entity,Local inflows,ENT,,,,12,True,2
SG228_SAC254_39,2,,5.0,False,True,entity,SG228_SAC254_39,ENT,,,,12,True,2
Collierville Tunnel,2,,5.0,False,True,entity,Collierville Tunnel,ENT,,,,12,True,2
USGS 11247000 San Joaquin River below Kerckhoff powerhouse near Prather CA,2,,5.0,False,True,entity,USGS 11247000 San Joaquin River below Kerckhoff powerhouse near Prather CA,ENT,,,,12,True,2
"60N_NA2 Omochumne- Hartnell WD Galt ID, Clay WD",2,,5.0,False,True,entity,"60N_NA2 Omochumne- Hartnell WD Galt ID, Clay WD",ENT,WD,,,12,True,2
D620C,2,,5.0,False,True,entity,D620C,ENT,,,,12,True,2
I_PYR001,2,,5.0,False,True,entity,I_PYR001,ENT,,,,12,True,2
26N_NU4 Sacramento Suburban WD (Aracde),2,,5.0,False,True,entity,26N_NU4 Sacramento Suburban WD (Aracde),ENT,WD,,,12,True,2
Del Valle,2,,5.0,False,True,entity,Del Valle,ENT,,,,12,True,2
USGS 11400600 Butt Valley Powerhouse near Pratville,2,,5.0,False,True,entity,USGS 11400600 Butt Valley Powerhouse near Pratville,ENT,,,,12,True,2
Castaic Lake,2,,5.0,False,True,entity,Castaic Lake,ENT,,,,12,True,2
SG95_DED035_13,2,,5.0,False,True,entity,SG95_DED035_13,ENT,,,,12,True,2
SG384_SAC048_67,2,,5.0,False,True,entity,SG384_SAC048_67,ENT,,,,12,True,2
TUO106,2,,5.0,False,True,entity,TUO106,ENT,,,,12,True,2
S_LBEAR,2,,5.0,False,True,entity,S_LBEAR,ENT,,,,12,True,2
C91,2,,5.0,False,True,entity,C91,ENT,,,,12,True,2
GP_63_PR3,2,,5.0,False,True,entity,GP_63_PR3,ENT,,,,12,True,2
E_MTMDW,2,,5.0,False,True,entity,E_MTMDW,ENT,,,,12,True,2
D_TGC003_TGR021,2,,5.0,False,True,arc,D_TGC003_TGR021,D,,,,12,True,2
S_ANTLP,2,,5.0,False,True,entity,S_ANTLP,ENT,,,,12,True,2
"02_SA Anderson Cottonwood ID, Misc. Settlement Contractors",2,,5.0,False,True,entity,"02_SA Anderson Cottonwood ID, Misc. Settlement Contractors",ENT,,,,12,True,2
Barker Slough Pumping Plant,2,,5.0,False,True,entity,Barker Slough Pumping Plant,ENT,,,,12,True,2
C_LBUCK,2,,5.0,False,True,arc,C_LBUCK,CH,,,,12,True,2
C216A,2,,5.0,False,True,entity,C216A,ENT,,,,12,True,2
Tuolumne Utilities District Ditch System,2,,5.0,False,True,entity,Tuolumne Utilities District Ditch System,ENT,,,,12,True,2
Cherry Creek Local Inflow,2,,5.0,False,True,entity,Cherry Creek Local Inflow,ENT,,,,12,True,2
D_ANC000_ANGLS,2,,5.0,False,True,arc,D_ANC000_ANGLS,D,,,,12,True,2
C_SAC029B,2,,5.0,False,True,arc,C_SAC029B,CH,,,,12,True,2
SG370_SAC078_65,2,,5.0,False,True,entity,SG370_SAC078_65,ENT,,,,12,True,2
DWR (CDEC SJP) San Joaquin River near Patterson Landing,2,,5.0,False,True,entity,DWR (CDEC SJP) San Joaquin River near Patterson Landing,ENT,,,,12,True,2
Miocene Diversion Dam,2,,5.0,False,True,entity,Miocene Diversion Dam,ENT,,,,12,True,2
C_BCT001,2,,5.0,False,True,arc,C_BCT001,CH,,,,12,True,2
D_PRRIS_MWDSC,2,,5.0,False,True,arc,D_PRRIS_MWDSC,D,WD,,,12,True,2
D166A,2,,5.0,False,True,entity,D166A,ENT,,,,12,True,2
SG75_FRS016_9,2,,5.0,False,True,entity,SG75_FRS016_9,ENT,,,,12,True,2
I_NFW006,2,,5.0,False,True,entity,I_NFW006,ENT,,,,12,True,2
SHVER,2,,5.0,False,True,entity,SHVER,ENT,,,,12,True,2
D_CHRRY_CHY000,2,,5.0,False,True,arc,D_CHRRY_CHY000,D,,,,12,True,2
D_SBA016_DELVE,2,,5.0,False,True,arc,D_SBA016_DELVE,D,,,,12,True,2
D_NWT013_NIDDC_NA2,2,,5.0,False,True,arc,D_NWT013_NIDDC_NA2,D,,,,12,True,2
03_SU City of Redding,2,,5.0,False,True,entity,03_SU City of Redding,ENT,,,,12,True,2
NIDDC_NA2,2,,5.0,False,True,entity,NIDDC_NA2,ENT,,,,12,True,2
60S_PA2 Central San Joaquin WCD,2,,5.0,False,True,entity,60S_PA2 Central San Joaquin WCD,ENT,,,,12,True,2
USGS 11258000 Fresno River below Hidden Dam near Daulton,2,,5.0,False,True,entity,USGS 11258000 Fresno River below Hidden Dam near Daulton,ENT,,,,12,True,2
C_CAA305,2,,5.0,False,True,arc,C_CAA305,CH,,,,12,True,2
SG100_DED003_13,2,,5.0,False,True,entity,SG100_DED003_13,ENT,,,,12,True,2
USGS 11278200 Cherry Creek Canal near Early Intake,2,,5.0,False,True,entity,USGS 11278200 Cherry Creek Canal near Early Intake,ENT,,,,12,True,2
12_NA Non-District,2,,5.0,False,True,entity,12_NA Non-District,ENT,,,,12,True,2
SG98_DED019_13,2,,5.0,False,True,entity,SG98_DED019_13,ENT,,,,12,True,2
R_72_PR6_MSS014,2,,5.0,False,True,arc,R_72_PR6_MSS014,R,,,,12,True,2
S_RNCHO,2,,5.0,False,True,entity,S_RNCHO,ENT,,,,12,True,2
Kern River Intertie,2,,5.0,False,True,entity,Kern River Intertie,ENT,,,,12,True,2
Georgianna Slough,2,,5.0,False,True,entity,Georgianna Slough,ENT,,,,12,True,2
C_SFS033,2,,5.0,False,True,arc,C_SFS033,CH,,,,12,True,2
D_CRRLN_SPA001,2,,5.0,False,True,arc,D_CRRLN_SPA001,D,,,,12,True,2
Palermo Canal,2,,5.0,False,True,entity,Palermo Canal,ENT,,,,12,True,2
C_WRM004,2,,5.0,False,True,arc,C_WRM004,CH,,,,12,True,2
DONLL,2,,5.0,False,True,entity,DONLL,ENT,,,,12,True,2
GP_60N_NA5,2,,5.0,False,True,entity,GP_60N_NA5,ENT,,,,12,True,2
C_CHY000,2,,5.0,False,True,arc,C_CHY000,CH,,,,12,True,2
I110,2,,5.0,False,True,entity,I110,ENT,,,,12,True,2
I_BTC048,2,,5.0,False,True,entity,I_BTC048,ENT,,,,12,True,2
SP2003,2,,5.0,False,True,entity,SP2003,ENT,,,,12,True,2
TD_SJR106_130,2,,5.0,False,True,entity,TD_SJR106_130,ENT,,,,12,True,2
DWR A02960 Tisdale Weir Spill to Sutter Bypass,2,,5.0,False,True,entity,DWR A02960 Tisdale Weir Spill to Sutter Bypass,ENT,,,,12,True,2
E_FRMDW,2,,5.0,False,True,entity,E_FRMDW,ENT,,,,12,True,2
SG154_STS011_23,2,,5.0,False,True,entity,SG154_STS011_23,ENT,,,,12,True,2
D_WTPWAL_GDPUD_NU,2,,5.0,False,True,arc,D_WTPWAL_GDPUD_NU,D,WTP,,,12,True,2
C_CHY011,2,,5.0,False,True,arc,C_CHY011,CH,,,,12,True,2
GP_64_PA3,2,,5.0,False,True,entity,GP_64_PA3,ENT,,,,12,True,2
Santa Barbara - San Luis Obispo Coastal Aqueduct,2,,5.0,False,True,entity,Santa Barbara - San Luis Obispo Coastal Aqueduct,ENT,,,,12,True,2
C_SJR290,2,,5.0,False,True,arc,C_SJR290,CH,,,,12,True,2
I_SFA076,2,,5.0,False,True,entity,I_SFA076,ENT,,,,12,True,2
MFS013,2,,5.0,False,True,entity,MFS013,ENT,,,,12,True,2
TUO073,2,,5.0,False,True,entity,TUO073,ENT,,,,12,True,2
USGS 11454000 Putah Creek near Winters,2,,5.0,False,True,entity,USGS 11454000 Putah Creek near Winters,ENT,,,,12,True,2
USGS 1178500 Jawbone Creek nr Tuolumne,2,,5.0,False,True,entity,USGS 1178500 Jawbone Creek nr Tuolumne,ENT,,,,12,True,2
R587A,2,,5.0,False,True,entity,R587A,ENT,,,,12,True,2
Thomes Creek,2,,5.0,False,True,entity,Thomes Creek,ENT,,,,12,True,2
USGS 1274538 Orestimba Crek at River Road near Crows Landing,2,,5.0,False,True,entity,USGS 1274538 Orestimba Crek at River Road near Crows Landing,ENT,,,,12,True,2
72_PR3 West Bear Creek and San Luis units of San Luis NWR,2,,5.0,False,True,entity,72_PR3 West Bear Creek and San Luis units of San Luis NWR,ENT,,,,12,True,2
USGS 11439300 El Dorado Powerhouse near Pollock Pines,2,,5.0,False,True,entity,USGS 11439300 El Dorado Powerhouse near Pollock Pines,ENT,,,,12,True,2
SG65_SJR192_8,2,,5.0,False,True,entity,SG65_SJR192_8,ENT,,,,12,True,2
Fairfield Canal,2,,5.0,False,True,entity,Fairfield Canal,ENT,,,,12,True,2
SG224_SAC259_37,2,,5.0,False,True,entity,SG224_SAC259_37,ENT,,,,12,True,2
E_HNGTN,2,,5.0,False,True,entity,E_HNGTN,ENT,,,,12,True,2
BCPH2A,2,,5.0,False,True,entity,BCPH2A,ENT,,,,12,True,2
E_SLUIS_SWP,2,,5.0,False,True,entity,E_SLUIS_SWP,ENT,,,,12,True,2
Powerplant Bypass,2,,5.0,False,True,entity,Powerplant Bypass,ENT,,,,12,True,2
D_PSC003_PSCLOS,2,,5.0,False,True,arc,D_PSC003_PSCLOS,D,,,,12,True,2
Tulare Lake Bed WSD,2,,5.0,False,True,entity,Tulare Lake Bed WSD,ENT,,,,12,True,2
Red Bluff Diversion Dam,2,,5.0,False,True,entity,Red Bluff Diversion Dam,ENT,,,,12,True,2
C_WWC001,2,,5.0,False,True,arc,C_WWC001,CH,,,,12,True,2
I_MIL003,2,,5.0,False,True,entity,I_MIL003,ENT,,,,12,True,2
SG148_STS050_23,2,,5.0,False,True,entity,SG148_STS050_23,ENT,,,,12,True,2
USGS 11246700 San Joaquin River near Auberry,2,,5.0,False,True,entity,USGS 11246700 San Joaquin River near Auberry,ENT,,,,12,True,2
PTM001,2,,5.0,False,True,entity,PTM001,ENT,,,,12,True,2
"22_SA1 Natomas Central MWD, Pleasant Grove-Verona MWC, Misc. Settlement Contractors",2,,5.0,False,True,entity,"22_SA1 Natomas Central MWD, Pleasant Grove-Verona MWC, Misc. Settlement Contractors",ENT,WD,,,12,True,2
E_LBEAR,2,,5.0,False,True,entity,E_LBEAR,ENT,,,,12,True,2
C_CSL005,2,,5.0,False,True,arc,C_CSL005,CH,,,,12,True,2
USGS 11427500 Middle Fork American River at French Meadows,2,,5.0,False,True,entity,USGS 11427500 Middle Fork American River at French Meadows,ENT,,,,12,True,2
72_PR2 Kesterson NWR Freitas and Blue Goose units of San Luis NWR,2,,5.0,False,True,entity,72_PR2 Kesterson NWR Freitas and Blue Goose units of San Luis NWR,ENT,,,,12,True,2
I_SFW006,2,,5.0,False,True,entity,I_SFW006,ENT,,,,12,True,2
C_BEARD,2,,5.0,False,True,arc,C_BEARD,CH,,,,12,True,2
USGS 11433212 Oxbow PH near Foresthill,2,,5.0,False,True,entity,USGS 11433212 Oxbow PH near Foresthill,ENT,,,,12,True,2
60N_NU1 Cities of Galt and Lodi small communities,2,,5.0,False,True,entity,60N_NU1 Cities of Galt and Lodi small communities,ENT,,,,12,True,2
E_ECHOL,2,,5.0,False,True,entity,E_ECHOL,ENT,,,,12,True,2
I_JWB001,2,,5.0,False,True,entity,I_JWB001,ENT,,,,12,True,2
NFM013,2,,5.0,False,True,entity,NFM013,ENT,,,,12,True,2
D_GZL008_GFT003,2,,5.0,False,True,arc,D_GZL008_GFT003,D,,,,12,True,2
E_PEDRO,2,,5.0,False,True,entity,E_PEDRO,ENT,,,,12,True,2
SG235_SAC232_41,2,,5.0,False,True,entity,SG235_SAC232_41,ENT,,,,12,True,2
C_SJR305,2,,5.0,False,True,arc,C_SJR305,CH,,,,12,True,2
Berenda Mesa R-31A,2,,5.0,False,True,entity,Berenda Mesa R-31A,ENT,,,,12,True,2
USGS 11316100 Bear River below Diversion Dam,2,,5.0,False,True,entity,USGS 11316100 Bear River below Diversion Dam,ENT,,,,12,True,2
Hunters Reservoir,2,,5.0,False,True,entity,Hunters Reservoir,ENT,,,,12,True,2
"71_NA2 El Solyo WD, NBINV AP6 LLC",2,,5.0,False,True,entity,"71_NA2 El Solyo WD, NBINV AP6 LLC",ENT,WD,,,12,True,2
D_WSB031_MWDSC,2,,5.0,False,True,arc,D_WSB031_MWDSC,D,WD,,,12,True,2
WSB031,2,,5.0,False,True,entity,WSB031,ENT,,,,12,True,2
C_DELVE,2,,5.0,False,True,arc,C_DELVE,CH,,,,12,True,2
TD_TUO017_141,2,,5.0,False,True,entity,TD_TUO017_141,ENT,,,,12,True,2
I285,2,,5.0,False,True,entity,I285,ENT,,,,12,True,2
SG93_DED044_13,2,,5.0,False,True,entity,SG93_DED044_13,ENT,,,,12,True,2
USGS 11292700 MF Stanislaus River Above Hells Half Acre Bridge,2,,5.0,False,True,entity,USGS 11292700 MF Stanislaus River Above Hells Half Acre Bridge,ENT,,,,12,True,2
USGS 11230000 South Fork San Joaquin River near Florence Lake,2,,5.0,False,True,entity,USGS 11230000 South Fork San Joaquin River near Florence Lake,ENT,,,,12,True,2
EDC014,2,,5.0,False,True,entity,EDC014,ENT,,,,12,True,2
TD_SLD027_102,2,,5.0,False,True,entity,TD_SLD027_102,ENT,,,,12,True,2
DWR A02945 Colusa Basin Drain at Knights Landing,2,,5.0,False,True,entity,DWR A02945 Colusa Basin Drain at Knights Landing,ENT,,,,12,True,2
D_ESC005_EBP050,2,,5.0,False,True,arc,D_ESC005_EBP050,D,,,,12,True,2
Tiger Afterbay Dam,2,,5.0,False,True,entity,Tiger Afterbay Dam,ENT,,,,12,True,2
C_HPC001,2,,5.0,False,True,arc,C_HPC001,CH,,,,12,True,2
Little Rubicon River,2,,5.0,False,True,entity,Little Rubicon River,ENT,,,,12,True,2
DWR A05135 (YUB) Feather River at Yuba City,2,,5.0,False,True,entity,DWR A05135 (YUB) Feather River at Yuba City,ENT,,,,12,True,2
SG121_MCD021_17,2,,5.0,False,True,entity,SG121_MCD021_17,ENT,,,,12,True,2
"23_NA Camp Far West ID, South Sutter WD, Non-District",2,,5.0,False,True,entity,"23_NA Camp Far West ID, South Sutter WD, Non-District",ENT,WD,,,12,True,2
C_WPT006,2,,5.0,False,True,arc,C_WPT006,CH,,,,12,True,2
D_DMC064_DMCLOS,2,,5.0,False,True,arc,D_DMC064_DMCLOS,D,,,,12,True,2
72_PR1 Volta WA,2,,5.0,False,True,entity,72_PR1 Volta WA,ENT,,,,12,True,2
Lisbon Weir,2,,5.0,False,True,entity,Lisbon Weir,ENT,,,,12,True,2
I506,2,,5.0,False,True,entity,I506,ENT,,,,12,True,2
Hamilton Branch,2,,5.0,False,True,entity,Hamilton Branch,ENT,,,,12,True,2
72_PR6 Grassland WD (South),2,,5.0,False,True,entity,72_PR6 Grassland WD (South),ENT,WD,,,12,True,2
S_EBTML,2,,5.0,False,True,entity,S_EBTML,ENT,,,,12,True,2
D891,2,,5.0,False,True,entity,D891,ENT,,,,12,True,2
Volta Wasteway,2,,5.0,False,True,entity,Volta Wasteway,ENT,,,,12,True,2
11_SA1 Western Canal WD,2,,5.0,False,True,entity,11_SA1 Western Canal WD,ENT,WD,,,12,True,2
25_PA1 Solano ID (North),2,,5.0,False,True,entity,25_PA1 Solano ID (North),ENT,,,,12,True,2
Check 17,2,,5.0,False,True,entity,Check 17,ENT,,,,12,True,2
C_SJR295,2,,5.0,False,True,arc,C_SJR295,CH,,,,12,True,2
C_SSJ026,2,,5.0,False,True,arc,C_SSJ026,CH,,,,12,True,2
SG367_SAC083_65,2,,5.0,False,True,entity,SG367_SAC083_65,ENT,,,,12,True,2
Check 21,2,,5.0,False,True,entity,Check 21,ENT,,,,12,True,2
Kelly Ridge Powerhouse,2,,5.0,False,True,entity,Kelly Ridge Powerhouse,ENT,,,,12,True,2
D_BVC007_BVT000,2,,5.0,False,True,arc,D_BVC007_BVT000,D,,,,12,True,2
Inflow to Upper and Lower Bear River Reservoirs,2,,5.0,False,True,entity,Inflow to Upper and Lower Bear River Reservoirs,ENT,,,,12,True,2
Deer Creek Dam,2,,5.0,False,True,entity,Deer Creek Dam,ENT,,,,12,True,2
NFW026,2,,5.0,False,True,entity,NFW026,ENT,,,,12,True,2
D_PCH000_SCVWD,2,,5.0,False,True,arc,D_PCH000_SCVWD,D,WD,,,12,True,2
USGS 11241800 Big Creek Powerhouse No. 3 near Shaver Lake CA,2,,5.0,False,True,entity,USGS 11241800 Big Creek Powerhouse No. 3 near Shaver Lake CA,ENT,,,,12,True,2
SG273_SAC196_51,2,,5.0,False,True,entity,SG273_SAC196_51,ENT,,,,12,True,2
DWR A02972 Butte Slough near Meridian,2,,5.0,False,True,entity,DWR A02972 Butte Slough near Meridian,ENT,,,,12,True,2
C_STS085,2,,5.0,False,True,arc,C_STS085,CH,,,,12,True,2
(Proposed gage - EID) Silver Fork American River below Oyster Creek,2,,5.0,False,True,entity,(Proposed gage - EID) Silver Fork American River below Oyster Creek,ENT,,,,12,True,2
