id,short_code,network_id,river,from_node,to_node,shape_length_m,model_source_id,source_id,network_version_id,is_active,created_at,created_by,updated_at,updated_by
1,R_13_NU1_ORWWTP,4772,,13_NU1,ORWWTP,4500.0,1,4,12,True,2025-10-16 23:35:26.856535+00:00,2,2025-10-16 23:35:26.856535+00:00,2
2,CT_BENDBRIDGE,713,BENDBRIDGE,Bend Bridge,SAC257,7500.0,1,4,12,True,2025-10-16 23:35:26.856535+00:00,2,2025-10-16 23:35:26.856535+00:00,2
3,CT_BUTTECITY,714,BUTTECITY,ButteCity,SAC169,7499.9999893411,1,4,12,True,2025-10-16 23:35:26.856535+00:00,2,2025-10-16 23:35:26.856535+00:00,2
4,CT_COLUSA,715,COLUSA,Colusa,CBD000,7500.00003466891,1,4,12,True,2025-10-16 23:35:26.856535+00:00,2,2025-10-16 23:35:26.856535+00:00,2
5,CT_DAVIS,716,DAVIS,Davis,PTH007,7500.00000351538,1,4,12,True,2025-10-16 23:35:26.856535+00:00,2,2025-10-16 23:35:26.856535+00:00,2
6,CT_FAIROAKS,717,FAIROAKS,FairOaks,AMR022,7500.00001101893,1,4,12,True,2025-10-16 23:35:26.856535+00:00,2,2025-10-16 23:35:26.856535+00:00,2
7,CT_FREEPORT,718,FREEPORT,Freeport,SAC049,7500.00005625693,1,4,12,True,2025-10-16 23:35:26.856535+00:00,2,2025-10-16 23:35:26.856535+00:00,2
8,CT_NICOLAUS,724,NICOLAUS,Nicolaus,FTR008,7500.00000818407,1,4,12,True,2025-10-16 23:35:26.856535+00:00,2,2025-10-16 23:35:26.856535+00:00,2
9,CT_OROVILLE,725,OROVILLE,Oroville,OROVL,7500.00002996384,1,4,12,True,2025-10-16 23:35:26.856535+00:00,2,2025-10-16 23:35:26.856535+00:00,2
10,CT_SACSLOUGH,728,SACSLOUGH,SacSlough,SSL001,7500.00001514946,1,4,12,True,2025-10-16 23:35:26.856535+00:00,2,2025-10-16 23:35:26.856535+00:00,2
11,CT_SMARTVILLE,730,SMARTVILLE,Smartville,ENGLB,7500.00000217662,1,4,12,True,2025-10-16 23:35:26.856535+00:00,2,2025-10-16 23:35:26.856535+00:00,2
12,CT_VERONA,733,VERONA,Verona,SAC081,7500.00002683971,1,4,12,True,2025-10-16 23:35:26.856535+00:00,2,2025-10-16 23:35:26.856535+00:00,2
13,CT_WHEATLAND,734,WHEATLAND,Wheatland,CMPFW,7500.00002716253,1,4,12,True,2025-10-16 23:35:26.856535+00:00,2,2025-10-16 23:35:26.856535+00:00,2
14,CT_WILKINSSL,735,WILKINSSL,WilkinsSlough,SAC120,7499.9999567563,1,4,12,True,2025-10-16 23:35:26.856535+00:00,2,2025-10-16 23:35:26.856535+00:00,2
15,CT_WOODLAND,736,WOODLAND,WOODLAND,CSL004,5738.11772471408,1,4,12,True,2025-10-16 23:35:26.856535+00:00,2,2025-10-16 23:35:26.856535+00:00,2
16,CT_YOLO,737,YOLO,Yolo,CCH012,7500.00000251896,1,4,12,True,2025-10-16 23:35:26.856535+00:00,2,2025-10-16 23:35:26.856535+00:00,2
17,C_ABN000,752,ABN,ABN000,CRC002,7420.28975526427,1,4,12,True,2025-10-16 23:35:26.856535+00:00,2,2025-10-16 23:35:26.856535+00:00,2
18,C_ABN006,753,ABN,ABN006,ABN000,10441.5893756618,1,4,12,True,2025-10-16 23:35:26.856535+00:00,2,2025-10-16 23:35:26.856535+00:00,2
19,C_ABN010,754,ABN,ABN010,ABN006,6270.99051383392,1,4,12,True,2025-10-16 23:35:26.856535+00:00,2,2025-10-16 23:35:26.856535+00:00,2
20,C_ABN014,755,ABN,ABN014,ABN010,5814.27280242971,1,4,12,True,2025-10-16 23:35:26.856535+00:00,2,2025-10-16 23:35:26.856535+00:00,2
21,C_ABN024,756,ABN,ABN024,ABN014,15301.284302082,1,4,12,True,2025-10-16 23:35:26.856535+00:00,2,2025-10-16 23:35:26.856535+00:00,2
22,C_ABN026,757,ABN,ABN026,ABN024,3938.29676441623,1,4,12,True,2025-10-16 23:35:26.856535+00:00,2,2025-10-16 23:35:26.856535+00:00,2
23,C_ABN027,758,ABN,ABN027,ABN026,1685.94113250432,1,4,12,True,2025-10-16 23:35:26.856535+00:00,2,2025-10-16 23:35:26.856535+00:00,2
24,C_ABT002,759,ABT,ABT002,ABN026,1544.2306088929,1,4,12,True,2025-10-16 23:35:26.856535+00:00,2,2025-10-16 23:35:26.856535+00:00,2
25,C_ACP001,760,ACP,ACP001,EDC004,37.3713920013762,1,4,12,True,2025-10-16 23:35:26.856535+00:00,2,2025-10-16 23:35:26.856535+00:00,2
26,C_ALD001,761,ALD,ALD001,SFA063,1435.22870456851,1,4,12,True,2025-10-16 23:35:26.856535+00:00,2,2025-10-16 23:35:26.856535+00:00,2
27,C_ALD002,762,ALD,ALD002,ALD001,296.76662989439,1,4,12,True,2025-10-16 23:35:26.856535+00:00,2,2025-10-16 23:35:26.856535+00:00,2
28,C_ALD004,763,ALD,ALD004,ALD002,4469.78550440921,1,4,12,True,2025-10-16 23:35:26.856535+00:00,2,2025-10-16 23:35:26.856535+00:00,2
29,C_ALMNR,764,ALMNR,ALMNR,NFF069,15809.8311823358,1,4,12,True,2025-10-16 23:35:26.856535+00:00,2,2025-10-16 23:35:26.856535+00:00,2
30,C_ALOHA,765,ALOHA,ALOHA,PYR001,6035.73985119051,1,4,12,True,2025-10-16 23:35:26.856535+00:00,2,2025-10-16 23:35:26.856535+00:00,2
31,C_AMADR,767,AMADR,AMADR,DSC026,13812.3653644228,1,4,12,True,2025-10-16 23:35:26.856535+00:00,2,2025-10-16 23:35:26.856535+00:00,2
32,C_AMR004,768,AMR,AMR004,SAC063,6437.37601583722,1,4,12,True,2025-10-16 23:35:26.856535+00:00,2,2025-10-16 23:35:26.856535+00:00,2
33,C_AMR006,769,AMR,AMR006,AMR004,4063.38582780649,1,4,12,True,2025-10-16 23:35:26.856535+00:00,2,2025-10-16 23:35:26.856535+00:00,2
34,C_AMR007,770,AMR,AMR007,AMR006,1222.80349061754,1,4,12,True,2025-10-16 23:35:26.856535+00:00,2,2025-10-16 23:35:26.856535+00:00,2
35,C_AMR009,771,AMR,AMR009,AMR007,2786.21739605386,1,4,12,True,2025-10-16 23:35:26.856535+00:00,2,2025-10-16 23:35:26.856535+00:00,2
36,C_AMR015,772,AMR,AMR015,AMR009,9656.1122833388,1,4,12,True,2025-10-16 23:35:26.856535+00:00,2,2025-10-16 23:35:26.856535+00:00,2
37,C_AMR017,773,AMR,AMR017,AMR015,2535.01378427396,1,4,12,True,2025-10-16 23:35:26.856535+00:00,2,2025-10-16 23:35:26.856535+00:00,2
38,C_AMR020,774,AMR,AMR020,AMR017,5511.65792080827,1,4,12,True,2025-10-16 23:35:26.856535+00:00,2,2025-10-16 23:35:26.856535+00:00,2
39,C_AMR022,775,AMR,AMR022,AMR020,3338.88754337679,1,4,12,True,2025-10-16 23:35:26.856535+00:00,2,2025-10-16 23:35:26.856535+00:00,2
40,C_ANG014,778,ANG,ANG014,STS072,23008.2953298029,1,4,12,True,2025-10-16 23:35:26.856535+00:00,2,2025-10-16 23:35:26.856535+00:00,2
41,C_ANG015,779,ANG,ANG015,ANG014,488.553304748775,1,4,12,True,2025-10-16 23:35:26.856535+00:00,2,2025-10-16 23:35:26.856535+00:00,2
42,C_ANG017,780,ANG,ANG017,ANG015,4568.73066044978,1,4,12,True,2025-10-16 23:35:26.856535+00:00,2,2025-10-16 23:35:26.856535+00:00,2
43,C_ANT010,781,ANT,ANT010,SAC232,16093.4399715797,1,4,12,True,2025-10-16 23:35:26.856535+00:00,2,2025-10-16 23:35:26.856535+00:00,2
44,C_ANT011,782,ANT,ANT011,ANT010,2259.63860313049,1,4,12,True,2025-10-16 23:35:26.856535+00:00,2,2025-10-16 23:35:26.856535+00:00,2
45,C_ANTLP,783,ANTLP,ANTLP,EBF018,64082.2410850444,1,4,12,True,2025-10-16 23:35:26.856535+00:00,2,2025-10-16 23:35:26.856535+00:00,2
46,C_ASL013,784,ASL,ASL013,EBP022,20663.2532240635,1,4,12,True,2025-10-16 23:35:26.856535+00:00,2,2025-10-16 23:35:26.856535+00:00,2
47,C_BANOS,785,BANOS,BANOS,LBN025,6368.33109527096,1,4,12,True,2025-10-16 23:35:26.856535+00:00,2,2025-10-16 23:35:26.856535+00:00,2
48,C_BCC004,788,BCC,BCC004,SAC196,6437.37603144149,1,4,12,True,2025-10-16 23:35:26.856535+00:00,2,2025-10-16 23:35:26.856535+00:00,2
49,C_BCC006,789,BCC,BCC006,BCC004,3218.68798167176,1,4,12,True,2025-10-16 23:35:26.856535+00:00,2,2025-10-16 23:35:26.856535+00:00,2
50,C_BCC012,790,BCC,BCC012,BCC006,9656.0640280873,1,4,12,True,2025-10-16 23:35:26.856535+00:00,2,2025-10-16 23:35:26.856535+00:00,2
51,C_BCC014,791,BCC,BCC014,BCC012,2749.14218216063,1,4,12,True,2025-10-16 23:35:26.856535+00:00,2,2025-10-16 23:35:26.856535+00:00,2
52,C_BCK006,792,BCK,BCK006,EBP048,9656.08334951595,1,4,12,True,2025-10-16 23:35:26.856535+00:00,2,2025-10-16 23:35:26.856535+00:00,2
53,C_BCK010,793,BCK,BCK010,BCK006,6437.38887249026,1,4,12,True,2025-10-16 23:35:26.856535+00:00,2,2025-10-16 23:35:26.856535+00:00,2
54,C_BCK017,794,BCK,BCK017,BCK010,11265.4304687753,1,4,12,True,2025-10-16 23:35:26.856535+00:00,2,2025-10-16 23:35:26.856535+00:00,2
55,C_BCK024,795,BCK,BCK024,BCK017,11265.4305578534,1,4,12,True,2025-10-16 23:35:26.856535+00:00,2,2025-10-16 23:35:26.856535+00:00,2
56,C_BCK031,797,BCK,BCK031,BCK024,11265.4304733647,1,4,12,True,2025-10-16 23:35:26.856535+00:00,2,2025-10-16 23:35:26.856535+00:00,2
57,C_BCK033,798,BCK,BCK033,BCK031,3844.97112821405,1,4,12,True,2025-10-16 23:35:26.856535+00:00,2,2025-10-16 23:35:26.856535+00:00,2
58,C_BCK035,799,BCK,BCK035,BCK033,2592.41776276704,1,4,12,True,2025-10-16 23:35:26.856535+00:00,2,2025-10-16 23:35:26.856535+00:00,2
59,C_BCK040,800,BCK,BCK040,BCK035,8299.41739073684,1,4,12,True,2025-10-16 23:35:26.856535+00:00,2,2025-10-16 23:35:26.856535+00:00,2
60,C_BCM003,801,BCM,BCM003,MFM008,4305.86073459881,1,4,12,True,2025-10-16 23:35:26.856535+00:00,2,2025-10-16 23:35:26.856535+00:00,2
61,C_BCN005,802,BCN,BCN005,SAC275,8046.73608660723,1,4,12,True,2025-10-16 23:35:26.856535+00:00,2,2025-10-16 23:35:26.856535+00:00,2
62,C_BCN010,803,BCN,BCN010,BCN005,8046.70391393193,1,4,12,True,2025-10-16 23:35:26.856535+00:00,2,2025-10-16 23:35:26.856535+00:00,2
63,C_BCT000,805,BCT,BCT000,CMN005,1360.91669440904,1,4,12,True,2025-10-16 23:35:26.856535+00:00,2,2025-10-16 23:35:26.856535+00:00,2
64,C_BEARD,807,BEARD,BEARD,MFS017,1674.1019002473,1,4,12,True,2025-10-16 23:35:26.856535+00:00,2,2025-10-16 23:35:26.856535+00:00,2
65,C_BEC000,808,BEC,BEC000,BEC021,34240.4166642802,1,4,12,True,2025-10-16 23:35:26.856535+00:00,2,2025-10-16 23:35:26.856535+00:00,2
66,C_BEC021,809,BEC,BEC021,BEC022,1571.98555594397,1,4,12,True,2025-10-16 23:35:26.856535+00:00,2,2025-10-16 23:35:26.856535+00:00,2
67,C_BEC022,810,BEC,BEC022,BEC024,2064.26734890472,1,4,12,True,2025-10-16 23:35:26.856535+00:00,2,2025-10-16 23:35:26.856535+00:00,2
68,C_BEC024,811,BEC,BEC024,WSE003,4828.09070126,1,4,12,True,2025-10-16 23:35:26.856535+00:00,2,2025-10-16 23:35:26.856535+00:00,2
69,C_BGC002,813,BGC,BGC002,MFF088,2522.20247517771,1,4,12,True,2025-10-16 23:35:26.856535+00:00,2,2025-10-16 23:35:26.856535+00:00,2
70,C_BGD000,821,BGD,BGD000,CRK005,16349.30819676,1,4,12,True,2025-10-16 23:35:26.856535+00:00,2,2025-10-16 23:35:26.856535+00:00,2
71,C_BLKBT,822,BLKBT,BLKBT,STN026,596.803692112069,1,4,12,True,2025-10-16 23:35:26.856535+00:00,2,2025-10-16 23:35:26.856535+00:00,2
72,C_BLT000,824,BLT,BLT000,LOONL,4879.34596495901,1,4,12,True,2025-10-16 23:35:26.856535+00:00,2,2025-10-16 23:35:26.856535+00:00,2
73,C_BLUMD,825,BLUMD,BLUMD,SLTSP,6694.50688200438,1,4,12,True,2025-10-16 23:35:26.856535+00:00,2,2025-10-16 23:35:26.856535+00:00,2
74,C_BOWMN,828,BOWMN,BOWMN,CCS010,354.010529803535,1,4,12,True,2025-10-16 23:35:26.856535+00:00,2,2025-10-16 23:35:26.856535+00:00,2
75,C_BRC002,837,BRC,BRC002,CCH058,2613.51391164739,1,4,12,True,2025-10-16 23:35:26.856535+00:00,2,2025-10-16 23:35:26.856535+00:00,2
76,C_BRC003,838,BRC,BRC003,BRC002,2214.57674900146,1,4,12,True,2025-10-16 23:35:26.856535+00:00,2,2025-10-16 23:35:26.856535+00:00,2
77,C_BRR004,839,BRR,BRR004,FTR012,6439.2582590619,1,4,12,True,2025-10-16 23:35:26.856535+00:00,2,2025-10-16 23:35:26.856535+00:00,2
78,C_BRR011,840,BRR,BRR011,BRR004,12068.2414286733,1,4,12,True,2025-10-16 23:35:26.856535+00:00,2,2025-10-16 23:35:26.856535+00:00,2
79,C_BRR017,841,BRR,BRR017,BRR011,8660.30974841533,1,4,12,True,2025-10-16 23:35:26.856535+00:00,2,2025-10-16 23:35:26.856535+00:00,2
80,C_BRR023,842,BRR,BRR023,CMPFW,8395.13222346385,1,4,12,True,2025-10-16 23:35:26.856535+00:00,2,2025-10-16 23:35:26.856535+00:00,2
81,C_BRR028,843,BRR,BRR028,BRR023,7698.39776671299,1,4,12,True,2025-10-16 23:35:26.856535+00:00,2,2025-10-16 23:35:26.856535+00:00,2
82,C_BRR031,844,BRR,BRR031,BRR028,5043.98239876527,1,4,12,True,2025-10-16 23:35:26.856535+00:00,2,2025-10-16 23:35:26.856535+00:00,2
83,C_BRR049,845,BRR,BRR049,CMBIE,20288.111475987,1,4,12,True,2025-10-16 23:35:26.856535+00:00,2,2025-10-16 23:35:26.856535+00:00,2
84,C_BRR050,846,BRR,BRR050,BRR049,577.040160791604,1,4,12,True,2025-10-16 23:35:26.856535+00:00,2,2025-10-16 23:35:26.856535+00:00,2
85,C_BRR060,847,BRR,BRR060,RLLNS,16747.8591780965,1,4,12,True,2025-10-16 23:35:26.856535+00:00,2,2025-10-16 23:35:26.856535+00:00,2
86,C_BRR061,848,BRR,BRR061,BRR060,877.254869653517,1,4,12,True,2025-10-16 23:35:26.856535+00:00,2,2025-10-16 23:35:26.856535+00:00,2
87,C_BRR066,849,BRR,BRR066,BRR061,8054.78382034604,1,4,12,True,2025-10-16 23:35:26.856535+00:00,2,2025-10-16 23:35:26.856535+00:00,2
88,C_BRR067,850,BRR,BRR067,BRR066,795.589952812578,1,4,12,True,2025-10-16 23:35:26.856535+00:00,2,2025-10-16 23:35:26.856535+00:00,2
89,C_BRR072,851,BRR,BRR072,BRR067,8437.15964876272,1,4,12,True,2025-10-16 23:35:26.856535+00:00,2,2025-10-16 23:35:26.856535+00:00,2
90,C_BRR073,852,BRR,BRR073,BRR072,2028.1553608885,1,4,12,True,2025-10-16 23:35:26.856535+00:00,2,2025-10-16 23:35:26.856535+00:00,2
91,C_BRR074,853,BRR,BRR074,BRR073,1564.29360574516,1,4,12,True,2025-10-16 23:35:26.856535+00:00,2,2025-10-16 23:35:26.856535+00:00,2
92,C_BRS018,854,BRS,BRS018,EBP019,29186.7543621027,1,4,12,True,2025-10-16 23:35:26.856535+00:00,2,2025-10-16 23:35:26.856535+00:00,2
93,C_BRV002,856,BRV,BRV002,NFM024,2427.22033761959,1,4,12,True,2025-10-16 23:35:26.856535+00:00,2,2025-10-16 23:35:26.856535+00:00,2
94,C_BRV003,857,BRV,BRV003,BRV002,144.913325987552,1,4,12,True,2025-10-16 23:35:26.856535+00:00,2,2025-10-16 23:35:26.856535+00:00,2
95,C_BRV005,858,BRV,BRV005,BRV003,6162.24558248032,1,4,12,True,2025-10-16 23:35:26.856535+00:00,2,2025-10-16 23:35:26.856535+00:00,2
96,C_BRYSA,859,BRYSA,BRYSA,PTH030,2203.35740828648,1,4,12,True,2025-10-16 23:35:26.856535+00:00,2,2025-10-16 23:35:26.856535+00:00,2
97,C_BSC000,860,BSC,BSC000,BSC005,7616.93894606172,1,4,12,True,2025-10-16 23:35:26.856535+00:00,2,2025-10-16 23:35:26.856535+00:00,2
98,C_BSC005,861,BSC,BSC005,BSC009,8411.15237400435,1,4,12,True,2025-10-16 23:35:26.856535+00:00,2,2025-10-16 23:35:26.856535+00:00,2
99,C_BSC009,862,BSC,BSC009,BSC010,219.557003071551,1,4,12,True,2025-10-16 23:35:26.856535+00:00,2,2025-10-16 23:35:26.856535+00:00,2
100,C_BSC010,863,BSC,BSC010,BSC011,572.979498206048,1,4,12,True,2025-10-16 23:35:26.856535+00:00,2,2025-10-16 23:35:26.856535+00:00,2
101,C_BSC011,864,BSC,BSC011,SPLDG,673.504205786377,1,4,12,True,2025-10-16 23:35:26.856535+00:00,2,2025-10-16 23:35:26.856535+00:00,2
102,C_BSH002,865,BSH,BSH002,SFA044,3971.72357208236,1,4,12,True,2025-10-16 23:35:26.856535+00:00,2,2025-10-16 23:35:26.856535+00:00,2
103,C_BSH003,866,BSH,BSH003,BSH002,107.430613784173,1,4,12,True,2025-10-16 23:35:26.856535+00:00,2,2025-10-16 23:35:26.856535+00:00,2
104,C_BSL001A,867,BSL,BSL001,BSL000,785.898260266706,1,4,12,True,2025-10-16 23:35:26.856535+00:00,2,2025-10-16 23:35:26.856535+00:00,2
105,C_BSL001B,868,BSL,BSL001,BSL004,4942.52875777672,1,4,12,True,2025-10-16 23:35:26.856535+00:00,2,2025-10-16 23:35:26.856535+00:00,2
106,C_BSL004,869,BSL,BSL004,SBP031,7857.54389173586,1,4,12,True,2025-10-16 23:35:26.856535+00:00,2,2025-10-16 23:35:26.856535+00:00,2
107,C_BTC003,871,BTC,BTC003,BSL001,5452.40455501291,1,4,12,True,2025-10-16 23:35:26.856535+00:00,2,2025-10-16 23:35:26.856535+00:00,2
108,C_BTC007,872,BTC,BTC007,BTC003,6241.79340727777,1,4,12,True,2025-10-16 23:35:26.856535+00:00,2,2025-10-16 23:35:26.856535+00:00,2
109,C_BTC012,873,BTC,BTC012,BTC007,8125.69499578106,1,4,12,True,2025-10-16 23:35:26.856535+00:00,2,2025-10-16 23:35:26.856535+00:00,2
110,C_BTC015,874,BTC,BTC015,BTC012,3630.77016088704,1,4,12,True,2025-10-16 23:35:26.856535+00:00,2,2025-10-16 23:35:26.856535+00:00,2
111,C_BTC016,875,BTC,BTC016,BTC015,1820.68586298208,1,4,12,True,2025-10-16 23:35:26.856535+00:00,2,2025-10-16 23:35:26.856535+00:00,2
112,C_BTC017,876,BTC,BTC017,BTC016,1651.74120012351,1,4,12,True,2025-10-16 23:35:26.856535+00:00,2,2025-10-16 23:35:26.856535+00:00,2
113,C_BTC018,877,BTC,BTC018,BTC017,2049.3266582552,1,4,12,True,2025-10-16 23:35:26.856535+00:00,2,2025-10-16 23:35:26.856535+00:00,2
114,C_BTC024,878,BTC,BTC024,BTC018,9656.18119468672,1,4,12,True,2025-10-16 23:35:26.856535+00:00,2,2025-10-16 23:35:26.856535+00:00,2
115,C_BTC029,879,BTC,BTC029,BTC024,8046.81793909944,1,4,12,True,2025-10-16 23:35:26.856535+00:00,2,2025-10-16 23:35:26.856535+00:00,2
116,C_BTC032,880,BTC,BTC032,BTC029,4155.96845966901,1,4,12,True,2025-10-16 23:35:26.856535+00:00,2,2025-10-16 23:35:26.856535+00:00,2
117,C_BTC036,881,BTC,BTC036,BTC032,7286.49313840663,1,4,12,True,2025-10-16 23:35:26.856535+00:00,2,2025-10-16 23:35:26.856535+00:00,2
118,C_BTC041,882,BTC,BTC041,BTC036,7869.90126280737,1,4,12,True,2025-10-16 23:35:26.856535+00:00,2,2025-10-16 23:35:26.856535+00:00,2
119,C_BTC043,883,BTC,BTC043,BTC041,3083.98477401356,1,4,12,True,2025-10-16 23:35:26.856535+00:00,2,2025-10-16 23:35:26.856535+00:00,2
120,C_BTC045,884,BTC,BTC045,BTC043,2664.31270901157,1,4,12,True,2025-10-16 23:35:26.856535+00:00,2,2025-10-16 23:35:26.856535+00:00,2
121,C_BTC048,885,BTC,BTC048,BTC045,4898.24213025656,1,4,12,True,2025-10-16 23:35:26.856535+00:00,2,2025-10-16 23:35:26.856535+00:00,2
122,C_BTC060,886,BTC,BTC060,BTC048,20295.2892683652,1,4,12,True,2025-10-16 23:35:26.856535+00:00,2,2025-10-16 23:35:26.856535+00:00,2
123,C_BTL006,887,BTL,BTL006,SAC269,9267.31746488793,1,4,12,True,2025-10-16 23:35:26.856535+00:00,2,2025-10-16 23:35:26.856535+00:00,2
124,C_BTN007,888,BTN,BTN007,NFF048,4490.89038476146,1,4,12,True,2025-10-16 23:35:26.856535+00:00,2,2025-10-16 23:35:26.856535+00:00,2
125,C_BTT007,889,BTT,BTT007,BTVLY,7868.52750405435,1,4,12,True,2025-10-16 23:35:26.856535+00:00,2,2025-10-16 23:35:26.856535+00:00,2
126,C_BTVLY,890,BTVLY,BTVLY,NFF060,3506.75639602457,1,4,12,True,2025-10-16 23:35:26.856535+00:00,2,2025-10-16 23:35:26.856535+00:00,2
127,C_BUCKS,891,BUCKS,BUCKS,LBUCK,2096.79250156334,1,4,12,True,2025-10-16 23:35:26.856535+00:00,2,2025-10-16 23:35:26.856535+00:00,2
128,C_BUK007,892,BUK,BUK007,NFF039,10417.5059602641,1,4,12,True,2025-10-16 23:35:26.856535+00:00,2,2025-10-16 23:35:26.856535+00:00,2
129,C_BUR005,893,BUR,BUR005,BCK033,7378.28926928464,1,4,12,True,2025-10-16 23:35:26.856535+00:00,2,2025-10-16 23:35:26.856535+00:00,2
130,C_BVC007,894,BVC,BVC007,NFS006,5668.35044646031,1,4,12,True,2025-10-16 23:35:26.856535+00:00,2,2025-10-16 23:35:26.856535+00:00,2
131,C_BVD000,895,BVD,BVC007,NFS008,1206.76393933468,1,4,12,True,2025-10-16 23:35:26.856535+00:00,2,2025-10-16 23:35:26.856535+00:00,2
132,C_BVT003,897,BVT,BVT003,BTT007,344.370332791627,1,4,12,True,2025-10-16 23:35:26.856535+00:00,2,2025-10-16 23:35:26.856535+00:00,2
133,C_CAA000,900,CAA,CAA000,CAA002,2907.45800171373,1,4,12,True,2025-10-16 23:35:26.856535+00:00,2,2025-10-16 23:35:26.856535+00:00,2
134,C_CAA002,901,CAA,CAA002,CAA003,2031.06995355134,1,4,12,True,2025-10-16 23:35:26.856535+00:00,2,2025-10-16 23:35:26.856535+00:00,2
135,C_CAA003,902,CAA,CAA003,CAA005,2451.72762227225,1,4,12,True,2025-10-16 23:35:26.856535+00:00,2,2025-10-16 23:35:26.856535+00:00,2
136,C_CAA005,903,CAA,CAA005,CAA006,2232.08611450962,1,4,12,True,2025-10-16 23:35:26.856535+00:00,2,2025-10-16 23:35:26.856535+00:00,2
137,C_CAA006,904,CAA,CAA006,CAA009,4862.11309290868,1,4,12,True,2025-10-16 23:35:26.856535+00:00,2,2025-10-16 23:35:26.856535+00:00,2
138,C_CAA009,905,CAA,CAA009,CAA012,4910.81421044717,1,4,12,True,2025-10-16 23:35:26.856535+00:00,2,2025-10-16 23:35:26.856535+00:00,2
139,C_CAA012,906,CAA,CAA012,CAA024,19229.3940216063,1,4,12,True,2025-10-16 23:35:26.856535+00:00,2,2025-10-16 23:35:26.856535+00:00,2
140,C_CAA024,907,CAA,CAA024,CAA046,35470.6385194384,1,4,12,True,2025-10-16 23:35:26.856535+00:00,2,2025-10-16 23:35:26.856535+00:00,2
141,C_CAA046,908,CAA,CAA046,CAA051,8593.1747038459,1,4,12,True,2025-10-16 23:35:26.856535+00:00,2,2025-10-16 23:35:26.856535+00:00,2
142,C_CAA051,909,CAA,CAA051,CAA066,23528.7699784932,1,4,12,True,2025-10-16 23:35:26.856535+00:00,2,2025-10-16 23:35:26.856535+00:00,2
143,C_CAA066,910,CAA,CAA066,CAA067,1281.80775649211,1,4,12,True,2025-10-16 23:35:26.856535+00:00,2,2025-10-16 23:35:26.856535+00:00,2
144,C_CAA067,911,CAA,CAA067,CAA069,3546.23386943811,1,4,12,True,2025-10-16 23:35:26.856535+00:00,2,2025-10-16 23:35:26.856535+00:00,2
145,C_CAA069,912,CAA,CAA069,CAA071,3643.89314557182,1,4,12,True,2025-10-16 23:35:26.856535+00:00,2,2025-10-16 23:35:26.856535+00:00,2
146,C_CAA071,913,CAA,CAA071,CAA087,25525.3816623905,1,4,12,True,2025-10-16 23:35:26.856535+00:00,2,2025-10-16 23:35:26.856535+00:00,2
147,C_CAA087,914,CAA,CAA087,CAA095,13458.8090487643,1,4,12,True,2025-10-16 23:35:26.856535+00:00,2,2025-10-16 23:35:26.856535+00:00,2
148,C_CAA095,915,CAA,CAA095,CAA109,21653.9325325102,1,4,12,True,2025-10-16 23:35:26.856535+00:00,2,2025-10-16 23:35:26.856535+00:00,2
149,C_CAA109,916,CAA,CAA109,CAA143,55768.0747776603,1,4,12,True,2025-10-16 23:35:26.856535+00:00,2,2025-10-16 23:35:26.856535+00:00,2
150,C_CAA143,917,CAA,CAA143,CAA155,20135.1479540139,1,4,12,True,2025-10-16 23:35:26.856535+00:00,2,2025-10-16 23:35:26.856535+00:00,2
151,C_CAA155,918,CAA,CAA155,CAA156,1207.33212136564,1,4,12,True,2025-10-16 23:35:26.856535+00:00,2,2025-10-16 23:35:26.856535+00:00,2
152,C_CAA156,919,CAA,CAA156,CAA165,13104.761800835,1,4,12,True,2025-10-16 23:35:26.856535+00:00,2,2025-10-16 23:35:26.856535+00:00,2
153,C_CAA165,920,CAA,CAA165,CAA172,12644.7936685935,1,4,12,True,2025-10-16 23:35:26.856535+00:00,2,2025-10-16 23:35:26.856535+00:00,2
154,C_CAA172,921,CAA,CAA172,,1768.36935909101,1,4,12,True,2025-10-16 23:35:26.856535+00:00,2,2025-10-16 23:35:26.856535+00:00,2
155,C_CAPLS,944,CAPLS,CAPLS,CPC008,2299.45719827433,1,4,12,True,2025-10-16 23:35:26.856535+00:00,2,2025-10-16 23:35:26.856535+00:00,2
156,C_CBC000,945,CBC,CBC000,CBC001,1242.02426785417,1,4,12,True,2025-10-16 23:35:26.856535+00:00,2,2025-10-16 23:35:26.856535+00:00,2
157,C_CBD000,946,CBD,CBD000,SAC093,432.925154516881,1,4,12,True,2025-10-16 23:35:26.856535+00:00,2,2025-10-16 23:35:26.856535+00:00,2
158,C_CBD001,947,CBD,CBD001,CBD000,619.077621773001,1,4,12,True,2025-10-16 23:35:26.856535+00:00,2,2025-10-16 23:35:26.856535+00:00,2
159,C_CBD005,948,CBD,CBD005,CBD001,7050.02342684575,1,4,12,True,2025-10-16 23:35:26.856535+00:00,2,2025-10-16 23:35:26.856535+00:00,2
160,C_CBD012,949,CBD,CBD012,CBD005,11210.1018032915,1,4,12,True,2025-10-16 23:35:26.856535+00:00,2,2025-10-16 23:35:26.856535+00:00,2
161,C_CBD018,950,CBD,CBD018,CBD012,9656.06399728477,1,4,12,True,2025-10-16 23:35:26.856535+00:00,2,2025-10-16 23:35:26.856535+00:00,2
162,C_CBD023,951,CBD,CBD023,CBD018,8046.72004050017,1,4,12,True,2025-10-16 23:35:26.856535+00:00,2,2025-10-16 23:35:26.856535+00:00,2
163,C_CBD028,952,CBD,CBD028,CBD023,8046.71998192662,1,4,12,True,2025-10-16 23:35:26.856535+00:00,2,2025-10-16 23:35:26.856535+00:00,2
164,C_CBD031,953,CBD,CBD031,CBD028,5607.8451790205,1,4,12,True,2025-10-16 23:35:26.856535+00:00,2,2025-10-16 23:35:26.856535+00:00,2
165,C_CBD037,954,CBD,CBD037,CBD031,9442.16401817827,1,4,12,True,2025-10-16 23:35:26.856535+00:00,2,2025-10-16 23:35:26.856535+00:00,2
166,C_CBD038,955,CBD,CBD038,CBD037,850.966415122549,1,4,12,True,2025-10-16 23:35:26.856535+00:00,2,2025-10-16 23:35:26.856535+00:00,2
167,C_CBD041,956,CBD,CBD041,CBD038,5020.49642880544,1,4,12,True,2025-10-16 23:35:26.856535+00:00,2,2025-10-16 23:35:26.856535+00:00,2
168,C_CBD044,957,CBD,CBD044,CBD041,4828.03195479992,1,4,12,True,2025-10-16 23:35:26.856535+00:00,2,2025-10-16 23:35:26.856535+00:00,2
169,C_CBD049,958,CBD,CBD049,CBD044,8046.71997819042,1,4,12,True,2025-10-16 23:35:26.856535+00:00,2,2025-10-16 23:35:26.856535+00:00,2
170,C_CCC004,959,CCC,CCC004,CCC007,5005.61364446884,1,4,12,True,2025-10-16 23:35:26.856535+00:00,2,2025-10-16 23:35:26.856535+00:00,2
171,C_CCC007,960,CCC,CCC007,CCC019,20050.8109956747,1,4,12,True,2025-10-16 23:35:26.856535+00:00,2,2025-10-16 23:35:26.856535+00:00,2
172,C_CCH003,961,CCH,CCH003,YBP032,4828.03198925103,1,4,12,True,2025-10-16 23:35:26.856535+00:00,2,2025-10-16 23:35:26.856535+00:00,2
173,C_CCH006,962,CCH,CCH006,CCH003,4828.03194158525,1,4,12,True,2025-10-16 23:35:26.856535+00:00,2,2025-10-16 23:35:26.856535+00:00,2
174,C_CCH012,963,CCH,CCH012,CCH006,10342.6264774848,1,4,12,True,2025-10-16 23:35:26.856535+00:00,2,2025-10-16 23:35:26.856535+00:00,2
175,C_CCH017,964,CCH,CCH017,CCH012,7360.15755388704,1,4,12,True,2025-10-16 23:35:26.856535+00:00,2,2025-10-16 23:35:26.856535+00:00,2
176,C_CCH023,965,CCH,CCH023,CCH017,9656.06387736875,1,4,12,True,2025-10-16 23:35:26.856535+00:00,2,2025-10-16 23:35:26.856535+00:00,2
177,C_CCH030,966,CCH,CCH030,CCH023,12038.3111870371,1,4,12,True,2025-10-16 23:35:26.856535+00:00,2,2025-10-16 23:35:26.856535+00:00,2
178,C_CCH032,967,CCH,CCH032,CCH030,2871.31625672371,1,4,12,True,2025-10-16 23:35:26.856535+00:00,2,2025-10-16 23:35:26.856535+00:00,2
179,C_CCH052,968,CCH,CCH052,CCH032,31761.5161140122,1,4,12,True,2025-10-16 23:35:26.856535+00:00,2,2025-10-16 23:35:26.856535+00:00,2
180,C_CCH053,969,CCH,CCH053,CCH052,2052.34428458469,1,4,12,True,2025-10-16 23:35:26.856535+00:00,2,2025-10-16 23:35:26.856535+00:00,2
181,C_CCH058,970,CCH,CCH058,CCH053,8251.96007926712,1,4,12,True,2025-10-16 23:35:26.856535+00:00,2,2025-10-16 23:35:26.856535+00:00,2
182,C_CCH075,971,CCH,CCH075,CCH058,26673.3066693299,1,4,12,True,2025-10-16 23:35:26.856535+00:00,2,2025-10-16 23:35:26.856535+00:00,2
183,C_CCH083,972,CCH,CCH083,CCH075,13430.9739071391,1,4,12,True,2025-10-16 23:35:26.856535+00:00,2,2025-10-16 23:35:26.856535+00:00,2
184,C_CCK007,973,CCK,CCK007,ABN000,4531.08550000004,1,4,12,True,2025-10-16 23:35:26.856535+00:00,2,2025-10-16 23:35:26.856535+00:00,2
185,C_CCK022,974,CCK,CCK022,CCK007,24214.4901532524,1,4,12,True,2025-10-16 23:35:26.856535+00:00,2,2025-10-16 23:35:26.856535+00:00,2
186,C_CCK036,975,CCK,CCK036,CCK022,23637.3194142117,1,4,12,True,2025-10-16 23:35:26.856535+00:00,2,2025-10-16 23:35:26.856535+00:00,2
187,C_CCK038,976,CCK,CCK038,CCK036,2889.7774333668,1,4,12,True,2025-10-16 23:35:26.856535+00:00,2,2025-10-16 23:35:26.856535+00:00,2
188,C_CCS009,977,CCS,CCS009,SFY033,15216.837349488,1,4,12,True,2025-10-16 23:35:26.856535+00:00,2,2025-10-16 23:35:26.856535+00:00,2
189,C_CCS010,978,CCS,CCS010,CCS009,1327.86656533669,1,4,12,True,2025-10-16 23:35:26.856535+00:00,2,2025-10-16 23:35:26.856535+00:00,2
190,C_CCT011,979,CCT,CCT011,CLR025,126.974539596145,1,4,12,True,2025-10-16 23:35:26.856535+00:00,2,2025-10-16 23:35:26.856535+00:00,2
191,C_CFS001,980,CFS,CFS001,MFS035,915.93637512653,1,4,12,True,2025-10-16 23:35:26.856535+00:00,2,2025-10-16 23:35:26.856535+00:00,2
192,C_CGT005,981,CGT,CGT005,CGT006,657.191113409584,1,4,12,True,2025-10-16 23:35:26.856535+00:00,2,2025-10-16 23:35:26.856535+00:00,2
193,C_CGT006,982,CGT,CGT006,YUB034,75.1655415376552,1,4,12,True,2025-10-16 23:35:26.856535+00:00,2,2025-10-16 23:35:26.856535+00:00,2
194,C_CHCGO,983,CHCGO,CHCGO,,1990.57849999983,1,4,12,True,2025-10-16 23:35:26.856535+00:00,2,2025-10-16 23:35:26.856535+00:00,2
195,C_CHIPPS,984,CHIPPS,CHIPPS,CHCGO,8493.42896273115,1,4,12,True,2025-10-16 23:35:26.856535+00:00,2,2025-10-16 23:35:26.856535+00:00,2
196,C_CHW006,985,CHW,CHW006,EBP030,9656.08334502,1,4,12,True,2025-10-16 23:35:26.856535+00:00,2,2025-10-16 23:35:26.856535+00:00,2
197,C_CHW011,986,CHW,CHW011,CHW006,8046.73602252663,1,4,12,True,2025-10-16 23:35:26.856535+00:00,2,2025-10-16 23:35:26.856535+00:00,2
198,C_CHW017,987,CHW,CHW017,CHW011,9273.4609616606,1,4,12,True,2025-10-16 23:35:26.856535+00:00,2,2025-10-16 23:35:26.856535+00:00,2
199,C_CHW021,988,CHW,CHW021,CHW017,6820.0113144294,1,4,12,True,2025-10-16 23:35:26.856535+00:00,2,2025-10-16 23:35:26.856535+00:00,2
200,C_CHW024,989,CHW,CHW024,CHW021,4828.04160826174,1,4,12,True,2025-10-16 23:35:26.856535+00:00,2,2025-10-16 23:35:26.856535+00:00,2
201,C_CHW028,990,CHW,CHW028,CHW024,6484.2926170503,1,4,12,True,2025-10-16 23:35:26.856535+00:00,2,2025-10-16 23:35:26.856535+00:00,2
202,C_CHW031,991,CHW,CHW031,CHW028,5941.77327980239,1,4,12,True,2025-10-16 23:35:26.856535+00:00,2,2025-10-16 23:35:26.856535+00:00,2
203,C_CHW037,992,CHW,CHW037,CHW031,9084.43097181934,1,4,12,True,2025-10-16 23:35:26.856535+00:00,2,2025-10-16 23:35:26.856535+00:00,2
204,C_CHY000,993,CHY,CHY000,TUO103,1161.01032946118,1,4,12,True,2025-10-16 23:35:26.856535+00:00,2,2025-10-16 23:35:26.856535+00:00,2
205,C_CHY001,994,CHY,CHY001,CHY000,800.713050419687,1,4,12,True,2025-10-16 23:35:26.856535+00:00,2,2025-10-16 23:35:26.856535+00:00,2
206,C_CHY006,995,CHY,CHY006,CHY001,3050.12976562506,1,4,12,True,2025-10-16 23:35:26.856535+00:00,2,2025-10-16 23:35:26.856535+00:00,2
207,C_CHY007,996,CHY,CHY007,CHY006,6427.78802862356,1,4,12,True,2025-10-16 23:35:26.856535+00:00,2,2025-10-16 23:35:26.856535+00:00,2
208,C_CHY011,997,CHY,CHY011,CHY007,6204.39919308815,1,4,12,True,2025-10-16 23:35:26.856535+00:00,2,2025-10-16 23:35:26.856535+00:00,2
209,C_CLLOYD,998,CLLOYD,LLOYD,CHY011,1412.63563874602,1,4,12,True,2025-10-16 23:35:26.856535+00:00,2,2025-10-16 23:35:26.856535+00:00,2
210,C_CLR009,999,CLR,CLR009,SAC287,14487.3159415483,1,4,12,True,2025-10-16 23:35:26.856535+00:00,2,2025-10-16 23:35:26.856535+00:00,2
211,C_CLR011,1000,CLR,CLR011,CLR009,2587.44426525652,1,4,12,True,2025-10-16 23:35:26.856535+00:00,2,2025-10-16 23:35:26.856535+00:00,2
212,C_CLR025,1001,CLR,CLR025,WKYTN,11600.3439828818,1,4,12,True,2025-10-16 23:35:26.856535+00:00,2,2025-10-16 23:35:26.856535+00:00,2
213,C_CLRLK,1002,CLRLK,CLRLK,CCH083,4976.08996319618,1,4,12,True,2025-10-16 23:35:26.856535+00:00,2,2025-10-16 23:35:26.856535+00:00,2
214,C_CLV004,1003,CLV,CLV004,SJR038,6437.38886940235,1,4,12,True,2025-10-16 23:35:26.856535+00:00,2,2025-10-16 23:35:26.856535+00:00,2
215,C_CLV006,1004,CLV,CLV006,CLV004,2782.33855899436,1,4,12,True,2025-10-16 23:35:26.856535+00:00,2,2025-10-16 23:35:26.856535+00:00,2
216,C_CLV009,1005,CLV,CLV009,TUO091,14023.2552340821,1,4,12,True,2025-10-16 23:35:26.856535+00:00,2,2025-10-16 23:35:26.856535+00:00,2
217,C_CLV010,1006,CLV,CLV010,CLV009,1609.34716308768,1,4,12,True,2025-10-16 23:35:26.856535+00:00,2,2025-10-16 23:35:26.856535+00:00,2
218,C_CLV016,1007,CLV,CLV016,CLV010,9656.08333071342,1,4,12,True,2025-10-16 23:35:26.856535+00:00,2,2025-10-16 23:35:26.856535+00:00,2
219,C_CLV023,1008,CLV,CLV023,CLV016,11265.4304987409,1,4,12,True,2025-10-16 23:35:26.856535+00:00,2,2025-10-16 23:35:26.856535+00:00,2
220,C_CLV026,1009,CLV,CLV026,CLV023,5058.29084642185,1,4,12,True,2025-10-16 23:35:26.856535+00:00,2,2025-10-16 23:35:26.856535+00:00,2
221,C_CLV028,1010,CLV,CLV028,CLV026,2988.44525954439,1,4,12,True,2025-10-16 23:35:26.856535+00:00,2,2025-10-16 23:35:26.856535+00:00,2
222,C_CLV035,1011,CLV,CLV035,CLV028,11265.4305980323,1,4,12,True,2025-10-16 23:35:26.856535+00:00,2,2025-10-16 23:35:26.856535+00:00,2
223,C_CLV037,1012,CLV,CLV037,CLV035,3385.2579671939,1,4,12,True,2025-10-16 23:35:26.856535+00:00,2,2025-10-16 23:35:26.856535+00:00,2
224,C_CLV043,1013,CLV,CLV043,CLV037,10184.8746527571,1,4,12,True,2025-10-16 23:35:26.856535+00:00,2,2025-10-16 23:35:26.856535+00:00,2
225,C_CLV044,1014,CLV,CLV044,CLV043,697.18298454936,1,4,12,True,2025-10-16 23:35:26.856535+00:00,2,2025-10-16 23:35:26.856535+00:00,2
226,C_CMBIE,1015,CMBIE,CMBIE,BRR031,9220.50917686198,1,4,12,True,2025-10-16 23:35:26.856535+00:00,2,2025-10-16 23:35:26.856535+00:00,2
227,C_CMCHE,1016,CMCHE,CMCHE,MOK057,1965.97928795925,1,4,12,True,2025-10-16 23:35:26.856535+00:00,2,2025-10-16 23:35:26.856535+00:00,2
228,C_CMN005,1017,CMN,CMN005,CMN006,512.826558596974,1,4,12,True,2025-10-16 23:35:26.856535+00:00,2,2025-10-16 23:35:26.856535+00:00,2
229,C_CMN006,1018,CMN,CMN006,SFA045,42.7599097968202,1,4,12,True,2025-10-16 23:35:26.856535+00:00,2,2025-10-16 23:35:26.856535+00:00,2
230,C_CMP001,1019,CMP,CMP001,NFC019,326.27874485764,1,4,12,True,2025-10-16 23:35:26.856535+00:00,2,2025-10-16 23:35:26.856535+00:00,2
231,C_CMP005,1020,CMP,CMP005,CMP001,8192.18985837218,1,4,12,True,2025-10-16 23:35:26.856535+00:00,2,2025-10-16 23:35:26.856535+00:00,2
232,C_CMP014,1021,CMP,CMP014,CMP005,13845.7908661768,1,4,12,True,2025-10-16 23:35:26.856535+00:00,2,2025-10-16 23:35:26.856535+00:00,2
233,C_CMPFW,1022,CMPFW,CMPFW,BRR017,1800.38268022869,1,4,12,True,2025-10-16 23:35:26.856535+00:00,2,2025-10-16 23:35:26.856535+00:00,2
234,C_CMT000,1023,CMT,CMT000,NBLDB,9282.49273934915,1,4,12,True,2025-10-16 23:35:26.856535+00:00,2,2025-10-16 23:35:26.856535+00:00,2
235,C_COL001,1024,COL,COL001,NFM026,750.189984501815,1,4,12,True,2025-10-16 23:35:26.856535+00:00,2,2025-10-16 23:35:26.856535+00:00,2
236,C_COL002,1025,COL,COL002,COL001,3891.31875349845,1,4,12,True,2025-10-16 23:35:26.856535+00:00,2,2025-10-16 23:35:26.856535+00:00,2
237,C_COL003,1026,COL,COL003,COL002,549.482507520619,1,4,12,True,2025-10-16 23:35:26.856535+00:00,2,2025-10-16 23:35:26.856535+00:00,2
238,C_COT033,1027,COT,COT033,EBP005,53860.408084945,1,4,12,True,2025-10-16 23:35:26.856535+00:00,2,2025-10-16 23:35:26.856535+00:00,2
239,C_COW003,1028,COW,COW003,SAC277,4828.03199576576,1,4,12,True,2025-10-16 23:35:26.856535+00:00,2,2025-10-16 23:35:26.856535+00:00,2
240,C_COW007,1029,COW,COW007,COW003,7178.52189938185,1,4,12,True,2025-10-16 23:35:26.856535+00:00,2,2025-10-16 23:35:26.856535+00:00,2
241,C_COW014,1030,COW,COW014,COW007,10524.3072002585,1,4,12,True,2025-10-16 23:35:26.856535+00:00,2,2025-10-16 23:35:26.856535+00:00,2
242,C_CPC008,1031,CPC,CPC008,SLF010,12963.4818712606,1,4,12,True,2025-10-16 23:35:26.856535+00:00,2,2025-10-16 23:35:26.856535+00:00,2
243,C_CRB002,1035,CRB,CRB002,NFF059,1630.59684560473,1,4,12,True,2025-10-16 23:35:26.856535+00:00,2,2025-10-16 23:35:26.856535+00:00,2
244,C_CRC002,1036,CRC,CRC002,SAC082,3871.77545004362,1,4,12,True,2025-10-16 23:35:26.856535+00:00,2,2025-10-16 23:35:26.856535+00:00,2
245,C_CRK005,1037,CRK,CRK005,BTC003,15516.4733000007,1,4,12,True,2025-10-16 23:35:26.856535+00:00,2,2025-10-16 23:35:26.856535+00:00,2
246,C_CSD014,1043,CSD,CSD014,RLLNS,7764.68278390519,1,4,12,True,2025-10-16 23:35:26.856535+00:00,2,2025-10-16 23:35:26.856535+00:00,2
247,C_CSL004A,1044,CSL,CSL004,SAC017,6780.49327291705,1,4,12,True,2025-10-16 23:35:26.856535+00:00,2,2025-10-16 23:35:26.856535+00:00,2
248,C_CSL004B,1045,CSL,CSL004,BKR004,12898.479954178,1,4,12,True,2025-10-16 23:35:26.856535+00:00,2,2025-10-16 23:35:26.856535+00:00,2
249,C_CSL005,1046,CSL,CSL005,CSL004,1122.83680910224,1,4,12,True,2025-10-16 23:35:26.856535+00:00,2,2025-10-16 23:35:26.856535+00:00,2
250,C_CSL005a,1047,CSL,CSL005a,SAC017,7450.01490496838,1,4,12,True,2025-10-16 23:35:26.856535+00:00,2,2025-10-16 23:35:26.856535+00:00,2
251,C_CSL005b,1048,CSL,CSL005b,BKR002,13787.3309046164,1,4,12,True,2025-10-16 23:35:26.856535+00:00,2,2025-10-16 23:35:26.856535+00:00,2
252,C_CSM001,1049,CSM,CSM001,MOK019,1586.67891533789,1,4,12,True,2025-10-16 23:35:26.856535+00:00,2,2025-10-16 23:35:26.856535+00:00,2
253,C_CSM005,1050,CSM,CSM005,CSM001,6460.04102529268,1,4,12,True,2025-10-16 23:35:26.856535+00:00,2,2025-10-16 23:35:26.856535+00:00,2
254,C_CSM011,1051,CSM,CSM011,CSM005,9571.5030417259,1,4,12,True,2025-10-16 23:35:26.856535+00:00,2,2025-10-16 23:35:26.856535+00:00,2
255,C_CSM016,1052,CSM,CSM016,CSM011,8131.28090396253,1,4,12,True,2025-10-16 23:35:26.856535+00:00,2,2025-10-16 23:35:26.856535+00:00,2
256,C_CSM021,1053,CSM,CSM021,CSM016,8046.72000044608,1,4,12,True,2025-10-16 23:35:26.856535+00:00,2,2025-10-16 23:35:26.856535+00:00,2
257,C_CSM026,1054,CSM,CSM026,CSM021,8046.71999861532,1,4,12,True,2025-10-16 23:35:26.856535+00:00,2,2025-10-16 23:35:26.856535+00:00,2
258,C_CSM033,1055,CSM,CSM033,CSM026,11265.5143467091,1,4,12,True,2025-10-16 23:35:26.856535+00:00,2,2025-10-16 23:35:26.856535+00:00,2
259,C_CSM035,1056,CSM,CSM035,CSM033,3344.50155152495,1,4,12,True,2025-10-16 23:35:26.856535+00:00,2,2025-10-16 23:35:26.856535+00:00,2
260,C_CSM052,1058,CSM,CSM052,CSM035,26697.0384684601,1,4,12,True,2025-10-16 23:35:26.856535+00:00,2,2025-10-16 23:35:26.856535+00:00,2
261,C_CST004,1059,CST,CST004,NFF030,612.029658300977,1,4,12,True,2025-10-16 23:35:26.856535+00:00,2,2025-10-16 23:35:26.856535+00:00,2
262,C_CVT000,1061,CVT,CVT000,CVT005,7368.29866865985,1,4,12,True,2025-10-16 23:35:26.856535+00:00,2,2025-10-16 23:35:26.856535+00:00,2
263,C_CVT005,1062,CVT,CVT005,CVT009,6626.42966643226,1,4,12,True,2025-10-16 23:35:26.856535+00:00,2,2025-10-16 23:35:26.856535+00:00,2
264,C_CVT009,1063,CVT,CVT009,STN091,437.878368775417,1,4,12,True,2025-10-16 23:35:26.856535+00:00,2,2025-10-16 23:35:26.856535+00:00,2
265,C_CWD003,1065,CWD,CWD003,SAC271,4376.29391376199,1,4,12,True,2025-10-16 23:35:26.856535+00:00,2,2025-10-16 23:35:26.856535+00:00,2
266,C_CWD004,1066,CWD,CWD004,CWD003,2061.08218360958,1,4,12,True,2025-10-16 23:35:26.856535+00:00,2,2025-10-16 23:35:26.856535+00:00,2
267,C_CWD009,1067,CWD,CWD009,CWD004,7249.56481196461,1,4,12,True,2025-10-16 23:35:26.856535+00:00,2,2025-10-16 23:35:26.856535+00:00,2
268,C_CWD018,1069,CWD,CWD018,CWD009,15281.3090210561,1,4,12,True,2025-10-16 23:35:26.856535+00:00,2,2025-10-16 23:35:26.856535+00:00,2
269,C_CYN009,1070,CYN,CYN009,NFA048,15178.9256111178,1,4,12,True,2025-10-16 23:35:26.856535+00:00,2,2025-10-16 23:35:26.856535+00:00,2
270,C_CYN010,1071,CYN,CYN010,CYN009,787.207915553404,1,4,12,True,2025-10-16 23:35:26.856535+00:00,2,2025-10-16 23:35:26.856535+00:00,2
271,C_DAVIS,1072,DAVIS,DAVIS,BGC002,8127.52368441968,1,4,12,True,2025-10-16 23:35:26.856535+00:00,2,2025-10-16 23:35:26.856535+00:00,2
272,C_DBC014,1073,DBC,DBC014,FRS022,22696.6125388021,1,4,12,True,2025-10-16 23:35:26.856535+00:00,2,2025-10-16 23:35:26.856535+00:00,2
273,C_DBC024,1074,DBC,DBC024,DBC014,16306.4291578291,1,4,12,True,2025-10-16 23:35:26.856535+00:00,2,2025-10-16 23:35:26.856535+00:00,2
274,C_DCC008,1075,DCC,DCC008,MFA040,14286.9095058298,1,4,12,True,2025-10-16 23:35:26.856535+00:00,2,2025-10-16 23:35:26.856535+00:00,2
275,C_DCC009,1076,DCC,DCC009,DCC008,377.786407883657,1,4,12,True,2025-10-16 23:35:26.856535+00:00,2,2025-10-16 23:35:26.856535+00:00,2
276,C_DCC010,1077,DCC,DCC010,DCC009,361.625168038999,1,4,12,True,2025-10-16 23:35:26.856535+00:00,2,2025-10-16 23:35:26.856535+00:00,2
277,C_DCK012,1078,DCK,DCK012,EMD007,19369.1425906514,1,4,12,True,2025-10-16 23:35:26.856535+00:00,2,2025-10-16 23:35:26.856535+00:00,2
278,C_DCM019,1079,DCM,DCM019,MCD032,30498.3511300413,1,4,12,True,2025-10-16 23:35:26.856535+00:00,2,2025-10-16 23:35:26.856535+00:00,2
279,C_DCM027,1080,DCM,DCM027,DCM019,12468.9080574197,1,4,12,True,2025-10-16 23:35:26.856535+00:00,2,2025-10-16 23:35:26.856535+00:00,2
280,C_DCT050,1081,DCT,DCT050,TUO017,80918.9862580653,1,4,12,True,2025-10-16 23:35:26.856535+00:00,2,2025-10-16 23:35:26.856535+00:00,2
281,C_DED003,1082,DED,DED003,EBP042,2200.62916253926,1,4,12,True,2025-10-16 23:35:26.856535+00:00,2,2025-10-16 23:35:26.856535+00:00,2
282,C_DED010,1083,DED,DED010,DED003,11237.5755536766,1,4,12,True,2025-10-16 23:35:26.856535+00:00,2,2025-10-16 23:35:26.856535+00:00,2
283,C_DED012,1084,DED,DED012,DED010,3909.11135859528,1,4,12,True,2025-10-16 23:35:26.856535+00:00,2,2025-10-16 23:35:26.856535+00:00,2
284,C_DED019,1085,DED,DED019,DED012,10575.013598593,1,4,12,True,2025-10-16 23:35:26.856535+00:00,2,2025-10-16 23:35:26.856535+00:00,2
285,C_DED025,1086,DED,DED025,DED019,9656.08332612555,1,4,12,True,2025-10-16 23:35:26.856535+00:00,2,2025-10-16 23:35:26.856535+00:00,2
286,C_DED032,1087,DED,DED032,DED025,11265.4305152653,1,4,12,True,2025-10-16 23:35:26.856535+00:00,2,2025-10-16 23:35:26.856535+00:00,2
287,C_DED035,1088,DED,DED035,DED032,4828.04165761101,1,4,12,True,2025-10-16 23:35:26.856535+00:00,2,2025-10-16 23:35:26.856535+00:00,2
288,C_DED038,1089,DED,DED038,DED035,4828.04163007137,1,4,12,True,2025-10-16 23:35:26.856535+00:00,2,2025-10-16 23:35:26.856535+00:00,2
289,C_DED044,1090,DED,DED044,DED038,9656.08332240146,1,4,12,True,2025-10-16 23:35:26.856535+00:00,2,2025-10-16 23:35:26.856535+00:00,2
290,C_DEE020,1091,DEE,DEE020,CSM011,32580.0574424773,1,4,12,True,2025-10-16 23:35:26.856535+00:00,2,2025-10-16 23:35:26.856535+00:00,2
291,C_DEE023,1092,DEE,DEE023,DEE020,4307.37683539172,1,4,12,True,2025-10-16 23:35:26.856535+00:00,2,2025-10-16 23:35:26.856535+00:00,2
292,C_DER001,1094,DER,DER001,YUB023,1609.36348720266,1,4,12,True,2025-10-16 23:35:26.856535+00:00,2,2025-10-16 23:35:26.856535+00:00,2
293,C_DER002,1095,DER,DER002,DER001,2387.55735895361,1,4,12,True,2025-10-16 23:35:26.856535+00:00,2,2025-10-16 23:35:26.856535+00:00,2
294,C_DER004,1096,DER,DER004,DER002,3012.30769270468,1,4,12,True,2025-10-16 23:35:26.856535+00:00,2,2025-10-16 23:35:26.856535+00:00,2
295,C_DER011,1097,DER,DER011,DER004,10408.4210079538,1,4,12,True,2025-10-16 23:35:26.856535+00:00,2,2025-10-16 23:35:26.856535+00:00,2
296,C_DER018,1098,DER,DER018,DER011,11239.9825031415,1,4,12,True,2025-10-16 23:35:26.856535+00:00,2,2025-10-16 23:35:26.856535+00:00,2
297,C_DER022,1099,DER,DER022,DER018,7510.73309887073,1,4,12,True,2025-10-16 23:35:26.856535+00:00,2,2025-10-16 23:35:26.856535+00:00,2
298,C_DER027,1100,DER,DER027,SCOTF,5067.28561015332,1,4,12,True,2025-10-16 23:35:26.856535+00:00,2,2025-10-16 23:35:26.856535+00:00,2
299,C_DES006,1101,DES,DES006,WLF021,2616.03354099235,1,4,12,True,2025-10-16 23:35:26.856535+00:00,2,2025-10-16 23:35:26.856535+00:00,2
300,C_DHC001,1103,DHC,DHC001,BRR004,1188.68209999986,1,4,12,True,2025-10-16 23:35:26.856535+00:00,2,2025-10-16 23:35:26.856535+00:00,2
301,C_DHC021,1104,DHC,DHC021,DHC001,32574.9114582662,1,4,12,True,2025-10-16 23:35:26.856535+00:00,2,2025-10-16 23:35:26.856535+00:00,2
302,C_DMC000,1105,DMC,DMC000,DMC003,,1,4,12,True,2025-10-16 23:35:26.856535+00:00,2,2025-10-16 23:35:26.856535+00:00,2
303,C_DMC003,1106,DMC,DMC003,DMC007,7053.78876166083,1,4,12,True,2025-10-16 23:35:26.856535+00:00,2,2025-10-16 23:35:26.856535+00:00,2
304,C_DMC007,1107,DMC,DMC007,DMC011,6986.18159581683,1,4,12,True,2025-10-16 23:35:26.856535+00:00,2,2025-10-16 23:35:26.856535+00:00,2
305,C_DMC011,1108,DMC,DMC011,DMC016,7778.09526479445,1,4,12,True,2025-10-16 23:35:26.856535+00:00,2,2025-10-16 23:35:26.856535+00:00,2
306,C_DMC016,1109,DMC,DMC016,DMC021,7149.03954049037,1,4,12,True,2025-10-16 23:35:26.856535+00:00,2,2025-10-16 23:35:26.856535+00:00,2
307,C_DMC021,1110,DMC,DMC021,DMC024,6186.51379422094,1,4,12,True,2025-10-16 23:35:26.856535+00:00,2,2025-10-16 23:35:26.856535+00:00,2
308,C_DMC024,1111,DMC,DMC024,DMC030,8684.20930349855,1,4,12,True,2025-10-16 23:35:26.856535+00:00,2,2025-10-16 23:35:26.856535+00:00,2
309,C_DMC030,1112,DMC,DMC030,DMC034,7225.40886736255,1,4,12,True,2025-10-16 23:35:26.856535+00:00,2,2025-10-16 23:35:26.856535+00:00,2
310,C_DMC034,1113,DMC,DMC034,DMC039,7013.9052981108,1,4,12,True,2025-10-16 23:35:26.856535+00:00,2,2025-10-16 23:35:26.856535+00:00,2
311,C_DMC039,1114,DMC,DMC039,DMC044,9011.8947125815,1,4,12,True,2025-10-16 23:35:26.856535+00:00,2,2025-10-16 23:35:26.856535+00:00,2
312,C_DMC044,1115,DMC,DMC044,DMC049,7008.57270252323,1,4,12,True,2025-10-16 23:35:26.856535+00:00,2,2025-10-16 23:35:26.856535+00:00,2
313,C_DMC049,1116,DMC,DMC049,DMC054,9259.08457590793,1,4,12,True,2025-10-16 23:35:26.856535+00:00,2,2025-10-16 23:35:26.856535+00:00,2
314,C_DMC054,1117,DMC,DMC054,DMC058,6210.69195351381,1,4,12,True,2025-10-16 23:35:26.856535+00:00,2,2025-10-16 23:35:26.856535+00:00,2
315,C_DMC058,1118,DMC,DMC058,DMC064,9257.25709280538,1,4,12,True,2025-10-16 23:35:26.856535+00:00,2,2025-10-16 23:35:26.856535+00:00,2
316,C_DMC064,1119,DMC,DMC064,DMC070,9579.39840344658,1,4,12,True,2025-10-16 23:35:26.856535+00:00,2,2025-10-16 23:35:26.856535+00:00,2
317,C_DMC070,1120,DMC,DMC070,DMC074,7117.5872848893,1,4,12,True,2025-10-16 23:35:26.856535+00:00,2,2025-10-16 23:35:26.856535+00:00,2
318,C_DMC074,1121,DMC,DMC074,DMC076,2577.1177330155,1,4,12,True,2025-10-16 23:35:26.856535+00:00,2,2025-10-16 23:35:26.856535+00:00,2
319,C_DMC076,1122,DMC,DMC076,DMC080,5778.58921741022,1,4,12,True,2025-10-16 23:35:26.856535+00:00,2,2025-10-16 23:35:26.856535+00:00,2
320,C_DMC080,1123,DMC,DMC080,DMC085,8844.92259517191,1,4,12,True,2025-10-16 23:35:26.856535+00:00,2,2025-10-16 23:35:26.856535+00:00,2
321,C_DMC085,1124,DMC,DMC085,DMC091,8805.32307355331,1,4,12,True,2025-10-16 23:35:26.856535+00:00,2,2025-10-16 23:35:26.856535+00:00,2
322,C_DMC091,1125,DMC,DMC091,DMC097,10065.6534429844,1,4,12,True,2025-10-16 23:35:26.856535+00:00,2,2025-10-16 23:35:26.856535+00:00,2
323,C_DMC097,1126,DMC,DMC097,DMC105,13271.858190471,1,4,12,True,2025-10-16 23:35:26.856535+00:00,2,2025-10-16 23:35:26.856535+00:00,2
324,C_DMC105,1127,DMC,DMC105,DMC111,9900.34324565086,1,4,12,True,2025-10-16 23:35:26.856535+00:00,2,2025-10-16 23:35:26.856535+00:00,2
325,C_DMC111,1128,DMC,DMC111,DMC116,7034.39427967546,1,4,12,True,2025-10-16 23:35:26.856535+00:00,2,2025-10-16 23:35:26.856535+00:00,2
326,C_DMC116,1129,DMC,DMC116,MDOTA,1966.44085617473,1,4,12,True,2025-10-16 23:35:26.856535+00:00,2,2025-10-16 23:35:26.856535+00:00,2
327,C_DONLL,1130,DONLL,DONLL,MFS021,12740.322667123,1,4,12,True,2025-10-16 23:35:26.856535+00:00,2,2025-10-16 23:35:26.856535+00:00,2
328,C_DPC008,1131,DPC,DPC008,SJR091,12874.7777607944,1,4,12,True,2025-10-16 23:35:26.856535+00:00,2,2025-10-16 23:35:26.856535+00:00,2
329,C_DPH008,1132,DPH,DPH008,MFS021,75.8365028132421,1,4,12,True,2025-10-16 23:35:26.856535+00:00,2,2025-10-16 23:35:26.856535+00:00,2
330,C_DRC005,1133,DRC,DRC005,SAC218,7752.28658338309,1,4,12,True,2025-10-16 23:35:26.856535+00:00,2,2025-10-16 23:35:26.856535+00:00,2
331,C_DRC010,1134,DRC,DRC010,DRC005,8341.18557875926,1,4,12,True,2025-10-16 23:35:26.856535+00:00,2,2025-10-16 23:35:26.856535+00:00,2
332,C_DRC012,1135,DRC,DRC012,DRC010,3218.65569548821,1,4,12,True,2025-10-16 23:35:26.856535+00:00,2,2025-10-16 23:35:26.856535+00:00,2
333,C_DRM000,1136,DRM,DRM000,DRM001,1253.07913072722,1,4,12,True,2025-10-16 23:35:26.856535+00:00,2,2025-10-16 23:35:26.856535+00:00,2
334,C_DRM001,1137,DRM,DRM001,DRM002,483.288107552466,1,4,12,True,2025-10-16 23:35:26.856535+00:00,2,2025-10-16 23:35:26.856535+00:00,2
335,C_DRM002,1138,DRM,DRM002,DRM008,9327.52097918372,1,4,12,True,2025-10-16 23:35:26.856535+00:00,2,2025-10-16 23:35:26.856535+00:00,2
336,C_DRM008,1140,DRM,DRM008,DRM009,2780.02817308992,1,4,12,True,2025-10-16 23:35:26.856535+00:00,2,2025-10-16 23:35:26.856535+00:00,2
337,C_DRM009,1141,DRM,DRM009,DRM011,1912.64715495188,1,4,12,True,2025-10-16 23:35:26.856535+00:00,2,2025-10-16 23:35:26.856535+00:00,2
338,C_DRM011,1142,DRM,DRM011,BRR067,60.5065472399295,1,4,12,True,2025-10-16 23:35:26.856535+00:00,2,2025-10-16 23:35:26.856535+00:00,2
339,C_DSC008,1143,DSC,DSC008,CSM001,12020.7292416828,1,4,12,True,2025-10-16 23:35:26.856535+00:00,2,2025-10-16 23:35:26.856535+00:00,2
340,C_DSC012,1144,DSC,DSC012,DSC008,6437.45426626339,1,4,12,True,2025-10-16 23:35:26.856535+00:00,2,2025-10-16 23:35:26.856535+00:00,2
341,C_DSC016,1145,DSC,DSC016,DSC012,6437.45424884748,1,4,12,True,2025-10-16 23:35:26.856535+00:00,2,2025-10-16 23:35:26.856535+00:00,2
342,C_DSC023,1146,DSC,DSC023,DSC016,10792.2685124579,1,4,12,True,2025-10-16 23:35:26.856535+00:00,2,2025-10-16 23:35:26.856535+00:00,2
343,C_DSC026,1147,DSC,DSC026,DSC023,5709.4297941907,1,4,12,True,2025-10-16 23:35:26.856535+00:00,2,2025-10-16 23:35:26.856535+00:00,2
344,C_DSC028,1148,DSC,DSC028,DSC026,2810.66457882595,1,4,12,True,2025-10-16 23:35:26.856535+00:00,2,2025-10-16 23:35:26.856535+00:00,2
345,C_DSC035,1149,DSC,DSC035,DSC028,11265.5450089878,1,4,12,True,2025-10-16 23:35:26.856535+00:00,2,2025-10-16 23:35:26.856535+00:00,2
346,C_EBF001,1150,EBF,EBF001,NFF050,853.291397904465,1,4,12,True,2025-10-16 23:35:26.856535+00:00,2,2025-10-16 23:35:26.856535+00:00,2
347,C_EBF018,1151,EBF,EBF018,EBF001,28643.4189471588,1,4,12,True,2025-10-16 23:35:26.856535+00:00,2,2025-10-16 23:35:26.856535+00:00,2
348,C_EBP001,1152,EBP,EBP001,EBP005,8124.05716179204,1,4,12,True,2025-10-16 23:35:26.856535+00:00,2,2025-10-16 23:35:26.856535+00:00,2
349,C_EBP005,1153,EBP,EBP005,EBP016,18178.1619084111,1,4,12,True,2025-10-16 23:35:26.856535+00:00,2,2025-10-16 23:35:26.856535+00:00,2
350,C_EBP016,1154,EBP,EBP016,EBP019,3613.86537821549,1,4,12,True,2025-10-16 23:35:26.856535+00:00,2,2025-10-16 23:35:26.856535+00:00,2
351,C_EBP019,1155,EBP,EBP019,EBP022,4932.44706961674,1,4,12,True,2025-10-16 23:35:26.856535+00:00,2,2025-10-16 23:35:26.856535+00:00,2
352,C_EBP022,1156,EBP,EBP022,EBP030,13529.9912180826,1,4,12,True,2025-10-16 23:35:26.856535+00:00,2,2025-10-16 23:35:26.856535+00:00,2
353,C_EBP030,1157,EBP,EBP030,EBP032,3435.89522261477,1,4,12,True,2025-10-16 23:35:26.856535+00:00,2,2025-10-16 23:35:26.856535+00:00,2
354,C_EBP032,1158,EBP,EBP032,EBP033,1071.25796806295,1,4,12,True,2025-10-16 23:35:26.856535+00:00,2,2025-10-16 23:35:26.856535+00:00,2
355,C_EBP033,1159,EBP,EBP033,EBP041,13388.5512931152,1,4,12,True,2025-10-16 23:35:26.856535+00:00,2,2025-10-16 23:35:26.856535+00:00,2
356,C_EBP041,1160,EBP,EBP041,EBP042,886.307254583942,1,4,12,True,2025-10-16 23:35:26.856535+00:00,2,2025-10-16 23:35:26.856535+00:00,2
357,C_EBP042,1161,EBP,EBP042,EBP043,2013.56359814413,1,4,12,True,2025-10-16 23:35:26.856535+00:00,2,2025-10-16 23:35:26.856535+00:00,2
358,C_EBP043,1162,EBP,EBP043,EBP048,8132.54422941252,1,4,12,True,2025-10-16 23:35:26.856535+00:00,2,2025-10-16 23:35:26.856535+00:00,2
359,C_EBP048,1163,EBP,EBP048,EBP050,3032.6394416796,1,4,12,True,2025-10-16 23:35:26.856535+00:00,2,2025-10-16 23:35:26.856535+00:00,2
360,C_EBP050,1164,EBP,EBP050,SJR134,3457.59460692883,1,4,12,True,2025-10-16 23:35:26.856535+00:00,2,2025-10-16 23:35:26.856535+00:00,2
361,C_ECHOL,1165,ECHOL,ECHOL,ELC001,842.828871259935,1,4,12,True,2025-10-16 23:35:26.856535+00:00,2,2025-10-16 23:35:26.856535+00:00,2
362,C_ECT001,1166,ECT,ECT001,LLOYD,3709.86018133153,1,4,12,True,2025-10-16 23:35:26.856535+00:00,2,2025-10-16 23:35:26.856535+00:00,2
363,C_EDC000,1167,EDC,EDC000,EDC004,5831.13691450094,1,4,12,True,2025-10-16 23:35:26.856535+00:00,2,2025-10-16 23:35:26.856535+00:00,2
364,C_EDC004,1168,EDC,EDC004,EDC007,5505.08011555799,1,4,12,True,2025-10-16 23:35:26.856535+00:00,2,2025-10-16 23:35:26.856535+00:00,2
365,C_EDC007,1169,EDC,EDC007,EDC021,23137.9917528957,1,4,12,True,2025-10-16 23:35:26.856535+00:00,2,2025-10-16 23:35:26.856535+00:00,2
366,C_EDP003,1171,EDP,EDP003,SFA046,36.8630870213717,1,4,12,True,2025-10-16 23:35:26.856535+00:00,2,2025-10-16 23:35:26.856535+00:00,2
367,C_ELC001,1173,ELC,ELC001,SFA085,1028.92701796765,1,4,12,True,2025-10-16 23:35:26.856535+00:00,2,2025-10-16 23:35:26.856535+00:00,2
368,C_ELD005,1174,ELD,ELD005,SAC229,8046.7200743222,1,4,12,True,2025-10-16 23:35:26.856535+00:00,2,2025-10-16 23:35:26.856535+00:00,2
369,C_ELD012,1175,ELD,ELD012,ELD005,11265.4079514507,1,4,12,True,2025-10-16 23:35:26.856535+00:00,2,2025-10-16 23:35:26.856535+00:00,2
370,C_ELD017,1176,ELD,ELD017,ELD012,8046.72007128609,1,4,12,True,2025-10-16 23:35:26.856535+00:00,2,2025-10-16 23:35:26.856535+00:00,2
371,C_ELD022,1177,ELD,ELD022,ELD017,8046.71998045059,1,4,12,True,2025-10-16 23:35:26.856535+00:00,2,2025-10-16 23:35:26.856535+00:00,2
372,C_ELD027,1178,ELD,ELD027,ELD022,7542.46652799699,1,4,12,True,2025-10-16 23:35:26.856535+00:00,2,2025-10-16 23:35:26.856535+00:00,2
373,C_ELENR,1179,ELENR,ELENR,ELN003,717.098216559447,1,4,12,True,2025-10-16 23:35:26.856535+00:00,2,2025-10-16 23:35:26.856535+00:00,2
374,C_ELN003,1180,ELN,ELN003,CHY007,5083.60062783765,1,4,12,True,2025-10-16 23:35:26.856535+00:00,2,2025-10-16 23:35:26.856535+00:00,2
375,C_ELT000,1181,ELT,ELT000,TBAUD,14057.2038014708,1,4,12,True,2025-10-16 23:35:26.856535+00:00,2,2025-10-16 23:35:26.856535+00:00,2
376,C_EMD001,1184,EMD,EMD001,SAC064,1997.85020336283,1,4,12,True,2025-10-16 23:35:26.856535+00:00,2,2025-10-16 23:35:26.856535+00:00,2
377,C_EMD007,1185,EMD,EMD007,EMD001,8748.0948571572,1,4,12,True,2025-10-16 23:35:26.856535+00:00,2,2025-10-16 23:35:26.856535+00:00,2
378,C_ENGLB,1186,ENGLB,ENGLB,YUB024,664.184236965363,1,4,12,True,2025-10-16 23:35:26.856535+00:00,2,2025-10-16 23:35:26.856535+00:00,2
379,C_EPARK,1187,EPARK,EPARK,SGRGE,28848.3841021399,1,4,12,True,2025-10-16 23:35:26.856535+00:00,2,2025-10-16 23:35:26.856535+00:00,2
380,C_ESC000,1204,ESC,ESC000,EBP042,7708.48113996634,1,4,12,True,2025-10-16 23:35:26.856535+00:00,2,2025-10-16 23:35:26.856535+00:00,2
381,C_ESL008,1207,ESL,ESL008,LCC024,8413.71819016049,1,4,12,True,2025-10-16 23:35:26.856535+00:00,2,2025-10-16 23:35:26.856535+00:00,2
382,C_ESTMN,1208,ESTMN,ESTMN,CHW037,662.437312209226,1,4,12,True,2025-10-16 23:35:26.856535+00:00,2,2025-10-16 23:35:26.856535+00:00,2
383,C_FBW001,1209,FBW,FBW001,SJR195,1125.65644728941,1,4,12,True,2025-10-16 23:35:26.856535+00:00,2,2025-10-16 23:35:26.856535+00:00,2
384,C_FCS006,1210,FCS,FCS006,SJR043,9076.6618320037,1,4,12,True,2025-10-16 23:35:26.856535+00:00,2,2025-10-16 23:35:26.856535+00:00,2
385,C_FCS007,1211,FCS,FCS007,FCS006,1485.35745980945,1,4,12,True,2025-10-16 23:35:26.856535+00:00,2,2025-10-16 23:35:26.856535+00:00,2
386,C_FDC006,1212,FDC,FDC006,YUB014,9656.06388384654,1,4,12,True,2025-10-16 23:35:26.856535+00:00,2,2025-10-16 23:35:26.856535+00:00,2
387,C_FDC011,1213,FDC,FDC011,SFY044,17256.2368919143,1,4,12,True,2025-10-16 23:35:26.856535+00:00,2,2025-10-16 23:35:26.856535+00:00,2
388,C_FMT002,1215,FMT,FMT002,RUB032,461.535667148904,1,4,12,True,2025-10-16 23:35:26.856535+00:00,2,2025-10-16 23:35:26.856535+00:00,2
389,C_FOLSM,1216,FOLSM,FOLSM,NTOMA,11084.9735669029,1,4,12,True,2025-10-16 23:35:26.856535+00:00,2,2025-10-16 23:35:26.856535+00:00,2
390,C_FRDYC,1218,FRDYC,FRDYC,FDC011,264.55766426607,1,4,12,True,2025-10-16 23:35:26.856535+00:00,2,2025-10-16 23:35:26.856535+00:00,2
391,C_FRMDW,1220,FRMDW,FRMDW,MFA047,1008.62425976271,1,4,12,True,2025-10-16 23:35:26.856535+00:00,2,2025-10-16 23:35:26.856535+00:00,2
392,C_FRNCH,1221,FRNCH,FRNCH,BOWMN,12062.9713262255,1,4,12,True,2025-10-16 23:35:26.856535+00:00,2,2025-10-16 23:35:26.856535+00:00,2
393,C_FRS016,1222,FRS,FRS016,EBP016,2006.36481813041,1,4,12,True,2025-10-16 23:35:26.856535+00:00,2,2025-10-16 23:35:26.856535+00:00,2
394,C_FRS020,1223,FRS,FRS020,FRS016,6437.38884046895,1,4,12,True,2025-10-16 23:35:26.856535+00:00,2,2025-10-16 23:35:26.856535+00:00,2
395,C_FRS022,1224,FRS,FRS022,FRS020,3345.19837246349,1,4,12,True,2025-10-16 23:35:26.856535+00:00,2,2025-10-16 23:35:26.856535+00:00,2
396,C_FRS025,1225,FRS,FRS025,FRS022,4970.81066703894,1,4,12,True,2025-10-16 23:35:26.856535+00:00,2,2025-10-16 23:35:26.856535+00:00,2
397,C_FRS032,1226,FRS,FRS032,FRS025,10996.1575642547,1,4,12,True,2025-10-16 23:35:26.856535+00:00,2,2025-10-16 23:35:26.856535+00:00,2
398,C_FRS036,1227,FRS,FRS036,FRS032,6483.25086877578,1,4,12,True,2025-10-16 23:35:26.856535+00:00,2,2025-10-16 23:35:26.856535+00:00,2
399,C_FRS039,1228,FRS,FRS039,FRS036,6391.52692557248,1,4,12,True,2025-10-16 23:35:26.856535+00:00,2,2025-10-16 23:35:26.856535+00:00,2
400,C_FRS045,1229,FRS,FRS045,FRS039,8046.736166792,1,4,12,True,2025-10-16 23:35:26.856535+00:00,2,2025-10-16 23:35:26.856535+00:00,2
401,C_FRS046,1230,FRS,FRS046,FRS045,893.753910209881,1,4,12,True,2025-10-16 23:35:26.856535+00:00,2,2025-10-16 23:35:26.856535+00:00,2
402,C_FRS048,1231,FRS,FRS048,FRS046,3405.50150408306,1,4,12,True,2025-10-16 23:35:26.856535+00:00,2,2025-10-16 23:35:26.856535+00:00,2
403,C_FSC003,1232,FSC,FSC003,FSC013,15439.9887388204,1,4,12,True,2025-10-16 23:35:26.856535+00:00,2,2025-10-16 23:35:26.856535+00:00,2
404,C_FSC007,1233,FSC,FSC007,FSC013,8173.41860901619,1,4,12,True,2025-10-16 23:35:26.856535+00:00,2,2025-10-16 23:35:26.856535+00:00,2
405,C_FSC013,1234,FSC,FSC013,FSC015,3922.02889408081,1,4,12,True,2025-10-16 23:35:26.856535+00:00,2,2025-10-16 23:35:26.856535+00:00,2
406,C_FSC015,1235,FSC,FSC015,FSC025,15559.7802311437,1,4,12,True,2025-10-16 23:35:26.856535+00:00,2,2025-10-16 23:35:26.856535+00:00,2
407,C_FSC025,1236,FSC,FSC025,FSC027,2868.46047413799,1,4,12,True,2025-10-16 23:35:26.856535+00:00,2,2025-10-16 23:35:26.856535+00:00,2
408,C_FSL005,1237,FSL,FSL005,MDOTA,8046.73609368279,1,4,12,True,2025-10-16 23:35:26.856535+00:00,2,2025-10-16 23:35:26.856535+00:00,2
409,C_FSL012,1238,FSL,FSL012,FSL005,11426.9880267386,1,4,12,True,2025-10-16 23:35:26.856535+00:00,2,2025-10-16 23:35:26.856535+00:00,2
410,C_FTR003,1239,FTR,FTR003,SAC083,4828.03201943451,1,4,12,True,2025-10-16 23:35:26.856535+00:00,2,2025-10-16 23:35:26.856535+00:00,2
411,C_FTR008,1240,FTR,FTR008,FTR003,8046.71997680753,1,4,12,True,2025-10-16 23:35:26.856535+00:00,2,2025-10-16 23:35:26.856535+00:00,2
412,C_FTR012,1241,FTR,FTR012,FTR008,7105.47728790372,1,4,12,True,2025-10-16 23:35:26.856535+00:00,2,2025-10-16 23:35:26.856535+00:00,2
413,C_FTR014,1242,FTR,FTR014,FTR012,1793.23846241107,1,4,12,True,2025-10-16 23:35:26.856535+00:00,2,2025-10-16 23:35:26.856535+00:00,2
414,C_FTR016,1243,FTR,FTR016,FTR014,3520.48650535619,1,4,12,True,2025-10-16 23:35:26.856535+00:00,2,2025-10-16 23:35:26.856535+00:00,2
415,C_FTR018,1244,FTR,FTR018,FTR016,4265.32452128515,1,4,12,True,2025-10-16 23:35:26.856535+00:00,2,2025-10-16 23:35:26.856535+00:00,2
416,C_FTR021,1245,FTR,FTR021,FTR018,4654.2420314397,1,4,12,True,2025-10-16 23:35:26.856535+00:00,2,2025-10-16 23:35:26.856535+00:00,2
417,C_FTR025,1246,FTR,FTR025,FTR021,6157.68706187051,1,4,12,True,2025-10-16 23:35:26.856535+00:00,2,2025-10-16 23:35:26.856535+00:00,2
418,C_FTR028,1247,FTR,FTR028,FTR025,4258.33072368134,1,4,12,True,2025-10-16 23:35:26.856535+00:00,2,2025-10-16 23:35:26.856535+00:00,2
419,C_FTR029,1248,FTR,FTR029,FTR028,1503.90483846209,1,4,12,True,2025-10-16 23:35:26.856535+00:00,2,2025-10-16 23:35:26.856535+00:00,2
420,C_FTR030,1249,FTR,FTR030,FTR029,2341.12752007736,1,4,12,True,2025-10-16 23:35:26.856535+00:00,2,2025-10-16 23:35:26.856535+00:00,2
421,C_FTR031,1250,FTR,FTR031,FTR030,414.717475664069,1,4,12,True,2025-10-16 23:35:26.856535+00:00,2,2025-10-16 23:35:26.856535+00:00,2
422,C_FTR036,1251,FTR,FTR036,FTR031,9047.09552626014,1,4,12,True,2025-10-16 23:35:26.856535+00:00,2,2025-10-16 23:35:26.856535+00:00,2
423,C_FTR039,1252,FTR,FTR039,FTR036,5400.3362316006,1,4,12,True,2025-10-16 23:35:26.856535+00:00,2,2025-10-16 23:35:26.856535+00:00,2
424,C_FTR045,1253,FTR,FTR045,FTR039,8776.90290896705,1,4,12,True,2025-10-16 23:35:26.856535+00:00,2,2025-10-16 23:35:26.856535+00:00,2
425,C_FTR048,1254,FTR,FTR048,FTR045,5134.88889580415,1,4,12,True,2025-10-16 23:35:26.856535+00:00,2,2025-10-16 23:35:26.856535+00:00,2
426,C_FTR051,1255,FTR,FTR051,FTR048,4828.1961748411,1,4,12,True,2025-10-16 23:35:26.856535+00:00,2,2025-10-16 23:35:26.856535+00:00,2
427,C_FTR053,1256,FTR,FTR053,FTR051,3218.52379899436,1,4,12,True,2025-10-16 23:35:26.856535+00:00,2,2025-10-16 23:35:26.856535+00:00,2
428,C_FTR059,1257,FTR,FTR059,FTR053,9914.99934364949,1,4,12,True,2025-10-16 23:35:26.856535+00:00,2,2025-10-16 23:35:26.856535+00:00,2
429,C_FTR063,1258,FTR,FTR063,FTR059,6178.4407374894,1,4,12,True,2025-10-16 23:35:26.856535+00:00,2,2025-10-16 23:35:26.856535+00:00,2
430,C_FTR067,1259,FTR,FTR067,FTR063,6437.59159761228,1,4,12,True,2025-10-16 23:35:26.856535+00:00,2,2025-10-16 23:35:26.856535+00:00,2
431,C_FTR068,1260,FTR,FTR068,FTR067,949.864727351537,1,4,12,True,2025-10-16 23:35:26.856535+00:00,2,2025-10-16 23:35:26.856535+00:00,2
432,C_FTR072,1261,FTR,FTR072,FTR068,6684.88628020926,1,4,12,True,2025-10-16 23:35:26.856535+00:00,2,2025-10-16 23:35:26.856535+00:00,2
433,C_FTR074,1262,FTR,FTR074,OROVL,2615.07590233993,1,4,12,True,2025-10-16 23:35:26.856535+00:00,2,2025-10-16 23:35:26.856535+00:00,2
434,C_GCC007,1263,GCC,GCC007,GCC010,4828.03195601187,1,4,12,True,2025-10-16 23:35:26.856535+00:00,2,2025-10-16 23:35:26.856535+00:00,2
435,C_GCC010,1264,GCC,GCC010,GCC015,8046.72003493417,1,4,12,True,2025-10-16 23:35:26.856535+00:00,2,2025-10-16 23:35:26.856535+00:00,2
436,C_GCC015,1265,GCC,GCC015,GCC022,11265.4080255974,1,4,12,True,2025-10-16 23:35:26.856535+00:00,2,2025-10-16 23:35:26.856535+00:00,2
437,C_GCC022,1266,GCC,GCC022,GCC027,8046.72001941126,1,4,12,True,2025-10-16 23:35:26.856535+00:00,2,2025-10-16 23:35:26.856535+00:00,2
438,C_GCC027,1267,GCC,GCC027,GCC032,8046.71997787976,1,4,12,True,2025-10-16 23:35:26.856535+00:00,2,2025-10-16 23:35:26.856535+00:00,2
439,C_GCC032,1268,GCC,GCC032,GCC036,6488.12156132075,1,4,12,True,2025-10-16 23:35:26.856535+00:00,2,2025-10-16 23:35:26.856535+00:00,2
440,C_GCC036,1269,GCC,GCC036,GCC039,4777.41191733171,1,4,12,True,2025-10-16 23:35:26.856535+00:00,2,2025-10-16 23:35:26.856535+00:00,2
441,C_GCC039,1270,GCC,GCC039,GCC042,4827.90648952306,1,4,12,True,2025-10-16 23:35:26.856535+00:00,2,2025-10-16 23:35:26.856535+00:00,2
442,C_GCC042,1271,GCC,GCC042,GCC046,6437.37597552619,1,4,12,True,2025-10-16 23:35:26.856535+00:00,2,2025-10-16 23:35:26.856535+00:00,2
443,C_GCC046,1272,GCC,GCC046,GCC050,6437.37600846241,1,4,12,True,2025-10-16 23:35:26.856535+00:00,2,2025-10-16 23:35:26.856535+00:00,2
444,C_GCC050,1273,GCC,GCC050,GCC056,8967.9664884922,1,4,12,True,2025-10-16 23:35:26.856535+00:00,2,2025-10-16 23:35:26.856535+00:00,2
445,C_GCC056,1274,GCC,GCC056,GCC060,7125.47360254253,1,4,12,True,2025-10-16 23:35:26.856535+00:00,2,2025-10-16 23:35:26.856535+00:00,2
446,C_GCC060,1275,GCC,GCC060,GCC065,8046.71995716842,1,4,12,True,2025-10-16 23:35:26.856535+00:00,2,2025-10-16 23:35:26.856535+00:00,2
447,C_GCC065,1276,GCC,GCC065,CBD031,4401.55433428559,1,4,12,True,2025-10-16 23:35:26.856535+00:00,2,2025-10-16 23:35:26.856535+00:00,2
448,C_GERLE,1277,GERLE,GERLE,SFR005,1918.31368708532,1,4,12,True,2025-10-16 23:35:26.856535+00:00,2,2025-10-16 23:35:26.856535+00:00,2
449,C_GFT003,1278,GFT,GFT003,NFF038,401.74292249746,1,4,12,True,2025-10-16 23:35:26.856535+00:00,2,2025-10-16 23:35:26.856535+00:00,2
450,C_GRL010,1280,GRL,GRL010,GERLE,14356.0030315826,1,4,12,True,2025-10-16 23:35:26.856535+00:00,2,2025-10-16 23:35:26.856535+00:00,2
451,C_GRT003,1281,GRT,GRT003,GZL009,67.204377519138,1,4,12,True,2025-10-16 23:35:26.856535+00:00,2,2025-10-16 23:35:26.856535+00:00,2
452,C_GRZ012,1282,GRZ,GRZ012,XCC054,12869.9281160329,1,4,12,True,2025-10-16 23:35:26.856535+00:00,2,2025-10-16 23:35:26.856535+00:00,2
453,C_GZL007,1283,GZL,GZL007,NFF034,11687.4047181693,1,4,12,True,2025-10-16 23:35:26.856535+00:00,2,2025-10-16 23:35:26.856535+00:00,2
454,C_GZL008,1284,GZL,GZL008,GZL007,378.73609175918,1,4,12,True,2025-10-16 23:35:26.856535+00:00,2,2025-10-16 23:35:26.856535+00:00,2
455,C_GZL009,1285,GZL,GZL009,GZL008,1154.17297138022,1,4,12,True,2025-10-16 23:35:26.856535+00:00,2,2025-10-16 23:35:26.856535+00:00,2
456,C_HHOLE,1290,HHOLE,HHOLE,RUB031,222.203215306317,1,4,12,True,2025-10-16 23:35:26.856535+00:00,2,2025-10-16 23:35:26.856535+00:00,2
457,C_HKC002,1291,HKC,HKC002,TTC000,9877.6184658564,1,4,12,True,2025-10-16 23:35:26.856535+00:00,2,2025-10-16 23:35:26.856535+00:00,2
458,C_HNSLY,1293,HNSLY,HNSLY,FRS048,1650.16659528041,1,4,12,True,2025-10-16 23:35:26.856535+00:00,2,2025-10-16 23:35:26.856535+00:00,2
459,C_HON004,1294,HON,HON004,FTR045,6011.52341626476,1,4,12,True,2025-10-16 23:35:26.856535+00:00,2,2025-10-16 23:35:26.856535+00:00,2
460,C_HON021,1295,HON,HON021,HON004,26949.8369753964,1,4,12,True,2025-10-16 23:35:26.856535+00:00,2,2025-10-16 23:35:26.856535+00:00,2
461,C_HTCHY,1298,HTCHY,HTCHY,TUO116,1773.39994697668,1,4,12,True,2025-10-16 23:35:26.856535+00:00,2,2025-10-16 23:35:26.856535+00:00,2
462,C_ICEHS,1299,ICEHS,ICEHS,SFS013,776.599720403406,1,4,12,True,2025-10-16 23:35:26.856535+00:00,2,2025-10-16 23:35:26.856535+00:00,2
463,C_IHT002,1300,IHT,IHT002,UNVLY,6102.39718561876,1,4,12,True,2025-10-16 23:35:26.856535+00:00,2,2025-10-16 23:35:26.856535+00:00,2
464,C_INDVL,1301,INDVL,INDVL,NFC013,613.481631099002,1,4,12,True,2025-10-16 23:35:26.856535+00:00,2,2025-10-16 23:35:26.856535+00:00,2
465,C_ING008,1302,ING,ING008,SJR075,16475.2563626973,1,4,12,True,2025-10-16 23:35:26.856535+00:00,2,2025-10-16 23:35:26.856535+00:00,2
466,C_JBC000,1303,JBC,JBC000,JBC002,2913.46159233012,1,4,12,True,2025-10-16 23:35:26.856535+00:00,2,2025-10-16 23:35:26.856535+00:00,2
467,C_JBC002,1304,JBC,JBC002,JBC004,3631.97016254919,1,4,12,True,2025-10-16 23:35:26.856535+00:00,2,2025-10-16 23:35:26.856535+00:00,2
468,C_JBC004,1305,JBC,JBC004,JBC008,10367.6340056321,1,4,12,True,2025-10-16 23:35:26.856535+00:00,2,2025-10-16 23:35:26.856535+00:00,2
469,C_JBC008,1306,JBC,JBC008,SEC009,10007.7072006181,1,4,12,True,2025-10-16 23:35:26.856535+00:00,2,2025-10-16 23:35:26.856535+00:00,2
470,C_JBP006,1307,JBP,JBP006,FSL012,9656.18135820796,1,4,12,True,2025-10-16 23:35:26.856535+00:00,2,2025-10-16 23:35:26.856535+00:00,2
471,C_JBT004,1308,JBT,JBT004,SLV007,23.6499078757616,1,4,12,True,2025-10-16 23:35:26.856535+00:00,2,2025-10-16 23:35:26.856535+00:00,2
472,C_JCK002,1309,JCK,JCK002,FTR030,3510.60323527851,1,4,12,True,2025-10-16 23:35:26.856535+00:00,2,2025-10-16 23:35:26.856535+00:00,2
473,C_JKSMD,1310,JKSMD,JKSMD,MFY046,1168.25398803238,1,4,12,True,2025-10-16 23:35:26.856535+00:00,2,2025-10-16 23:35:26.856535+00:00,2
474,C_JNKSN,1311,JNKSN,JNKSN,CMP005,6342.2027943661,1,4,12,True,2025-10-16 23:35:26.856535+00:00,2,2025-10-16 23:35:26.856535+00:00,2
475,C_JWB001,1312,JWB,JWB001,TUO102,1366.61381504347,1,4,12,True,2025-10-16 23:35:26.856535+00:00,2,2025-10-16 23:35:26.856535+00:00,2
476,C_JWS004,1313,JWS,JWS004,MFS013,962.535203923179,1,4,12,True,2025-10-16 23:35:26.856535+00:00,2,2025-10-16 23:35:26.856535+00:00,2
477,C_KLR005,1314,KLR,KLR005,KLR006,2372.92543411989,1,4,12,True,2025-10-16 23:35:26.856535+00:00,2,2025-10-16 23:35:26.856535+00:00,2
478,C_KLR006,1315,KLR,KLR006,YBP034,1517.3727363969,1,4,12,True,2025-10-16 23:35:26.856535+00:00,2,2025-10-16 23:35:26.856535+00:00,2
479,C_KSWCK,1320,KSWCK,KSWCK,SAC299,1213.58765475222,1,4,12,True,2025-10-16 23:35:26.856535+00:00,2,2025-10-16 23:35:26.856535+00:00,2
480,C_LBC001,1321,LBC,LBC001,LBC010,14484.2724136967,1,4,12,True,2025-10-16 23:35:26.856535+00:00,2,2025-10-16 23:35:26.856535+00:00,2
481,C_LBC010,1322,LBC,LBC010,LBC030,32230.1093711634,1,4,12,True,2025-10-16 23:35:26.856535+00:00,2,2025-10-16 23:35:26.856535+00:00,2
482,C_LBC030,1323,LBC,LBC030,LBC032,3081.36768541493,1,4,12,True,2025-10-16 23:35:26.856535+00:00,2,2025-10-16 23:35:26.856535+00:00,2
483,C_LBC032,1325,LBC,LBC032,LBC038,9506.43887271965,1,4,12,True,2025-10-16 23:35:26.856535+00:00,2,2025-10-16 23:35:26.856535+00:00,2
484,C_LBC038,1326,LBC,LBC038,LBC040,2948.42394424455,1,4,12,True,2025-10-16 23:35:26.856535+00:00,2,2025-10-16 23:35:26.856535+00:00,2
485,C_LBC040,1327,LBC,LBC040,LBC043,4724.56863736911,1,4,12,True,2025-10-16 23:35:26.856535+00:00,2,2025-10-16 23:35:26.856535+00:00,2
486,C_LBC043,1328,LBC,LBC043,LBC049,10274.271398828,1,4,12,True,2025-10-16 23:35:26.856535+00:00,2,2025-10-16 23:35:26.856535+00:00,2
487,C_LBC049,1330,LBC,LBC049,SCR002,16318.7883354036,1,4,12,True,2025-10-16 23:35:26.856535+00:00,2,2025-10-16 23:35:26.856535+00:00,2
488,C_LBEAR,1331,LBEAR,LBEAR,BRV005,475.221473676068,1,4,12,True,2025-10-16 23:35:26.856535+00:00,2,2025-10-16 23:35:26.856535+00:00,2
489,C_LBN008,1332,LBN,LBN008,MSN004,12781.5276868464,1,4,12,True,2025-10-16 23:35:26.856535+00:00,2,2025-10-16 23:35:26.856535+00:00,2
490,C_LBN012,1333,LBN,LBN012,LBN008,6111.68082107333,1,4,12,True,2025-10-16 23:35:26.856535+00:00,2,2025-10-16 23:35:26.856535+00:00,2
491,C_LBN025,1334,LBN,LBN025,LBN012,21343.4548572043,1,4,12,True,2025-10-16 23:35:26.856535+00:00,2,2025-10-16 23:35:26.856535+00:00,2
492,C_LBR002,1335,LBR,LBR002,BRR061,3482.21139933183,1,4,12,True,2025-10-16 23:35:26.856535+00:00,2,2025-10-16 23:35:26.856535+00:00,2
493,C_LBUCK,1336,LBUCK,LBUCK,BUK007,1714.3224746949,1,4,12,True,2025-10-16 23:35:26.856535+00:00,2,2025-10-16 23:35:26.856535+00:00,2
494,C_LCA001,1337,LCA,LCA001,TUO105,3627.70706035923,1,4,12,True,2025-10-16 23:35:26.856535+00:00,2,2025-10-16 23:35:26.856535+00:00,2
495,C_LCBRF,1338,LCBRF,LCBRF,TFR000,3687.63750296198,1,4,12,True,2025-10-16 23:35:26.856535+00:00,2,2025-10-16 23:35:26.856535+00:00,2
496,C_LCC016,1339,LCC,LCC016,BTC012,25750.3008357389,1,4,12,True,2025-10-16 23:35:26.856535+00:00,2,2025-10-16 23:35:26.856535+00:00,2
497,C_LCC024,1340,LCC,LCC024,LCC016,12559.4183906788,1,4,12,True,2025-10-16 23:35:26.856535+00:00,2,2025-10-16 23:35:26.856535+00:00,2
498,C_LCC026,1341,LCC,LCC026,LCC024,3534.21743828579,1,4,12,True,2025-10-16 23:35:26.856535+00:00,2,2025-10-16 23:35:26.856535+00:00,2
499,C_LCC029,1342,LCC,LCC029,LCC026,8046.81786419032,1,4,12,True,2025-10-16 23:35:26.856535+00:00,2,2025-10-16 23:35:26.856535+00:00,2
500,C_LCC038,1343,LCC,LCC038,LCC029,10880.548048466,1,4,12,True,2025-10-16 23:35:26.856535+00:00,2,2025-10-16 23:35:26.856535+00:00,2
501,C_LDC007,1344,LDC,LDC007,BTC016,11970.9220546446,1,4,12,True,2025-10-16 23:35:26.856535+00:00,2,2025-10-16 23:35:26.856535+00:00,2
502,C_LDC021,1345,LDC,LDC021,LDC007,21087.0352571947,1,4,12,True,2025-10-16 23:35:26.856535+00:00,2,2025-10-16 23:35:26.856535+00:00,2
503,C_LDC029,1346,LDC,LDC029,LDC021,13433.3014082406,1,4,12,True,2025-10-16 23:35:26.856535+00:00,2,2025-10-16 23:35:26.856535+00:00,2
504,C_LGRSV,1347,LGRSV,LGRSV,SFF039,256.005779988617,1,4,12,True,2025-10-16 23:35:26.856535+00:00,2,2025-10-16 23:35:26.856535+00:00,2
505,C_LJC010,1348,LJC,LJC010,FCS007,23234.365578864,1,4,12,True,2025-10-16 23:35:26.856535+00:00,2,2025-10-16 23:35:26.856535+00:00,2
506,C_LJC022,1349,LJC,LJC022,LJC010,12945.9156417073,1,4,12,True,2025-10-16 23:35:26.856535+00:00,2,2025-10-16 23:35:26.856535+00:00,2
507,C_LKVLY,1350,LKVLY,LKVLY,NNA013,4688.49279483084,1,4,12,True,2025-10-16 23:35:26.856535+00:00,2,2025-10-16 23:35:26.856535+00:00,2
508,C_LLC007,1351,LLC,LLC007,NLL016,11742.4294526978,1,4,12,True,2025-10-16 23:35:26.856535+00:00,2,2025-10-16 23:35:26.856535+00:00,2
509,C_LLT000,1353,LLT,LLT000,GERLE,6341.21230714803,1,4,12,True,2025-10-16 23:35:26.856535+00:00,2,2025-10-16 23:35:26.856535+00:00,2
510,C_LNG012,1354,LNG,LNG012,RUB004,18834.3212305197,1,4,12,True,2025-10-16 23:35:26.856535+00:00,2,2025-10-16 23:35:26.856535+00:00,2
511,C_LOONL,1355,LOONL,LOONL,GRL010,555.783990709658,1,4,12,True,2025-10-16 23:35:26.856535+00:00,2,2025-10-16 23:35:26.856535+00:00,2
512,C_LOSVQ,1356,LOSVQ,LOSVQ,OMR018,13279.3734091304,1,4,12,True,2025-10-16 23:35:26.856535+00:00,2,2025-10-16 23:35:26.856535+00:00,2
513,C_LPC007,1357,LPC,LPC007,LPC000,14261.7342290963,1,4,12,True,2025-10-16 23:35:26.856535+00:00,2,2025-10-16 23:35:26.856535+00:00,2
514,C_LRB003,1358,LRB,LRB003,RUB041,4667.45534567632,1,4,12,True,2025-10-16 23:35:26.856535+00:00,2,2025-10-16 23:35:26.856535+00:00,2
515,C_LRB004,1359,LRB,LRB004,LRB003,43.0723672296981,1,4,12,True,2025-10-16 23:35:26.856535+00:00,2,2025-10-16 23:35:26.856535+00:00,2
516,C_LRB005,1360,LRB,LRB005,LRB004,2748.86514594565,1,4,12,True,2025-10-16 23:35:26.856535+00:00,2,2025-10-16 23:35:26.856535+00:00,2
517,C_LRT000,1361,LRT,LRT000,OGN005,6089.69991093228,1,4,12,True,2025-10-16 23:35:26.856535+00:00,2,2025-10-16 23:35:26.856535+00:00,2
518,C_LST003,1362,LST,LST003,SFF020,5413.11707345297,1,4,12,True,2025-10-16 23:35:26.856535+00:00,2,2025-10-16 23:35:26.856535+00:00,2
519,C_LST004,1363,LST,LST004,LST003,481.082877381115,1,4,12,True,2025-10-16 23:35:26.856535+00:00,2,2025-10-16 23:35:26.856535+00:00,2
520,C_LST007,1364,LST,LST007,SLYCK,3857.24366667779,1,4,12,True,2025-10-16 23:35:26.856535+00:00,2,2025-10-16 23:35:26.856535+00:00,2
521,C_LVC001,1365,LVC,LVC001,DRM002,2340.65572544793,1,4,12,True,2025-10-16 23:35:26.856535+00:00,2,2025-10-16 23:35:26.856535+00:00,2
522,C_LVP007,1366,LVP,LVP007,CCC007,3174.19405583177,1,4,12,True,2025-10-16 23:35:26.856535+00:00,2,2025-10-16 23:35:26.856535+00:00,2
523,C_LWSTN,1367,LWSTN,LWSTN,TRN111,2003.55865665765,1,4,12,True,2025-10-16 23:35:26.856535+00:00,2,2025-10-16 23:35:26.856535+00:00,2
524,C_LYONS,1368,LYONS,LYONS,SSR019,254.986219064838,1,4,12,True,2025-10-16 23:35:26.856535+00:00,2,2025-10-16 23:35:26.856535+00:00,2
525,C_MAQ001,1370,MAQ,MAQ001,MAQ012,16429.9960523322,1,4,12,True,2025-10-16 23:35:26.856535+00:00,2,2025-10-16 23:35:26.856535+00:00,2
526,C_MAQ012,1371,MAQ,MAQ012,MAQ057,72918.0200361608,1,4,12,True,2025-10-16 23:35:26.856535+00:00,2,2025-10-16 23:35:26.856535+00:00,2
527,C_MBT005,1373,MBT,MBT005,BOWMN,4147.41792379088,1,4,12,True,2025-10-16 23:35:26.856535+00:00,2,2025-10-16 23:35:26.856535+00:00,2
528,C_MCD002,1374,MCD,MCD002,SJR116,3929.54110865692,1,4,12,True,2025-10-16 23:35:26.856535+00:00,2,2025-10-16 23:35:26.856535+00:00,2
529,C_MCD005,1375,MCD,MCD005,MCD002,4108.90391096041,1,4,12,True,2025-10-16 23:35:26.856535+00:00,2,2025-10-16 23:35:26.856535+00:00,2
530,C_MCD009,1376,MCD,MCD009,MCD005,6437.38892681427,1,4,12,True,2025-10-16 23:35:26.856535+00:00,2,2025-10-16 23:35:26.856535+00:00,2
531,C_MCD014,1377,MCD,MCD014,MCD009,8046.73604121327,1,4,12,True,2025-10-16 23:35:26.856535+00:00,2,2025-10-16 23:35:26.856535+00:00,2
532,C_MCD018,1378,MCD,MCD018,MCD014,5652.06837836966,1,4,12,True,2025-10-16 23:35:26.856535+00:00,2,2025-10-16 23:35:26.856535+00:00,2
533,C_MCD021,1379,MCD,MCD021,MCD018,5613.36219018436,1,4,12,True,2025-10-16 23:35:26.856535+00:00,2,2025-10-16 23:35:26.856535+00:00,2
534,C_MCD028,1380,MCD,MCD028,MCD021,11396.0581746085,1,4,12,True,2025-10-16 23:35:26.856535+00:00,2,2025-10-16 23:35:26.856535+00:00,2
535,C_MCD032,1381,MCD,MCD032,MCD028,6474.68631285839,1,4,12,True,2025-10-16 23:35:26.856535+00:00,2,2025-10-16 23:35:26.856535+00:00,2
536,C_MCD033,1382,MCD,MCD033,MCD032,1076.67486346626,1,4,12,True,2025-10-16 23:35:26.856535+00:00,2,2025-10-16 23:35:26.856535+00:00,2
537,C_MCD036,1383,MCD,MCD036,MCD033,5192.78887251395,1,4,12,True,2025-10-16 23:35:26.856535+00:00,2,2025-10-16 23:35:26.856535+00:00,2
538,C_MCD042,1384,MCD,MCD042,MCD036,9656.08337866729,1,4,12,True,2025-10-16 23:35:26.856535+00:00,2,2025-10-16 23:35:26.856535+00:00,2
539,C_MCD046,1385,MCD,MCD046,MCD042,7149.10668463822,1,4,12,True,2025-10-16 23:35:26.856535+00:00,2,2025-10-16 23:35:26.856535+00:00,2
540,C_MCD048,1386,MCD,MCD048,MCD046,2506.97659220048,1,4,12,True,2025-10-16 23:35:26.856535+00:00,2,2025-10-16 23:35:26.856535+00:00,2
541,C_MCD050,1387,MCD,MCD050,MCD048,3859.72342951099,1,4,12,True,2025-10-16 23:35:26.856535+00:00,2,2025-10-16 23:35:26.856535+00:00,2
542,C_MCD052,1388,MCD,MCD052,MCD050,2845.76270057979,1,4,12,True,2025-10-16 23:35:26.856535+00:00,2,2025-10-16 23:35:26.856535+00:00,2
543,C_MCD054,1389,MCD,MCD054,MCD052,4134.71871309814,1,4,12,True,2025-10-16 23:35:26.856535+00:00,2,2025-10-16 23:35:26.856535+00:00,2
544,C_MCD055,1390,MCD,MCD055,MCD054,265.316646944027,1,4,12,True,2025-10-16 23:35:26.856535+00:00,2,2025-10-16 23:35:26.856535+00:00,2
545,C_MCD056,1391,MCD,MCD056,MCD055,1769.2561976236,1,4,12,True,2025-10-16 23:35:26.856535+00:00,2,2025-10-16 23:35:26.856535+00:00,2
546,C_MCD080,1392,MCD,MCD080,MCLRE,27594.0923697103,1,4,12,True,2025-10-16 23:35:26.856535+00:00,2,2025-10-16 23:35:26.856535+00:00,2
547,C_MCD086,1393,MCD,MCD086,MCD080,9900.06307587236,1,4,12,True,2025-10-16 23:35:26.856535+00:00,2,2025-10-16 23:35:26.856535+00:00,2
548,C_MCD096,1394,MCD,MCD096,MCD086,16803.7205065939,1,4,12,True,2025-10-16 23:35:26.856535+00:00,2,2025-10-16 23:35:26.856535+00:00,2
549,C_MCD102,1395,MCD,MCD102,MCD096,9907.64542993318,1,4,12,True,2025-10-16 23:35:26.856535+00:00,2,2025-10-16 23:35:26.856535+00:00,2
550,C_MCD119,1396,MCD,MCD119,MCD102,27068.1533922019,1,4,12,True,2025-10-16 23:35:26.856535+00:00,2,2025-10-16 23:35:26.856535+00:00,2
551,C_MCD128,1397,MCD,MCD128,MCD119,14935.631306528,1,4,12,True,2025-10-16 23:35:26.856535+00:00,2,2025-10-16 23:35:26.856535+00:00,2
552,C_MCLRE,1398,MCLRE,MCLRE,MCD056,10170.5082292683,1,4,12,True,2025-10-16 23:35:26.856535+00:00,2,2025-10-16 23:35:26.856535+00:00,2
553,C_MDC006,1400,MDC,MDC006,MDC019,20362.6010158388,1,4,12,True,2025-10-16 23:35:26.856535+00:00,2,2025-10-16 23:35:26.856535+00:00,2
554,C_MDC019,1401,MDC,MDC019,MDC032,21202.5438032863,1,4,12,True,2025-10-16 23:35:26.856535+00:00,2,2025-10-16 23:35:26.856535+00:00,2
555,C_MDC032,1402,MDC,MDC032,CHW028,6254.4729748486,1,4,12,True,2025-10-16 23:35:26.856535+00:00,2,2025-10-16 23:35:26.856535+00:00,2
556,C_MDOTA,1403,MDOTA,MDOTA,SJR201,2979.25588059798,1,4,12,True,2025-10-16 23:35:26.856535+00:00,2,2025-10-16 23:35:26.856535+00:00,2
557,C_MDS003,1404,MDS,MDS003,MDSTO,21455.8730355639,1,4,12,True,2025-10-16 23:35:26.856535+00:00,2,2025-10-16 23:35:26.856535+00:00,2
558,C_MELON,1405,MELON,MELON,STS069,574.068025871659,1,4,12,True,2025-10-16 23:35:26.856535+00:00,2,2025-10-16 23:35:26.856535+00:00,2
559,C_MERLC,1406,MERLC,MERLC,FDC006,10275.2359825822,1,4,12,True,2025-10-16 23:35:26.856535+00:00,2,2025-10-16 23:35:26.856535+00:00,2
560,C_MFA001,1407,MFA,MFA001,NFA019,2290.88638266127,1,4,12,True,2025-10-16 23:35:26.856535+00:00,2,2025-10-16 23:35:26.856535+00:00,2
561,C_MFA023,1408,MFA,MFA023,MFA001,34847.7831611938,1,4,12,True,2025-10-16 23:35:26.856535+00:00,2,2025-10-16 23:35:26.856535+00:00,2
562,C_MFA024,1409,MFA,MFA024,MFA023,1788.03171689452,1,4,12,True,2025-10-16 23:35:26.856535+00:00,2,2025-10-16 23:35:26.856535+00:00,2
563,C_MFA025,1410,MFA,MFA025,MFA024,1020.69209463103,1,4,12,True,2025-10-16 23:35:26.856535+00:00,2,2025-10-16 23:35:26.856535+00:00,2
564,C_MFA026,1411,MFA,MFA026,MFA025,1458.10464804011,1,4,12,True,2025-10-16 23:35:26.856535+00:00,2,2025-10-16 23:35:26.856535+00:00,2
565,C_MFA035,1412,MFA,MFA035,MFA026,16272.740555293,1,4,12,True,2025-10-16 23:35:26.856535+00:00,2,2025-10-16 23:35:26.856535+00:00,2
566,C_MFA036,1413,MFA,MFA036,MFA035,96.7772722887062,1,4,12,True,2025-10-16 23:35:26.856535+00:00,2,2025-10-16 23:35:26.856535+00:00,2
567,C_MFA037,1414,MFA,MFA037,MFA036,597.003945948921,1,4,12,True,2025-10-16 23:35:26.856535+00:00,2,2025-10-16 23:35:26.856535+00:00,2
568,C_MFA038,1415,MFA,MFA038,MFA037,111.079425745504,1,4,12,True,2025-10-16 23:35:26.856535+00:00,2,2025-10-16 23:35:26.856535+00:00,2
569,C_MFA040,1416,MFA,MFA040,MFA038,5971.01142678148,1,4,12,True,2025-10-16 23:35:26.856535+00:00,2,2025-10-16 23:35:26.856535+00:00,2
570,C_MFA047,1417,MFA,FRMDW,MFA047,11607.6060386062,1,4,12,True,2025-10-16 23:35:26.856535+00:00,2,2025-10-16 23:35:26.856535+00:00,2
571,C_MFF019,1419,MFF,MFF019,SFF002,30435.4663381516,1,4,12,True,2025-10-16 23:35:26.856535+00:00,2,2025-10-16 23:35:26.856535+00:00,2
572,C_MFF087,1420,MFF,MFF087,MFF019,110024.53414722,1,4,12,True,2025-10-16 23:35:26.856535+00:00,2,2025-10-16 23:35:26.856535+00:00,2
573,C_MFF088,1421,MFF,MFF088,MFF087,1690.1672721206,1,4,12,True,2025-10-16 23:35:26.856535+00:00,2,2025-10-16 23:35:26.856535+00:00,2
574,C_MFF095,1422,MFF,MFF095,MFF088,10309.6270453859,1,4,12,True,2025-10-16 23:35:26.856535+00:00,2,2025-10-16 23:35:26.856535+00:00,2
575,C_MFM001,1423,MFM,MFM001,MOK088,2319.04394651284,1,4,12,True,2025-10-16 23:35:26.856535+00:00,2,2025-10-16 23:35:26.856535+00:00,2
576,C_MFM006,1424,MFM,MFM006,MFM001,7477.84844167165,1,4,12,True,2025-10-16 23:35:26.856535+00:00,2,2025-10-16 23:35:26.856535+00:00,2
577,C_MFM007,1425,MFM,MFM007,MFM006,1126.47959571863,1,4,12,True,2025-10-16 23:35:26.856535+00:00,2,2025-10-16 23:35:26.856535+00:00,2
578,C_MFM008,1426,MFM,MFM008,MFM007,2399.64472876178,1,4,12,True,2025-10-16 23:35:26.856535+00:00,2,2025-10-16 23:35:26.856535+00:00,2
579,C_MFS012,1427,MFS,MFS012,STN093,20067.655894906,1,4,12,True,2025-10-16 23:35:26.856535+00:00,2,2025-10-16 23:35:26.856535+00:00,2
580,C_MFS013,1428,MFS,MFS013,MFS012,58.3133519911839,1,4,12,True,2025-10-16 23:35:26.856535+00:00,2,2025-10-16 23:35:26.856535+00:00,2
581,C_MFS014,1429,MFS,MFS014,MFS013,1593.21919682647,1,4,12,True,2025-10-16 23:35:26.856535+00:00,2,2025-10-16 23:35:26.856535+00:00,2
582,C_MFS015,1430,MFS,MFS015,MFS014,2931.30362107455,1,4,12,True,2025-10-16 23:35:26.856535+00:00,2,2025-10-16 23:35:26.856535+00:00,2
583,C_MFS016,1431,MFS,MFS016,MFS015,1438.55803778062,1,4,12,True,2025-10-16 23:35:26.856535+00:00,2,2025-10-16 23:35:26.856535+00:00,2
584,C_MFS017,1432,MFS,MFS017,MFS016,900.016784846103,1,4,12,True,2025-10-16 23:35:26.856535+00:00,2,2025-10-16 23:35:26.856535+00:00,2
585,C_MFS021,1433,MFS,MFS021,BEARD,6122.34699739065,1,4,12,True,2025-10-16 23:35:26.856535+00:00,2,2025-10-16 23:35:26.856535+00:00,2
586,C_MFS022,1434,MFS,MFS022,MFS021,361.471185112371,1,4,12,True,2025-10-16 23:35:26.856535+00:00,2,2025-10-16 23:35:26.856535+00:00,2
587,C_MFS035,1435,MFS,MFS035,DONLL,8931.43943738434,1,4,12,True,2025-10-16 23:35:26.856535+00:00,2,2025-10-16 23:35:26.856535+00:00,2
588,C_MFS047,1437,MFS,MFS047,MFS035,18480.8921176021,1,4,12,True,2025-10-16 23:35:26.856535+00:00,2,2025-10-16 23:35:26.856535+00:00,2
589,C_MFS048,1438,MFS,MFS048,MFS045,1203.16499434712,1,4,12,True,2025-10-16 23:35:26.856535+00:00,2,2025-10-16 23:35:26.856535+00:00,2
590,C_MFT000,1439,MFT,MFT000,SFT002,1325.68480053014,1,4,12,True,2025-10-16 23:35:26.856535+00:00,2,2025-10-16 23:35:26.856535+00:00,2
591,C_MFT003,1440,MFT,MFT003,MFT004,1499.30280908418,1,4,12,True,2025-10-16 23:35:26.856535+00:00,2,2025-10-16 23:35:26.856535+00:00,2
592,C_MFT004,1441,MFT,MFT004,MFT011,11020.6581803713,1,4,12,True,2025-10-16 23:35:26.856535+00:00,2,2025-10-16 23:35:26.856535+00:00,2
593,C_MFT011,1442,MFT,MFT011,MFA037,59.6063148544173,1,4,12,True,2025-10-16 23:35:26.856535+00:00,2,2025-10-16 23:35:26.856535+00:00,2
594,C_MFY005,1443,MFY,MFY005,YUB039,7351.50266987405,1,4,12,True,2025-10-16 23:35:26.856535+00:00,2,2025-10-16 23:35:26.856535+00:00,2
595,C_MFY012,1444,MFY,MFY012,MFY005,12274.0378609472,1,4,12,True,2025-10-16 23:35:26.856535+00:00,2,2025-10-16 23:35:26.856535+00:00,2
596,C_MFY013,1445,MFY,MFY013,MFY012,158.872753235534,1,4,12,True,2025-10-16 23:35:26.856535+00:00,2,2025-10-16 23:35:26.856535+00:00,2
597,C_MFY044,1446,MFY,MFY044,JKSMD,50703.4202753028,1,4,12,True,2025-10-16 23:35:26.856535+00:00,2,2025-10-16 23:35:26.856535+00:00,2
598,C_MFY045,1447,MFY,MFY045,MFY044,96.2595354786738,1,4,12,True,2025-10-16 23:35:26.856535+00:00,2,2025-10-16 23:35:26.856535+00:00,2
599,C_MFY046,1448,MFY,MFY046,MFY045,2216.67221357995,1,4,12,True,2025-10-16 23:35:26.856535+00:00,2,2025-10-16 23:35:26.856535+00:00,2
600,C_MIL002,1449,MIL,,,3819.7124833828,1,4,12,True,2025-10-16 23:35:26.856535+00:00,2,2025-10-16 23:35:26.856535+00:00,2
601,C_MIL003,1450,MIL,,,67.9494162954003,1,4,12,True,2025-10-16 23:35:26.856535+00:00,2,2025-10-16 23:35:26.856535+00:00,2
602,C_MLC004,1452,MLC,MLC004,SAC228,6437.37601617424,1,4,12,True,2025-10-16 23:35:26.856535+00:00,2,2025-10-16 23:35:26.856535+00:00,2
603,C_MLC006,1453,MLC,MLC006,MLC004,2703.7981070152,1,4,12,True,2025-10-16 23:35:26.856535+00:00,2,2025-10-16 23:35:26.856535+00:00,2
604,C_MLRTN,1454,MLRTN,MLRTN,SJR265,256.867035959378,1,4,12,True,2025-10-16 23:35:26.856535+00:00,2,2025-10-16 23:35:26.856535+00:00,2
605,C_MNS000,1455,MNS,MNS000,SAC207,23738.1723543105,1,4,12,True,2025-10-16 23:35:26.856535+00:00,2,2025-10-16 23:35:26.856535+00:00,2
606,C_MOC003,1459,MOC,MOC003,TUO073,4474.38306311703,1,4,12,True,2025-10-16 23:35:26.856535+00:00,2,2025-10-16 23:35:26.856535+00:00,2
607,C_MOK004,1460,MOK,MOK004,SJR022,5852.30851503925,1,4,12,True,2025-10-16 23:35:26.856535+00:00,2,2025-10-16 23:35:26.856535+00:00,2
608,C_MOK014,1461,MOK,MOK014,MOK004,16953.8977748375,1,4,12,True,2025-10-16 23:35:26.856535+00:00,2,2025-10-16 23:35:26.856535+00:00,2
609,C_MOK019,1462,MOK,MOK019,MOK014,7822.22985779719,1,4,12,True,2025-10-16 23:35:26.856535+00:00,2,2025-10-16 23:35:26.856535+00:00,2
610,C_MOK022,1463,MOK,MOK022,MOK019,4258.55330081545,1,4,12,True,2025-10-16 23:35:26.856535+00:00,2,2025-10-16 23:35:26.856535+00:00,2
611,C_MOK028,1464,MOK,MOK028,MOK022,10174.6427803222,1,4,12,True,2025-10-16 23:35:26.856535+00:00,2,2025-10-16 23:35:26.856535+00:00,2
612,C_MOK033,1465,MOK,MOK033,MOK028,7387.27752122594,1,4,12,True,2025-10-16 23:35:26.856535+00:00,2,2025-10-16 23:35:26.856535+00:00,2
613,C_MOK034,1466,MOK,MOK034,MOK033,1615.57334267237,1,4,12,True,2025-10-16 23:35:26.856535+00:00,2,2025-10-16 23:35:26.856535+00:00,2
614,C_MOK035,1467,MOK,MOK035,MOK034,1241.33483253939,1,4,12,True,2025-10-16 23:35:26.856535+00:00,2,2025-10-16 23:35:26.856535+00:00,2
615,C_MOK039,1468,MOK,MOK039,MOK035,5715.24227390393,1,4,12,True,2025-10-16 23:35:26.856535+00:00,2,2025-10-16 23:35:26.856535+00:00,2
616,C_MOK044,1469,MOK,MOK044,MOK039,9790.07625447788,1,4,12,True,2025-10-16 23:35:26.856535+00:00,2,2025-10-16 23:35:26.856535+00:00,2
617,C_MOK050,1470,MOK,MOK050,MOK044,9656.06388222694,1,4,12,True,2025-10-16 23:35:26.856535+00:00,2,2025-10-16 23:35:26.856535+00:00,2
618,C_MOK055,1471,MOK,MOK055,MOK050,8046.71995671398,1,4,12,True,2025-10-16 23:35:26.856535+00:00,2,2025-10-16 23:35:26.856535+00:00,2
619,C_MOK057,1472,MOK,MOK057,MOK055,3218.87116637898,1,4,12,True,2025-10-16 23:35:26.856535+00:00,2,2025-10-16 23:35:26.856535+00:00,2
620,C_MOK079,1473,MOK,MOK079,PARDE,15093.3341926824,1,4,12,True,2025-10-16 23:35:26.856535+00:00,2,2025-10-16 23:35:26.856535+00:00,2
621,C_MOK082,1474,MOK,MOK082,MOK079,5551.41305886525,1,4,12,True,2025-10-16 23:35:26.856535+00:00,2,2025-10-16 23:35:26.856535+00:00,2
622,C_MOK088,1475,MOK,MOK088,MOK082,8691.2063647305,1,4,12,True,2025-10-16 23:35:26.856535+00:00,2,2025-10-16 23:35:26.856535+00:00,2
623,C_MPS038,1481,MPS,MPS038,DED003,61155.8160323555,1,4,12,True,2025-10-16 23:35:26.856535+00:00,2,2025-10-16 23:35:26.856535+00:00,2
624,C_MRM001,1482,MRM,MRM001,NFA011,743.127569867598,1,4,12,True,2025-10-16 23:35:26.856535+00:00,2,2025-10-16 23:35:26.856535+00:00,2
625,C_MRS000,1483,MRS,MRS000,SJR114,1840.88005917685,1,4,12,True,2025-10-16 23:35:26.856535+00:00,2,2025-10-16 23:35:26.856535+00:00,2
626,C_MSF001,1484,MSF,MSF001,MCD119,476.089410092906,1,4,12,True,2025-10-16 23:35:26.856535+00:00,2,2025-10-16 23:35:26.856535+00:00,2
627,C_MSF023,1485,MSF,MSF023,MSF001,36622.960603038,1,4,12,True,2025-10-16 23:35:26.856535+00:00,2,2025-10-16 23:35:26.856535+00:00,2
628,C_MSH015,1486,MSH,MSH015,SJR009,24774.1506997278,1,4,12,True,2025-10-16 23:35:26.856535+00:00,2,2025-10-16 23:35:26.856535+00:00,2
629,C_MSN004,1487,MSN,MSN004,SJR119,6463.74376596208,1,4,12,True,2025-10-16 23:35:26.856535+00:00,2,2025-10-16 23:35:26.856535+00:00,2
630,C_MSN005,1488,MSN,MSN005,MSN004,2060.03472011224,1,4,12,True,2025-10-16 23:35:26.856535+00:00,2,2025-10-16 23:35:26.856535+00:00,2
631,C_MSN009,1489,MSN,MSN009,MSN005,6452.63360436484,1,4,12,True,2025-10-16 23:35:26.856535+00:00,2,2025-10-16 23:35:26.856535+00:00,2
632,C_MSS014,1490,MSS,MSS014,SAL017,21960.1924773249,1,4,12,True,2025-10-16 23:35:26.856535+00:00,2,2025-10-16 23:35:26.856535+00:00,2
633,C_MTMDW,1492,MTMDW,MTMDW,NFF080,9161.33647337869,1,4,12,True,2025-10-16 23:35:26.856535+00:00,2,2025-10-16 23:35:26.856535+00:00,2
634,C_NBA009,1493,NBA,NBA009,NBA011,2504.73792737919,1,4,12,True,2025-10-16 23:35:26.856535+00:00,2,2025-10-16 23:35:26.856535+00:00,2
635,C_NBA011,1494,NBA,NBA011,NBA021,17294.2429806277,1,4,12,True,2025-10-16 23:35:26.856535+00:00,2,2025-10-16 23:35:26.856535+00:00,2
636,C_NBA021,1495,NBA,NBA021,NBA027,9656.08330538328,1,4,12,True,2025-10-16 23:35:26.856535+00:00,2,2025-10-16 23:35:26.856535+00:00,2
637,C_NBLDB,1496,NBLDB,NBLDB,NFY002,343.931081254321,1,4,12,True,2025-10-16 23:35:26.856535+00:00,2,2025-10-16 23:35:26.856535+00:00,2
638,C_NFA011,1499,NFA,NFA011,FOLSM,17622.9999412833,1,4,12,True,2025-10-16 23:35:26.856535+00:00,2,2025-10-16 23:35:26.856535+00:00,2
639,C_NFA016,1500,NFA,NFA016,NFA011,8023.02628830212,1,4,12,True,2025-10-16 23:35:26.856535+00:00,2,2025-10-16 23:35:26.856535+00:00,2
640,C_NFA019,1501,NFA,NFA019,NFA016,5531.73097220247,1,4,12,True,2025-10-16 23:35:26.856535+00:00,2,2025-10-16 23:35:26.856535+00:00,2
641,C_NFA022,1502,NFA,NFA022,NFA019,3465.65787236794,1,4,12,True,2025-10-16 23:35:26.856535+00:00,2,2025-10-16 23:35:26.856535+00:00,2
642,C_NFA048,1503,NFA,NFA048,NFA022,42836.3204355171,1,4,12,True,2025-10-16 23:35:26.856535+00:00,2,2025-10-16 23:35:26.856535+00:00,2
643,C_NFA054,1504,NFA,NFA054,NFA048,9153.50777277063,1,4,12,True,2025-10-16 23:35:26.856535+00:00,2,2025-10-16 23:35:26.856535+00:00,2
644,C_NFC005,1505,NFC,NFC005,CCH075,8316.15513936799,1,4,12,True,2025-10-16 23:35:26.856535+00:00,2,2025-10-16 23:35:26.856535+00:00,2
645,C_NFC013,1506,NFC,NFC013,NFC005,11992.0895960981,1,4,12,True,2025-10-16 23:35:26.856535+00:00,2,2025-10-16 23:35:26.856535+00:00,2
646,C_NFC019,1507,NFC,NFC019,CSM052,30907.5499783266,1,4,12,True,2025-10-16 23:35:26.856535+00:00,2,2025-10-16 23:35:26.856535+00:00,2
647,C_NFF008,1508,NFF,NFF008,FTR074,13059.1500048436,1,4,12,True,2025-10-16 23:35:26.856535+00:00,2,2025-10-16 23:35:26.856535+00:00,2
648,C_NFF027,1510,NFF,NFF027,NFF008,29726.589170745,1,4,12,True,2025-10-16 23:35:26.856535+00:00,2,2025-10-16 23:35:26.856535+00:00,2
649,C_NFF028,1511,NFF,NFF028,NFF027,2226.1417527107,1,4,12,True,2025-10-16 23:35:26.856535+00:00,2,2025-10-16 23:35:26.856535+00:00,2
650,C_NFF029,1512,NFF,NFF029,NFF028,276.302345114885,1,4,12,True,2025-10-16 23:35:26.856535+00:00,2,2025-10-16 23:35:26.856535+00:00,2
651,C_NFF030,1513,NFF,NFF030,NFF029,4870.15722793415,1,4,12,True,2025-10-16 23:35:26.856535+00:00,2,2025-10-16 23:35:26.856535+00:00,2
652,C_NFF034,1514,NFF,NFF034,NFF030,4949.0782026546,1,4,12,True,2025-10-16 23:35:26.856535+00:00,2,2025-10-16 23:35:26.856535+00:00,2
653,C_NFF035,1515,NFF,NFF037,NFF035,839.78053752293,1,4,12,True,2025-10-16 23:35:26.856535+00:00,2,2025-10-16 23:35:26.856535+00:00,2
654,C_NFF037,1516,NFF,NFF037,NFF035,3049.19290761581,1,4,12,True,2025-10-16 23:35:26.856535+00:00,2,2025-10-16 23:35:26.856535+00:00,2
655,C_NFF038,1517,NFF,NFF038,NFF037,2841.38458859579,1,4,12,True,2025-10-16 23:35:26.856535+00:00,2,2025-10-16 23:35:26.856535+00:00,2
656,C_NFF039,1518,NFF,NFF039,NFF038,562.644523065631,1,4,12,True,2025-10-16 23:35:26.856535+00:00,2,2025-10-16 23:35:26.856535+00:00,2
657,C_NFF045,1519,NFF,NFF045,NFF039,8197.48944414345,1,4,12,True,2025-10-16 23:35:26.856535+00:00,2,2025-10-16 23:35:26.856535+00:00,2
658,C_NFF046,1520,NFF,NFF046,NFF045,2328.46521202598,1,4,12,True,2025-10-16 23:35:26.856535+00:00,2,2025-10-16 23:35:26.856535+00:00,2
659,C_NFF048,1521,NFF,NFF048,NFF046,1099.96325762067,1,4,12,True,2025-10-16 23:35:26.856535+00:00,2,2025-10-16 23:35:26.856535+00:00,2
660,C_NFF050,1522,NFF,NFF050,NFF048,7118.2100383325,1,4,12,True,2025-10-16 23:35:26.856535+00:00,2,2025-10-16 23:35:26.856535+00:00,2
661,C_NFF057,1523,NFF,NFF057,NFF050,9875.93379415681,1,4,12,True,2025-10-16 23:35:26.856535+00:00,2,2025-10-16 23:35:26.856535+00:00,2
662,C_NFF058,1524,NFF,NFF058,NFF057,1680.85532542349,1,4,12,True,2025-10-16 23:35:26.856535+00:00,2,2025-10-16 23:35:26.856535+00:00,2
663,C_NFF059,1525,NFF,NFF059,NFF058,660.772792975868,1,4,12,True,2025-10-16 23:35:26.856535+00:00,2,2025-10-16 23:35:26.856535+00:00,2
664,C_NFF060,1526,NFF,NFF060,NFF059,1665.75694566575,1,4,12,True,2025-10-16 23:35:26.856535+00:00,2,2025-10-16 23:35:26.856535+00:00,2
665,C_NFF069,1527,NFF,NFF069,NFF060,2135.1790485176,1,4,12,True,2025-10-16 23:35:26.856535+00:00,2,2025-10-16 23:35:26.856535+00:00,2
666,C_NFF080,1528,NFF,NFF080,ALMNR,12263.2231645269,1,4,12,True,2025-10-16 23:35:26.856535+00:00,2,2025-10-16 23:35:26.856535+00:00,2
667,C_NFM006,1529,NFM,NFM006,MOK088,10792.3397968599,1,4,12,True,2025-10-16 23:35:26.856535+00:00,2,2025-10-16 23:35:26.856535+00:00,2
668,C_NFM010,1530,NFM,NFM010,NFM006,5657.83963561266,1,4,12,True,2025-10-16 23:35:26.856535+00:00,2,2025-10-16 23:35:26.856535+00:00,2
669,C_NFM012,1531,NFM,NFM012,NFM010,2041.64512876321,1,4,12,True,2025-10-16 23:35:26.856535+00:00,2,2025-10-16 23:35:26.856535+00:00,2
670,C_NFM024,1533,NFM,NFM024,NFM012,20778.9500492024,1,4,12,True,2025-10-16 23:35:26.856535+00:00,2,2025-10-16 23:35:26.856535+00:00,2
671,C_NFM029,1535,NFM,NFM029,NFM024,7950.77115213188,1,4,12,True,2025-10-16 23:35:26.856535+00:00,2,2025-10-16 23:35:26.856535+00:00,2
672,C_NFS003,1537,NFS,NFS003,STN093,4669.29063980494,1,4,12,True,2025-10-16 23:35:26.856535+00:00,2,2025-10-16 23:35:26.856535+00:00,2
673,C_NFS005,1538,NFS,NFS005,NFS003,4192.60023869756,1,4,12,True,2025-10-16 23:35:26.856535+00:00,2,2025-10-16 23:35:26.856535+00:00,2
674,C_NFS007,1540,NFS,NFS007,NFS005,3662.37016027722,1,4,12,True,2025-10-16 23:35:26.856535+00:00,2,2025-10-16 23:35:26.856535+00:00,2
675,C_NFS008,1541,NFS,NFS008,NFS007,351.297328472126,1,4,12,True,2025-10-16 23:35:26.856535+00:00,2,2025-10-16 23:35:26.856535+00:00,2
676,C_NFS009,1542,NFS,NFS009,NFS008,1276.57349451303,1,4,12,True,2025-10-16 23:35:26.856535+00:00,2,2025-10-16 23:35:26.856535+00:00,2
677,C_NFS027,1543,NFS,NFS027,NFS009,29059.213594602,1,4,12,True,2025-10-16 23:35:26.856535+00:00,2,2025-10-16 23:35:26.856535+00:00,2
678,C_NFS033,1545,NFS,NFS033,NFS027,9264.56446381859,1,4,12,True,2025-10-16 23:35:26.856535+00:00,2,2025-10-16 23:35:26.856535+00:00,2
679,C_NFT008,1546,NFT,NFT008,TUO081,13219.0188688902,1,4,12,True,2025-10-16 23:35:26.856535+00:00,2,2025-10-16 23:35:26.856535+00:00,2
680,C_NFY002,1554,NFY,NFY002,YUB039,3414.43361625955,1,4,12,True,2025-10-16 23:35:26.856535+00:00,2,2025-10-16 23:35:26.856535+00:00,2
681,C_NFY017,1555,NFY,NFY017,NBLDB,24509.3613863969,1,4,12,True,2025-10-16 23:35:26.856535+00:00,2,2025-10-16 23:35:26.856535+00:00,2
682,C_NFY029,1556,NFY,NFY029,NFY017,18381.8869117568,1,4,12,True,2025-10-16 23:35:26.856535+00:00,2,2025-10-16 23:35:26.856535+00:00,2
683,C_NHGAN,1557,NHGAN,NHGAN,CLV044,1223.40247313584,1,4,12,True,2025-10-16 23:35:26.856535+00:00,2,2025-10-16 23:35:26.856535+00:00,2
684,C_NLC002,1558,NLC,NLC002,LNG012,4821.6754632477,1,4,12,True,2025-10-16 23:35:26.856535+00:00,2,2025-10-16 23:35:26.856535+00:00,2
685,C_NLC003,1559,NLC,NLC003,NLC002,257.692440898706,1,4,12,True,2025-10-16 23:35:26.856535+00:00,2,2025-10-16 23:35:26.856535+00:00,2
686,C_NLL016,1560,NLL,NLL016,MFF095,25315.6110836308,1,4,12,True,2025-10-16 23:35:26.856535+00:00,2,2025-10-16 23:35:26.856535+00:00,2
687,C_NMA003,1561,NMA,NMA003,MFA024,4185.25544901276,1,4,12,True,2025-10-16 23:35:26.856535+00:00,2,2025-10-16 23:35:26.856535+00:00,2
688,C_NMC000,1562,NMC,NMC000,NMC014,22502.6053744556,1,4,12,True,2025-10-16 23:35:26.856535+00:00,2,2025-10-16 23:35:26.856535+00:00,2
689,C_NMW004,1563,NMW,NMW004,SJR117,6852.16112650226,1,4,12,True,2025-10-16 23:35:26.856535+00:00,2,2025-10-16 23:35:26.856535+00:00,2
690,C_NNA013,1564,NNA,NNA013,NFA054,21477.0193208812,1,4,12,True,2025-10-16 23:35:26.856535+00:00,2,2025-10-16 23:35:26.856535+00:00,2
691,C_NTD000,1566,NTD,NTD000,MFT004,807.64435821973,1,4,12,True,2025-10-16 23:35:26.856535+00:00,2,2025-10-16 23:35:26.856535+00:00,2
692,C_NTOMA,1567,NTOMA,NTOMA,AMR022,686.545380751115,1,4,12,True,2025-10-16 23:35:26.856535+00:00,2,2025-10-16 23:35:26.856535+00:00,2
693,C_OAK001,1568,OAK,OAK001,OAK020,31441.3167167098,1,4,12,True,2025-10-16 23:35:26.856535+00:00,2,2025-10-16 23:35:26.856535+00:00,2
694,C_OGN004,1569,OGN,OGN004,MFY005,6674.97273234792,1,4,12,True,2025-10-16 23:35:26.856535+00:00,2,2025-10-16 23:35:26.856535+00:00,2
695,C_OGN005,1570,OGN,OGN005,OGN004,143.28586710344,1,4,12,True,2025-10-16 23:35:26.856535+00:00,2,2025-10-16 23:35:26.856535+00:00,2
696,C_OMR002,1571,OMR,OMR002,SJR013,9518.53308211445,1,4,12,True,2025-10-16 23:35:26.856535+00:00,2,2025-10-16 23:35:26.856535+00:00,2
697,C_OMR013A,1572,OMR,OMR013,OMR002,17852.0493333342,1,4,12,True,2025-10-16 23:35:26.856535+00:00,2,2025-10-16 23:35:26.856535+00:00,2
698,C_OMR013B,1573,OMR,OMR013,RSL001,1715.85759224027,1,4,12,True,2025-10-16 23:35:26.856535+00:00,2,2025-10-16 23:35:26.856535+00:00,2
699,C_OMR014,1574,OMR,OMR014,OMR013,525.48874989184,1,4,12,True,2025-10-16 23:35:26.856535+00:00,2,2025-10-16 23:35:26.856535+00:00,2
700,C_OMR018,1575,OMR,OMR018,OMR014,7965.9546776178,1,4,12,True,2025-10-16 23:35:26.856535+00:00,2,2025-10-16 23:35:26.856535+00:00,2
701,C_OMR021,1576,OMR,OMR021,OMR018,4236.08382201781,1,4,12,True,2025-10-16 23:35:26.856535+00:00,2,2025-10-16 23:35:26.856535+00:00,2
702,C_OMR024A,1577,OMR,OMR024,OMR021,5353.97745045331,1,4,12,True,2025-10-16 23:35:26.856535+00:00,2,2025-10-16 23:35:26.856535+00:00,2
703,C_OMR024B,1578,OMR,OMR024,VCT002,3218.6944926819,1,4,12,True,2025-10-16 23:35:26.856535+00:00,2,2025-10-16 23:35:26.856535+00:00,2
704,C_OMR027,1579,OMR,OMR027,OMR024,4719.53757831331,1,4,12,True,2025-10-16 23:35:26.856535+00:00,2,2025-10-16 23:35:26.856535+00:00,2
705,C_OMR028,1580,OMR,OMR028,OMR027,1456.8828847583,1,4,12,True,2025-10-16 23:35:26.856535+00:00,2,2025-10-16 23:35:26.856535+00:00,2
706,C_OMR039,1581,OMR,OMR039,OMR028,17371.9915631465,1,4,12,True,2025-10-16 23:35:26.856535+00:00,2,2025-10-16 23:35:26.856535+00:00,2
707,C_OROVL,1582,OROVL,OROVL,FTR072,968.261438381566,1,4,12,True,2025-10-16 23:35:26.856535+00:00,2,2025-10-16 23:35:26.856535+00:00,2
708,C_ORP000,1583,ORP,ORP000,TRNSF,10645.1920220966,1,4,12,True,2025-10-16 23:35:26.856535+00:00,2,2025-10-16 23:35:26.856535+00:00,2
709,C_ORT001,1584,ORT,ORT001,SJR106,2118.90725820487,1,4,12,True,2025-10-16 23:35:26.856535+00:00,2,2025-10-16 23:35:26.856535+00:00,2
710,C_ORT009,1585,ORT,ORT009,ORT001,12365.2177443621,1,4,12,True,2025-10-16 23:35:26.856535+00:00,2,2025-10-16 23:35:26.856535+00:00,2
711,C_ORT014,1586,ORT,ORT014,ORT009,8046.73606844219,1,4,12,True,2025-10-16 23:35:26.856535+00:00,2,2025-10-16 23:35:26.856535+00:00,2
712,C_OWN011,1587,OWN,OWN011,EBP043,18237.5758814359,1,4,12,True,2025-10-16 23:35:26.856535+00:00,2,2025-10-16 23:35:26.856535+00:00,2
713,C_OWN040,1588,OWN,OWN040,OWN011,45606.3223230962,1,4,12,True,2025-10-16 23:35:26.856535+00:00,2,2025-10-16 23:35:26.856535+00:00,2
714,C_OXB000,1589,OXB,OXB000,MFA024,455.730828313224,1,4,12,True,2025-10-16 23:35:26.856535+00:00,2,2025-10-16 23:35:26.856535+00:00,2
715,C_OYS001,1590,OYS,OYS001,SLF014,1382.44155758886,1,4,12,True,2025-10-16 23:35:26.856535+00:00,2,2025-10-16 23:35:26.856535+00:00,2
716,C_PARDE,1591,PARDE,PARDE,CMCHE,18346.3253743292,1,4,12,True,2025-10-16 23:35:26.856535+00:00,2,2025-10-16 23:35:26.856535+00:00,2
717,C_PCRST,1593,PCRST,PCRST,SFS033,2032.80880627472,1,4,12,True,2025-10-16 23:35:26.856535+00:00,2,2025-10-16 23:35:26.856535+00:00,2
718,C_PEDRO,1594,PEDRO,PEDRO,TUO054,4238.80923342028,1,4,12,True,2025-10-16 23:35:26.856535+00:00,2,2025-10-16 23:35:26.856535+00:00,2
719,C_PHP000,1595,PHP,PHP000,MFS015,9220.57505027365,1,4,12,True,2025-10-16 23:35:26.856535+00:00,2,2025-10-16 23:35:26.856535+00:00,2
720,C_PLC006,1596,PLC,PLC006,RUB005,9601.01205869388,1,4,12,True,2025-10-16 23:35:26.856535+00:00,2,2025-10-16 23:35:26.856535+00:00,2
721,C_PLC007,1597,PLC,PLC007,PLC006,243.427090396854,1,4,12,True,2025-10-16 23:35:26.856535+00:00,2,2025-10-16 23:35:26.856535+00:00,2
722,C_PLC009,1598,PLC,PLC009,PLC007,4313.66877909161,1,4,12,True,2025-10-16 23:35:26.856535+00:00,2,2025-10-16 23:35:26.856535+00:00,2
723,C_PLM001,1599,PLM,PLM001,SFA059,2194.25001766948,1,4,12,True,2025-10-16 23:35:26.856535+00:00,2,2025-10-16 23:35:26.856535+00:00,2
724,C_POE006,1600,POE,POE006,NFF020,171.848236206262,1,4,12,True,2025-10-16 23:35:26.856535+00:00,2,2025-10-16 23:35:26.856535+00:00,2
725,C_PSC003,1604,PSC,PSC003,PSC006,4962.47599989508,1,4,12,True,2025-10-16 23:35:26.856535+00:00,2,2025-10-16 23:35:26.856535+00:00,2
726,C_PSC006,1605,PSC,PSC006,PSC013,10652.2749284283,1,4,12,True,2025-10-16 23:35:26.856535+00:00,2,2025-10-16 23:35:26.856535+00:00,2
727,C_PSC013,1606,PSC,PSC013,PSC015,3273.41301131809,1,4,12,True,2025-10-16 23:35:26.856535+00:00,2,2025-10-16 23:35:26.856535+00:00,2
728,C_PSC015,1607,PSC,PSC015,PSC017,2875.36752985063,1,4,12,True,2025-10-16 23:35:26.856535+00:00,2,2025-10-16 23:35:26.856535+00:00,2
729,C_PSC017,1608,PSC,PSC017,PSC020,4520.70979286502,1,4,12,True,2025-10-16 23:35:26.856535+00:00,2,2025-10-16 23:35:26.856535+00:00,2
730,C_PSC020,1609,PSC,PSC020,PSC024,6328.28569158463,1,4,12,True,2025-10-16 23:35:26.856535+00:00,2,2025-10-16 23:35:26.856535+00:00,2
731,C_PSC024,1610,PSC,PSC024,PSC033,16084.0645279196,1,4,12,True,2025-10-16 23:35:26.856535+00:00,2,2025-10-16 23:35:26.856535+00:00,2
732,C_PTH007,1611,PTH,PTH007,YBP020,11265.4081406213,1,4,12,True,2025-10-16 23:35:26.856535+00:00,2,2025-10-16 23:35:26.856535+00:00,2
733,C_PTH011,1612,PTH,PTH011,PTH007,6061.14958345941,1,4,12,True,2025-10-16 23:35:26.856535+00:00,2,2025-10-16 23:35:26.856535+00:00,2
734,C_PTH015,1613,PTH,PTH015,PTH011,6813.60239900337,1,4,12,True,2025-10-16 23:35:26.856535+00:00,2,2025-10-16 23:35:26.856535+00:00,2
735,C_PTH020,1614,PTH,PTH020,PTH015,8046.71998254455,1,4,12,True,2025-10-16 23:35:26.856535+00:00,2,2025-10-16 23:35:26.856535+00:00,2
736,C_PTH021,1615,PTH,PTH021,PTH020,2382.12822580229,1,4,12,True,2025-10-16 23:35:26.856535+00:00,2,2025-10-16 23:35:26.856535+00:00,2
737,C_PTH024,1616,PTH,PTH024,PTH021,4750.01231595891,1,4,12,True,2025-10-16 23:35:26.856535+00:00,2,2025-10-16 23:35:26.856535+00:00,2
738,C_PTH030,1617,PTH,PTH030,PTH024,8446.82225920654,1,4,12,True,2025-10-16 23:35:26.856535+00:00,2,2025-10-16 23:35:26.856535+00:00,2
739,C_PTH070,1618,PTH,PTH070,BRYSA,91192.2333404787,1,4,12,True,2025-10-16 23:35:26.856535+00:00,2,2025-10-16 23:35:26.856535+00:00,2
740,C_PYN001,1622,PYN,PYN001,SAC250,726.569020860439,1,4,12,True,2025-10-16 23:35:26.856535+00:00,2,2025-10-16 23:35:26.856535+00:00,2
741,C_PYR001,1623,PYR,PYR001,SFA079,1669.80144475877,1,4,12,True,2025-10-16 23:35:26.856535+00:00,2,2025-10-16 23:35:26.856535+00:00,2
742,C_QNT005,1625,QNT,QNT005,XCC053,9792.22302593664,1,4,12,True,2025-10-16 23:35:26.856535+00:00,2,2025-10-16 23:35:26.856535+00:00,2
743,C_RCT007,1627,RCT,RCT007,NFF037,3354.77799290088,1,4,12,True,2025-10-16 23:35:26.856535+00:00,2,2025-10-16 23:35:26.856535+00:00,2
744,C_RD1500,1628,RD,RD1500,SSL001,1468.93668203568,1,4,12,True,2025-10-16 23:35:26.856535+00:00,2,2025-10-16 23:35:26.856535+00:00,2
745,C_RKC001,1630,RKC,RKC001,SFA035,1604.22927049703,1,4,12,True,2025-10-16 23:35:26.856535+00:00,2,2025-10-16 23:35:26.856535+00:00,2
746,C_RLIEF,1631,RLIEF,RLIEF,MFS048,1721.28987425248,1,4,12,True,2025-10-16 23:35:26.856535+00:00,2,2025-10-16 23:35:26.856535+00:00,2
747,C_RLLNS,1632,RLLNS,RLLNS,BRR050,204.326154112888,1,4,12,True,2025-10-16 23:35:26.856535+00:00,2,2025-10-16 23:35:26.856535+00:00,2
748,C_RLT007,1633,RLT,RLT007,RUB001,35.7025853836508,1,4,12,True,2025-10-16 23:35:26.856535+00:00,2,2025-10-16 23:35:26.856535+00:00,2
749,C_RPT004,1634,RPT,RPT004,UNVLY,6835.96910655371,1,4,12,True,2025-10-16 23:35:26.856535+00:00,2,2025-10-16 23:35:26.856535+00:00,2
750,C_RRT000,1635,RRT,RRT000,LRB005,921.496684489012,1,4,12,True,2025-10-16 23:35:26.856535+00:00,2,2025-10-16 23:35:26.856535+00:00,2
751,C_RSL001A,1636,RSL,RSL001,RSL004,4500.89639939717,1,4,12,True,2025-10-16 23:35:26.856535+00:00,2,2025-10-16 23:35:26.856535+00:00,2
752,C_RSL001B,1637,RSL,RSL001,RSL004,11420.308807511,1,4,12,True,2025-10-16 23:35:26.856535+00:00,2,2025-10-16 23:35:26.856535+00:00,2
753,C_RUB001,1639,RUB,RUB001,MFA026,897.7360240414,1,4,12,True,2025-10-16 23:35:26.856535+00:00,2,2025-10-16 23:35:26.856535+00:00,2
754,C_RUB002,1640,RUB,RUB002,RUB001,1029.01473063852,1,4,12,True,2025-10-16 23:35:26.856535+00:00,2,2025-10-16 23:35:26.856535+00:00,2
755,C_RUB004,1641,RUB,RUB004,RUB002,3905.45824606811,1,4,12,True,2025-10-16 23:35:26.856535+00:00,2,2025-10-16 23:35:26.856535+00:00,2
756,C_RUB005,1642,RUB,RUB005,RUB004,2641.12172303375,1,4,12,True,2025-10-16 23:35:26.856535+00:00,2,2025-10-16 23:35:26.856535+00:00,2
757,C_RUB023,1643,RUB,RUB023,RUB005,28553.5737006051,1,4,12,True,2025-10-16 23:35:26.856535+00:00,2,2025-10-16 23:35:26.856535+00:00,2
758,C_RUB031,1644,RUB,RUB031,RUB023,12534.9222386557,1,4,12,True,2025-10-16 23:35:26.856535+00:00,2,2025-10-16 23:35:26.856535+00:00,2
759,C_RUB032,1645,RUB,RUB032,HHOLE,2016.59377940084,1,4,12,True,2025-10-16 23:35:26.856535+00:00,2,2025-10-16 23:35:26.856535+00:00,2
760,C_RUB041,1646,RUB,RUB041,RUB032,14877.061931341,1,4,12,True,2025-10-16 23:35:26.856535+00:00,2,2025-10-16 23:35:26.856535+00:00,2
761,C_RUB044,1647,RUB,RUB044,RUB041,3659.00751694422,1,4,12,True,2025-10-16 23:35:26.856535+00:00,2,2025-10-16 23:35:26.856535+00:00,2
762,C_RUB047,1648,RUB,RUB047,RUB044,5899.63588717318,1,4,12,True,2025-10-16 23:35:26.856535+00:00,2,2025-10-16 23:35:26.856535+00:00,2
763,C_RVC000,1649,RVC,RVC000,RVC005,7364.97312011841,1,4,12,True,2025-10-16 23:35:26.856535+00:00,2,2025-10-16 23:35:26.856535+00:00,2
764,C_RVPHB,1650,RVPHB,RVPHB,WBR039,3801.67581373415,1,4,12,True,2025-10-16 23:35:26.856535+00:00,2,2025-10-16 23:35:26.856535+00:00,2
765,C_SAC000,1651,SAC,SAC000,CHIPPS,,1,4,12,True,2025-10-16 23:35:26.856535+00:00,2,2025-10-16 23:35:26.856535+00:00,2
766,C_SAC000_ADD,1652,SAC,SAC000,CHIPPS,3412.89084199063,1,4,12,True,2025-10-16 23:35:26.856535+00:00,2,2025-10-16 23:35:26.856535+00:00,2
767,C_SAC000_MIN,1653,SAC,SAC000,CHIPPS,3412.83616580097,1,4,12,True,2025-10-16 23:35:26.856535+00:00,2,2025-10-16 23:35:26.856535+00:00,2
768,C_SAC003,1654,SAC,SAC003,SAC000,4828.03203972154,1,4,12,True,2025-10-16 23:35:26.856535+00:00,2,2025-10-16 23:35:26.856535+00:00,2
769,C_SAC007,1655,SAC,SAC007,SAC003,6437.37595516694,1,4,12,True,2025-10-16 23:35:26.856535+00:00,2,2025-10-16 23:35:26.856535+00:00,2
770,C_SAC011,1656,SAC,SAC011,SAC007,6437.41137178985,1,4,12,True,2025-10-16 23:35:26.856535+00:00,2,2025-10-16 23:35:26.856535+00:00,2
771,C_SAC017,1657,SAC,SAC017,SAC011,9256.70836743719,1,4,12,True,2025-10-16 23:35:26.856535+00:00,2,2025-10-16 23:35:26.856535+00:00,2
772,C_SAC022,1658,SAC,SAC022,SAC017,8446.04027897063,1,4,12,True,2025-10-16 23:35:26.856535+00:00,2,2025-10-16 23:35:26.856535+00:00,2
773,C_SAC029A,1659,SAC,SAC029,SAC022,11458.3682729878,1,4,12,True,2025-10-16 23:35:26.856535+00:00,2,2025-10-16 23:35:26.856535+00:00,2
774,C_SAC029B,1660,SAC,SAC029,MOK004,20046.8028899808,1,4,12,True,2025-10-16 23:35:26.856535+00:00,2,2025-10-16 23:35:26.856535+00:00,2
775,C_SAC030,1661,SAC,SAC030,SAC029,973.303383042203,1,4,12,True,2025-10-16 23:35:26.856535+00:00,2,2025-10-16 23:35:26.856535+00:00,2
776,C_SAC036,1662,SAC,SAC036,SAC030,10099.1443252141,1,4,12,True,2025-10-16 23:35:26.856535+00:00,2,2025-10-16 23:35:26.856535+00:00,2
777,C_SAC041,1663,SAC,SAC041,SAC036,8046.71999659973,1,4,12,True,2025-10-16 23:35:26.856535+00:00,2,2025-10-16 23:35:26.856535+00:00,2
778,C_SAC048,1664,SAC,SAC048,SAC041,11265.5625362725,1,4,12,True,2025-10-16 23:35:26.856535+00:00,2,2025-10-16 23:35:26.856535+00:00,2
779,C_SAC049,1665,SAC,SAC049,SAC048,1364.91856781194,1,4,12,True,2025-10-16 23:35:26.856535+00:00,2,2025-10-16 23:35:26.856535+00:00,2
780,C_SAC050,1666,SAC,SAC050,SAC049,1853.77587741043,1,4,12,True,2025-10-16 23:35:26.856535+00:00,2,2025-10-16 23:35:26.856535+00:00,2
781,C_SAC053,1667,SAC,SAC053,SAC050,4827.87098246476,1,4,12,True,2025-10-16 23:35:26.856535+00:00,2,2025-10-16 23:35:26.856535+00:00,2
782,C_SAC057,1668,SAC,SAC057,SAC053,6437.37599889044,1,4,12,True,2025-10-16 23:35:26.856535+00:00,2,2025-10-16 23:35:26.856535+00:00,2
783,C_SAC061,1669,SAC,SAC061,SAC057,8262.09210151904,1,4,12,True,2025-10-16 23:35:26.856535+00:00,2,2025-10-16 23:35:26.856535+00:00,2
784,C_SAC062,1670,SAC,SAC062,SAC061,609.134500269184,1,4,12,True,2025-10-16 23:35:26.856535+00:00,2,2025-10-16 23:35:26.856535+00:00,2
785,C_SAC063,1671,SAC,SAC063,SAC062,625.165385534433,1,4,12,True,2025-10-16 23:35:26.856535+00:00,2,2025-10-16 23:35:26.856535+00:00,2
786,C_SAC064,1672,SAC,SAC064,SAC063,705.4153491797,1,4,12,True,2025-10-16 23:35:26.856535+00:00,2,2025-10-16 23:35:26.856535+00:00,2
787,C_SAC065,1673,SAC,SAC065,SAC064,3379.84031239653,1,4,12,True,2025-10-16 23:35:26.856535+00:00,2,2025-10-16 23:35:26.856535+00:00,2
788,C_SAC066,1674,SAC,SAC066,SAC065,902.44845441275,1,4,12,True,2025-10-16 23:35:26.856535+00:00,2,2025-10-16 23:35:26.856535+00:00,2
789,C_SAC074,1675,SAC,SAC074,SAC066,12280.8297192622,1,4,12,True,2025-10-16 23:35:26.856535+00:00,2,2025-10-16 23:35:26.856535+00:00,2
790,C_SAC075,1676,SAC,SAC075,SAC074,2203.50765154075,1,4,12,True,2025-10-16 23:35:26.856535+00:00,2,2025-10-16 23:35:26.856535+00:00,2
791,C_SAC077,1677,SAC,SAC077,SAC075,3218.44653964038,1,4,12,True,2025-10-16 23:35:26.856535+00:00,2,2025-10-16 23:35:26.856535+00:00,2
792,C_SAC078,1678,SAC,SAC078,SAC077,1609.34403887666,1,4,12,True,2025-10-16 23:35:26.856535+00:00,2,2025-10-16 23:35:26.856535+00:00,2
793,C_SAC081,1679,SAC,SAC081,SAC078,5080.6451550226,1,4,12,True,2025-10-16 23:35:26.856535+00:00,2,2025-10-16 23:35:26.856535+00:00,2
794,C_SAC082,1680,SAC,SAC082,SAC081,860.775817200138,1,4,12,True,2025-10-16 23:35:26.856535+00:00,2,2025-10-16 23:35:26.856535+00:00,2
795,C_SAC083,1681,SAC,SAC083,SAC082,1579.90198593392,1,4,12,True,2025-10-16 23:35:26.856535+00:00,2,2025-10-16 23:35:26.856535+00:00,2
796,C_SAC085,1682,SAC,SAC085,SAC083,4530.78991093354,1,4,12,True,2025-10-16 23:35:26.856535+00:00,2,2025-10-16 23:35:26.856535+00:00,2
797,C_SAC091,1683,SAC,SAC091,SAC085,9152.87796426811,1,4,12,True,2025-10-16 23:35:26.856535+00:00,2,2025-10-16 23:35:26.856535+00:00,2
798,C_SAC092,1684,SAC,SAC092,SAC091,2052.29517065766,1,4,12,True,2025-10-16 23:35:26.856535+00:00,2,2025-10-16 23:35:26.856535+00:00,2
799,C_SAC093,1685,SAC,SAC093,SAC092,586.123240220915,1,4,12,True,2025-10-16 23:35:26.856535+00:00,2,2025-10-16 23:35:26.856535+00:00,2
800,C_SAC097,1686,SAC,SAC097,SAC093,6734.12662747326,1,4,12,True,2025-10-16 23:35:26.856535+00:00,2,2025-10-16 23:35:26.856535+00:00,2
801,C_SAC099,1687,SAC,SAC099,SAC097,3545.12444054996,1,4,12,True,2025-10-16 23:35:26.856535+00:00,2,2025-10-16 23:35:26.856535+00:00,2
802,C_SAC106,1688,SAC,SAC106,SAC099,10938.9715549695,1,4,12,True,2025-10-16 23:35:26.856535+00:00,2,2025-10-16 23:35:26.856535+00:00,2
803,C_SAC109,1689,SAC,SAC109,SAC106,4346.49830360606,1,4,12,True,2025-10-16 23:35:26.856535+00:00,2,2025-10-16 23:35:26.856535+00:00,2
804,C_SAC115,1690,SAC,SAC115,SAC109,9692.91718001249,1,4,12,True,2025-10-16 23:35:26.856535+00:00,2,2025-10-16 23:35:26.856535+00:00,2
805,C_SAC120,1691,SAC,SAC120,SAC115,9547.47633897296,1,4,12,True,2025-10-16 23:35:26.856535+00:00,2,2025-10-16 23:35:26.856535+00:00,2
806,C_SAC121,1692,SAC,SAC121,SAC120,337.017306092571,1,4,12,True,2025-10-16 23:35:26.856535+00:00,2,2025-10-16 23:35:26.856535+00:00,2
807,C_SAC122,1693,SAC,SAC122,SAC121,1433.25104932103,1,4,12,True,2025-10-16 23:35:26.856535+00:00,2,2025-10-16 23:35:26.856535+00:00,2
808,C_SAC129,1694,SAC,SAC129,SAC122,11657.7518964714,1,4,12,True,2025-10-16 23:35:26.856535+00:00,2,2025-10-16 23:35:26.856535+00:00,2
809,C_SAC134,1695,SAC,SAC134,SAC129,8046.71998543938,1,4,12,True,2025-10-16 23:35:26.856535+00:00,2,2025-10-16 23:35:26.856535+00:00,2
810,C_SAC136,1696,SAC,SAC136,SAC134,3951.84573563773,1,4,12,True,2025-10-16 23:35:26.856535+00:00,2,2025-10-16 23:35:26.856535+00:00,2
811,C_SAC141,1697,SAC,SAC141,SAC136,6719.23646577633,1,4,12,True,2025-10-16 23:35:26.856535+00:00,2,2025-10-16 23:35:26.856535+00:00,2
812,C_SAC146,1698,SAC,SAC146,SAC141,8445.89467142904,1,4,12,True,2025-10-16 23:35:26.856535+00:00,2,2025-10-16 23:35:26.856535+00:00,2
813,C_SAC148,1699,SAC,SAC148,SAC146,3413.83922573421,1,4,12,True,2025-10-16 23:35:26.856535+00:00,2,2025-10-16 23:35:26.856535+00:00,2
814,C_SAC154,1700,SAC,SAC154,SAC148,9656.06396282563,1,4,12,True,2025-10-16 23:35:26.856535+00:00,2,2025-10-16 23:35:26.856535+00:00,2
815,C_SAC159,1701,SAC,SAC159,SAC154,8594.37782674483,1,4,12,True,2025-10-16 23:35:26.856535+00:00,2,2025-10-16 23:35:26.856535+00:00,2
816,C_SAC162,1702,SAC,SAC162,SAC159,4280.37421959665,1,4,12,True,2025-10-16 23:35:26.856535+00:00,2,2025-10-16 23:35:26.856535+00:00,2
817,C_SAC168,1703,SAC,SAC168,SAC162,9656.0639217799,1,4,12,True,2025-10-16 23:35:26.856535+00:00,2,2025-10-16 23:35:26.856535+00:00,2
818,C_SAC169,1704,SAC,SAC169,SAC168,1978.91851410553,1,4,12,True,2025-10-16 23:35:26.856535+00:00,2,2025-10-16 23:35:26.856535+00:00,2
819,C_SAC174,1705,SAC,SAC174,SAC169,7677.14555225064,1,4,12,True,2025-10-16 23:35:26.856535+00:00,2,2025-10-16 23:35:26.856535+00:00,2
820,C_SAC178,1706,SAC,SAC178,SAC174,6437.37600261309,1,4,12,True,2025-10-16 23:35:26.856535+00:00,2,2025-10-16 23:35:26.856535+00:00,2
821,C_SAC182,1707,SAC,SAC182,SAC178,6437.37594733941,1,4,12,True,2025-10-16 23:35:26.856535+00:00,2,2025-10-16 23:35:26.856535+00:00,2
822,C_SAC185,1708,SAC,SAC185,SAC182,5413.69802777967,1,4,12,True,2025-10-16 23:35:26.856535+00:00,2,2025-10-16 23:35:26.856535+00:00,2
823,C_SAC188,1709,SAC,SAC188,SAC185,4242.9711070621,1,4,12,True,2025-10-16 23:35:26.856535+00:00,2,2025-10-16 23:35:26.856535+00:00,2
824,C_SAC193,1710,SAC,SAC193,SAC188,7345.73690479411,1,4,12,True,2025-10-16 23:35:26.856535+00:00,2,2025-10-16 23:35:26.856535+00:00,2
825,C_SAC195,1711,SAC,SAC195,SAC193,4837.96816056265,1,4,12,True,2025-10-16 23:35:26.856535+00:00,2,2025-10-16 23:35:26.856535+00:00,2
826,C_SAC196,1712,SAC,SAC196,SAC195,226.376901990536,1,4,12,True,2025-10-16 23:35:26.856535+00:00,2,2025-10-16 23:35:26.856535+00:00,2
827,C_SAC201,1713,SAC,SAC201,SAC196,9126.65301931873,1,4,12,True,2025-10-16 23:35:26.856535+00:00,2,2025-10-16 23:35:26.856535+00:00,2
828,C_SAC207,1714,SAC,SAC207,SAC201,8318.28156095998,1,4,12,True,2025-10-16 23:35:26.856535+00:00,2,2025-10-16 23:35:26.856535+00:00,2
829,C_SAC214,1715,SAC,SAC214,SAC207,11987.3224014946,1,4,12,True,2025-10-16 23:35:26.856535+00:00,2,2025-10-16 23:35:26.856535+00:00,2
830,C_SAC217,1716,SAC,SAC217,SAC214,5266.21584749546,1,4,12,True,2025-10-16 23:35:26.856535+00:00,2,2025-10-16 23:35:26.856535+00:00,2
831,C_SAC218,1717,SAC,SAC218,SAC217,1544.60569602671,1,4,12,True,2025-10-16 23:35:26.856535+00:00,2,2025-10-16 23:35:26.856535+00:00,2
832,C_SAC224,1718,SAC,SAC224,SAC218,9282.61845995577,1,4,12,True,2025-10-16 23:35:26.856535+00:00,2,2025-10-16 23:35:26.856535+00:00,2
833,C_SAC228,1719,SAC,SAC228,SAC224,6463.47188917418,1,4,12,True,2025-10-16 23:35:26.856535+00:00,2,2025-10-16 23:35:26.856535+00:00,2
834,C_SAC229,1720,SAC,SAC229,SAC228,739.980211986591,1,4,12,True,2025-10-16 23:35:26.856535+00:00,2,2025-10-16 23:35:26.856535+00:00,2
835,C_SAC232,1721,SAC,SAC232,SAC229,5398.74856580162,1,4,12,True,2025-10-16 23:35:26.856535+00:00,2,2025-10-16 23:35:26.856535+00:00,2
836,C_SAC240,1722,SAC,SAC240,SAC232,13147.3033995603,1,4,12,True,2025-10-16 23:35:26.856535+00:00,2,2025-10-16 23:35:26.856535+00:00,2
837,C_SAC247,1723,SAC,SAC247,SAC240,11668.9121385668,1,4,12,True,2025-10-16 23:35:26.856535+00:00,2,2025-10-16 23:35:26.856535+00:00,2
838,C_SAC250,1724,SAC,SAC250,SAC247,4215.11404055275,1,4,12,True,2025-10-16 23:35:26.856535+00:00,2,2025-10-16 23:35:26.856535+00:00,2
839,C_SAC254,1725,SAC,SAC254,SAC250,6647.60722307837,1,4,12,True,2025-10-16 23:35:26.856535+00:00,2,2025-10-16 23:35:26.856535+00:00,2
840,C_SAC257,1726,SAC,SAC257,SAC254,5262.89132210738,1,4,12,True,2025-10-16 23:35:26.856535+00:00,2,2025-10-16 23:35:26.856535+00:00,2
841,C_SAC259,1727,SAC,SAC259,SAC257,2783.01124799203,1,4,12,True,2025-10-16 23:35:26.856535+00:00,2,2025-10-16 23:35:26.856535+00:00,2
842,C_SAC265,1728,SAC,SAC265,SAC259,9656.06392957715,1,4,12,True,2025-10-16 23:35:26.856535+00:00,2,2025-10-16 23:35:26.856535+00:00,2
843,C_SAC269,1729,SAC,SAC269,SAC265,5699.67772521279,1,4,12,True,2025-10-16 23:35:26.856535+00:00,2,2025-10-16 23:35:26.856535+00:00,2
844,C_SAC271,1730,SAC,SAC271,SAC269,3607.92437403931,1,4,12,True,2025-10-16 23:35:26.856535+00:00,2,2025-10-16 23:35:26.856535+00:00,2
845,C_SAC273,1731,SAC,SAC273,SAC271,4284.23624948776,1,4,12,True,2025-10-16 23:35:26.856535+00:00,2,2025-10-16 23:35:26.856535+00:00,2
846,C_SAC275,1732,SAC,SAC275,SAC273,2308.10996574581,1,4,12,True,2025-10-16 23:35:26.856535+00:00,2,2025-10-16 23:35:26.856535+00:00,2
847,C_SAC277,1733,SAC,SAC277,SAC275,4040.04748925568,1,4,12,True,2025-10-16 23:35:26.856535+00:00,2,2025-10-16 23:35:26.856535+00:00,2
848,C_SAC281,1734,SAC,SAC281,SAC277,5809.5081663777,1,4,12,True,2025-10-16 23:35:26.856535+00:00,2,2025-10-16 23:35:26.856535+00:00,2
849,C_SAC287,1735,SAC,SAC287,SAC281,8934.33030039032,1,4,12,True,2025-10-16 23:35:26.856535+00:00,2,2025-10-16 23:35:26.856535+00:00,2
850,C_SAC289,1736,SAC,SAC289,SAC287,4175.62398301512,1,4,12,True,2025-10-16 23:35:26.856535+00:00,2,2025-10-16 23:35:26.856535+00:00,2
851,C_SAC294,1737,SAC,SAC294,SAC289,8547.94920782837,1,4,12,True,2025-10-16 23:35:26.856535+00:00,2,2025-10-16 23:35:26.856535+00:00,2
852,C_SAC296,1738,SAC,SAC296,SAC294,2105.56345520844,1,4,12,True,2025-10-16 23:35:26.856535+00:00,2,2025-10-16 23:35:26.856535+00:00,2
853,C_SAC299,1739,SAC,SAC299,SAC296,4634.64143187482,1,4,12,True,2025-10-16 23:35:26.856535+00:00,2,2025-10-16 23:35:26.856535+00:00,2
854,C_SAC301,1740,SAC,SAC301,KSWCK,2235.4516967813,1,4,12,True,2025-10-16 23:35:26.856535+00:00,2,2025-10-16 23:35:26.856535+00:00,2
855,C_SAL006,1741,SAL,SAL006,SJR127,9384.61347602712,1,4,12,True,2025-10-16 23:35:26.856535+00:00,2,2025-10-16 23:35:26.856535+00:00,2
856,C_SAL017,1742,SAL,SAL017,SAL006,17204.83710917,1,4,12,True,2025-10-16 23:35:26.856535+00:00,2,2025-10-16 23:35:26.856535+00:00,2
857,C_SBP012,1750,SBP,SBP012,SSL001,17322.087891181,1,4,12,True,2025-10-16 23:35:26.856535+00:00,2,2025-10-16 23:35:26.856535+00:00,2
858,C_SBP014,1751,SBP,SBP014,SBP012,2454.42377055223,1,4,12,True,2025-10-16 23:35:26.856535+00:00,2,2025-10-16 23:35:26.856535+00:00,2
859,C_SBP018,1752,SBP,SBP018,SBP014,6437.37598948458,1,4,12,True,2025-10-16 23:35:26.856535+00:00,2,2025-10-16 23:35:26.856535+00:00,2
860,C_SBP021,1753,SBP,SBP021,SBP018,5200.67196633771,1,4,12,True,2025-10-16 23:35:26.856535+00:00,2,2025-10-16 23:35:26.856535+00:00,2
861,C_SBP024,1754,SBP,SBP024,SBP021,4455.39200175394,1,4,12,True,2025-10-16 23:35:26.856535+00:00,2,2025-10-16 23:35:26.856535+00:00,2
862,C_SBP028,1755,SBP,SBP028,SBP024,6437.37598981356,1,4,12,True,2025-10-16 23:35:26.856535+00:00,2,2025-10-16 23:35:26.856535+00:00,2
863,C_SBP031,1756,SBP,SBP031,SBP028,5592.35749243028,1,4,12,True,2025-10-16 23:35:26.856535+00:00,2,2025-10-16 23:35:26.856535+00:00,2
864,C_SCOTF,1757,SCOTF,SCOTF,DER022,2456.36059888587,1,4,12,True,2025-10-16 23:35:26.856535+00:00,2,2025-10-16 23:35:26.856535+00:00,2
865,C_SCR002,1758,SCR,SCR002,DCK012,10795.7931388036,1,4,12,True,2025-10-16 23:35:26.856535+00:00,2,2025-10-16 23:35:26.856535+00:00,2
866,C_SCT000,1759,SCT,SCT000,LST007,4046.89426106498,1,4,12,True,2025-10-16 23:35:26.856535+00:00,2,2025-10-16 23:35:26.856535+00:00,2
867,C_SCW008,1762,SCW,SCW008,CWD009,12588.8664294363,1,4,12,True,2025-10-16 23:35:26.856535+00:00,2,2025-10-16 23:35:26.856535+00:00,2
868,C_SDC001,1763,SDC,SDC001,CLV006,1390.61453970696,1,4,12,True,2025-10-16 23:35:26.856535+00:00,2,2025-10-16 23:35:26.856535+00:00,2
869,C_SDT002,1766,SDT,SDT002,SPICE,2131.7534739614,1,4,12,True,2025-10-16 23:35:26.856535+00:00,2,2025-10-16 23:35:26.856535+00:00,2
870,C_SFA030,1769,SFA,SFA030,FOLSM,47549.2309163967,1,4,12,True,2025-10-16 23:35:26.856535+00:00,2,2025-10-16 23:35:26.856535+00:00,2
871,C_SFA032,1770,SFA,SFA032,SFA030,4102.48012263798,1,4,12,True,2025-10-16 23:35:26.856535+00:00,2,2025-10-16 23:35:26.856535+00:00,2
872,C_SFA035,1771,SFA,SFA035,SFA032,3684.99137339075,1,4,12,True,2025-10-16 23:35:26.856535+00:00,2,2025-10-16 23:35:26.856535+00:00,2
873,C_SFA040,1773,SFA,SFA040,SFA035,9279.09880616171,1,4,12,True,2025-10-16 23:35:26.856535+00:00,2,2025-10-16 23:35:26.856535+00:00,2
874,C_SFA045,1775,SFA,SFA045,SFA040,3130.64362960205,1,4,12,True,2025-10-16 23:35:26.856535+00:00,2,2025-10-16 23:35:26.856535+00:00,2
875,C_SFA046,1776,SFA,SFA046,SFA045,360.948608543471,1,4,12,True,2025-10-16 23:35:26.856535+00:00,2,2025-10-16 23:35:26.856535+00:00,2
876,C_SFA048,1777,SFA,SFA048,SFA046,3914.01553354849,1,4,12,True,2025-10-16 23:35:26.856535+00:00,2,2025-10-16 23:35:26.856535+00:00,2
877,C_SFA059,1778,SFA,SFA059,SFA048,16804.2336212966,1,4,12,True,2025-10-16 23:35:26.856535+00:00,2,2025-10-16 23:35:26.856535+00:00,2
878,C_SFA063,1779,SFA,SFA063,SFA059,6125.24666221474,1,4,12,True,2025-10-16 23:35:26.856535+00:00,2,2025-10-16 23:35:26.856535+00:00,2
879,C_SFA065,1780,SFA,SFA065,SFA063,5172.45134848114,1,4,12,True,2025-10-16 23:35:26.856535+00:00,2,2025-10-16 23:35:26.856535+00:00,2
880,C_SFA066,1781,SFA,SFA066,SFA065,965.006550930998,1,4,12,True,2025-10-16 23:35:26.856535+00:00,2,2025-10-16 23:35:26.856535+00:00,2
881,C_SFA067,1782,SFA,SFA067,SFA066,416.01807096461,1,4,12,True,2025-10-16 23:35:26.856535+00:00,2,2025-10-16 23:35:26.856535+00:00,2
882,C_SFA068,1783,SFA,SFA068,SFA067,2001.37344864276,1,4,12,True,2025-10-16 23:35:26.856535+00:00,2,2025-10-16 23:35:26.856535+00:00,2
883,C_SFA076,1784,SFA,SFA076,SFA068,13352.2532686779,1,4,12,True,2025-10-16 23:35:26.856535+00:00,2,2025-10-16 23:35:26.856535+00:00,2
884,C_SFA079,1785,SFA,SFA079,SFA076,4409.76993684258,1,4,12,True,2025-10-16 23:35:26.856535+00:00,2,2025-10-16 23:35:26.856535+00:00,2
885,C_SFA085,1786,SFA,SFA084,SFA079,9445.0538703858,1,4,12,True,2025-10-16 23:35:26.856535+00:00,2,2025-10-16 23:35:26.856535+00:00,2
886,C_SFD003,1787,SFD,SFD003,DER027,5177.23741747687,1,4,12,True,2025-10-16 23:35:26.856535+00:00,2,2025-10-16 23:35:26.856535+00:00,2
887,C_SFF002,1788,SFF,SFF002,FTR074,3949.50054303062,1,4,12,True,2025-10-16 23:35:26.856535+00:00,2,2025-10-16 23:35:26.856535+00:00,2
888,C_SFF008,1789,SFF,SFF008,SFF002,8469.61585353448,1,4,12,True,2025-10-16 23:35:26.856535+00:00,2,2025-10-16 23:35:26.856535+00:00,2
889,C_SFF011,1790,SFF,SFF011,SFF008,5281.00770918914,1,4,12,True,2025-10-16 23:35:26.856535+00:00,2,2025-10-16 23:35:26.856535+00:00,2
890,C_SFF018,1791,SFF,SFF018,SFF011,11494.4221952893,1,4,12,True,2025-10-16 23:35:26.856535+00:00,2,2025-10-16 23:35:26.856535+00:00,2
891,C_SFF020,1793,SFF,SFF020,SFF018,2548.90091646301,1,4,12,True,2025-10-16 23:35:26.856535+00:00,2,2025-10-16 23:35:26.856535+00:00,2
892,C_SFF028,1794,SFF,SFF028,SFF020,14715.0523093507,1,4,12,True,2025-10-16 23:35:26.856535+00:00,2,2025-10-16 23:35:26.856535+00:00,2
893,C_SFF029,1795,SFF,SFF029,SFF028,183.471475460811,1,4,12,True,2025-10-16 23:35:26.856535+00:00,2,2025-10-16 23:35:26.856535+00:00,2
894,C_SFF039,1796,SFF,SFF039,SFF029,15317.3989388005,1,4,12,True,2025-10-16 23:35:26.856535+00:00,2,2025-10-16 23:35:26.856535+00:00,2
895,C_SFM003,1797,SFM,SFM003,MFM001,4405.13357635813,1,4,12,True,2025-10-16 23:35:26.856535+00:00,2,2025-10-16 23:35:26.856535+00:00,2
896,C_SFM005,1798,SFM,SFM005,SFM003,3945.02153428301,1,4,12,True,2025-10-16 23:35:26.856535+00:00,2,2025-10-16 23:35:26.856535+00:00,2
897,C_SFR004,1799,SFR,SFR004,RUB023,8011.19796306067,1,4,12,True,2025-10-16 23:35:26.856535+00:00,2,2025-10-16 23:35:26.856535+00:00,2
898,C_SFR005,1800,SFR,SFR005,SFR004,292.625558706809,1,4,12,True,2025-10-16 23:35:26.856535+00:00,2,2025-10-16 23:35:26.856535+00:00,2
899,C_SFR006,1801,SFR,SFR006,SFR005,1976.02401465956,1,4,12,True,2025-10-16 23:35:26.856535+00:00,2,2025-10-16 23:35:26.856535+00:00,2
900,C_SFS013,1802,SFS,SFS013,SLV016,20370.2725388928,1,4,12,True,2025-10-16 23:35:26.856535+00:00,2,2025-10-16 23:35:26.856535+00:00,2
901,C_SFS030,1805,SFS,SFS030,LYONS,17353.193773968,1,4,12,True,2025-10-16 23:35:26.856535+00:00,2,2025-10-16 23:35:26.856535+00:00,2
902,C_SFS033,1806,SFS,SFS033,SFS030,4361.63593346619,1,4,12,True,2025-10-16 23:35:26.856535+00:00,2,2025-10-16 23:35:26.856535+00:00,2
903,C_SFT000,1807,SFT,SFT000,LST007,4396.32349658171,1,4,12,True,2025-10-16 23:35:26.856535+00:00,2,2025-10-16 23:35:26.856535+00:00,2
904,C_SFT002,1808,SFT,SFT002,TUO097,4016.28411455169,1,4,12,True,2025-10-16 23:35:26.856535+00:00,2,2025-10-16 23:35:26.856535+00:00,2
905,C_SFT003,1809,SFT,SFT003,SFT002,1267.99007877744,1,4,12,True,2025-10-16 23:35:26.856535+00:00,2,2025-10-16 23:35:26.856535+00:00,2
906,C_SFY007,1814,SFY,SFY007,YUB030,11649.6817314132,1,4,12,True,2025-10-16 23:35:26.856535+00:00,2,2025-10-16 23:35:26.856535+00:00,2
907,C_SFY033,1815,SFY,SFY033,SFY007,41754.2159341889,1,4,12,True,2025-10-16 23:35:26.856535+00:00,2,2025-10-16 23:35:26.856535+00:00,2
908,C_SFY040,1816,SFY,SFY040,SFY033,12235.8305122111,1,4,12,True,2025-10-16 23:35:26.856535+00:00,2,2025-10-16 23:35:26.856535+00:00,2
909,C_SFY041,1817,SFY,SFY041,SFY040,826.608356575105,1,4,12,True,2025-10-16 23:35:26.856535+00:00,2,2025-10-16 23:35:26.856535+00:00,2
910,C_SFY043,1818,SFY,SFY043,SPLDG,997.261579016788,1,4,12,True,2025-10-16 23:35:26.856535+00:00,2,2025-10-16 23:35:26.856535+00:00,2
911,C_SFY044,1819,SFY,SFY044,SPLDG,2067.44464566562,1,4,12,True,2025-10-16 23:35:26.856535+00:00,2,2025-10-16 23:35:26.856535+00:00,2
912,C_SFY048,1820,SFY,SFY048,SFY044,6828.08089684327,1,4,12,True,2025-10-16 23:35:26.856535+00:00,2,2025-10-16 23:35:26.856535+00:00,2
913,C_SGRGE,1821,SGRGE,SGRGE,BLKBT,37014.9120231678,1,4,12,True,2025-10-16 23:35:26.856535+00:00,2,2025-10-16 23:35:26.856535+00:00,2
914,C_SHSTA,1822,SHSTA,SHSTA,SAC301,14053.8007973605,1,4,12,True,2025-10-16 23:35:26.856535+00:00,2,2025-10-16 23:35:26.856535+00:00,2
915,C_SILVR,1824,SILVR,SILVR,SLF015,402.701888688218,1,4,12,True,2025-10-16 23:35:26.856535+00:00,2,2025-10-16 23:35:26.856535+00:00,2
916,C_SJR006,1825,SJR,SJR006,SAC000,9656.08330299599,1,4,12,True,2025-10-16 23:35:26.856535+00:00,2,2025-10-16 23:35:26.856535+00:00,2
917,C_SJR009,1826,SJR,SJR009,SJR006,4828.18884339264,1,4,12,True,2025-10-16 23:35:26.856535+00:00,2,2025-10-16 23:35:26.856535+00:00,2
918,C_SJR013,1827,SJR,SJR013,SJR009,6437.24171052345,1,4,12,True,2025-10-16 23:35:26.856535+00:00,2,2025-10-16 23:35:26.856535+00:00,2
919,C_SJR022,1828,SJR,SJR022,SJR013,13964.0376933723,1,4,12,True,2025-10-16 23:35:26.856535+00:00,2,2025-10-16 23:35:26.856535+00:00,2
920,C_SJR023,1829,SJR,SJR023,SJR022,2559.39300092114,1,4,12,True,2025-10-16 23:35:26.856535+00:00,2,2025-10-16 23:35:26.856535+00:00,2
921,C_SJR026,1830,SJR,SJR026,SJR023,4225.60309551714,1,4,12,True,2025-10-16 23:35:26.856535+00:00,2,2025-10-16 23:35:26.856535+00:00,2
922,C_SJR028,1831,SJR,SJR028,SJR026,3756.44744163546,1,4,12,True,2025-10-16 23:35:26.856535+00:00,2,2025-10-16 23:35:26.856535+00:00,2
923,C_SJR033,1832,SJR,SJR033,SJR028,7028.94558915697,1,4,12,True,2025-10-16 23:35:26.856535+00:00,2,2025-10-16 23:35:26.856535+00:00,2
924,C_SJR038,1833,SJR,SJR038,SJR033,7948.56409471224,1,4,12,True,2025-10-16 23:35:26.856535+00:00,2,2025-10-16 23:35:26.856535+00:00,2
925,C_SJR042,1834,SJR,SJR042,SJR038,6667.04234900104,1,4,12,True,2025-10-16 23:35:26.856535+00:00,2,2025-10-16 23:35:26.856535+00:00,2
926,C_SJR043,1835,SJR,SJR043,SJR042,2003.93538894639,1,4,12,True,2025-10-16 23:35:26.856535+00:00,2,2025-10-16 23:35:26.856535+00:00,2
927,C_SJR048,1836,SJR,SJR048,SJR043,8173.18397911776,1,4,12,True,2025-10-16 23:35:26.856535+00:00,2,2025-10-16 23:35:26.856535+00:00,2
928,C_SJR053A,1837,SJR,SJR053,SJR048,8582.50948273297,1,4,12,True,2025-10-16 23:35:26.856535+00:00,2,2025-10-16 23:35:26.856535+00:00,2
929,C_SJR053B,1838,SJR,SJR053,OMR039,12717.964245378,1,4,12,True,2025-10-16 23:35:26.856535+00:00,2,2025-10-16 23:35:26.856535+00:00,2
930,C_SJR053a,1839,SJR,SJR053a,SJR048,8595.95583364693,1,4,12,True,2025-10-16 23:35:26.856535+00:00,2,2025-10-16 23:35:26.856535+00:00,2
931,C_SJR056,1841,SJR,SJR056,SJR053,4278.82190724643,1,4,12,True,2025-10-16 23:35:26.856535+00:00,2,2025-10-16 23:35:26.856535+00:00,2
932,C_SJR062,1842,SJR,SJR062,SJR056,9078.33622723155,1,4,12,True,2025-10-16 23:35:26.856535+00:00,2,2025-10-16 23:35:26.856535+00:00,2
933,C_SJR070,1843,SJR,SJR070,SJR062,13155.7009321381,1,4,12,True,2025-10-16 23:35:26.856535+00:00,2,2025-10-16 23:35:26.856535+00:00,2
934,C_SJR072,1844,SJR,SJR072,SJR070,4422.65114597568,1,4,12,True,2025-10-16 23:35:26.856535+00:00,2,2025-10-16 23:35:26.856535+00:00,2
935,C_SJR075,1845,SJR,SJR075,SJR072,3783.50716422691,1,4,12,True,2025-10-16 23:35:26.856535+00:00,2,2025-10-16 23:35:26.856535+00:00,2
936,C_SJR081,1846,SJR,SJR081,SJR075,10575.6954662394,1,4,12,True,2025-10-16 23:35:26.856535+00:00,2,2025-10-16 23:35:26.856535+00:00,2
937,C_SJR082,1847,SJR,SJR082,SJR081,433.974712109888,1,4,12,True,2025-10-16 23:35:26.856535+00:00,2,2025-10-16 23:35:26.856535+00:00,2
938,C_SJR087,1848,SJR,SJR087,SJR082,8939.27625543404,1,4,12,True,2025-10-16 23:35:26.856535+00:00,2,2025-10-16 23:35:26.856535+00:00,2
939,C_SJR090,1849,SJR,SJR090,SJR087,4328.68900799953,1,4,12,True,2025-10-16 23:35:26.856535+00:00,2,2025-10-16 23:35:26.856535+00:00,2
940,C_SJR091,1850,SJR,SJR091,SJR090,1612.24618115692,1,4,12,True,2025-10-16 23:35:26.856535+00:00,2,2025-10-16 23:35:26.856535+00:00,2
941,C_SJR096,1851,SJR,SJR096,SJR091,7954.73533601585,1,4,12,True,2025-10-16 23:35:26.856535+00:00,2,2025-10-16 23:35:26.856535+00:00,2
942,C_SJR101,1852,SJR,SJR101,SJR096,7389.41988713041,1,4,12,True,2025-10-16 23:35:26.856535+00:00,2,2025-10-16 23:35:26.856535+00:00,2
943,C_SJR105,1854,SJR,SJR105,SJR101,6690.66711174396,1,4,12,True,2025-10-16 23:35:26.856535+00:00,2,2025-10-16 23:35:26.856535+00:00,2
944,C_SJR106,1855,SJR,SJR106,SJR105,2791.26351665099,1,4,12,True,2025-10-16 23:35:26.856535+00:00,2,2025-10-16 23:35:26.856535+00:00,2
945,C_SJR111,1856,SJR,SJR111,SJR106,7357.9595622524,1,4,12,True,2025-10-16 23:35:26.856535+00:00,2,2025-10-16 23:35:26.856535+00:00,2
946,C_SJR114,1857,SJR,SJR114,SJR111,5180.25724082072,1,4,12,True,2025-10-16 23:35:26.856535+00:00,2,2025-10-16 23:35:26.856535+00:00,2
947,C_SJR115,1858,SJR,SJR115,SJR114,2640.25382631199,1,4,12,True,2025-10-16 23:35:26.856535+00:00,2,2025-10-16 23:35:26.856535+00:00,2
948,C_SJR116,1859,SJR,SJR116,SJR115,226.22498939084,1,4,12,True,2025-10-16 23:35:26.856535+00:00,2,2025-10-16 23:35:26.856535+00:00,2
949,C_SJR117,1860,SJR,SJR117,SJR116,1908.80061008585,1,4,12,True,2025-10-16 23:35:26.856535+00:00,2,2025-10-16 23:35:26.856535+00:00,2
950,C_SJR119,1861,SJR,SJR119,SJR117,3077.2257631267,1,4,12,True,2025-10-16 23:35:26.856535+00:00,2,2025-10-16 23:35:26.856535+00:00,2
951,C_SJR123,1862,SJR,SJR123,SJR119,6629.06654957698,1,4,12,True,2025-10-16 23:35:26.856535+00:00,2,2025-10-16 23:35:26.856535+00:00,2
952,C_SJR127,1863,SJR,SJR127,SJR123,5932.23399007096,1,4,12,True,2025-10-16 23:35:26.856535+00:00,2,2025-10-16 23:35:26.856535+00:00,2
953,C_SJR131,1864,SJR,SJR131,SJR127,6503.248882581,1,4,12,True,2025-10-16 23:35:26.856535+00:00,2,2025-10-16 23:35:26.856535+00:00,2
954,C_SJR134,1865,SJR,SJR134,SJR131,4500.7131372506,1,4,12,True,2025-10-16 23:35:26.856535+00:00,2,2025-10-16 23:35:26.856535+00:00,2
955,C_SJR141,1866,SJR,SJR141,SJR134,11682.3915860436,1,4,12,True,2025-10-16 23:35:26.856535+00:00,2,2025-10-16 23:35:26.856535+00:00,2
956,C_SJR145,1867,SJR,SJR145,SJR141,6979.73385858076,1,4,12,True,2025-10-16 23:35:26.856535+00:00,2,2025-10-16 23:35:26.856535+00:00,2
957,C_SJR152,1868,SJR,SJR152,SJR145,10723.0855004231,1,4,12,True,2025-10-16 23:35:26.856535+00:00,2,2025-10-16 23:35:26.856535+00:00,2
958,C_SJR157,1869,SJR,SJR157,SJR152,8046.73612960084,1,4,12,True,2025-10-16 23:35:26.856535+00:00,2,2025-10-16 23:35:26.856535+00:00,2
959,C_SJR166,1870,SJR,SJR166,SJR157,15195.0836575284,1,4,12,True,2025-10-16 23:35:26.856535+00:00,2,2025-10-16 23:35:26.856535+00:00,2
960,C_SJR173,1871,SJR,SJR173,SJR166,10554.4718595297,1,4,12,True,2025-10-16 23:35:26.856535+00:00,2,2025-10-16 23:35:26.856535+00:00,2
961,C_SJR179,1872,SJR,SJR179,SJR173,9973.25522988949,1,4,12,True,2025-10-16 23:35:26.856535+00:00,2,2025-10-16 23:35:26.856535+00:00,2
962,C_SJR180,1873,SJR,SJR180,SJR179,1292.17532445308,1,4,12,True,2025-10-16 23:35:26.856535+00:00,2,2025-10-16 23:35:26.856535+00:00,2
963,C_SJR185,1874,SJR,SJR185,SJR180,8046.73605686957,1,4,12,True,2025-10-16 23:35:26.856535+00:00,2,2025-10-16 23:35:26.856535+00:00,2
964,C_SJR192,1875,SJR,SJR192,SJR185,11265.4305373345,1,4,12,True,2025-10-16 23:35:26.856535+00:00,2,2025-10-16 23:35:26.856535+00:00,2
965,C_SJR195,1876,SJR,SJR195,SJR192,4927.01804139812,1,4,12,True,2025-10-16 23:35:26.856535+00:00,2,2025-10-16 23:35:26.856535+00:00,2
966,C_SJR198,1877,SJR,SJR198,SJR195,4729.06528148776,1,4,12,True,2025-10-16 23:35:26.856535+00:00,2,2025-10-16 23:35:26.856535+00:00,2
967,C_SJR200,1878,SJR,SJR200,SJR198,3218.6944550385,1,4,12,True,2025-10-16 23:35:26.856535+00:00,2,2025-10-16 23:35:26.856535+00:00,2
968,C_SJR201,1879,SJR,SJR201,SJR200,1373.62013269384,1,4,12,True,2025-10-16 23:35:26.856535+00:00,2,2025-10-16 23:35:26.856535+00:00,2
969,C_SJR205,1880,SJR,SJR205,MDOTA,4114.91094389416,1,4,12,True,2025-10-16 23:35:26.856535+00:00,2,2025-10-16 23:35:26.856535+00:00,2
970,C_SJR213,1881,SJR,SJR213,SJR205,13457.1248990004,1,4,12,True,2025-10-16 23:35:26.856535+00:00,2,2025-10-16 23:35:26.856535+00:00,2
971,C_SJR214,1882,SJR,SJR214,SJR213,171.128564081629,1,4,12,True,2025-10-16 23:35:26.856535+00:00,2,2025-10-16 23:35:26.856535+00:00,2
972,C_SJR221,1883,SJR,SJR221,SJR214,11700.2511243551,1,4,12,True,2025-10-16 23:35:26.856535+00:00,2,2025-10-16 23:35:26.856535+00:00,2
973,C_SJR225,1884,SJR,SJR225,SJR221,6647.82975828583,1,4,12,True,2025-10-16 23:35:26.856535+00:00,2,2025-10-16 23:35:26.856535+00:00,2
974,C_SJR227,1885,SJR,SJR227,SJR225,2250.50219564065,1,4,12,True,2025-10-16 23:35:26.856535+00:00,2,2025-10-16 23:35:26.856535+00:00,2
975,C_SJR235,1886,SJR,SJR235,SJR227,13632.529141613,1,4,12,True,2025-10-16 23:35:26.856535+00:00,2,2025-10-16 23:35:26.856535+00:00,2
976,C_SJR242,1887,SJR,SJR242,SJR235,11265.4305011962,1,4,12,True,2025-10-16 23:35:26.856535+00:00,2,2025-10-16 23:35:26.856535+00:00,2
977,C_SJR249,1888,SJR,SJR249,SJR242,11265.4305474335,1,4,12,True,2025-10-16 23:35:26.856535+00:00,2,2025-10-16 23:35:26.856535+00:00,2
978,C_SJR256,1889,SJR,SJR256,SJR249,11265.4305508983,1,4,12,True,2025-10-16 23:35:26.856535+00:00,2,2025-10-16 23:35:26.856535+00:00,2
979,C_SJR258,1890,SJR,SJR258,SJR256,3363.68565732413,1,4,12,True,2025-10-16 23:35:26.856535+00:00,2,2025-10-16 23:35:26.856535+00:00,2
980,C_SJR263,1891,SJR,SJR263,SJR258,8686.88519962444,1,4,12,True,2025-10-16 23:35:26.856535+00:00,2,2025-10-16 23:35:26.856535+00:00,2
981,C_SJR265,1892,SJR,SJR265,SJR263,2270.86460884232,1,4,12,True,2025-10-16 23:35:26.856535+00:00,2,2025-10-16 23:35:26.856535+00:00,2
982,C_SLC002,1912,SLC,SLC002,LNG012,5543.34100054996,1,4,12,True,2025-10-16 23:35:26.856535+00:00,2,2025-10-16 23:35:26.856535+00:00,2
983,C_SLC003,1913,SLC,SLC003,SLC002,79.8460687875082,1,4,12,True,2025-10-16 23:35:26.856535+00:00,2,2025-10-16 23:35:26.856535+00:00,2
984,C_SLD027,1915,SLD,SLD027,MSN009,43452.3748799429,1,4,12,True,2025-10-16 23:35:26.856535+00:00,2,2025-10-16 23:35:26.856535+00:00,2
985,C_SLF006,1916,SLF,SLF006,SFA067,10326.3119319722,1,4,12,True,2025-10-16 23:35:26.856535+00:00,2,2025-10-16 23:35:26.856535+00:00,2
986,C_SLF009,1917,SLF,SLF009,SFA006,3512.1489766944,1,4,12,True,2025-10-16 23:35:26.856535+00:00,2,2025-10-16 23:35:26.856535+00:00,2
987,C_SLF010,1918,SLF,SLF010,SFA006,2687.74264721522,1,4,12,True,2025-10-16 23:35:26.856535+00:00,2,2025-10-16 23:35:26.856535+00:00,2
988,C_SLF014,1919,SLF,SLF015,SLF010,6180.3054718869,1,4,12,True,2025-10-16 23:35:26.856535+00:00,2,2025-10-16 23:35:26.856535+00:00,2
989,C_SLF015,1920,SLF,SLF015,SLF014,1133.50778349638,1,4,12,True,2025-10-16 23:35:26.856535+00:00,2,2025-10-16 23:35:26.856535+00:00,2
990,C_SLO007,1921,SLO,SLO007,SLO000,11983.966165418,1,4,12,True,2025-10-16 23:35:26.856535+00:00,2,2025-10-16 23:35:26.856535+00:00,2
991,C_SLT008,1922,SLT,SLT008,NFY017,14004.6640224091,1,4,12,True,2025-10-16 23:35:26.856535+00:00,2,2025-10-16 23:35:26.856535+00:00,2
992,C_SLT009,1923,SLT,SLT009,SLT008,154.5484990822,1,4,12,True,2025-10-16 23:35:26.856535+00:00,2,2025-10-16 23:35:26.856535+00:00,2
993,C_SLTSP,1924,SLTSP,SLTSP,NFM029,770.722434892837,1,4,12,True,2025-10-16 23:35:26.856535+00:00,2,2025-10-16 23:35:26.856535+00:00,2
994,C_SLUIS,1925,SLUIS,SLUIS,CAA069,3848.50651628725,1,4,12,True,2025-10-16 23:35:26.856535+00:00,2,2025-10-16 23:35:26.856535+00:00,2
995,C_SLV005,1929,SLV,SLV005,SFA048,9474.1292752653,1,4,12,True,2025-10-16 23:35:26.856535+00:00,2,2025-10-16 23:35:26.856535+00:00,2
996,C_SLV006,1930,SLV,SLV006,SLV005,560.0927245393,1,4,12,True,2025-10-16 23:35:26.856535+00:00,2,2025-10-16 23:35:26.856535+00:00,2
997,C_SLV007,1931,SLV,SLV007,SLV006,777.980721502107,1,4,12,True,2025-10-16 23:35:26.856535+00:00,2,2025-10-16 23:35:26.856535+00:00,2
998,C_SLV014,1932,SLV,SLV014,SLV007,13805.0434665177,1,4,12,True,2025-10-16 23:35:26.856535+00:00,2,2025-10-16 23:35:26.856535+00:00,2
999,C_SLV015,1933,SLV,SLV015,SLV014,267.039890812474,1,4,12,True,2025-10-16 23:35:26.856535+00:00,2,2025-10-16 23:35:26.856535+00:00,2
1000,C_SLV016,1934,SLV,SLV016,SLV015,391.304818035404,1,4,12,True,2025-10-16 23:35:26.856535+00:00,2,2025-10-16 23:35:26.856535+00:00,2
1001,C_SLV017,1935,SLV,SLV017,SLV016,1788.10281088035,1,4,12,True,2025-10-16 23:35:26.856535+00:00,2,2025-10-16 23:35:26.856535+00:00,2
1002,C_SLYCK,1936,SLYCK,SLYCK,LST004,2683.16541535384,1,4,12,True,2025-10-16 23:35:26.856535+00:00,2,2025-10-16 23:35:26.856535+00:00,2
1003,C_SPH012,1940,SPH,SPH012,STN090,45.6446925941966,1,4,12,True,2025-10-16 23:35:26.856535+00:00,2,2025-10-16 23:35:26.856535+00:00,2
1004,C_SPICE,1941,SPICE,SPICE,NSF027,9569.90245649879,1,4,12,True,2025-10-16 23:35:26.856535+00:00,2,2025-10-16 23:35:26.856535+00:00,2
1005,C_SPLDG,1942,SPLDG,SPLDG,SFY041,920.602247762196,1,4,12,True,2025-10-16 23:35:26.856535+00:00,2,2025-10-16 23:35:26.856535+00:00,2
1006,C_SPT003,1943,SPT,SPT003,SAC301,1398.34070855997,1,4,12,True,2025-10-16 23:35:26.856535+00:00,2,2025-10-16 23:35:26.856535+00:00,2
1007,C_SSJ001,1945,SSJ,SSJ001,SSJ004,4492.2867174197,1,4,12,True,2025-10-16 23:35:26.856535+00:00,2,2025-10-16 23:35:26.856535+00:00,2
1008,C_SSJ004,1946,SSJ,SSJ004,WDWRD,21671.0079606624,1,4,12,True,2025-10-16 23:35:26.856535+00:00,2,2025-10-16 23:35:26.856535+00:00,2
1009,C_SSL001,1960,SSL,SSL001,SAC085,1990.07871446526,1,4,12,True,2025-10-16 23:35:26.856535+00:00,2,2025-10-16 23:35:26.856535+00:00,2
1010,C_SSR019,1961,SSR,SSR019,STN085,30693.2348141238,1,4,12,True,2025-10-16 23:35:26.856535+00:00,2,2025-10-16 23:35:26.856535+00:00,2
1011,C_STD000,1963,STD,STD000,MFT003,48.423099999316,1,4,12,True,2025-10-16 23:35:26.856535+00:00,2,2025-10-16 23:35:26.856535+00:00,2
1012,C_STH000,1964,STH,STH000,STH001,621.622733891164,1,4,12,True,2025-10-16 23:35:26.856535+00:00,2,2025-10-16 23:35:26.856535+00:00,2
1013,C_STH001,1965,STH,STH001,STH004,5201.18983787671,1,4,12,True,2025-10-16 23:35:26.856535+00:00,2,2025-10-16 23:35:26.856535+00:00,2
1014,C_STH004,1968,STH,STH004,STH005,2532.79341327048,1,4,12,True,2025-10-16 23:35:26.856535+00:00,2,2025-10-16 23:35:26.856535+00:00,2
1015,C_STH005,1969,STH,STH005,STH007,1663.87575544838,1,4,12,True,2025-10-16 23:35:26.856535+00:00,2,2025-10-16 23:35:26.856535+00:00,2
1016,C_STH007,1970,STH,STH007,NFA011,549.011067771326,1,4,12,True,2025-10-16 23:35:26.856535+00:00,2,2025-10-16 23:35:26.856535+00:00,2
1017,C_STMPY,1971,STMPY,STMPY,PLC009,218.829467088894,1,4,12,True,2025-10-16 23:35:26.856535+00:00,2,2025-10-16 23:35:26.856535+00:00,2
1018,C_STN004,1972,STN,STN004,SAC193,5937.77962524744,1,4,12,True,2025-10-16 23:35:26.856535+00:00,2,2025-10-16 23:35:26.856535+00:00,2
1019,C_STN009,1973,STN,STN009,STN004,8546.31641618213,1,4,12,True,2025-10-16 23:35:26.856535+00:00,2,2025-10-16 23:35:26.856535+00:00,2
1020,C_STN014,1974,STN,STN014,STN009,8046.71993999928,1,4,12,True,2025-10-16 23:35:26.856535+00:00,2,2025-10-16 23:35:26.856535+00:00,2
1021,C_STN021,1975,STN,STN021,STN014,11144.5405232447,1,4,12,True,2025-10-16 23:35:26.856535+00:00,2,2025-10-16 23:35:26.856535+00:00,2
1022,C_STN026,1976,STN,STN026,STN021,7570.78379045238,1,4,12,True,2025-10-16 23:35:26.856535+00:00,2,2025-10-16 23:35:26.856535+00:00,2
1023,C_STS011,1978,STS,STS011,SJR072,17702.8194188595,1,4,12,True,2025-10-16 23:35:26.856535+00:00,2,2025-10-16 23:35:26.856535+00:00,2
1024,C_STS017,1979,STS,STS017,STS011,9443.64147185554,1,4,12,True,2025-10-16 23:35:26.856535+00:00,2,2025-10-16 23:35:26.856535+00:00,2
1025,C_STS020,1980,STS,STS020,STS017,5040.48349575932,1,4,12,True,2025-10-16 23:35:26.856535+00:00,2,2025-10-16 23:35:26.856535+00:00,2
1026,C_STS030,1981,STS,STS030,STS020,16093.4722087246,1,4,12,True,2025-10-16 23:35:26.856535+00:00,2,2025-10-16 23:35:26.856535+00:00,2
1027,C_STS036,1982,STS,STS036,STS030,9656.08324859722,1,4,12,True,2025-10-16 23:35:26.856535+00:00,2,2025-10-16 23:35:26.856535+00:00,2
1028,C_STS043,1983,STS,STS043,STS036,11265.4305619097,1,4,12,True,2025-10-16 23:35:26.856535+00:00,2,2025-10-16 23:35:26.856535+00:00,2
1029,C_STS048,1984,STS,STS048,STS043,7532.83613026925,1,4,12,True,2025-10-16 23:35:26.856535+00:00,2,2025-10-16 23:35:26.856535+00:00,2
1030,C_STS050,1985,STS,STS050,STS048,3732.59444864253,1,4,12,True,2025-10-16 23:35:26.856535+00:00,2,2025-10-16 23:35:26.856535+00:00,2
1031,C_STS053,1986,STS,STS053,STS050,4828.04155718075,1,4,12,True,2025-10-16 23:35:26.856535+00:00,2,2025-10-16 23:35:26.856535+00:00,2
1032,C_STS058,1987,STS,STS058,STS053,8775.19886467872,1,4,12,True,2025-10-16 23:35:26.856535+00:00,2,2025-10-16 23:35:26.856535+00:00,2
1033,C_STS059,1988,STS,STS059,STS058,1512.75230304207,1,4,12,True,2025-10-16 23:35:26.856535+00:00,2,2025-10-16 23:35:26.856535+00:00,2
1034,C_STS060,1989,STS,STS060,STS059,2587.82413538541,1,4,12,True,2025-10-16 23:35:26.856535+00:00,2,2025-10-16 23:35:26.856535+00:00,2
1035,C_STS069,1990,STS,STS069,TULOC,12413.7490710725,1,4,12,True,2025-10-16 23:35:26.856535+00:00,2,2025-10-16 23:35:26.856535+00:00,2
1036,C_STS072,1991,STS,STS0172,MELON,4234.6883692908,1,4,12,True,2025-10-16 23:35:26.856535+00:00,2,2025-10-16 23:35:26.856535+00:00,2
1037,C_STS085,1992,STS,STS085,STS072,20464.5028051781,1,4,12,True,2025-10-16 23:35:26.856535+00:00,2,2025-10-16 23:35:26.856535+00:00,2
1038,C_STS090,1993,STS,STS090,STS085,9781.02997320152,1,4,12,True,2025-10-16 23:35:26.856535+00:00,2,2025-10-16 23:35:26.856535+00:00,2
1039,C_STS091,1994,STS,STS091,STS090,705.377880998462,1,4,12,True,2025-10-16 23:35:26.856535+00:00,2,2025-10-16 23:35:26.856535+00:00,2
1040,C_STS093,1995,STS,STS093,STS091,2495.66711886496,1,4,12,True,2025-10-16 23:35:26.856535+00:00,2,2025-10-16 23:35:26.856535+00:00,2
1041,C_SYC000,1999,SYC,SYC000,SYC001,1047.72322517475,1,4,12,True,2025-10-16 23:35:26.856535+00:00,2,2025-10-16 23:35:26.856535+00:00,2
1042,C_SYC001,2000,SYC,SYC001,SYC002,1576.67317402848,1,4,12,True,2025-10-16 23:35:26.856535+00:00,2,2025-10-16 23:35:26.856535+00:00,2
1043,C_SYC002,2001,SYC,SYC002,SYC003,112.783234181819,1,4,12,True,2025-10-16 23:35:26.856535+00:00,2,2025-10-16 23:35:26.856535+00:00,2
1044,C_SYC003,2002,SYC,SYC003,SYC020,28866.4725530512,1,4,12,True,2025-10-16 23:35:26.856535+00:00,2,2025-10-16 23:35:26.856535+00:00,2
1045,C_SYC020,2003,SYC,SYC020,SFD003,119.44022660621,1,4,12,True,2025-10-16 23:35:26.856535+00:00,2,2025-10-16 23:35:26.856535+00:00,2
1046,C_TAB000,2004,TAB,TAB000,FTR059,417.126957127597,1,4,12,True,2025-10-16 23:35:26.856535+00:00,2,2025-10-16 23:35:26.856535+00:00,2
1047,C_TCC001,2005,TCC,TCC001,TCC022,34607.775075432,1,4,12,True,2025-10-16 23:35:26.856535+00:00,2,2025-10-16 23:35:26.856535+00:00,2
1048,C_TCC022,2006,TCC,TCC022,TCC031,14484.0959535991,1,4,12,True,2025-10-16 23:35:26.856535+00:00,2,2025-10-16 23:35:26.856535+00:00,2
1049,C_TCC031,2007,TCC,TCC031,TCC036,8046.71995449497,1,4,12,True,2025-10-16 23:35:26.856535+00:00,2,2025-10-16 23:35:26.856535+00:00,2
1050,C_TCC036,2008,TCC,TCC036,TCC062,42476.4813664984,1,4,12,True,2025-10-16 23:35:26.856535+00:00,2,2025-10-16 23:35:26.856535+00:00,2
1051,C_TCC062,2009,TCC,TCC062,TCC066,6207.04060428468,1,4,12,True,2025-10-16 23:35:26.856535+00:00,2,2025-10-16 23:35:26.856535+00:00,2
1052,C_TCC066,2010,TCC,TCC066,TCC081,23736.9581105531,1,4,12,True,2025-10-16 23:35:26.856535+00:00,2,2025-10-16 23:35:26.856535+00:00,2
1053,C_TCC081,2011,TCC,TCC081,TCC085,7163.35324887844,1,4,12,True,2025-10-16 23:35:26.856535+00:00,2,2025-10-16 23:35:26.856535+00:00,2
1054,C_TCC085,2012,TCC,TCC085,TCC111,40945.2580430148,1,4,12,True,2025-10-16 23:35:26.856535+00:00,2,2025-10-16 23:35:26.856535+00:00,2
1055,C_TFR000,2013,TFR,TFR000,SFY033,6629.30144472335,1,4,12,True,2025-10-16 23:35:26.856535+00:00,2,2025-10-16 23:35:26.856535+00:00,2
1056,C_TGC002,2014,TGC,TGC002,NFM012,3154.25453792644,1,4,12,True,2025-10-16 23:35:26.856535+00:00,2,2025-10-16 23:35:26.856535+00:00,2
1057,C_TGC003,2015,TGC,TGC003,TGC002,2746.24966141265,1,4,12,True,2025-10-16 23:35:26.856535+00:00,2,2025-10-16 23:35:26.856535+00:00,2
1058,C_TGR000,2016,TGR,TGR000,TGR001,273.552518024825,1,4,12,True,2025-10-16 23:35:26.856535+00:00,2,2025-10-16 23:35:26.856535+00:00,2
1059,C_TGR001,2017,TGR,TGR001,TGR002,2172.1592152671,1,4,12,True,2025-10-16 23:35:26.856535+00:00,2,2025-10-16 23:35:26.856535+00:00,2
1060,C_TGR002,2018,TGR,TGR002,TGR006,7396.81340154486,1,4,12,True,2025-10-16 23:35:26.856535+00:00,2,2025-10-16 23:35:26.856535+00:00,2
1061,C_TGR006,2019,TGR,TGR006,TGR018,18851.5885577093,1,4,12,True,2025-10-16 23:35:26.856535+00:00,2,2025-10-16 23:35:26.856535+00:00,2
1062,C_TGR021,2020,TGR,TGR021,NFM011,76.3794807034542,1,4,12,True,2025-10-16 23:35:26.856535+00:00,2,2025-10-16 23:35:26.856535+00:00,2
1063,C_THM005,2021,THM,THM005,SAC224,8046.71996286829,1,4,12,True,2025-10-16 23:35:26.856535+00:00,2,2025-10-16 23:35:26.856535+00:00,2
1064,C_THM012,2022,THM,THM012,THM005,11265.4078795498,1,4,12,True,2025-10-16 23:35:26.856535+00:00,2,2025-10-16 23:35:26.856535+00:00,2
1065,C_THM017,2023,THM,THM017,THM012,8046.72017609208,1,4,12,True,2025-10-16 23:35:26.856535+00:00,2,2025-10-16 23:35:26.856535+00:00,2
1066,C_THM021,2024,THM,THM021,THM017,6437.37594680442,1,4,12,True,2025-10-16 23:35:26.856535+00:00,2,2025-10-16 23:35:26.856535+00:00,2
1067,C_THM026,2025,THM,THM026,THM021,8046.80367468076,1,4,12,True,2025-10-16 23:35:26.856535+00:00,2,2025-10-16 23:35:26.856535+00:00,2
1068,C_THM028,2026,THM,THM028,THM026,2890.19239920237,1,4,12,True,2025-10-16 23:35:26.856535+00:00,2,2025-10-16 23:35:26.856535+00:00,2
1069,C_THRMA,2027,THRMA,THRMA,TAB000,5255.02972069653,1,4,12,True,2025-10-16 23:35:26.856535+00:00,2,2025-10-16 23:35:26.856535+00:00,2
1070,C_THRMF,2028,THRMF,THRMF,THRMA,2829.00486512312,1,4,12,True,2025-10-16 23:35:26.856535+00:00,2,2025-10-16 23:35:26.856535+00:00,2
1071,C_TRN111,2029,TRN,TRN111,,178936.367356551,1,4,12,True,2025-10-16 23:35:26.856535+00:00,2,2025-10-16 23:35:26.856535+00:00,2
1072,C_TRNSF,2030,TRNSF,TRNSF,LVP007,11362.0542383403,1,4,12,True,2025-10-16 23:35:26.856535+00:00,2,2025-10-16 23:35:26.856535+00:00,2
1073,C_TRNTY,2031,TRNTY,TRNTY,LWSTN,11468.2532218851,1,4,12,True,2025-10-16 23:35:26.856535+00:00,2,2025-10-16 23:35:26.856535+00:00,2
1074,C_TTC000,2033,TTC,TTC000,TTC002,3576.09695368081,1,4,12,True,2025-10-16 23:35:26.856535+00:00,2,2025-10-16 23:35:26.856535+00:00,2
1075,C_TTC002,2034,TTC,TTC002,BTC060,3698.3431812636,1,4,12,True,2025-10-16 23:35:26.856535+00:00,2,2025-10-16 23:35:26.856535+00:00,2
1076,C_TULOC,2035,TULOC,TULOC,STS060,340.000859262911,1,4,12,True,2025-10-16 23:35:26.856535+00:00,2,2025-10-16 23:35:26.856535+00:00,2
1077,C_TUO003,2036,TUO,TUO003,SJR081,4828.38181125493,1,4,12,True,2025-10-16 23:35:26.856535+00:00,2,2025-10-16 23:35:26.856535+00:00,2
1078,C_TUO004,2037,TUO,TUO004,TUO003,1180.73851192587,1,4,12,True,2025-10-16 23:35:26.856535+00:00,2,2025-10-16 23:35:26.856535+00:00,2
1079,C_TUO010,2038,TUO,TUO010,TUO004,10084.6920612398,1,4,12,True,2025-10-16 23:35:26.856535+00:00,2,2025-10-16 23:35:26.856535+00:00,2
1080,C_TUO015,2039,TUO,TUO015,TUO010,8046.73606807605,1,4,12,True,2025-10-16 23:35:26.856535+00:00,2,2025-10-16 23:35:26.856535+00:00,2
1081,C_TUO017,2040,TUO,TUO017,TUO015,2594.39575165656,1,4,12,True,2025-10-16 23:35:26.856535+00:00,2,2025-10-16 23:35:26.856535+00:00,2
1082,C_TUO022,2041,TUO,TUO022,TUO017,8671.03480652869,1,4,12,True,2025-10-16 23:35:26.856535+00:00,2,2025-10-16 23:35:26.856535+00:00,2
1083,C_TUO030,2042,TUO,TUO030,TUO022,12874.7777548003,1,4,12,True,2025-10-16 23:35:26.856535+00:00,2,2025-10-16 23:35:26.856535+00:00,2
1084,C_TUO036,2044,TUO,TUO036,TUO030,9656.08324268887,1,4,12,True,2025-10-16 23:35:26.856535+00:00,2,2025-10-16 23:35:26.856535+00:00,2
1085,C_TUO043,2045,TUO,TUO043,TUO036,11265.4306236014,1,4,12,True,2025-10-16 23:35:26.856535+00:00,2,2025-10-16 23:35:26.856535+00:00,2
1086,C_TUO047,2046,TUO,TUO047,TUO043,6437.3887999914,1,4,12,True,2025-10-16 23:35:26.856535+00:00,2,2025-10-16 23:35:26.856535+00:00,2
1087,C_TUO053,2047,TUO,TUO053,TUO047,10342.8906861831,1,4,12,True,2025-10-16 23:35:26.856535+00:00,2,2025-10-16 23:35:26.856535+00:00,2
1088,C_TUO054,2048,TUO,TUO054,TUO053,684.116429528325,1,4,12,True,2025-10-16 23:35:26.856535+00:00,2,2025-10-16 23:35:26.856535+00:00,2
1089,C_TUO073,2049,TUO,TUO073,PEDRO,25901.1764488319,1,4,12,True,2025-10-16 23:35:26.856535+00:00,2,2025-10-16 23:35:26.856535+00:00,2
1090,C_TUO081,2050,TUO,TUO081,TUO073,13688.7819250785,1,4,12,True,2025-10-16 23:35:26.856535+00:00,2,2025-10-16 23:35:26.856535+00:00,2
1091,C_TUO091,2051,TUO,TUO091,TUO081,15476.7487771132,1,4,12,True,2025-10-16 23:35:26.856535+00:00,2,2025-10-16 23:35:26.856535+00:00,2
1092,C_TUO096,2052,TUO,TUO096,TUO091,8792.36955725261,1,4,12,True,2025-10-16 23:35:26.856535+00:00,2,2025-10-16 23:35:26.856535+00:00,2
1093,C_TUO097,2053,TUO,TUO097,TUO096,640.270617585312,1,4,12,True,2025-10-16 23:35:26.856535+00:00,2,2025-10-16 23:35:26.856535+00:00,2
1094,C_TUO102,2054,TUO,TUO102,TUO097,8640.5024920332,1,4,12,True,2025-10-16 23:35:26.856535+00:00,2,2025-10-16 23:35:26.856535+00:00,2
1095,C_TUO103,2055,TUO,TUO103,TUO102,2295.98395592654,1,4,12,True,2025-10-16 23:35:26.856535+00:00,2,2025-10-16 23:35:26.856535+00:00,2
1096,C_TUO104,2056,TUO,TUO104,TUO103,823.272935596875,1,4,12,True,2025-10-16 23:35:26.856535+00:00,2,2025-10-16 23:35:26.856535+00:00,2
1097,C_TUO105,2057,TUO,TUO105,TUO104,1610.71903319781,1,4,12,True,2025-10-16 23:35:26.856535+00:00,2,2025-10-16 23:35:26.856535+00:00,2
1098,C_TUO106,2058,TUO,TUO106,TUO105,1091.43300830873,1,4,12,True,2025-10-16 23:35:26.856535+00:00,2,2025-10-16 23:35:26.856535+00:00,2
1099,C_TUO116,2059,TUO,TUO116,TUO106,16936.2901804231,1,4,12,True,2025-10-16 23:35:26.856535+00:00,2,2025-10-16 23:35:26.856535+00:00,2
1100,C_TUR001,2060,TUR,TUR001,TRLCK,18231.9380361174,1,4,12,True,2025-10-16 23:35:26.856535+00:00,2,2025-10-16 23:35:26.856535+00:00,2
1101,C_TWL005,2061,TWL,TWL005,LBR002,1581.18938112272,1,4,12,True,2025-10-16 23:35:26.856535+00:00,2,2025-10-16 23:35:26.856535+00:00,2
1102,C_UBEAR,2062,UBEAR,UBEAR,LBEAR,4295.89205362892,1,4,12,True,2025-10-16 23:35:26.856535+00:00,2,2025-10-16 23:35:26.856535+00:00,2
1103,C_UFC000,2063,UFC,UFC000,LJC022,36508.0411281518,1,4,12,True,2025-10-16 23:35:26.856535+00:00,2,2025-10-16 23:35:26.856535+00:00,2
1104,C_UNVLY,2064,UNVLY,UNVLY,SLV017,402.151308304758,1,4,12,True,2025-10-16 23:35:26.856535+00:00,2,2025-10-16 23:35:26.856535+00:00,2
1105,C_UTC014,2066,UTC,UTC014,ANG017,1225.3456673418,1,4,12,True,2025-10-16 23:35:26.856535+00:00,2,2025-10-16 23:35:26.856535+00:00,2
1106,C_UVT001,2067,UVT,UVT001,SLV017,41.4993559898492,1,4,12,True,2025-10-16 23:35:26.856535+00:00,2,2025-10-16 23:35:26.856535+00:00,2
1107,C_VLW008,2068,VLW,VLW008,LBN012,6608.31122435903,1,4,12,True,2025-10-16 23:35:26.856535+00:00,2,2025-10-16 23:35:26.856535+00:00,2
1108,C_WBF006,2069,WBF,WBF006,NFF008,9602.28868206975,1,4,12,True,2025-10-16 23:35:26.856535+00:00,2,2025-10-16 23:35:26.856535+00:00,2
1109,C_WBF015,2070,WBF,WBF015,WBF006,14873.3778982285,1,4,12,True,2025-10-16 23:35:26.856535+00:00,2,2025-10-16 23:35:26.856535+00:00,2
1110,C_WBF030,2071,WBF,WBF030,WBF015,22687.9425896466,1,4,12,True,2025-10-16 23:35:26.856535+00:00,2,2025-10-16 23:35:26.856535+00:00,2
1111,C_WBF039,2072,WBF,WBF039,WBF030,15381.9602026423,1,4,12,True,2025-10-16 23:35:26.856535+00:00,2,2025-10-16 23:35:26.856535+00:00,2
1112,C_WBR001,2073,WBR,WBR001,SFA011,2045.99290742838,1,4,12,True,2025-10-16 23:35:26.856535+00:00,2,2025-10-16 23:35:26.856535+00:00,2
1113,C_WBR011,2074,WBR,WBR011,WBR001,15454.5337881464,1,4,12,True,2025-10-16 23:35:26.856535+00:00,2,2025-10-16 23:35:26.856535+00:00,2
1114,C_WEC000,2076,WEC,WEC000,WEC005,8046.99999027817,1,4,12,True,2025-10-16 23:35:26.856535+00:00,2,2025-10-16 23:35:26.856535+00:00,2
1115,C_WKYTN,2077,WKYTN,WKYTN,CLR011,11896.65170999,1,4,12,True,2025-10-16 23:35:26.856535+00:00,2,2025-10-16 23:35:26.856535+00:00,2
1116,C_WLF013,2078,WLF,WLF013,BRR031,20898.5941994006,1,4,12,True,2025-10-16 23:35:26.856535+00:00,2,2025-10-16 23:35:26.856535+00:00,2
1117,C_WLF017,2079,WLF,WLF017,WLF013,5672.71435393928,1,4,12,True,2025-10-16 23:35:26.856535+00:00,2,2025-10-16 23:35:26.856535+00:00,2
1118,C_WLF021,2080,WLF,WLF021,WLF017,6645.1571631476,1,4,12,True,2025-10-16 23:35:26.856535+00:00,2,2025-10-16 23:35:26.856535+00:00,2
1119,C_WRT004,2093,WRT,WRT004,WRT005,446.026091869753,1,4,12,True,2025-10-16 23:35:26.856535+00:00,2,2025-10-16 23:35:26.856535+00:00,2
1120,C_WRT005,2094,WRT,WRT005,SFA032,89.0287012092303,1,4,12,True,2025-10-16 23:35:26.856535+00:00,2,2025-10-16 23:35:26.856535+00:00,2
1121,C_WSB000,2095,WSB,WSB000,WSB005,8046.81787673122,1,4,12,True,2025-10-16 23:35:26.856535+00:00,2,2025-10-16 23:35:26.856535+00:00,2
1122,C_WSB005,2097,WSB,WSB005,YBP023,7456.50612737815,1,4,12,True,2025-10-16 23:35:26.856535+00:00,2,2025-10-16 23:35:26.856535+00:00,2
1123,C_WSE003,2104,WSE,WSE003,WSE004,1191.83652941352,1,4,12,True,2025-10-16 23:35:26.856535+00:00,2,2025-10-16 23:35:26.856535+00:00,2
1124,C_WSE004,2105,WSE,WSE004,WSE008,7537.07914265657,1,4,12,True,2025-10-16 23:35:26.856535+00:00,2,2025-10-16 23:35:26.856535+00:00,2
1125,C_WSE008,2107,WSE,WSE008,STH000,65.8099184912867,1,4,12,True,2025-10-16 23:35:26.856535+00:00,2,2025-10-16 23:35:26.856535+00:00,2
1126,C_WWC006,2111,WWC,WWC006,SBP028,10485.9028587873,1,4,12,True,2025-10-16 23:35:26.856535+00:00,2,2025-10-16 23:35:26.856535+00:00,2
1127,C_WWW001,2112,WWW,WWW001,SJR087,5639.03322403149,1,4,12,True,2025-10-16 23:35:26.856535+00:00,2,2025-10-16 23:35:26.856535+00:00,2
1128,C_XCC010,2113,XCC,XCC010,XCC025,24650.0715343232,1,4,12,True,2025-10-16 23:35:26.856535+00:00,2,2025-10-16 23:35:26.856535+00:00,2
1129,C_XCC025,2114,XCC,XCC025,XCC033,12509.2450928456,1,4,12,True,2025-10-16 23:35:26.856535+00:00,2,2025-10-16 23:35:26.856535+00:00,2
1130,C_XCC033,2115,XCC,XCC033,XCC043,15524.6471132173,1,4,12,True,2025-10-16 23:35:26.856535+00:00,2,2025-10-16 23:35:26.856535+00:00,2
1131,C_XCC043,2116,XCC,XCC043,XCC053,16517.966617375,1,4,12,True,2025-10-16 23:35:26.856535+00:00,2,2025-10-16 23:35:26.856535+00:00,2
1132,C_XCC053,2117,XCC,XCC053,XCC054,1470.87328390257,1,4,12,True,2025-10-16 23:35:26.856535+00:00,2,2025-10-16 23:35:26.856535+00:00,2
1133,C_YBP002,2118,YBP,YBP002,CSL005,3313.44978093094,1,4,12,True,2025-10-16 23:35:26.856535+00:00,2,2025-10-16 23:35:26.856535+00:00,2
1134,C_YBP007,2119,YBP,YBP007,YBP002,8046.73613635105,1,4,12,True,2025-10-16 23:35:26.856535+00:00,2,2025-10-16 23:35:26.856535+00:00,2
1135,C_YBP011,2120,YBP,YBP011,YBP007,6437.38883529347,1,4,12,True,2025-10-16 23:35:26.856535+00:00,2,2025-10-16 23:35:26.856535+00:00,2
1136,C_YBP014,2121,YBP,YBP014,YBP011,4828.04164403989,1,4,12,True,2025-10-16 23:35:26.856535+00:00,2,2025-10-16 23:35:26.856535+00:00,2
1137,C_YBP016,2122,YBP,YBP016,YBP014,3218.69442677555,1,4,12,True,2025-10-16 23:35:26.856535+00:00,2,2025-10-16 23:35:26.856535+00:00,2
1138,C_YBP020,2123,YBP,YBP020,YBP016,6321.06947604486,1,4,12,True,2025-10-16 23:35:26.856535+00:00,2,2025-10-16 23:35:26.856535+00:00,2
1139,C_YBP023,2124,YBP,YBP023,YBP020,5541.03504760883,1,4,12,True,2025-10-16 23:35:26.856535+00:00,2,2025-10-16 23:35:26.856535+00:00,2
1140,C_YBP026,2125,YBP,YBP026,YBP023,4231.36776281557,1,4,12,True,2025-10-16 23:35:26.856535+00:00,2,2025-10-16 23:35:26.856535+00:00,2
1141,C_YBP032,2126,YBP,YBP032,YBP026,9204.99987306771,1,4,12,True,2025-10-16 23:35:26.856535+00:00,2,2025-10-16 23:35:26.856535+00:00,2
1142,C_YBP034,2127,YBP,YBP034,YBP032,4002.78981253724,1,4,12,True,2025-10-16 23:35:26.856535+00:00,2,2025-10-16 23:35:26.856535+00:00,2
1143,C_YBP037,2128,YBP,YBP037,YBP034,4495.02960960183,1,4,12,True,2025-10-16 23:35:26.856535+00:00,2,2025-10-16 23:35:26.856535+00:00,2
1144,C_YUB002,2129,YUB,YUB002,FTR028,3118.04331773276,1,4,12,True,2025-10-16 23:35:26.856535+00:00,2,2025-10-16 23:35:26.856535+00:00,2
1145,C_YUB003,2130,YUB,YUB003,YUB002,1709.98867444803,1,4,12,True,2025-10-16 23:35:26.856535+00:00,2,2025-10-16 23:35:26.856535+00:00,2
1146,C_YUB006,2131,YUB,YUB006,YUB003,4828.03203248246,1,4,12,True,2025-10-16 23:35:26.856535+00:00,2,2025-10-16 23:35:26.856535+00:00,2
1147,C_YUB011,2132,YUB,YUB011,YUB006,8541.01560254335,1,4,12,True,2025-10-16 23:35:26.856535+00:00,2,2025-10-16 23:35:26.856535+00:00,2
1148,C_YUB013,2133,YUB,YUB013,YUB011,2724.39253730441,1,4,12,True,2025-10-16 23:35:26.856535+00:00,2,2025-10-16 23:35:26.856535+00:00,2
1149,C_YUB014,2134,YUB,YUB014,YUB013,478.048597776488,1,4,12,True,2025-10-16 23:35:26.856535+00:00,2,2025-10-16 23:35:26.856535+00:00,2
1150,C_YUB022,2135,YUB,YUB022,YUB014,13562.7358852987,1,4,12,True,2025-10-16 23:35:26.856535+00:00,2,2025-10-16 23:35:26.856535+00:00,2
1151,C_YUB023,2136,YUB,YUB023,YUB022,1548.66963147254,1,4,12,True,2025-10-16 23:35:26.856535+00:00,2,2025-10-16 23:35:26.856535+00:00,2
1152,C_YUB024,2137,YUB,YUB024,YUB023,858.66209053447,1,4,12,True,2025-10-16 23:35:26.856535+00:00,2,2025-10-16 23:35:26.856535+00:00,2
1153,C_YUB030,2138,YUB,YUB030,ENGLB,10866.8943432578,1,4,12,True,2025-10-16 23:35:26.856535+00:00,2,2025-10-16 23:35:26.856535+00:00,2
1154,C_YUB034,2139,YUB,YUB034,YUB030,5016.03052883004,1,4,12,True,2025-10-16 23:35:26.856535+00:00,2,2025-10-16 23:35:26.856535+00:00,2
1155,C_YUB039,2140,YUB,YUB039,YUB034,9318.75852527993,1,4,12,True,2025-10-16 23:35:26.856535+00:00,2,2025-10-16 23:35:26.856535+00:00,2
1156,DA_MOK_MOK004,2393,MOK,,MOK004,7500.00002904058,1,4,12,True,2025-10-16 23:35:26.856535+00:00,2,2025-10-16 23:35:26.856535+00:00,2
1157,DA_OMR_OMR027,2395,OMR,,OMR027,7500.00002904182,1,4,12,True,2025-10-16 23:35:26.856535+00:00,2,2025-10-16 23:35:26.856535+00:00,2
1158,DA_SACN_SAC041,2397,SACN,,SAC041,7500.00000887311,1,4,12,True,2025-10-16 23:35:26.856535+00:00,2,2025-10-16 23:35:26.856535+00:00,2
1159,DA_SACS_SAC017,2399,SACS,,SAC017,7500.00004084343,1,4,12,True,2025-10-16 23:35:26.856535+00:00,2,2025-10-16 23:35:26.856535+00:00,2
1160,DA_SACW_SAC000,2401,SACW,,SAC000,7500.00000059935,1,4,12,True,2025-10-16 23:35:26.856535+00:00,2,2025-10-16 23:35:26.856535+00:00,2
1161,DA_SJRE_SJR026,2403,SJRE,,SJR026,7500.00002657189,1,4,12,True,2025-10-16 23:35:26.856535+00:00,2,2025-10-16 23:35:26.856535+00:00,2
1162,DA_SJRW_SJR013,2405,SJRW,,SJR013,7500.00002696028,1,4,12,True,2025-10-16 23:35:26.856535+00:00,2,2025-10-16 23:35:26.856535+00:00,2
1163,DD_MOK004_MOK,2418,MOK,MOK004,MOK,1627.83388441986,1,4,12,True,2025-10-16 23:35:26.856535+00:00,2,2025-10-16 23:35:26.856535+00:00,2
1164,DD_OMR027_OMR,2419,OMR,OMR027,OMR,6810.33766088398,1,4,12,True,2025-10-16 23:35:26.856535+00:00,2,2025-10-16 23:35:26.856535+00:00,2
1165,DD_SAC000_SACW,2420,SAC,SAC000,SACW,5901.58210000023,1,4,12,True,2025-10-16 23:35:26.856535+00:00,2,2025-10-16 23:35:26.856535+00:00,2
1166,DD_SAC017_SACS,2421,SAC,SAC017,SACS,3531.96966349087,1,4,12,True,2025-10-16 23:35:26.856535+00:00,2,2025-10-16 23:35:26.856535+00:00,2
1167,DD_SAC041_SACN,2422,SAC,SAC041,SACN,5550.80778401322,1,4,12,True,2025-10-16 23:35:26.856535+00:00,2,2025-10-16 23:35:26.856535+00:00,2
1168,DD_SJR013_SJRW,2423,SJR,SJR013,SJRW,2272.14819988552,1,4,12,True,2025-10-16 23:35:26.856535+00:00,2,2025-10-16 23:35:26.856535+00:00,2
1169,DD_SJR026_SJRE,2424,SJR,SJR026,SJRE,2348.38548318522,1,4,12,True,2025-10-16 23:35:26.856535+00:00,2,2025-10-16 23:35:26.856535+00:00,2
1170,D_ABN006_23_NA,2524,ABN,ABN006,23_NA,12100.910086662,1,4,12,True,2025-10-16 23:35:26.856535+00:00,2,2025-10-16 23:35:26.856535+00:00,2
1171,D_ABN010_24_NA2,2525,ABN,ABN010,24_NA2,4690.05399999861,1,4,12,True,2025-10-16 23:35:26.856535+00:00,2,2025-10-16 23:35:26.856535+00:00,2
1172,D_ABN024_24_NA1,2526,ABN,ABN024,24_NA1,5422.98815351026,1,4,12,True,2025-10-16 23:35:26.856535+00:00,2,2025-10-16 23:35:26.856535+00:00,2
1173,D_ABT002_STH001,2527,ABT,ABT002,STH001,181.379204386956,1,4,12,True,2025-10-16 23:35:26.856535+00:00,2,2025-10-16 23:35:26.856535+00:00,2
1174,D_ALD002_ACP001,2528,ALD,ALD002,ACP001,1378.59692757603,1,4,12,True,2025-10-16 23:35:26.856535+00:00,2,2025-10-16 23:35:26.856535+00:00,2
1175,D_ALMNR_BVT003,2530,ALMNR,ALMNR,BVT003,12944.1855825737,1,4,12,True,2025-10-16 23:35:26.856535+00:00,2,2025-10-16 23:35:26.856535+00:00,2
1176,D_AMADR_60N_NA1,2531,AMADR,AMADR,60N_NA1,6692.44350480332,1,4,12,True,2025-10-16 23:35:26.856535+00:00,2,2025-10-16 23:35:26.856535+00:00,2
1177,D_AMR007_WTPFBN,2532,AMR,AMR007,WTPFBN,384.01080000028,1,4,12,True,2025-10-16 23:35:26.856535+00:00,2,2025-10-16 23:35:26.856535+00:00,2
1178,D_AMR017_WTPBJM,2533,AMR,AMR017,WTPBJM,131.055811392402,1,4,12,True,2025-10-16 23:35:26.856535+00:00,2,2025-10-16 23:35:26.856535+00:00,2
1179,D_ANG015_UPANG,2536,ANG,ANG015,UPANG,9210.79717423242,1,4,12,True,2025-10-16 23:35:26.856535+00:00,2,2025-10-16 23:35:26.856535+00:00,2
1180,D_ANT010_05_NA,2537,ANT,ANT010,05_NA,30145.3538999995,1,4,12,True,2025-10-16 23:35:26.856535+00:00,2,2025-10-16 23:35:26.856535+00:00,2
1181,D_ARY010_72_PR3,2538,ARY,ARY010,72_PR3,22852.0105004003,1,4,12,True,2025-10-16 23:35:26.856535+00:00,2,2025-10-16 23:35:26.856535+00:00,2
1182,D_ARY010_72_PR4,2539,ARY,ARY010,72_PR4,25817.139503226,1,4,12,True,2025-10-16 23:35:26.856535+00:00,2,2025-10-16 23:35:26.856535+00:00,2
1183,D_ARY010_72_PR6,2540,ARY,ARY010,72_PR6,14889.1313999984,1,4,12,True,2025-10-16 23:35:26.856535+00:00,2,2025-10-16 23:35:26.856535+00:00,2
1184,D_ARY010_72_XA1,2541,ARY,ARY010,72_XA1,9681.28516329886,1,4,12,True,2025-10-16 23:35:26.856535+00:00,2,2025-10-16 23:35:26.856535+00:00,2
1185,D_ASL013_64_PA2,2542,ASL,ASL013,64_PA2,3333.34970000014,1,4,12,True,2025-10-16 23:35:26.856535+00:00,2,2025-10-16 23:35:26.856535+00:00,2
1186,D_BCK006_ESC000,2544,BCK,BCK006,ESC000,3465.48630688679,1,4,12,True,2025-10-16 23:35:26.856535+00:00,2,2025-10-16 23:35:26.856535+00:00,2
1187,D_BCM003_WSPNT,2547,BCM,BCM003,WSPNT,2974.53740678231,1,4,12,True,2025-10-16 23:35:26.856535+00:00,2,2025-10-16 23:35:26.856535+00:00,2
1188,D_BCN005_03_NA,2549,BCN,BCN005,03_NA,4983.89479999989,1,4,12,True,2025-10-16 23:35:26.856535+00:00,2,2025-10-16 23:35:26.856535+00:00,2
1189,D_BEC021_BECLOS,2550,BEC,BEC021,,805.756507209445,1,4,12,True,2025-10-16 23:35:26.856535+00:00,2,2025-10-16 23:35:26.856535+00:00,2
1190,D_BEC021_LBC032,2551,BEC,BEC021,LBC032,1782.0084121036,1,4,12,True,2025-10-16 23:35:26.856535+00:00,2,2025-10-16 23:35:26.856535+00:00,2
1191,D_BEC022_WTPBWM,2552,BEC,BEC022,WTPBWM,2941.88099694276,1,4,12,True,2025-10-16 23:35:26.856535+00:00,2,2025-10-16 23:35:26.856535+00:00,2
1192,D_BGC002_PLMAS,2553,BGC,BGC002,PLMAS,834.160900000483,1,4,12,True,2025-10-16 23:35:26.856535+00:00,2,2025-10-16 23:35:26.856535+00:00,2
1193,D_BGD000_17N_PR,2557,BGD,BGD000,17N_PR,13602.4237602485,1,4,12,True,2025-10-16 23:35:26.856535+00:00,2,2025-10-16 23:35:26.856535+00:00,2
1194,D_BKR004_NBA009,2558,BKR,BKR004,NBA009,13902.3691236047,1,4,12,True,2025-10-16 23:35:26.856535+00:00,2,2025-10-16 23:35:26.856535+00:00,2
1195,D_BRR017_23_NA,2562,BRR,BRR017,23_NA,13134.9955363349,1,4,12,True,2025-10-16 23:35:26.856535+00:00,2,2025-10-16 23:35:26.856535+00:00,2
1196,D_BRR050_BEC000,2563,BRR,BRR050,BEC000,178.938304681119,1,4,12,True,2025-10-16 23:35:26.856535+00:00,2,2025-10-16 23:35:26.856535+00:00,2
1197,D_BRS018_64_PA2,2566,BRS,BRS018,64_PA2,10397.9987228353,1,4,12,True,2025-10-16 23:35:26.856535+00:00,2,2025-10-16 23:35:26.856535+00:00,2
1198,D_BRV002_TGR006,2567,BRV,BRV002,TGR006,304.096883512789,1,4,12,True,2025-10-16 23:35:26.856535+00:00,2,2025-10-16 23:35:26.856535+00:00,2
1199,D_BRYSA_NAPA2,2568,BRYSA,BRYSA,NAPA2,9223.74740295907,1,4,12,True,2025-10-16 23:35:26.856535+00:00,2,2025-10-16 23:35:26.856535+00:00,2
1200,D_BSC010_SPLDG,2572,BSC,BSC010,SPLDG,1464.95635916131,1,4,12,True,2025-10-16 23:35:26.856535+00:00,2,2025-10-16 23:35:26.856535+00:00,2
1201,D_BSH003_BCT000,2573,BSH,BSH003,BCT000,78.4620326919126,1,4,12,True,2025-10-16 23:35:26.856535+00:00,2,2025-10-16 23:35:26.856535+00:00,2
1202,D_BSL000_SAC141,2575,BSL,BSL000,SAC141,199.073239666785,1,4,12,True,2025-10-16 23:35:26.856535+00:00,2,2025-10-16 23:35:26.856535+00:00,2
1203,D_BSL001_18_NA,2576,BSL,BSL001,18_NA,14914.5701793588,1,4,12,True,2025-10-16 23:35:26.856535+00:00,2,2025-10-16 23:35:26.856535+00:00,2
1204,D_BTC012_09_SA2,2578,BTC,BTC012,09_SA2,5969.59679999854,1,4,12,True,2025-10-16 23:35:26.856535+00:00,2,2025-10-16 23:35:26.856535+00:00,2
1205,D_BTC012_CRK005,2579,BTC,BTC012,CRK005,1642.76419750955,1,4,12,True,2025-10-16 23:35:26.856535+00:00,2,2025-10-16 23:35:26.856535+00:00,2
1206,D_BTC036_10_NA,2580,BTC,BTC036,10_NA,4500.0,1,4,12,True,2025-10-16 23:35:26.856535+00:00,2,2025-10-16 23:35:26.856535+00:00,2
1207,D_BTC043_10_NA,2581,BTC,BTC043,10_NA,11552.5273866021,1,4,12,True,2025-10-16 23:35:26.856535+00:00,2,2025-10-16 23:35:26.856535+00:00,2
1208,D_BTC045_ESL008,2582,BTC,BTC045,ESL008,13531.2960612411,1,4,12,True,2025-10-16 23:35:26.856535+00:00,2,2025-10-16 23:35:26.856535+00:00,2
1209,D_BTL006_03_NA,2583,BTL,BTL006,03_NA,11089.0959278861,1,4,12,True,2025-10-16 23:35:26.856535+00:00,2,2025-10-16 23:35:26.856535+00:00,2
1210,D_BTVLY_CRB002,2584,BTVLY,BTVLY,CRB002,3426.87406884593,1,4,12,True,2025-10-16 23:35:26.856535+00:00,2,2025-10-16 23:35:26.856535+00:00,2
1211,D_BVC007_BVD000,2585,BVC,BVC007,BVD000,39.3721006996177,1,4,12,True,2025-10-16 23:35:26.856535+00:00,2,2025-10-16 23:35:26.856535+00:00,2
1212,D_CAA000_50_PA2,2588,CAA,CAA000,50_PA2,6566.1007000003,1,4,12,True,2025-10-16 23:35:26.856535+00:00,2,2025-10-16 23:35:26.856535+00:00,2
1213,D_CAA002_50_PA2,2589,CAA,CAA002,50_PA2,892.264201414989,1,4,12,True,2025-10-16 23:35:26.856535+00:00,2,2025-10-16 23:35:26.856535+00:00,2
1214,D_CAA005_SBA000,2591,CAA,CAA005,SBA000,1034.60650000069,1,4,12,True,2025-10-16 23:35:26.856535+00:00,2,2025-10-16 23:35:26.856535+00:00,2
1215,D_CAA009_DMC007,2594,CAA,CAA009,DMC007,179.048580712998,1,4,12,True,2025-10-16 23:35:26.856535+00:00,2,2025-10-16 23:35:26.856535+00:00,2
1216,D_CAA012_71_PU1,2595,CAA,CAA012,71_PU1,601.229300000705,1,4,12,True,2025-10-16 23:35:26.856535+00:00,2,2025-10-16 23:35:26.856535+00:00,2
1217,D_CAA046_71_PA7,2597,CAA,CAA046,71_PA7,2503.67849999946,1,4,12,True,2025-10-16 23:35:26.856535+00:00,2,2025-10-16 23:35:26.856535+00:00,2
1218,D_CAA066_71_PU2,2600,CAA,CAA066,71_PU2,2209.92390000075,1,4,12,True,2025-10-16 23:35:26.856535+00:00,2,2025-10-16 23:35:26.856535+00:00,2
1219,D_CAA069_DMC070,2602,CAA,CAA069,DMC070,1791.0915000001,1,4,12,True,2025-10-16 23:35:26.856535+00:00,2,2025-10-16 23:35:26.856535+00:00,2
1220,D_CAA069_SLUIS,2603,CAA,CAA069,SLUIS,4541.93420000002,1,4,12,True,2025-10-16 23:35:26.856535+00:00,2,2025-10-16 23:35:26.856535+00:00,2
1221,D_CAA087_73_PA1,2607,CAA,CAA087,73_PA1,23961.4157783646,1,4,12,True,2025-10-16 23:35:26.856535+00:00,2,2025-10-16 23:35:26.856535+00:00,2
1222,D_CAA095_72_PU,2609,CAA,CAA095,72_PU,24585.9674298794,1,4,12,True,2025-10-16 23:35:26.856535+00:00,2,2025-10-16 23:35:26.856535+00:00,2
1223,D_CAA109_73_PA3,2610,CAA,CAA109,73_PA3,36144.7648999989,1,4,12,True,2025-10-16 23:35:26.856535+00:00,2,2025-10-16 23:35:26.856535+00:00,2
1224,D_CAA109_90_PA1,2611,CAA,CAA109,90_PA1,39869.3828338099,1,4,12,True,2025-10-16 23:35:26.856535+00:00,2,2025-10-16 23:35:26.856535+00:00,2
1225,D_CAA143_90_PA1,2613,CAA,CAA143,90_PA1,19903.6681999993,1,4,12,True,2025-10-16 23:35:26.856535+00:00,2,2025-10-16 23:35:26.856535+00:00,2
1226,D_CAA143_90_PA2,2614,CAA,CAA143,90_PA2,14165.0738783844,1,4,12,True,2025-10-16 23:35:26.856535+00:00,2,2025-10-16 23:35:26.856535+00:00,2
1227,D_CAA143_90_PU,2615,CAA,CAA143,90_PU,25374.0955927799,1,4,12,True,2025-10-16 23:35:26.856535+00:00,2,2025-10-16 23:35:26.856535+00:00,2
1228,D_CAA155_90_PA1,2617,CAA,CAA155,90_PA1,37895.3490658902,1,4,12,True,2025-10-16 23:35:26.856535+00:00,2,2025-10-16 23:35:26.856535+00:00,2
1229,D_CAA156_90_PU,2619,CAA,CAA156,90_PU,30309.8140828724,1,4,12,True,2025-10-16 23:35:26.856535+00:00,2,2025-10-16 23:35:26.856535+00:00,2
1230,D_CAA165_90_PU,2620,CAA,CAA165,90_PU,28991.9230694154,1,4,12,True,2025-10-16 23:35:26.856535+00:00,2,2025-10-16 23:35:26.856535+00:00,2
1231,D_CAA172_90_PA1,2621,CAA,CAA172,90_PA1,64191.4547621142,1,4,12,True,2025-10-16 23:35:26.856535+00:00,2,2025-10-16 23:35:26.856535+00:00,2
1232,D_CBC000_LKPNE,2639,CBC,CBC000,LKPNE,6990.13111584289,1,4,12,True,2025-10-16 23:35:26.856535+00:00,2,2025-10-16 23:35:26.856535+00:00,2
1233,D_CBC000_NIDTD,2641,CBC,CBC000,NIDTD,19538.6081362355,1,4,12,True,2025-10-16 23:35:26.856535+00:00,2,2025-10-16 23:35:26.856535+00:00,2
1234,D_CBC001_24_NA1,2643,CBC,CBC001,24_NA1,22508.927693969,1,4,12,True,2025-10-16 23:35:26.856535+00:00,2,2025-10-16 23:35:26.856535+00:00,2
1235,D_CBC001_CBCLOS,2644,CBC,CBC001,,776.994300121789,1,4,12,True,2025-10-16 23:35:26.856535+00:00,2,2025-10-16 23:35:26.856535+00:00,2
1236,D_CBC001_CCK036,2645,CBC,CBC001,CCK036,6822.23159548587,1,4,12,True,2025-10-16 23:35:26.856535+00:00,2,2025-10-16 23:35:26.856535+00:00,2
1237,D_CBD001_KLR005,2647,CBD,CBD001,KLR005,8046.71997816544,1,4,12,True,2025-10-16 23:35:26.856535+00:00,2,2025-10-16 23:35:26.856535+00:00,2
1238,D_CBD028_08S_PA,2648,CBD,CBD028,08S_PA,18772.7612849648,1,4,12,True,2025-10-16 23:35:26.856535+00:00,2,2025-10-16 23:35:26.856535+00:00,2
1239,D_CBD028_08S_SA3,2649,CBD,CBD028,08S_SA3,25971.369154549,1,4,12,True,2025-10-16 23:35:26.856535+00:00,2,2025-10-16 23:35:26.856535+00:00,2
1240,D_CBD037_08S_PR,2650,CBD,CBD037,08S_PR,2684.88299999945,1,4,12,True,2025-10-16 23:35:26.856535+00:00,2,2025-10-16 23:35:26.856535+00:00,2
1241,D_CBD041_08S_SA1,2651,CBD,CBD041,08S_SA1,4500.0,1,4,12,True,2025-10-16 23:35:26.856535+00:00,2,2025-10-16 23:35:26.856535+00:00,2
1242,D_CBD041_08S_SA2,2652,CBD,CBD041,08S_SA2,11687.8917000005,1,4,12,True,2025-10-16 23:35:26.856535+00:00,2,2025-10-16 23:35:26.856535+00:00,2
1243,D_CBD049_08N_PA,2653,CBD,CBD049,08N_PA,5097.23610000126,1,4,12,True,2025-10-16 23:35:26.856535+00:00,2,2025-10-16 23:35:26.856535+00:00,2
1244,D_CBD049_08N_SA1,2654,CBD,CBD049,08N_SA1,8592.71939999983,1,4,12,True,2025-10-16 23:35:26.856535+00:00,2,2025-10-16 23:35:26.856535+00:00,2
1245,D_CCC007_ANTOC,2655,CCC,CCC007,ANTOC,5696.0548671491,1,4,12,True,2025-10-16 23:35:26.856535+00:00,2,2025-10-16 23:35:26.856535+00:00,2
1246,D_CCC019_CCWD,2656,CCC,CCC019,CCWD,1641.26099999994,1,4,12,True,2025-10-16 23:35:26.856535+00:00,2,2025-10-16 23:35:26.856535+00:00,2
1247,D_CCH030_20_NA1,2657,CCH,CCH030,20_NA1,27405.0564561748,1,4,12,True,2025-10-16 23:35:26.856535+00:00,2,2025-10-16 23:35:26.856535+00:00,2
1248,D_CCH052_20_NA1,2658,CCH,CCH052,20_NA1,48326.7918972511,1,4,12,True,2025-10-16 23:35:26.856535+00:00,2,2025-10-16 23:35:26.856535+00:00,2
1249,D_CCL005_04_PA1,2659,CCL,CCL005,04_PA1,12745.4526000014,1,4,12,True,2025-10-16 23:35:26.856535+00:00,2,2025-10-16 23:35:26.856535+00:00,2
1250,D_CCS010_BSC000,2660,CCS,CCS010,BSC000,938.230182587978,1,4,12,True,2025-10-16 23:35:26.856535+00:00,2,2025-10-16 23:35:26.856535+00:00,2
1251,D_CGT005_14_NA,2661,CGT,CGT005,14_NU,58370.0398990802,1,4,12,True,2025-10-16 23:35:26.856535+00:00,2,2025-10-16 23:35:26.856535+00:00,2
1252,D_CHIPPS_CCC019,2662,CHIPPS,CHIPPS,CCC019,3714.33267383944,1,4,12,True,2025-10-16 23:35:26.856535+00:00,2,2025-10-16 23:35:26.856535+00:00,2
1253,D_CHRRY_CHY000,2663,CHRRY,LLOYD,CHY000,11173.6016128078,1,4,12,True,2025-10-16 23:35:26.856535+00:00,2,2025-10-16 23:35:26.856535+00:00,2
1254,D_CHW017_64_PA2,2664,CHW,CHW017,64_PA2,3592.75720000081,1,4,12,True,2025-10-16 23:35:26.856535+00:00,2,2025-10-16 23:35:26.856535+00:00,2
1255,D_CHW028_ASL013,2665,CHW,CHW028,ASL013,14869.8272891659,1,4,12,True,2025-10-16 23:35:26.856535+00:00,2,2025-10-16 23:35:26.856535+00:00,2
1256,D_CHW028_BRS018,2666,CHW,CHW028,BRS018,7281.5569625667,1,4,12,True,2025-10-16 23:35:26.856535+00:00,2,2025-10-16 23:35:26.856535+00:00,2
1257,D_CLR009_02_NA,2668,CLR,CLR009,02_NA,28746.4516879916,1,4,12,True,2025-10-16 23:35:26.856535+00:00,2,2025-10-16 23:35:26.856535+00:00,2
1258,D_CLRLK_CLLPT,2669,CLRLK,CLRLK,CLLPT,15765.1556016723,1,4,12,True,2025-10-16 23:35:26.856535+00:00,2,2025-10-16 23:35:26.856535+00:00,2
1259,D_CLV026_60S_PA1,2670,CLV,CLV026,60S_PA1,11423.9450282469,1,4,12,True,2025-10-16 23:35:26.856535+00:00,2,2025-10-16 23:35:26.856535+00:00,2
1260,D_CLV026_WTPWDH,2671,CLV,CLV026,WTPWDH,22096.0169115226,1,4,12,True,2025-10-16 23:35:26.856535+00:00,2,2025-10-16 23:35:26.856535+00:00,2
1261,D_CLV037_CACWD,2672,CLV,CLV037,CACWD,1538.37990000099,1,4,12,True,2025-10-16 23:35:26.856535+00:00,2,2025-10-16 23:35:26.856535+00:00,2
1262,D_CLV043_WTPJYL,2673,CLV,CLV043,WTPJYL,160.771499998868,1,4,12,True,2025-10-16 23:35:26.856535+00:00,2,2025-10-16 23:35:26.856535+00:00,2
1263,D_CMBIE_CBC000,2674,CMBIE,CMBIE,CBC000,2855.51542692032,1,4,12,True,2025-10-16 23:35:26.856535+00:00,2,2025-10-16 23:35:26.856535+00:00,2
1264,D_CMP014_JNKSN,2675,CMP,CMP014,JNKSN,4696.80208244375,1,4,12,True,2025-10-16 23:35:26.856535+00:00,2,2025-10-16 23:35:26.856535+00:00,2
1265,D_COL001_TGR002,2676,COL,COL001,TGR002,12.1607680297608,1,4,12,True,2025-10-16 23:35:26.856535+00:00,2,2025-10-16 23:35:26.856535+00:00,2
1266,D_COL005_UTC000,2678,COL,COL005,UTC000,37.4926823033747,1,4,12,True,2025-10-16 23:35:26.856535+00:00,2,2025-10-16 23:35:26.856535+00:00,2
1267,D_COW014_03_NA,2679,COW,COW014,03_NA,8498.62663242648,1,4,12,True,2025-10-16 23:35:26.856535+00:00,2,2025-10-16 23:35:26.856535+00:00,2
1268,D_CRC002_22_SA1,2683,CRC,CRC002,22_SA1,7372.52905189896,1,4,12,True,2025-10-16 23:35:26.856535+00:00,2,2025-10-16 23:35:26.856535+00:00,2
1269,D_CRK005_17N_NR,2685,CRK,CRK005,17N_NR,1463.55985762698,1,4,12,True,2025-10-16 23:35:26.856535+00:00,2,2025-10-16 23:35:26.856535+00:00,2
1270,D_CSD014_GRSVL,2692,CSD,CSD014,GRSVL,3974.88422608891,1,4,12,True,2025-10-16 23:35:26.856535+00:00,2,2025-10-16 23:35:26.856535+00:00,2
1271,D_CSD014_NIDD1,2693,CSD,CSD014,NIDDC_NA1,8589.23807469299,1,4,12,True,2025-10-16 23:35:26.856535+00:00,2,2025-10-16 23:35:26.856535+00:00,2
1272,D_CSL005_25_NA,2695,CSL,CSL005,25_NA,14945.2660190159,1,4,12,True,2025-10-16 23:35:26.856535+00:00,2,2025-10-16 23:35:26.856535+00:00,2
1273,D_CSM033_60N_NU2,2696,CSM,CSM033,60N_NU2,1775.91949999891,1,4,12,True,2025-10-16 23:35:26.856535+00:00,2,2025-10-16 23:35:26.856535+00:00,2
1274,D_CWD009_02_NA,2700,CWD,CWD009,02_NA,6272.78029999975,1,4,12,True,2025-10-16 23:35:26.856535+00:00,2,2025-10-16 23:35:26.856535+00:00,2
1275,D_CYN009_TWL005,2702,CYN,CYN009,TWL005,7283.48032339726,1,4,12,True,2025-10-16 23:35:26.856535+00:00,2,2025-10-16 23:35:26.856535+00:00,2
1276,D_DBC014_64_PA1,2704,DBC,DBC014,64_PA1,14028.936034089,1,4,12,True,2025-10-16 23:35:26.856535+00:00,2,2025-10-16 23:35:26.856535+00:00,2
1277,D_DCC009_FRMDW,2705,DCC,DCC009,FRMDW,2917.71918683092,1,4,12,True,2025-10-16 23:35:26.856535+00:00,2,2025-10-16 23:35:26.856535+00:00,2
1278,D_DED010_63_PR2,2706,DED,DED010,63_PR2,3000.06930000056,1,4,12,True,2025-10-16 23:35:26.856535+00:00,2,2025-10-16 23:35:26.856535+00:00,2
1279,D_DER004_NIDD2,2708,DER,DER004,NIDDC_NA2,3819.76014331059,1,4,12,True,2025-10-16 23:35:26.856535+00:00,2,2025-10-16 23:35:26.856535+00:00,2
1280,D_DER011_NIDD2,2710,DER,DER011,NIDDC_NA2,9450.27966260941,1,4,12,True,2025-10-16 23:35:26.856535+00:00,2,2025-10-16 23:35:26.856535+00:00,2
1281,D_DER018_NWT013,2712,DER,DER018,NWT013,20696.2901257109,1,4,12,True,2025-10-16 23:35:26.856535+00:00,2,2025-10-16 23:35:26.856535+00:00,2
1282,D_DER022_DES006,2713,DER,DER022,DES006,10369.7219267097,1,4,12,True,2025-10-16 23:35:26.856535+00:00,2,2025-10-16 23:35:26.856535+00:00,2
1283,D_DES006_GRSVL,2714,DES,DES006,GRSVL,1512.12597804773,1,4,12,True,2025-10-16 23:35:26.856535+00:00,2,2025-10-16 23:35:26.856535+00:00,2
1284,D_DES006_NIDD1,2715,DES,DES006,NIDDC_NA1,4152.84306886008,1,4,12,True,2025-10-16 23:35:26.856535+00:00,2,2025-10-16 23:35:26.856535+00:00,2
1285,D_DMC007_CAA009,2718,DMC,DMC007,CAA009,179.048580712998,1,4,12,True,2025-10-16 23:35:26.856535+00:00,2,2025-10-16 23:35:26.856535+00:00,2
1286,D_DMC011_71_PA8,2719,DMC,DMC011,71_PA8,2755.61333669373,1,4,12,True,2025-10-16 23:35:26.856535+00:00,2,2025-10-16 23:35:26.856535+00:00,2
1287,D_DMC016_WTPJJO,2722,DMC,DMC016,WTPJJO,952.551099999808,1,4,12,True,2025-10-16 23:35:26.856535+00:00,2,2025-10-16 23:35:26.856535+00:00,2
1288,D_DMC021_50_PA1,2723,DMC,DMC021,50_PA1,7850.59211782562,1,4,12,True,2025-10-16 23:35:26.856535+00:00,2,2025-10-16 23:35:26.856535+00:00,2
1289,D_DMC030_71_PA1,2726,DMC,DMC030,71_PA1,2594.89690782078,1,4,12,True,2025-10-16 23:35:26.856535+00:00,2,2025-10-16 23:35:26.856535+00:00,2
1290,D_DMC034_71_PA2,2728,DMC,DMC034,71_PA2,3637.50899999961,1,4,12,True,2025-10-16 23:35:26.856535+00:00,2,2025-10-16 23:35:26.856535+00:00,2
1291,D_DMC034_71_PA3,2729,DMC,DMC034,71_PA3,998.159099999815,1,4,12,True,2025-10-16 23:35:26.856535+00:00,2,2025-10-16 23:35:26.856535+00:00,2
1292,D_DMC034_WWW001,2731,DMC,DMC034,WWW001,1609.34725979546,1,4,12,True,2025-10-16 23:35:26.856535+00:00,2,2025-10-16 23:35:26.856535+00:00,2
1293,D_DMC044_71_PA4,2733,DMC,DMC044,71_PA4,11735.5143999988,1,4,12,True,2025-10-16 23:35:26.856535+00:00,2,2025-10-16 23:35:26.856535+00:00,2
1294,D_DMC044_71_PA5,2734,DMC,DMC044,71_PA5,3292.19999999832,1,4,12,True,2025-10-16 23:35:26.856535+00:00,2,2025-10-16 23:35:26.856535+00:00,2
1295,D_DMC054_NMW004,2738,DMC,DMC054,NMW004,6437.38885101748,1,4,12,True,2025-10-16 23:35:26.856535+00:00,2,2025-10-16 23:35:26.856535+00:00,2
1296,D_DMC064_71_PA6,2740,DMC,DMC064,71_PA6,2256.16680000164,1,4,12,True,2025-10-16 23:35:26.856535+00:00,2,2025-10-16 23:35:26.856535+00:00,2
1297,D_DMC070_73_PA1,2742,DMC,DMC070,73_PA1,6789.25669999979,1,4,12,True,2025-10-16 23:35:26.856535+00:00,2,2025-10-16 23:35:26.856535+00:00,2
1298,D_DMC070_CAA069,2743,DMC,DMC070,CAA069,1791.0915000001,1,4,12,True,2025-10-16 23:35:26.856535+00:00,2,2025-10-16 23:35:26.856535+00:00,2
1299,D_DMC070_VLW008,2745,DMC,DMC070,VLW008,12874.7774052969,1,4,12,True,2025-10-16 23:35:26.856535+00:00,2,2025-10-16 23:35:26.856535+00:00,2
1300,D_DMC076_XCC043,2747,DMC,DMC076,XCC043,3444.28149999958,1,4,12,True,2025-10-16 23:35:26.856535+00:00,2,2025-10-16 23:35:26.856535+00:00,2
1301,D_DMC091_73_PA3,2750,DMC,DMC091,73_PA3,4730.2360999994,1,4,12,True,2025-10-16 23:35:26.856535+00:00,2,2025-10-16 23:35:26.856535+00:00,2
1302,D_DMC105_73_PA2,2752,DMC,DMC105,73_PA2,12058.7755000005,1,4,12,True,2025-10-16 23:35:26.856535+00:00,2,2025-10-16 23:35:26.856535+00:00,2
1303,D_DMC111_73_XA,2754,DMC,DMC111,73_XA,4656.46676468171,1,4,12,True,2025-10-16 23:35:26.856535+00:00,2,2025-10-16 23:35:26.856535+00:00,2
1304,D_DMC111_FBW001,2756,DMC,DMC111,FBW001,671.625722807128,1,4,12,True,2025-10-16 23:35:26.856535+00:00,2,2025-10-16 23:35:26.856535+00:00,2
1305,D_DONLL_DPH008,2758,DONLL,DONLL,DPH008,12306.7794698936,1,4,12,True,2025-10-16 23:35:26.856535+00:00,2,2025-10-16 23:35:26.856535+00:00,2
1306,D_DRC005_05_NA,2759,DRC,DRC005,05_NA,4496.52678157688,1,4,12,True,2025-10-16 23:35:26.856535+00:00,2,2025-10-16 23:35:26.856535+00:00,2
1307,D_DRC010_05_NA,2760,DRC,DRC010,05_NA,5708.98860000074,1,4,12,True,2025-10-16 23:35:26.856535+00:00,2,2025-10-16 23:35:26.856535+00:00,2
1308,D_DRM001_BRR074,2762,DRM,DRM001,BRR074,554.913571881455,1,4,12,True,2025-10-16 23:35:26.856535+00:00,2,2025-10-16 23:35:26.856535+00:00,2
1309,D_DRM001_SYC001,2763,DRM,DRM001,SYC001,312.076899581391,1,4,12,True,2025-10-16 23:35:26.856535+00:00,2,2025-10-16 23:35:26.856535+00:00,2
1310,D_DRM008_DRMLOS,2767,DRM,DRM008,,891.632311804688,1,4,12,True,2025-10-16 23:35:26.856535+00:00,2,2025-10-16 23:35:26.856535+00:00,2
1311,D_DRM009_CYN010,2768,DRM,DRM009,CYN010,661.266460371725,1,4,12,True,2025-10-16 23:35:26.856535+00:00,2,2025-10-16 23:35:26.856535+00:00,2
1312,D_DWRPS1_16_NA2,2769,DWRPS,DWRPS1,16_NA2,1313.3264000006,1,4,12,True,2025-10-16 23:35:26.856535+00:00,2,2025-10-16 23:35:26.856535+00:00,2
1313,D_DWRPS2_11_NA,2770,DWRPS,DWRPS2,11_NA,9582.26925946654,1,4,12,True,2025-10-16 23:35:26.856535+00:00,2,2025-10-16 23:35:26.856535+00:00,2
1314,D_EBP016_64_NA2,2771,EBP,EBP016,64_NA2,9549.29353547183,1,4,12,True,2025-10-16 23:35:26.856535+00:00,2,2025-10-16 23:35:26.856535+00:00,2
1315,D_EBP048_63_PR3,2773,EBP,EBP048,63_PR3,2315.83763132699,1,4,12,True,2025-10-16 23:35:26.856535+00:00,2,2025-10-16 23:35:26.856535+00:00,2
1316,D_EDC021_EDP003,2780,EDC,EDC021,EDP003,4749.08981374032,1,4,12,True,2025-10-16 23:35:26.856535+00:00,2,2025-10-16 23:35:26.856535+00:00,2
1317,D_EDC021_WTPRS1,2782,EDC,EDC021,WTPRS1,4874.87734607381,1,4,12,True,2025-10-16 23:35:26.856535+00:00,2,2025-10-16 23:35:26.856535+00:00,2
1318,D_EID000_ELDID_NA1,2783,EID,EID000_NA1,ELDID,25383.1284422959,1,4,12,True,2025-10-16 23:35:26.856535+00:00,2,2025-10-16 23:35:26.856535+00:00,2
1319,D_EID000_ELDID_NA2,2784,EID,EID000,ELDID_NA2,2422.67970000021,1,4,12,True,2025-10-16 23:35:26.856535+00:00,2,2025-10-16 23:35:26.856535+00:00,2
1320,D_ELD012_04_NA,2785,ELD,ELD012,04_NA,19636.8902664242,1,4,12,True,2025-10-16 23:35:26.856535+00:00,2,2025-10-16 23:35:26.856535+00:00,2
1321,D_ELENR_ECT001,2786,ELENR,ELENR,ECT001,719.970627767289,1,4,12,True,2025-10-16 23:35:26.856535+00:00,2,2025-10-16 23:35:26.856535+00:00,2
1322,D_EPARK_SCKWD,2789,EPARK,EPARK,SCKWD,6837.65693220283,1,4,12,True,2025-10-16 23:35:26.856535+00:00,2,2025-10-16 23:35:26.856535+00:00,2
1323,D_ESC000_63_PR1,2803,ESC,ESC000,63_PR1,2083.71329366587,1,4,12,True,2025-10-16 23:35:26.856535+00:00,2,2025-10-16 23:35:26.856535+00:00,2
1324,D_ESL008_09_SA1,2807,ESL,ESL008,09_SA1,3138.36898250348,1,4,12,True,2025-10-16 23:35:26.856535+00:00,2,2025-10-16 23:35:26.856535+00:00,2
1325,D_FDC006_14_NA,2808,FDC,FDC006,14_NA,6602.88108876292,1,4,12,True,2025-10-16 23:35:26.856535+00:00,2,2025-10-16 23:35:26.856535+00:00,2
1326,D_FOLSM_26S_NU4,2811,FOLSM,FOLSM,26S_NU4,12866.4896797668,1,4,12,True,2025-10-16 23:35:26.856535+00:00,2,2025-10-16 23:35:26.856535+00:00,2
1327,D_FOLSM_26S_PU3,2812,FOLSM,FOLSM,26S_PU3,3059.57694188476,1,4,12,True,2025-10-16 23:35:26.856535+00:00,2,2025-10-16 23:35:26.856535+00:00,2
1328,D_FOLSM_WTPEDH,2818,FOLSM,FOLSM,WTPEDH,7748.6062000012,1,4,12,True,2025-10-16 23:35:26.856535+00:00,2,2025-10-16 23:35:26.856535+00:00,2
1329,D_FOLSM_WTPFOL,2819,FOLSM,FOLSM,WTPFOL,2904.18901158105,1,4,12,True,2025-10-16 23:35:26.856535+00:00,2,2025-10-16 23:35:26.856535+00:00,2
1330,D_FOLSM_WTPRSV,2820,FOLSM,FOLSM,WTPRSV,4258.50250000134,1,4,12,True,2025-10-16 23:35:26.856535+00:00,2,2025-10-16 23:35:26.856535+00:00,2
1331,D_FOLSM_WTPSJP,2821,FOLSM,FOLSM,WTPSJP,2258.6632000003,1,4,12,True,2025-10-16 23:35:26.856535+00:00,2,2025-10-16 23:35:26.856535+00:00,2
1332,D_FPT013_FSC013,2822,FPT,FPT013,FSC013,6317.16598873189,1,4,12,True,2025-10-16 23:35:26.856535+00:00,2,2025-10-16 23:35:26.856535+00:00,2
1333,D_FPT013_WTPVNY,2823,FPT,FPT013,WTPVNY,1766.71240000054,1,4,12,True,2025-10-16 23:35:26.856535+00:00,2,2025-10-16 23:35:26.856535+00:00,2
1334,D_FRMDW_FMT002,2824,FRMDW,FRMDW,FMT002,7778.80260327458,1,4,12,True,2025-10-16 23:35:26.856535+00:00,2,2025-10-16 23:35:26.856535+00:00,2
1335,D_FRS036_64_PA1,2825,FRS,FRS036,64_PA1,10537.8161999993,1,4,12,True,2025-10-16 23:35:26.856535+00:00,2,2025-10-16 23:35:26.856535+00:00,2
1336,D_FSC003_FSCLOS,2826,FSC,FSC003,,1871.61745018771,1,4,12,True,2025-10-16 23:35:26.856535+00:00,2,2025-10-16 23:35:26.856535+00:00,2
1337,D_FSC003_WTPCOL,2827,FSC,FSC003,WTPCOL,1928.2304000007,1,4,12,True,2025-10-16 23:35:26.856535+00:00,2,2025-10-16 23:35:26.856535+00:00,2
1338,D_FSC015_60N_NA2,2828,FSC,FSC015,60N_NA2,20083.3579000002,1,4,12,True,2025-10-16 23:35:26.856535+00:00,2,2025-10-16 23:35:26.856535+00:00,2
1339,D_FSC025_60N_PU,2829,FSC,FSC025,60N_PU,6874.87989999913,1,4,12,True,2025-10-16 23:35:26.856535+00:00,2,2025-10-16 23:35:26.856535+00:00,2
1340,D_FSC027_MAQ012,2830,FSC,FSC027,MAQ012,29900.7150276282,1,4,12,True,2025-10-16 23:35:26.856535+00:00,2,2025-10-16 23:35:26.856535+00:00,2
1341,D_FTR003_17S_SA,2831,FTR,FTR003,17S_SA,3315.49595935417,1,4,12,True,2025-10-16 23:35:26.856535+00:00,2,2025-10-16 23:35:26.856535+00:00,2
1342,D_FTR003_22_SA2,2832,FTR,FTR003,22_SA2,1598.05439999979,1,4,12,True,2025-10-16 23:35:26.856535+00:00,2,2025-10-16 23:35:26.856535+00:00,2
1343,D_FTR008_16_SA,2833,FTR,FTR008,16_SA,8513.58694300595,1,4,12,True,2025-10-16 23:35:26.856535+00:00,2,2025-10-16 23:35:26.856535+00:00,2
1344,D_FTR014_16_SA,2834,FTR,FTR014,16_SA,2096.5828999998,1,4,12,True,2025-10-16 23:35:26.856535+00:00,2,2025-10-16 23:35:26.856535+00:00,2
1345,D_FTR018_15S_SA,2835,FTR,FTR018,15S_SA,3789.94105691464,1,4,12,True,2025-10-16 23:35:26.856535+00:00,2,2025-10-16 23:35:26.856535+00:00,2
1346,D_FTR018_16_SA,2836,FTR,FTR018,16_SA,6466.70908075941,1,4,12,True,2025-10-16 23:35:26.856535+00:00,2,2025-10-16 23:35:26.856535+00:00,2
1347,D_FTR021_16_PA,2837,FTR,FTR021,16_PA,4688.16760000028,1,4,12,True,2025-10-16 23:35:26.856535+00:00,2,2025-10-16 23:35:26.856535+00:00,2
1348,D_FTR021_16_SA,2838,FTR,FTR021,16_SA,11818.8913363946,1,4,12,True,2025-10-16 23:35:26.856535+00:00,2,2025-10-16 23:35:26.856535+00:00,2
1349,D_FTR028_15S_SA,2839,FTR,FTR028,15S_SA,13333.4147044211,1,4,12,True,2025-10-16 23:35:26.856535+00:00,2,2025-10-16 23:35:26.856535+00:00,2
1350,D_FTR031_WTPCYC,2840,FTR,FTR031,WTPCYC,1123.65467130854,1,4,12,True,2025-10-16 23:35:26.856535+00:00,2,2025-10-16 23:35:26.856535+00:00,2
1351,D_FTR039_SEC009,2841,FTR,FTR039,SEC009,136.624814356119,1,4,12,True,2025-10-16 23:35:26.856535+00:00,2,2025-10-16 23:35:26.856535+00:00,2
1352,D_FTR045_15N_SA,2842,FTR,FTR045,15N_SA,5572.83320000116,1,4,12,True,2025-10-16 23:35:26.856535+00:00,2,2025-10-16 23:35:26.856535+00:00,2
1353,D_FTR059_12_SA,2843,FTR,FTR059,12_SA,9062.62149999849,1,4,12,True,2025-10-16 23:35:26.856535+00:00,2,2025-10-16 23:35:26.856535+00:00,2
1354,D_FTR068_THRMF,2844,FTR,FTR068,THRMF,7668.32731472269,1,4,12,True,2025-10-16 23:35:26.856535+00:00,2,2025-10-16 23:35:26.856535+00:00,2
1355,D_GCC027_08N_PR1,2846,GCC,GCC027,08N_PR1,10875.6566999992,1,4,12,True,2025-10-16 23:35:26.856535+00:00,2,2025-10-16 23:35:26.856535+00:00,2
1356,D_GCC027_08N_SA2,2847,GCC,GCC027,08N_SA2,6000.0,1,4,12,True,2025-10-16 23:35:26.856535+00:00,2,2025-10-16 23:35:26.856535+00:00,2
1357,D_GCC039_08N_PR2,2848,GCC,GCC039,08N_PR2,14595.4334777304,1,4,12,True,2025-10-16 23:35:26.856535+00:00,2,2025-10-16 23:35:26.856535+00:00,2
1358,D_GCC056_08S_PR,2849,GCC,GCC056,08S_PR,14297.3756280375,1,4,12,True,2025-10-16 23:35:26.856535+00:00,2,2025-10-16 23:35:26.856535+00:00,2
1359,D_GCC056_08S_SA2,2850,GCC,GCC056,08S_SA2,7417.2336944286,1,4,12,True,2025-10-16 23:35:26.856535+00:00,2,2025-10-16 23:35:26.856535+00:00,2
1360,D_GCC065_08S_PA,2851,GCC,GCC065,08S_PA,26417.6057427674,1,4,12,True,2025-10-16 23:35:26.856535+00:00,2,2025-10-16 23:35:26.856535+00:00,2
1361,D_GERLE_SFR006,2855,GERLE,GERLE,SFR006,3041.44271751355,1,4,12,True,2025-10-16 23:35:26.856535+00:00,2,2025-10-16 23:35:26.856535+00:00,2
1362,D_GZL008_GFT003,2856,GZL,GZL008,GFT003,3976.92825219887,1,4,12,True,2025-10-16 23:35:26.856535+00:00,2,2025-10-16 23:35:26.856535+00:00,2
1363,D_HHOLE_MFT003,2857,HHOLE,HHOLE,MFT003,6081.85607776589,1,4,12,True,2025-10-16 23:35:26.856535+00:00,2,2025-10-16 23:35:26.856535+00:00,2
1364,D_ICEHS_IHT002,2862,ICEHS,ICEHS,IHT002,3901.82619386289,1,4,12,True,2025-10-16 23:35:26.856535+00:00,2,2025-10-16 23:35:26.856535+00:00,2
1365,D_JBC002_17N_PR,2863,JBC,JBC002,17N_PR,23480.6947638833,1,4,12,True,2025-10-16 23:35:26.856535+00:00,2,2025-10-16 23:35:26.856535+00:00,2
1366,D_JBC002_RVC005,2864,JBC,JBC002,RVC005,6271.73432095396,1,4,12,True,2025-10-16 23:35:26.856535+00:00,2,2025-10-16 23:35:26.856535+00:00,2
1367,D_JBC004_11_SA3,2865,JBC,JBC004,11_SA3,1727.56290966106,1,4,12,True,2025-10-16 23:35:26.856535+00:00,2,2025-10-16 23:35:26.856535+00:00,2
1368,D_JNKSN_WTPRSA,2870,JNKSN,JNKSN,WTPRSA,3599.89951945361,1,4,12,True,2025-10-16 23:35:26.856535+00:00,2,2025-10-16 23:35:26.856535+00:00,2
1369,D_KLR005_21_PA,2871,KLR,KLR005,21_PA,4667.97069999948,1,4,12,True,2025-10-16 23:35:26.856535+00:00,2,2025-10-16 23:35:26.856535+00:00,2
1370,D_LBC001_LBCLOS,2874,LBC,LBC001,,211.036718923545,1,4,12,True,2025-10-16 23:35:26.856535+00:00,2,2025-10-16 23:35:26.856535+00:00,2
1371,D_LBC010_PCWA3,2875,LBC,LBC010,PCWA3,3674.10850000009,1,4,12,True,2025-10-16 23:35:26.856535+00:00,2,2025-10-16 23:35:26.856535+00:00,2
1372,D_LBC030_BEC021,2876,LBC,LBC030,BEC021,2994.31171846805,1,4,12,True,2025-10-16 23:35:26.856535+00:00,2,2025-10-16 23:35:26.856535+00:00,2
1373,D_LBC038_WTPAUB,2877,LBC,LBC038,WTPAUB,801.638926326362,1,4,12,True,2025-10-16 23:35:26.856535+00:00,2,2025-10-16 23:35:26.856535+00:00,2
1374,D_LBC043_MRM001,2878,LBC,LBC043,MRM001,10938.3050095514,1,4,12,True,2025-10-16 23:35:26.856535+00:00,2,2025-10-16 23:35:26.856535+00:00,2
1375,D_LBC049_24_NA3,2879,LBC,LBC049,24_NA3,1611.24899999984,1,4,12,True,2025-10-16 23:35:26.856535+00:00,2,2025-10-16 23:35:26.856535+00:00,2
1376,D_LBEAR_TGR000,2881,LBEAR,LBEAR,TGR000,6552.44771203275,1,4,12,True,2025-10-16 23:35:26.856535+00:00,2,2025-10-16 23:35:26.856535+00:00,2
1377,D_LBR002_LBC001,2882,LBR,LBR002,LBC001,2441.97711583947,1,4,12,True,2025-10-16 23:35:26.856535+00:00,2,2025-10-16 23:35:26.856535+00:00,2
1378,D_LBUCK_GRT003,2883,LBUCK,LBUCK,GRT003,5236.96421102319,1,4,12,True,2025-10-16 23:35:26.856535+00:00,2,2025-10-16 23:35:26.856535+00:00,2
1379,D_LCA001,2884,LCA,LCA001,TUO105,2334.33377699765,1,4,12,True,2025-10-16 23:35:26.856535+00:00,2,2025-10-16 23:35:26.856535+00:00,2
1380,D_LCC024_09_NA,2885,LCC,LCC024,09_NA,4299.02821919094,1,4,12,True,2025-10-16 23:35:26.856535+00:00,2,2025-10-16 23:35:26.856535+00:00,2
1381,D_LCC029_09_SA1,2886,LCC,LCC029,09_SA1,4530.43668259604,1,4,12,True,2025-10-16 23:35:26.856535+00:00,2,2025-10-16 23:35:26.856535+00:00,2
1382,D_LCC038_BTC043,2887,LCC,LCC038,BTC043,3962.78358368914,1,4,12,True,2025-10-16 23:35:26.856535+00:00,2,2025-10-16 23:35:26.856535+00:00,2
1383,D_LDC007_11_SA2,2888,LDC,LDC007,11_SA2,3613.19549999945,1,4,12,True,2025-10-16 23:35:26.856535+00:00,2,2025-10-16 23:35:26.856535+00:00,2
1384,D_LJC010_60S_PA2,2889,LJC,LJC010,60S_PA2,8690.50179999974,1,4,12,True,2025-10-16 23:35:26.856535+00:00,2,2025-10-16 23:35:26.856535+00:00,2
1385,D_LJC022_WTPWDH,2891,LJC,LJC022,WTPWDH,32636.3930448946,1,4,12,True,2025-10-16 23:35:26.856535+00:00,2,2025-10-16 23:35:26.856535+00:00,2
1386,D_LOONL_LLT000,2892,LOONL,LOONL,LLT000,3415.66539999843,1,4,12,True,2025-10-16 23:35:26.856535+00:00,2,2025-10-16 23:35:26.856535+00:00,2
1387,D_LOSVQ_TRNSF,2893,LOSVQ,LOSVQ,TRNSF,7856.97380000167,1,4,12,True,2025-10-16 23:35:26.856535+00:00,2,2025-10-16 23:35:26.856535+00:00,2
1388,D_LRB004_BLT000,2894,LRB,LRB004,BLT000,61.4353610342551,1,4,12,True,2025-10-16 23:35:26.856535+00:00,2,2025-10-16 23:35:26.856535+00:00,2
1389,D_LST004_OWC000,2895,LST,LST004,OWC000,44968.8308815861,1,4,12,True,2025-10-16 23:35:26.856535+00:00,2,2025-10-16 23:35:26.856535+00:00,2
1390,D_LWSTN_CCT011,2897,LWSTN,LWSTN,CCT011,18144.1126272778,1,4,12,True,2025-10-16 23:35:26.856535+00:00,2,2025-10-16 23:35:26.856535+00:00,2
1391,D_MAQ057_EBMUD,2901,MAQ,MAQ057,EBMUD,4054.42842806092,1,4,12,True,2025-10-16 23:35:26.856535+00:00,2,2025-10-16 23:35:26.856535+00:00,2
1392,D_MAQ057_LVP007,2903,MAQ,MAQ057,LVP007,1361.63439999986,1,4,12,True,2025-10-16 23:35:26.856535+00:00,2,2025-10-16 23:35:26.856535+00:00,2
1393,D_MCD002_63_NA4,2905,MCD,MCD002,63_NA4,7805.42464508586,1,4,12,True,2025-10-16 23:35:26.856535+00:00,2,2025-10-16 23:35:26.856535+00:00,2
1394,D_MCD021_63_NA4,2906,MCD,MCD021,63_NA4,18176.6754945167,1,4,12,True,2025-10-16 23:35:26.856535+00:00,2,2025-10-16 23:35:26.856535+00:00,2
1395,D_MCD042_63_NA2,2907,MCD,MCD042,63_NA2,12543.6781317079,1,4,12,True,2025-10-16 23:35:26.856535+00:00,2,2025-10-16 23:35:26.856535+00:00,2
1396,D_MCD050_62_NA2,2908,MCD,MCD050,62_NA2,36631.0158820927,1,4,12,True,2025-10-16 23:35:26.856535+00:00,2,2025-10-16 23:35:26.856535+00:00,2
1397,D_MCD052_MID021,2909,MCD,MCD052,MID021,33243.5402009514,1,4,12,True,2025-10-16 23:35:26.856535+00:00,2,2025-10-16 23:35:26.856535+00:00,2
1398,D_MCD055_62_NA6,2910,MCD,MCD055,62_NA6,24200.1207078015,1,4,12,True,2025-10-16 23:35:26.856535+00:00,2,2025-10-16 23:35:26.856535+00:00,2
1399,D_MDC006_64_PA1,2911,MDC,MDC006,64_PA1,30423.4190411613,1,4,12,True,2025-10-16 23:35:26.856535+00:00,2,2025-10-16 23:35:26.856535+00:00,2
1400,D_MDC006_64_PA3,2912,MDC,MDC006,64_PA3,51318.4561598812,1,4,12,True,2025-10-16 23:35:26.856535+00:00,2,2025-10-16 23:35:26.856535+00:00,2
1401,D_MDC032_64_PA1,2914,MDC,MDC032,64_PA1,22985.8463935829,1,4,12,True,2025-10-16 23:35:26.856535+00:00,2,2025-10-16 23:35:26.856535+00:00,2
1402,D_MDOTA_64_XA,2915,MDOTA,MDOTA,64_XA,9205.92481255827,1,4,12,True,2025-10-16 23:35:26.856535+00:00,2,2025-10-16 23:35:26.856535+00:00,2
1403,D_MDOTA_73_XA,2916,MDOTA,MDOTA,73_XA,15233.3132999996,1,4,12,True,2025-10-16 23:35:26.856535+00:00,2,2025-10-16 23:35:26.856535+00:00,2
1404,D_MDOTA_90_PA1,2917,MDOTA,MDOTA,90_PA1,37857.0936896801,1,4,12,True,2025-10-16 23:35:26.856535+00:00,2,2025-10-16 23:35:26.856535+00:00,2
1405,D_MDOTA_91_PA,2918,MDOTA,MDOTA,91_PA,21113.7430000016,1,4,12,True,2025-10-16 23:35:26.856535+00:00,2,2025-10-16 23:35:26.856535+00:00,2
1406,D_MDOTA_91_PR,2919,MDOTA,MDOTA,91_PR,11468.5310000014,1,4,12,True,2025-10-16 23:35:26.856535+00:00,2,2025-10-16 23:35:26.856535+00:00,2
1407,D_MDOTA_XCC010,2920,MDOTA,MDOTA,XCC010,16357.3985037897,1,4,12,True,2025-10-16 23:35:26.856535+00:00,2,2025-10-16 23:35:26.856535+00:00,2
1408,D_MDSTO_61_NA2,2921,MDSTO,MDSTO,61_NA2,22878.5573375376,1,4,12,True,2025-10-16 23:35:26.856535+00:00,2,2025-10-16 23:35:26.856535+00:00,2
1409,D_MDSTO_WTPMOD,2922,MDSTO,MDSTO,WTPMOD,412.993200000376,1,4,12,True,2025-10-16 23:35:26.856535+00:00,2,2025-10-16 23:35:26.856535+00:00,2
1410,D_MFA025_OXB000,2923,MFA,MFA025,OXB000,436.802822497063,1,4,12,True,2025-10-16 23:35:26.856535+00:00,2,2025-10-16 23:35:26.856535+00:00,2
1411,D_MFA036_RLT007,2925,MFA,MFA036,RLT007,11210.5454166417,1,4,12,True,2025-10-16 23:35:26.856535+00:00,2,2025-10-16 23:35:26.856535+00:00,2
1412,D_MFM007_WSPNT,2926,MFM,MFM007,WSPNT,3075.77215493721,1,4,12,True,2025-10-16 23:35:26.856535+00:00,2,2025-10-16 23:35:26.856535+00:00,2
1413,D_MFS013_SPH012,2929,MFS,MFS013,SPH012,19855.5737163049,1,4,12,True,2025-10-16 23:35:26.856535+00:00,2,2025-10-16 23:35:26.856535+00:00,2
1414,D_MFS017_JWS004,2930,MFS,MFS017,JWS004,5800.56983113574,1,4,12,True,2025-10-16 23:35:26.856535+00:00,2,2025-10-16 23:35:26.856535+00:00,2
1415,D_MFY013_LRT000,2931,MFY,MFY013,LRT000,69.2926833186411,1,4,12,True,2025-10-16 23:35:26.856535+00:00,2,2025-10-16 23:35:26.856535+00:00,2
1416,D_MFY045_MBT005,2932,MFY,MFY045,MBT005,7794.69600419068,1,4,12,True,2025-10-16 23:35:26.856535+00:00,2,2025-10-16 23:35:26.856535+00:00,2
1417,D_MID021_63_NA3,2933,MID,MID021,63_NA3,12198.8470000001,1,4,12,True,2025-10-16 23:35:26.856535+00:00,2,2025-10-16 23:35:26.856535+00:00,2
1418,D_MID021_63_NA4,2934,MID,MID021,63_NA4,41016.4452445528,1,4,12,True,2025-10-16 23:35:26.856535+00:00,2,2025-10-16 23:35:26.856535+00:00,2
1419,D_MID021_DED012,2937,MID,MID021,DED012,28660.8782573924,1,4,12,True,2025-10-16 23:35:26.856535+00:00,2,2025-10-16 23:35:26.856535+00:00,2
1420,D_MIL003_CCWDI,2939,MIL,UTC014,CCSDI,264.370318622717,1,4,12,True,2025-10-16 23:35:26.856535+00:00,2,2025-10-16 23:35:26.856535+00:00,2
1421,D_MIL003_UTC014,2941,MIL,MIL003,UTC014,20938.7919986761,1,4,12,True,2025-10-16 23:35:26.856535+00:00,2,2025-10-16 23:35:26.856535+00:00,2
1422,D_MIO023_10_NA,2943,MIO,MIO023,10_NA,12009.7174999993,1,4,12,True,2025-10-16 23:35:26.856535+00:00,2,2025-10-16 23:35:26.856535+00:00,2
1423,D_MIO023_12_NU1,2944,MIO,MIO023,12_NU1,18352.0461321135,1,4,12,True,2025-10-16 23:35:26.856535+00:00,2,2025-10-16 23:35:26.856535+00:00,2
1424,D_MIO023_LDC021,2945,MIO,MIO023,LDC021,10629.6779382063,1,4,12,True,2025-10-16 23:35:26.856535+00:00,2,2025-10-16 23:35:26.856535+00:00,2
1425,D_MLC006_05_NA,2946,MLC,MLC006,05_NA,6793.39684602262,1,4,12,True,2025-10-16 23:35:26.856535+00:00,2,2025-10-16 23:35:26.856535+00:00,2
1426,D_MLRTN_FRK000,2947,MLRTN,MLRTN,FRK000,36133.5330044195,1,4,12,True,2025-10-16 23:35:26.856535+00:00,2,2025-10-16 23:35:26.856535+00:00,2
1427,D_MLRTN_MDC006,2948,MLRTN,MLRTN,MDC006,10292.369209367,1,4,12,True,2025-10-16 23:35:26.856535+00:00,2,2025-10-16 23:35:26.856535+00:00,2
1428,D_MNRRH_13_NA,2949,MNRRH,MNRRH,13_NA,11481.0729904759,1,4,12,True,2025-10-16 23:35:26.856535+00:00,2,2025-10-16 23:35:26.856535+00:00,2
1429,D_MNRRH_13_NU2,2950,MNRRH,MNRRH,13_NU2,18329.199792467,1,4,12,True,2025-10-16 23:35:26.856535+00:00,2,2025-10-16 23:35:26.856535+00:00,2
1430,D_MNRRH_WTPMNR,2952,MNRRH,MNRRH,WTPMNR,595.297500000335,1,4,12,True,2025-10-16 23:35:26.856535+00:00,2,2025-10-16 23:35:26.856535+00:00,2
1431,D_MOK033_60N_NA5,2956,MOK,MOK033,60N_NA5,16134.0837419428,1,4,12,True,2025-10-16 23:35:26.856535+00:00,2,2025-10-16 23:35:26.856535+00:00,2
1432,D_MOK035_60N_NA4,2957,MOK,MOK035,60N_NA4,9518.56930000149,1,4,12,True,2025-10-16 23:35:26.856535+00:00,2,2025-10-16 23:35:26.856535+00:00,2
1433,D_MOK035_WTPDWS,2959,MOK,MOK035,WTPDWS,9882.10934508827,1,4,12,True,2025-10-16 23:35:26.856535+00:00,2,2025-10-16 23:35:26.856535+00:00,2
1434,D_MOK039_60N_NA5,2960,MOK,MOK039,60N_NA5,12007.8705761689,1,4,12,True,2025-10-16 23:35:26.856535+00:00,2,2025-10-16 23:35:26.856535+00:00,2
1435,D_MOK050_60N_NA3,2961,MOK,MOK050,60N_NA3,16650.4896,1,4,12,True,2025-10-16 23:35:26.856535+00:00,2,2025-10-16 23:35:26.856535+00:00,2
1436,D_MOK050_60N_NA5,2962,MOK,MOK050,60N_NA5,4638.25123751581,1,4,12,True,2025-10-16 23:35:26.856535+00:00,2,2025-10-16 23:35:26.856535+00:00,2
1437,D_MTC000_09_NA,2965,MTC,MTC000,09_NA,13152.0876335088,1,4,12,True,2025-10-16 23:35:26.856535+00:00,2,2025-10-16 23:35:26.856535+00:00,2
1438,D_MTC000_09_PR,2966,MTC,MTC000,09_PR,14952.0190630797,1,4,12,True,2025-10-16 23:35:26.856535+00:00,2,2025-10-16 23:35:26.856535+00:00,2
1439,D_MTC000_09_SA1,2967,MTC,MTC000,09_SA1,4013.48487439032,1,4,12,True,2025-10-16 23:35:26.856535+00:00,2,2025-10-16 23:35:26.856535+00:00,2
1440,D_MTMDW_NFF080,2968,MTMDW,MTMDW,NFF080,5860.89775811139,1,4,12,True,2025-10-16 23:35:26.856535+00:00,2,2025-10-16 23:35:26.856535+00:00,2
1441,D_NBA009_WTPTAB,2969,NBA,NBA009,WTPTAB,3279.1484186783,1,4,12,True,2025-10-16 23:35:26.856535+00:00,2,2025-10-16 23:35:26.856535+00:00,2
1442,D_NBA011_WTPNBR,2970,NBA,NBA011,WTPNBR,497.445199999958,1,4,12,True,2025-10-16 23:35:26.856535+00:00,2,2025-10-16 23:35:26.856535+00:00,2
1443,D_NBA021_VJB000,2971,NBA,NBA021,VJB000,4620.56280000042,1,4,12,True,2025-10-16 23:35:26.856535+00:00,2,2025-10-16 23:35:26.856535+00:00,2
1444,D_NBA027_NBALOS,2972,NBA,NBA027,,3298.8192478571,1,4,12,True,2025-10-16 23:35:26.856535+00:00,2,2025-10-16 23:35:26.856535+00:00,2
1445,D_NBA027_WTPAMC,2973,NBA,NBA027,WTPAMC,2065.52529999893,1,4,12,True,2025-10-16 23:35:26.856535+00:00,2,2025-10-16 23:35:26.856535+00:00,2
1446,D_NBA027_WTPJAC,2974,NBA,NBA027,WTPJAC,1813.85429999884,1,4,12,True,2025-10-16 23:35:26.856535+00:00,2,2025-10-16 23:35:26.856535+00:00,2
1447,D_NBLDB_CGT005,2975,NBLDB,NBLDB,CGT005,7939.45804504859,1,4,12,True,2025-10-16 23:35:26.856535+00:00,2,2025-10-16 23:35:26.856535+00:00,2
1448,D_NFA016_ABT002,2976,NFA,NFA016,ABT002,3661.5179256991,1,4,12,True,2025-10-16 23:35:26.856535+00:00,2,2025-10-16 23:35:26.856535+00:00,2
1449,D_NFF029_POE006,2978,NFF,NFF029,POE006,10369.2087685201,1,4,12,True,2025-10-16 23:35:26.856535+00:00,2,2025-10-16 23:35:26.856535+00:00,2
1450,D_NFF035_CST004,2979,NFF,NFF035,CST004,4639.64587759088,1,4,12,True,2025-10-16 23:35:26.856535+00:00,2,2025-10-16 23:35:26.856535+00:00,2
1451,D_NFF046_RCT007,2980,NFF,NFF046,RCT007,7999.04153976329,1,4,12,True,2025-10-16 23:35:26.856535+00:00,2,2025-10-16 23:35:26.856535+00:00,2
1452,D_NFF058_BTN007,2981,NFF,NFF058,BTN007,11376.3110727414,1,4,12,True,2025-10-16 23:35:26.856535+00:00,2,2025-10-16 23:35:26.856535+00:00,2
1453,D_NFM007_ELT000,2983,NFM,NFM007,ELT000,115.753600000404,1,4,12,True,2025-10-16 23:35:26.856535+00:00,2,2025-10-16 23:35:26.856535+00:00,2
1454,D_NFM010_ELT000,2984,NFM,NFM010,ELT000,4557.21956156463,1,4,12,True,2025-10-16 23:35:26.856535+00:00,2,2025-10-16 23:35:26.856535+00:00,2
1455,D_NFS008_COL000,2986,NFS,NFS008,COL000,92.6356623586741,1,4,12,True,2025-10-16 23:35:26.856535+00:00,2,2025-10-16 23:35:26.856535+00:00,2
1456,D_NFS033_SDT002,2989,NFS,NFS033,SDT002,3616.16956241283,1,4,12,True,2025-10-16 23:35:26.856535+00:00,2,2025-10-16 23:35:26.856535+00:00,2
1457,D_NLC003_NTD000,2993,NLC,NLC003,NTD000,278.044309302565,1,4,12,True,2025-10-16 23:35:26.856535+00:00,2,2025-10-16 23:35:26.856535+00:00,2
1458,D_NLL016_LCCWD,2994,NLL,NLL016,LCCWD,6070.02419999987,1,4,12,True,2025-10-16 23:35:26.856535+00:00,2,2025-10-16 23:35:26.856535+00:00,2
1459,D_NMC014_61_PA1,2995,NMC,NMC014,61_PA1,5063.6492999997,1,4,12,True,2025-10-16 23:35:26.856535+00:00,2,2025-10-16 23:35:26.856535+00:00,2
1460,D_NNA013_LVC001,2996,NNA,NNA013,LVC001,1262.72265939166,1,4,12,True,2025-10-16 23:35:26.856535+00:00,2,2025-10-16 23:35:26.856535+00:00,2
1461,D_NTOMA_FSC003,2998,NTOMA,NTOMA,FSC003,5141.85235092554,1,4,12,True,2025-10-16 23:35:26.856535+00:00,2,2025-10-16 23:35:26.856535+00:00,2
1462,D_NWT013_NIDD2,2999,NWT,NWT013,NIDDC_NA2,5113.83559998048,1,4,12,True,2025-10-16 23:35:26.856535+00:00,2,2025-10-16 23:35:26.856535+00:00,2
1463,D_NWT013_WLDWD,3001,NWT,NWT013,WLDWD,1691.88689999934,1,4,12,True,2025-10-16 23:35:26.856535+00:00,2,2025-10-16 23:35:26.856535+00:00,2
1464,D_OAK020_61_NA2,3002,OAK,OAK020,61_NA2,16026.6218144422,1,4,12,True,2025-10-16 23:35:26.856535+00:00,2,2025-10-16 23:35:26.856535+00:00,2
1465,D_OAK020_61_PA2,3003,OAK,OAK020,61_PA2,5338.25349999964,1,4,12,True,2025-10-16 23:35:26.856535+00:00,2,2025-10-16 23:35:26.856535+00:00,2
1466,D_OGN005_CMT000,3004,OGN,OGN005,CMT000,127.249849464213,1,4,12,True,2025-10-16 23:35:26.856535+00:00,2,2025-10-16 23:35:26.856535+00:00,2
1467,D_OMR021_ORP000,3005,OMR,OMR021,ORP000,212.516917241187,1,4,12,True,2025-10-16 23:35:26.856535+00:00,2,2025-10-16 23:35:26.856535+00:00,2
1468,D_OMR027_CAA000,3006,OMR,OMR027,CAA000,3768.66381483129,1,4,12,True,2025-10-16 23:35:26.856535+00:00,2,2025-10-16 23:35:26.856535+00:00,2
1469,D_OMR028_DMC000,3007,OMR,OMR028,DMC000,4093.43760532003,1,4,12,True,2025-10-16 23:35:26.856535+00:00,2,2025-10-16 23:35:26.856535+00:00,2
1470,D_OROVL_13_NU1,3009,OROVL,OROVL,13_NU1,14753.7180143002,1,4,12,True,2025-10-16 23:35:26.856535+00:00,2,2025-10-16 23:35:26.856535+00:00,2
1471,D_OWC000_13_NA,3010,OWC,OWC000,13_NA,6409.94609999936,1,4,12,True,2025-10-16 23:35:26.856535+00:00,2,2025-10-16 23:35:26.856535+00:00,2
1472,D_PARDE_AMADR,3011,PARDE,PARDE,AMADR,8401.19279999845,1,4,12,True,2025-10-16 23:35:26.856535+00:00,2,2025-10-16 23:35:26.856535+00:00,2
1473,D_PARDE_MAQ001,3012,PARDE,PARDE,MAQ001,2126.67780000158,1,4,12,True,2025-10-16 23:35:26.856535+00:00,2,2025-10-16 23:35:26.856535+00:00,2
1474,D_PCH000_SBCWD,3013,PCH,PCH000,SBCWD,156.447025550725,1,4,12,True,2025-10-16 23:35:26.856535+00:00,2,2025-10-16 23:35:26.856535+00:00,2
1475,D_PCH000_SCVWD,3014,PCH,PCH000,SCVWD,176.605497310875,1,4,12,True,2025-10-16 23:35:26.856535+00:00,2,2025-10-16 23:35:26.856535+00:00,2
1476,D_PLC007_WTPWAL,3016,PLC,PLC007,WTPWAL,22151.6568311631,1,4,12,True,2025-10-16 23:35:26.856535+00:00,2,2025-10-16 23:35:26.856535+00:00,2
1477,D_PSC003_20_PA,3019,PSC,PSC003,20_PA,19003.5794999991,1,4,12,True,2025-10-16 23:35:26.856535+00:00,2,2025-10-16 23:35:26.856535+00:00,2
1478,D_PSC003_25_PA1,3020,PSC,PSC003,25_PA1,8073.6314999992,1,4,12,True,2025-10-16 23:35:26.856535+00:00,2,2025-10-16 23:35:26.856535+00:00,2
1479,D_PSC003_PSCLOS,3021,PSC,PSC003,,3043.00263183864,1,4,12,True,2025-10-16 23:35:26.856535+00:00,2,2025-10-16 23:35:26.856535+00:00,2
1480,D_PSC006_25_PA2,3022,PSC,PSC006,25_PA2,16328.1543999994,1,4,12,True,2025-10-16 23:35:26.856535+00:00,2,2025-10-16 23:35:26.856535+00:00,2
1481,D_PSC013_WTPDEF,3023,PSC,PSC013,WTPDEF,375.337400000542,1,4,12,True,2025-10-16 23:35:26.856535+00:00,2,2025-10-16 23:35:26.856535+00:00,2
1482,D_PSC015_CSPSO,3024,PSC,PSC015,CSPSO,1531.60381206851,1,4,12,True,2025-10-16 23:35:26.856535+00:00,2,2025-10-16 23:35:26.856535+00:00,2
1483,D_PSC017_WTPNBR,3025,PSC,PSC017,WTPNBR,343.28569999896,1,4,12,True,2025-10-16 23:35:26.856535+00:00,2,2025-10-16 23:35:26.856535+00:00,2
1484,D_PSC020_WTPCMT,3026,PSC,PSC020,WTPCMT,157.246547420643,1,4,12,True,2025-10-16 23:35:26.856535+00:00,2,2025-10-16 23:35:26.856535+00:00,2
1485,D_PSC024_SIDSH,3027,PSC,PSC024,SIDSH,4081.73799999896,1,4,12,True,2025-10-16 23:35:26.856535+00:00,2,2025-10-16 23:35:26.856535+00:00,2
1486,D_PSC024_WTPWMN,3028,PSC,PSC024,WTPWMN,400.977300001308,1,4,12,True,2025-10-16 23:35:26.856535+00:00,2,2025-10-16 23:35:26.856535+00:00,2
1487,D_PSC033_VJB000,3029,PSC,PSC033,VJB000,1622.42490000091,1,4,12,True,2025-10-16 23:35:26.856535+00:00,2,2025-10-16 23:35:26.856535+00:00,2
1488,D_PTH024_PSC003,3030,PTH,PTH024,PSC003,5251.56503119682,1,4,12,True,2025-10-16 23:35:26.856535+00:00,2,2025-10-16 23:35:26.856535+00:00,2
1489,D_PTH070_PUTAH,3031,PTH,PTH070,PUTAH,12897.5643003117,1,4,12,True,2025-10-16 23:35:26.856535+00:00,2,2025-10-16 23:35:26.856535+00:00,2
1490,D_RFS13_12_NA,3036,RFS,RFS13,12_NA,10043.3472999996,1,4,12,True,2025-10-16 23:35:26.856535+00:00,2,2025-10-16 23:35:26.856535+00:00,2
1491,D_RFS25_25_PA2,3037,RFS,RFS25,25_PA2,10322.8294000011,1,4,12,True,2025-10-16 23:35:26.856535+00:00,2,2025-10-16 23:35:26.856535+00:00,2
1492,D_RFS61B_61_NA2,3038,RFS,RFS61B,61_NA2,6886.05535123383,1,4,12,True,2025-10-16 23:35:26.856535+00:00,2,2025-10-16 23:35:26.856535+00:00,2
1493,D_RFS61D_61_NA5,3039,RFS,RFS61D,61_NA5,18784.8511987968,1,4,12,True,2025-10-16 23:35:26.856535+00:00,2,2025-10-16 23:35:26.856535+00:00,2
1494,D_RFS64_64_NA2,3040,RFS,RFS64,64_NA2,7623.67784415857,1,4,12,True,2025-10-16 23:35:26.856535+00:00,2,2025-10-16 23:35:26.856535+00:00,2
1495,D_RFS71A_50_PA1,3041,RFS,RFS71A,50_PA1,11273.4209995812,1,4,12,True,2025-10-16 23:35:26.856535+00:00,2,2025-10-16 23:35:26.856535+00:00,2
1496,D_RSL004_CCC004,3043,RSL,RSL004,CCC004,6343.31874292032,1,4,12,True,2025-10-16 23:35:26.856535+00:00,2,2025-10-16 23:35:26.856535+00:00,2
1497,D_RUB047_RRT000,3045,RUB,RUB047,RRT000,283.432930972996,1,4,12,True,2025-10-16 23:35:26.856535+00:00,2,2025-10-16 23:35:26.856535+00:00,2
1498,D_RVC005_11_PR,3046,RVC,RVC005,11_PR,16623.2486912921,1,4,12,True,2025-10-16 23:35:26.856535+00:00,2,2025-10-16 23:35:26.856535+00:00,2
1499,D_RVC005_11_SA2,3047,RVC,RVC005,11_SA2,8560.85379129238,1,4,12,True,2025-10-16 23:35:26.856535+00:00,2,2025-10-16 23:35:26.856535+00:00,2
1500,D_SAC030_MOK014,3048,SAC,SAC030,MOK014,2987.08735481092,1,4,12,True,2025-10-16 23:35:26.856535+00:00,2,2025-10-16 23:35:26.856535+00:00,2
1501,D_SAC050_FPT013,3050,SAC,SAC050,FPT013,20193.132232526,1,4,12,True,2025-10-16 23:35:26.856535+00:00,2,2025-10-16 23:35:26.856535+00:00,2
1502,D_SAC062_WTPSAC,3051,SAC,SAC062,WTPSAC,546.484981870191,1,4,12,True,2025-10-16 23:35:26.856535+00:00,2,2025-10-16 23:35:26.856535+00:00,2
1503,D_SAC065_WTPBTB,3052,SAC,SAC065,WTPBTB,252.527140191529,1,4,12,True,2025-10-16 23:35:26.856535+00:00,2,2025-10-16 23:35:26.856535+00:00,2
1504,D_SAC074_21_SA,3053,SAC,SAC074,21_SA,9196.84800876345,1,4,12,True,2025-10-16 23:35:26.856535+00:00,2,2025-10-16 23:35:26.856535+00:00,2
1505,D_SAC074_WTPDWP,3054,SAC,SAC074,WTPDWP,6880.28136699753,1,4,12,True,2025-10-16 23:35:26.856535+00:00,2,2025-10-16 23:35:26.856535+00:00,2
1506,D_SAC075_22_NA,3055,SAC,SAC075,22_NA,3059.50270000007,1,4,12,True,2025-10-16 23:35:26.856535+00:00,2,2025-10-16 23:35:26.856535+00:00,2
1507,D_SAC078_22_SA1,3056,SAC,SAC078,22_SA1,3929.50310090646,1,4,12,True,2025-10-16 23:35:26.856535+00:00,2,2025-10-16 23:35:26.856535+00:00,2
1508,D_SAC081_21_NA,3057,SAC,SAC081,21_NA,1092.44760000054,1,4,12,True,2025-10-16 23:35:26.856535+00:00,2,2025-10-16 23:35:26.856535+00:00,2
1509,D_SAC082_22_SA1,3058,SAC,SAC082,22_SA1,7940.50729999878,1,4,12,True,2025-10-16 23:35:26.856535+00:00,2,2025-10-16 23:35:26.856535+00:00,2
1510,D_SAC083_21_SA,3059,SAC,SAC083,21_SA,20792.8340439717,1,4,12,True,2025-10-16 23:35:26.856535+00:00,2,2025-10-16 23:35:26.856535+00:00,2
1511,D_SAC091_19_SA,3060,SAC,SAC091,19_SA,11304.2345564811,1,4,12,True,2025-10-16 23:35:26.856535+00:00,2,2025-10-16 23:35:26.856535+00:00,2
1512,D_SAC099_19_SA,3061,SAC,SAC099,19_SA,6207.35869999975,1,4,12,True,2025-10-16 23:35:26.856535+00:00,2,2025-10-16 23:35:26.856535+00:00,2
1513,D_SAC109_08S_SA3,3062,SAC,SAC109,08S_SA3,5274.48647128713,1,4,12,True,2025-10-16 23:35:26.856535+00:00,2,2025-10-16 23:35:26.856535+00:00,2
1514,D_SAC109_19_SA,3063,SAC,SAC109,19_SA,9163.94367532351,1,4,12,True,2025-10-16 23:35:26.856535+00:00,2,2025-10-16 23:35:26.856535+00:00,2
1515,D_SAC115_19_SA,3064,SAC,SAC115,19_SA,15121.3323180658,1,4,12,True,2025-10-16 23:35:26.856535+00:00,2,2025-10-16 23:35:26.856535+00:00,2
1516,D_SAC121_08S_SA3,3065,SAC,SAC121,08S_SA3,15220.508633683,1,4,12,True,2025-10-16 23:35:26.856535+00:00,2,2025-10-16 23:35:26.856535+00:00,2
1517,D_SAC122_19_SA,3067,SAC,SAC122,19_SA,18303.9387785214,1,4,12,True,2025-10-16 23:35:26.856535+00:00,2,2025-10-16 23:35:26.856535+00:00,2
1518,D_SAC129_08S_NA2,3068,SAC,SAC129,08S_NA2,2808.83410000056,1,4,12,True,2025-10-16 23:35:26.856535+00:00,2,2025-10-16 23:35:26.856535+00:00,2
1519,D_SAC136_18_NA,3069,SAC,SAC136,18_NA,10041.9119535527,1,4,12,True,2025-10-16 23:35:26.856535+00:00,2,2025-10-16 23:35:26.856535+00:00,2
1520,D_SAC136_18_SA,3070,SAC,SAC136,18_SA,9031.44513659392,1,4,12,True,2025-10-16 23:35:26.856535+00:00,2,2025-10-16 23:35:26.856535+00:00,2
1521,D_SAC146_08S_NA1,3071,SAC,SAC146,08S_NA1,6960.41605153951,1,4,12,True,2025-10-16 23:35:26.856535+00:00,2,2025-10-16 23:35:26.856535+00:00,2
1522,D_SAC159_08N_SA1,3072,SAC,SAC159,08N_SA1,5702.02669669749,1,4,12,True,2025-10-16 23:35:26.856535+00:00,2,2025-10-16 23:35:26.856535+00:00,2
1523,D_SAC159_08S_SA1,3073,SAC,SAC159,08S_SA1,12266.765926298,1,4,12,True,2025-10-16 23:35:26.856535+00:00,2,2025-10-16 23:35:26.856535+00:00,2
1524,D_SAC162_09_SA2,3074,SAC,SAC162,09_SA2,11510.5718999999,1,4,12,True,2025-10-16 23:35:26.856535+00:00,2,2025-10-16 23:35:26.856535+00:00,2
1525,D_SAC178_08N_SA1,3075,SAC,SAC178,08N_SA1,22339.7974311837,1,4,12,True,2025-10-16 23:35:26.856535+00:00,2,2025-10-16 23:35:26.856535+00:00,2
1526,D_SAC185_08N_NA,3076,SAC,SAC185,08_NA,15078.3263672881,1,4,12,True,2025-10-16 23:35:26.856535+00:00,2,2025-10-16 23:35:26.856535+00:00,2
1527,D_SAC185_09_NA,3077,SAC,SAC185,09_NA,8311.76634173165,1,4,12,True,2025-10-16 23:35:26.856535+00:00,2,2025-10-16 23:35:26.856535+00:00,2
1528,D_SAC196_MTC000,3078,SAC,SAC196,MTC000,1464.13545443054,1,4,12,True,2025-10-16 23:35:26.856535+00:00,2,2025-10-16 23:35:26.856535+00:00,2
1529,D_SAC207_GCC007,3079,SAC,SAC207,GCC007,12860.5619196694,1,4,12,True,2025-10-16 23:35:26.856535+00:00,2,2025-10-16 23:35:26.856535+00:00,2
1530,D_SAC224_04_NA,3080,SAC,SAC224,04_NA,9627.7621545817,1,4,12,True,2025-10-16 23:35:26.856535+00:00,2,2025-10-16 23:35:26.856535+00:00,2
1531,D_SAC240_05_NA,3081,SAC,SAC240,05_NA,32710.5269373337,1,4,12,True,2025-10-16 23:35:26.856535+00:00,2,2025-10-16 23:35:26.856535+00:00,2
1532,D_SAC240_TCC001,3082,SAC,SAC240,TCC001,876.233980253896,1,4,12,True,2025-10-16 23:35:26.856535+00:00,2,2025-10-16 23:35:26.856535+00:00,2
1533,D_SAC273_03_NA,3083,SAC,SAC273,03_NA,12464.8847624773,1,4,12,True,2025-10-16 23:35:26.856535+00:00,2,2025-10-16 23:35:26.856535+00:00,2
1534,D_SAC281_02_NA,3084,SAC,SAC281,02_NA,15079.583288225,1,4,12,True,2025-10-16 23:35:26.856535+00:00,2,2025-10-16 23:35:26.856535+00:00,2
1535,D_SAC289_03_SA,3085,SAC,SAC289,03_SA,8093.81579999905,1,4,12,True,2025-10-16 23:35:26.856535+00:00,2,2025-10-16 23:35:26.856535+00:00,2
1536,D_SAC294_03_PA,3086,SAC,SAC294,03_PA,7528.73629999906,1,4,12,True,2025-10-16 23:35:26.856535+00:00,2,2025-10-16 23:35:26.856535+00:00,2
1537,D_SAC294_WTPBLV,3087,SAC,SAC294,WTPBLV,2109.58949999977,1,4,12,True,2025-10-16 23:35:26.856535+00:00,2,2025-10-16 23:35:26.856535+00:00,2
1538,D_SAC296_02_SA,3088,SAC,SAC296,02_SA,30599.0202105357,1,4,12,True,2025-10-16 23:35:26.856535+00:00,2,2025-10-16 23:35:26.856535+00:00,2
1539,D_SAC296_WTPFTH,3089,SAC,SAC296,WTPFTH,2558.21490340871,1,4,12,True,2025-10-16 23:35:26.856535+00:00,2,2025-10-16 23:35:26.856535+00:00,2
1540,D_SBP012_DWRPS1,3095,SBP,SBP012,DWRPS1,876.274099999107,1,4,12,True,2025-10-16 23:35:26.856535+00:00,2,2025-10-16 23:35:26.856535+00:00,2
1541,D_SBP014_17S_NA,3096,SBP,SBP014,17S_NA,8989.46600000001,1,4,12,True,2025-10-16 23:35:26.856535+00:00,2,2025-10-16 23:35:26.856535+00:00,2
1542,D_SBP021_DWRPS2,3097,SBP,SBP021,DWRPS2,714.316202689667,1,4,12,True,2025-10-16 23:35:26.856535+00:00,2,2025-10-16 23:35:26.856535+00:00,2
1543,D_SBP028_17S_PR,3098,SBP,SBP028,17S_PR,9444.05077239852,1,4,12,True,2025-10-16 23:35:26.856535+00:00,2,2025-10-16 23:35:26.856535+00:00,2
1544,D_SBP031_18_NA,3099,SBP,SBP031,18_NA,4629.06044588207,1,4,12,True,2025-10-16 23:35:26.856535+00:00,2,2025-10-16 23:35:26.856535+00:00,2
1545,D_SEC009_11_SA4,3100,SEC,SEC009,11_SA4,19545.9435358847,1,4,12,True,2025-10-16 23:35:26.856535+00:00,2,2025-10-16 23:35:26.856535+00:00,2
1546,D_SEC009_17S_PR,3101,SEC,SEC009,17S_PR,28877.3684108536,1,4,12,True,2025-10-16 23:35:26.856535+00:00,2,2025-10-16 23:35:26.856535+00:00,2
1547,D_SFA040_WRT004,3103,SFA,SFA040,WRT004,7957.29609222833,1,4,12,True,2025-10-16 23:35:26.856535+00:00,2,2025-10-16 23:35:26.856535+00:00,2
1548,D_SFA066_EDC000,3104,SFA,SFA066,EDC000,175.990294809774,1,4,12,True,2025-10-16 23:35:26.856535+00:00,2,2025-10-16 23:35:26.856535+00:00,2
1549,D_SFD003_CSD014,3105,SFD,SFD003,CSD014,23272.362346512,1,4,12,True,2025-10-16 23:35:26.856535+00:00,2,2025-10-16 23:35:26.856535+00:00,2
1550,D_SFF011_MNRRH,3106,SFF,SFF011,MNRRH,18217.9528807846,1,4,12,True,2025-10-16 23:35:26.856535+00:00,2,2025-10-16 23:35:26.856535+00:00,2
1551,D_SFF029_SFT000,3108,SFF,SFF029,SFT000,153.330343153667,1,4,12,True,2025-10-16 23:35:26.856535+00:00,2,2025-10-16 23:35:26.856535+00:00,2
1552,D_SFM005_MHILL,3109,SFM,SFM005,MHILL,4029.86730000816,1,4,12,True,2025-10-16 23:35:26.856535+00:00,2,2025-10-16 23:35:26.856535+00:00,2
1553,D_SFR006_RPT004,3111,SFR,SFR006,RPT004,5900.40118766662,1,4,12,True,2025-10-16 23:35:26.856535+00:00,2,2025-10-16 23:35:26.856535+00:00,2
1554,D_SHSTA_WTPJMS,3115,SHSTA,SHSTA,WTPJMS,704.673029329564,1,4,12,True,2025-10-16 23:35:26.856535+00:00,2,2025-10-16 23:35:26.856535+00:00,2
1555,D_SJR006_ANTOC,3117,SJR,SJR006,ANTOC,4308.94076640312,1,4,12,True,2025-10-16 23:35:26.856535+00:00,2,2025-10-16 23:35:26.856535+00:00,2
1556,D_SJR028_WTPDWS,3118,SJR,SJR028,WTPDWS,17256.2683871212,1,4,12,True,2025-10-16 23:35:26.856535+00:00,2,2025-10-16 23:35:26.856535+00:00,2
1557,D_SJR062_50_PA1,3119,SJR,SJR062,50_PA1,11312.7555731231,1,4,12,True,2025-10-16 23:35:26.856535+00:00,2,2025-10-16 23:35:26.856535+00:00,2
1558,D_SJR070_61_NA6,3120,SJR,SJR070,61_NA6,6557.28519999981,1,4,12,True,2025-10-16 23:35:26.856535+00:00,2,2025-10-16 23:35:26.856535+00:00,2
1559,D_SJR081_61_NA5,3121,SJR,SJR081,61_NA5,2591.35190000013,1,4,12,True,2025-10-16 23:35:26.856535+00:00,2,2025-10-16 23:35:26.856535+00:00,2
1560,D_SJR082_71_PA2,3122,SJR,SJR082,71_PA2,9227.99789999984,1,4,12,True,2025-10-16 23:35:26.856535+00:00,2,2025-10-16 23:35:26.856535+00:00,2
1561,D_SJR090_71_NA2,3123,SJR,SJR090,71_NA2,19357.0652737287,1,4,12,True,2025-10-16 23:35:26.856535+00:00,2,2025-10-16 23:35:26.856535+00:00,2
1562,D_SJR096_71_PA4,3124,SJR,SJR096,71_PA4,1189.87160000019,1,4,12,True,2025-10-16 23:35:26.856535+00:00,2,2025-10-16 23:35:26.856535+00:00,2
1563,D_SJR105_71_NA1,3126,SJR,SJR105,71_NA1,6341.42100000009,1,4,12,True,2025-10-16 23:35:26.856535+00:00,2,2025-10-16 23:35:26.856535+00:00,2
1564,D_SJR114_62_NA5,3127,SJR,SJR114,62_NA5,27428.8215648314,1,4,12,True,2025-10-16 23:35:26.856535+00:00,2,2025-10-16 23:35:26.856535+00:00,2
1565,D_SJR116_72_NA1,3128,SJR,SJR116,72_NA1,1489.23320779488,1,4,12,True,2025-10-16 23:35:26.856535+00:00,2,2025-10-16 23:35:26.856535+00:00,2
1566,D_SJR166_EBP032,3129,SJR,SJR166,EBP032,909.09173586755,1,4,12,True,2025-10-16 23:35:26.856535+00:00,2,2025-10-16 23:35:26.856535+00:00,2
1567,D_SJR180_ARY010,3130,SJR,SJR180,ARY010,16192.309219731,1,4,12,True,2025-10-16 23:35:26.856535+00:00,2,2025-10-16 23:35:26.856535+00:00,2
1568,D_SJR205_SJR201,3131,SJR,SJR205,SJR201,2596.13020000048,1,4,12,True,2025-10-16 23:35:26.856535+00:00,2,2025-10-16 23:35:26.856535+00:00,2
1569,D_SJR214_EBP001,3132,SJR,SJR214,EBP001,128.079176060652,1,4,12,True,2025-10-16 23:35:26.856535+00:00,2,2025-10-16 23:35:26.856535+00:00,2
1570,D_SJR227_64_PA3,3133,SJR,SJR227,64_PA3,22542.7909853657,1,4,12,True,2025-10-16 23:35:26.856535+00:00,2,2025-10-16 23:35:26.856535+00:00,2
1571,D_SLC003_STD000,3135,SLC,SLC003,STD000,48.1354000010792,1,4,12,True,2025-10-16 23:35:26.856535+00:00,2,2025-10-16 23:35:26.856535+00:00,2
1572,D_SLT009_SCT000,3136,SLT,SLT009,SCT000,72.0953908568976,1,4,12,True,2025-10-16 23:35:26.856535+00:00,2,2025-10-16 23:35:26.856535+00:00,2
1573,D_SLTSP_TGR000,3137,SLTSP,SLTSP,TGR000,288.315578647404,1,4,12,True,2025-10-16 23:35:26.856535+00:00,2,2025-10-16 23:35:26.856535+00:00,2
1574,D_SLUIS_PCH000,3138,SLUIS,SLUIS,PCH000,403.625345860456,1,4,12,True,2025-10-16 23:35:26.856535+00:00,2,2025-10-16 23:35:26.856535+00:00,2
1575,D_SLV006_CMN005,3139,SLV,SLV006,CMN005,8054.64007164452,1,4,12,True,2025-10-16 23:35:26.856535+00:00,2,2025-10-16 23:35:26.856535+00:00,2
1576,D_SLV015_JBT004,3140,SLV,SLV015,JBT004,7113.5938188141,1,4,12,True,2025-10-16 23:35:26.856535+00:00,2,2025-10-16 23:35:26.856535+00:00,2
1577,D_SPLDG_DRM000,3141,SPLDG,SPLDG,DRM000,1395.77606888863,1,4,12,True,2025-10-16 23:35:26.856535+00:00,2,2025-10-16 23:35:26.856535+00:00,2
1578,D_SPLDG_SYC000,3144,SPLDG,SPLDG,SYC000,331.660327174781,1,4,12,True,2025-10-16 23:35:26.856535+00:00,2,2025-10-16 23:35:26.856535+00:00,2
1579,D_SSJ004_NMC000,3147,SSJ,SSJ004,NMC000,136.645641124856,1,4,12,True,2025-10-16 23:35:26.856535+00:00,2,2025-10-16 23:35:26.856535+00:00,2
1580,D_SSR030_PHP000,3148,SSR,SSR030,PHP000,80.0953867394992,1,4,12,True,2025-10-16 23:35:26.856535+00:00,2,2025-10-16 23:35:26.856535+00:00,2
1581,D_STH000_ABN027,3149,STH,STH000,ABN027,422.143450391046,1,4,12,True,2025-10-16 23:35:26.856535+00:00,2,2025-10-16 23:35:26.856535+00:00,2
1582,D_STH004_24_NA3,3154,STH,STH004,24_NA3,4562.35278206665,1,4,12,True,2025-10-16 23:35:26.856535+00:00,2,2025-10-16 23:35:26.856535+00:00,2
1583,D_STH004_WTPFSS,3155,STH,STH004,WTPFSS,886.240699999034,1,4,12,True,2025-10-16 23:35:26.856535+00:00,2,2025-10-16 23:35:26.856535+00:00,2
1584,D_STH005_MRM001,3157,STH,STH005,MRM001,2090.88481863563,1,4,12,True,2025-10-16 23:35:26.856535+00:00,2,2025-10-16 23:35:26.856535+00:00,2
1585,D_STN004_GCC007,3159,STN,STN004,GCC007,1984.51320000086,1,4,12,True,2025-10-16 23:35:26.856535+00:00,2,2025-10-16 23:35:26.856535+00:00,2
1586,D_STN014_TCC031,3160,STN,STN014,TCC031,2153.78239999991,1,4,12,True,2025-10-16 23:35:26.856535+00:00,2,2025-10-16 23:35:26.856535+00:00,2
1587,D_STN021_06_PA,3161,STN,STN021,06_PA,9210.3166845105,1,4,12,True,2025-10-16 23:35:26.856535+00:00,2,2025-10-16 23:35:26.856535+00:00,2
1588,D_STN026_06_PA,3162,STN,STN026,06_PA,13677.0888311613,1,4,12,True,2025-10-16 23:35:26.856535+00:00,2,2025-10-16 23:35:26.856535+00:00,2
1589,D_STS030_61_NA4,3164,STS,STS030,61_NA4,1683.79040000029,1,4,12,True,2025-10-16 23:35:26.856535+00:00,2,2025-10-16 23:35:26.856535+00:00,2
1590,D_STS059_OAK001,3165,STS,STS059,OAK001,599.048873106404,1,4,12,True,2025-10-16 23:35:26.856535+00:00,2,2025-10-16 23:35:26.856535+00:00,2
1591,D_STS059_SSJ001,3166,STS,STS059,SSJ001,1354.1500544988,1,4,12,True,2025-10-16 23:35:26.856535+00:00,2,2025-10-16 23:35:26.856535+00:00,2
1592,D_STS059_UFC000,3167,STS,STS059,UFC000,5213.27871285492,1,4,12,True,2025-10-16 23:35:26.856535+00:00,2,2025-10-16 23:35:26.856535+00:00,2
1593,D_SYC000_SFY041,3169,SYC,SYC000,SFY041,758.785000002012,1,4,12,True,2025-10-16 23:35:26.856535+00:00,2,2025-10-16 23:35:26.856535+00:00,2
1594,D_SYC002_BRR074,3170,SYC,SYC002,BRR074,101.510599998757,1,4,12,True,2025-10-16 23:35:26.856535+00:00,2,2025-10-16 23:35:26.856535+00:00,2
1595,D_TBAUD_AMDOR,3173,TBAUD,TBAUD,AMDOR,43668.4154311674,1,4,12,True,2025-10-16 23:35:26.856535+00:00,2,2025-10-16 23:35:26.856535+00:00,2
1596,D_TBAUD_MOK082,3175,TBAUD,TBAUD,MOK082,2123.56556969912,1,4,12,True,2025-10-16 23:35:26.856535+00:00,2,2025-10-16 23:35:26.856535+00:00,2
1597,D_TCC001_CCL005,3176,TCC,TCC001,CCL005,8046.72006259662,1,4,12,True,2025-10-16 23:35:26.856535+00:00,2,2025-10-16 23:35:26.856535+00:00,2
1598,D_TCC022_04_PA2,3177,TCC,TCC022,04_PA2,4271.37240000069,1,4,12,True,2025-10-16 23:35:26.856535+00:00,2,2025-10-16 23:35:26.856535+00:00,2
1599,D_TCC022_TCCLOS,3178,TCC,TCC022,,1215.97052935977,1,4,12,True,2025-10-16 23:35:26.856535+00:00,2,2025-10-16 23:35:26.856535+00:00,2
1600,D_TCC036_07N_PA,3179,TCC,TCC036,07N_PA,15726.317999999,1,4,12,True,2025-10-16 23:35:26.856535+00:00,2,2025-10-16 23:35:26.856535+00:00,2
1601,D_TCC062_GCC036,3180,TCC,TCC062,GCC036,2160.92221338533,1,4,12,True,2025-10-16 23:35:26.856535+00:00,2,2025-10-16 23:35:26.856535+00:00,2
1602,D_TCC081_07S_PA,3181,TCC,TCC081,07S_PA,16859.156370282,1,4,12,True,2025-10-16 23:35:26.856535+00:00,2,2025-10-16 23:35:26.856535+00:00,2
1603,D_TCC085_GCC056,3182,TCC,TCC085,GCC056,5123.46281196237,1,4,12,True,2025-10-16 23:35:26.856535+00:00,2,2025-10-16 23:35:26.856535+00:00,2
1604,D_TCC111_07S_PA,3183,TCC,TCC111,07S_PA,30734.8755604428,1,4,12,True,2025-10-16 23:35:26.856535+00:00,2,2025-10-16 23:35:26.856535+00:00,2
1605,D_TFR000_BSC005,3185,TFR,TFR000,BSC005,351.280128638077,1,4,12,True,2025-10-16 23:35:26.856535+00:00,2,2025-10-16 23:35:26.856535+00:00,2
1606,D_TGC003_TGR021,3189,TGC,TGC003,TGR021,5238.18383224458,1,4,12,True,2025-10-16 23:35:26.856535+00:00,2,2025-10-16 23:35:26.856535+00:00,2
1607,D_THM012_04_NA,3191,THM,THM012,04_NA,15318.6111000003,1,4,12,True,2025-10-16 23:35:26.856535+00:00,2,2025-10-16 23:35:26.856535+00:00,2
1608,D_THRMA_JBC000,3192,THRMA,THRMA,JBC000,5657.44181882213,1,4,12,True,2025-10-16 23:35:26.856535+00:00,2,2025-10-16 23:35:26.856535+00:00,2
1609,D_THRMA_RVC000,3193,THRMA,THRMA,RVC000,2988.59508220273,1,4,12,True,2025-10-16 23:35:26.856535+00:00,2,2025-10-16 23:35:26.856535+00:00,2
1610,D_THRMA_WEC000,3194,THRMA,THRMA,WEC000,2984.85639095493,1,4,12,True,2025-10-16 23:35:26.856535+00:00,2,2025-10-16 23:35:26.856535+00:00,2
1611,D_THRMF_11_NU1,3195,THRMF,THRMF,11_NU1,2442.57380000036,1,4,12,True,2025-10-16 23:35:26.856535+00:00,2,2025-10-16 23:35:26.856535+00:00,2
1612,D_THRMF_12_NU1,3196,THRMF,THRMF,12_NU1,6823.41550240151,1,4,12,True,2025-10-16 23:35:26.856535+00:00,2,2025-10-16 23:35:26.856535+00:00,2
1613,D_TRLCK_62_NA3,3197,TRLCK,TRLCK,62_NA3,20551.9020140179,1,4,12,True,2025-10-16 23:35:26.856535+00:00,2,2025-10-16 23:35:26.856535+00:00,2
1614,D_TUO017_61_NA3,3201,TUO,TUO017,61_NA3,13566.1068326419,1,4,12,True,2025-10-16 23:35:26.856535+00:00,2,2025-10-16 23:35:26.856535+00:00,2
1615,D_TUO017_62_NA4,3202,TUO,TUO017,62_NA4,16302.4776999988,1,4,12,True,2025-10-16 23:35:26.856535+00:00,2,2025-10-16 23:35:26.856535+00:00,2
1616,D_TUO054_MDS003,3205,TUO,TUO054,MDS003,4121.43024776907,1,4,12,True,2025-10-16 23:35:26.856535+00:00,2,2025-10-16 23:35:26.856535+00:00,2
1617,D_TUO054_TUR001,3206,TUO,TUO054,TUR001,840.113414884217,1,4,12,True,2025-10-16 23:35:26.856535+00:00,2,2025-10-16 23:35:26.856535+00:00,2
1618,D_UNVLY_UVT001,3209,UNVLY,UNVLY,UVT001,496.189827526114,1,4,12,True,2025-10-16 23:35:26.856535+00:00,2,2025-10-16 23:35:26.856535+00:00,2
1619,D_VCT002_ORP000,3213,VCT,VCT002,ORP000,6489.94489999861,1,4,12,True,2025-10-16 23:35:26.856535+00:00,2,2025-10-16 23:35:26.856535+00:00,2
1620,D_VJB000_WTPBNC,3214,VJB,VJB000,WTPBNC,13786.8208078453,1,4,12,True,2025-10-16 23:35:26.856535+00:00,2,2025-10-16 23:35:26.856535+00:00,2
1621,D_VJB000_WTPFMH,3215,VJB,VJB000,WTPFMH,10493.5578294819,1,4,12,True,2025-10-16 23:35:26.856535+00:00,2,2025-10-16 23:35:26.856535+00:00,2
1622,D_VLW008_72_PR1,3216,VLW,VLW008,72_PR1,1127.25310000032,1,4,12,True,2025-10-16 23:35:26.856535+00:00,2,2025-10-16 23:35:26.856535+00:00,2
1623,D_VLW008_72_PR5,3217,VLW,VLW008,72_PR5,8242.15648273125,1,4,12,True,2025-10-16 23:35:26.856535+00:00,2,2025-10-16 23:35:26.856535+00:00,2
1624,D_WBF015_MIO023,3219,WBF,WBF015,MIO023,36634.3171393632,1,4,12,True,2025-10-16 23:35:26.856535+00:00,2,2025-10-16 23:35:26.856535+00:00,2
1625,D_WBF030_HKC002,3220,WBF,WBF030,HKC002,3954.05257961615,1,4,12,True,2025-10-16 23:35:26.856535+00:00,2,2025-10-16 23:35:26.856535+00:00,2
1626,D_WDWRD_61_PA3,3221,WDWRD,WDWRD,61_PA3,18968.9507867808,1,4,12,True,2025-10-16 23:35:26.856535+00:00,2,2025-10-16 23:35:26.856535+00:00,2
1627,D_WDWRD_WTPDGT,3222,WDWRD,WDWRD,WTPDGT,1253.44293499254,1,4,12,True,2025-10-16 23:35:26.856535+00:00,2,2025-10-16 23:35:26.856535+00:00,2
1628,D_WEC005_11_PR,3223,WEC,WEC005,11_PR,18530.7388446342,1,4,12,True,2025-10-16 23:35:26.856535+00:00,2,2025-10-16 23:35:26.856535+00:00,2
1629,D_WEC005_11_SA1,3224,WEC,WEC005,11_SA1,3566.976802616,1,4,12,True,2025-10-16 23:35:26.856535+00:00,2,2025-10-16 23:35:26.856535+00:00,2
1630,D_WEC005_BTC032,3225,WEC,WEC005,BTC032,7548.43850762419,1,4,12,True,2025-10-16 23:35:26.856535+00:00,2,2025-10-16 23:35:26.856535+00:00,2
1631,D_WKYTN_02_PU,3226,WKYTN,WKYTN,02_PU,17674.9392896152,1,4,12,True,2025-10-16 23:35:26.856535+00:00,2,2025-10-16 23:35:26.856535+00:00,2
1632,D_WKYTN_SPT003,3227,WKYTN,WKYTN,SPT003,8414.28827509472,1,4,12,True,2025-10-16 23:35:26.856535+00:00,2,2025-10-16 23:35:26.856535+00:00,2
1633,D_WKYTN_WTPBUK,3228,WKYTN,WKYTN,WTPBUK,6534.82700712904,1,4,12,True,2025-10-16 23:35:26.856535+00:00,2,2025-10-16 23:35:26.856535+00:00,2
1634,D_WKYTN_WTPCSD,3229,WKYTN,WKYTN,WTPCSD,488.935739884549,1,4,12,True,2025-10-16 23:35:26.856535+00:00,2,2025-10-16 23:35:26.856535+00:00,2
1635,D_WLF013_NIDTD,3231,WLF,WLF013,NIDTD,23753.2961613591,1,4,12,True,2025-10-16 23:35:26.856535+00:00,2,2025-10-16 23:35:26.856535+00:00,2
1636,D_WRT004_EID000,3239,WRT,WRT004,EID000,3565.29876122093,1,4,12,True,2025-10-16 23:35:26.856535+00:00,2,2025-10-16 23:35:26.856535+00:00,2
1637,D_WSE003_LBC040,3245,WSE,WSE003,LBC040,6747.09077434829,1,4,12,True,2025-10-16 23:35:26.856535+00:00,2,2025-10-16 23:35:26.856535+00:00,2
1638,D_WSE004_24_NA1,3246,WSE,WSE004,24_NA1,11020.3038425311,1,4,12,True,2025-10-16 23:35:26.856535+00:00,2,2025-10-16 23:35:26.856535+00:00,2
1639,D_WSE004_24_NU3,3247,WSE,WSE004,24_NU3,2510.86760000046,1,4,12,True,2025-10-16 23:35:26.856535+00:00,2,2025-10-16 23:35:26.856535+00:00,2
1640,D_WTPAMC_AMCYN,3249,WTPAMC,WTPAMC,AMCYN,7206.29980000015,1,4,12,True,2025-10-16 23:35:26.856535+00:00,2,2025-10-16 23:35:26.856535+00:00,2
1641,D_WTPAUB_24_NU1,3250,WTPAUB,WTPAUB,24_NU1,1833.97956372751,1,4,12,True,2025-10-16 23:35:26.856535+00:00,2,2025-10-16 23:35:26.856535+00:00,2
1642,D_WTPBJM_26N_NU2,3251,WTPBJM,WTPBJM,26N_NU2,1524.72049999982,1,4,12,True,2025-10-16 23:35:26.856535+00:00,2,2025-10-16 23:35:26.856535+00:00,2
1643,D_WTPBLV_03_PU2,3253,WTPBLV,WTPBLV,03_PU2,12592.3685999988,1,4,12,True,2025-10-16 23:35:26.856535+00:00,2,2025-10-16 23:35:26.856535+00:00,2
1644,D_WTPBNC_BNCIA,3254,WTPBNC,WTPBNC,BNCIA,2500.0,1,4,12,True,2025-10-16 23:35:26.856535+00:00,2,2025-10-16 23:35:26.856535+00:00,2
1645,D_WTPBTB_21_PU,3255,WTPBTB,WTPBTB,21_PU,2500.0,1,4,12,True,2025-10-16 23:35:26.856535+00:00,2,2025-10-16 23:35:26.856535+00:00,2
1646,D_WTPBUK_03_PU3,3256,WTPBUK,WTPBUK,03_PU3,9152.49269999936,1,4,12,True,2025-10-16 23:35:26.856535+00:00,2,2025-10-16 23:35:26.856535+00:00,2
1647,D_WTPBWM_24_NU1,3258,WTPBWM,WTPBWM,24_NU1,5414.81407316584,1,4,12,True,2025-10-16 23:35:26.856535+00:00,2,2025-10-16 23:35:26.856535+00:00,2
1648,D_WTPCMT_SUISN,3259,WTPCMT,WTPCMT,SUISN,1191.78817460338,1,4,12,True,2025-10-16 23:35:26.856535+00:00,2,2025-10-16 23:35:26.856535+00:00,2
1649,D_WTPCOL_26S_PU2,3260,WTPCOL,WTPCOL,26S_PU2,2239.6217122156,1,4,12,True,2025-10-16 23:35:26.856535+00:00,2,2025-10-16 23:35:26.856535+00:00,2
1650,D_WTPCSD_02_PA,3261,WTPCSD,WTPCSD,02_PA,13747.5560135227,1,4,12,True,2025-10-16 23:35:26.856535+00:00,2,2025-10-16 23:35:26.856535+00:00,2
1651,D_WTPCSD_02_PU,3262,WTPCSD,WTPCSD,02_PU,13538.0294232445,1,4,12,True,2025-10-16 23:35:26.856535+00:00,2,2025-10-16 23:35:26.856535+00:00,2
1652,D_WTPCYC_16_PU,3263,WTPCYC,WTPCYC,16_PU,3825.45239999983,1,4,12,True,2025-10-16 23:35:26.856535+00:00,2,2025-10-16 23:35:26.856535+00:00,2
1653,D_WTPDEF_25_PU,3264,WTPDEF,WTPDEF,25_PU,3773.30259394205,1,4,12,True,2025-10-16 23:35:26.856535+00:00,2,2025-10-16 23:35:26.856535+00:00,2
1654,D_WTPDGT_50_PU,3265,WTPDGT,WTPDGT,50_PU,59372.7936999993,1,4,12,True,2025-10-16 23:35:26.856535+00:00,2,2025-10-16 23:35:26.856535+00:00,2
1655,D_WTPDGT_61_NU2,3266,WTPDGT,WTPDGT,61_NU2,31449.5531469646,1,4,12,True,2025-10-16 23:35:26.856535+00:00,2,2025-10-16 23:35:26.856535+00:00,2
1656,D_WTPDWP_20_NU1,3267,WTPDWP,WTPDWP,20_NU1,5112.27080000099,1,4,12,True,2025-10-16 23:35:26.856535+00:00,2,2025-10-16 23:35:26.856535+00:00,2
1657,D_WTPDWS_60S_NU1,3268,WTPDWS,WTPDWS,60S_NU1,13743.7416000012,1,4,12,True,2025-10-16 23:35:26.856535+00:00,2,2025-10-16 23:35:26.856535+00:00,2
1658,D_WTPEDH_ELDID,3269,WTPEDH,WTPEDH,ELDID,6743.34400000051,1,4,12,True,2025-10-16 23:35:26.856535+00:00,2,2025-10-16 23:35:26.856535+00:00,2
1659,D_WTPFBN_26N_NU1,3271,WTPFBN,WTPFBN,26N_NU1,20154.5509643374,1,4,12,True,2025-10-16 23:35:26.856535+00:00,2,2025-10-16 23:35:26.856535+00:00,2
1660,D_WTPFBN_26N_NU3,3272,WTPFBN,WTPFBN,26N_NU3,15027.9093385645,1,4,12,True,2025-10-16 23:35:26.856535+00:00,2,2025-10-16 23:35:26.856535+00:00,2
1661,D_WTPFBN_26N_NU4,3273,WTPFBN,WTPFBN,26N_NU4,11830.6546,1,4,12,True,2025-10-16 23:35:26.856535+00:00,2,2025-10-16 23:35:26.856535+00:00,2
1662,D_WTPFBN_26S_NU1,3274,WTPFBN,WTPFBN,26S_NU1,4246.68690000009,1,4,12,True,2025-10-16 23:35:26.856535+00:00,2,2025-10-16 23:35:26.856535+00:00,2
1663,D_WTPFBN_26S_NU2,3275,WTPFBN,WTPFBN,26S_NU2,5599.62800000049,1,4,12,True,2025-10-16 23:35:26.856535+00:00,2,2025-10-16 23:35:26.856535+00:00,2
1664,D_WTPFMH_VLLJO,3277,WTPFMH,WTPFMH,VLLJO,2500.0,1,4,12,True,2025-10-16 23:35:26.856535+00:00,2,2025-10-16 23:35:26.856535+00:00,2
1665,D_WTPFOL_26S_PU1,3278,WTPFOL,WTPFOL,26S_PU1,2594.56369999982,1,4,12,True,2025-10-16 23:35:26.856535+00:00,2,2025-10-16 23:35:26.856535+00:00,2
1666,D_WTPFSS_24_NU2,3279,WTPFSS,WTPFSS,24_NU2,12352.3987074784,1,4,12,True,2025-10-16 23:35:26.856535+00:00,2,2025-10-16 23:35:26.856535+00:00,2
1667,D_WTPFTH_02_SU,3280,WTPFTH,WTPFTH,02_SU,3311.37130000163,1,4,12,True,2025-10-16 23:35:26.856535+00:00,2,2025-10-16 23:35:26.856535+00:00,2
1668,D_WTPFTH_03_SU,3281,WTPFTH,WTPFTH,03_SU,2541.6660999991,1,4,12,True,2025-10-16 23:35:26.856535+00:00,2,2025-10-16 23:35:26.856535+00:00,2
1669,D_WTPJAC_AMCYN,3282,WTPJAC,WTPJAC,AMCYN,7448.73697150614,1,4,12,True,2025-10-16 23:35:26.856535+00:00,2,2025-10-16 23:35:26.856535+00:00,2
1670,D_WTPJAC_NAPA,3283,WTPJAC,WTPJAC,NAPA,7500.00005812631,1,4,12,True,2025-10-16 23:35:26.856535+00:00,2,2025-10-16 23:35:26.856535+00:00,2
1671,D_WTPJJO_50_PU,3284,WTPJJO,WTPJJO,50_PU,8045.36310000159,1,4,12,True,2025-10-16 23:35:26.856535+00:00,2,2025-10-16 23:35:26.856535+00:00,2
1672,D_WTPJMS_03_PU1,3285,WTPJMS,WTPJMS,03_PU1,6903.89890000131,1,4,12,True,2025-10-16 23:35:26.856535+00:00,2,2025-10-16 23:35:26.856535+00:00,2
1673,D_WTPJYL_JLIND,3286,WTPJYL,WTPJYL,JLIND,5128.72070000041,1,4,12,True,2025-10-16 23:35:26.856535+00:00,2,2025-10-16 23:35:26.856535+00:00,2
1674,D_WTPMNR_13_NU1,3287,WTPMNR,WTPMNR,13_NU1,7127.62899999972,1,4,12,True,2025-10-16 23:35:26.856535+00:00,2,2025-10-16 23:35:26.856535+00:00,2
1675,D_WTPMOD_61_NU1,3288,WTPMOD,WTPMOD,61_NU1,29864.0820000004,1,4,12,True,2025-10-16 23:35:26.856535+00:00,2,2025-10-16 23:35:26.856535+00:00,2
1676,D_WTPNBR_25_PU,3289,WTPNBR,WTPNBR,25_PU,9272.76954328803,1,4,12,True,2025-10-16 23:35:26.856535+00:00,2,2025-10-16 23:35:26.856535+00:00,2
1677,D_WTPNBR_FRFLD,3290,WTPNBR,WTPNBR,FRFLD,9994.31900000107,1,4,12,True,2025-10-16 23:35:26.856535+00:00,2,2025-10-16 23:35:26.856535+00:00,2
1678,D_WTPRS1_EID000,3291,WTPRS,WTPRS1,EID000,16460.81391808,1,4,12,True,2025-10-16 23:35:26.856535+00:00,2,2025-10-16 23:35:26.856535+00:00,2
1679,D_WTPRSA_EID000,3295,WTPRSA,WTPRSA,EID000,25859.2187914917,1,4,12,True,2025-10-16 23:35:26.856535+00:00,2,2025-10-16 23:35:26.856535+00:00,2
1680,D_WTPRSV_26N_PU1,3299,WTPRSV,WTPRSV,26N_PU1,12464.5449547926,1,4,12,True,2025-10-16 23:35:26.856535+00:00,2,2025-10-16 23:35:26.856535+00:00,2
1681,D_WTPSAC_26N_NU3,3300,WTPSAC,WTPSAC,26N_NU3,9792.78689999972,1,4,12,True,2025-10-16 23:35:26.856535+00:00,2,2025-10-16 23:35:26.856535+00:00,2
1682,D_WTPSAC_26S_NU1,3301,WTPSAC,WTPSAC,26S_NU1,7368.23900000099,1,4,12,True,2025-10-16 23:35:26.856535+00:00,2,2025-10-16 23:35:26.856535+00:00,2
1683,D_WTPSAC_26S_PU4,3302,WTPSAC,WTPSAC,26S_PU4,23787.4833435612,1,4,12,True,2025-10-16 23:35:26.856535+00:00,2,2025-10-16 23:35:26.856535+00:00,2
1684,D_WTPSJP_26N_NU1,3303,WTPSJP,WTPSJP,26N_NU1,16829.1285999995,1,4,12,True,2025-10-16 23:35:26.856535+00:00,2,2025-10-16 23:35:26.856535+00:00,2
1685,D_WTPSJP_26N_PU2,3304,WTPSJP,WTPSJP,26N_PU2,7865.40559999831,1,4,12,True,2025-10-16 23:35:26.856535+00:00,2,2025-10-16 23:35:26.856535+00:00,2
1686,D_WTPSJP_26N_PU3,3305,WTPSJP,WTPSJP,26N_PU3,3139.83990000002,1,4,12,True,2025-10-16 23:35:26.856535+00:00,2,2025-10-16 23:35:26.856535+00:00,2
1687,D_WTPTAB_TVAFB,3306,WTPTAB,WTPTAB,TVAFB,2867.71389999986,1,4,12,True,2025-10-16 23:35:26.856535+00:00,2,2025-10-16 23:35:26.856535+00:00,2
1688,D_WTPVNY_26S_PU1,3307,WTPVNY,WTPVNY,26S_PU1,26832.7992509918,1,4,12,True,2025-10-16 23:35:26.856535+00:00,2,2025-10-16 23:35:26.856535+00:00,2
1689,D_WTPVNY_26S_PU4,3308,WTPVNY,WTPVNY,26S_PU4,20167.5954435608,1,4,12,True,2025-10-16 23:35:26.856535+00:00,2,2025-10-16 23:35:26.856535+00:00,2
1690,D_WTPVNY_26S_PU5,3309,WTPVNY,WTPVNY,26S_PU5,9751.59229999967,1,4,12,True,2025-10-16 23:35:26.856535+00:00,2,2025-10-16 23:35:26.856535+00:00,2
1691,D_WTPVNY_26S_PU6,3310,WTPVNY,WTPVNY,26S_PU6,7024.96050562783,1,4,12,True,2025-10-16 23:35:26.856535+00:00,2,2025-10-16 23:35:26.856535+00:00,2
1692,D_WTPWAL_GDPUD,3311,WTPWAL,WTPWAL,GDPUD,8059.75565007646,1,4,12,True,2025-10-16 23:35:26.856535+00:00,2,2025-10-16 23:35:26.856535+00:00,2
1693,D_WTPWDH_60S_NU1,3313,WTPWDH,WTPWDH,60S_NU1,7610.64679999929,1,4,12,True,2025-10-16 23:35:26.856535+00:00,2,2025-10-16 23:35:26.856535+00:00,2
1694,D_WTPWMN_FRFLD,3314,WTPWMN,WTPWMN,FRFLD,2405.57370000146,1,4,12,True,2025-10-16 23:35:26.856535+00:00,2,2025-10-16 23:35:26.856535+00:00,2
1695,D_XCC010_72_XA2,3315,XCC,XCC010,72_XA2,12277.8883439814,1,4,12,True,2025-10-16 23:35:26.856535+00:00,2,2025-10-16 23:35:26.856535+00:00,2
1696,D_XCC025_72_PA,3316,XCC,XCC025,72_PA,10290.7807284745,1,4,12,True,2025-10-16 23:35:26.856535+00:00,2,2025-10-16 23:35:26.856535+00:00,2
1697,D_XCC025_72_PR6,3317,XCC,XCC025,72_PR6,6235.51579999924,1,4,12,True,2025-10-16 23:35:26.856535+00:00,2,2025-10-16 23:35:26.856535+00:00,2
1698,D_XCC033_72_PR2,3318,XCC,XCC033,72_PR2,34739.6787529786,1,4,12,True,2025-10-16 23:35:26.856535+00:00,2,2025-10-16 23:35:26.856535+00:00,2
1699,D_XCC033_72_PR4,3319,XCC,XCC033,72_PR4,21663.1739490758,1,4,12,True,2025-10-16 23:35:26.856535+00:00,2,2025-10-16 23:35:26.856535+00:00,2
1700,D_XCC054_72_PR5,3320,XCC,XCC054,72_PR5,10221.4761050428,1,4,12,True,2025-10-16 23:35:26.856535+00:00,2,2025-10-16 23:35:26.856535+00:00,2
1701,D_XCC054_72_XA3,3321,XCC,XCC054,72_XA3,6114.85419999994,1,4,12,True,2025-10-16 23:35:26.856535+00:00,2,2025-10-16 23:35:26.856535+00:00,2
1702,D_XCC054_LBN008,3322,XCC,XCC054,LBN008,6442.24452874726,1,4,12,True,2025-10-16 23:35:26.856535+00:00,2,2025-10-16 23:35:26.856535+00:00,2
1703,D_YBP023_21_SA,3323,YBP,YBP023,21_SA,6056.2185428534,1,4,12,True,2025-10-16 23:35:26.856535+00:00,2,2025-10-16 23:35:26.856535+00:00,2
1704,D_YBP032_21_SA,3324,YBP,YBP023,21_SA,8226.14835180932,1,4,12,True,2025-10-16 23:35:26.856535+00:00,2,2025-10-16 23:35:26.856535+00:00,2
1705,D_YUB003_15N_NU,3325,YUB,YUB003,15N_NU,2077.58489999827,1,4,12,True,2025-10-16 23:35:26.856535+00:00,2,2025-10-16 23:35:26.856535+00:00,2
1706,D_YUB011_15N_NA2,3326,YUB,YUB011,15N_NA2,8274.88151017089,1,4,12,True,2025-10-16 23:35:26.856535+00:00,2,2025-10-16 23:35:26.856535+00:00,2
1707,D_YUB011_15S_NA2,3327,YUB,YUB011,15S_NA2,19433.0145877681,1,4,12,True,2025-10-16 23:35:26.856535+00:00,2,2025-10-16 23:35:26.856535+00:00,2
1708,D_YUB013_14_NA,3328,YUB,YUB013,14_NA,4643.78470000066,1,4,12,True,2025-10-16 23:35:26.856535+00:00,2,2025-10-16 23:35:26.856535+00:00,2
1709,E_BLKBT,3461,BLKBT,BLKBT,,823.175567245211,1,4,12,True,2025-10-16 23:35:26.856535+00:00,2,2025-10-16 23:35:26.856535+00:00,2
1710,E_BRYSA,3464,BRYSA,BRYSA,,715.091251046757,1,4,12,True,2025-10-16 23:35:26.856535+00:00,2,2025-10-16 23:35:26.856535+00:00,2
1711,E_CLRLK,3468,CLRLK,CLRLK,,1054.29953343601,1,4,12,True,2025-10-16 23:35:26.856535+00:00,2,2025-10-16 23:35:26.856535+00:00,2
1712,E_CMBIE,3469,CMBIE,CMBIE,,2191.80901427597,1,4,12,True,2025-10-16 23:35:26.856535+00:00,2,2025-10-16 23:35:26.856535+00:00,2
1713,E_CMPFW,3471,CMPFW,CMPFW,,2454.48763782128,1,4,12,True,2025-10-16 23:35:26.856535+00:00,2,2025-10-16 23:35:26.856535+00:00,2
1714,E_ENGLB,3478,ENGLB,ENGLB,,2962.53281446371,1,4,12,True,2025-10-16 23:35:26.856535+00:00,2,2025-10-16 23:35:26.856535+00:00,2
1715,E_EPARK,3479,EPARK,EPARK,,7655.51332598075,1,4,12,True,2025-10-16 23:35:26.856535+00:00,2,2025-10-16 23:35:26.856535+00:00,2
1716,E_FOLSM,3482,FOLSM,FOLSM,,6130.21863082073,1,4,12,True,2025-10-16 23:35:26.856535+00:00,2,2025-10-16 23:35:26.856535+00:00,2
1717,E_INDVL,3492,INDVL,INDVL,,559.272424795369,1,4,12,True,2025-10-16 23:35:26.856535+00:00,2,2025-10-16 23:35:26.856535+00:00,2
1718,E_KSWCK,3496,KSWCK,KSWCK,,806.50006317499,1,4,12,True,2025-10-16 23:35:26.856535+00:00,2,2025-10-16 23:35:26.856535+00:00,2
1719,E_LGRSV,3498,LGRSV,LGRSV,,304.438597051662,1,4,12,True,2025-10-16 23:35:26.856535+00:00,2,2025-10-16 23:35:26.856535+00:00,2
1720,E_LKVLY,3499,LKVLY,LKVLY,,1181.17008918636,1,4,12,True,2025-10-16 23:35:26.856535+00:00,2,2025-10-16 23:35:26.856535+00:00,2
1721,E_LOSVQ,3502,LOSVQ,LOSVQ,,2846.1555457506,1,4,12,True,2025-10-16 23:35:26.856535+00:00,2,2025-10-16 23:35:26.856535+00:00,2
1722,E_LWSTN,3503,LWSTN,LWSTN,,378.924543345173,1,4,12,True,2025-10-16 23:35:26.856535+00:00,2,2025-10-16 23:35:26.856535+00:00,2
1723,E_MERLC,3509,MERLC,MERLC,,3642.77473323253,1,4,12,True,2025-10-16 23:35:26.856535+00:00,2,2025-10-16 23:35:26.856535+00:00,2
1724,E_NBLDB,3512,NBLDB,NBLDB,,4121.55864595715,1,4,12,True,2025-10-16 23:35:26.856535+00:00,2,2025-10-16 23:35:26.856535+00:00,2
1725,E_NTOMA,3514,NTOMA,NTOMA,,1495.95884710747,1,4,12,True,2025-10-16 23:35:26.856535+00:00,2,2025-10-16 23:35:26.856535+00:00,2
1726,E_OROVL,3515,OROVL,OROVL,,439.222989810216,1,4,12,True,2025-10-16 23:35:26.856535+00:00,2,2025-10-16 23:35:26.856535+00:00,2
1727,E_RLLNS,3521,RLLNS,RLLNS,,248.466168449967,1,4,12,True,2025-10-16 23:35:26.856535+00:00,2,2025-10-16 23:35:26.856535+00:00,2
1728,E_SGRGE,3523,SGRGE,SGRGE,,10521.0465050061,1,4,12,True,2025-10-16 23:35:26.856535+00:00,2,2025-10-16 23:35:26.856535+00:00,2
1729,E_SHSTA,3524,SHSTA,SHSTA,,4053.71090623237,1,4,12,True,2025-10-16 23:35:26.856535+00:00,2,2025-10-16 23:35:26.856535+00:00,2
1730,E_SLYCK,3530,SLYCK,SLYCK,,741.52956048475,1,4,12,True,2025-10-16 23:35:26.856535+00:00,2,2025-10-16 23:35:26.856535+00:00,2
1731,E_THRMA,3534,THRMA,THRMA,,2376.70457866947,1,4,12,True,2025-10-16 23:35:26.856535+00:00,2,2025-10-16 23:35:26.856535+00:00,2
1732,E_THRMF,3535,THRMF,THRMF,,2056.89220966624,1,4,12,True,2025-10-16 23:35:26.856535+00:00,2,2025-10-16 23:35:26.856535+00:00,2
1733,E_TRNTY,3537,TRNTY,TRNTY,,5365.90447530932,1,4,12,True,2025-10-16 23:35:26.856535+00:00,2,2025-10-16 23:35:26.856535+00:00,2
1734,E_WKYTN,3542,WKYTN,WKYTN,,3521.92603794133,1,4,12,True,2025-10-16 23:35:26.856535+00:00,2,2025-10-16 23:35:26.856535+00:00,2
1735,I_ALD002,3814,ALD,,ALD002,7500.25628501949,1,4,12,True,2025-10-16 23:35:26.856535+00:00,2,2025-10-16 23:35:26.856535+00:00,2
1736,I_ALD004,3815,ALD,,ALD004,7499.99994248457,1,4,12,True,2025-10-16 23:35:26.856535+00:00,2,2025-10-16 23:35:26.856535+00:00,2
1737,I_ALMNR,3816,ALMNR,,ALMNR,7499.99980547487,1,4,12,True,2025-10-16 23:35:26.856535+00:00,2,2025-10-16 23:35:26.856535+00:00,2
1738,I_ALOHA,3817,ALOHA,,ALOHA,7500.00001027837,1,4,12,True,2025-10-16 23:35:26.856535+00:00,2,2025-10-16 23:35:26.856535+00:00,2
1739,I_AMADR,3818,AMADR,,AMADR,7500.00005812631,1,4,12,True,2025-10-16 23:35:26.856535+00:00,2,2025-10-16 23:35:26.856535+00:00,2
1740,I_ANG017,3819,ANG,,ANG017,4280.87701704094,1,4,12,True,2025-10-16 23:35:26.856535+00:00,2,2025-10-16 23:35:26.856535+00:00,2
1741,I_ANT011,3820,ANT,,ANT011,,1,4,12,True,2025-10-16 23:35:26.856535+00:00,2,2025-10-16 23:35:26.856535+00:00,2
1742,I_ANTLP,3821,ANTLP,,ANTLP,7499.99977728843,1,4,12,True,2025-10-16 23:35:26.856535+00:00,2,2025-10-16 23:35:26.856535+00:00,2
1743,I_BANOS,3822,BANOS,,BANOS,7500.0,1,4,12,True,2025-10-16 23:35:26.856535+00:00,2,2025-10-16 23:35:26.856535+00:00,2
1744,I_BCC014,3824,BCC,,BCC014,7499.99996034908,1,4,12,True,2025-10-16 23:35:26.856535+00:00,2,2025-10-16 23:35:26.856535+00:00,2
1745,I_BCK040,3825,BCK,,BCK040,7500.00005812499,1,4,12,True,2025-10-16 23:35:26.856535+00:00,2,2025-10-16 23:35:26.856535+00:00,2
1746,I_BCM003,3826,BCM,,BCM003,11411.6918559,1,4,12,True,2025-10-16 23:35:26.856535+00:00,2,2025-10-16 23:35:26.856535+00:00,2
1747,I_BCN010,3827,BCN,,BCN010,7500.00001214331,1,4,12,True,2025-10-16 23:35:26.856535+00:00,2,2025-10-16 23:35:26.856535+00:00,2
1748,I_BEARD,3828,BEARD,,BEARD,7500.00004038391,1,4,12,True,2025-10-16 23:35:26.856535+00:00,2,2025-10-16 23:35:26.856535+00:00,2
1749,I_BLKBT,3830,BLKBT,,BLKBT,7500.00002762269,1,4,12,True,2025-10-16 23:35:26.856535+00:00,2,2025-10-16 23:35:26.856535+00:00,2
1750,I_BOWMN,3832,BOWMN,,BOWMN,7500.00010957084,1,4,12,True,2025-10-16 23:35:26.856535+00:00,2,2025-10-16 23:35:26.856535+00:00,2
1751,I_BRC003,3834,BRC,,BRC003,40175.1137668594,1,4,12,True,2025-10-16 23:35:26.856535+00:00,2,2025-10-16 23:35:26.856535+00:00,2
1752,I_BRR023,3835,BRR,,BRR023,7500.00000654411,1,4,12,True,2025-10-16 23:35:26.856535+00:00,2,2025-10-16 23:35:26.856535+00:00,2
1753,I_BSH003,3836,BSH,,BSH003,7500.00002497402,1,4,12,True,2025-10-16 23:35:26.856535+00:00,2,2025-10-16 23:35:26.856535+00:00,2
1754,I_BTC048,3838,BTC,,BTC048,5434.29030560332,1,4,12,True,2025-10-16 23:35:26.856535+00:00,2,2025-10-16 23:35:26.856535+00:00,2
1755,I_BTC060,3839,BTC,,BTC060,50977.2253568671,1,4,12,True,2025-10-16 23:35:26.856535+00:00,2,2025-10-16 23:35:26.856535+00:00,2
1756,I_BTL006,3840,BTL,,BTL006,7499.99999296668,1,4,12,True,2025-10-16 23:35:26.856535+00:00,2,2025-10-16 23:35:26.856535+00:00,2
1757,I_BTVLY,3841,BTVLY,,BTVLY,7499.99979663909,1,4,12,True,2025-10-16 23:35:26.856535+00:00,2,2025-10-16 23:35:26.856535+00:00,2
1758,I_BUCKS,3842,BUCKS,,BUCKS,11708.9803469999,1,4,12,True,2025-10-16 23:35:26.856535+00:00,2,2025-10-16 23:35:26.856535+00:00,2
1759,I_BUR005,3843,BUR,,BUR005,7500.00005812499,1,4,12,True,2025-10-16 23:35:26.856535+00:00,2,2025-10-16 23:35:26.856535+00:00,2
1760,I_BVC007,3844,BVC,,BVC007,7500.00005877463,1,4,12,True,2025-10-16 23:35:26.856535+00:00,2,2025-10-16 23:35:26.856535+00:00,2
1761,I_CAP000,3848,CAP,,CAP000,7500.00005812499,1,4,12,True,2025-10-16 23:35:26.856535+00:00,2,2025-10-16 23:35:26.856535+00:00,2
1762,I_CAPLS,3849,CAPLS,,CAPLS,7500.00002714183,1,4,12,True,2025-10-16 23:35:26.856535+00:00,2,2025-10-16 23:35:26.856535+00:00,2
1763,I_CCH053,3850,CCH,,CCH053,7500.00003561792,1,4,12,True,2025-10-16 23:35:26.856535+00:00,2,2025-10-16 23:35:26.856535+00:00,2
1764,I_CFS001,3851,CFS,,CFS001,7500.00013957908,1,4,12,True,2025-10-16 23:35:26.856535+00:00,2,2025-10-16 23:35:26.856535+00:00,2
1765,I_CHC000,3852,CHC,,CHC000,7500.00003038792,1,4,12,True,2025-10-16 23:35:26.856535+00:00,2,2025-10-16 23:35:26.856535+00:00,2
1766,I_CHW031,3853,CHW,,CHW031,7500.00006256464,1,4,12,True,2025-10-16 23:35:26.856535+00:00,2,2025-10-16 23:35:26.856535+00:00,2
1767,I_CHY006,3854,CHY,,CHY006,7500.25565147812,1,4,12,True,2025-10-16 23:35:26.856535+00:00,2,2025-10-16 23:35:26.856535+00:00,2
1768,I_CLR011,3855,CLR,,CLR011,7499.99999240529,1,4,12,True,2025-10-16 23:35:26.856535+00:00,2,2025-10-16 23:35:26.856535+00:00,2
1769,I_CLRLK,3856,CLRLK,,CLRLK,7500.00004633221,1,4,12,True,2025-10-16 23:35:26.856535+00:00,2,2025-10-16 23:35:26.856535+00:00,2
1770,I_CLV026,3857,CLV,,CLV026,7499.99997548784,1,4,12,True,2025-10-16 23:35:26.856535+00:00,2,2025-10-16 23:35:26.856535+00:00,2
1771,I_CMBIE,3858,CMBIE,,CMBIE,7500.00002531963,1,4,12,True,2025-10-16 23:35:26.856535+00:00,2,2025-10-16 23:35:26.856535+00:00,2
1772,I_CMCHE,3859,CMCHE,,CMCHE,7500.00002430731,1,4,12,True,2025-10-16 23:35:26.856535+00:00,2,2025-10-16 23:35:26.856535+00:00,2
1773,I_CMP001,3860,CMP,,CMP001,7499.99998325858,1,4,12,True,2025-10-16 23:35:26.856535+00:00,2,2025-10-16 23:35:26.856535+00:00,2
1774,I_CMP014,3861,CMP,,CMP014,7500.00002855123,1,4,12,True,2025-10-16 23:35:26.856535+00:00,2,2025-10-16 23:35:26.856535+00:00,2
1775,I_CMPFW,3862,CMPFW,,CMPFW,7500.00000654412,1,4,12,True,2025-10-16 23:35:26.856535+00:00,2,2025-10-16 23:35:26.856535+00:00,2
1776,I_COL003,3863,COL,,COL003,7500.01218582493,1,4,12,True,2025-10-16 23:35:26.856535+00:00,2,2025-10-16 23:35:26.856535+00:00,2
1777,I_COT033,3864,COT,,COT033,7500.00005812565,1,4,12,True,2025-10-16 23:35:26.856535+00:00,2,2025-10-16 23:35:26.856535+00:00,2
1778,I_COW014,3865,COW,,COW014,6519.16939598786,1,4,12,True,2025-10-16 23:35:26.856535+00:00,2,2025-10-16 23:35:26.856535+00:00,2
1779,I_CSM035,3868,CSM,,CSM035,7500.0,1,4,12,True,2025-10-16 23:35:26.856535+00:00,2,2025-10-16 23:35:26.856535+00:00,2
1780,I_CVY009,3869,CVY,,CVY009,7500.36258924842,1,4,12,True,2025-10-16 23:35:26.856535+00:00,2,2025-10-16 23:35:26.856535+00:00,2
1781,I_CWD018,3870,CWD,,CWD018,22530.758164741,1,4,12,True,2025-10-16 23:35:26.856535+00:00,2,2025-10-16 23:35:26.856535+00:00,2
1782,I_CYN009,3871,CYN,,CYN009,,1,4,12,True,2025-10-16 23:35:26.856535+00:00,2,2025-10-16 23:35:26.856535+00:00,2
1783,I_DAVIS,3872,DAVIS,,DAVIS,7500.00002430007,1,4,12,True,2025-10-16 23:35:26.856535+00:00,2,2025-10-16 23:35:26.856535+00:00,2
1784,I_DBC024,3873,DBC,,DBC024,7500.00007301169,1,4,12,True,2025-10-16 23:35:26.856535+00:00,2,2025-10-16 23:35:26.856535+00:00,2
1785,I_DCC010,3874,DCC,,DCC010,7500.00000838329,1,4,12,True,2025-10-16 23:35:26.856535+00:00,2,2025-10-16 23:35:26.856535+00:00,2
1786,I_DCM027,3875,DCM,,DCM027,7500.00008006001,1,4,12,True,2025-10-16 23:35:26.856535+00:00,2,2025-10-16 23:35:26.856535+00:00,2
1787,I_DCT050,3876,DCT,,DCT050,7500.00001570518,1,4,12,True,2025-10-16 23:35:26.856535+00:00,2,2025-10-16 23:35:26.856535+00:00,2
1788,I_DED044,3877,DED,,DED044,7500.00005812499,1,4,12,True,2025-10-16 23:35:26.856535+00:00,2,2025-10-16 23:35:26.856535+00:00,2
1789,I_DEE023,3878,DEE,,DEE023,7500.00002498452,1,4,12,True,2025-10-16 23:35:26.856535+00:00,2,2025-10-16 23:35:26.856535+00:00,2
1790,I_DER001,3879,DER,,DER001,7499.99998510882,1,4,12,True,2025-10-16 23:35:26.856535+00:00,2,2025-10-16 23:35:26.856535+00:00,2
1791,I_DER004,3880,DER,,DER004,7499.99986263303,1,4,12,True,2025-10-16 23:35:26.856535+00:00,2,2025-10-16 23:35:26.856535+00:00,2
1792,I_DHC001,3881,DHC,,DHC001,7564.494208662,1,4,12,True,2025-10-16 23:35:26.856535+00:00,2,2025-10-16 23:35:26.856535+00:00,2
1793,I_DHC021,3882,DHC,,DHC021,7499.99996720123,1,4,12,True,2025-10-16 23:35:26.856535+00:00,2,2025-10-16 23:35:26.856535+00:00,2
1794,I_DONLL,3883,DONLL,,DONLL,7500.0000733539,1,4,12,True,2025-10-16 23:35:26.856535+00:00,2,2025-10-16 23:35:26.856535+00:00,2
1795,I_DPC008,3884,DPC,,DPC008,7500.00005812499,1,4,12,True,2025-10-16 23:35:26.856535+00:00,2,2025-10-16 23:35:26.856535+00:00,2
1796,I_DRC012,3885,DRC,,DRC012,79185.5884647434,1,4,12,True,2025-10-16 23:35:26.856535+00:00,2,2025-10-16 23:35:26.856535+00:00,2
1797,I_DSC035,3886,DSC,,DSC035,7500.0,1,4,12,True,2025-10-16 23:35:26.856535+00:00,2,2025-10-16 23:35:26.856535+00:00,2
1798,I_EBF001,3887,EBF,,EBF001,7499.99990938458,1,4,12,True,2025-10-16 23:35:26.856535+00:00,2,2025-10-16 23:35:26.856535+00:00,2
1799,I_ECHOL,3889,ECHOL,,ECHOL,7500.00004423294,1,4,12,True,2025-10-16 23:35:26.856535+00:00,2,2025-10-16 23:35:26.856535+00:00,2
1800,I_ELD027,3891,ELD,,ELD027,7499.99993414466,1,4,12,True,2025-10-16 23:35:26.856535+00:00,2,2025-10-16 23:35:26.856535+00:00,2
1801,I_ELENR,3892,ELENR,,ELENR,7500.26182532007,1,4,12,True,2025-10-16 23:35:26.856535+00:00,2,2025-10-16 23:35:26.856535+00:00,2
1802,I_ENGLB,3894,ENGLB,,ENGLB,7500.00006803214,1,4,12,True,2025-10-16 23:35:26.856535+00:00,2,2025-10-16 23:35:26.856535+00:00,2
1803,I_EPARK,3895,EPARK,,EPARK,30369.4136345731,1,4,12,True,2025-10-16 23:35:26.856535+00:00,2,2025-10-16 23:35:26.856535+00:00,2
1804,I_ESTMN,3896,ESTMN,,ESTMN,7500.00005812631,1,4,12,True,2025-10-16 23:35:26.856535+00:00,2,2025-10-16 23:35:26.856535+00:00,2
1805,I_FOLSM,3898,FOLSM,,FOLSM,7500.00005106415,1,4,12,True,2025-10-16 23:35:26.856535+00:00,2,2025-10-16 23:35:26.856535+00:00,2
1806,I_FRDYC,3899,FRDYC,,FRDYC,7500.00006769504,1,4,12,True,2025-10-16 23:35:26.856535+00:00,2,2025-10-16 23:35:26.856535+00:00,2
1807,I_FRMAN,3900,FRMAN,,FRMAN,17425.7928641021,1,4,12,True,2025-10-16 23:35:26.856535+00:00,2,2025-10-16 23:35:26.856535+00:00,2
1808,I_FRMDW,3901,FRMDW,,FRMDW,7500.00000054734,1,4,12,True,2025-10-16 23:35:26.856535+00:00,2,2025-10-16 23:35:26.856535+00:00,2
1809,I_FRNCH,3902,FRNCH,,FRNCH,2010.13756274687,1,4,12,True,2025-10-16 23:35:26.856535+00:00,2,2025-10-16 23:35:26.856535+00:00,2
1810,I_FRS046,3903,FRS,,FRS046,7500.00007300983,1,4,12,True,2025-10-16 23:35:26.856535+00:00,2,2025-10-16 23:35:26.856535+00:00,2
1811,I_FSL012,3904,FSL,,FSL012,7500.00005812499,1,4,12,True,2025-10-16 23:35:26.856535+00:00,2,2025-10-16 23:35:26.856535+00:00,2
1812,I_GERLE,3905,GERLE,,GERLE,7499.99989990896,1,4,12,True,2025-10-16 23:35:26.856535+00:00,2,2025-10-16 23:35:26.856535+00:00,2
1813,I_GRZ012,3906,GRZ,,GRZ012,7500.00005812499,1,4,12,True,2025-10-16 23:35:26.856535+00:00,2,2025-10-16 23:35:26.856535+00:00,2
1814,I_GZL009,3907,GZL,,GZL009,10342.9205438767,1,4,12,True,2025-10-16 23:35:26.856535+00:00,2,2025-10-16 23:35:26.856535+00:00,2
1815,I_HHOLE,3908,HHOLE,,HHOLE,7499.99996553269,1,4,12,True,2025-10-16 23:35:26.856535+00:00,2,2025-10-16 23:35:26.856535+00:00,2
1816,I_HNSLY,3910,HNSLY,,HNSLY,7500.00005812499,1,4,12,True,2025-10-16 23:35:26.856535+00:00,2,2025-10-16 23:35:26.856535+00:00,2
1817,I_HON021,3911,HON,,HON021,16621.702177236,1,4,12,True,2025-10-16 23:35:26.856535+00:00,2,2025-10-16 23:35:26.856535+00:00,2
1818,I_HTCHY,3913,HTCHY,,HTCHY,7500.25565147794,1,4,12,True,2025-10-16 23:35:26.856535+00:00,2,2025-10-16 23:35:26.856535+00:00,2
1819,I_ICEHS,3914,ICEHS,,ICEHS,7500.00003055145,1,4,12,True,2025-10-16 23:35:26.856535+00:00,2,2025-10-16 23:35:26.856535+00:00,2
1820,I_INDVL,3915,INDVL,,INDVL,7500.00004633114,1,4,12,True,2025-10-16 23:35:26.856535+00:00,2,2025-10-16 23:35:26.856535+00:00,2
1821,I_ING008,3916,ING,,ING008,7500.00003038792,1,4,12,True,2025-10-16 23:35:26.856535+00:00,2,2025-10-16 23:35:26.856535+00:00,2
1822,I_JBP006,3917,JBP,,JBP006,7500.00007102636,1,4,12,True,2025-10-16 23:35:26.856535+00:00,2,2025-10-16 23:35:26.856535+00:00,2
1823,I_JKSMD,3918,JKSMD,,JKSMD,7500.0001062355,1,4,12,True,2025-10-16 23:35:26.856535+00:00,2,2025-10-16 23:35:26.856535+00:00,2
1824,I_JNKSN,3919,JNKSN,,JNKSN,7500.00008022783,1,4,12,True,2025-10-16 23:35:26.856535+00:00,2,2025-10-16 23:35:26.856535+00:00,2
1825,I_JWB001,3920,JWB,,JWB001,7500.35768205142,1,4,12,True,2025-10-16 23:35:26.856535+00:00,2,2025-10-16 23:35:26.856535+00:00,2
1826,I_LCBRF,3921,LCBRF,,LCBRF,4324.83602217252,1,4,12,True,2025-10-16 23:35:26.856535+00:00,2,2025-10-16 23:35:26.856535+00:00,2
1827,I_LCC038,3922,LCC,,LCC038,27516.0681111247,1,4,12,True,2025-10-16 23:35:26.856535+00:00,2,2025-10-16 23:35:26.856535+00:00,2
1828,I_LDC029,3923,LDC,,LDC029,10187.5629575591,1,4,12,True,2025-10-16 23:35:26.856535+00:00,2,2025-10-16 23:35:26.856535+00:00,2
1829,I_LGRSV,3924,LGRSV,,LGRSV,16625.2894369528,1,4,12,True,2025-10-16 23:35:26.856535+00:00,2,2025-10-16 23:35:26.856535+00:00,2
1830,I_LJC022,3925,LJC,,LJC022,7500.0,1,4,12,True,2025-10-16 23:35:26.856535+00:00,2,2025-10-16 23:35:26.856535+00:00,2
1831,I_LKVLY,3926,LKVLY,,LKVLY,5557.03270342293,1,4,12,True,2025-10-16 23:35:26.856535+00:00,2,2025-10-16 23:35:26.856535+00:00,2
1832,I_LLOYD,3927,LLOYD,,LLOYD,7500.25565147812,1,4,12,True,2025-10-16 23:35:26.856535+00:00,2,2025-10-16 23:35:26.856535+00:00,2
1833,I_LNG012,3928,LNG,,LNG012,7500.000000323,1,4,12,True,2025-10-16 23:35:26.856535+00:00,2,2025-10-16 23:35:26.856535+00:00,2
1834,I_LOONL,3929,LOONL,,LOONL,7499.99998599888,1,4,12,True,2025-10-16 23:35:26.856535+00:00,2,2025-10-16 23:35:26.856535+00:00,2
1835,I_LOSVQ,3930,LOSVQ,,LOSVQ,7500.00005812433,1,4,12,True,2025-10-16 23:35:26.856535+00:00,2,2025-10-16 23:35:26.856535+00:00,2
1836,I_LPC007,3931,LPC,,LPC007,7500.00005812631,1,4,12,True,2025-10-16 23:35:26.856535+00:00,2,2025-10-16 23:35:26.856535+00:00,2
1837,I_LRB004,3932,LRB,,LRB004,7499.99994520668,1,4,12,True,2025-10-16 23:35:26.856535+00:00,2,2025-10-16 23:35:26.856535+00:00,2
1838,I_LWSTN,3933,LWSTN,,LWSTN,7500.0,1,4,12,True,2025-10-16 23:35:26.856535+00:00,2,2025-10-16 23:35:26.856535+00:00,2
1839,I_LYONS,3934,LYONS,,LYONS,7500.00000772151,1,4,12,True,2025-10-16 23:35:26.856535+00:00,2,2025-10-16 23:35:26.856535+00:00,2
1840,I_MCD055,3936,MCD,,MCD055,7500.00008006001,1,4,12,True,2025-10-16 23:35:26.856535+00:00,2,2025-10-16 23:35:26.856535+00:00,2
1841,I_MCD080,3937,MCD,,MCD080,7500.00008056439,1,4,12,True,2025-10-16 23:35:26.856535+00:00,2,2025-10-16 23:35:26.856535+00:00,2
1842,I_MCD096,3938,MCD,,MCD096,7500.00007818739,1,4,12,True,2025-10-16 23:35:26.856535+00:00,2,2025-10-16 23:35:26.856535+00:00,2
1843,I_MCD119,3939,MCD,,MCD119,7500.00013801288,1,4,12,True,2025-10-16 23:35:26.856535+00:00,2,2025-10-16 23:35:26.856535+00:00,2
1844,I_MCD128,3940,MCD,,MCD128,7500.00013008592,1,4,12,True,2025-10-16 23:35:26.856535+00:00,2,2025-10-16 23:35:26.856535+00:00,2
1845,I_MCLRE,3941,MCLRE,,MCLRE,7500.00005812631,1,4,12,True,2025-10-16 23:35:26.856535+00:00,2,2025-10-16 23:35:26.856535+00:00,2
1846,I_MELON,3942,MELON,,MELON,7500.0,1,4,12,True,2025-10-16 23:35:26.856535+00:00,2,2025-10-16 23:35:26.856535+00:00,2
1847,I_MERLC,3943,MERLC,,MERLC,30082.885390336,1,4,12,True,2025-10-16 23:35:26.856535+00:00,2,2025-10-16 23:35:26.856535+00:00,2
1848,I_MFA001,3944,MFA,,MFA001,1388.79763335818,1,4,12,True,2025-10-16 23:35:26.856535+00:00,2,2025-10-16 23:35:26.856535+00:00,2
1849,I_MFA023,3945,MFA,,MFA023,9138.50379357396,1,4,12,True,2025-10-16 23:35:26.856535+00:00,2,2025-10-16 23:35:26.856535+00:00,2
1850,I_MFA025,3946,MFA,,MFA025,7500.00005955262,1,4,12,True,2025-10-16 23:35:26.856535+00:00,2,2025-10-16 23:35:26.856535+00:00,2
1851,I_MFA036,3947,MFA,,MFA036,7499.99998121767,1,4,12,True,2025-10-16 23:35:26.856535+00:00,2,2025-10-16 23:35:26.856535+00:00,2
1852,I_MFF019,3948,MFF,,MFF019,7499.99989802648,1,4,12,True,2025-10-16 23:35:26.856535+00:00,2,2025-10-16 23:35:26.856535+00:00,2
1853,I_MFF087,3949,MFF,,MFF087,7500.0000009435,1,4,12,True,2025-10-16 23:35:26.856535+00:00,2,2025-10-16 23:35:26.856535+00:00,2
1854,I_MFM008,3950,MFM,,MFM008,34508.0828943013,1,4,12,True,2025-10-16 23:35:26.856535+00:00,2,2025-10-16 23:35:26.856535+00:00,2
1855,I_MFS013,3951,MFS,,MFS013,7500.00000772084,1,4,12,True,2025-10-16 23:35:26.856535+00:00,2,2025-10-16 23:35:26.856535+00:00,2
1856,I_MFS022,3952,MFS,,MFS022,7500.00004038391,1,4,12,True,2025-10-16 23:35:26.856535+00:00,2,2025-10-16 23:35:26.856535+00:00,2
1857,I_MFS047,3953,MFS,,MFS047,7500.00014655133,1,4,12,True,2025-10-16 23:35:26.856535+00:00,2,2025-10-16 23:35:26.856535+00:00,2
1858,I_MFT000,3954,MFT,,MFT000,7500.3440647207,1,4,12,True,2025-10-16 23:35:26.856535+00:00,2,2025-10-16 23:35:26.856535+00:00,2
1859,I_MFY013,3955,MFY,,MFY013,1926.52377908292,1,4,12,True,2025-10-16 23:35:26.856535+00:00,2,2025-10-16 23:35:26.856535+00:00,2
1860,I_MIL003,3956,MIL,,MIL003,7499.99998422678,1,4,12,True,2025-10-16 23:35:26.856535+00:00,2,2025-10-16 23:35:26.856535+00:00,2
1861,I_MLC006,3957,MLC,,MLC006,79375.4651102027,1,4,12,True,2025-10-16 23:35:26.856535+00:00,2,2025-10-16 23:35:26.856535+00:00,2
1862,I_MLRTN,3958,MLRTN,,MLRTN,7500.00005812433,1,4,12,True,2025-10-16 23:35:26.856535+00:00,2,2025-10-16 23:35:26.856535+00:00,2
1863,I_MNS000,3959,MNS,,MNS000,7499.99996034833,1,4,12,True,2025-10-16 23:35:26.856535+00:00,2,2025-10-16 23:35:26.856535+00:00,2
1864,I_MOC003,3960,MOC,,MOC003,7500.05481656313,1,4,12,True,2025-10-16 23:35:26.856535+00:00,2,2025-10-16 23:35:26.856535+00:00,2
1865,I_MOK079,3961,MOK,,MOK079,7500.00005812631,1,4,12,True,2025-10-16 23:35:26.856535+00:00,2,2025-10-16 23:35:26.856535+00:00,2
1866,I_MPS038,3963,MPS,,MPS038,7499.99997390218,1,4,12,True,2025-10-16 23:35:26.856535+00:00,2,2025-10-16 23:35:26.856535+00:00,2
1867,I_MSF001,3964,MSF,,MSF001,7500.00009595521,1,4,12,True,2025-10-16 23:35:26.856535+00:00,2,2025-10-16 23:35:26.856535+00:00,2
1868,I_MSF023,3965,MSF,,MSF023,7500.00013786135,1,4,12,True,2025-10-16 23:35:26.856535+00:00,2,2025-10-16 23:35:26.856535+00:00,2
1869,I_MSH015,3966,MSH,,MSH015,32499.1412217334,1,4,12,True,2025-10-16 23:35:26.856535+00:00,2,2025-10-16 23:35:26.856535+00:00,2
1870,I_MTMDW,3967,MTMDW,,MTMDW,7499.99977728843,1,4,12,True,2025-10-16 23:35:26.856535+00:00,2,2025-10-16 23:35:26.856535+00:00,2
1871,I_NBLDB,3968,NBLDB,,NBLDB,7500.00007113275,1,4,12,True,2025-10-16 23:35:26.856535+00:00,2,2025-10-16 23:35:26.856535+00:00,2
1872,I_NFA016,3969,NFA,,NFA016,,1,4,12,True,2025-10-16 23:35:26.856535+00:00,2,2025-10-16 23:35:26.856535+00:00,2
1873,I_NFA022,3970,NFA,,NFA022,7500.00001902116,1,4,12,True,2025-10-16 23:35:26.856535+00:00,2,2025-10-16 23:35:26.856535+00:00,2
1874,I_NFA054,3971,NFA,,NFA054,52166.5274207783,1,4,12,True,2025-10-16 23:35:26.856535+00:00,2,2025-10-16 23:35:26.856535+00:00,2
1875,I_NFF029,3972,NFF,,NFF029,3596.92378258378,1,4,12,True,2025-10-16 23:35:26.856535+00:00,2,2025-10-16 23:35:26.856535+00:00,2
1876,I_NFF046,3973,NFF,,NFF046,7499.99989229021,1,4,12,True,2025-10-16 23:35:26.856535+00:00,2,2025-10-16 23:35:26.856535+00:00,2
1877,I_NFF058,3974,NFF,,NFF058,7499.99987979612,1,4,12,True,2025-10-16 23:35:26.856535+00:00,2,2025-10-16 23:35:26.856535+00:00,2
1878,I_NFM010,3975,NFM,,NFM010,2801.30034375395,1,4,12,True,2025-10-16 23:35:26.856535+00:00,2,2025-10-16 23:35:26.856535+00:00,2
1879,I_NFS005,3977,NFS,,NFS005,7499.99996122585,1,4,12,True,2025-10-16 23:35:26.856535+00:00,2,2025-10-16 23:35:26.856535+00:00,2
1880,I_NFS007,3978,NFS,,NFS007,7500.00001704014,1,4,12,True,2025-10-16 23:35:26.856535+00:00,2,2025-10-16 23:35:26.856535+00:00,2
1881,I_NFS009,3979,NFS,,NFS009,7500.00000772151,1,4,12,True,2025-10-16 23:35:26.856535+00:00,2,2025-10-16 23:35:26.856535+00:00,2
1882,I_NFS033,3980,NFS,,NFS033,7500.00011747341,1,4,12,True,2025-10-16 23:35:26.856535+00:00,2,2025-10-16 23:35:26.856535+00:00,2
1883,I_NFT008,3981,NFT,,NFT008,7500.02539485841,1,4,12,True,2025-10-16 23:35:26.856535+00:00,2,2025-10-16 23:35:26.856535+00:00,2
1884,I_NFY029,3985,NFY,,NFY029,51958.2975089774,1,4,12,True,2025-10-16 23:35:26.856535+00:00,2,2025-10-16 23:35:26.856535+00:00,2
1885,I_NHGAN,3986,NHGAN,,NHGAN,7500.0,1,4,12,True,2025-10-16 23:35:26.856535+00:00,2,2025-10-16 23:35:26.856535+00:00,2
1886,I_NLC003,3987,NLC,,NLC003,7499.99998588784,1,4,12,True,2025-10-16 23:35:26.856535+00:00,2,2025-10-16 23:35:26.856535+00:00,2
1887,I_NMA003,3988,NMA,,NMA003,7500.00003269375,1,4,12,True,2025-10-16 23:35:26.856535+00:00,2,2025-10-16 23:35:26.856535+00:00,2
1888,I_NNA013,3989,NNA,,NNA013,7500.00003467188,1,4,12,True,2025-10-16 23:35:26.856535+00:00,2,2025-10-16 23:35:26.856535+00:00,2
1889,I_OGN005,3991,OGN,,OGN005,24792.057498762,1,4,12,True,2025-10-16 23:35:26.856535+00:00,2,2025-10-16 23:35:26.856535+00:00,2
1890,I_ORG000,3992,ORG,,ORG000,7500.00005812499,1,4,12,True,2025-10-16 23:35:26.856535+00:00,2,2025-10-16 23:35:26.856535+00:00,2
1891,I_OROVL,3993,OROVL,,OROVL,7499.99999412525,1,4,12,True,2025-10-16 23:35:26.856535+00:00,2,2025-10-16 23:35:26.856535+00:00,2
1892,I_ORT014,3994,ORT,,ORT014,7500.00005812499,1,4,12,True,2025-10-16 23:35:26.856535+00:00,2,2025-10-16 23:35:26.856535+00:00,2
1893,I_OWN040,3995,OWN,,OWN040,7499.99997390412,1,4,12,True,2025-10-16 23:35:26.856535+00:00,2,2025-10-16 23:35:26.856535+00:00,2
1894,I_PARDE,3996,PARDE,,PARDE,7500.00002760866,1,4,12,True,2025-10-16 23:35:26.856535+00:00,2,2025-10-16 23:35:26.856535+00:00,2
1895,I_PCRST,3997,PCRST,,PCRST,7500.00000149061,1,4,12,True,2025-10-16 23:35:26.856535+00:00,2,2025-10-16 23:35:26.856535+00:00,2
1896,I_PEDRO,3998,PEDRO,,PEDRO,7500.00005812631,1,4,12,True,2025-10-16 23:35:26.856535+00:00,2,2025-10-16 23:35:26.856535+00:00,2
1897,I_PLC007,3999,PLC,,PLC007,7500.00005033712,1,4,12,True,2025-10-16 23:35:26.856535+00:00,2,2025-10-16 23:35:26.856535+00:00,2
1898,I_PLM001,4000,PLM,,PLM001,7499.99998855712,1,4,12,True,2025-10-16 23:35:26.856535+00:00,2,2025-10-16 23:35:26.856535+00:00,2
1899,I_PTH070,4001,PTH,,PTH070,12098.7119138137,1,4,12,True,2025-10-16 23:35:26.856535+00:00,2,2025-10-16 23:35:26.856535+00:00,2
1900,I_PYN001,4003,PYN,,PYN001,51806.2030449597,1,4,12,True,2025-10-16 23:35:26.856535+00:00,2,2025-10-16 23:35:26.856535+00:00,2
1901,I_PYR001,4004,PYR,,PYR001,7499.99998652979,1,4,12,True,2025-10-16 23:35:26.856535+00:00,2,2025-10-16 23:35:26.856535+00:00,2
1902,I_QNT005,4005,QNT,,QNT005,7500.00009772692,1,4,12,True,2025-10-16 23:35:26.856535+00:00,2,2025-10-16 23:35:26.856535+00:00,2
1903,I_RCK001,4006,RCK,,RCK001,7500.00003301396,1,4,12,True,2025-10-16 23:35:26.856535+00:00,2,2025-10-16 23:35:26.856535+00:00,2
1904,I_RLIEF,4008,RLIEF,,RLIEF,7500.00011950535,1,4,12,True,2025-10-16 23:35:26.856535+00:00,2,2025-10-16 23:35:26.856535+00:00,2
1905,I_RLLNS,4009,RLLNS,,RLLNS,7500.0000274114,1,4,12,True,2025-10-16 23:35:26.856535+00:00,2,2025-10-16 23:35:26.856535+00:00,2
1906,I_RUB002,4011,RUB,,RUB002,7500.00000423764,1,4,12,True,2025-10-16 23:35:26.856535+00:00,2,2025-10-16 23:35:26.856535+00:00,2
1907,I_RUB023,4012,RUB,,RUB023,7500.00001606735,1,4,12,True,2025-10-16 23:35:26.856535+00:00,2,2025-10-16 23:35:26.856535+00:00,2
1908,I_RUB047,4013,RUB,,RUB047,7500.00000730032,1,4,12,True,2025-10-16 23:35:26.856535+00:00,2,2025-10-16 23:35:26.856535+00:00,2
1909,I_RVPHB,4014,RVPHB,,RVPHB,7499.99996034908,1,4,12,True,2025-10-16 23:35:26.856535+00:00,2,2025-10-16 23:35:26.856535+00:00,2
1910,I_SCOTF,4015,SCOTF,,SCOTF,7499.9998924288,1,4,12,True,2025-10-16 23:35:26.856535+00:00,2,2025-10-16 23:35:26.856535+00:00,2
1911,I_SCW008,4016,SCW,,SCW008,87521.7725745947,1,4,12,True,2025-10-16 23:35:26.856535+00:00,2,2025-10-16 23:35:26.856535+00:00,2
1912,I_SFA030,4017,SFA,,SFA030,7500.00001902116,1,4,12,True,2025-10-16 23:35:26.856535+00:00,2,2025-10-16 23:35:26.856535+00:00,2
1913,I_SFA040,4018,SFA,,SFA040,7500.00002178577,1,4,12,True,2025-10-16 23:35:26.856535+00:00,2,2025-10-16 23:35:26.856535+00:00,2
1914,I_SFA066,4019,SFA,,SFA066,7500.0000566253,1,4,12,True,2025-10-16 23:35:26.856535+00:00,2,2025-10-16 23:35:26.856535+00:00,2
1915,I_SFA068,4020,SFA,,SFA068,7500.00003089191,1,4,12,True,2025-10-16 23:35:26.856535+00:00,2,2025-10-16 23:35:26.856535+00:00,2
1916,I_SFA076,4021,SFA,,SFA076,7500.0000862519,1,4,12,True,2025-10-16 23:35:26.856535+00:00,2,2025-10-16 23:35:26.856535+00:00,2
1917,I_SFD003,4022,SFD,,DER030,7499.99989982945,1,4,12,True,2025-10-16 23:35:26.856535+00:00,2,2025-10-16 23:35:26.856535+00:00,2
1918,I_SFF008,4023,SFF,,SFF008,7499.99991102019,1,4,12,True,2025-10-16 23:35:26.856535+00:00,2,2025-10-16 23:35:26.856535+00:00,2
1919,I_SFF011,4024,SFF,,SFF011,7499.99995839334,1,4,12,True,2025-10-16 23:35:26.856535+00:00,2,2025-10-16 23:35:26.856535+00:00,2
1920,I_SFM005,4025,SFM,,SFM005,36748.2979147493,1,4,12,True,2025-10-16 23:35:26.856535+00:00,2,2025-10-16 23:35:26.856535+00:00,2
1921,I_SFR006,4026,SFR,,SFR006,7499.99998124862,1,4,12,True,2025-10-16 23:35:26.856535+00:00,2,2025-10-16 23:35:26.856535+00:00,2
1922,I_SFS030,4027,SFS,,SFS030,7500.00000772151,1,4,12,True,2025-10-16 23:35:26.856535+00:00,2,2025-10-16 23:35:26.856535+00:00,2
1923,I_SFS033,4028,SFS,,SFS033,7500.00002810196,1,4,12,True,2025-10-16 23:35:26.856535+00:00,2,2025-10-16 23:35:26.856535+00:00,2
1924,I_SFT003,4029,SFT,,SFT003,7500.29842457508,1,4,12,True,2025-10-16 23:35:26.856535+00:00,2,2025-10-16 23:35:26.856535+00:00,2
1925,I_SFY007,4032,SFY,,SFY007,7499.99996169677,1,4,12,True,2025-10-16 23:35:26.856535+00:00,2,2025-10-16 23:35:26.856535+00:00,2
1926,I_SFY048,4033,SFY,,SFY048,7500.00003366018,1,4,12,True,2025-10-16 23:35:26.856535+00:00,2,2025-10-16 23:35:26.856535+00:00,2
1927,I_SGRGE,4034,SGRGE,,SGRGE,7500.00002951294,1,4,12,True,2025-10-16 23:35:26.856535+00:00,2,2025-10-16 23:35:26.856535+00:00,2
1928,I_SHSTA,4035,SHSTA,,SHSTA,101159.856816216,1,4,12,True,2025-10-16 23:35:26.856535+00:00,2,2025-10-16 23:35:26.856535+00:00,2
1929,I_SILVR,4037,SILVR,,SILVR,7499.99998855712,1,4,12,True,2025-10-16 23:35:26.856535+00:00,2,2025-10-16 23:35:26.856535+00:00,2
1930,I_SJR258,4038,SJR,,SJR258,7500.00001747073,1,4,12,True,2025-10-16 23:35:26.856535+00:00,2,2025-10-16 23:35:26.856535+00:00,2
1931,I_SJR265,4039,SJR,,SJR265,7500.00003234664,1,4,12,True,2025-10-16 23:35:26.856535+00:00,2,2025-10-16 23:35:26.856535+00:00,2
1932,I_SLC003,4042,SLC,,SLC003,7499.9999291208,1,4,12,True,2025-10-16 23:35:26.856535+00:00,2,2025-10-16 23:35:26.856535+00:00,2
1933,I_SLF009,4043,SLF,,SLF009,7500.0000797803,1,4,12,True,2025-10-16 23:35:26.856535+00:00,2,2025-10-16 23:35:26.856535+00:00,2
1934,I_SLO007,4044,SLO,,SLO007,7500.00005812631,1,4,12,True,2025-10-16 23:35:26.856535+00:00,2,2025-10-16 23:35:26.856535+00:00,2
1935,I_SLT009,4045,SLT,,SLT009,30854.7738746974,1,4,12,True,2025-10-16 23:35:26.856535+00:00,2,2025-10-16 23:35:26.856535+00:00,2
1936,I_SLTSP,4046,SLTSP,,BLUMD,6569.83544414671,1,4,12,True,2025-10-16 23:35:26.856535+00:00,2,2025-10-16 23:35:26.856535+00:00,2
1937,I_SLUIS,4047,SLUIS,,SLUIS,7500.00005812499,1,4,12,True,2025-10-16 23:35:26.856535+00:00,2,2025-10-16 23:35:26.856535+00:00,2
1938,I_SLV006,4048,SLV,,SLV006,7499.9999964855,1,4,12,True,2025-10-16 23:35:26.856535+00:00,2,2025-10-16 23:35:26.856535+00:00,2
1939,I_SLV015,4049,SLV,,SLV015,7500.0000034751,1,4,12,True,2025-10-16 23:35:26.856535+00:00,2,2025-10-16 23:35:26.856535+00:00,2
1940,I_SLYCK,4050,SLYCK,,SLYCK,4238.07237267024,1,4,12,True,2025-10-16 23:35:26.856535+00:00,2,2025-10-16 23:35:26.856535+00:00,2
1941,I_SPICE,4051,SPICE,,SPICE,7500.00013958088,1,4,12,True,2025-10-16 23:35:26.856535+00:00,2,2025-10-16 23:35:26.856535+00:00,2
1942,I_SPLDG,4052,SPLDG,,SPLDG,7500.00000957101,1,4,12,True,2025-10-16 23:35:26.856535+00:00,2,2025-10-16 23:35:26.856535+00:00,2
1943,I_STMPY,4054,STMPY,,PLC009,7500.00000387256,1,4,12,True,2025-10-16 23:35:26.856535+00:00,2,2025-10-16 23:35:26.856535+00:00,2
1944,I_STS059,4055,STS,,STS059,7500.0,1,4,12,True,2025-10-16 23:35:26.856535+00:00,2,2025-10-16 23:35:26.856535+00:00,2
1945,I_STS072,4056,STS,,STS072,,1,4,12,True,2025-10-16 23:35:26.856535+00:00,2,2025-10-16 23:35:26.856535+00:00,2
1946,I_TGC003,4057,TGC,,TGC003,2416.78097285914,1,4,12,True,2025-10-16 23:35:26.856535+00:00,2,2025-10-16 23:35:26.856535+00:00,2
1947,I_THM028,4058,THM,,THM028,62522.4763421493,1,4,12,True,2025-10-16 23:35:26.856535+00:00,2,2025-10-16 23:35:26.856535+00:00,2
1948,I_TRNTY,4059,TRNTY,,TRNTY,70804.1700361586,1,4,12,True,2025-10-16 23:35:26.856535+00:00,2,2025-10-16 23:35:26.856535+00:00,2
1949,I_TULOC,4061,TULOC,,TULOC,7500.0,1,4,12,True,2025-10-16 23:35:26.856535+00:00,2,2025-10-16 23:35:26.856535+00:00,2
1950,I_TUO054,4062,TUO,,TUO054,7500.00012185699,1,4,12,True,2025-10-16 23:35:26.856535+00:00,2,2025-10-16 23:35:26.856535+00:00,2
1951,I_TUO105,4063,TUO,,TUO105,,1,4,12,True,2025-10-16 23:35:26.856535+00:00,2,2025-10-16 23:35:26.856535+00:00,2
1952,I_UBEAR,4064,UBEAR,,UBEAR,5287.79761696318,1,4,12,True,2025-10-16 23:35:26.856535+00:00,2,2025-10-16 23:35:26.856535+00:00,2
1953,I_UNVLY,4065,UNVLY,,UNVLY,7499.9999964855,1,4,12,True,2025-10-16 23:35:26.856535+00:00,2,2025-10-16 23:35:26.856535+00:00,2
1954,I_WBF006,4066,WBF,,WBF006,7499.99995424135,1,4,12,True,2025-10-16 23:35:26.856535+00:00,2,2025-10-16 23:35:26.856535+00:00,2
1955,I_WBF015,4067,WBF,,WBF015,2687.83971718459,1,4,12,True,2025-10-16 23:35:26.856535+00:00,2,2025-10-16 23:35:26.856535+00:00,2
1956,I_WBF030,4068,WBF,,WBF030,7499.9999603477,1,4,12,True,2025-10-16 23:35:26.856535+00:00,2,2025-10-16 23:35:26.856535+00:00,2
1957,I_WBR001,4069,WBR,,WBR001,7500.00004856751,1,4,12,True,2025-10-16 23:35:26.856535+00:00,2,2025-10-16 23:35:26.856535+00:00,2
1958,I_WKYTN,4070,WKYTN,,WKYTN,3637.46209925173,1,4,12,True,2025-10-16 23:35:26.856535+00:00,2,2025-10-16 23:35:26.856535+00:00,2
1959,I_WLF013,4071,WLF,,WLF013,7499.99998388394,1,4,12,True,2025-10-16 23:35:26.856535+00:00,2,2025-10-16 23:35:26.856535+00:00,2
1960,R-71_PA5_SJR091,4663,PA,71_PA5,SJR091,10842.3799043764,1,4,12,True,2025-10-16 23:35:26.856535+00:00,2,2025-10-16 23:35:26.856535+00:00,2
1961,R_02_NA_CWD004,4718,,02_NA,CWD004,6623.6166000003,1,4,12,True,2025-10-16 23:35:26.856535+00:00,2,2025-10-16 23:35:26.856535+00:00,2
1962,R_02_NU_SAC281,4719,,02_NU,SAC281,3398.43419999909,1,4,12,True,2025-10-16 23:35:26.856535+00:00,2,2025-10-16 23:35:26.856535+00:00,2
1963,R_02_PA_SAC273,4720,,02_PA,SAC273,31789.3129009586,1,4,12,True,2025-10-16 23:35:26.856535+00:00,2,2025-10-16 23:35:26.856535+00:00,2
1964,R_02_PU_CCWWTP,4721,,02_PU,CCWWTP,10844.2503471098,1,4,12,True,2025-10-16 23:35:26.856535+00:00,2,2025-10-16 23:35:26.856535+00:00,2
1965,R_02_SA_SAC273,4722,,02_SA,SAC273,4932.99880000018,1,4,12,True,2025-10-16 23:35:26.856535+00:00,2,2025-10-16 23:35:26.856535+00:00,2
1966,R_02_SU_CCWWTP,4723,,02_SU,CCWWTP,8747.77434711002,1,4,12,True,2025-10-16 23:35:26.856535+00:00,2,2025-10-16 23:35:26.856535+00:00,2
1967,R_03_NA_SAC269,4724,,03_NA,SAC269,17757.6290153161,1,4,12,True,2025-10-16 23:35:26.856535+00:00,2,2025-10-16 23:35:26.856535+00:00,2
1968,R_03_PA_SAC287,4725,,03_PA,SAC287,11115.8402887691,1,4,12,True,2025-10-16 23:35:26.856535+00:00,2,2025-10-16 23:35:26.856535+00:00,2
1969,R_03_PU1_KSWCK,4726,,03_PU1,KSWCK,12565.9686999992,1,4,12,True,2025-10-16 23:35:26.856535+00:00,2,2025-10-16 23:35:26.856535+00:00,2
1970,R_03_PU2_SWWWTP,4727,,03_PU2,SWWWTP,19196.856432134,1,4,12,True,2025-10-16 23:35:26.856535+00:00,2,2025-10-16 23:35:26.856535+00:00,2
1971,R_03_PU3_SWWWTP,4728,,03_PU3,SWWWTP,29454.6830195342,1,4,12,True,2025-10-16 23:35:26.856535+00:00,2,2025-10-16 23:35:26.856535+00:00,2
1972,R_03_SA_SAC281,4729,,03_SA,SAC281,3597.63852883994,1,4,12,True,2025-10-16 23:35:26.856535+00:00,2,2025-10-16 23:35:26.856535+00:00,2
1973,R_03_SU_SWWWTP,4730,,03_SU,SWWWTP,28807.5225212028,1,4,12,True,2025-10-16 23:35:26.856535+00:00,2,2025-10-16 23:35:26.856535+00:00,2
1974,R_04_NA_SAC207,4731,,04_NA,SAC207,21486.1345615101,1,4,12,True,2025-10-16 23:35:26.856535+00:00,2,2025-10-16 23:35:26.856535+00:00,2
1975,R_04_NU1_SAC240,4732,,04_NU1,SAC240,5109.33361223692,1,4,12,True,2025-10-16 23:35:26.856535+00:00,2,2025-10-16 23:35:26.856535+00:00,2
1976,R_04_NU2_SAC217,4733,,04_NU2,SAC217,8677.32833778795,1,4,12,True,2025-10-16 23:35:26.856535+00:00,2,2025-10-16 23:35:26.856535+00:00,2
1977,R_04_PA1_THM005,4734,,04_PA1,THM005,3948.48119999934,1,4,12,True,2025-10-16 23:35:26.856535+00:00,2,2025-10-16 23:35:26.856535+00:00,2
1978,R_04_PA2_SAC207,4735,,04_PA2,SAC207,15554.62306151,1,4,12,True,2025-10-16 23:35:26.856535+00:00,2,2025-10-16 23:35:26.856535+00:00,2
1979,R_05_NA_SAC201,4736,,05_NA,SAC201,28428.8747508357,1,4,12,True,2025-10-16 23:35:26.856535+00:00,2,2025-10-16 23:35:26.856535+00:00,2
1980,R_07N_NA_CBD044,4737,,07N_NA,CBD044,43258.493393442,1,4,12,True,2025-10-16 23:35:26.856535+00:00,2,2025-10-16 23:35:26.856535+00:00,2
1981,R_07N_NU_CBD049,4738,,07N_NU,CBD049,30949.3817000007,1,4,12,True,2025-10-16 23:35:26.856535+00:00,2,2025-10-16 23:35:26.856535+00:00,2
1982,R_07N_PA_CBD044,4739,,07N_PA,CBD044,40151.8916756438,1,4,12,True,2025-10-16 23:35:26.856535+00:00,2,2025-10-16 23:35:26.856535+00:00,2
1983,R_07S_NA_CBD044,4740,,07S_NA,CBD044,23233.5256000012,1,4,12,True,2025-10-16 23:35:26.856535+00:00,2,2025-10-16 23:35:26.856535+00:00,2
1984,R_07S_PA_CBD028,4741,,07S_PA,CBD028,12181.3364999993,1,4,12,True,2025-10-16 23:35:26.856535+00:00,2,2025-10-16 23:35:26.856535+00:00,2
1985,R_08N_NA_CBD049,4742,,08N_NA,CBD049,21025.5380887917,1,4,12,True,2025-10-16 23:35:26.856535+00:00,2,2025-10-16 23:35:26.856535+00:00,2
1986,R_08N_PA_CBD044,4743,,08N_PA,CBD044,5814.72549999878,1,4,12,True,2025-10-16 23:35:26.856535+00:00,2,2025-10-16 23:35:26.856535+00:00,2
1987,R_08N_PR1_CBD049,4744,,08N_PR1,CBD049,16781.9017479803,1,4,12,True,2025-10-16 23:35:26.856535+00:00,2,2025-10-16 23:35:26.856535+00:00,2
1988,R_08N_PR2_CBD044,4745,,08N_PR2,CBD044,4130.84709999897,1,4,12,True,2025-10-16 23:35:26.856535+00:00,2,2025-10-16 23:35:26.856535+00:00,2
1989,R_08N_SA1_CBD044,4746,,08N_SA1,CBD044,16449.8257999998,1,4,12,True,2025-10-16 23:35:26.856535+00:00,2,2025-10-16 23:35:26.856535+00:00,2
1990,R_08N_SA2_CBD049,4747,,08N_SA2,CBD049,22131.2215538325,1,4,12,True,2025-10-16 23:35:26.856535+00:00,2,2025-10-16 23:35:26.856535+00:00,2
1991,R_08S_NA1_CBD031,4748,,08S_NA1,CBD031,9645.56689999998,1,4,12,True,2025-10-16 23:35:26.856535+00:00,2,2025-10-16 23:35:26.856535+00:00,2
1992,R_08S_NA2_RFS8S,4749,,08S_NA2,RFS8S,31858.5069099614,1,4,12,True,2025-10-16 23:35:26.856535+00:00,2,2025-10-16 23:35:26.856535+00:00,2
1993,R_08S_PA_CBD012,4750,,08S_PA,CBD012,8368.66389999911,1,4,12,True,2025-10-16 23:35:26.856535+00:00,2,2025-10-16 23:35:26.856535+00:00,2
1994,R_08S_PR_CBD031,4751,,08S_PR,CBD031,6860.04952053473,1,4,12,True,2025-10-16 23:35:26.856535+00:00,2,2025-10-16 23:35:26.856535+00:00,2
1995,R_08S_SA1_CBD031,4752,,08S_SA1,CBD031,13559.5590851926,1,4,12,True,2025-10-16 23:35:26.856535+00:00,2,2025-10-16 23:35:26.856535+00:00,2
1996,R_08S_SA2_CBD037,4753,,08S_SA2,CBD037,10636.0396003573,1,4,12,True,2025-10-16 23:35:26.856535+00:00,2,2025-10-16 23:35:26.856535+00:00,2
1997,R_08S_SA3_RFS8S,4754,,08S_SA3,RFS8S,7522.64677913888,1,4,12,True,2025-10-16 23:35:26.856535+00:00,2,2025-10-16 23:35:26.856535+00:00,2
1998,R_09_NA_LCC016,4755,,09_NA,LCC016,8755.14534477296,1,4,12,True,2025-10-16 23:35:26.856535+00:00,2,2025-10-16 23:35:26.856535+00:00,2
1999,R_09_PR_LCC016,4756,,09_PR,LCC016,5839.59057434325,1,4,12,True,2025-10-16 23:35:26.856535+00:00,2,2025-10-16 23:35:26.856535+00:00,2
2000,R_09_SA1_LCC026,4757,,09_SA1,LCC026,2784.01905812166,1,4,12,True,2025-10-16 23:35:26.856535+00:00,2,2025-10-16 23:35:26.856535+00:00,2
2001,R_09_SA2_BTC007,4758,,09_SA2,BTC007,4518.55246871295,1,4,12,True,2025-10-16 23:35:26.856535+00:00,2,2025-10-16 23:35:26.856535+00:00,2
2002,R_10_NA_BTC032,4759,,10_NA,BTC032,10671.8400935383,1,4,12,True,2025-10-16 23:35:26.856535+00:00,2,2025-10-16 23:35:26.856535+00:00,2
2003,R_10_NU1_CHWWTP,4760,,10_NU1,CHWWTP,10571.6316137421,1,4,12,True,2025-10-16 23:35:26.856535+00:00,2,2025-10-16 23:35:26.856535+00:00,2
2004,R_11_NA_DWRPS2,4761,,11_NA,DWRPS2,12656.9795881899,1,4,12,True,2025-10-16 23:35:26.856535+00:00,2,2025-10-16 23:35:26.856535+00:00,2
2005,R_11_NU1_ORWWTP,4762,,11_NU1,ORWWTP,6046.02070000023,1,4,12,True,2025-10-16 23:35:26.856535+00:00,2,2025-10-16 23:35:26.856535+00:00,2
2006,R_11_PR_BTC017,4763,,11_PR,BTC017,6668.1733724216,1,4,12,True,2025-10-16 23:35:26.856535+00:00,2,2025-10-16 23:35:26.856535+00:00,2
2007,R_11_SA1_CRK005,4764,,11_SA1,CRK005,25341.7063685553,1,4,12,True,2025-10-16 23:35:26.856535+00:00,2,2025-10-16 23:35:26.856535+00:00,2
2008,R_11_SA2_CRK005,4765,,11_SA2,CRK005,18022.8072901311,1,4,12,True,2025-10-16 23:35:26.856535+00:00,2,2025-10-16 23:35:26.856535+00:00,2
2009,R_11_SA3_RFS11,4766,,11_SA3,RFS11,1727.56300967146,1,4,12,True,2025-10-16 23:35:26.856535+00:00,2,2025-10-16 23:35:26.856535+00:00,2
2010,R_11_SA4_DWRPS2,4767,,11_SA4,DWRPS2,11833.5881785402,1,4,12,True,2025-10-16 23:35:26.856535+00:00,2,2025-10-16 23:35:26.856535+00:00,2
2011,R_12_NA_HON004,4768,,12_NA,HON004,7031.05250000022,1,4,12,True,2025-10-16 23:35:26.856535+00:00,2,2025-10-16 23:35:26.856535+00:00,2
2012,R_12_NU1_ORWWTP,4769,,12_NU1,ORWWTP,2665.5171592721,1,4,12,True,2025-10-16 23:35:26.856535+00:00,2,2025-10-16 23:35:26.856535+00:00,2
2013,R_12_SA_FTR045,4770,,12_SA,FTR045,11359.4824409136,1,4,12,True,2025-10-16 23:35:26.856535+00:00,2,2025-10-16 23:35:26.856535+00:00,2
2014,R_13_NA_RFS13,4771,,13_NA,RFS13,14231.4437647697,1,4,12,True,2025-10-16 23:35:26.856535+00:00,2,2025-10-16 23:35:26.856535+00:00,2
2015,R_14_NA_RFS14,4773,,14_NA,RFS14,3585.42240000051,1,4,12,True,2025-10-16 23:35:26.856535+00:00,2,2025-10-16 23:35:26.856535+00:00,2
2016,R_15N_NA1_FTR031,4774,,15N_NA1,FTR031,12942.4326568135,1,4,12,True,2025-10-16 23:35:26.856535+00:00,2,2025-10-16 23:35:26.856535+00:00,2
2017,R_15N_NA2_JCK002,4775,,15N_NA2,JCK002,7990.9313985391,1,4,12,True,2025-10-16 23:35:26.856535+00:00,2,2025-10-16 23:35:26.856535+00:00,2
2018,R_15N_NU_LCWWTP,4776,,15N_NU,LCWWTP,7516.8841309961,1,4,12,True,2025-10-16 23:35:26.856535+00:00,2,2025-10-16 23:35:26.856535+00:00,2
2019,R_15N_SA_FTR031,4777,,15N_SA,FTR031,11082.4031486485,1,4,12,True,2025-10-16 23:35:26.856535+00:00,2,2025-10-16 23:35:26.856535+00:00,2
2020,R_15S_NA1_DHC001,4778,,15S_NA1,DHC001,20300.0420020334,1,4,12,True,2025-10-16 23:35:26.856535+00:00,2,2025-10-16 23:35:26.856535+00:00,2
2021,R_15S_NA2_DHC001,4779,,15S_NA2,DHC001,13860.7830009074,1,4,12,True,2025-10-16 23:35:26.856535+00:00,2,2025-10-16 23:35:26.856535+00:00,2
2022,R_15S_NU_DHC001,4780,,15S_NU,DHC001,10869.5098000001,1,4,12,True,2025-10-16 23:35:26.856535+00:00,2,2025-10-16 23:35:26.856535+00:00,2
2023,R_15S_NU_LCWWTP,4781,,15S_NU,LCWWTP,6021.09180000052,1,4,12,True,2025-10-16 23:35:26.856535+00:00,2,2025-10-16 23:35:26.856535+00:00,2
2024,R_15S_SA_FTR014,4783,,15S_SA,FTR014,7913.97527984782,1,4,12,True,2025-10-16 23:35:26.856535+00:00,2,2025-10-16 23:35:26.856535+00:00,2
2025,R_16_NA1_DWRPS2,4784,,16_NA1,DWRPS2,10774.2839881888,1,4,12,True,2025-10-16 23:35:26.856535+00:00,2,2025-10-16 23:35:26.856535+00:00,2
2026,R_16_NA2_DWRPS1,4785,,16_NA2,DWRPS1,3939.97920000181,1,4,12,True,2025-10-16 23:35:26.856535+00:00,2,2025-10-16 23:35:26.856535+00:00,2
2027,R_16_PA_DWRPS2,4786,,16_PA,DWRPS2,7460.78650000039,1,4,12,True,2025-10-16 23:35:26.856535+00:00,2,2025-10-16 23:35:26.856535+00:00,2
2028,R_16_PU_YCWWTP,4787,,16_PU,YCWWTP,5706.68690000009,1,4,12,True,2025-10-16 23:35:26.856535+00:00,2,2025-10-16 23:35:26.856535+00:00,2
2029,R_16_SA_DWRPS1,4788,,16_SA,DWRPS1,6589.70243208757,1,4,12,True,2025-10-16 23:35:26.856535+00:00,2,2025-10-16 23:35:26.856535+00:00,2
2030,R_17N_NA_BTC003,4789,,17N_NA,BTC003,4003.68628896441,1,4,12,True,2025-10-16 23:35:26.856535+00:00,2,2025-10-16 23:35:26.856535+00:00,2
2031,R_17N_NR_BTC003,4790,,17N_NR,BTC003,12768.0519889644,1,4,12,True,2025-10-16 23:35:26.856535+00:00,2,2025-10-16 23:35:26.856535+00:00,2
2032,R_17N_PR_CRK005,4791,,17N_PR,CRK005,5000.0,1,4,12,True,2025-10-16 23:35:26.856535+00:00,2,2025-10-16 23:35:26.856535+00:00,2
2033,R_17S_NA_SSL001,4792,,17S_NA,SSL001,12136.6131576226,1,4,12,True,2025-10-16 23:35:26.856535+00:00,2,2025-10-16 23:35:26.856535+00:00,2
2034,R_17S_PR_SBP021,4793,,17S_PR,SBP021,3378.64241706618,1,4,12,True,2025-10-16 23:35:26.856535+00:00,2,2025-10-16 23:35:26.856535+00:00,2
2035,R_17S_SA_SAC085,4794,,17S_SA,SAC085,4187.84159002909,1,4,12,True,2025-10-16 23:35:26.856535+00:00,2,2025-10-16 23:35:26.856535+00:00,2
2036,R_18_NA_RFS18,4795,,18_NA,RFS18,10580.6452000001,1,4,12,True,2025-10-16 23:35:26.856535+00:00,2,2025-10-16 23:35:26.856535+00:00,2
2037,R_18_SA_RFS18,4796,,18_SA,RFS18,9822.27931517514,1,4,12,True,2025-10-16 23:35:26.856535+00:00,2,2025-10-16 23:35:26.856535+00:00,2
2038,R_19_SA_RD1500,4797,,19_SA,RD1500,15700.6216486626,1,4,12,True,2025-10-16 23:35:26.856535+00:00,2,2025-10-16 23:35:26.856535+00:00,2
2039,R_20_NA1_WSB000,4799,,20_NA1,WSB000,14396.2108000005,1,4,12,True,2025-10-16 23:35:26.856535+00:00,2,2025-10-16 23:35:26.856535+00:00,2
2040,R_20_NA2_WSB000,4801,,20_NA2,WSB000,15455.0619128512,1,4,12,True,2025-10-16 23:35:26.856535+00:00,2,2025-10-16 23:35:26.856535+00:00,2
2041,R_20_NU1_DVWWTP,4802,,20_NU1,DVWWTP,11769.8983270412,1,4,12,True,2025-10-16 23:35:26.856535+00:00,2,2025-10-16 23:35:26.856535+00:00,2
2042,R_20_NU1_WLWWTP,4803,,20_NU1,WLWWTP,3679.05590000004,1,4,12,True,2025-10-16 23:35:26.856535+00:00,2,2025-10-16 23:35:26.856535+00:00,2
2043,R_20_PA_PTH011,4804,,20_PA,PTH011,4272.6502000019,1,4,12,True,2025-10-16 23:35:26.856535+00:00,2,2025-10-16 23:35:26.856535+00:00,2
2044,R_21_NA_YBP032,4805,,21_NA,YBP032,11420.1943447118,1,4,12,True,2025-10-16 23:35:26.856535+00:00,2,2025-10-16 23:35:26.856535+00:00,2
2045,R_21_PA_YBP032,4806,,21_PA,YBP032,2730.28423905211,1,4,12,True,2025-10-16 23:35:26.856535+00:00,2,2025-10-16 23:35:26.856535+00:00,2
2046,R_21_PU_SRWWTP,4807,,21_PU,SRWWTP,21996.9163974605,1,4,12,True,2025-10-16 23:35:26.856535+00:00,2,2025-10-16 23:35:26.856535+00:00,2
2047,R_21_SA_YBP020,4808,,21_SA,YBP020,11497.1943811688,1,4,12,True,2025-10-16 23:35:26.856535+00:00,2,2025-10-16 23:35:26.856535+00:00,2
2048,R_22_NA_RFS22,4809,,22_NA,RFS22,7741.92905482544,1,4,12,True,2025-10-16 23:35:26.856535+00:00,2,2025-10-16 23:35:26.856535+00:00,2
2049,R_22_SA1_RFS22,4810,,22_SA1,RFS22,9144.17941533872,1,4,12,True,2025-10-16 23:35:26.856535+00:00,2,2025-10-16 23:35:26.856535+00:00,2
2050,R_22_SA2_SAC083,4811,,22_SA2,SAC083,4396.8713000007,1,4,12,True,2025-10-16 23:35:26.856535+00:00,2,2025-10-16 23:35:26.856535+00:00,2
2051,R_23_NA_RFS23,4812,,23_NA,RFS23,10556.9520992491,1,4,12,True,2025-10-16 23:35:26.856535+00:00,2,2025-10-16 23:35:26.856535+00:00,2
2052,R_24_NA1_CCK022,4813,,24_NA1,CCK022,22178.2588548336,1,4,12,True,2025-10-16 23:35:26.856535+00:00,2,2025-10-16 23:35:26.856535+00:00,2
2053,R_24_NA2_ABN000,4814,,24_NA2,ABN000,20613.7811431667,1,4,12,True,2025-10-16 23:35:26.856535+00:00,2,2025-10-16 23:35:26.856535+00:00,2
2054,R_24_NA3_SCR002,4815,,24_NA3,SCR002,9755.18731191504,1,4,12,True,2025-10-16 23:35:26.856535+00:00,2,2025-10-16 23:35:26.856535+00:00,2
2055,R_24_NU1_ABN027,4816,,24_NU1,ABN027,6017.42750123179,1,4,12,True,2025-10-16 23:35:26.856535+00:00,2,2025-10-16 23:35:26.856535+00:00,2
2056,R_24_NU2_RFS26N,4817,,24_NU2,RFS26N,11155.5467999997,1,4,12,True,2025-10-16 23:35:26.856535+00:00,2,2025-10-16 23:35:26.856535+00:00,2
2057,R_24_NU3_CCK038,4818,,24_NU3,CCK038,1527.60300724805,1,4,12,True,2025-10-16 23:35:26.856535+00:00,2,2025-10-16 23:35:26.856535+00:00,2
2058,R_25_NA_CSL005,4819,,25_NA,CSL005,9318.42048751753,1,4,12,True,2025-10-16 23:35:26.856535+00:00,2,2025-10-16 23:35:26.856535+00:00,2
2059,R_25_PA1_RFS25,4820,,25_PA1,RFS25,2461.72800000012,1,4,12,True,2025-10-16 23:35:26.856535+00:00,2,2025-10-16 23:35:26.856535+00:00,2
2060,R_25_PA2_CSL005,4821,,25_PA2,CSL005,23887.2663215464,1,4,12,True,2025-10-16 23:35:26.856535+00:00,2,2025-10-16 23:35:26.856535+00:00,2
2061,R_25_PU_EAWWTP,4822,,25_PU,EAWWTP,4329.89480818355,1,4,12,True,2025-10-16 23:35:26.856535+00:00,2,2025-10-16 23:35:26.856535+00:00,2
2062,R_26N_NA_EMD007,4823,,26N_NA,EMD007,8830.06897374028,1,4,12,True,2025-10-16 23:35:26.856535+00:00,2,2025-10-16 23:35:26.856535+00:00,2
2063,R_26N_NU1_SRWWTP,4824,,26N_NU1,SRWWTP,39138.8045658131,1,4,12,True,2025-10-16 23:35:26.856535+00:00,2,2025-10-16 23:35:26.856535+00:00,2
2064,R_26N_NU2_SRWWTP,4825,,26N_NU2,SRWWTP,29574.6053063528,1,4,12,True,2025-10-16 23:35:26.856535+00:00,2,2025-10-16 23:35:26.856535+00:00,2
2065,R_26N_NU3_SRWWTP,4826,,26N_NU3,SRWWTP,39629.518819602,1,4,12,True,2025-10-16 23:35:26.856535+00:00,2,2025-10-16 23:35:26.856535+00:00,2
2066,R_26N_NU4_SRWWTP,4827,,26N_NU4,SRWWTP,29572.1204249779,1,4,12,True,2025-10-16 23:35:26.856535+00:00,2,2025-10-16 23:35:26.856535+00:00,2
2067,R_26N_NU5_SRWWTP,4828,,26N_NU5,SRWWTP,25697.7991249779,1,4,12,True,2025-10-16 23:35:26.856535+00:00,2,2025-10-16 23:35:26.856535+00:00,2
2068,R_26N_PU1_RFS26N,4829,,26N_PU1,RFS26N,3437.47848934642,1,4,12,True,2025-10-16 23:35:26.856535+00:00,2,2025-10-16 23:35:26.856535+00:00,2
2069,R_26N_PU2_SRWWTP,4830,,26N_PU2,SRWWTP,43001.1950552809,1,4,12,True,2025-10-16 23:35:26.856535+00:00,2,2025-10-16 23:35:26.856535+00:00,2
2070,R_26N_PU3_SRWWTP,4831,,26N_PU3,SRWWTP,47726.7609310156,1,4,12,True,2025-10-16 23:35:26.856535+00:00,2,2025-10-16 23:35:26.856535+00:00,2
2071,R_26S_NU1_SRWWTP,4833,,26S_NU1,SRWWTP,11800.2327999994,1,4,12,True,2025-10-16 23:35:26.856535+00:00,2,2025-10-16 23:35:26.856535+00:00,2
2072,R_26S_NU2_SRWWTP,4834,,26S_NU2,SRWWTP,20547.7390249776,1,4,12,True,2025-10-16 23:35:26.856535+00:00,2,2025-10-16 23:35:26.856535+00:00,2
2073,R_26S_NU3_SRWWTP,4835,,26S_NU3,SRWWTP,10283.1082913232,1,4,12,True,2025-10-16 23:35:26.856535+00:00,2,2025-10-16 23:35:26.856535+00:00,2
2074,R_26S_NU4_RFS26S,4836,,26S_NU4,RFS26S,1047.1381000001,1,4,12,True,2025-10-16 23:35:26.856535+00:00,2,2025-10-16 23:35:26.856535+00:00,2
2075,R_26S_PU1_SRWWTP,4837,,26S_PU1,SRWWTP,42103.0155158986,1,4,12,True,2025-10-16 23:35:26.856535+00:00,2,2025-10-16 23:35:26.856535+00:00,2
2076,R_26S_PU2_SRWWTP,4838,,26S_PU2,SRWWTP,31126.7273618304,1,4,12,True,2025-10-16 23:35:26.856535+00:00,2,2025-10-16 23:35:26.856535+00:00,2
2077,R_26S_PU4_SRWWTP,4839,,26S_PU4,SRWWTP,3887.45472839043,1,4,12,True,2025-10-16 23:35:26.856535+00:00,2,2025-10-16 23:35:26.856535+00:00,2
2078,R_26S_PU5_SRWWTP,4840,,26S_PU5,SRWWTP,12966.8460793539,1,4,12,True,2025-10-16 23:35:26.856535+00:00,2,2025-10-16 23:35:26.856535+00:00,2
2079,R_26S_PU6_SRWWTP,4841,,26S_PU6,SRWWTP,23289.1732320922,1,4,12,True,2025-10-16 23:35:26.856535+00:00,2,2025-10-16 23:35:26.856535+00:00,2
2080,R_50_PA1_SJR056,4842,,50_PA1,SJR056,13335.937585235,1,4,12,True,2025-10-16 23:35:26.856535+00:00,2,2025-10-16 23:35:26.856535+00:00,2
2081,R_50_PA2_OMR027,4843,,50_PA2,OMR027,8537.16484448901,1,4,12,True,2025-10-16 23:35:26.856535+00:00,2,2025-10-16 23:35:26.856535+00:00,2
2082,R_50_PU_TCWWTP,4844,,50_PU,TCWWTP,2904.03809999861,1,4,12,True,2025-10-16 23:35:26.856535+00:00,2,2025-10-16 23:35:26.856535+00:00,2
2083,R_60N_NA1_DSC026,4845,,60N_NA1,DSC026,8492.85699999984,1,4,12,True,2025-10-16 23:35:26.856535+00:00,2,2025-10-16 23:35:26.856535+00:00,2
2084,R_60N_NA2_CSM005,4846,,60N_NA2,CSM005,13292.1664999994,1,4,12,True,2025-10-16 23:35:26.856535+00:00,2,2025-10-16 23:35:26.856535+00:00,2
2085,R_60N_NA3_SJR028,4847,,60N_NA3,SJR028,30169.3290999997,1,4,12,True,2025-10-16 23:35:26.856535+00:00,2,2025-10-16 23:35:26.856535+00:00,2
2086,R_60N_NA4_SJR022,4848,,60N_NA4,SJR022,20788.1008999981,1,4,12,True,2025-10-16 23:35:26.856535+00:00,2,2025-10-16 23:35:26.856535+00:00,2
2087,R_60N_NA5_MOK028,4849,,60N_NA5,MOK028,15036.0891412546,1,4,12,True,2025-10-16 23:35:26.856535+00:00,2,2025-10-16 23:35:26.856535+00:00,2
2088,R_60N_NU1_WSWWTP,4850,,60N_NU1,WSWWTP,14062.9150999989,1,4,12,True,2025-10-16 23:35:26.856535+00:00,2,2025-10-16 23:35:26.856535+00:00,2
2089,R_60S_NU1_STWWTP,4851,,60S_NU1,STWWTP,6444.97219999973,1,4,12,True,2025-10-16 23:35:26.856535+00:00,2,2025-10-16 23:35:26.856535+00:00,2
2090,R_60S_PA1_SDC001,4852,,60S_PA1,SDC001,15737.1285999995,1,4,12,True,2025-10-16 23:35:26.856535+00:00,2,2025-10-16 23:35:26.856535+00:00,2
2091,R_60S_PA2_FCS007,4853,,60S_PA2,FCS007,13600.7643999998,1,4,12,True,2025-10-16 23:35:26.856535+00:00,2,2025-10-16 23:35:26.856535+00:00,2
2092,R_61_NA2_RFS61D,4854,,61_NA2,RFS61D,6038.28799999971,1,4,12,True,2025-10-16 23:35:26.856535+00:00,2,2025-10-16 23:35:26.856535+00:00,2
2093,R_61_NA3_TUO003,4856,,61_NA3,TUO003,3627.21775349469,1,4,12,True,2025-10-16 23:35:26.856535+00:00,2,2025-10-16 23:35:26.856535+00:00,2
2094,R_61_NA4_SJR072,4857,,61_NA4,SJR072,25774.4819315873,1,4,12,True,2025-10-16 23:35:26.856535+00:00,2,2025-10-16 23:35:26.856535+00:00,2
2095,R_61_NA5_RFS61A,4858,,61_NA5,RFS61A,3172.85500000045,1,4,12,True,2025-10-16 23:35:26.856535+00:00,2,2025-10-16 23:35:26.856535+00:00,2
2096,R_61_NU1_MOWWTP,4860,,61_NU1,MOWWTP,4489.1099999994,1,4,12,True,2025-10-16 23:35:26.856535+00:00,2,2025-10-16 23:35:26.856535+00:00,2
2097,R_61_NU2_MAWWTP,4861,,61_NU2,MAWWTP,3995.72339999955,1,4,12,True,2025-10-16 23:35:26.856535+00:00,2,2025-10-16 23:35:26.856535+00:00,2
2098,R_61_PA1_RFS61C,4862,,61_PA1,RFS61C,11576.9363581781,1,4,12,True,2025-10-16 23:35:26.856535+00:00,2,2025-10-16 23:35:26.856535+00:00,2
2099,R_61_PA2_RFS61B,4863,,61_PA2,RFS61B,3764.05900000036,1,4,12,True,2025-10-16 23:35:26.856535+00:00,2,2025-10-16 23:35:26.856535+00:00,2
2100,R_61_PA3_RFS61C,4864,,SJR,RFS61C,2843.75352280716,1,4,12,True,2025-10-16 23:35:26.856535+00:00,2,2025-10-16 23:35:26.856535+00:00,2
2101,R_62_NA2_MCD028,4865,,62_NA2,MCD028,9610.83003512141,1,4,12,True,2025-10-16 23:35:26.856535+00:00,2,2025-10-16 23:35:26.856535+00:00,2
2102,R_62_NA3_MCD021,4866,,62_NA3,MCD021,16829.2721778679,1,4,12,True,2025-10-16 23:35:26.856535+00:00,2,2025-10-16 23:35:26.856535+00:00,2
2103,R_62_NA3_SJR082,4867,,62_NA3,SJR082,36822.9835827968,1,4,12,True,2025-10-16 23:35:26.856535+00:00,2,2025-10-16 23:35:26.856535+00:00,2
2104,R_62_NA3_TUO022,4868,,62_NA3,TUO22,12832.1861566501,1,4,12,True,2025-10-16 23:35:26.856535+00:00,2,2025-10-16 23:35:26.856535+00:00,2
2105,R_62_NA4_TUO003,4869,,62_NA4,TUO003,5570.40010225287,1,4,12,True,2025-10-16 23:35:26.856535+00:00,2,2025-10-16 23:35:26.856535+00:00,2
2106,R_62_NA5_SJR082,4870,,62_NA5,SJR082,13502.805448045,1,4,12,True,2025-10-16 23:35:26.856535+00:00,2,2025-10-16 23:35:26.856535+00:00,2
2107,R_62_NA6_MCD028,4871,,62_NA6,MCD028,15868.1767263445,1,4,12,True,2025-10-16 23:35:26.856535+00:00,2,2025-10-16 23:35:26.856535+00:00,2
2108,R_62_NU_TKWWTP,4872,,62_NU,TKWWTP,4000.0,1,4,12,True,2025-10-16 23:35:26.856535+00:00,2,2025-10-16 23:35:26.856535+00:00,2
2109,R_63_NA2_MCD028,4873,,63_NA2,MCD028,5549.75450000074,1,4,12,True,2025-10-16 23:35:26.856535+00:00,2,2025-10-16 23:35:26.856535+00:00,2
2110,R_63_NA3_MCD028,4874,,63_NA3,MCD028,13225.6391000003,1,4,12,True,2025-10-16 23:35:26.856535+00:00,2,2025-10-16 23:35:26.856535+00:00,2
2111,R_63_NA4_SJR117,4876,,63_NA4,SJR117,7873.45136288513,1,4,12,True,2025-10-16 23:35:26.856535+00:00,2,2025-10-16 23:35:26.856535+00:00,2
2112,R_63_NU_RFS63,4877,,63_NU,RFS63,3470.51360000018,1,4,12,True,2025-10-16 23:35:26.856535+00:00,2,2025-10-16 23:35:26.856535+00:00,2
2113,R_63_PR1_ESC000,4879,,63_PR1,ESC000,2530.47509462929,1,4,12,True,2025-10-16 23:35:26.856535+00:00,2,2025-10-16 23:35:26.856535+00:00,2
2114,R_63_PR2_EBP041,4880,,63_PR2,EBP041,6555.06891841692,1,4,12,True,2025-10-16 23:35:26.856535+00:00,2,2025-10-16 23:35:26.856535+00:00,2
2115,R_63_PR3_SJR134,4881,,63_PR3,SJR134,5314.26063218356,1,4,12,True,2025-10-16 23:35:26.856535+00:00,2,2025-10-16 23:35:26.856535+00:00,2
2116,R_64_NA2_EBP030,4882,,64_NA2,EBP030,15908.3531507047,1,4,12,True,2025-10-16 23:35:26.856535+00:00,2,2025-10-16 23:35:26.856535+00:00,2
2117,R_64_PA1_EBP016,4883,,64_PA1,EBP016,28604.3091370175,1,4,12,True,2025-10-16 23:35:26.856535+00:00,2,2025-10-16 23:35:26.856535+00:00,2
2118,R_64_PA2_RFS64,4885,,64_PA2,RFS64,12379.903274811,1,4,12,True,2025-10-16 23:35:26.856535+00:00,2,2025-10-16 23:35:26.856535+00:00,2
2119,R_64_PA3_EBP016,4886,,64_PA3,EBP016,14186.723711494,1,4,12,True,2025-10-16 23:35:26.856535+00:00,2,2025-10-16 23:35:26.856535+00:00,2
2120,R_64_XA_SJR185,4887,,64_XA,SJR185,13080.9914999986,1,4,12,True,2025-10-16 23:35:26.856535+00:00,2,2025-10-16 23:35:26.856535+00:00,2
2121,R_71_NA1_SJR091,4888,,71_NA1,SJR091,13524.0381399838,1,4,12,True,2025-10-16 23:35:26.856535+00:00,2,2025-10-16 23:35:26.856535+00:00,2
2122,R_71_NA2_SJR070,4889,,71_NA2,SJR070,3000.0,1,4,12,True,2025-10-16 23:35:26.856535+00:00,2,2025-10-16 23:35:26.856535+00:00,2
2123,R_71_PA1_SJR075,4890,,71_PA1,SJR075,9474.33237748833,1,4,12,True,2025-10-16 23:35:26.856535+00:00,2,2025-10-16 23:35:26.856535+00:00,2
2124,R_71_PA2_SJR075,4891,,71_PA2,SJR075,11676.1345794942,1,4,12,True,2025-10-16 23:35:26.856535+00:00,2,2025-10-16 23:35:26.856535+00:00,2
2125,R_71_PA3_WWW001,4892,,71_PA3,WWW001,3203.67929999903,1,4,12,True,2025-10-16 23:35:26.856535+00:00,2,2025-10-16 23:35:26.856535+00:00,2
2126,R_71_PA4_SJR091,4893,,71_PA4,SJR091,7048.67830625567,1,4,12,True,2025-10-16 23:35:26.856535+00:00,2,2025-10-16 23:35:26.856535+00:00,2
2127,R_71_PA5_SJR106,4895,,71_PA5,SJR106,11117.1336191344,1,4,12,True,2025-10-16 23:35:26.856535+00:00,2,2025-10-16 23:35:26.856535+00:00,2
2128,R_71_PA6_NMW004,4896,,71_PA6,NMW004,12371.317819071,1,4,12,True,2025-10-16 23:35:26.856535+00:00,2,2025-10-16 23:35:26.856535+00:00,2
2129,R_71_PA6_XCC054,4897,,71_PA6,XCC054,4331.50506057496,1,4,12,True,2025-10-16 23:35:26.856535+00:00,2,2025-10-16 23:35:26.856535+00:00,2
2130,R_71_PA7_SJR091,4898,,71_PA7,SJR091,19096.779629617,1,4,12,True,2025-10-16 23:35:26.856535+00:00,2,2025-10-16 23:35:26.856535+00:00,2
2131,R_71_PA8_RFS71A,4899,,71_PA8,RFS71A,2600.0,1,4,12,True,2025-10-16 23:35:26.856535+00:00,2,2025-10-16 23:35:26.856535+00:00,2
2132,R_72_NA1_SJR106,4900,,72_NA1,SJR106,7675.51942489703,1,4,12,True,2025-10-16 23:35:26.856535+00:00,2,2025-10-16 23:35:26.856535+00:00,2
2133,R_72_PA_MSS014,4901,,72_PA,MSS014,12428.2628623518,1,4,12,True,2025-10-16 23:35:26.856535+00:00,2,2025-10-16 23:35:26.856535+00:00,2
2134,R_72_PR1_LBN012,4902,,72_PR1,LBN012,6262.13550000079,1,4,12,True,2025-10-16 23:35:26.856535+00:00,2,2025-10-16 23:35:26.856535+00:00,2
2135,R_72_PR2_MSN004,4903,,72_PR2,MSN004,2114.20360000059,1,4,12,True,2025-10-16 23:35:26.856535+00:00,2,2025-10-16 23:35:26.856535+00:00,2
2136,R_72_PR3_SAL006,4904,,72_PR3,SAL006,7631.66068489019,1,4,12,True,2025-10-16 23:35:26.856535+00:00,2,2025-10-16 23:35:26.856535+00:00,2
2137,R_72_PR4_SAL006,4905,,72_PR4,SAL006,5541.62732134371,1,4,12,True,2025-10-16 23:35:26.856535+00:00,2,2025-10-16 23:35:26.856535+00:00,2
2138,R_72_PR5_MSN009,4906,,72_PR5,MSN009,9219.22527548747,1,4,12,True,2025-10-16 23:35:26.856535+00:00,2,2025-10-16 23:35:26.856535+00:00,2
2139,R_72_PR6_MSS014,4907,,72_PR6,MSS014,4980.27203752663,1,4,12,True,2025-10-16 23:35:26.856535+00:00,2,2025-10-16 23:35:26.856535+00:00,2
2140,R_72_XA1_SAL017,4908,,72_XA1,SAL017,9940.70610874473,1,4,12,True,2025-10-16 23:35:26.856535+00:00,2,2025-10-16 23:35:26.856535+00:00,2
2141,R_72_XA2_SAL017,4909,,72_XA2,SAL017,30775.800427269,1,4,12,True,2025-10-16 23:35:26.856535+00:00,2,2025-10-16 23:35:26.856535+00:00,2
2142,R_72_XA3_MSN004,4910,,72_XA3,MSN004,6919.94937196855,1,4,12,True,2025-10-16 23:35:26.856535+00:00,2,2025-10-16 23:35:26.856535+00:00,2
2143,R_72_XA3_SJR106,4911,,72_XA3,SJR106,16695.4735764586,1,4,12,True,2025-10-16 23:35:26.856535+00:00,2,2025-10-16 23:35:26.856535+00:00,2
2144,R_73_PA1_LBN025,4912,,73_PA1,LBN025,12036.9432572931,1,4,12,True,2025-10-16 23:35:26.856535+00:00,2,2025-10-16 23:35:26.856535+00:00,2
2145,R_73_PA2_SLD027,4913,,73_PA2,SLD027,7713.24831514295,1,4,12,True,2025-10-16 23:35:26.856535+00:00,2,2025-10-16 23:35:26.856535+00:00,2
2146,R_73_PA3_SLD027,4914,,73_PA3,SLD027,17936.6858692422,1,4,12,True,2025-10-16 23:35:26.856535+00:00,2,2025-10-16 23:35:26.856535+00:00,2
2147,R_73_XA_SLD027,4915,,73_XA,SLD027,29527.9419,1,4,12,True,2025-10-16 23:35:26.856535+00:00,2,2025-10-16 23:35:26.856535+00:00,2
2148,R_91_PA_FSL012,4916,,91_PA,FSL012,1796.91250519648,1,4,12,True,2025-10-16 23:35:26.856535+00:00,2,2025-10-16 23:35:26.856535+00:00,2
2149,R_91_PR_FSL005,4917,,91_PR,FSL005,2840.81589999981,1,4,12,True,2025-10-16 23:35:26.856535+00:00,2,2025-10-16 23:35:26.856535+00:00,2
2150,R_AWWWTP_ESC000,4918,AWWWTP,AWWWTP,ESC000,16674.7836029957,1,4,12,True,2025-10-16 23:35:26.856535+00:00,2,2025-10-16 23:35:26.856535+00:00,2
2151,R_CCWWTP_SAC287,4920,CCWWTP,CCWWTP,SAC287,456.729352508282,1,4,12,True,2025-10-16 23:35:26.856535+00:00,2,2025-10-16 23:35:26.856535+00:00,2
2152,R_CHWWTP_SAC195,4921,CHWWTP,CHWWTP,SAC195,2713.69050000049,1,4,12,True,2025-10-16 23:35:26.856535+00:00,2,2025-10-16 23:35:26.856535+00:00,2
2153,R_DCWWTP_DCK012,4922,DCWWTP,DCWWTP,DCK012,349.196299999952,1,4,12,True,2025-10-16 23:35:26.856535+00:00,2,2025-10-16 23:35:26.856535+00:00,2
2154,R_DVWWTP_WSB005,4924,DVWWTP,DVWWTP,WSB005,928.985400000587,1,4,12,True,2025-10-16 23:35:26.856535+00:00,2,2025-10-16 23:35:26.856535+00:00,2
2155,R_DWRPS1_SBP012,4925,DWRPS,DWRPS1,SBP012,876.274099999107,1,4,12,True,2025-10-16 23:35:26.856535+00:00,2,2025-10-16 23:35:26.856535+00:00,2
2156,R_DWRPS2_SBP021,4926,DWRPS,DWRPS2,SBP021,1009.75463536348,1,4,12,True,2025-10-16 23:35:26.856535+00:00,2,2025-10-16 23:35:26.856535+00:00,2
2157,R_EAWWTP_CSL005,4927,EAWWTP,EAWWTP,CSL005,24833.2112922709,1,4,12,True,2025-10-16 23:35:26.856535+00:00,2,2025-10-16 23:35:26.856535+00:00,2
2158,R_EDWWTP_DEE020,4928,EDWWTP,EDWWTP,DEE020,14457.4566234133,1,4,12,True,2025-10-16 23:35:26.856535+00:00,2,2025-10-16 23:35:26.856535+00:00,2
2159,R_ELDID_EDWWTP,4929,ELDID,ELDID,EDWWTP,5108.97140000015,1,4,12,True,2025-10-16 23:35:26.856535+00:00,2,2025-10-16 23:35:26.856535+00:00,2
2160,R_ELDID_NA2,4930,ELDID,ELDID_NA2,HTWWTP,2261.32064582784,1,4,12,True,2025-10-16 23:35:26.856535+00:00,2,2025-10-16 23:35:26.856535+00:00,2
2161,R_GRSVL_WLF017,4934,GRSVL,GRSVL,WLF017,5535.3973999992,1,4,12,True,2025-10-16 23:35:26.856535+00:00,2,2025-10-16 23:35:26.856535+00:00,2
2162,R_HTWWTP_WBR011,4936,HTWWTP,HTWWTP,WBR011,1892.42787466416,1,4,12,True,2025-10-16 23:35:26.856535+00:00,2,2025-10-16 23:35:26.856535+00:00,2
2163,R_JBC008_FTR048,4937,JBC,JBC008,FTR048,91.3851000792218,1,4,12,True,2025-10-16 23:35:26.856535+00:00,2,2025-10-16 23:35:26.856535+00:00,2
2164,R_LCCWD_MFF095,4938,LCCWD,LCCWD,MFF095,14452.5131999999,1,4,12,True,2025-10-16 23:35:26.856535+00:00,2,2025-10-16 23:35:26.856535+00:00,2
2165,R_LCWWTP_FTR025,4939,LCWWTP,LCWWTP,FTR025,1110.20970000047,1,4,12,True,2025-10-16 23:35:26.856535+00:00,2,2025-10-16 23:35:26.856535+00:00,2
2166,R_LKPNE_BRR031,4940,LKPNE,LKPNE,BRR031,6983.41042634293,1,4,12,True,2025-10-16 23:35:26.856535+00:00,2,2025-10-16 23:35:26.856535+00:00,2
2167,R_MAWWTP_SJR05,4941,MAWWTP,MAWWTP,SJR056,4216.08330699532,1,4,12,True,2025-10-16 23:35:26.856535+00:00,2,2025-10-16 23:35:26.856535+00:00,2
2168,R_MAWWTP_SJR056,4942,MAWWTP,MAWWTP,SJR056,4433.09162485663,1,4,12,True,2025-10-16 23:35:26.856535+00:00,2,2025-10-16 23:35:26.856535+00:00,2
2169,R_MDWWTP_OWN011,4943,MDWWTP,MDWWTP,OWN011,3516.80769999977,1,4,12,True,2025-10-16 23:35:26.856535+00:00,2,2025-10-16 23:35:26.856535+00:00,2
2170,R_MNRRH_FTR072,4944,MNRRH,MNRRH,FTR072,4108.05611577627,1,4,12,True,2025-10-16 23:35:26.856535+00:00,2,2025-10-16 23:35:26.856535+00:00,2
2171,R_MOWWTP_TUO010,4945,MOWWTP,MOWWTP,TUO010,7778.73820000049,1,4,12,True,2025-10-16 23:35:26.856535+00:00,2,2025-10-16 23:35:26.856535+00:00,2
2172,R_NIDB1_DHC021,4946,NIDB,NIDB1,DHC021,17182.5821251698,1,4,12,True,2025-10-16 23:35:26.856535+00:00,2,2025-10-16 23:35:26.856535+00:00,2
2173,R_NIDD1_DER011,4947,NIDD,NIDD1,DER011,5664.8275000006,1,4,12,True,2025-10-16 23:35:26.856535+00:00,2,2025-10-16 23:35:26.856535+00:00,2
2174,R_NIDD1_WLF017,4948,NIDD,NIDD1,WLF017,3723.20341881473,1,4,12,True,2025-10-16 23:35:26.856535+00:00,2,2025-10-16 23:35:26.856535+00:00,2
2175,R_NIDD2_DER002,4949,NIDD,NIDD2,DER002,5440.9964398115,1,4,12,True,2025-10-16 23:35:26.856535+00:00,2,2025-10-16 23:35:26.856535+00:00,2
2176,R_ORWWTP_FTR063,4954,ORWWTP,ORWWTP,FTR063,1450.49656375555,1,4,12,True,2025-10-16 23:35:26.856535+00:00,2,2025-10-16 23:35:26.856535+00:00,2
2177,R_PGWWTP_CRC002,4955,PGWWTP,PGWWTP,CRC002,20399.6784717387,1,4,12,True,2025-10-16 23:35:26.856535+00:00,2,2025-10-16 23:35:26.856535+00:00,2
2178,R_PLMAS_MFF088,4956,PLMAS,PLMAS,MFF088,2892.26120000053,1,4,12,True,2025-10-16 23:35:26.856535+00:00,2,2025-10-16 23:35:26.856535+00:00,2
2179,R_RFS11_BGD000,4957,RFS,RFS11,BGD000,3465.74139999971,1,4,12,True,2025-10-16 23:35:26.856535+00:00,2,2025-10-16 23:35:26.856535+00:00,2
2180,R_RFS11_WWC006,4958,RFS,RFS11,WWC006,31549.762503107,1,4,12,True,2025-10-16 23:35:26.856535+00:00,2,2025-10-16 23:35:26.856535+00:00,2
2181,R_RFS13_HON004,4959,RFS,RFS13,HON004,14278.7583365627,1,4,12,True,2025-10-16 23:35:26.856535+00:00,2,2025-10-16 23:35:26.856535+00:00,2
2182,R_RFS14_JCK002,4960,RFS,RFS14,JCK002,18763.1345972571,1,4,12,True,2025-10-16 23:35:26.856535+00:00,2,2025-10-16 23:35:26.856535+00:00,2
2183,R_RFS14_YUB014,4961,RFS,RFS14,YUB014,8620.48439999949,1,4,12,True,2025-10-16 23:35:26.856535+00:00,2,2025-10-16 23:35:26.856535+00:00,2
2184,R_RFS18_SAC122,4962,RFS,RFS18,SAC122,3789.89693131113,1,4,12,True,2025-10-16 23:35:26.856535+00:00,2,2025-10-16 23:35:26.856535+00:00,2
2185,R_RFS18_SBP021,4963,RFS,RFS18,SBP021,5028.56830128861,1,4,12,True,2025-10-16 23:35:26.856535+00:00,2,2025-10-16 23:35:26.856535+00:00,2
2186,R_RFS22_EMD001,4964,RFS,RFS22,EMD001,10238.6473000003,1,4,12,True,2025-10-16 23:35:26.856535+00:00,2,2025-10-16 23:35:26.856535+00:00,2
2187,R_RFS22_SAC066,4965,RFS,RFS22,SAC066,7546.83928701568,1,4,12,True,2025-10-16 23:35:26.856535+00:00,2,2025-10-16 23:35:26.856535+00:00,2
2188,R_RFS23_BRR004,4966,RFS,RFS23,BRR004,2632.95037713325,1,4,12,True,2025-10-16 23:35:26.856535+00:00,2,2025-10-16 23:35:26.856535+00:00,2
2189,R_RFS23_CCK007,4967,RFS,RFS23,CCK007,6402.61449999921,1,4,12,True,2025-10-16 23:35:26.856535+00:00,2,2025-10-16 23:35:26.856535+00:00,2
2190,R_RFS25_CSL005,4968,RFS,RFS25,CSL005,31988.1672341126,1,4,12,True,2025-10-16 23:35:26.856535+00:00,2,2025-10-16 23:35:26.856535+00:00,2
2191,R_RFS26N_DCWWTP,4969,RFS,RFS26N,DCWWTP,5832.72890000045,1,4,12,True,2025-10-16 23:35:26.856535+00:00,2,2025-10-16 23:35:26.856535+00:00,2
2192,R_RFS26N_PGWWTP,4970,RFS,RFS26N,PGWWTP,5239.3543000007,1,4,12,True,2025-10-16 23:35:26.856535+00:00,2,2025-10-16 23:35:26.856535+00:00,2
2193,R_RFS26S_AMR020,4971,RFS,RFS26S,AMR020,4177.62617838688,1,4,12,True,2025-10-16 23:35:26.856535+00:00,2,2025-10-16 23:35:26.856535+00:00,2
2194,R_RFS26S_SRWWTP,4972,RFS,RFS26S,SRWWTP,33886.084121855,1,4,12,True,2025-10-16 23:35:26.856535+00:00,2,2025-10-16 23:35:26.856535+00:00,2
2195,R_RFS61A_SJR072,4973,RFS,RFS61A,SJR072,6208.07861643509,1,4,12,True,2025-10-16 23:35:26.856535+00:00,2,2025-10-16 23:35:26.856535+00:00,2
2196,R_RFS61A_SJR075,4974,RFS,RFS61A,SJR075,5499.81046840553,1,4,12,True,2025-10-16 23:35:26.856535+00:00,2,2025-10-16 23:35:26.856535+00:00,2
2197,R_RFS61B_STS036,4975,RFS,RFS61B,STS036,4029.22959999833,1,4,12,True,2025-10-16 23:35:26.856535+00:00,2,2025-10-16 23:35:26.856535+00:00,2
2198,R_RFS61B_TUO017,4976,RFS,RFS61B,TUO017,19617.5817474922,1,4,12,True,2025-10-16 23:35:26.856535+00:00,2,2025-10-16 23:35:26.856535+00:00,2
2199,R_RFS61C_SJR056,4977,RFS,RFS61C,SJR056,27519.9264875073,1,4,12,True,2025-10-16 23:35:26.856535+00:00,2,2025-10-16 23:35:26.856535+00:00,2
2200,R_RFS61C_STS030,4978,RFS,RFS61C,STS030,2620.37449999899,1,4,12,True,2025-10-16 23:35:26.856535+00:00,2,2025-10-16 23:35:26.856535+00:00,2
2201,R_RFS61D_RFS61A,4979,RFS,RFS61D,RFS61A,17470.6116263527,1,4,12,True,2025-10-16 23:35:26.856535+00:00,2,2025-10-16 23:35:26.856535+00:00,2
2202,R_RFS61D_STS030,4980,RFS,RFS61D,STS030,8707.62916449869,1,4,12,True,2025-10-16 23:35:26.856535+00:00,2,2025-10-16 23:35:26.856535+00:00,2
2203,R_RFS61D_TUO017,4981,RFS,RFS61D,TUO017,6021.85620000027,1,4,12,True,2025-10-16 23:35:26.856535+00:00,2,2025-10-16 23:35:26.856535+00:00,2
2204,R_RFS63_AWWWTP,4982,RFS,RFS63,AWWWTP,12667.4166999999,1,4,12,True,2025-10-16 23:35:26.856535+00:00,2,2025-10-16 23:35:26.856535+00:00,2
2205,R_RFS63_MDWWTP,4983,RFS,RFS63,MDWWTP,4144.43280000053,1,4,12,True,2025-10-16 23:35:26.856535+00:00,2,2025-10-16 23:35:26.856535+00:00,2
2206,R_RFS64_EBP022,4985,RFS,RFS64,EBP022,5390.7229000004,1,4,12,True,2025-10-16 23:35:26.856535+00:00,2,2025-10-16 23:35:26.856535+00:00,2
2207,R_RFS71A_OMR039,4986,RFS,RFS71A,OMR039,11427.8126192242,1,4,12,True,2025-10-16 23:35:26.856535+00:00,2,2025-10-16 23:35:26.856535+00:00,2
2208,R_RFS8S_SAC093,4987,RFS,RFS8S,SAC093,9450.91624950279,1,4,12,True,2025-10-16 23:35:26.856535+00:00,2,2025-10-16 23:35:26.856535+00:00,2
2209,R_RFS8S_SAC097,4988,RFS,RFS8S,SAC097,6663.17520000041,1,4,12,True,2025-10-16 23:35:26.856535+00:00,2,2025-10-16 23:35:26.856535+00:00,2
2210,R_SRWWTP_SAC048,4989,SRWWTP,SRWWTP,SAC048,3605.13907355504,1,4,12,True,2025-10-16 23:35:26.856535+00:00,2,2025-10-16 23:35:26.856535+00:00,2
2211,R_STWWTP_SJR042,4990,STWWTP,STWWTP,SJR042,252.613600000739,1,4,12,True,2025-10-16 23:35:26.856535+00:00,2,2025-10-16 23:35:26.856535+00:00,2
2212,R_SWWWTP_SAC281,4991,SWWWTP,SWWWTP,SAC281,844.478500001132,1,4,12,True,2025-10-16 23:35:26.856535+00:00,2,2025-10-16 23:35:26.856535+00:00,2
2213,R_TCWWTP_OMR039,4992,TCWWTP,TCWWTP,OMR039,4075.46765851486,1,4,12,True,2025-10-16 23:35:26.856535+00:00,2,2025-10-16 23:35:26.856535+00:00,2
2214,R_TKWWTP_SJR101,4993,TKWWTP,TKWWTP,SJR101,15581.5036119888,1,4,12,True,2025-10-16 23:35:26.856535+00:00,2,2025-10-16 23:35:26.856535+00:00,2
2215,R_WLDWD_DER004,4994,WLDWD,WLDWD,DER004,3565.8479000004,1,4,12,True,2025-10-16 23:35:26.856535+00:00,2,2025-10-16 23:35:26.856535+00:00,2
2216,R_WLWWTP_YBP032,4995,WLWWTP,WLWWTP,YBP032,5345.64274706448,1,4,12,True,2025-10-16 23:35:26.856535+00:00,2,2025-10-16 23:35:26.856535+00:00,2
2217,R_WSWWTP_SJR028,4996,WSWWTP,WSWWTP,SJR028,14967.7433000002,1,4,12,True,2025-10-16 23:35:26.856535+00:00,2,2025-10-16 23:35:26.856535+00:00,2
2218,R_YCWWTP_FTR028,4997,YCWWTP,YCWWTP,FTR028,2705.16968243478,1,4,12,True,2025-10-16 23:35:26.856535+00:00,2,2025-10-16 23:35:26.856535+00:00,2
2219,"SG197_MOK014_30
",5301,MOK,,MOK014,2018.5338992263,1,4,12,True,2025-10-16 23:35:26.856535+00:00,2,2025-10-16 23:35:26.856535+00:00,2
2220,"SG198_MOK004_30
",5303,MOK,,MOK004,2607.96411451156,1,4,12,True,2025-10-16 23:35:26.856535+00:00,2,2025-10-16 23:35:26.856535+00:00,2
2221,"SG205_SAC296_32
",5310,SAC,,SAC296,1646.88464007258,1,4,12,True,2025-10-16 23:35:26.856535+00:00,2,2025-10-16 23:35:26.856535+00:00,2
2222,"SG206_SAC294_32
",5312,SAC,,SAC294,1748.24608237551,1,4,12,True,2025-10-16 23:35:26.856535+00:00,2,2025-10-16 23:35:26.856535+00:00,2
2223,"SG207_SAC289_32
",5314,SAC,,SAC289,1821.04239184177,1,4,12,True,2025-10-16 23:35:26.856535+00:00,2,2025-10-16 23:35:26.856535+00:00,2
2224,"SG208_SAC287_32
",5316,SAC,,SAC287,2027.42866977293,1,4,12,True,2025-10-16 23:35:26.856535+00:00,2,2025-10-16 23:35:26.856535+00:00,2
2225,"SG209_SAC281_32
",5318,SAC,,SAC281,2506.7601230307,1,4,12,True,2025-10-16 23:35:26.856535+00:00,2,2025-10-16 23:35:26.856535+00:00,2
2226,SG210_SAC277_32,5319,SAC,,SAC277,2531.48603173324,1,4,12,True,2025-10-16 23:35:26.856535+00:00,2,2025-10-16 23:35:26.856535+00:00,2
2227,"SG211_COW014_33
",5321,COW,,COW014,2170.74020273729,1,4,12,True,2025-10-16 23:35:26.856535+00:00,2,2025-10-16 23:35:26.856535+00:00,2
2228,"SG212_COW007_33
",5323,COW,,COW007,1924.56721025873,1,4,12,True,2025-10-16 23:35:26.856535+00:00,2,2025-10-16 23:35:26.856535+00:00,2
2229,SG213_COW003_33,5324,COW,,COW003,2039.46306748672,1,4,12,True,2025-10-16 23:35:26.856535+00:00,2,2025-10-16 23:35:26.856535+00:00,2
2230,"SG214_COW003_33

",5326,COW,,COW003,2081.11591311095,1,4,12,True,2025-10-16 23:35:26.856535+00:00,2,2025-10-16 23:35:26.856535+00:00,2
2231,"SG215_SAC277_34
",5328,SAC,,SAC277,2527.86528843591,1,4,12,True,2025-10-16 23:35:26.856535+00:00,2,2025-10-16 23:35:26.856535+00:00,2
2232,"SG216_SAC275_34
",5330,SAC,,SAC275,2365.16863603339,1,4,12,True,2025-10-16 23:35:26.856535+00:00,2,2025-10-16 23:35:26.856535+00:00,2
2233,SG217_SAC269_34,5331,SAC,,SAC269,2314.07237875866,1,4,12,True,2025-10-16 23:35:26.856535+00:00,2,2025-10-16 23:35:26.856535+00:00,2
2234,"SG218_CWD004_35
",5333,CWD,,CWD004,516.290126510456,1,4,12,True,2025-10-16 23:35:26.856535+00:00,2,2025-10-16 23:35:26.856535+00:00,2
2235,SG219_CWD003_35,5334,CWD,,CWD003,513.897042191354,1,4,12,True,2025-10-16 23:35:26.856535+00:00,2,2025-10-16 23:35:26.856535+00:00,2
2236,"SG220_BTL006_36
",5336,BTL,,BTL006,1830.73578849876,1,4,12,True,2025-10-16 23:35:26.856535+00:00,2,2025-10-16 23:35:26.856535+00:00,2
2237,SG221_BTL006_36,5337,BTL,,BTL006,1915.24740772403,1,4,12,True,2025-10-16 23:35:26.856535+00:00,2,2025-10-16 23:35:26.856535+00:00,2
2238,"SG222_SAC269_37
",5339,SAC,,SAC269,2324.96133402302,1,4,12,True,2025-10-16 23:35:26.856535+00:00,2,2025-10-16 23:35:26.856535+00:00,2
2239,"SG223_SAC265_37
",5341,SAC,,SAC265,2415.97158836138,1,4,12,True,2025-10-16 23:35:26.856535+00:00,2,2025-10-16 23:35:26.856535+00:00,2
2240,SG224_SAC259_37,5342,SAC,,SAC259,1773.92556242187,1,4,12,True,2025-10-16 23:35:26.856535+00:00,2,2025-10-16 23:35:26.856535+00:00,2
2241,"SG225_PYN001_38
",5344,PYN,,PYN001,188.869799426483,1,4,12,True,2025-10-16 23:35:26.856535+00:00,2,2025-10-16 23:35:26.856535+00:00,2
2242,SG226_PYN001_38,5345,PYN,,PYN001,194.008759673834,1,4,12,True,2025-10-16 23:35:26.856535+00:00,2,2025-10-16 23:35:26.856535+00:00,2
2243,"SG227_SAC259_39
",5347,SAC,,SAC259,1788.88867954648,1,4,12,True,2025-10-16 23:35:26.856535+00:00,2,2025-10-16 23:35:26.856535+00:00,2
2244,"SG228_SAC254_39
",5349,SAC,,SAC254,2883.64003294567,1,4,12,True,2025-10-16 23:35:26.856535+00:00,2,2025-10-16 23:35:26.856535+00:00,2
2245,"SG229_SAC250_39
",5351,SAC,,SAC250,2370.32896222951,1,4,12,True,2025-10-16 23:35:26.856535+00:00,2,2025-10-16 23:35:26.856535+00:00,2
2246,"SG230_SAC247_39
",5353,SAC,,SAC247,2341.56705432835,1,4,12,True,2025-10-16 23:35:26.856535+00:00,2,2025-10-16 23:35:26.856535+00:00,2
2247,"SG231_SAC240_39
",5355,SAC,,SAC240,2143.12369932967,1,4,12,True,2025-10-16 23:35:26.856535+00:00,2,2025-10-16 23:35:26.856535+00:00,2
2248,"SG232_SAC232_39
",5357,SAC,,SAC232,3328.03072575116,1,4,12,True,2025-10-16 23:35:26.856535+00:00,2,2025-10-16 23:35:26.856535+00:00,2
2249,"SG233_ANT010_40
",5359,ANT,,ANT010,1942.14764781415,1,4,12,True,2025-10-16 23:35:26.856535+00:00,2,2025-10-16 23:35:26.856535+00:00,2
2250,"SG234_ANT010_40
",5361,ANT,,ANT010,2141.78329212188,1,4,12,True,2025-10-16 23:35:26.856535+00:00,2,2025-10-16 23:35:26.856535+00:00,2
2251,SG235_SAC232_41,5362,SAC,,SAC232,3329.12705948934,1,4,12,True,2025-10-16 23:35:26.856535+00:00,2,2025-10-16 23:35:26.856535+00:00,2
2252,SG236_SAC228_41,5363,SAC,,SAC228,2659.25719259407,1,4,12,True,2025-10-16 23:35:26.856535+00:00,2,2025-10-16 23:35:26.856535+00:00,2
2253,"SG237_ELD027_42
",5365,ELD,,ELD027,2149.09186091835,1,4,12,True,2025-10-16 23:35:26.856535+00:00,2,2025-10-16 23:35:26.856535+00:00,2
2254,"SG238_ELD022_42
",5367,ELD,,ELD022,1624.43029145222,1,4,12,True,2025-10-16 23:35:26.856535+00:00,2,2025-10-16 23:35:26.856535+00:00,2
2255,"SG239_ELD017_42
",5369,ELD,,ELD017,1704.43430007869,1,4,12,True,2025-10-16 23:35:26.856535+00:00,2,2025-10-16 23:35:26.856535+00:00,2
2256,"SG240_ELD012_42
",5371,ELD,,ELD012,1997.92780727114,1,4,12,True,2025-10-16 23:35:26.856535+00:00,2,2025-10-16 23:35:26.856535+00:00,2
2257,SG241_ELD005_42,5372,ELD,,ELD005,1580.9265599519,1,4,12,True,2025-10-16 23:35:26.856535+00:00,2,2025-10-16 23:35:26.856535+00:00,2
2258,"SG242_ELD005_42
",5374,ELD,,ELD005,1570.79423911109,1,4,12,True,2025-10-16 23:35:26.856535+00:00,2,2025-10-16 23:35:26.856535+00:00,2
2259,"SG243_MLC006_43
",5376,MLC,,MLC006,2193.40009664225,1,4,12,True,2025-10-16 23:35:26.856535+00:00,2,2025-10-16 23:35:26.856535+00:00,2
2260,SG244_MLC004_43,5377,MLC,,MLC004,2314.01016912936,1,4,12,True,2025-10-16 23:35:26.856535+00:00,2,2025-10-16 23:35:26.856535+00:00,2
2261,"SG245_MLC004_43
",5379,MLC,,MLC004,2303.54142318379,1,4,12,True,2025-10-16 23:35:26.856535+00:00,2,2025-10-16 23:35:26.856535+00:00,2
2262,"SG246_SAC228_44
",5381,SAC,,SAC228,2617.4085989939,1,4,12,True,2025-10-16 23:35:26.856535+00:00,2,2025-10-16 23:35:26.856535+00:00,2
2263,"SG247_SAC224_44
",5383,SAC,,SAC224,2391.34686276913,1,4,12,True,2025-10-16 23:35:26.856535+00:00,2,2025-10-16 23:35:26.856535+00:00,2
2264,"SG248_THM026_45
",5385,THM,,THM026,3250.54823048819,1,4,12,True,2025-10-16 23:35:26.856535+00:00,2,2025-10-16 23:35:26.856535+00:00,2
2265,"SG249_THM021_45
",5387,THM,,THM021,3585.90058440971,1,4,12,True,2025-10-16 23:35:26.856535+00:00,2,2025-10-16 23:35:26.856535+00:00,2
2266,"SG250_THM017_45
",5389,THM,,THM017,3144.01650180855,1,4,12,True,2025-10-16 23:35:26.856535+00:00,2,2025-10-16 23:35:26.856535+00:00,2
2267,"SG251_THM012_45
",5391,THM,,THM012,2837.44926696288,1,4,12,True,2025-10-16 23:35:26.856535+00:00,2,2025-10-16 23:35:26.856535+00:00,2
2268,SG252_THM005_45,5392,THM,,THM005,1947.65509905343,1,4,12,True,2025-10-16 23:35:26.856535+00:00,2,2025-10-16 23:35:26.856535+00:00,2
2269,"SG253_THM005_45
",5394,THM,,THM005,1890.49528712914,1,4,12,True,2025-10-16 23:35:26.856535+00:00,2,2025-10-16 23:35:26.856535+00:00,2
2270,SG254_SAC224_46,5395,SAC,,SAC224,2406.14701662107,1,4,12,True,2025-10-16 23:35:26.856535+00:00,2,2025-10-16 23:35:26.856535+00:00,2
2271,SG255_SAC218_46,5396,SAC,,SAC218,1641.96438673432,1,4,12,True,2025-10-16 23:35:26.856535+00:00,2,2025-10-16 23:35:26.856535+00:00,2
2272,"SG256_DRC010_47
",5398,DRC,,DRC010,3184.85342219505,1,4,12,True,2025-10-16 23:35:26.856535+00:00,2,2025-10-16 23:35:26.856535+00:00,2
2273,"SG257_DRC005_47

",5400,DRC,,DRC005,2213.72394107996,1,4,12,True,2025-10-16 23:35:26.856535+00:00,2,2025-10-16 23:35:26.856535+00:00,2
2274,SG258_DRC005_47,5401,DRC,,DRC005,2264.04000132823,1,4,12,True,2025-10-16 23:35:26.856535+00:00,2,2025-10-16 23:35:26.856535+00:00,2
2275,"SG259_SAC218_48
",5403,SAC,,SAC218,1635.56502465268,1,4,12,True,2025-10-16 23:35:26.856535+00:00,2,2025-10-16 23:35:26.856535+00:00,2
2276,"SG260_SAC214_48
",5405,SAC,,SAC214,1829.93065531635,1,4,12,True,2025-10-16 23:35:26.856535+00:00,2,2025-10-16 23:35:26.856535+00:00,2
2277,"SG261_SAC207_48
",5407,SAC,,SAC207,2960.64304591753,1,4,12,True,2025-10-16 23:35:26.856535+00:00,2,2025-10-16 23:35:26.856535+00:00,2
2278,SG262_SAC196_48,5408,SAC,,SAC196,2661.54751801688,1,4,12,True,2025-10-16 23:35:26.856535+00:00,2,2025-10-16 23:35:26.856535+00:00,2
2279,"SG263_STN026_49
",5410,STN,,STN026,2087.80119230844,1,4,12,True,2025-10-16 23:35:26.856535+00:00,2,2025-10-16 23:35:26.856535+00:00,2
2280,"SG264_STN021_49
",5412,STN,,STN021,1876.75910428667,1,4,12,True,2025-10-16 23:35:26.856535+00:00,2,2025-10-16 23:35:26.856535+00:00,2
2281,"SG265_STN014_49
",5414,STN,,STN014,1747.20593476058,1,4,12,True,2025-10-16 23:35:26.856535+00:00,2,2025-10-16 23:35:26.856535+00:00,2
2282,"SG266_STN009_49
",5416,STN,,STN009,1717.03843780951,1,4,12,True,2025-10-16 23:35:26.856535+00:00,2,2025-10-16 23:35:26.856535+00:00,2
2283,SG267_STN004_49,5417,STN,,STN004,2049.27577017461,1,4,12,True,2025-10-16 23:35:26.856535+00:00,2,2025-10-16 23:35:26.856535+00:00,2
2284,"SG268_STN004_49
",5419,STN,,STN004,2079.65234366959,1,4,12,True,2025-10-16 23:35:26.856535+00:00,2,2025-10-16 23:35:26.856535+00:00,2
2285,"SG269_BCC012_50
",5421,BCC,,BCC012,843.157052957008,1,4,12,True,2025-10-16 23:35:26.856535+00:00,2,2025-10-16 23:35:26.856535+00:00,2
2286,"SG270_BCC006_50
",5423,BCC,,BCC006,622.050942641527,1,4,12,True,2025-10-16 23:35:26.856535+00:00,2,2025-10-16 23:35:26.856535+00:00,2
2287,SG271_BCC004_50,5424,BCC,,BCC004,685.500003558822,1,4,12,True,2025-10-16 23:35:26.856535+00:00,2,2025-10-16 23:35:26.856535+00:00,2
2288,"SG272_BCC004_50
",5426,BCC,,BCC004,648.486848707391,1,4,12,True,2025-10-16 23:35:26.856535+00:00,2,2025-10-16 23:35:26.856535+00:00,2
2289,"SG273_SAC196_51
",5428,SAC,,SAC196,2658.92173466638,1,4,12,True,2025-10-16 23:35:26.856535+00:00,2,2025-10-16 23:35:26.856535+00:00,2
2290,"SG274_SAC193_51
",5430,SAC,,SAC193,2743.15452601838,1,4,12,True,2025-10-16 23:35:26.856535+00:00,2,2025-10-16 23:35:26.856535+00:00,2
2291,"SG275_SAC188_51
",5432,SAC,,SAC188,2201.89694697995,1,4,12,True,2025-10-16 23:35:26.856535+00:00,2,2025-10-16 23:35:26.856535+00:00,2
2292,"SG276_SAC182_51
",5434,SAC,,SAC182,1659.33711984643,1,4,12,True,2025-10-16 23:35:26.856535+00:00,2,2025-10-16 23:35:26.856535+00:00,2
2293,"SG277_SAC178_51
",5436,SAC,,SAC178,1819.62221788022,1,4,12,True,2025-10-16 23:35:26.856535+00:00,2,2025-10-16 23:35:26.856535+00:00,2
2294,"SG278_SAC174_51
",5438,SAC,,SAC174,2214.10012529149,1,4,12,True,2025-10-16 23:35:26.856535+00:00,2,2025-10-16 23:35:26.856535+00:00,2
2295,"SG279_SAC168_51
",5440,SAC,,SAC168,2214.83978780973,1,4,12,True,2025-10-16 23:35:26.856535+00:00,2,2025-10-16 23:35:26.856535+00:00,2
2296,"SG280_SAC162_51
",5442,SAC,,SAC162,2436.42704141262,1,4,12,True,2025-10-16 23:35:26.856535+00:00,2,2025-10-16 23:35:26.856535+00:00,2
2297,"SG281_SAC154_51
",5444,SAC,,SAC154,2898.16366685199,1,4,12,True,2025-10-16 23:35:26.856535+00:00,2,2025-10-16 23:35:26.856535+00:00,2
2298,SG282_SAC148_51,5445,SAC,,SAC148,2406.0392725088,1,4,12,True,2025-10-16 23:35:26.856535+00:00,2,2025-10-16 23:35:26.856535+00:00,2
2299,"SG283_BTC043_52
",5447,BTC,,BTC043,1305.09389358238,1,4,12,True,2025-10-16 23:35:26.856535+00:00,2,2025-10-16 23:35:26.856535+00:00,2
2300,"SG284_BTC036_52
",5449,BTC,,BTC036,2107.78465759502,1,4,12,True,2025-10-16 23:35:26.856535+00:00,2,2025-10-16 23:35:26.856535+00:00,2
2301,"SG285_BTC032_52
",5451,BTC,,BTC032,1696.77716746868,1,4,12,True,2025-10-16 23:35:26.856535+00:00,2,2025-10-16 23:35:26.856535+00:00,2
2302,"SG286_BTC029_52
",5453,BTC,,BTC029,1552.70687784628,1,4,12,True,2025-10-16 23:35:26.856535+00:00,2,2025-10-16 23:35:26.856535+00:00,2
2303,"SG287_BTC024_52
",5455,BTC,,BTC024,1882.04652252037,1,4,12,True,2025-10-16 23:35:26.856535+00:00,2,2025-10-16 23:35:26.856535+00:00,2
2304,"SG288_BTC018_52
",5457,BTC,,BTC018,1259.54904061058,1,4,12,True,2025-10-16 23:35:26.856535+00:00,2,2025-10-16 23:35:26.856535+00:00,2
2305,"SG289_BTC015_52
",5459,BTC,,BTC015,1603.95652684012,1,4,12,True,2025-10-16 23:35:26.856535+00:00,2,2025-10-16 23:35:26.856535+00:00,2
2306,"SG290_BTC007_52
",5461,BTC,,BTC007,1827.33896617318,1,4,12,True,2025-10-16 23:35:26.856535+00:00,2,2025-10-16 23:35:26.856535+00:00,2
2307,SG291_BTC003_52,5462,BTC,,BTC003,1849.70539805314,1,4,12,True,2025-10-16 23:35:26.856535+00:00,2,2025-10-16 23:35:26.856535+00:00,2
2308,"SG292_BSL001_52
",5464,BSL,,BSL001,280.234379996924,1,4,12,True,2025-10-16 23:35:26.856535+00:00,2,2025-10-16 23:35:26.856535+00:00,2
2309,"SG293_SAC148_53
",5466,SAC,,SAC148,2388.8296528803,1,4,12,True,2025-10-16 23:35:26.856535+00:00,2,2025-10-16 23:35:26.856535+00:00,2
2310,SG294_SAC141_53,5467,SAC,,SAC141,2518.75447402135,1,4,12,True,2025-10-16 23:35:26.856535+00:00,2,2025-10-16 23:35:26.856535+00:00,2
2311,"SG295_SAC134_53
",5469,SAC,,SAC134,3075.51354634058,1,4,12,True,2025-10-16 23:35:26.856535+00:00,2,2025-10-16 23:35:26.856535+00:00,2
2312,"SG296_SAC129_53
",5471,SAC,,SAC129,2439.82741192552,1,4,12,True,2025-10-16 23:35:26.856535+00:00,2,2025-10-16 23:35:26.856535+00:00,2
2313,"SG297_SAC122_53
",5473,SAC,,SAC122,3369.76838485606,1,4,12,True,2025-10-16 23:35:26.856535+00:00,2,2025-10-16 23:35:26.856535+00:00,2
2314,"SG298_SAC115_53
",5475,SAC,,SAC115,3285.45248808591,1,4,12,True,2025-10-16 23:35:26.856535+00:00,2,2025-10-16 23:35:26.856535+00:00,2
2315,"SG299_SAC106_53
",5477,SAC,,SAC106,2667.83996145005,1,4,12,True,2025-10-16 23:35:26.856535+00:00,2,2025-10-16 23:35:26.856535+00:00,2
2316,"SG300_SAC097_53
",5479,SAC,,SAC097,2718.89623349714,1,4,12,True,2025-10-16 23:35:26.856535+00:00,2,2025-10-16 23:35:26.856535+00:00,2
2317,SG301_SAC092_53,5480,SAC,,SAC092,2185.87478977359,1,4,12,True,2025-10-16 23:35:26.856535+00:00,2,2025-10-16 23:35:26.856535+00:00,2
2318,"SG318_CBD049_55
",5482,CBD,,CBD049,2934.74492619577,1,4,12,True,2025-10-16 23:35:26.856535+00:00,2,2025-10-16 23:35:26.856535+00:00,2
2319,"SG319_CBD044_55
",5484,CBD,,CBD044,2713.15719026304,1,4,12,True,2025-10-16 23:35:26.856535+00:00,2,2025-10-16 23:35:26.856535+00:00,2
2320,"SG320_CBD041_55
",5486,CBD,,CBD041,2204.14494063825,1,4,12,True,2025-10-16 23:35:26.856535+00:00,2,2025-10-16 23:35:26.856535+00:00,2
2321,"SG321_CBD037_55
",5488,CBD,,CBD037,1897.29064703561,1,4,12,True,2025-10-16 23:35:26.856535+00:00,2,2025-10-16 23:35:26.856535+00:00,2
2322,"SG322_CBD031_55
",5490,CBD,,CBD031,2680.2135767206,1,4,12,True,2025-10-16 23:35:26.856535+00:00,2,2025-10-16 23:35:26.856535+00:00,2
2323,"SG323_CBD031_56
",5492,CBD,,CBD031,2607.70855080112,1,4,12,True,2025-10-16 23:35:26.856535+00:00,2,2025-10-16 23:35:26.856535+00:00,2
2324,"SG324_CBD028_56
",5494,CBD,,CBD028,2752.11938980915,1,4,12,True,2025-10-16 23:35:26.856535+00:00,2,2025-10-16 23:35:26.856535+00:00,2
2325,"SG325_CBD023_56
",5496,CBD,,CBD023,2334.33348401727,1,4,12,True,2025-10-16 23:35:26.856535+00:00,2,2025-10-16 23:35:26.856535+00:00,2
2326,"SG326_CBD018_56
",5498,CBD,,CBD018,2386.62286514646,1,4,12,True,2025-10-16 23:35:26.856535+00:00,2,2025-10-16 23:35:26.856535+00:00,2
2327,"SG327_CBD012_56
",5500,CBD,,CBD012,2230.75914730066,1,4,12,True,2025-10-16 23:35:26.856535+00:00,2,2025-10-16 23:35:26.856535+00:00,2
2328,"SG328_CBD005_56
",5502,CBD,,CBD005,2476.09886072879,1,4,12,True,2025-10-16 23:35:26.856535+00:00,2,2025-10-16 23:35:26.856535+00:00,2
2329,"SG329_CBD000_56
",5504,CBD,,CBD000,2074.7047391897,1,4,12,True,2025-10-16 23:35:26.856535+00:00,2,2025-10-16 23:35:26.856535+00:00,2
2330,"SG330_SAC092_57
",5506,SAC,,SAC092,2173.02588304868,1,4,12,True,2025-10-16 23:35:26.856535+00:00,2,2025-10-16 23:35:26.856535+00:00,2
2331,"SG331_SAC085_57
",5508,SAC,,SAC085,3601.06983268891,1,4,12,True,2025-10-16 23:35:26.856535+00:00,2,2025-10-16 23:35:26.856535+00:00,2
2332,SG332_SAC083_57,5509,SAC,,SAC083,3074.02582270911,1,4,12,True,2025-10-16 23:35:26.856535+00:00,2,2025-10-16 23:35:26.856535+00:00,2
2333,"SG334_SBP031_58
",5512,SBP,,SAC031,2394.79991563273,1,4,12,True,2025-10-16 23:35:26.856535+00:00,2,2025-10-16 23:35:26.856535+00:00,2
2334,"SG335_SBP028_58
",5514,SBP,,SBP028,1943.91878054549,1,4,12,True,2025-10-16 23:35:26.856535+00:00,2,2025-10-16 23:35:26.856535+00:00,2
2335,"SG336_SBP024_58
",5516,SBP,,SBP024,1905.80260233001,1,4,12,True,2025-10-16 23:35:26.856535+00:00,2,2025-10-16 23:35:26.856535+00:00,2
2336,"SG337_SBP021_58
",5518,SBP,,SBP021,2491.77553837181,1,4,12,True,2025-10-16 23:35:26.856535+00:00,2,2025-10-16 23:35:26.856535+00:00,2
2337,"SG338_SBP018_58
",5520,SBP,,SBP018,2023.21942762813,1,4,12,True,2025-10-16 23:35:26.856535+00:00,2,2025-10-16 23:35:26.856535+00:00,2
2338,"SG339_SBP014_58
",5522,SBP,,SBP014,2295.03497872175,1,4,12,True,2025-10-16 23:35:26.856535+00:00,2,2025-10-16 23:35:26.856535+00:00,2
2339,SG340_SBP012_58,5523,SBP,,SBP012,2149.49274568064,1,4,12,True,2025-10-16 23:35:26.856535+00:00,2,2025-10-16 23:35:26.856535+00:00,2
2340,"SG341_FTR068_59
",5525,FTR,,FTR067,1605.50362684499,1,4,12,True,2025-10-16 23:35:26.856535+00:00,2,2025-10-16 23:35:26.856535+00:00,2
2341,"SG342_FTR063_59
",5527,FTR,,FTR063,1561.08254859141,1,4,12,True,2025-10-16 23:35:26.856535+00:00,2,2025-10-16 23:35:26.856535+00:00,2
2342,"SG343_FTR059_59
",5529,FTR,,FTR059,1732.82796959404,1,4,12,True,2025-10-16 23:35:26.856535+00:00,2,2025-10-16 23:35:26.856535+00:00,2
2343,"SG344_FTR053_59
",5531,FTR,,FTR053,1402.69941851759,1,4,12,True,2025-10-16 23:35:26.856535+00:00,2,2025-10-16 23:35:26.856535+00:00,2
2344,"SG345_FTR048_59
",5533,FTR,,FTR048,1752.28663009678,1,4,12,True,2025-10-16 23:35:26.856535+00:00,2,2025-10-16 23:35:26.856535+00:00,2
2345,"SG346_FTR045_59
",5535,FTR,,FTR045,1578.69471487346,1,4,12,True,2025-10-16 23:35:26.856535+00:00,2,2025-10-16 23:35:26.856535+00:00,2
2346,"SG347_FTR036_59
",5537,FTR,,FTR036,2080.22111612118,1,4,12,True,2025-10-16 23:35:26.856535+00:00,2,2025-10-16 23:35:26.856535+00:00,2
2347,SG348_FTR029_59,5538,FTR,,FTR029,1676.41054015418,1,4,12,True,2025-10-16 23:35:26.856535+00:00,2,2025-10-16 23:35:26.856535+00:00,2
2348,"SG349_YUB011_60
",5540,YUB,,YUB011,991.773421320928,1,4,12,True,2025-10-16 23:35:26.856535+00:00,2,2025-10-16 23:35:26.856535+00:00,2
2349,SG350_YUB006_60,5541,YUB,,YUB006,1304.4824540535,1,4,12,True,2025-10-16 23:35:26.856535+00:00,2,2025-10-16 23:35:26.856535+00:00,2
2350,SG351_YUB002_60,5542,YUB,,YUB002,1223.01348194525,1,4,12,True,2025-10-16 23:35:26.856535+00:00,2,2025-10-16 23:35:26.856535+00:00,2
2351,"SG352_FTR029_61
",5544,FTR,,FTR029,1668.54880964185,1,4,12,True,2025-10-16 23:35:26.856535+00:00,2,2025-10-16 23:35:26.856535+00:00,2
2352,"SG353_FTR025_61
",5546,FTR,,FTR025,2036.62093520912,1,4,12,True,2025-10-16 23:35:26.856535+00:00,2,2025-10-16 23:35:26.856535+00:00,2
2353,"SG354_FTR021_61
",5548,FTR,,FTR021,2074.21682298741,1,4,12,True,2025-10-16 23:35:26.856535+00:00,2,2025-10-16 23:35:26.856535+00:00,2
2354,"SG355_FTR016_61
",5550,FTR,,FTR016,1684.45901955098,1,4,12,True,2025-10-16 23:35:26.856535+00:00,2,2025-10-16 23:35:26.856535+00:00,2
2355,"SG356_FTR012_61
",5552,FTR,,FTR012,1453.71439265466,1,4,12,True,2025-10-16 23:35:26.856535+00:00,2,2025-10-16 23:35:26.856535+00:00,2
2356,"SG358_BRR017_62
",5555,BRR,,BRR017,780.170686956123,1,4,12,True,2025-10-16 23:35:26.856535+00:00,2,2025-10-16 23:35:26.856535+00:00,2
2357,"SG359_BRR011_62
",5557,BRR,,BRR011,1134.13533901635,1,4,12,True,2025-10-16 23:35:26.856535+00:00,2,2025-10-16 23:35:26.856535+00:00,2
2358,SG360_BRR004_62,5558,BRR,,BRR004,1036.33724259737,1,4,12,True,2025-10-16 23:35:26.856535+00:00,2,2025-10-16 23:35:26.856535+00:00,2
2359,"SG361_BRR004_62
",5560,BRR,,BRR004,1064.50797705117,1,4,12,True,2025-10-16 23:35:26.856535+00:00,2,2025-10-16 23:35:26.856535+00:00,2
2360,SG362_FTR012_63,5561,FTR,,FTR012,1510.95929674476,1,4,12,True,2025-10-16 23:35:26.856535+00:00,2,2025-10-16 23:35:26.856535+00:00,2
2361,"SG363_FTR008_63
",5563,FTR,,FTR008,1639.67355424581,1,4,12,True,2025-10-16 23:35:26.856535+00:00,2,2025-10-16 23:35:26.856535+00:00,2
2362,SG364_FTR008_64,5564,FTR,,FTR008,1640.21494497907,1,4,12,True,2025-10-16 23:35:26.856535+00:00,2,2025-10-16 23:35:26.856535+00:00,2
2363,SG365_FTR003_64,5565,FTR,,FTR003,1754.99911055959,1,4,12,True,2025-10-16 23:35:26.856535+00:00,2,2025-10-16 23:35:26.856535+00:00,2
2364,"SG366_FTR003_64
",5567,FTR,,FTR003,1751.0855041296,1,4,12,True,2025-10-16 23:35:26.856535+00:00,2,2025-10-16 23:35:26.856535+00:00,2
2365,"SG367_SAC083_65
",5569,SAC,,SAC083,3112.93080826377,1,4,12,True,2025-10-16 23:35:26.856535+00:00,2,2025-10-16 23:35:26.856535+00:00,2
2366,"SG368_SAC082_65
",5571,SAC,,SAC082,2254.2851552167,1,4,12,True,2025-10-16 23:35:26.856535+00:00,2,2025-10-16 23:35:26.856535+00:00,2
2367,"SG369_SAC081_65
",5573,SAC,,SAC081,2208.9803363016,1,4,12,True,2025-10-16 23:35:26.856535+00:00,2,2025-10-16 23:35:26.856535+00:00,2
2368,"SG370_SAC078_65
",5575,SAC,,SAC078,2241.80644159605,1,4,12,True,2025-10-16 23:35:26.856535+00:00,2,2025-10-16 23:35:26.856535+00:00,2
2369,"SG371_SAC075_65
",5577,SAC,,SAC075,2786.44027921142,1,4,12,True,2025-10-16 23:35:26.856535+00:00,2,2025-10-16 23:35:26.856535+00:00,2
2370,"SG372_SAC066_65
",5579,SAC,,SAC066,2337.40376263661,1,4,12,True,2025-10-16 23:35:26.856535+00:00,2,2025-10-16 23:35:26.856535+00:00,2
2371,SG373_SAC063_65,5580,SAC,,SAC063,1891.71442934723,1,4,12,True,2025-10-16 23:35:26.856535+00:00,2,2025-10-16 23:35:26.856535+00:00,2
2372,"SG374_FOLSM_66
",5582,FOLSM,,FOLSM,5350.06972373791,1,4,12,True,2025-10-16 23:35:26.856535+00:00,2,2025-10-16 23:35:26.856535+00:00,2
2373,"SG375_NTOMA_66
",5584,NTOMA,,NTOMA,289.500166598144,1,4,12,True,2025-10-16 23:35:26.856535+00:00,2,2025-10-16 23:35:26.856535+00:00,2
2374,"SG376_AMR020_66
",5586,AMR,,AMR020,1088.69012273228,1,4,12,True,2025-10-16 23:35:26.856535+00:00,2,2025-10-16 23:35:26.856535+00:00,2
2375,"SG377_AMR015_66
",5588,AMR,<Null>,AMR015,1326.9212047476,1,4,12,True,2025-10-16 23:35:26.856535+00:00,2,2025-10-16 23:35:26.856535+00:00,2
2376,"SG378_AMR009_66
",5590,AMR,<Null>,AMR009,1278.34524138701,1,4,12,True,2025-10-16 23:35:26.856535+00:00,2,2025-10-16 23:35:26.856535+00:00,2
2377,"SG379_AMR004_66
",5592,AMR,,AMR004,1203.39355295654,1,4,12,True,2025-10-16 23:35:26.856535+00:00,2,2025-10-16 23:35:26.856535+00:00,2
2378,"SG380_AMR004_66
",5594,AMR,<Null>,AMR004,1115.47287369851,1,4,12,True,2025-10-16 23:35:26.856535+00:00,2,2025-10-16 23:35:26.856535+00:00,2
2379,"SG381_SAC063_67
",5596,SAC,,SAC063,1888.84635308232,1,4,12,True,2025-10-16 23:35:26.856535+00:00,2,2025-10-16 23:35:26.856535+00:00,2
2380,"SG382_SAC057_67
",5598,SAC,,SAC061,1563.14184661705,1,4,12,True,2025-10-16 23:35:26.856535+00:00,2,2025-10-16 23:35:26.856535+00:00,2
2381,"SG383_SAC053_67
",5600,SAC,,SAC053,2884.54312315642,1,4,12,True,2025-10-16 23:35:26.856535+00:00,2,2025-10-16 23:35:26.856535+00:00,2
2382,"SG384_SAC048_67
",5602,SAC,,SAC048,2708.48373931894,1,4,12,True,2025-10-16 23:35:26.856535+00:00,2,2025-10-16 23:35:26.856535+00:00,2
2383,"SG385_SAC041_67
",5604,SAC,,SAC041,2287.39054808999,1,4,12,True,2025-10-16 23:35:26.856535+00:00,2,2025-10-16 23:35:26.856535+00:00,2
2384,"SG386_SAC036_67
",5606,SAC,,SAC036,2220.93657488071,1,4,12,True,2025-10-16 23:35:26.856535+00:00,2,2025-10-16 23:35:26.856535+00:00,2
2385,"SG387_SAC030_67
",5608,SAC,,SAC030,2427.60481119918,1,4,12,True,2025-10-16 23:35:26.856535+00:00,2,2025-10-16 23:35:26.856535+00:00,2
2386,"SG388_SAC022_67
",5610,SAC,,SAC022,2489.48821063765,1,4,12,True,2025-10-16 23:35:26.856535+00:00,2,2025-10-16 23:35:26.856535+00:00,2
2387,SG389_SAC017_67,5611,SAC,,SAC017,2305.24621167919,1,4,12,True,2025-10-16 23:35:26.856535+00:00,2,2025-10-16 23:35:26.856535+00:00,2
2388,"SG390_CCH030_68
",5613,CCH,,CCH030,3821.06733644068,1,4,12,True,2025-10-16 23:35:26.856535+00:00,2,2025-10-16 23:35:26.856535+00:00,2
2389,"SG391_CCH023_68
",5615,CCH,,CCH023,2790.20931676235,1,4,12,True,2025-10-16 23:35:26.856535+00:00,2,2025-10-16 23:35:26.856535+00:00,2
2390,"SG392_CCH017_68
",5617,CCH,,CCH017,1452.91056016192,1,4,12,True,2025-10-16 23:35:26.856535+00:00,2,2025-10-16 23:35:26.856535+00:00,2
2391,"SG393_CCH012_68
",5619,CCH,,CCH012,1770.95502738737,1,4,12,True,2025-10-16 23:35:26.856535+00:00,2,2025-10-16 23:35:26.856535+00:00,2
2392,"SG394_CCH006_68
",5621,CCH,,CCH006,1561.94522678555,1,4,12,True,2025-10-16 23:35:26.856535+00:00,2,2025-10-16 23:35:26.856535+00:00,2
2393,"SG395_CCH003_68
",5623,CCH,,CCH003,1415.3965174094,1,4,12,True,2025-10-16 23:35:26.856535+00:00,2,2025-10-16 23:35:26.856535+00:00,2
2394,"SG396_YBP032_68
",5625,YBP,,YBP032,1563.32207816714,1,4,12,True,2025-10-16 23:35:26.856535+00:00,2,2025-10-16 23:35:26.856535+00:00,2
2395,"SG397_YBP026_68
",5627,YBP,,YBP026,1261.02654272451,1,4,12,True,2025-10-16 23:35:26.856535+00:00,2,2025-10-16 23:35:26.856535+00:00,2
2396,"SG400_PTH024_69
",5631,PTH,,PTH024,3268.84872171518,1,4,12,True,2025-10-16 23:35:26.856535+00:00,2,2025-10-16 23:35:26.856535+00:00,2
2397,"SG401_PTH020_69
",5633,PTH,,PTH020,3359.85573414356,1,4,12,True,2025-10-16 23:35:26.856535+00:00,2,2025-10-16 23:35:26.856535+00:00,2
2398,"SG402_PTH015_69
",5635,PTH,,PTH015,3654.62396531361,1,4,12,True,2025-10-16 23:35:26.856535+00:00,2,2025-10-16 23:35:26.856535+00:00,2
2399,"SG403_PTH011_69
",5637,PTH,,PTH011,2764.66326814576,1,4,12,True,2025-10-16 23:35:26.856535+00:00,2,2025-10-16 23:35:26.856535+00:00,2
2400,SG404_PTH007_69,5638,PTH,,PTH007,2988.71828946595,1,4,12,True,2025-10-16 23:35:26.856535+00:00,2,2025-10-16 23:35:26.856535+00:00,2
2401,"SG405_PTH007_69
",5640,PTH,,PTH007,2954.81085426728,1,4,12,True,2025-10-16 23:35:26.856535+00:00,2,2025-10-16 23:35:26.856535+00:00,2
2402,"SG413_SAC017_71
",5649,SAC,,SAC017,2302.9674302105,1,4,12,True,2025-10-16 23:35:26.856535+00:00,2,2025-10-16 23:35:26.856535+00:00,2
2403,"SG414_SAC011_71
",5651,SAC,,SAC011,1933.05395743974,1,4,12,True,2025-10-16 23:35:26.856535+00:00,2,2025-10-16 23:35:26.856535+00:00,2
2404,"SG415_SAC007_71
",5653,SAC,,SAC007,1183.4431561522,1,4,12,True,2025-10-16 23:35:26.856535+00:00,2,2025-10-16 23:35:26.856535+00:00,2
2405,"SG416_SAC003_71
",5655,SAC,,SAC003,1577.728029085,1,4,12,True,2025-10-16 23:35:26.856535+00:00,2,2025-10-16 23:35:26.856535+00:00,2
2406,"SG417_SAC000_71
",5657,SAC,,SAC000,1293.75245050282,1,4,12,True,2025-10-16 23:35:26.856535+00:00,2,2025-10-16 23:35:26.856535+00:00,2
2407,SG418_SAC000_72,5658,SAC,,SAC000,1311.71838378486,1,4,12,True,2025-10-16 23:35:26.856535+00:00,2,2025-10-16 23:35:26.856535+00:00,2
2408,SG_SJR006_532,5734,SJR,,SJR006,1986.84240567916,1,4,12,True,2025-10-16 23:35:26.856535+00:00,2,2025-10-16 23:35:26.856535+00:00,2
2409,SG_SJR009_533,5735,SJR,,SJR009,2135.67426713752,1,4,12,True,2025-10-16 23:35:26.856535+00:00,2,2025-10-16 23:35:26.856535+00:00,2
2410,SG_SJR013_534,5736,SJR,,SJR013,2659.1568227818,1,4,12,True,2025-10-16 23:35:26.856535+00:00,2,2025-10-16 23:35:26.856535+00:00,2
2411,SG_SJR022_520,5737,SJR,,SJR022,3130.29944466664,1,4,12,True,2025-10-16 23:35:26.856535+00:00,2,2025-10-16 23:35:26.856535+00:00,2
2412,SG_SJR023_540,5738,SJR,,SJR023,2646.89793960258,1,4,12,True,2025-10-16 23:35:26.856535+00:00,2,2025-10-16 23:35:26.856535+00:00,2
2413,SG_SJR028_543,5739,SJR,,SJR028,1839.88997348346,1,4,12,True,2025-10-16 23:35:26.856535+00:00,2,2025-10-16 23:35:26.856535+00:00,2
2414,SG_SJR033_553,5740,SJR,,SJR033,2311.10143308832,1,4,12,True,2025-10-16 23:35:26.856535+00:00,2,2025-10-16 23:35:26.856535+00:00,2
2415,SG_SJR038_558,5741,SJR,,SJR038,3016.60206173747,1,4,12,True,2025-10-16 23:35:26.856535+00:00,2,2025-10-16 23:35:26.856535+00:00,2
2416,SG_SJR042_567,5742,SJR,,SJR042,2267.34053217508,1,4,12,True,2025-10-16 23:35:26.856535+00:00,2,2025-10-16 23:35:26.856535+00:00,2
2417,SG_SJR048_576,5743,SJR,,SJR048,2714.5053528656,1,4,12,True,2025-10-16 23:35:26.856535+00:00,2,2025-10-16 23:35:26.856535+00:00,2
2418,SG_SJR056_592,5744,SJR,,SJR056,2018.00315548688,1,4,12,True,2025-10-16 23:35:26.856535+00:00,2,2025-10-16 23:35:26.856535+00:00,2
2419,SG_SJR062_605,5745,SJR,,SJR062,2340.83640169389,1,4,12,True,2025-10-16 23:35:26.856535+00:00,2,2025-10-16 23:35:26.856535+00:00,2
2420,SP_EBP041_SJR145,5874,EBP,EBP041,SJR145,7054.40116830224,1,4,12,True,2025-10-16 23:35:26.856535+00:00,2,2025-10-16 23:35:26.856535+00:00,2
2421,SP_EDC007_SFA059,5875,EDC,EDC007,SFA059,655.192761889361,1,4,12,True,2025-10-16 23:35:26.856535+00:00,2,2025-10-16 23:35:26.856535+00:00,2
2422,SP_MCD002_MRS000,5876,MCD,MCD002,MRS000,316.634063664728,1,4,12,True,2025-10-16 23:35:26.856535+00:00,2,2025-10-16 23:35:26.856535+00:00,2
2423,SP_MDC019_FRS045,5877,MDC,MDC019,FRS045,701.039333439547,1,4,12,True,2025-10-16 23:35:26.856535+00:00,2,2025-10-16 23:35:26.856535+00:00,2
2424,SP_SAC066_YBP020,5878,SAC,SAC066,YBP020,10992.0985987727,1,4,12,True,2025-10-16 23:35:26.856535+00:00,2,2025-10-16 23:35:26.856535+00:00,2
2425,SP_SAC083_YBP037,5879,SAC,SAC083,YBP037,4805.3017505757,1,4,12,True,2025-10-16 23:35:26.856535+00:00,2,2025-10-16 23:35:26.856535+00:00,2
2426,SP_SAC122_SBP021,5880,SAC,SAC122,SBP021,7615.83683002163,1,4,12,True,2025-10-16 23:35:26.856535+00:00,2,2025-10-16 23:35:26.856535+00:00,2
2427,SP_SAC148_BTC003,5881,SAC,SAC148,BTC003,5147.56230000034,1,4,12,True,2025-10-16 23:35:26.856535+00:00,2,2025-10-16 23:35:26.856535+00:00,2
2428,SP_SAC159_BTC003,5882,SAC,SAC159,BTC003,18255.9684000006,1,4,12,True,2025-10-16 23:35:26.856535+00:00,2,2025-10-16 23:35:26.856535+00:00,2
2429,SP_SAC178_BTC003,5883,SAC,SAC178,BTC003,39006.0747999996,1,4,12,True,2025-10-16 23:35:26.856535+00:00,2,2025-10-16 23:35:26.856535+00:00,2
2430,SP_SAC188_BTC003,5884,SAC,SAC188,BTC003,47473.8837299438,1,4,12,True,2025-10-16 23:35:26.856535+00:00,2,2025-10-16 23:35:26.856535+00:00,2
2431,SP_SAC193_BTC003,5885,SAC,SAC193,BTC003,50668.6601658511,1,4,12,True,2025-10-16 23:35:26.856535+00:00,2,2025-10-16 23:35:26.856535+00:00,2
2432,SP_SILVR_OYS001,5886,SILVR,SILVR,OYS001,1377.94984609261,1,4,12,True,2025-10-16 23:35:26.856535+00:00,2,2025-10-16 23:35:26.856535+00:00,2
2433,SR_02_CWD003,5888,,02,CWD003,2500.00003872535,1,4,12,True,2025-10-16 23:35:26.856535+00:00,2,2025-10-16 23:35:26.856535+00:00,2
2434,SR_02_KSWCK,5889,,02,KSWCK,2500.00005720655,1,4,12,True,2025-10-16 23:35:26.856535+00:00,2,2025-10-16 23:35:26.856535+00:00,2
2435,SR_02_SAC257,5890,,02,SAC257,2500.00003872534,1,4,12,True,2025-10-16 23:35:26.856535+00:00,2,2025-10-16 23:35:26.856535+00:00,2
2436,SR_02_SAC271,5891,,02,SAC271,2500.00001848429,1,4,12,True,2025-10-16 23:35:26.856535+00:00,2,2025-10-16 23:35:26.856535+00:00,2
2437,SR_03_COW003,5892,,03,COW003,2499.99998244052,1,4,12,True,2025-10-16 23:35:26.856535+00:00,2,2025-10-16 23:35:26.856535+00:00,2
2438,SR_03_KSWCK,5893,,03,KSWCK,2500.00003872583,1,4,12,True,2025-10-16 23:35:26.856535+00:00,2,2025-10-16 23:35:26.856535+00:00,2
2439,SR_03_SAC265,5894,,03,SAC265,2499.99998243928,1,4,12,True,2025-10-16 23:35:26.856535+00:00,2,2025-10-16 23:35:26.856535+00:00,2
2440,SR_03_SAC277,5895,,03,SAC277,2499.99998243928,1,4,12,True,2025-10-16 23:35:26.856535+00:00,2,2025-10-16 23:35:26.856535+00:00,2
2441,SR_04_SAC207,5896,,04,SAC207,2500.00003593696,1,4,12,True,2025-10-16 23:35:26.856535+00:00,2,2025-10-16 23:35:26.856535+00:00,2
2442,SR_04_SAC217,5897,,04,SAC217,2500.00001389793,1,4,12,True,2025-10-16 23:35:26.856535+00:00,2,2025-10-16 23:35:26.856535+00:00,2
2443,SR_05_SAC196,5898,,05,SAC196,2500.0,1,4,12,True,2025-10-16 23:35:26.856535+00:00,2,2025-10-16 23:35:26.856535+00:00,2
2444,SR_05_SAC201,5899,,05,SAC201,2499.9999907736,1,4,12,True,2025-10-16 23:35:26.856535+00:00,2,2025-10-16 23:35:26.856535+00:00,2
2445,SR_05_SAC217,5900,,05,SAC217,2500.00001389781,1,4,12,True,2025-10-16 23:35:26.856535+00:00,2,2025-10-16 23:35:26.856535+00:00,2
2446,SR_06_CBD049,5901,,06,CBD049,2500.00006651493,1,4,12,True,2025-10-16 23:35:26.856535+00:00,2,2025-10-16 23:35:26.856535+00:00,2
2447,SR_06_SAC185,5902,,06,SAC185,2500.00007079504,1,4,12,True,2025-10-16 23:35:26.856535+00:00,2,2025-10-16 23:35:26.856535+00:00,2
2448,SR_07N_CBD049,5903,,07N,CBD049,2500.0,1,4,12,True,2025-10-16 23:35:26.856535+00:00,2,2025-10-16 23:35:26.856535+00:00,2
2449,SR_07N_SAC185,5904,,07N,SAC185,2500.00006651493,1,4,12,True,2025-10-16 23:35:26.856535+00:00,2,2025-10-16 23:35:26.856535+00:00,2
2450,SR_07S_CBD028,5905,,07S,CBD028,2499.99994013882,1,4,12,True,2025-10-16 23:35:26.856535+00:00,2,2025-10-16 23:35:26.856535+00:00,2
2451,SR_07S_CBD038,5906,,07S,CBD038,2499.99994013896,1,4,12,True,2025-10-16 23:35:26.856535+00:00,2,2025-10-16 23:35:26.856535+00:00,2
2452,SR_07S_YBP034,5907,,07S,YBP034,2499.99994525645,1,4,12,True,2025-10-16 23:35:26.856535+00:00,2,2025-10-16 23:35:26.856535+00:00,2
2453,SR_08N_CBD049,5908,,08N,CBD049,2499.99994013896,1,4,12,True,2025-10-16 23:35:26.856535+00:00,2,2025-10-16 23:35:26.856535+00:00,2
2454,SR_08N_SAC154,5909,,08N,SAC154,2500.00009999983,1,4,12,True,2025-10-16 23:35:26.856535+00:00,2,2025-10-16 23:35:26.856535+00:00,2
2455,SR_08N_SAC185,5910,,08N,SAC185,2500.00007079453,1,4,12,True,2025-10-16 23:35:26.856535+00:00,2,2025-10-16 23:35:26.856535+00:00,2
2456,SR_08S_CBD028,5911,,08S,CBD028,2500.00006651625,1,4,12,True,2025-10-16 23:35:26.856535+00:00,2,2025-10-16 23:35:26.856535+00:00,2
2457,SR_08S_CBD038,5912,,08S,CBD038,2500.00009999983,1,4,12,True,2025-10-16 23:35:26.856535+00:00,2,2025-10-16 23:35:26.856535+00:00,2
2458,SR_08S_RFS8S,5913,,08S,RFS8S,2499.99997840724,1,4,12,True,2025-10-16 23:35:26.856535+00:00,2,2025-10-16 23:35:26.856535+00:00,2
2459,SR_08S_SAC146,5914,,08S,SAC146,2500.00006651493,1,4,12,True,2025-10-16 23:35:26.856535+00:00,2,2025-10-16 23:35:26.856535+00:00,2
2460,SR_09_BSL001,5915,,09,BSL001,2500.0,1,4,12,True,2025-10-16 23:35:26.856535+00:00,2,2025-10-16 23:35:26.856535+00:00,2
2461,SR_09_BTC017,5916,,09,BTC017,2499.99997840724,1,4,12,True,2025-10-16 23:35:26.856535+00:00,2,2025-10-16 23:35:26.856535+00:00,2
2462,SR_09_SAC141,5917,,09,SAC141,2500.00007079625,1,4,12,True,2025-10-16 23:35:26.856535+00:00,2,2025-10-16 23:35:26.856535+00:00,2
2463,SR_09_SAC185,5918,,09,SAC185,2500.00009999983,1,4,12,True,2025-10-16 23:35:26.856535+00:00,2,2025-10-16 23:35:26.856535+00:00,2
2464,SR_10_BSL001,5919,,10,BSL001,2500.00007079418,1,4,12,True,2025-10-16 23:35:26.856535+00:00,2,2025-10-16 23:35:26.856535+00:00,2
2465,SR_10_BTC017,5920,,10,BTC017,2499.99999580569,1,4,12,True,2025-10-16 23:35:26.856535+00:00,2,2025-10-16 23:35:26.856535+00:00,2
2466,SR_10_SAC196,5921,,10,SAC196,2499.99997840639,1,4,12,True,2025-10-16 23:35:26.856535+00:00,2,2025-10-16 23:35:26.856535+00:00,2
2467,SR_11_BSL001,5922,,11,BSL001,2500.00006651493,1,4,12,True,2025-10-16 23:35:26.856535+00:00,2,2025-10-16 23:35:26.856535+00:00,2
2468,SR_11_BTC017,5923,,11,BTC017,2499.9998477507,1,4,12,True,2025-10-16 23:35:26.856535+00:00,2,2025-10-16 23:35:26.856535+00:00,2
2469,SR_11_DWRPS1,5924,,11,DWRPS1,2500.0000707959,1,4,12,True,2025-10-16 23:35:26.856535+00:00,2,2025-10-16 23:35:26.856535+00:00,2
2470,SR_11_FTR059,5925,,11,FTR059,2499.9999784081,1,4,12,True,2025-10-16 23:35:26.856535+00:00,2,2025-10-16 23:35:26.856535+00:00,2
2471,SR_12_HON004,5926,,12,HON004,2500.00007079625,1,4,12,True,2025-10-16 23:35:26.856535+00:00,2,2025-10-16 23:35:26.856535+00:00,2
2472,SR_13_RFS13,5927,,13,RFS13,2499.99990000017,1,4,12,True,2025-10-16 23:35:26.856535+00:00,2,2025-10-16 23:35:26.856535+00:00,2
2473,SR_14_HON004,5928,,14,HON004,2500.00007079418,1,4,12,True,2025-10-16 23:35:26.856535+00:00,2,2025-10-16 23:35:26.856535+00:00,2
2474,SR_14_JCK002,5929,,14,JCK002,2500.0000325259,1,4,12,True,2025-10-16 23:35:26.856535+00:00,2,2025-10-16 23:35:26.856535+00:00,2
2475,SR_14_YUB011,5930,,14,YUB011,2500.00003252762,1,4,12,True,2025-10-16 23:35:26.856535+00:00,2,2025-10-16 23:35:26.856535+00:00,2
2476,SR_15N_FTR029,5931,,15N,FTR029,2500.00006651493,1,4,12,True,2025-10-16 23:35:26.856535+00:00,2,2025-10-16 23:35:26.856535+00:00,2
2477,SR_15N_HON004,5932,,15N,HON004,2500.00006651493,1,4,12,True,2025-10-16 23:35:26.856535+00:00,2,2025-10-16 23:35:26.856535+00:00,2
2478,SR_15N_JCK002,5933,,15N,JCK002,2500.00006651493,1,4,12,True,2025-10-16 23:35:26.856535+00:00,2,2025-10-16 23:35:26.856535+00:00,2
2479,SR_15S_BRR004,5934,,15S,BRR004,2500.00015223333,1,4,12,True,2025-10-16 23:35:26.856535+00:00,2,2025-10-16 23:35:26.856535+00:00,2
2480,SR_15S_FTR012,5935,,15S,FTR012,2499.99999580437,1,4,12,True,2025-10-16 23:35:26.856535+00:00,2,2025-10-16 23:35:26.856535+00:00,2
2481,SR_16_DWRPS1,5936,,16,DWRPS1,2500.00006145467,1,4,12,True,2025-10-16 23:35:26.856535+00:00,2,2025-10-16 23:35:26.856535+00:00,2
2482,SR_17N_BSL001,5937,,17N,BSL001,2500.00007079504,1,4,12,True,2025-10-16 23:35:26.856535+00:00,2,2025-10-16 23:35:26.856535+00:00,2
2483,SR_17S_SSL001,5938,,17S,SSL001,2477.95419832144,1,4,12,True,2025-10-16 23:35:26.856535+00:00,2,2025-10-16 23:35:26.856535+00:00,2
2484,SR_18_RFS18,5939,,18,RFS18,2500.00006651625,1,4,12,True,2025-10-16 23:35:26.856535+00:00,2,2025-10-16 23:35:26.856535+00:00,2
2485,SR_19_RD1500,5940,,19,RD1500,2470.07779744571,1,4,12,True,2025-10-16 23:35:26.856535+00:00,2,2025-10-16 23:35:26.856535+00:00,2
2486,SR_20_CCH017,5941,,20,CCH017,2499.99997840638,1,4,12,True,2025-10-16 23:35:26.856535+00:00,2,2025-10-16 23:35:26.856535+00:00,2
2487,SR_20_CCH032,5942,,20,CCH032,2500.0,1,4,12,True,2025-10-16 23:35:26.856535+00:00,2,2025-10-16 23:35:26.856535+00:00,2
2488,SR_20_PTH021,5943,,20,PTH021,2499.99997840724,1,4,12,True,2025-10-16 23:35:26.856535+00:00,2,2025-10-16 23:35:26.856535+00:00,2
2489,SR_20_PTH024,5944,,20,PTH024,2499.99997840724,1,4,12,True,2025-10-16 23:35:26.856535+00:00,2,2025-10-16 23:35:26.856535+00:00,2
2490,SR_20_YBP023,5945,,20,YBP023,2499.99999580569,1,4,12,True,2025-10-16 23:35:26.856535+00:00,2,2025-10-16 23:35:26.856535+00:00,2
2491,SR_21_YBP023,5946,,21,YBP023,2499.9999401381,1,4,12,True,2025-10-16 23:35:26.856535+00:00,2,2025-10-16 23:35:26.856535+00:00,2
2492,SR_21_YBP032,5947,,21,YBP032,2499.99988601859,1,4,12,True,2025-10-16 23:35:26.856535+00:00,2,2025-10-16 23:35:26.856535+00:00,2
2493,SR_22_CRC002,5948,,22,CRC002,2500.00005341912,1,4,12,True,2025-10-16 23:35:26.856535+00:00,2,2025-10-16 23:35:26.856535+00:00,2
2494,SR_22_SAC066,5949,,22,SAC066,2500.0,1,4,12,True,2025-10-16 23:35:26.856535+00:00,2,2025-10-16 23:35:26.856535+00:00,2
2495,SR_23_ABN000,5950,,23,ABN000,2500.00003252676,1,4,12,True,2025-10-16 23:35:26.856535+00:00,2,2025-10-16 23:35:26.856535+00:00,2
2496,SR_23_BRR004,5951,,23,BRR004,2500.00000177822,1,4,12,True,2025-10-16 23:35:26.856535+00:00,2,2025-10-16 23:35:26.856535+00:00,2
2497,SR_23_BRR011,5952,,23,BRR011,2500.00000177822,1,4,12,True,2025-10-16 23:35:26.856535+00:00,2,2025-10-16 23:35:26.856535+00:00,2
2498,SR_23_CCK007,5953,,23,CCK007,2500.0000325259,1,4,12,True,2025-10-16 23:35:26.856535+00:00,2,2025-10-16 23:35:26.856535+00:00,2
2499,SR_23_CRC002,5954,,23,CRC002,2500.00003851301,1,4,12,True,2025-10-16 23:35:26.856535+00:00,2,2025-10-16 23:35:26.856535+00:00,2
2500,SR_24_ABN000,5955,,24,ABN000,2500.00001667502,1,4,12,True,2025-10-16 23:35:26.856535+00:00,2,2025-10-16 23:35:26.856535+00:00,2
2501,SR_24_ABN010,5956,,24,ABN010,2500.00003447738,1,4,12,True,2025-10-16 23:35:26.856535+00:00,2,2025-10-16 23:35:26.856535+00:00,2
2502,SR_24_BRR004,5957,,24,BRR004,2499.99997564982,1,4,12,True,2025-10-16 23:35:26.856535+00:00,2,2025-10-16 23:35:26.856535+00:00,2
2503,SR_24_BRR011,5958,,24,BRR011,2499.99989657601,1,4,12,True,2025-10-16 23:35:26.856535+00:00,2,2025-10-16 23:35:26.856535+00:00,2
2504,SR_24_CCK007,5959,,24,CCK007,2500.00001667552,1,4,12,True,2025-10-16 23:35:26.856535+00:00,2,2025-10-16 23:35:26.856535+00:00,2
2505,SR_24_CCK022,5960,,24,CCK022,2500.00007543133,1,4,12,True,2025-10-16 23:35:26.856535+00:00,2,2025-10-16 23:35:26.856535+00:00,2
2506,SR_24_CRC002,5961,,24,CRC002,2499.99997653194,1,4,12,True,2025-10-16 23:35:26.856535+00:00,2,2025-10-16 23:35:26.856535+00:00,2
2507,SR_24_EMD007,5962,,24,EMD007,2500.00004593422,1,4,12,True,2025-10-16 23:35:26.856535+00:00,2,2025-10-16 23:35:26.856535+00:00,2
2508,SR_25_CSL005,5963,,25,CSL005,2979.75684925658,1,4,12,True,2025-10-16 23:35:26.856535+00:00,2,2025-10-16 23:35:26.856535+00:00,2
2509,SR_25_PTH021,5964,,25,PTH021,2500.0,1,4,12,True,2025-10-16 23:35:26.856535+00:00,2,2025-10-16 23:35:26.856535+00:00,2
2510,SR_25_PTH024,5965,,25,PTH024,2500.0,1,4,12,True,2025-10-16 23:35:26.856535+00:00,2,2025-10-16 23:35:26.856535+00:00,2
2511,SR_26N_AMR004,5966,,26N,AMR004,2499.99997653271,1,4,12,True,2025-10-16 23:35:26.856535+00:00,2,2025-10-16 23:35:26.856535+00:00,2
2512,SR_26N_CRC002,5967,,26N,CRC002,2500.0,1,4,12,True,2025-10-16 23:35:26.856535+00:00,2,2025-10-16 23:35:26.856535+00:00,2
2513,SR_26N_EMD001,5968,,26N,EMD001,2499.99994791732,1,4,12,True,2025-10-16 23:35:26.856535+00:00,2,2025-10-16 23:35:26.856535+00:00,2
2514,SR_26N_EMD007,5969,,26N,EMD007,2500.00003447572,1,4,12,True,2025-10-16 23:35:26.856535+00:00,2,2025-10-16 23:35:26.856535+00:00,2
2515,SR_26N_NTOMA,5970,,26N,NTOMA,2499.99994791612,1,4,12,True,2025-10-16 23:35:26.856535+00:00,2,2025-10-16 23:35:26.856535+00:00,2
2516,SR_26S_AMR007,5971,,26S,AMR007,2499.99994791645,1,4,12,True,2025-10-16 23:35:26.856535+00:00,2,2025-10-16 23:35:26.856535+00:00,2
2517,SR_26S_MOK014,5972,,26S,MOK014,2499.99996305094,1,4,12,True,2025-10-16 23:35:26.856535+00:00,2,2025-10-16 23:35:26.856535+00:00,2
2518,SR_26S_NTOMA,5973,,26S,NTOMA,2499.99994791735,1,4,12,True,2025-10-16 23:35:26.856535+00:00,2,2025-10-16 23:35:26.856535+00:00,2
2519,SR_26S_SAC048,5974,,26S,SAC048,2499.9999603657,1,4,12,True,2025-10-16 23:35:26.856535+00:00,2,2025-10-16 23:35:26.856535+00:00,2
2520,SR_60N_MOK019,5975,,60N,MOK019,2499.99990244479,1,4,12,True,2025-10-16 23:35:26.856535+00:00,2,2025-10-16 23:35:26.856535+00:00,2
2521,SR_60N_MOK035,5976,,60N,MOK035,2499.99980948203,1,4,12,True,2025-10-16 23:35:26.856535+00:00,2,2025-10-16 23:35:26.856535+00:00,2
2522,SR_60N_SJR022,5977,,60N,SJR022,2499.99986300427,1,4,12,True,2025-10-16 23:35:26.856535+00:00,2,2025-10-16 23:35:26.856535+00:00,2
2523,SR_60N_SJR028,5978,,60N,SJR028,2500.00007079504,1,4,12,True,2025-10-16 23:35:26.856535+00:00,2,2025-10-16 23:35:26.856535+00:00,2
2524,SR_60N_SJR038,5979,,60N,SJR038,2500.00007079453,1,4,12,True,2025-10-16 23:35:26.856535+00:00,2,2025-10-16 23:35:26.856535+00:00,2
2525,SR_60S_FCS007,5980,,60S,FCS007,2500.00007079489,1,4,12,True,2025-10-16 23:35:26.856535+00:00,2,2025-10-16 23:35:26.856535+00:00,2
2526,SR_60S_SJR028,5981,,60S,SJR028,2500.00007079504,1,4,12,True,2025-10-16 23:35:26.856535+00:00,2,2025-10-16 23:35:26.856535+00:00,2
2527,SR_60S_SJR038,5982,,60S,SJR038,2500.00007079504,1,4,12,True,2025-10-16 23:35:26.856535+00:00,2,2025-10-16 23:35:26.856535+00:00,2
2528,SR_60S_SJR043,5983,,60S,SJR043,2500.00006651495,1,4,12,True,2025-10-16 23:35:26.856535+00:00,2,2025-10-16 23:35:26.856535+00:00,2
2529,SR_61_FCS007,5984,,61,FCS007,2500.00006651625,1,4,12,True,2025-10-16 23:35:26.856535+00:00,2,2025-10-16 23:35:26.856535+00:00,2
2530,SR_61_SJR043,5985,,61,SJR043,2500.00007079454,1,4,12,True,2025-10-16 23:35:26.856535+00:00,2,2025-10-16 23:35:26.856535+00:00,2
2531,SR_61_SJR053,5986,,61,SJR053,2500.00009999983,1,4,12,True,2025-10-16 23:35:26.856535+00:00,2,2025-10-16 23:35:26.856535+00:00,2
2532,SR_61_SJR070,5987,,61,SJR070,2500.00007079504,1,4,12,True,2025-10-16 23:35:26.856535+00:00,2,2025-10-16 23:35:26.856535+00:00,2
2533,SR_61_SJR075,5988,,61,SJR075,2500.00011599759,1,4,12,True,2025-10-16 23:35:26.856535+00:00,2,2025-10-16 23:35:26.856535+00:00,2
2534,SR_61_STS017,5989,,61,STS017,2500.00009999983,1,4,12,True,2025-10-16 23:35:26.856535+00:00,2,2025-10-16 23:35:26.856535+00:00,2
2535,SR_61_TUO017,5990,,61,TUO017,2500.00006651625,1,4,12,True,2025-10-16 23:35:26.856535+00:00,2,2025-10-16 23:35:26.856535+00:00,2
2536,SR_62_MCD021,5991,,62,MCD021,2500.00009999983,1,4,12,True,2025-10-16 23:35:26.856535+00:00,2,2025-10-16 23:35:26.856535+00:00,2
2537,SR_62_MCD050,5992,,62,MCD050,2500.00006145467,1,4,12,True,2025-10-16 23:35:26.856535+00:00,2,2025-10-16 23:35:26.856535+00:00,2
2538,SR_62_SJR081,5993,,62,SJR081,2500.00015262216,1,4,12,True,2025-10-16 23:35:26.856535+00:00,2,2025-10-16 23:35:26.856535+00:00,2
2539,SR_62_TUO017,5994,,62,TUO017,2500.00006651493,1,4,12,True,2025-10-16 23:35:26.856535+00:00,2,2025-10-16 23:35:26.856535+00:00,2
2540,SR_63_EBP030,5995,,63,EBP030,2500.00013495719,1,4,12,True,2025-10-16 23:35:26.856535+00:00,2,2025-10-16 23:35:26.856535+00:00,2
2541,SR_63_EBP032,5996,,63,EBP032,2499.99998441569,1,4,12,True,2025-10-16 23:35:26.856535+00:00,2,2025-10-16 23:35:26.856535+00:00,2
2542,SR_63_EBP050,5997,,63,EBP050,2500.00006651493,1,4,12,True,2025-10-16 23:35:26.856535+00:00,2,2025-10-16 23:35:26.856535+00:00,2
2543,SR_63_MCD021,5998,,63,MCD021,2500.00006651625,1,4,12,True,2025-10-16 23:35:26.856535+00:00,2,2025-10-16 23:35:26.856535+00:00,2
2544,SR_63_MCD050,5999,,63,MCD050,2500.00004160998,1,4,12,True,2025-10-16 23:35:26.856535+00:00,2,2025-10-16 23:35:26.856535+00:00,2
2545,SR_63_SJR117,6000,,63,SJR117,2500.0,1,4,12,True,2025-10-16 23:35:26.856535+00:00,2,2025-10-16 23:35:26.856535+00:00,2
2546,SR_63_SJR134,6001,,63,SJR134,2499.99998441519,1,4,12,True,2025-10-16 23:35:26.856535+00:00,2,2025-10-16 23:35:26.856535+00:00,2
2547,SR_64_EBP005,6002,,64,EBP005,2500.00007079504,1,4,12,True,2025-10-16 23:35:26.856535+00:00,2,2025-10-16 23:35:26.856535+00:00,2
2548,SR_64_EBP019,6003,,64,EBP019,2500.00007079418,1,4,12,True,2025-10-16 23:35:26.856535+00:00,2,2025-10-16 23:35:26.856535+00:00,2
2549,SR_64_EBP030,6004,,64,EBP030,2500.00004161074,1,4,12,True,2025-10-16 23:35:26.856535+00:00,2,2025-10-16 23:35:26.856535+00:00,2
2550,SR_64_EBP032,6005,,64,EBP032,2499.99994010495,1,4,12,True,2025-10-16 23:35:26.856535+00:00,2,2025-10-16 23:35:26.856535+00:00,2
2551,SR_64_EBP050,6006,,64,EBP050,2500.00009999983,1,4,12,True,2025-10-16 23:35:26.856535+00:00,2,2025-10-16 23:35:26.856535+00:00,2
2552,SR_64_FRS022,6007,,64,FRS022,2500.00007079504,1,4,12,True,2025-10-16 23:35:26.856535+00:00,2,2025-10-16 23:35:26.856535+00:00,2
2553,SR_64_SJR180,6008,,64,SJR180,2500.00007079504,1,4,12,True,2025-10-16 23:35:26.856535+00:00,2,2025-10-16 23:35:26.856535+00:00,2
2554,SR_64_SJR214,6009,,64,SJR214,2500.00007079504,1,4,12,True,2025-10-16 23:35:26.856535+00:00,2,2025-10-16 23:35:26.856535+00:00,2
2555,SR_64_SJR227,6010,,64,SJR227,2500.00006651625,1,4,12,True,2025-10-16 23:35:26.856535+00:00,2,2025-10-16 23:35:26.856535+00:00,2
2556,SR_71_MSN004,6011,,71,MSN004,2499.99993951039,1,4,12,True,2025-10-16 23:35:26.856535+00:00,2,2025-10-16 23:35:26.856535+00:00,2
2557,SR_71_OMR039,6012,,71,OMR039,2500.00007079453,1,4,12,True,2025-10-16 23:35:26.856535+00:00,2,2025-10-16 23:35:26.856535+00:00,2
2558,SR_71_SJR070,6013,,71,SJR070,2500.00009999983,1,4,12,True,2025-10-16 23:35:26.856535+00:00,2,2025-10-16 23:35:26.856535+00:00,2
2559,SR_71_SJR075,6014,,71,SJR075,2500.00011310988,1,4,12,True,2025-10-16 23:35:26.856535+00:00,2,2025-10-16 23:35:26.856535+00:00,2
2560,SR_71_SJR091,6015,,71,SJR091,2500.00013411344,1,4,12,True,2025-10-16 23:35:26.856535+00:00,2,2025-10-16 23:35:26.856535+00:00,2
2561,SR_71_SJR106,6016,,71,SJR106,2500.00005385015,1,4,12,True,2025-10-16 23:35:26.856535+00:00,2,2025-10-16 23:35:26.856535+00:00,2
2562,SR_71_SJR117,6017,,71,SJR117,2499.99994791732,1,4,12,True,2025-10-16 23:35:26.856535+00:00,2,2025-10-16 23:35:26.856535+00:00,2
2563,SR_72_MSN004,6018,,72,MSN004,2500.00005999017,1,4,12,True,2025-10-16 23:35:26.856535+00:00,2,2025-10-16 23:35:26.856535+00:00,2
2564,SR_72_SAL006,6019,,72,SAL006,2500.00007079453,1,4,12,True,2025-10-16 23:35:26.856535+00:00,2,2025-10-16 23:35:26.856535+00:00,2
2565,SR_72_SJR091,6020,,72,SJR091,2500.00011373912,1,4,12,True,2025-10-16 23:35:26.856535+00:00,2,2025-10-16 23:35:26.856535+00:00,2
2566,SR_72_SJR106,6021,,72,SJR106,2500.00003723334,1,4,12,True,2025-10-16 23:35:26.856535+00:00,2,2025-10-16 23:35:26.856535+00:00,2
2567,SR_72_SJR117,6022,,72,SJR117,2500.00004160945,1,4,12,True,2025-10-16 23:35:26.856535+00:00,2,2025-10-16 23:35:26.856535+00:00,2
2568,SR_73_MSN004,6023,,73,MSN004,2500.00003350042,1,4,12,True,2025-10-16 23:35:26.856535+00:00,2,2025-10-16 23:35:26.856535+00:00,2
2569,SR_73_SLD027,6024,,73,SLD027,2500.00006651625,1,4,12,True,2025-10-16 23:35:26.856535+00:00,2,2025-10-16 23:35:26.856535+00:00,2
2570,TD_EBP005_075,6264,EBP,,EBP005,1738.02890606767,1,4,12,True,2025-10-16 23:35:26.856535+00:00,2,2025-10-16 23:35:26.856535+00:00,2
2571,TD_EBP019_088,6265,EBP,,EBP019,1726.30435889523,1,4,12,True,2025-10-16 23:35:26.856535+00:00,2,2025-10-16 23:35:26.856535+00:00,2
2572,TD_EBP030_086,6266,EBP,,EBP030,1481.4361477408,1,4,12,True,2025-10-16 23:35:26.856535+00:00,2,2025-10-16 23:35:26.856535+00:00,2
2573,TD_EBP030_087,6267,EBP,,EBP030,1009.33248522465,1,4,12,True,2025-10-16 23:35:26.856535+00:00,2,2025-10-16 23:35:26.856535+00:00,2
2574,TD_EBP050_100,6268,EBP,,EBP050,954.00259372844,1,4,12,True,2025-10-16 23:35:26.856535+00:00,2,2025-10-16 23:35:26.856535+00:00,2
2575,TD_FCS007_160,6269,FCS,,FCS007,330.087655877694,1,4,12,True,2025-10-16 23:35:26.856535+00:00,2,2025-10-16 23:35:26.856535+00:00,2
2576,TD_FRS022_074,6271,FRS,,FRS022,382.733860268451,1,4,12,True,2025-10-16 23:35:26.856535+00:00,2,2025-10-16 23:35:26.856535+00:00,2
2577,TD_MCD021_121,6272,MCD,,MCD021,769.891529737817,1,4,12,True,2025-10-16 23:35:26.856535+00:00,2,2025-10-16 23:35:26.856535+00:00,2
2578,TD_MCD050_116,6273,MCD,,MCD050,304.727532213426,1,4,12,True,2025-10-16 23:35:26.856535+00:00,2,2025-10-16 23:35:26.856535+00:00,2
2579,TD_MCD050_117,6274,MCD,,MCD050,302.250224989698,1,4,12,True,2025-10-16 23:35:26.856535+00:00,2,2025-10-16 23:35:26.856535+00:00,2
2580,TD_MOK014_197,6275,MOK,,MOK014,347.777127896177,1,4,12,True,2025-10-16 23:35:26.856535+00:00,2,2025-10-16 23:35:26.856535+00:00,2
2581,TD_MOK019_196,6276,MOK,,MOK019,192.94399300193,1,4,12,True,2025-10-16 23:35:26.856535+00:00,2,2025-10-16 23:35:26.856535+00:00,2
2582,TD_MOK035_179,6277,MOK,,MOK035,73.7973510020889,1,4,12,True,2025-10-16 23:35:26.856535+00:00,2,2025-10-16 23:35:26.856535+00:00,2
2583,TD_MSN004_104,6278,MSN,,MSN004,1041.22050508872,1,4,12,True,2025-10-16 23:35:26.856535+00:00,2,2025-10-16 23:35:26.856535+00:00,2
2584,TD_MSN004_114,6279,MSN,,MSN004,1038.7443822075,1,4,12,True,2025-10-16 23:35:26.856535+00:00,2,2025-10-16 23:35:26.856535+00:00,2
2585,TD_MSN004_115,6280,MSN,,MSN009,644.225010698985,1,4,12,True,2025-10-16 23:35:26.856535+00:00,2,2025-10-16 23:35:26.856535+00:00,2
2586,TD_OMR039_202,6281,OMR,,OMR039,3618.94395841101,1,4,12,True,2025-10-16 23:35:26.856535+00:00,2,2025-10-16 23:35:26.856535+00:00,2
2587,TD_SAL006_113,6282,SAL,,SAL006,1586.08227813977,1,4,12,True,2025-10-16 23:35:26.856535+00:00,2,2025-10-16 23:35:26.856535+00:00,2
2588,TD_SJR028_170,6284,SJR,,SJR028,3304.82485988078,1,4,12,True,2025-10-16 23:35:26.856535+00:00,2,2025-10-16 23:35:26.856535+00:00,2
2589,TD_SJR038_167,6285,SJR,,SJR038,2337.80564806479,1,4,12,True,2025-10-16 23:35:26.856535+00:00,2,2025-10-16 23:35:26.856535+00:00,2
2590,TD_SJR043_159,6286,SJR,,SJR043,1466.80198196586,1,4,12,True,2025-10-16 23:35:26.856535+00:00,2,2025-10-16 23:35:26.856535+00:00,2
2591,TD_SJR043_168,6287,SJR,,SJR043,1558.45369477447,1,4,12,True,2025-10-16 23:35:26.856535+00:00,2,2025-10-16 23:35:26.856535+00:00,2
2592,TD_SJR053_157,6288,SJR,,SJR053,2275.71306385177,1,4,12,True,2025-10-16 23:35:26.856535+00:00,2,2025-10-16 23:35:26.856535+00:00,2
2593,TD_SJR070_156,6289,SJR,,SJR070,1335.3363642547,1,4,12,True,2025-10-16 23:35:26.856535+00:00,2,2025-10-16 23:35:26.856535+00:00,2
2594,TD_SJR075_145,6290,SJR,,SJR075,1359.7436684927,1,4,12,True,2025-10-16 23:35:26.856535+00:00,2,2025-10-16 23:35:26.856535+00:00,2
2595,TD_SJR075_154,6291,SJR,,SJR075,1204.72832022851,1,4,12,True,2025-10-16 23:35:26.856535+00:00,2,2025-10-16 23:35:26.856535+00:00,2
2596,TD_SJR081_143,6292,SJR,,SJR081,1849.52573388552,1,4,12,True,2025-10-16 23:35:26.856535+00:00,2,2025-10-16 23:35:26.856535+00:00,2
2597,TD_SJR091_132,6293,SJR,,SJR091,809.727177125425,1,4,12,True,2025-10-16 23:35:26.856535+00:00,2,2025-10-16 23:35:26.856535+00:00,2
2598,TD_SJR091_133,6294,SJR,,SJR091,800.777147007326,1,4,12,True,2025-10-16 23:35:26.856535+00:00,2,2025-10-16 23:35:26.856535+00:00,2
2599,TD_SJR106_127,6295,SJR,,SJR106,517.960969462077,1,4,12,True,2025-10-16 23:35:26.856535+00:00,2,2025-10-16 23:35:26.856535+00:00,2
2600,TD_SJR106_130,6296,SJR,,SJR106,499.71111793556,1,4,12,True,2025-10-16 23:35:26.856535+00:00,2,2025-10-16 23:35:26.856535+00:00,2
2601,TD_SJR117_124,6297,SJR,,SJR117,573.670606320834,1,4,12,True,2025-10-16 23:35:26.856535+00:00,2,2025-10-16 23:35:26.856535+00:00,2
2602,TD_SJR117_125,6298,SJR,,SJR117,577.176582349308,1,4,12,True,2025-10-16 23:35:26.856535+00:00,2,2025-10-16 23:35:26.856535+00:00,2
2603,TD_SJR134_103,6299,SJR,,SJR134,185.992565872987,1,4,12,True,2025-10-16 23:35:26.856535+00:00,2,2025-10-16 23:35:26.856535+00:00,2
2604,TD_SJR180_067,6300,SJR,,SJR180,501.869160245467,1,4,12,True,2025-10-16 23:35:26.856535+00:00,2,2025-10-16 23:35:26.856535+00:00,2
2605,TD_SJR227_059,6301,SJR,,SJR227,941.457215272404,1,4,12,True,2025-10-16 23:35:26.856535+00:00,2,2025-10-16 23:35:26.856535+00:00,2
2606,TD_SLD027_102,6302,SLD,,SLD027,387.007121929245,1,4,12,True,2025-10-16 23:35:26.856535+00:00,2,2025-10-16 23:35:26.856535+00:00,2
2607,TD_STS017_152,6303,STS,,STS017,997.078969881858,1,4,12,True,2025-10-16 23:35:26.856535+00:00,2,2025-10-16 23:35:26.856535+00:00,2
2608,TD_TUO017_140,6304,TUO,,TUO017,1189.11527374634,1,4,12,True,2025-10-16 23:35:26.856535+00:00,2,2025-10-16 23:35:26.856535+00:00,2
2609,TD_TUO017_141,6305,TUO,,TUO017,1136.06173393631,1,4,12,True,2025-10-16 23:35:26.856535+00:00,2,2025-10-16 23:35:26.856535+00:00,2
2610,TD_WBA90_053,6306,WBA,,FSL005,2791.08454315246,1,4,12,True,2025-10-16 23:35:26.856535+00:00,2,2025-10-16 23:35:26.856535+00:00,2
