id,short_code,network_id,riv_mi,c2vsim_gw,c2vsim_sw,nrest_gage,strm_code,rm_ii,model_source_id,source_id,network_version_id,is_active,created_at,created_by,updated_at,updated_by
156,02_NA,1,0.0, , , , ,0.0,1,4,12,True,2025-10-16 23:16:46.175477+00:00,2,2025-10-16 23:16:46.175477+00:00,2
157,02_NU,2,0.0, , , , ,0.0,1,4,12,True,2025-10-16 23:16:46.175477+00:00,2,2025-10-16 23:16:46.175477+00:00,2
158,02_PA,3,0.0, , , , ,0.0,1,4,12,True,2025-10-16 23:16:46.175477+00:00,2,2025-10-16 23:16:46.175477+00:00,2
159,02_PU,4,0.0, , , , ,0.0,1,4,12,True,2025-10-16 23:16:46.175477+00:00,2,2025-10-16 23:16:46.175477+00:00,2
160,02_SA,5,0.0, , , , ,0.0,1,4,12,True,2025-10-16 23:16:46.175477+00:00,2,2025-10-16 23:16:46.175477+00:00,2
161,02_SU,6,0.0, , , , ,0.0,1,4,12,True,2025-10-16 23:16:46.175477+00:00,2,2025-10-16 23:16:46.175477+00:00,2
162,03_NA,7,0.0, , , , ,0.0,1,4,12,True,2025-10-16 23:16:46.175477+00:00,2,2025-10-16 23:16:46.175477+00:00,2
163,03_NU,8,0.0, , , , ,0.0,1,4,12,True,2025-10-16 23:16:46.175477+00:00,2,2025-10-16 23:16:46.175477+00:00,2
164,03_PA,9,0.0, , , , ,0.0,1,4,12,True,2025-10-16 23:16:46.175477+00:00,2,2025-10-16 23:16:46.175477+00:00,2
165,03_PU1,10,0.0, , , , ,0.0,1,4,12,True,2025-10-16 23:16:46.175477+00:00,2,2025-10-16 23:16:46.175477+00:00,2
166,03_PU2,11,0.0, , , , ,0.0,1,4,12,True,2025-10-16 23:16:46.175477+00:00,2,2025-10-16 23:16:46.175477+00:00,2
167,03_PU3,12,0.0, , , , ,0.0,1,4,12,True,2025-10-16 23:16:46.175477+00:00,2,2025-10-16 23:16:46.175477+00:00,2
168,03_SA,13,0.0, , , , ,0.0,1,4,12,True,2025-10-16 23:16:46.175477+00:00,2,2025-10-16 23:16:46.175477+00:00,2
169,03_SU,14,0.0, , , , ,0.0,1,4,12,True,2025-10-16 23:16:46.175477+00:00,2,2025-10-16 23:16:46.175477+00:00,2
170,04_NA,15,0.0, , , , ,0.0,1,4,12,True,2025-10-16 23:16:46.175477+00:00,2,2025-10-16 23:16:46.175477+00:00,2
171,04_NU1,16,0.0, , , , ,0.0,1,4,12,True,2025-10-16 23:16:46.175477+00:00,2,2025-10-16 23:16:46.175477+00:00,2
172,04_NU2,17,0.0, , , , ,0.0,1,4,12,True,2025-10-16 23:16:46.175477+00:00,2,2025-10-16 23:16:46.175477+00:00,2
173,04_PA1,18,0.0, , , , ,0.0,1,4,12,True,2025-10-16 23:16:46.175477+00:00,2,2025-10-16 23:16:46.175477+00:00,2
174,04_PA2,19,0.0, , , , ,0.0,1,4,12,True,2025-10-16 23:16:46.175477+00:00,2,2025-10-16 23:16:46.175477+00:00,2
175,05_NA,20,0.0, , , , ,0.0,1,4,12,True,2025-10-16 23:16:46.175477+00:00,2,2025-10-16 23:16:46.175477+00:00,2
176,05_NU,21,0.0, , , , ,0.0,1,4,12,True,2025-10-16 23:16:46.175477+00:00,2,2025-10-16 23:16:46.175477+00:00,2
177,06_NA,22,0.0, , , , ,0.0,1,4,12,True,2025-10-16 23:16:46.175477+00:00,2,2025-10-16 23:16:46.175477+00:00,2
178,06_NU,23,0.0, , , , ,0.0,1,4,12,True,2025-10-16 23:16:46.175477+00:00,2,2025-10-16 23:16:46.175477+00:00,2
179,06_PA,24,0.0, , , , ,0.0,1,4,12,True,2025-10-16 23:16:46.175477+00:00,2,2025-10-16 23:16:46.175477+00:00,2
180,07N_NA,25,0.0, , , , ,0.0,1,4,12,True,2025-10-16 23:16:46.175477+00:00,2,2025-10-16 23:16:46.175477+00:00,2
181,07N_NU,26,0.0, , , , ,0.0,1,4,12,True,2025-10-16 23:16:46.175477+00:00,2,2025-10-16 23:16:46.175477+00:00,2
182,07N_PA,27,0.0, , , , ,0.0,1,4,12,True,2025-10-16 23:16:46.175477+00:00,2,2025-10-16 23:16:46.175477+00:00,2
183,07S_NA,28,0.0, , , , ,0.0,1,4,12,True,2025-10-16 23:16:46.175477+00:00,2,2025-10-16 23:16:46.175477+00:00,2
184,07S_NU,29,0.0, , , , ,0.0,1,4,12,True,2025-10-16 23:16:46.175477+00:00,2,2025-10-16 23:16:46.175477+00:00,2
185,07S_PA,30,0.0, , , , ,0.0,1,4,12,True,2025-10-16 23:16:46.175477+00:00,2,2025-10-16 23:16:46.175477+00:00,2
186,08N_NA,31,0.0, , , , ,0.0,1,4,12,True,2025-10-16 23:16:46.175477+00:00,2,2025-10-16 23:16:46.175477+00:00,2
187,08N_NU,32,0.0, , , , ,0.0,1,4,12,True,2025-10-16 23:16:46.175477+00:00,2,2025-10-16 23:16:46.175477+00:00,2
188,08N_PA,33,0.0, , , , ,0.0,1,4,12,True,2025-10-16 23:16:46.175477+00:00,2,2025-10-16 23:16:46.175477+00:00,2
189,08N_PR1,34,0.0, , , , ,0.0,1,4,12,True,2025-10-16 23:16:46.175477+00:00,2,2025-10-16 23:16:46.175477+00:00,2
190,08N_PR2,35,0.0, , , , ,0.0,1,4,12,True,2025-10-16 23:16:46.175477+00:00,2,2025-10-16 23:16:46.175477+00:00,2
191,08N_SA1,36,0.0, , , , ,0.0,1,4,12,True,2025-10-16 23:16:46.175477+00:00,2,2025-10-16 23:16:46.175477+00:00,2
192,08N_SA2,37,0.0, , , , ,0.0,1,4,12,True,2025-10-16 23:16:46.175477+00:00,2,2025-10-16 23:16:46.175477+00:00,2
193,08S_NA1,38,0.0, , , , ,0.0,1,4,12,True,2025-10-16 23:16:46.175477+00:00,2,2025-10-16 23:16:46.175477+00:00,2
194,08S_NA2,39,0.0, , , , ,0.0,1,4,12,True,2025-10-16 23:16:46.175477+00:00,2,2025-10-16 23:16:46.175477+00:00,2
195,08S_NU,40,0.0, , , , ,0.0,1,4,12,True,2025-10-16 23:16:46.175477+00:00,2,2025-10-16 23:16:46.175477+00:00,2
196,08S_PA,41,0.0, , , , ,0.0,1,4,12,True,2025-10-16 23:16:46.175477+00:00,2,2025-10-16 23:16:46.175477+00:00,2
197,08S_PR,42,0.0, , , , ,0.0,1,4,12,True,2025-10-16 23:16:46.175477+00:00,2,2025-10-16 23:16:46.175477+00:00,2
198,08S_SA1,43,0.0, , , , ,0.0,1,4,12,True,2025-10-16 23:16:46.175477+00:00,2,2025-10-16 23:16:46.175477+00:00,2
199,08S_SA2,44,0.0, , , , ,0.0,1,4,12,True,2025-10-16 23:16:46.175477+00:00,2,2025-10-16 23:16:46.175477+00:00,2
200,08S_SA3,45,0.0, , , , ,0.0,1,4,12,True,2025-10-16 23:16:46.175477+00:00,2,2025-10-16 23:16:46.175477+00:00,2
201,09_NA,46,0.0, , , , ,0.0,1,4,12,True,2025-10-16 23:16:46.175477+00:00,2,2025-10-16 23:16:46.175477+00:00,2
202,09_NU,47,0.0, , , , ,0.0,1,4,12,True,2025-10-16 23:16:46.175477+00:00,2,2025-10-16 23:16:46.175477+00:00,2
203,09_PR,48,0.0, , , , ,0.0,1,4,12,True,2025-10-16 23:16:46.175477+00:00,2,2025-10-16 23:16:46.175477+00:00,2
204,09_SA1,49,0.0, , , , ,0.0,1,4,12,True,2025-10-16 23:16:46.175477+00:00,2,2025-10-16 23:16:46.175477+00:00,2
205,09_SA2,50,0.0, , , , ,0.0,1,4,12,True,2025-10-16 23:16:46.175477+00:00,2,2025-10-16 23:16:46.175477+00:00,2
206,10_NA,51,0.0, , , , ,0.0,1,4,12,True,2025-10-16 23:16:46.175477+00:00,2,2025-10-16 23:16:46.175477+00:00,2
207,10_NU1,52,0.0, , , , ,0.0,1,4,12,True,2025-10-16 23:16:46.175477+00:00,2,2025-10-16 23:16:46.175477+00:00,2
208,10_NU2,53,0.0, , , , ,0.0,1,4,12,True,2025-10-16 23:16:46.175477+00:00,2,2025-10-16 23:16:46.175477+00:00,2
209,11_NA,54,0.0, , , , ,0.0,1,4,12,True,2025-10-16 23:16:46.175477+00:00,2,2025-10-16 23:16:46.175477+00:00,2
210,11_NU1,55,0.0, , , , ,0.0,1,4,12,True,2025-10-16 23:16:46.175477+00:00,2,2025-10-16 23:16:46.175477+00:00,2
211,11_NU2,56,0.0, , , , ,0.0,1,4,12,True,2025-10-16 23:16:46.175477+00:00,2,2025-10-16 23:16:46.175477+00:00,2
212,11_PR,57,0.0, , , , ,0.0,1,4,12,True,2025-10-16 23:16:46.175477+00:00,2,2025-10-16 23:16:46.175477+00:00,2
213,11_SA1,58,0.0, , , , ,0.0,1,4,12,True,2025-10-16 23:16:46.175477+00:00,2,2025-10-16 23:16:46.175477+00:00,2
214,11_SA2,59,0.0, , , , ,0.0,1,4,12,True,2025-10-16 23:16:46.175477+00:00,2,2025-10-16 23:16:46.175477+00:00,2
215,11_SA3,60,0.0, , , , ,0.0,1,4,12,True,2025-10-16 23:16:46.175477+00:00,2,2025-10-16 23:16:46.175477+00:00,2
216,11_SA4,61,0.0, , , , ,0.0,1,4,12,True,2025-10-16 23:16:46.175477+00:00,2,2025-10-16 23:16:46.175477+00:00,2
217,12_NA,62,0.0, , , , ,0.0,1,4,12,True,2025-10-16 23:16:46.175477+00:00,2,2025-10-16 23:16:46.175477+00:00,2
218,12_NU1,63,0.0, , , , ,0.0,1,4,12,True,2025-10-16 23:16:46.175477+00:00,2,2025-10-16 23:16:46.175477+00:00,2
219,12_NU2,64,0.0, , , , ,0.0,1,4,12,True,2025-10-16 23:16:46.175477+00:00,2,2025-10-16 23:16:46.175477+00:00,2
220,12_SA,65,0.0, , , , ,0.0,1,4,12,True,2025-10-16 23:16:46.175477+00:00,2,2025-10-16 23:16:46.175477+00:00,2
221,13_NA,66,0.0, , , , ,0.0,1,4,12,True,2025-10-16 23:16:46.175477+00:00,2,2025-10-16 23:16:46.175477+00:00,2
222,13_NU1,67,0.0, , , , ,0.0,1,4,12,True,2025-10-16 23:16:46.175477+00:00,2,2025-10-16 23:16:46.175477+00:00,2
223,13_NU2,68,0.0, , , , ,0.0,1,4,12,True,2025-10-16 23:16:46.175477+00:00,2,2025-10-16 23:16:46.175477+00:00,2
224,14_NA,69,0.0, , , , ,0.0,1,4,12,True,2025-10-16 23:16:46.175477+00:00,2,2025-10-16 23:16:46.175477+00:00,2
225,14_NU,70,0.0, , , , ,0.0,1,4,12,True,2025-10-16 23:16:46.175477+00:00,2,2025-10-16 23:16:46.175477+00:00,2
226,15N_NA1,71,0.0, , , , ,0.0,1,4,12,True,2025-10-16 23:16:46.175477+00:00,2,2025-10-16 23:16:46.175477+00:00,2
227,15N_NA2,72,0.0, , , , ,0.0,1,4,12,True,2025-10-16 23:16:46.175477+00:00,2,2025-10-16 23:16:46.175477+00:00,2
228,15N_NU,73,0.0, , , , ,0.0,1,4,12,True,2025-10-16 23:16:46.175477+00:00,2,2025-10-16 23:16:46.175477+00:00,2
229,15N_SA,74,0.0, , , , ,0.0,1,4,12,True,2025-10-16 23:16:46.175477+00:00,2,2025-10-16 23:16:46.175477+00:00,2
230,15S_NA1,75,0.0, , , , ,0.0,1,4,12,True,2025-10-16 23:16:46.175477+00:00,2,2025-10-16 23:16:46.175477+00:00,2
231,15S_NA2,76,0.0, , , , ,0.0,1,4,12,True,2025-10-16 23:16:46.175477+00:00,2,2025-10-16 23:16:46.175477+00:00,2
232,15S_NU,77,0.0, , , , ,0.0,1,4,12,True,2025-10-16 23:16:46.175477+00:00,2,2025-10-16 23:16:46.175477+00:00,2
233,15S_SA,78,0.0, , , , ,0.0,1,4,12,True,2025-10-16 23:16:46.175477+00:00,2,2025-10-16 23:16:46.175477+00:00,2
234,16_NA1,79,0.0, , , , ,0.0,1,4,12,True,2025-10-16 23:16:46.175477+00:00,2,2025-10-16 23:16:46.175477+00:00,2
235,16_NA2,80,0.0, , , , ,0.0,1,4,12,True,2025-10-16 23:16:46.175477+00:00,2,2025-10-16 23:16:46.175477+00:00,2
236,16_NU,81,0.0, , , , ,0.0,1,4,12,True,2025-10-16 23:16:46.175477+00:00,2,2025-10-16 23:16:46.175477+00:00,2
237,16_PA,82,0.0, , , , ,0.0,1,4,12,True,2025-10-16 23:16:46.175477+00:00,2,2025-10-16 23:16:46.175477+00:00,2
238,16_PU,83,0.0, , , , ,0.0,1,4,12,True,2025-10-16 23:16:46.175477+00:00,2,2025-10-16 23:16:46.175477+00:00,2
239,16_SA,84,0.0, , , , ,0.0,1,4,12,True,2025-10-16 23:16:46.175477+00:00,2,2025-10-16 23:16:46.175477+00:00,2
240,17N_NA,85,0.0, , , , ,0.0,1,4,12,True,2025-10-16 23:16:46.175477+00:00,2,2025-10-16 23:16:46.175477+00:00,2
241,17N_NR,86,0.0, , , , ,0.0,1,4,12,True,2025-10-16 23:16:46.175477+00:00,2,2025-10-16 23:16:46.175477+00:00,2
242,17N_NU,87,0.0, , , , ,0.0,1,4,12,True,2025-10-16 23:16:46.175477+00:00,2,2025-10-16 23:16:46.175477+00:00,2
243,17N_PR,88,0.0, , , , ,0.0,1,4,12,True,2025-10-16 23:16:46.175477+00:00,2,2025-10-16 23:16:46.175477+00:00,2
244,17S_NA,89,0.0, , , , ,0.0,1,4,12,True,2025-10-16 23:16:46.175477+00:00,2,2025-10-16 23:16:46.175477+00:00,2
245,17S_NU,90,0.0, , , , ,0.0,1,4,12,True,2025-10-16 23:16:46.175477+00:00,2,2025-10-16 23:16:46.175477+00:00,2
246,17S_PR,91,0.0, , , , ,0.0,1,4,12,True,2025-10-16 23:16:46.175477+00:00,2,2025-10-16 23:16:46.175477+00:00,2
247,17S_SA,92,0.0, , , , ,0.0,1,4,12,True,2025-10-16 23:16:46.175477+00:00,2,2025-10-16 23:16:46.175477+00:00,2
248,18_NA,93,0.0, , , , ,0.0,1,4,12,True,2025-10-16 23:16:46.175477+00:00,2,2025-10-16 23:16:46.175477+00:00,2
249,18_NU,94,0.0, , , , ,0.0,1,4,12,True,2025-10-16 23:16:46.175477+00:00,2,2025-10-16 23:16:46.175477+00:00,2
250,18_SA,95,0.0, , , , ,0.0,1,4,12,True,2025-10-16 23:16:46.175477+00:00,2,2025-10-16 23:16:46.175477+00:00,2
251,19_NU,96,0.0, , , , ,0.0,1,4,12,True,2025-10-16 23:16:46.175477+00:00,2,2025-10-16 23:16:46.175477+00:00,2
252,19_SA,97,0.0, , , , ,0.0,1,4,12,True,2025-10-16 23:16:46.175477+00:00,2,2025-10-16 23:16:46.175477+00:00,2
253,20_NA1,98,0.0, , , , ,0.0,1,4,12,True,2025-10-16 23:16:46.175477+00:00,2,2025-10-16 23:16:46.175477+00:00,2
254,20_NA2,99,0.0, , , , ,0.0,1,4,12,True,2025-10-16 23:16:46.175477+00:00,2,2025-10-16 23:16:46.175477+00:00,2
255,20_NU1,100,0.0, , , , ,0.0,1,4,12,True,2025-10-16 23:16:46.175477+00:00,2,2025-10-16 23:16:46.175477+00:00,2
256,20_NU2,101,0.0, , , , ,0.0,1,4,12,True,2025-10-16 23:16:46.175477+00:00,2,2025-10-16 23:16:46.175477+00:00,2
257,20_PA,102,0.0, , , , ,0.0,1,4,12,True,2025-10-16 23:16:46.175477+00:00,2,2025-10-16 23:16:46.175477+00:00,2
258,21_NA,103,0.0, , , , ,0.0,1,4,12,True,2025-10-16 23:16:46.175477+00:00,2,2025-10-16 23:16:46.175477+00:00,2
259,21_NU,104,0.0, , , , ,0.0,1,4,12,True,2025-10-16 23:16:46.175477+00:00,2,2025-10-16 23:16:46.175477+00:00,2
260,21_PA,105,0.0, , , , ,0.0,1,4,12,True,2025-10-16 23:16:46.175477+00:00,2,2025-10-16 23:16:46.175477+00:00,2
261,21_PU,106,0.0, , , , ,0.0,1,4,12,True,2025-10-16 23:16:46.175477+00:00,2,2025-10-16 23:16:46.175477+00:00,2
262,21_SA,107,0.0, , , , ,0.0,1,4,12,True,2025-10-16 23:16:46.175477+00:00,2,2025-10-16 23:16:46.175477+00:00,2
263,22_NA,108,0.0, , , , ,0.0,1,4,12,True,2025-10-16 23:16:46.175477+00:00,2,2025-10-16 23:16:46.175477+00:00,2
264,22_NU,109,0.0, , , , ,0.0,1,4,12,True,2025-10-16 23:16:46.175477+00:00,2,2025-10-16 23:16:46.175477+00:00,2
265,22_SA1,110,0.0, , , , ,0.0,1,4,12,True,2025-10-16 23:16:46.175477+00:00,2,2025-10-16 23:16:46.175477+00:00,2
266,22_SA2,111,0.0, , , , ,0.0,1,4,12,True,2025-10-16 23:16:46.175477+00:00,2,2025-10-16 23:16:46.175477+00:00,2
267,23_NA,112,0.0, , , , ,0.0,1,4,12,True,2025-10-16 23:16:46.175477+00:00,2,2025-10-16 23:16:46.175477+00:00,2
268,23_NU,113,0.0, , , , ,0.0,1,4,12,True,2025-10-16 23:16:46.175477+00:00,2,2025-10-16 23:16:46.175477+00:00,2
269,24_NA1,114,0.0, , , , ,0.0,1,4,12,True,2025-10-16 23:16:46.175477+00:00,2,2025-10-16 23:16:46.175477+00:00,2
270,24_NA2,115,0.0, , , , ,0.0,1,4,12,True,2025-10-16 23:16:46.175477+00:00,2,2025-10-16 23:16:46.175477+00:00,2
271,24_NA3,116,0.0, , , , ,0.0,1,4,12,True,2025-10-16 23:16:46.175477+00:00,2,2025-10-16 23:16:46.175477+00:00,2
272,24_NU1,117,0.0, , , , ,0.0,1,4,12,True,2025-10-16 23:16:46.175477+00:00,2,2025-10-16 23:16:46.175477+00:00,2
273,24_NU2,118,0.0, , , , ,0.0,1,4,12,True,2025-10-16 23:16:46.175477+00:00,2,2025-10-16 23:16:46.175477+00:00,2
274,24_NU3,119,0.0, , , , ,0.0,1,4,12,True,2025-10-16 23:16:46.175477+00:00,2,2025-10-16 23:16:46.175477+00:00,2
275,24_NU4,120,0.0, , , , ,0.0,1,4,12,True,2025-10-16 23:16:46.175477+00:00,2,2025-10-16 23:16:46.175477+00:00,2
276,25_NA,121,0.0, , , , ,0.0,1,4,12,True,2025-10-16 23:16:46.175477+00:00,2,2025-10-16 23:16:46.175477+00:00,2
277,25_NU,122,0.0, , , , ,0.0,1,4,12,True,2025-10-16 23:16:46.175477+00:00,2,2025-10-16 23:16:46.175477+00:00,2
278,25_PA1,123,0.0, , , , ,0.0,1,4,12,True,2025-10-16 23:16:46.175477+00:00,2,2025-10-16 23:16:46.175477+00:00,2
279,25_PA2,124,0.0, , , , ,0.0,1,4,12,True,2025-10-16 23:16:46.175477+00:00,2,2025-10-16 23:16:46.175477+00:00,2
280,25_PU,125,0.0, , , , ,0.0,1,4,12,True,2025-10-16 23:16:46.175477+00:00,2,2025-10-16 23:16:46.175477+00:00,2
281,26N_NA,126,0.0, , , , ,0.0,1,4,12,True,2025-10-16 23:16:46.175477+00:00,2,2025-10-16 23:16:46.175477+00:00,2
282,26N_NU1,127,0.0, , , , ,0.0,1,4,12,True,2025-10-16 23:16:46.175477+00:00,2,2025-10-16 23:16:46.175477+00:00,2
283,26N_NU2,128,0.0, , , , ,0.0,1,4,12,True,2025-10-16 23:16:46.175477+00:00,2,2025-10-16 23:16:46.175477+00:00,2
284,26N_NU3,129,0.0, , , , ,0.0,1,4,12,True,2025-10-16 23:16:46.175477+00:00,2,2025-10-16 23:16:46.175477+00:00,2
285,26N_NU4,130,0.0, , , , ,0.0,1,4,12,True,2025-10-16 23:16:46.175477+00:00,2,2025-10-16 23:16:46.175477+00:00,2
286,26N_NU5,131,0.0, , , , ,0.0,1,4,12,True,2025-10-16 23:16:46.175477+00:00,2,2025-10-16 23:16:46.175477+00:00,2
287,26N_PU1,132,0.0, , , , ,0.0,1,4,12,True,2025-10-16 23:16:46.175477+00:00,2,2025-10-16 23:16:46.175477+00:00,2
288,26N_PU2,133,0.0, , , , ,0.0,1,4,12,True,2025-10-16 23:16:46.175477+00:00,2,2025-10-16 23:16:46.175477+00:00,2
289,26N_PU3,134,0.0, , , , ,0.0,1,4,12,True,2025-10-16 23:16:46.175477+00:00,2,2025-10-16 23:16:46.175477+00:00,2
290,26S_NA,136,0.0, , , , ,0.0,1,4,12,True,2025-10-16 23:16:46.175477+00:00,2,2025-10-16 23:16:46.175477+00:00,2
291,26S_NU1,137,0.0, , , , ,0.0,1,4,12,True,2025-10-16 23:16:46.175477+00:00,2,2025-10-16 23:16:46.175477+00:00,2
292,26S_NU2,138,0.0, , , , ,0.0,1,4,12,True,2025-10-16 23:16:46.175477+00:00,2,2025-10-16 23:16:46.175477+00:00,2
293,26S_NU3,139,0.0, , , , ,0.0,1,4,12,True,2025-10-16 23:16:46.175477+00:00,2,2025-10-16 23:16:46.175477+00:00,2
294,26S_NU4,140,0.0, , , , ,0.0,1,4,12,True,2025-10-16 23:16:46.175477+00:00,2,2025-10-16 23:16:46.175477+00:00,2
295,26S_PU1,141,0.0, , , , ,0.0,1,4,12,True,2025-10-16 23:16:46.175477+00:00,2,2025-10-16 23:16:46.175477+00:00,2
296,26S_PU2,142,0.0, , , , ,0.0,1,4,12,True,2025-10-16 23:16:46.175477+00:00,2,2025-10-16 23:16:46.175477+00:00,2
297,26S_PU3,143,0.0, , , , ,0.0,1,4,12,True,2025-10-16 23:16:46.175477+00:00,2,2025-10-16 23:16:46.175477+00:00,2
298,26S_PU4,144,0.0, , , , ,0.0,1,4,12,True,2025-10-16 23:16:46.175477+00:00,2,2025-10-16 23:16:46.175477+00:00,2
299,26S_PU5,145,0.0, , , , ,0.0,1,4,12,True,2025-10-16 23:16:46.175477+00:00,2,2025-10-16 23:16:46.175477+00:00,2
300,26S_PU6,146,0.0, , , , ,0.0,1,4,12,True,2025-10-16 23:16:46.175477+00:00,2,2025-10-16 23:16:46.175477+00:00,2
301,50_PA1,148,0.0, , , , ,0.0,1,4,12,True,2025-10-16 23:16:46.175477+00:00,2,2025-10-16 23:16:46.175477+00:00,2
302,50_PA2,149,0.0,,,,,0.0,1,4,12,True,2025-10-16 23:16:46.175477+00:00,2,2025-10-16 23:16:46.175477+00:00,2
303,50_PU,150,0.0,,,,,0.0,1,4,12,True,2025-10-16 23:16:46.175477+00:00,2,2025-10-16 23:16:46.175477+00:00,2
304,60N_NA1,151,0.0,,,,,0.0,1,4,12,True,2025-10-16 23:16:46.175477+00:00,2,2025-10-16 23:16:46.175477+00:00,2
305,60N_NA2,152,0.0, , , , ,0.0,1,4,12,True,2025-10-16 23:16:46.175477+00:00,2,2025-10-16 23:16:46.175477+00:00,2
306,60N_NA3,153,0.0, , , , ,0.0,1,4,12,True,2025-10-16 23:16:46.175477+00:00,2,2025-10-16 23:16:46.175477+00:00,2
307,60N_NA4,154,0.0, , , , ,0.0,1,4,12,True,2025-10-16 23:16:46.175477+00:00,2,2025-10-16 23:16:46.175477+00:00,2
308,60N_NA5,155,0.0,,,,,0.0,1,4,12,True,2025-10-16 23:16:46.175477+00:00,2,2025-10-16 23:16:46.175477+00:00,2
309,60N_NU1,156,0.0, , , , ,0.0,1,4,12,True,2025-10-16 23:16:46.175477+00:00,2,2025-10-16 23:16:46.175477+00:00,2
310,60N_NU2,157,0.0,,,,,0.0,1,4,12,True,2025-10-16 23:16:46.175477+00:00,2,2025-10-16 23:16:46.175477+00:00,2
311,60N_PU,158,0.0, , , , ,0.0,1,4,12,True,2025-10-16 23:16:46.175477+00:00,2,2025-10-16 23:16:46.175477+00:00,2
312,60S_NA1,159,0.0,,,,,0.0,1,4,12,True,2025-10-16 23:16:46.175477+00:00,2,2025-10-16 23:16:46.175477+00:00,2
313,60S_NA2,160,0.0,,,,,0.0,1,4,12,True,2025-10-16 23:16:46.175477+00:00,2,2025-10-16 23:16:46.175477+00:00,2
314,60S_NU1,161,0.0,,,,,0.0,1,4,12,True,2025-10-16 23:16:46.175477+00:00,2,2025-10-16 23:16:46.175477+00:00,2
315,60S_NU2,162,0.0,,,,,0.0,1,4,12,True,2025-10-16 23:16:46.175477+00:00,2,2025-10-16 23:16:46.175477+00:00,2
316,60S_PA1,163,0.0,,,,,0.0,1,4,12,True,2025-10-16 23:16:46.175477+00:00,2,2025-10-16 23:16:46.175477+00:00,2
317,60S_PA2,164,0.0,,,,,0.0,1,4,12,True,2025-10-16 23:16:46.175477+00:00,2,2025-10-16 23:16:46.175477+00:00,2
318,61_NA1,165,0.0,,,,,0.0,1,4,12,True,2025-10-16 23:16:46.175477+00:00,2,2025-10-16 23:16:46.175477+00:00,2
319,61_NA2,166,0.0,,,,,0.0,1,4,12,True,2025-10-16 23:16:46.175477+00:00,2,2025-10-16 23:16:46.175477+00:00,2
320,61_NA3,167,0.0,,,,,0.0,1,4,12,True,2025-10-16 23:16:46.175477+00:00,2,2025-10-16 23:16:46.175477+00:00,2
321,61_NA4,168,0.0,,,,,0.0,1,4,12,True,2025-10-16 23:16:46.175477+00:00,2,2025-10-16 23:16:46.175477+00:00,2
322,61_NA5,169,0.0,,,,,0.0,1,4,12,True,2025-10-16 23:16:46.175477+00:00,2,2025-10-16 23:16:46.175477+00:00,2
323,61_NA6,170,0.0,,,,,0.0,1,4,12,True,2025-10-16 23:16:46.175477+00:00,2,2025-10-16 23:16:46.175477+00:00,2
324,61_NU1,171,0.0,,,,,0.0,1,4,12,True,2025-10-16 23:16:46.175477+00:00,2,2025-10-16 23:16:46.175477+00:00,2
325,61_NU2,172,0.0,,,,,0.0,1,4,12,True,2025-10-16 23:16:46.175477+00:00,2,2025-10-16 23:16:46.175477+00:00,2
326,61_NU3,173,0.0,,,,,0.0,1,4,12,True,2025-10-16 23:16:46.175477+00:00,2,2025-10-16 23:16:46.175477+00:00,2
327,61_PA1,174,0.0,,,,,0.0,1,4,12,True,2025-10-16 23:16:46.175477+00:00,2,2025-10-16 23:16:46.175477+00:00,2
328,61_PA2,175,0.0,,,,,0.0,1,4,12,True,2025-10-16 23:16:46.175477+00:00,2,2025-10-16 23:16:46.175477+00:00,2
329,61_PA3,176,0.0,,,,,0.0,1,4,12,True,2025-10-16 23:16:46.175477+00:00,2,2025-10-16 23:16:46.175477+00:00,2
330,62_NA1,177,0.0,,,,,0.0,1,4,12,True,2025-10-16 23:16:46.175477+00:00,2,2025-10-16 23:16:46.175477+00:00,2
331,62_NA2,178,0.0,,,,,0.0,1,4,12,True,2025-10-16 23:16:46.175477+00:00,2,2025-10-16 23:16:46.175477+00:00,2
332,62_NA3,179,0.0,,,,,0.0,1,4,12,True,2025-10-16 23:16:46.175477+00:00,2,2025-10-16 23:16:46.175477+00:00,2
333,62_NA4,180,0.0,,,,,0.0,1,4,12,True,2025-10-16 23:16:46.175477+00:00,2,2025-10-16 23:16:46.175477+00:00,2
334,62_NA5,181,0.0,,,,,0.0,1,4,12,True,2025-10-16 23:16:46.175477+00:00,2,2025-10-16 23:16:46.175477+00:00,2
335,62_NA6,182,0.0,,,,,0.0,1,4,12,True,2025-10-16 23:16:46.175477+00:00,2,2025-10-16 23:16:46.175477+00:00,2
336,62_NU,183,0.0,,,,,0.0,1,4,12,True,2025-10-16 23:16:46.175477+00:00,2,2025-10-16 23:16:46.175477+00:00,2
337,63_NA1,184,0.0,,,,,0.0,1,4,12,True,2025-10-16 23:16:46.175477+00:00,2,2025-10-16 23:16:46.175477+00:00,2
338,63_NA2,185,0.0,,,,,0.0,1,4,12,True,2025-10-16 23:16:46.175477+00:00,2,2025-10-16 23:16:46.175477+00:00,2
339,63_NA3,186,0.0,,,,,0.0,1,4,12,True,2025-10-16 23:16:46.175477+00:00,2,2025-10-16 23:16:46.175477+00:00,2
340,63_NA4,187,0.0,,,,,0.0,1,4,12,True,2025-10-16 23:16:46.175477+00:00,2,2025-10-16 23:16:46.175477+00:00,2
341,63_NU,189,0.0,,,,,0.0,1,4,12,True,2025-10-16 23:16:46.175477+00:00,2,2025-10-16 23:16:46.175477+00:00,2
342,63_PR1,190,0.0,,,,,0.0,1,4,12,True,2025-10-16 23:16:46.175477+00:00,2,2025-10-16 23:16:46.175477+00:00,2
343,63_PR2,191,0.0,,,,,0.0,1,4,12,True,2025-10-16 23:16:46.175477+00:00,2,2025-10-16 23:16:46.175477+00:00,2
344,63_PR3,192,0.0,,,,,0.0,1,4,12,True,2025-10-16 23:16:46.175477+00:00,2,2025-10-16 23:16:46.175477+00:00,2
345,64_NA1,193,0.0,,,,,0.0,1,4,12,True,2025-10-16 23:16:46.175477+00:00,2,2025-10-16 23:16:46.175477+00:00,2
346,64_NA2,194,0.0,,,,,0.0,1,4,12,True,2025-10-16 23:16:46.175477+00:00,2,2025-10-16 23:16:46.175477+00:00,2
347,64_NU,195,0.0,,,,,0.0,1,4,12,True,2025-10-16 23:16:46.175477+00:00,2,2025-10-16 23:16:46.175477+00:00,2
348,64_PA1,196,0.0,,,,,0.0,1,4,12,True,2025-10-16 23:16:46.175477+00:00,2,2025-10-16 23:16:46.175477+00:00,2
349,64_PA2,197,0.0,,,,,0.0,1,4,12,True,2025-10-16 23:16:46.175477+00:00,2,2025-10-16 23:16:46.175477+00:00,2
350,64_PA3,198,0.0,,,,,0.0,1,4,12,True,2025-10-16 23:16:46.175477+00:00,2,2025-10-16 23:16:46.175477+00:00,2
351,64_XA,199,0.0,,,,,0.0,1,4,12,True,2025-10-16 23:16:46.175477+00:00,2,2025-10-16 23:16:46.175477+00:00,2
352,71_NA1,200,0.0,,,,,0.0,1,4,12,True,2025-10-16 23:16:46.175477+00:00,2,2025-10-16 23:16:46.175477+00:00,2
353,71_NA2,201,0.0,,,,,0.0,1,4,12,True,2025-10-16 23:16:46.175477+00:00,2,2025-10-16 23:16:46.175477+00:00,2
354,71_NA3,202,0.0,,,,,0.0,1,4,12,True,2025-10-16 23:16:46.175477+00:00,2,2025-10-16 23:16:46.175477+00:00,2
355,71_NU,203,0.0,,,,,0.0,1,4,12,True,2025-10-16 23:16:46.175477+00:00,2,2025-10-16 23:16:46.175477+00:00,2
356,71_PA1,204,0.0,,,,,0.0,1,4,12,True,2025-10-16 23:16:46.175477+00:00,2,2025-10-16 23:16:46.175477+00:00,2
357,71_PA2,205,0.0,,,,,0.0,1,4,12,True,2025-10-16 23:16:46.175477+00:00,2,2025-10-16 23:16:46.175477+00:00,2
358,71_PA3,206,0.0,,,,,0.0,1,4,12,True,2025-10-16 23:16:46.175477+00:00,2,2025-10-16 23:16:46.175477+00:00,2
359,71_PA4,207,0.0,,,,,0.0,1,4,12,True,2025-10-16 23:16:46.175477+00:00,2,2025-10-16 23:16:46.175477+00:00,2
360,71_PA5,208,0.0,,,,,0.0,1,4,12,True,2025-10-16 23:16:46.175477+00:00,2,2025-10-16 23:16:46.175477+00:00,2
361,71_PA6,209,0.0,,,,,0.0,1,4,12,True,2025-10-16 23:16:46.175477+00:00,2,2025-10-16 23:16:46.175477+00:00,2
362,71_PA7,210,0.0,,,,,0.0,1,4,12,True,2025-10-16 23:16:46.175477+00:00,2,2025-10-16 23:16:46.175477+00:00,2
363,71_PA8,211,0.0,,,,,0.0,1,4,12,True,2025-10-16 23:16:46.175477+00:00,2,2025-10-16 23:16:46.175477+00:00,2
364,71_PU1,212,0.0,,,,,0.0,1,4,12,True,2025-10-16 23:16:46.175477+00:00,2,2025-10-16 23:16:46.175477+00:00,2
365,71_PU2,213,0.0,,,,,0.0,1,4,12,True,2025-10-16 23:16:46.175477+00:00,2,2025-10-16 23:16:46.175477+00:00,2
366,72_NA1,214,0.0,,,,,0.0,1,4,12,True,2025-10-16 23:16:46.175477+00:00,2,2025-10-16 23:16:46.175477+00:00,2
367,72_NA2,215,0.0,,,,,0.0,1,4,12,True,2025-10-16 23:16:46.175477+00:00,2,2025-10-16 23:16:46.175477+00:00,2
368,72_NU,216,0.0,,,,,0.0,1,4,12,True,2025-10-16 23:16:46.175477+00:00,2,2025-10-16 23:16:46.175477+00:00,2
369,72_PA,217,0.0,,,,,0.0,1,4,12,True,2025-10-16 23:16:46.175477+00:00,2,2025-10-16 23:16:46.175477+00:00,2
370,72_PR1,218,0.0,,,,,0.0,1,4,12,True,2025-10-16 23:16:46.175477+00:00,2,2025-10-16 23:16:46.175477+00:00,2
371,72_PR2,219,0.0,,,,,0.0,1,4,12,True,2025-10-16 23:16:46.175477+00:00,2,2025-10-16 23:16:46.175477+00:00,2
372,72_PR3,220,0.0,,,,,0.0,1,4,12,True,2025-10-16 23:16:46.175477+00:00,2,2025-10-16 23:16:46.175477+00:00,2
373,72_PR4,221,0.0,,,,,0.0,1,4,12,True,2025-10-16 23:16:46.175477+00:00,2,2025-10-16 23:16:46.175477+00:00,2
374,72_PR5,222,0.0,,,,,0.0,1,4,12,True,2025-10-16 23:16:46.175477+00:00,2,2025-10-16 23:16:46.175477+00:00,2
375,72_PR6,223,0.0,,,,,0.0,1,4,12,True,2025-10-16 23:16:46.175477+00:00,2,2025-10-16 23:16:46.175477+00:00,2
376,72_PU,224,0.0,,,,,0.0,1,4,12,True,2025-10-16 23:16:46.175477+00:00,2,2025-10-16 23:16:46.175477+00:00,2
377,72_XA1,225,0.0,,,,,0.0,1,4,12,True,2025-10-16 23:16:46.175477+00:00,2,2025-10-16 23:16:46.175477+00:00,2
378,72_XA2,227,0.0,,,,,0.0,1,4,12,True,2025-10-16 23:16:46.175477+00:00,2,2025-10-16 23:16:46.175477+00:00,2
379,72_XA3,228,0.0,,,,,0.0,1,4,12,True,2025-10-16 23:16:46.175477+00:00,2,2025-10-16 23:16:46.175477+00:00,2
380,73_NA,229,0.0,,,,,0.0,1,4,12,True,2025-10-16 23:16:46.175477+00:00,2,2025-10-16 23:16:46.175477+00:00,2
381,73_NU,230,0.0,,,,,0.0,1,4,12,True,2025-10-16 23:16:46.175477+00:00,2,2025-10-16 23:16:46.175477+00:00,2
382,73_PA1,231,0.0,,,,,0.0,1,4,12,True,2025-10-16 23:16:46.175477+00:00,2,2025-10-16 23:16:46.175477+00:00,2
383,73_PA2,232,0.0,,,,,0.0,1,4,12,True,2025-10-16 23:16:46.175477+00:00,2,2025-10-16 23:16:46.175477+00:00,2
384,73_PA3,233,0.0,,,,,0.0,1,4,12,True,2025-10-16 23:16:46.175477+00:00,2,2025-10-16 23:16:46.175477+00:00,2
385,73_XA,234,0.0,,,,,0.0,1,4,12,True,2025-10-16 23:16:46.175477+00:00,2,2025-10-16 23:16:46.175477+00:00,2
386,90_NA,235,0.0,,,,,0.0,1,4,12,True,2025-10-16 23:16:46.175477+00:00,2,2025-10-16 23:16:46.175477+00:00,2
387,90_PA1,236,0.0,,,,,0.0,1,4,12,True,2025-10-16 23:16:46.175477+00:00,2,2025-10-16 23:16:46.175477+00:00,2
388,90_PA2,237,0.0,,,,,0.0,1,4,12,True,2025-10-16 23:16:46.175477+00:00,2,2025-10-16 23:16:46.175477+00:00,2
389,90_PU,238,0.0,,,,,0.0,1,4,12,True,2025-10-16 23:16:46.175477+00:00,2,2025-10-16 23:16:46.175477+00:00,2
390,91_PA,239,0.0,,,,,0.0,1,4,12,True,2025-10-16 23:16:46.175477+00:00,2,2025-10-16 23:16:46.175477+00:00,2
391,91_PR,240,0.0,,,,,0.0,1,4,12,True,2025-10-16 23:16:46.175477+00:00,2,2025-10-16 23:16:46.175477+00:00,2
392,ABN000,242,0.0, , , ,ABN,0.0,1,4,12,True,2025-10-16 23:16:46.175477+00:00,2,2025-10-16 23:16:46.175477+00:00,2
393,ABN006,243,6.49, , , ,ABN,6.0,1,4,12,True,2025-10-16 23:16:46.175477+00:00,2,2025-10-16 23:16:46.175477+00:00,2
394,ABN010,244,10.38, , , ,ABN,10.0,1,4,12,True,2025-10-16 23:16:46.175477+00:00,2,2025-10-16 23:16:46.175477+00:00,2
395,ABN014,245,14.0, , ,NID Lincoln Gage,ABN,14.0,1,4,12,True,2025-10-16 23:16:46.175477+00:00,2,2025-10-16 23:16:46.175477+00:00,2
396,ABN024,246,23.5, , , ,ABN,24.0,1,4,12,True,2025-10-16 23:16:46.175477+00:00,2,2025-10-16 23:16:46.175477+00:00,2
397,ABN026,247,25.95, , , ,ABN,26.0,1,4,12,True,2025-10-16 23:16:46.175477+00:00,2,2025-10-16 23:16:46.175477+00:00,2
398,ABN027,248,27.0, , , ,ABN,27.0,1,4,12,True,2025-10-16 23:16:46.175477+00:00,2,2025-10-16 23:16:46.175477+00:00,2
399,ABT002,249,2.23, , , ,ABT,2.0,1,4,12,True,2025-10-16 23:16:46.175477+00:00,2,2025-10-16 23:16:46.175477+00:00,2
400,ACP001,250,0.86,,,11439950,ACP,1.0,1,4,12,True,2025-10-16 23:16:46.175477+00:00,2,2025-10-16 23:16:46.175477+00:00,2
401,ALD001,251,0.89,,,,ALD,1.0,1,4,12,True,2025-10-16 23:16:46.175477+00:00,2,2025-10-16 23:16:46.175477+00:00,2
402,ALD002,252,1.1,,,,ALD,2.0,1,4,12,True,2025-10-16 23:16:46.175477+00:00,2,2025-10-16 23:16:46.175477+00:00,2
403,ALD004,253,3.85,,,,ALD,4.0,1,4,12,True,2025-10-16 23:16:46.175477+00:00,2,2025-10-16 23:16:46.175477+00:00,2
404,ALMNR,254,70.4399999999999,,,11399000,NFF,0.0,1,4,12,True,2025-10-16 23:16:46.175477+00:00,2,2025-10-16 23:16:46.175477+00:00,2
405,ALOHA,255,1.459,,,11434900,PYR,0.0,1,4,12,True,2025-10-16 23:16:46.175477+00:00,2,2025-10-16 23:16:46.175477+00:00,2
406,ALPNE,256,,,,,,,1,4,12,True,2025-10-16 23:16:46.175477+00:00,2,2025-10-16 23:16:46.175477+00:00,2
407,AMADR,257,8.58,,,,,0.0,1,4,12,True,2025-10-16 23:16:46.175477+00:00,2,2025-10-16 23:16:46.175477+00:00,2
408,AMCYN,259,0.0, , , , ,0.0,1,4,12,True,2025-10-16 23:16:46.175477+00:00,2,2025-10-16 23:16:46.175477+00:00,2
409,AMDOR,260,0.0,,,,,0.0,1,4,12,True,2025-10-16 23:16:46.175477+00:00,2,2025-10-16 23:16:46.175477+00:00,2
410,AMR004,261,4.0,374,379, ,AMR,4.0,1,4,12,True,2025-10-16 23:16:46.175477+00:00,2,2025-10-16 23:16:46.175477+00:00,2
411,AMR006,262,6.51, , ,11447000,AMR,6.0,1,4,12,True,2025-10-16 23:16:46.175477+00:00,2,2025-10-16 23:16:46.175477+00:00,2
412,AMR007,263,7.27, , , ,AMR,7.0,1,4,12,True,2025-10-16 23:16:46.175477+00:00,2,2025-10-16 23:16:46.175477+00:00,2
413,AMR009,264,9.0,375,378,11446980,AMR,9.0,1,4,12,True,2025-10-16 23:16:46.175477+00:00,2,2025-10-16 23:16:46.175477+00:00,2
414,AMR015,265,15.0,380,377, ,AMR,15.0,1,4,12,True,2025-10-16 23:16:46.175477+00:00,2,2025-10-16 23:16:46.175477+00:00,2
415,AMR017,266,16.58, , , ,AMR,17.0,1,4,12,True,2025-10-16 23:16:46.175477+00:00,2,2025-10-16 23:16:46.175477+00:00,2
416,AMR020,267,20.0,384,376, ,AMR,20.0,1,4,12,True,2025-10-16 23:16:46.175477+00:00,2,2025-10-16 23:16:46.175477+00:00,2
417,AMR022,268,22.07, , ,11446500,AMR,22.0,1,4,12,True,2025-10-16 23:16:46.175477+00:00,2,2025-10-16 23:16:46.175477+00:00,2
418,ANG014,271,14.3,,,11298700,ANG,14.0,1,4,12,True,2025-10-16 23:16:46.175477+00:00,2,2025-10-16 23:16:46.175477+00:00,2
419,ANG015,272,14.6,,,,ANG,15.0,1,4,12,True,2025-10-16 23:16:46.175477+00:00,2,2025-10-16 23:16:46.175477+00:00,2
420,ANG017,273,17.44,,,11298650,ANG,17.0,1,4,12,True,2025-10-16 23:16:46.175477+00:00,2,2025-10-16 23:16:46.175477+00:00,2
421,ANT010,275,10.0,073,233,11379000,ANT,10.0,1,4,12,True,2025-10-16 23:16:46.175477+00:00,2,2025-10-16 23:16:46.175477+00:00,2
422,ANT011,276,11.4, , ,11379000,ANT,11.0,1,4,12,True,2025-10-16 23:16:46.175477+00:00,2,2025-10-16 23:16:46.175477+00:00,2
423,ANTLP,277,39.82,,,,,0.0,1,4,12,True,2025-10-16 23:16:46.175477+00:00,2,2025-10-16 23:16:46.175477+00:00,2
424,ANTOC,278,0.0, , , , ,0.0,1,4,12,True,2025-10-16 23:16:46.175477+00:00,2,2025-10-16 23:16:46.175477+00:00,2
425,ARY010,279,10.0,,,,ARY,10.0,1,4,12,True,2025-10-16 23:16:46.175477+00:00,2,2025-10-16 23:16:46.175477+00:00,2
426,ASL013,280,12.84,,,,ASL,13.0,1,4,12,True,2025-10-16 23:16:46.175477+00:00,2,2025-10-16 23:16:46.175477+00:00,2
427,AWWWTP,281,0.0,,,,,0.0,1,4,12,True,2025-10-16 23:16:46.175477+00:00,2,2025-10-16 23:16:46.175477+00:00,2
428,BANOS,300,27.96,,,,,0.0,1,4,12,True,2025-10-16 23:16:46.175477+00:00,2,2025-10-16 23:16:46.175477+00:00,2
429,BCC004,303,4.0,130,271, ,BCC,4.0,1,4,12,True,2025-10-16 23:16:46.175477+00:00,2,2025-10-16 23:16:46.175477+00:00,2
430,BCC006,304,6.0,131,270,11384200,BCC,6.0,1,4,12,True,2025-10-16 23:16:46.175477+00:00,2,2025-10-16 23:16:46.175477+00:00,2
431,BCC012,305,12.0,132,269,11384004 / DWR A0-4250 (BIC),BCC,12.0,1,4,12,True,2025-10-16 23:16:46.175477+00:00,2,2025-10-16 23:16:46.175477+00:00,2
432,BCC014,306,13.71, , ,11384000,BCC,14.0,1,4,12,True,2025-10-16 23:16:46.175477+00:00,2,2025-10-16 23:16:46.175477+00:00,2
433,BCK006,307,6.0,,,,BCK,6.0,1,4,12,True,2025-10-16 23:16:46.175477+00:00,2,2025-10-16 23:16:46.175477+00:00,2
434,BCK010,308,10.0,736,110,,BCK,10.0,1,4,12,True,2025-10-16 23:16:46.175477+00:00,2,2025-10-16 23:16:46.175477+00:00,2
435,BCK017,309,17.0,737,109,,BCK,17.0,1,4,12,True,2025-10-16 23:16:46.175477+00:00,2,2025-10-16 23:16:46.175477+00:00,2
436,BCK024,310,24.0,738,108,11260290,BCK,24.0,1,4,12,True,2025-10-16 23:16:46.175477+00:00,2,2025-10-16 23:16:46.175477+00:00,2
437,BCK031,312,31.0,739,107,,BCK,31.0,1,4,12,True,2025-10-16 23:16:46.175477+00:00,2,2025-10-16 23:16:46.175477+00:00,2
438,BCK033,313,33.3999999999999,,,,BCK,33.0,1,4,12,True,2025-10-16 23:16:46.175477+00:00,2,2025-10-16 23:16:46.175477+00:00,2
439,BCK035,314,35.0,740,106,,BCK,35.0,1,4,12,True,2025-10-16 23:16:46.175477+00:00,2,2025-10-16 23:16:46.175477+00:00,2
440,BCK040,315,40.1599999999999,741,105,,BCK,40.0,1,4,12,True,2025-10-16 23:16:46.175477+00:00,2,2025-10-16 23:16:46.175477+00:00,2
441,BCM003,316,2.68,,,,BCM,3.0,1,4,12,True,2025-10-16 23:16:46.175477+00:00,2,2025-10-16 23:16:46.175477+00:00,2
442,BCN005,317,5.0, , , ,BCN,5.0,1,4,12,True,2025-10-16 23:16:46.175477+00:00,2,2025-10-16 23:16:46.175477+00:00,2
443,BCN010,318,10.0, , ,11374100,BCN,10.0,1,4,12,True,2025-10-16 23:16:46.175477+00:00,2,2025-10-16 23:16:46.175477+00:00,2
444,BCT000,320,0.0,,,,BCT,0.0,1,4,12,True,2025-10-16 23:16:46.175477+00:00,2,2025-10-16 23:16:46.175477+00:00,2
445,BEARD,322,17.8099999999999,,,,,0.0,1,4,12,True,2025-10-16 23:16:46.175477+00:00,2,2025-10-16 23:16:46.175477+00:00,2
446,BEC000,323,0.11, , ,11422000,BEC,0.0,1,4,12,True,2025-10-16 23:16:46.175477+00:00,2,2025-10-16 23:16:46.175477+00:00,2
447,BEC021,324,21.39, , , ,BEC,21.0,1,4,12,True,2025-10-16 23:16:46.175477+00:00,2,2025-10-16 23:16:46.175477+00:00,2
448,BEC022,325,22.36, , , ,BEC,22.0,1,4,12,True,2025-10-16 23:16:46.175477+00:00,2,2025-10-16 23:16:46.175477+00:00,2
449,BEC024,326,23.75, , ,11425310,BEC,24.0,1,4,12,True,2025-10-16 23:16:46.175477+00:00,2,2025-10-16 23:16:46.175477+00:00,2
450,BGC002,328,1.57,,,,BGC,2.0,1,4,12,True,2025-10-16 23:16:46.175477+00:00,2,2025-10-16 23:16:46.175477+00:00,2
451,BGD000,336,0.0, , , ,BGD,0.0,1,4,12,True,2025-10-16 23:16:46.175477+00:00,2,2025-10-16 23:16:46.175477+00:00,2
452,BKR004,337,3.68, , , ,BKR,4.0,1,4,12,True,2025-10-16 23:16:46.175477+00:00,2,2025-10-16 23:16:46.175477+00:00,2
453,BLKBT,338,26.0, , , , ,0.0,1,4,12,True,2025-10-16 23:16:46.175477+00:00,2,2025-10-16 23:16:46.175477+00:00,2
454,BLT000,340,0.0,,,11428300,BLT,0.0,1,4,12,True,2025-10-16 23:16:46.175477+00:00,2,2025-10-16 23:16:46.175477+00:00,2
455,BLUMD,341,0.0,,,,,0.0,1,4,12,True,2025-10-16 23:16:46.175477+00:00,2,2025-10-16 23:16:46.175477+00:00,2
456,BNCIA,342,0.0, , , , ,0.0,1,4,12,True,2025-10-16 23:16:46.175477+00:00,2,2025-10-16 23:16:46.175477+00:00,2
457,BOWMN,345,10.5,,,,CCS,11.0,1,4,12,True,2025-10-16 23:16:46.175477+00:00,2,2025-10-16 23:16:46.175477+00:00,2
458,BRC002,354,1.62, , ,11451720,BRC,2.0,1,4,12,True,2025-10-16 23:16:46.175477+00:00,2,2025-10-16 23:16:46.175477+00:00,2
459,BRC003,355,3.0, , ,11451715,BRC,3.0,1,4,12,True,2025-10-16 23:16:46.175477+00:00,2,2025-10-16 23:16:46.175477+00:00,2
460,BRR004,356,4.0,331,360, ,BRR,4.0,1,4,12,True,2025-10-16 23:16:46.175477+00:00,2,2025-10-16 23:16:46.175477+00:00,2
461,BRR011,357,11.49,332,359,11424000 / DWR (BRW),BRR,11.0,1,4,12,True,2025-10-16 23:16:46.175477+00:00,2,2025-10-16 23:16:46.175477+00:00,2
462,BRR017,358,16.88,333,358,11423800,BRR,17.0,1,4,12,True,2025-10-16 23:16:46.175477+00:00,2,2025-10-16 23:16:46.175477+00:00,2
463,BRR023,359,23.22, , , ,BRR,23.0,1,4,12,True,2025-10-16 23:16:46.175477+00:00,2,2025-10-16 23:16:46.175477+00:00,2
464,BRR028,360,28.0, , , ,BRR,28.0,1,4,12,True,2025-10-16 23:16:46.175477+00:00,2,2025-10-16 23:16:46.175477+00:00,2
465,BRR031,361,31.13, , , ,BRR,31.0,1,4,12,True,2025-10-16 23:16:46.175477+00:00,2,2025-10-16 23:16:46.175477+00:00,2
466,BRR049,362,49.47, , ,11422500,BRR,49.0,1,4,12,True,2025-10-16 23:16:46.175477+00:00,2,2025-10-16 23:16:46.175477+00:00,2
467,BRR050,363,49.83, , , ,BRR,50.0,1,4,12,True,2025-10-16 23:16:46.175477+00:00,2,2025-10-16 23:16:46.175477+00:00,2
468,BRR060,364,60.36, , ,11421790 / 11421780,BRR,60.0,1,4,12,True,2025-10-16 23:16:46.175477+00:00,2,2025-10-16 23:16:46.175477+00:00,2
469,BRR061,365,60.91, , , ,BRR,61.0,1,4,12,True,2025-10-16 23:16:46.175477+00:00,2,2025-10-16 23:16:46.175477+00:00,2
470,BRR066,366,65.91, , ,11421770 / 11421750 / 11421760,BRR,66.0,1,4,12,True,2025-10-16 23:16:46.175477+00:00,2,2025-10-16 23:16:46.175477+00:00,2
471,BRR067,367,66.41, , , ,BRR,67.0,1,4,12,True,2025-10-16 23:16:46.175477+00:00,2,2025-10-16 23:16:46.175477+00:00,2
472,BRR072,368,71.65, , , ,BRR,72.0,1,4,12,True,2025-10-16 23:16:46.175477+00:00,2,2025-10-16 23:16:46.175477+00:00,2
473,BRR073,369,72.91, , ,11421710,BRR,73.0,1,4,12,True,2025-10-16 23:16:46.175477+00:00,2,2025-10-16 23:16:46.175477+00:00,2
474,BRR074,370,73.88, , , ,BRR,74.0,1,4,12,True,2025-10-16 23:16:46.175477+00:00,2,2025-10-16 23:16:46.175477+00:00,2
475,BRS018,371,18.14,,,,BRS,18.0,1,4,12,True,2025-10-16 23:16:46.175477+00:00,2,2025-10-16 23:16:46.175477+00:00,2
476,BRV002,373,1.51,,,,BRV,2.0,1,4,12,True,2025-10-16 23:16:46.175477+00:00,2,2025-10-16 23:16:46.175477+00:00,2
477,BRV003,374,1.6,,,11316000,BRV,3.0,1,4,12,True,2025-10-16 23:16:46.175477+00:00,2,2025-10-16 23:16:46.175477+00:00,2
478,BRV005,375,5.43,,,11315900,BRV,5.0,1,4,12,True,2025-10-16 23:16:46.175477+00:00,2,2025-10-16 23:16:46.175477+00:00,2
479,BRYSA,376,31.05, , , , ,31.0,1,4,12,True,2025-10-16 23:16:46.175477+00:00,2,2025-10-16 23:16:46.175477+00:00,2
480,BSC000,377,0.581,,,11416000,BSC,0.0,1,4,12,True,2025-10-16 23:16:46.175477+00:00,2,2025-10-16 23:16:46.175477+00:00,2
481,BSC005,378,5.31,,,,BSC,5.0,1,4,12,True,2025-10-16 23:16:46.175477+00:00,2,2025-10-16 23:16:46.175477+00:00,2
482,BSC009,379,10.541,,,11416100,BSC,9.0,1,4,12,True,2025-10-16 23:16:46.175477+00:00,2,2025-10-16 23:16:46.175477+00:00,2
483,BSC010,380,10.67,,,,BSC,10.0,1,4,12,True,2025-10-16 23:16:46.175477+00:00,2,2025-10-16 23:16:46.175477+00:00,2
484,BSC011,381,11.0299999999999,,,11416200,BSC,11.0,1,4,12,True,2025-10-16 23:16:46.175477+00:00,2,2025-10-16 23:16:46.175477+00:00,2
485,BSH002,382,2.469,,,,BSH,2.0,1,4,12,True,2025-10-16 23:16:46.175477+00:00,2,2025-10-16 23:16:46.175477+00:00,2
486,BSH003,383,2.536,,,1142690,BSH,3.0,1,4,12,True,2025-10-16 23:16:46.175477+00:00,2,2025-10-16 23:16:46.175477+00:00,2
487,BSL000,384,0.0, , ,11390385,BSL,0.0,1,4,12,True,2025-10-16 23:16:46.175477+00:00,2,2025-10-16 23:16:46.175477+00:00,2
488,BSL001,385,0.61,263,292, ,BSL,1.0,1,4,12,True,2025-10-16 23:16:46.175477+00:00,2,2025-10-16 23:16:46.175477+00:00,2
489,BSL004,386,3.8, , ,11390395 / DWR A0-2972,BSL,4.0,1,4,12,True,2025-10-16 23:16:46.175477+00:00,2,2025-10-16 23:16:46.175477+00:00,2
490,BTC003,388,3.39,255,291, ,BTC,3.0,1,4,12,True,2025-10-16 23:16:46.175477+00:00,2,2025-10-16 23:16:46.175477+00:00,2
491,BTC007,389,7.27,242,290, ,BTC,7.0,1,4,12,True,2025-10-16 23:16:46.175477+00:00,2,2025-10-16 23:16:46.175477+00:00,2
492,BTC012,390,12.31, , , ,BTC,12.0,1,4,12,True,2025-10-16 23:16:46.175477+00:00,2,2025-10-16 23:16:46.175477+00:00,2
493,BTC015,391,14.57,223,289,DWR  A0-4150,BTC,15.0,1,4,12,True,2025-10-16 23:16:46.175477+00:00,2,2025-10-16 23:16:46.175477+00:00,2
494,BTC016,392,15.7, , , ,BTC,16.0,1,4,12,True,2025-10-16 23:16:46.175477+00:00,2,2025-10-16 23:16:46.175477+00:00,2
495,BTC017,393,16.73, , ,DWR A0-4150,BTC,17.0,1,4,12,True,2025-10-16 23:16:46.175477+00:00,2,2025-10-16 23:16:46.175477+00:00,2
496,BTC018,394,18.0,204,288, ,BTC,18.0,1,4,12,True,2025-10-16 23:16:46.175477+00:00,2,2025-10-16 23:16:46.175477+00:00,2
497,BTC024,395,24.0,188,287, ,BTC,24.0,1,4,12,True,2025-10-16 23:16:46.175477+00:00,2,2025-10-16 23:16:46.175477+00:00,2
498,BTC029,396,29.0,173,286, ,BTC,29.0,1,4,12,True,2025-10-16 23:16:46.175477+00:00,2,2025-10-16 23:16:46.175477+00:00,2
499,BTC032,397,31.58,157,285,DWR A0-4158,BTC,32.0,1,4,12,True,2025-10-16 23:16:46.175477+00:00,2,2025-10-16 23:16:46.175477+00:00,2
500,BTC036,398,36.12,147,285, ,BTC,36.0,1,4,12,True,2025-10-16 23:16:46.175477+00:00,2,2025-10-16 23:16:46.175477+00:00,2
501,BTC041,399,41.0, , ,11390010 / DWR A0-4265,BTC,41.0,1,4,12,True,2025-10-16 23:16:46.175477+00:00,2,2025-10-16 23:16:46.175477+00:00,2
502,BTC043,400,42.92,143,283, ,BTC,43.0,1,4,12,True,2025-10-16 23:16:46.175477+00:00,2,2025-10-16 23:16:46.175477+00:00,2
503,BTC045,401,44.57, , , ,BTC,45.0,1,4,12,True,2025-10-16 23:16:46.175477+00:00,2,2025-10-16 23:16:46.175477+00:00,2
504,BTC048,402,47.61, , ,11390000,BTC,48.0,1,4,12,True,2025-10-16 23:16:46.175477+00:00,2,2025-10-16 23:16:46.175477+00:00,2
505,BTC060,403,60.23, , ,11389750,BTC,0.0,1,4,12,True,2025-10-16 23:16:46.175477+00:00,2,2025-10-16 23:16:46.175477+00:00,2
506,BTL006,404,5.758,038,220,11376550,BTL,6.0,1,4,12,True,2025-10-16 23:16:46.175477+00:00,2,2025-10-16 23:16:46.175477+00:00,2
507,BTN007,405,7.0,,,,,7.0,1,4,12,True,2025-10-16 23:16:46.175477+00:00,2,2025-10-16 23:16:46.175477+00:00,2
508,BTT007,406,6.94,,,,BTT,7.0,1,4,12,True,2025-10-16 23:16:46.175477+00:00,2,2025-10-16 23:16:46.175477+00:00,2
509,BTVLY,407,2.05,,,,,0.0,1,4,12,True,2025-10-16 23:16:46.175477+00:00,2,2025-10-16 23:16:46.175477+00:00,2
510,BUCKS,408,7.28,,,11403510,BUCK,7.0,1,4,12,True,2025-10-16 23:16:46.175477+00:00,2,2025-10-16 23:16:46.175477+00:00,2
511,BUK007,409,7.0,,,,,7.0,1,4,12,True,2025-10-16 23:16:46.175477+00:00,2,2025-10-16 23:16:46.175477+00:00,2
512,BUR005,410,4.58,,,,BUR,5.0,1,4,12,True,2025-10-16 23:16:46.175477+00:00,2,2025-10-16 23:16:46.175477+00:00,2
513,BVC007,411,6.93,,,11295220,BVC,7.0,1,4,12,True,2025-10-16 23:16:46.175477+00:00,2,2025-10-16 23:16:46.175477+00:00,2
514,BVD000,412,0.0,,,11295210,,0.0,1,4,12,True,2025-10-16 23:16:46.175477+00:00,2,2025-10-16 23:16:46.175477+00:00,2
515,BVT003,415,3.12,,,11400600,BTV,3.0,1,4,12,True,2025-10-16 23:16:46.175477+00:00,2,2025-10-16 23:16:46.175477+00:00,2
516,CAA000,539,0.0, , , ,CAA,0.0,1,4,12,True,2025-10-16 23:16:46.175477+00:00,2,2025-10-16 23:16:46.175477+00:00,2
517,CAA002,540,1.81, , , ,CAA,0.0,1,4,12,True,2025-10-16 23:16:46.175477+00:00,2,2025-10-16 23:16:46.175477+00:00,2
518,CAA003,541,3.07, , , ,CAA,0.0,1,4,12,True,2025-10-16 23:16:46.175477+00:00,2,2025-10-16 23:16:46.175477+00:00,2
519,CAA005,542,4.59,,,,CAA,5.0,1,4,12,True,2025-10-16 23:16:46.175477+00:00,2,2025-10-16 23:16:46.175477+00:00,2
520,CAA006,543,5.98,,,,CAA,6.0,1,4,12,True,2025-10-16 23:16:46.175477+00:00,2,2025-10-16 23:16:46.175477+00:00,2
521,CAA009,544,9.0,,,,CAA,9.0,1,4,12,True,2025-10-16 23:16:46.175477+00:00,2,2025-10-16 23:16:46.175477+00:00,2
522,CAA012,545,12.05,,,,CAA,12.0,1,4,12,True,2025-10-16 23:16:46.175477+00:00,2,2025-10-16 23:16:46.175477+00:00,2
523,CAA024,546,24.0,,,,CAA,24.0,1,4,12,True,2025-10-16 23:16:46.175477+00:00,2,2025-10-16 23:16:46.175477+00:00,2
524,CAA046,547,46.0399999999999,,,,CAA,46.0,1,4,12,True,2025-10-16 23:16:46.175477+00:00,2,2025-10-16 23:16:46.175477+00:00,2
525,CAA051,548,51.34,,,,CAA,51.0,1,4,12,True,2025-10-16 23:16:46.175477+00:00,2,2025-10-16 23:16:46.175477+00:00,2
526,CAA066,549,66.0,,,,CAA,66.0,1,4,12,True,2025-10-16 23:16:46.175477+00:00,2,2025-10-16 23:16:46.175477+00:00,2
527,CAA067,550,66.7999999999999,,,,CAA,67.0,1,4,12,True,2025-10-16 23:16:46.175477+00:00,2,2025-10-16 23:16:46.175477+00:00,2
528,CAA069,551,69.0,,,11263000,CAA,69.0,1,4,12,True,2025-10-16 23:16:46.175477+00:00,2,2025-10-16 23:16:46.175477+00:00,2
529,CAA071,552,71.26,,,,CAA,71.0,1,4,12,True,2025-10-16 23:16:46.175477+00:00,2,2025-10-16 23:16:46.175477+00:00,2
530,CAA087,553,87.12,"764, 780, 793",,,CAA,87.0,1,4,12,True,2025-10-16 23:16:46.175477+00:00,2,2025-10-16 23:16:46.175477+00:00,2
531,CAA095,554,95.4899999999999,,,,CAA,95.0,1,4,12,True,2025-10-16 23:16:46.175477+00:00,2,2025-10-16 23:16:46.175477+00:00,2
532,CAA109,555,108.939999999999,,,,CAA,109.0,1,4,12,True,2025-10-16 23:16:46.175477+00:00,2,2025-10-16 23:16:46.175477+00:00,2
533,CAA143,556,143.599999999999,,,,CAA,143.0,1,4,12,True,2025-10-16 23:16:46.175477+00:00,2,2025-10-16 23:16:46.175477+00:00,2
534,CAA155,557,156.11,,,,CAA,155.0,1,4,12,True,2025-10-16 23:16:46.175477+00:00,2,2025-10-16 23:16:46.175477+00:00,2
535,CAA156,558,156.0,,,,CAA,156.0,1,4,12,True,2025-10-16 23:16:46.175477+00:00,2,2025-10-16 23:16:46.175477+00:00,2
536,CAA165,559,165.0,,,,CAA,165.0,1,4,12,True,2025-10-16 23:16:46.175477+00:00,2,2025-10-16 23:16:46.175477+00:00,2
537,CAA172,560,172.86,,,,CAA,172.0,1,4,12,True,2025-10-16 23:16:46.175477+00:00,2,2025-10-16 23:16:46.175477+00:00,2
538,CACWD,583,0.0,,,,,0.0,1,4,12,True,2025-10-16 23:16:46.175477+00:00,2,2025-10-16 23:16:46.175477+00:00,2
539,CAP000,584,0.0,854,,,CAP,0.0,1,4,12,True,2025-10-16 23:16:46.175477+00:00,2,2025-10-16 23:16:46.175477+00:00,2
540,CAPLS,585,9.5,,,,,0.0,1,4,12,True,2025-10-16 23:16:46.175477+00:00,2,2025-10-16 23:16:46.175477+00:00,2
541,CBC000,586,0.0, , , ,CBC,0.0,1,4,12,True,2025-10-16 23:16:46.175477+00:00,2,2025-10-16 23:16:46.175477+00:00,2
542,CBC001,587,0.77, , , ,CBC,1.0,1,4,12,True,2025-10-16 23:16:46.175477+00:00,2,2025-10-16 23:16:46.175477+00:00,2
543,CBD000,588,0.27, , ,DWR  A0-2945,CBD,0.0,1,4,12,True,2025-10-16 23:16:46.175477+00:00,2,2025-10-16 23:16:46.175477+00:00,2
544,CBD001,589,0.65, , , ,CBD,1.0,1,4,12,True,2025-10-16 23:16:46.175477+00:00,2,2025-10-16 23:16:46.175477+00:00,2
545,CBD005,590,5.0,326,328, ,CBD,5.0,1,4,12,True,2025-10-16 23:16:46.175477+00:00,2,2025-10-16 23:16:46.175477+00:00,2
546,CBD012,591,12.0,314,327, ,CBD,12.0,1,4,12,True,2025-10-16 23:16:46.175477+00:00,2,2025-10-16 23:16:46.175477+00:00,2
547,CBD018,592,18.0,302,326, ,CBD,18.0,1,4,12,True,2025-10-16 23:16:46.175477+00:00,2,2025-10-16 23:16:46.175477+00:00,2
548,CBD023,593,23.0,289,325, ,CBD,23.0,1,4,12,True,2025-10-16 23:16:46.175477+00:00,2,2025-10-16 23:16:46.175477+00:00,2
549,CBD028,594,28.0,275,354, ,CBD,28.0,1,4,12,True,2025-10-16 23:16:46.175477+00:00,2,2025-10-16 23:16:46.175477+00:00,2
550,CBD031,595,31.48,268,317, ,CBD,31.0,1,4,12,True,2025-10-16 23:16:46.175477+00:00,2,2025-10-16 23:16:46.175477+00:00,2
551,CBD037,596,37.32,260,321, ,CBD,37.0,1,4,12,True,2025-10-16 23:16:46.175477+00:00,2,2025-10-16 23:16:46.175477+00:00,2
552,CBD038,597,37.85, , ,DWR  (CDR),CBD,38.0,1,4,12,True,2025-10-16 23:16:46.175477+00:00,2,2025-10-16 23:16:46.175477+00:00,2
553,CBD041,598,41.0,253,320, ,CBD,41.0,1,4,12,True,2025-10-16 23:16:46.175477+00:00,2,2025-10-16 23:16:46.175477+00:00,2
554,CBD044,599,44.0,239,319, ,CBD,44.0,1,4,12,True,2025-10-16 23:16:46.175477+00:00,2,2025-10-16 23:16:46.175477+00:00,2
555,CBD049,600,49.0,220,318, ,CBD,49.0,1,4,12,True,2025-10-16 23:16:46.175477+00:00,2,2025-10-16 23:16:46.175477+00:00,2
556,CCC004,601,4.0, , , ,CCC,0.0,1,4,12,True,2025-10-16 23:16:46.175477+00:00,2,2025-10-16 23:16:46.175477+00:00,2
557,CCC007,602,0.0, , , ,CCC,0.0,1,4,12,True,2025-10-16 23:16:46.175477+00:00,2,2025-10-16 23:16:46.175477+00:00,2
558,CCC019,603,19.41, , , ,CCC,19.0,1,4,12,True,2025-10-16 23:16:46.175477+00:00,2,2025-10-16 23:16:46.175477+00:00,2
559,CCH003,604,3.0,359,395, ,CCH,3.0,1,4,12,True,2025-10-16 23:16:46.175477+00:00,2,2025-10-16 23:16:46.175477+00:00,2
560,CCH006,605,6.0,358,394, ,CCH,6.0,1,4,12,True,2025-10-16 23:16:46.175477+00:00,2,2025-10-16 23:16:46.175477+00:00,2
561,CCH012,606,12.43,348,393,11452500,CCH,12.0,1,4,12,True,2025-10-16 23:16:46.175477+00:00,2,2025-10-16 23:16:46.175477+00:00,2
562,CCH017,607,17.0,347,392, ,CCH,17.0,1,4,12,True,2025-10-16 23:16:46.175477+00:00,2,2025-10-16 23:16:46.175477+00:00,2
563,CCH023,608,23.0,336,391, ,CCH,23.0,1,4,12,True,2025-10-16 23:16:46.175477+00:00,2,2025-10-16 23:16:46.175477+00:00,2
564,CCH030,609,30.48,335,390,11452000,CCH,30.0,1,4,12,True,2025-10-16 23:16:46.175477+00:00,2,2025-10-16 23:16:46.175477+00:00,2
565,CCH032,610,32.26, , ,11452000,CCH,32.0,1,4,12,True,2025-10-16 23:16:46.175477+00:00,2,2025-10-16 23:16:46.175477+00:00,2
566,CCH052,611,52.0, , , ,CCH,52.0,1,4,12,True,2025-10-16 23:16:46.175477+00:00,2,2025-10-16 23:16:46.175477+00:00,2
567,CCH053,612,53.28, , ,11451760,CCH,53.0,1,4,12,True,2025-10-16 23:16:46.175477+00:00,2,2025-10-16 23:16:46.175477+00:00,2
568,CCH058,613,58.4, , , ,CCH,58.0,1,4,12,True,2025-10-16 23:16:46.175477+00:00,2,2025-10-16 23:16:46.175477+00:00,2
569,CCH075,614,74.97, , , ,CCH,75.0,1,4,12,True,2025-10-16 23:16:46.175477+00:00,2,2025-10-16 23:16:46.175477+00:00,2
570,CCH083,615,83.32, , ,11451000,CCH,83.0,1,4,12,True,2025-10-16 23:16:46.175477+00:00,2,2025-10-16 23:16:46.175477+00:00,2
571,CCK007,616,6.6, , , ,CCK,7.0,1,4,12,True,2025-10-16 23:16:46.175477+00:00,2,2025-10-16 23:16:46.175477+00:00,2
572,CCK022,617,21.65, , , ,CCK,22.0,1,4,12,True,2025-10-16 23:16:46.175477+00:00,2,2025-10-16 23:16:46.175477+00:00,2
573,CCK036,618,36.33, , , ,CCK,36.0,1,4,12,True,2025-10-16 23:16:46.175477+00:00,2,2025-10-16 23:16:46.175477+00:00,2
574,CCK038,619,38.13, , , ,CCK,38.0,1,4,12,True,2025-10-16 23:16:46.175477+00:00,2,2025-10-16 23:16:46.175477+00:00,2
575,CCL005,620,5.0, , , ,CCL,5.0,1,4,12,True,2025-10-16 23:16:46.175477+00:00,2,2025-10-16 23:16:46.175477+00:00,2
576,CCS009,621,9.456,,,11416500,CCS,9.0,1,4,12,True,2025-10-16 23:16:46.175477+00:00,2,2025-10-16 23:16:46.175477+00:00,2
577,CCS010,622,10.2799999999999,,,,SFY,10.0,1,4,12,True,2025-10-16 23:16:46.175477+00:00,2,2025-10-16 23:16:46.175477+00:00,2
578,CCT011,623,11.27, , ,11525430,CCT,11.0,1,4,12,True,2025-10-16 23:16:46.175477+00:00,2,2025-10-16 23:16:46.175477+00:00,2
579,CCWD,624,0.0, , , , ,0.0,1,4,12,True,2025-10-16 23:16:46.175477+00:00,2,2025-10-16 23:16:46.175477+00:00,2
580,CCWDI,626,0.0,,,,,0.0,1,4,12,True,2025-10-16 23:16:46.175477+00:00,2,2025-10-16 23:16:46.175477+00:00,2
581,CCWWTP,627,0.0, , , , ,0.0,1,4,12,True,2025-10-16 23:16:46.175477+00:00,2,2025-10-16 23:16:46.175477+00:00,2
582,CFS001,628,0.58,,,11292500,CFS,1.0,1,4,12,True,2025-10-16 23:16:46.175477+00:00,2,2025-10-16 23:16:46.175477+00:00,2
583,CGT005,629,4.93, , , ,CGT,5.0,1,4,12,True,2025-10-16 23:16:46.175477+00:00,2,2025-10-16 23:16:46.175477+00:00,2
584,CGT006,630,5.34, , ,11413510,CGT,6.0,1,4,12,True,2025-10-16 23:16:46.175477+00:00,2,2025-10-16 23:16:46.175477+00:00,2
585,CHC000,631,0.0,609,,,CHC,0.0,1,4,12,True,2025-10-16 23:16:46.175477+00:00,2,2025-10-16 23:16:46.175477+00:00,2
586,CHCGO,632,0.0, , , , ,0.0,1,4,12,True,2025-10-16 23:16:46.175477+00:00,2,2025-10-16 23:16:46.175477+00:00,2
587,CHIPPS,633,0.0, , , , ,0.0,1,4,12,True,2025-10-16 23:16:46.175477+00:00,2,2025-10-16 23:16:46.175477+00:00,2
588,CHW006,634,6.0,786,86,,CHW,6.0,1,4,12,True,2025-10-16 23:16:46.175477+00:00,2,2025-10-16 23:16:46.175477+00:00,2
589,CHW011,635,11.0,787,85,,CHW,11.0,1,4,12,True,2025-10-16 23:16:46.175477+00:00,2,2025-10-16 23:16:46.175477+00:00,2
590,CHW017,636,16.76,788,84,,CHW,17.0,1,4,12,True,2025-10-16 23:16:46.175477+00:00,2,2025-10-16 23:16:46.175477+00:00,2
591,CHW021,637,21.0,789,83,,CHW,21.0,1,4,12,True,2025-10-16 23:16:46.175477+00:00,2,2025-10-16 23:16:46.175477+00:00,2
592,CHW024,638,24.0,790,82,,CHW,24.0,1,4,12,True,2025-10-16 23:16:46.175477+00:00,2,2025-10-16 23:16:46.175477+00:00,2
593,CHW028,639,27.3,791,81,,CHW,28.0,1,4,12,True,2025-10-16 23:16:46.175477+00:00,2,2025-10-16 23:16:46.175477+00:00,2
594,CHW031,640,31.0,792,80,,CHW,31.0,1,4,12,True,2025-10-16 23:16:46.175477+00:00,2,2025-10-16 23:16:46.175477+00:00,2
595,CHW037,641,36.64,,,11259000,CHW,37.0,1,4,12,True,2025-10-16 23:16:46.175477+00:00,2,2025-10-16 23:16:46.175477+00:00,2
596,CHWWTP,642,0.0, , , , ,0.0,1,4,12,True,2025-10-16 23:16:46.175477+00:00,2,2025-10-16 23:16:46.175477+00:00,2
597,CHY000,643,0.0,,,11278300,CHY,0.0,1,4,12,True,2025-10-16 23:16:46.175477+00:00,2,2025-10-16 23:16:46.175477+00:00,2
598,CHY001,644,1.0,,,11278300,CHY,1.0,1,4,12,True,2025-10-16 23:16:46.175477+00:00,2,2025-10-16 23:16:46.175477+00:00,2
599,CHY006,645,6.0,,,11278200,CHY,6.0,1,4,12,True,2025-10-16 23:16:46.175477+00:00,2,2025-10-16 23:16:46.175477+00:00,2
600,CHY007,646,7.0,,,,,7.0,1,4,12,True,2025-10-16 23:16:46.175477+00:00,2,2025-10-16 23:16:46.175477+00:00,2
601,CHY011,647,11.0,,,11277300,CHY,11.0,1,4,12,True,2025-10-16 23:16:46.175477+00:00,2,2025-10-16 23:16:46.175477+00:00,2
602,CLLPT,648,0.0, , , , ,0.0,1,4,12,True,2025-10-16 23:16:46.175477+00:00,2,2025-10-16 23:16:46.175477+00:00,2
603,CLR009,649,9.0, , , ,CLR,9.0,1,4,12,True,2025-10-16 23:16:46.175477+00:00,2,2025-10-16 23:16:46.175477+00:00,2
604,CLR011,650,10.61, , ,11372000,CLR,11.0,1,4,12,True,2025-10-16 23:16:46.175477+00:00,2,2025-10-16 23:16:46.175477+00:00,2
605,CLR025,651,25.21, , , ,CLR,25.0,1,4,12,True,2025-10-16 23:16:46.175477+00:00,2,2025-10-16 23:16:46.175477+00:00,2
606,CLRLK,652,86.41, , , ,CCH,86.0,1,4,12,True,2025-10-16 23:16:46.175477+00:00,2,2025-10-16 23:16:46.175477+00:00,2
607,CLV004,653,4.0,559,166,,CLV,4.0,1,4,12,True,2025-10-16 23:16:46.175477+00:00,2,2025-10-16 23:16:46.175477+00:00,2
608,CLV006,654,5.73,,,,CLV,6.0,1,4,12,True,2025-10-16 23:16:46.175477+00:00,2,2025-10-16 23:16:46.175477+00:00,2
609,CLV009,655,9.0,,,11310900,CLV,9.0,1,4,12,True,2025-10-16 23:16:46.175477+00:00,2,2025-10-16 23:16:46.175477+00:00,2
610,CLV010,656,10.0,560,165,,CLV,10.0,1,4,12,True,2025-10-16 23:16:46.175477+00:00,2,2025-10-16 23:16:46.175477+00:00,2
611,CLV016,657,16.0,561,164,,CLV,16.0,1,4,12,True,2025-10-16 23:16:46.175477+00:00,2,2025-10-16 23:16:46.175477+00:00,2
612,CLV023,658,23.0,562,163,,CLV,23.0,1,4,12,True,2025-10-16 23:16:46.175477+00:00,2,2025-10-16 23:16:46.175477+00:00,2
613,CLV026,659,26.14,,,11310100,CLV,26.0,1,4,12,True,2025-10-16 23:16:46.175477+00:00,2,2025-10-16 23:16:46.175477+00:00,2
614,CLV028,660,28.0,563,162,,CLV,28.0,1,4,12,True,2025-10-16 23:16:46.175477+00:00,2,2025-10-16 23:16:46.175477+00:00,2
615,CLV035,661,35.0,564,161,,CLV,35.0,1,4,12,True,2025-10-16 23:16:46.175477+00:00,2,2025-10-16 23:16:46.175477+00:00,2
616,CLV037,662,37.1,,,11309500,CLV,37.0,1,4,12,True,2025-10-16 23:16:46.175477+00:00,2,2025-10-16 23:16:46.175477+00:00,2
617,CLV043,663,43.43,,,,CLV,43.0,1,4,12,True,2025-10-16 23:16:46.175477+00:00,2,2025-10-16 23:16:46.175477+00:00,2
618,CLV044,664,43.8699999999999,,,11308900,CLV,44.0,1,4,12,True,2025-10-16 23:16:46.175477+00:00,2,2025-10-16 23:16:46.175477+00:00,2
619,CMBIE,665,36.86, , , ,BRR,37.0,1,4,12,True,2025-10-16 23:16:46.175477+00:00,2,2025-10-16 23:16:46.175477+00:00,2
620,CMCHE,666,58.2199999999999,516,175,11323500,,0.0,1,4,12,True,2025-10-16 23:16:46.175477+00:00,2,2025-10-16 23:16:46.175477+00:00,2
621,CMN005,667,4.97,,,,CMN,5.0,1,4,12,True,2025-10-16 23:16:46.175477+00:00,2,2025-10-16 23:16:46.175477+00:00,2
622,CMN006,668,5.285,,,11441895,CMN,6.0,1,4,12,True,2025-10-16 23:16:46.175477+00:00,2,2025-10-16 23:16:46.175477+00:00,2
623,CMP001,669,0.2,,,11333000,NFC,1.0,1,4,12,True,2025-10-16 23:16:46.175477+00:00,2,2025-10-16 23:16:46.175477+00:00,2
624,CMP005,670,5.29,,,,CMP,5.0,1,4,12,True,2025-10-16 23:16:46.175477+00:00,2,2025-10-16 23:16:46.175477+00:00,2
625,CMP014,671,13.9,,,,CMP,14.0,1,4,12,True,2025-10-16 23:16:46.175477+00:00,2,2025-10-16 23:16:46.175477+00:00,2
626,CMPFW,672,18.0,334,357, , ,0.0,1,4,12,True,2025-10-16 23:16:46.175477+00:00,2,2025-10-16 23:16:46.175477+00:00,2
627,CMT000,673,0.0, , ,11409350,CMT,0.0,1,4,12,True,2025-10-16 23:16:46.175477+00:00,2,2025-10-16 23:16:46.175477+00:00,2
628,COL001,674,1.0,,,11314500,COL,1.0,1,4,12,True,2025-10-16 23:16:46.175477+00:00,2,2025-10-16 23:16:46.175477+00:00,2
629,COL002,675,2.0,,,11315030,COL,2.0,1,4,12,True,2025-10-16 23:16:46.175477+00:00,2,2025-10-16 23:16:46.175477+00:00,2
630,COL003,676,3.0,,,11315000,COL,3.0,1,4,12,True,2025-10-16 23:16:46.175477+00:00,2,2025-10-16 23:16:46.175477+00:00,2
631,COT033,677,33.0,,,,COT,33.0,1,4,12,True,2025-10-16 23:16:46.175477+00:00,2,2025-10-16 23:16:46.175477+00:00,2
632,COW003,678,3.0,017,213,11374000,COW,3.0,1,4,12,True,2025-10-16 23:16:46.175477+00:00,2,2025-10-16 23:16:46.175477+00:00,2
633,COW007,679,7.48,011,212,11373500,COW,7.0,1,4,12,True,2025-10-16 23:16:46.175477+00:00,2,2025-10-16 23:16:46.175477+00:00,2
634,COW014,680,14.0,012,211,11372200,COW,14.0,1,4,12,True,2025-10-16 23:16:46.175477+00:00,2,2025-10-16 23:16:46.175477+00:00,2
635,CPC008,681,8.05,,,,CPC,8.0,1,4,12,True,2025-10-16 23:16:46.175477+00:00,2,2025-10-16 23:16:46.175477+00:00,2
636,CRB002,687,2.0,,,11401050,CRB,2.0,1,4,12,True,2025-10-16 23:16:46.175477+00:00,2,2025-10-16 23:16:46.175477+00:00,2
637,CRC002,688,2.41, , , ,CRC,2.0,1,4,12,True,2025-10-16 23:16:46.175477+00:00,2,2025-10-16 23:16:46.175477+00:00,2
638,CRK005,689,0.0, , , ,CRK,0.0,1,4,12,True,2025-10-16 23:16:46.175477+00:00,2,2025-10-16 23:16:46.175477+00:00,2
639,CSD014,697,14.4499999999999,,,,CSD,14.0,1,4,12,True,2025-10-16 23:16:46.175477+00:00,2,2025-10-16 23:16:46.175477+00:00,2
640,CSL004,698,4.0,,,,,4.0,1,4,12,True,2025-10-16 23:16:46.175477+00:00,2,2025-10-16 23:16:46.175477+00:00,2
641,CSL005,699,4.63, , , ,CSL,5.0,1,4,12,True,2025-10-16 23:16:46.175477+00:00,2,2025-10-16 23:16:46.175477+00:00,2
642,CSM001,700,1.0,,,,CSM,1.0,1,4,12,True,2025-10-16 23:16:46.175477+00:00,2,2025-10-16 23:16:46.175477+00:00,2
643,CSM005,701,5.0,466,193,11336070,CSM,5.0,1,4,12,True,2025-10-16 23:16:46.175477+00:00,2,2025-10-16 23:16:46.175477+00:00,2
644,CSM011,702,10.9499999999999,454,192,11336000,CSM,11.0,1,4,12,True,2025-10-16 23:16:46.175477+00:00,2,2025-10-16 23:16:46.175477+00:00,2
645,CSM016,703,16.0,439,191,,CSM,16.0,1,4,12,True,2025-10-16 23:16:46.175477+00:00,2,2025-10-16 23:16:46.175477+00:00,2
646,CSM021,704,21.0,425,190,,CSM,21.0,1,4,12,True,2025-10-16 23:16:46.175477+00:00,2,2025-10-16 23:16:46.175477+00:00,2
647,CSM026,705,26.0,426,189,,CSM,26.0,1,4,12,True,2025-10-16 23:16:46.175477+00:00,2,2025-10-16 23:16:46.175477+00:00,2
648,CSM033,706,33.0,443,188,,CSM,33.0,1,4,12,True,2025-10-16 23:16:46.175477+00:00,2,2025-10-16 23:16:46.175477+00:00,2
649,CSM035,707,35.0799999999999,,,,CSM,35.0,1,4,12,True,2025-10-16 23:16:46.175477+00:00,2,2025-10-16 23:16:46.175477+00:00,2
650,CSM052,709,51.67,,,,CSM,52.0,1,4,12,True,2025-10-16 23:16:46.175477+00:00,2,2025-10-16 23:16:46.175477+00:00,2
651,CSPSO,710,0.0, , , , ,0.0,1,4,12,True,2025-10-16 23:16:46.175477+00:00,2,2025-10-16 23:16:46.175477+00:00,2
652,CST004,711,4.0,,,,,4.0,1,4,12,True,2025-10-16 23:16:46.175477+00:00,2,2025-10-16 23:16:46.175477+00:00,2
653,CSTIC,712,,,,,,,1,4,12,True,2025-10-16 23:16:46.175477+00:00,2,2025-10-16 23:16:46.175477+00:00,2
654,CVT000,741,0.0,,,,CVT,0.0,1,4,12,True,2025-10-16 23:16:46.175477+00:00,2,2025-10-16 23:16:46.175477+00:00,2
655,CVT005,742,4.58,,,,CVT,5.0,1,4,12,True,2025-10-16 23:16:46.175477+00:00,2,2025-10-16 23:16:46.175477+00:00,2
656,CVT009,743,8.69999999999999,,,11295250,CVT,9.0,1,4,12,True,2025-10-16 23:16:46.175477+00:00,2,2025-10-16 23:16:46.175477+00:00,2
657,CVY009,744,9.0,,,11283500,CVY,9.0,1,4,12,True,2025-10-16 23:16:46.175477+00:00,2,2025-10-16 23:16:46.175477+00:00,2
658,CWD003,745,2.72, , ,11376000,CWD,3.0,1,4,12,True,2025-10-16 23:16:46.175477+00:00,2,2025-10-16 23:16:46.175477+00:00,2
659,CWD004,746,4.0,036,218, ,CWD,4.0,1,4,12,True,2025-10-16 23:16:46.175477+00:00,2,2025-10-16 23:16:46.175477+00:00,2
660,CWD009,747,8.5, , ,11375815,CWD,9.0,1,4,12,True,2025-10-16 23:16:46.175477+00:00,2,2025-10-16 23:16:46.175477+00:00,2
661,CWD018,749,18.0, , ,11375810,CWD,18.0,1,4,12,True,2025-10-16 23:16:46.175477+00:00,2,2025-10-16 23:16:46.175477+00:00,2
662,CYN009,750,9.41, , ,11426196,CYN,9.0,1,4,12,True,2025-10-16 23:16:46.175477+00:00,2,2025-10-16 23:16:46.175477+00:00,2
663,CYN010,751,9.9, , , ,CYN,10.0,1,4,12,True,2025-10-16 23:16:46.175477+00:00,2,2025-10-16 23:16:46.175477+00:00,2
664,DAVIS,2392,6.62,,,11391500,BGC,0.0,1,4,12,True,2025-10-16 23:16:46.175477+00:00,2,2025-10-16 23:16:46.175477+00:00,2
665,DBC014,2407,14.1,,,,DBC,14.0,1,4,12,True,2025-10-16 23:16:46.175477+00:00,2,2025-10-16 23:16:46.175477+00:00,2
666,DBC024,2408,24.2399999999999,,,,DBC,24.0,1,4,12,True,2025-10-16 23:16:46.175477+00:00,2,2025-10-16 23:16:46.175477+00:00,2
667,DCC008,2409,8.86999999999999,,,11427750,DCC,8.0,1,4,12,True,2025-10-16 23:16:46.175477+00:00,2,2025-10-16 23:16:46.175477+00:00,2
668,DCC009,2410,9.10999999999999,,,,DCC,9.0,1,4,12,True,2025-10-16 23:16:46.175477+00:00,2,2025-10-16 23:16:46.175477+00:00,2
669,DCC010,2411,9.34,,,11427700,DCC,10.0,1,4,12,True,2025-10-16 23:16:46.175477+00:00,2,2025-10-16 23:16:46.175477+00:00,2
670,DCK012,2412,12.04, , , ,DCK,12.0,1,4,12,True,2025-10-16 23:16:46.175477+00:00,2,2025-10-16 23:16:46.175477+00:00,2
671,DCM019,2413,18.9499999999999,,,11271320,DCM,19.0,1,4,12,True,2025-10-16 23:16:46.175477+00:00,2,2025-10-16 23:16:46.175477+00:00,2
672,DCM027,2414,26.67,,,,DCM,27.0,1,4,12,True,2025-10-16 23:16:46.175477+00:00,2,2025-10-16 23:16:46.175477+00:00,2
673,DCT050,2416,50.1,,,,DCT,50.0,1,4,12,True,2025-10-16 23:16:46.175477+00:00,2,2025-10-16 23:16:46.175477+00:00,2
674,DCWWTP,2417,0.0, , , , ,0.0,1,4,12,True,2025-10-16 23:16:46.175477+00:00,2,2025-10-16 23:16:46.175477+00:00,2
675,DED003,2425,3.02,,,,DED,3.0,1,4,12,True,2025-10-16 23:16:46.175477+00:00,2,2025-10-16 23:16:46.175477+00:00,2
676,DED010,2426,10.0,751,99,,DED,10.0,1,4,12,True,2025-10-16 23:16:46.175477+00:00,2,2025-10-16 23:16:46.175477+00:00,2
677,DED012,2427,12.43,,,,DED,12.0,1,4,12,True,2025-10-16 23:16:46.175477+00:00,2,2025-10-16 23:16:46.175477+00:00,2
678,DED019,2428,19.0,752,98,,DED,19.0,1,4,12,True,2025-10-16 23:16:46.175477+00:00,2,2025-10-16 23:16:46.175477+00:00,2
679,DED025,2429,25.0,753,97,,DED,25.0,1,4,12,True,2025-10-16 23:16:46.175477+00:00,2,2025-10-16 23:16:46.175477+00:00,2
680,DED032,2430,32.0,754,96,,DED,32.0,1,4,12,True,2025-10-16 23:16:46.175477+00:00,2,2025-10-16 23:16:46.175477+00:00,2
681,DED035,2431,35.0,755,95,,DED,35.0,1,4,12,True,2025-10-16 23:16:46.175477+00:00,2,2025-10-16 23:16:46.175477+00:00,2
682,DED038,2432,38.0,756,94,,DED,38.0,1,4,12,True,2025-10-16 23:16:46.175477+00:00,2,2025-10-16 23:16:46.175477+00:00,2
683,DED044,2433,44.0,757,93,,DED,44.0,1,4,12,True,2025-10-16 23:16:46.175477+00:00,2,2025-10-16 23:16:46.175477+00:00,2
684,DEE020,2434,20.2399999999999,,,,DEE,20.0,1,4,12,True,2025-10-16 23:16:46.175477+00:00,2,2025-10-16 23:16:46.175477+00:00,2
685,DEE023,2435,22.92,,,11335700,DEE,23.0,1,4,12,True,2025-10-16 23:16:46.175477+00:00,2,2025-10-16 23:16:46.175477+00:00,2
686,DELVE,2436,,,,,,,1,4,12,True,2025-10-16 23:16:46.175477+00:00,2,2025-10-16 23:16:46.175477+00:00,2
687,DER001,2437,1.0, , ,11418500,DER,1.0,1,4,12,True,2025-10-16 23:16:46.175477+00:00,2,2025-10-16 23:16:46.175477+00:00,2
688,DER002,2438,2.48, , , ,DER,2.0,1,4,12,True,2025-10-16 23:16:46.175477+00:00,2,2025-10-16 23:16:46.175477+00:00,2
689,DER004,2439,4.36, , , ,DER,4.0,1,4,12,True,2025-10-16 23:16:46.175477+00:00,2,2025-10-16 23:16:46.175477+00:00,2
690,DER011,2440,10.82, , , ,DER,11.0,1,4,12,True,2025-10-16 23:16:46.175477+00:00,2,2025-10-16 23:16:46.175477+00:00,2
691,DER018,2441,17.81, , , ,DER,18.0,1,4,12,True,2025-10-16 23:16:46.175477+00:00,2,2025-10-16 23:16:46.175477+00:00,2
692,DER022,2442,22.47, , , ,DER,22.0,1,4,12,True,2025-10-16 23:16:46.175477+00:00,2,2025-10-16 23:16:46.175477+00:00,2
693,DER027,2443,27.1299999999999,,,,DER,27.0,1,4,12,True,2025-10-16 23:16:46.175477+00:00,2,2025-10-16 23:16:46.175477+00:00,2
694,DER030,2444,30.37, , , ,DER,30.0,1,4,12,True,2025-10-16 23:16:46.175477+00:00,2,2025-10-16 23:16:46.175477+00:00,2
695,DES006,2445,6.44,,,,DES,6.0,1,4,12,True,2025-10-16 23:16:46.175477+00:00,2,2025-10-16 23:16:46.175477+00:00,2
696,DHC001,2447,4.0, ,,,DHC,1.0,1,4,12,True,2025-10-16 23:16:46.175477+00:00,2,2025-10-16 23:16:46.175477+00:00,2
697,DHC021,2448,21.001,,,,DHC,21.0,1,4,12,True,2025-10-16 23:16:46.175477+00:00,2,2025-10-16 23:16:46.175477+00:00,2
698,DMC000,2449,2.52,590, , ,DMC,0.0,1,4,12,True,2025-10-16 23:16:46.175477+00:00,2,2025-10-16 23:16:46.175477+00:00,2
699,DMC003,2450,,590,,,DMC,3.0,1,4,12,True,2025-10-16 23:16:46.175477+00:00,2,2025-10-16 23:16:46.175477+00:00,2
700,DMC007,2451,7.0,,,,DMC,7.0,1,4,12,True,2025-10-16 23:16:46.175477+00:00,2,2025-10-16 23:16:46.175477+00:00,2
701,DMC011,2452,11.34,,,,DMC,11.0,1,4,12,True,2025-10-16 23:16:46.175477+00:00,2,2025-10-16 23:16:46.175477+00:00,2
702,DMC016,2453,15.74,,,,DMC,16.0,1,4,12,True,2025-10-16 23:16:46.175477+00:00,2,2025-10-16 23:16:46.175477+00:00,2
703,DMC021,2454,20.62,,,,DMC,21.0,1,4,12,True,2025-10-16 23:16:46.175477+00:00,2,2025-10-16 23:16:46.175477+00:00,2
704,DMC024,2455,24.46,,,,DMC,24.0,1,4,12,True,2025-10-16 23:16:46.175477+00:00,2,2025-10-16 23:16:46.175477+00:00,2
705,DMC030,2456,29.8599999999999,,,,DMC,30.0,1,4,12,True,2025-10-16 23:16:46.175477+00:00,2,2025-10-16 23:16:46.175477+00:00,2
706,DMC034,2457,34.34,,,,DMC,34.0,1,4,12,True,2025-10-16 23:16:46.175477+00:00,2,2025-10-16 23:16:46.175477+00:00,2
707,DMC039,2458,38.7,,,,DMC,39.0,1,4,12,True,2025-10-16 23:16:46.175477+00:00,2,2025-10-16 23:16:46.175477+00:00,2
708,DMC044,2459,44.2999999999999,,,,DMC,44.0,1,4,12,True,2025-10-16 23:16:46.175477+00:00,2,2025-10-16 23:16:46.175477+00:00,2
709,DMC049,2460,48.6599999999999,,,,DMC,49.0,1,4,12,True,2025-10-16 23:16:46.175477+00:00,2,2025-10-16 23:16:46.175477+00:00,2
710,DMC054,2461,54.4099999999999,,,,DMC,54.0,1,4,12,True,2025-10-16 23:16:46.175477+00:00,2,2025-10-16 23:16:46.175477+00:00,2
711,DMC058,2462,58.27,,,,DMC,58.0,1,4,12,True,2025-10-16 23:16:46.175477+00:00,2,2025-10-16 23:16:46.175477+00:00,2
712,DMC064,2463,64.0199999999999,,,,DMC,64.0,1,4,12,True,2025-10-16 23:16:46.175477+00:00,2,2025-10-16 23:16:46.175477+00:00,2
713,DMC070,2464,69.98,,,,DMC,70.0,1,4,12,True,2025-10-16 23:16:46.175477+00:00,2,2025-10-16 23:16:46.175477+00:00,2
714,DMC074,2465,74.4,,,,DMC,74.0,1,4,12,True,2025-10-16 23:16:46.175477+00:00,2,2025-10-16 23:16:46.175477+00:00,2
715,DMC076,2466,76.0,,,,DMC,76.0,1,4,12,True,2025-10-16 23:16:46.175477+00:00,2,2025-10-16 23:16:46.175477+00:00,2
716,DMC080,2467,79.5999999999999,,,,DMC,80.0,1,4,12,True,2025-10-16 23:16:46.175477+00:00,2,2025-10-16 23:16:46.175477+00:00,2
717,DMC085,2468,85.09,,,,DMC,85.0,1,4,12,True,2025-10-16 23:16:46.175477+00:00,2,2025-10-16 23:16:46.175477+00:00,2
718,DMC091,2469,90.56,,,,DMC,91.0,1,4,12,True,2025-10-16 23:16:46.175477+00:00,2,2025-10-16 23:16:46.175477+00:00,2
719,DMC097,2470,96.81,,,,DMC,97.0,1,4,12,True,2025-10-16 23:16:46.175477+00:00,2,2025-10-16 23:16:46.175477+00:00,2
720,DMC105,2471,105.06,,,,DMC,105.0,1,4,12,True,2025-10-16 23:16:46.175477+00:00,2,2025-10-16 23:16:46.175477+00:00,2
721,DMC111,2472,111.209999999999,,,,DMC,111.0,1,4,12,True,2025-10-16 23:16:46.175477+00:00,2,2025-10-16 23:16:46.175477+00:00,2
722,DMC116,2473,115.579999999999,,,,DMC,116.0,1,4,12,True,2025-10-16 23:16:46.175477+00:00,2,2025-10-16 23:16:46.175477+00:00,2
723,DONLL,2474,29.76,,,,,0.0,1,4,12,True,2025-10-16 23:16:46.175477+00:00,2,2025-10-16 23:16:46.175477+00:00,2
724,DPC008,2475,8.0,,,11274630,DPC,8.0,1,4,12,True,2025-10-16 23:16:46.175477+00:00,2,2025-10-16 23:16:46.175477+00:00,2
725,DPH008,2476,7.55,,,11292610,DPH,8.0,1,4,12,True,2025-10-16 23:16:46.175477+00:00,2,2025-10-16 23:16:46.175477+00:00,2
726,DRC005,2477,4.82,100,257, ,DRC,5.0,1,4,12,True,2025-10-16 23:16:46.175477+00:00,2,2025-10-16 23:16:46.175477+00:00,2
727,DRC010,2478,10.0,096,256, ,DRC,10.0,1,4,12,True,2025-10-16 23:16:46.175477+00:00,2,2025-10-16 23:16:46.175477+00:00,2
728,DRC012,2479,12.0, , ,11383500,DRC,12.0,1,4,12,True,2025-10-16 23:16:46.175477+00:00,2,2025-10-16 23:16:46.175477+00:00,2
729,DRM000,2480,0.216,,,11414154,DRM,0.0,1,4,12,True,2025-10-16 23:16:46.175477+00:00,2,2025-10-16 23:16:46.175477+00:00,2
730,DRM001,2481,1.66, , , ,DRM,1.0,1,4,12,True,2025-10-16 23:16:46.175477+00:00,2,2025-10-16 23:16:46.175477+00:00,2
731,DRM002,2482,1.96, , , ,DRM,2.0,1,4,12,True,2025-10-16 23:16:46.175477+00:00,2,2025-10-16 23:16:46.175477+00:00,2
732,DRM008,2484,7.76, , ,11414190,DRM,8.0,1,4,12,True,2025-10-16 23:16:46.175477+00:00,2,2025-10-16 23:16:46.175477+00:00,2
733,DRM009,2485,9.48, , , ,DRM,9.0,1,4,12,True,2025-10-16 23:16:46.175477+00:00,2,2025-10-16 23:16:46.175477+00:00,2
734,DRM011,2486,10.67, , ,11414196,DRM,11.0,1,4,12,True,2025-10-16 23:16:46.175477+00:00,2,2025-10-16 23:16:46.175477+00:00,2
735,DSC008,2488,8.0,480,186,,DSC,8.0,1,4,12,True,2025-10-16 23:16:46.175477+00:00,2,2025-10-16 23:16:46.175477+00:00,2
736,DSC012,2489,12.0,480,186,,DSC,12.0,1,4,12,True,2025-10-16 23:16:46.175477+00:00,2,2025-10-16 23:16:46.175477+00:00,2
737,DSC016,2490,16.0,498,185,,DSC,16.0,1,4,12,True,2025-10-16 23:16:46.175477+00:00,2,2025-10-16 23:16:46.175477+00:00,2
738,DSC023,2491,22.71,499,184,11328000,DSC,23.0,1,4,12,True,2025-10-16 23:16:46.175477+00:00,2,2025-10-16 23:16:46.175477+00:00,2
739,DSC026,2492,26.14,,,,DSC,26.0,1,4,12,True,2025-10-16 23:16:46.175477+00:00,2,2025-10-16 23:16:46.175477+00:00,2
740,DSC028,2493,28.0,505,183,,DSC,28.0,1,4,12,True,2025-10-16 23:16:46.175477+00:00,2,2025-10-16 23:16:46.175477+00:00,2
741,DSC035,2494,35.0,506,182,,DSC,35.0,1,4,12,True,2025-10-16 23:16:46.175477+00:00,2,2025-10-16 23:16:46.175477+00:00,2
742,DVWWTP,2495,0.0, , , , ,0.0,1,4,12,True,2025-10-16 23:16:46.175477+00:00,2,2025-10-16 23:16:46.175477+00:00,2
743,DWRPS1,2522,0.0, , , , ,0.0,1,4,12,True,2025-10-16 23:16:46.175477+00:00,2,2025-10-16 23:16:46.175477+00:00,2
744,DWRPS2,2523,0.0, , , , ,0.0,1,4,12,True,2025-10-16 23:16:46.175477+00:00,2,2025-10-16 23:16:46.175477+00:00,2
745,EAWWTP,3371,0.0, , , , ,0.0,1,4,12,True,2025-10-16 23:16:46.175477+00:00,2,2025-10-16 23:16:46.175477+00:00,2
746,EBF001,3372,0.53,,,11403000,EBF,1.0,1,4,12,True,2025-10-16 23:16:46.175477+00:00,2,2025-10-16 23:16:46.175477+00:00,2
747,EBF018,3373,18.3299999999999,,,,EBF,18.0,1,4,12,True,2025-10-16 23:16:46.175477+00:00,2,2025-10-16 23:16:46.175477+00:00,2
748,EBMUD,3375,0.0, , , , ,0.0,1,4,12,True,2025-10-16 23:16:46.175477+00:00,2,2025-10-16 23:16:46.175477+00:00,2
749,EBP001,3377,0.08,,,,EBP,1.0,1,4,12,True,2025-10-16 23:16:46.175477+00:00,2,2025-10-16 23:16:46.175477+00:00,2
750,EBP005,3378,5.13,,,,EBP,5.0,1,4,12,True,2025-10-16 23:16:46.175477+00:00,2,2025-10-16 23:16:46.175477+00:00,2
751,EBP016,3379,16.42,819,76,,EBP,16.0,1,4,12,True,2025-10-16 23:16:46.175477+00:00,2,2025-10-16 23:16:46.175477+00:00,2
752,EBP019,3380,18.67,,,,EBP,19.0,1,4,12,True,2025-10-16 23:16:46.175477+00:00,2,2025-10-16 23:16:46.175477+00:00,2
753,EBP022,3381,21.73,,,,EBP,22.0,1,4,12,True,2025-10-16 23:16:46.175477+00:00,2,2025-10-16 23:16:46.175477+00:00,2
754,EBP030,3382,30.14,785,87,,EBP,30.0,1,4,12,True,2025-10-16 23:16:46.175477+00:00,2,2025-10-16 23:16:46.175477+00:00,2
755,EBP032,3383,32.28,,,,EBP,32.0,1,4,12,True,2025-10-16 23:16:46.175477+00:00,2,2025-10-16 23:16:46.175477+00:00,2
756,EBP033,3384,32.9399999999999,,,,EBP,33.0,1,4,12,True,2025-10-16 23:16:46.175477+00:00,2,2025-10-16 23:16:46.175477+00:00,2
757,EBP041,3385,41.2599999999999,,,,EBP,41.0,1,4,12,True,2025-10-16 23:16:46.175477+00:00,2,2025-10-16 23:16:46.175477+00:00,2
758,EBP042,3386,41.81,,,,EBP,42.0,1,4,12,True,2025-10-16 23:16:46.175477+00:00,2,2025-10-16 23:16:46.175477+00:00,2
759,EBP043,3387,43.0,,,,EBP,43.0,1,4,12,True,2025-10-16 23:16:46.175477+00:00,2,2025-10-16 23:16:46.175477+00:00,2
760,EBP048,3388,48.1199999999999,729,111,,EBP,48.0,1,4,12,True,2025-10-16 23:16:46.175477+00:00,2,2025-10-16 23:16:46.175477+00:00,2
761,EBP050,3389,50.0,,,,EBP,50.0,1,4,12,True,2025-10-16 23:16:46.175477+00:00,2,2025-10-16 23:16:46.175477+00:00,2
762,ECHOL,3391,0.0,,,,ELC,0.0,1,4,12,True,2025-10-16 23:16:46.175477+00:00,2,2025-10-16 23:16:46.175477+00:00,2
763,ECT001,3392,1.0,,,11277100,,1.0,1,4,12,True,2025-10-16 23:16:46.175477+00:00,2,2025-10-16 23:16:46.175477+00:00,2
764,EDC000,3393,0.09,,,11439000,EDC,0.0,1,4,12,True,2025-10-16 23:16:46.175477+00:00,2,2025-10-16 23:16:46.175477+00:00,2
765,EDC004,3394,3.71,,,,EDC,4.0,1,4,12,True,2025-10-16 23:16:46.175477+00:00,2,2025-10-16 23:16:46.175477+00:00,2
766,EDC007,3395,7.13,,,,EDC,7.0,1,4,12,True,2025-10-16 23:16:46.175477+00:00,2,2025-10-16 23:16:46.175477+00:00,2
767,EDC021,3397,21.25,,,,EDC,21.0,1,4,12,True,2025-10-16 23:16:46.175477+00:00,2,2025-10-16 23:16:46.175477+00:00,2
768,EDP003,3404,2.82,,,11439300,EDP,3.0,1,4,12,True,2025-10-16 23:16:46.175477+00:00,2,2025-10-16 23:16:46.175477+00:00,2
769,EDWWTP,3406,0.0, , , , ,0.0,1,4,12,True,2025-10-16 23:16:46.175477+00:00,2,2025-10-16 23:16:46.175477+00:00,2
770,EID000,3407,0.0,,,,,0.0,1,4,12,True,2025-10-16 23:16:46.175477+00:00,2,2025-10-16 23:16:46.175477+00:00,2
771,ELC001,3408,0.52,,,11434500,ELC,1.0,1,4,12,True,2025-10-16 23:16:46.175477+00:00,2,2025-10-16 23:16:46.175477+00:00,2
772,ELD005,3409,5.0,085,241, ,ELD,5.0,1,4,12,True,2025-10-16 23:16:46.175477+00:00,2,2025-10-16 23:16:46.175477+00:00,2
773,ELD012,3410,12.0,084,240,11380000,ELD,12.0,1,4,12,True,2025-10-16 23:16:46.175477+00:00,2,2025-10-16 23:16:46.175477+00:00,2
774,ELD017,3411,17.0,083,239, ,ELD,17.0,1,4,12,True,2025-10-16 23:16:46.175477+00:00,2,2025-10-16 23:16:46.175477+00:00,2
775,ELD022,3412,22.0,082,238, ,ELD,22.0,1,4,12,True,2025-10-16 23:16:46.175477+00:00,2,2025-10-16 23:16:46.175477+00:00,2
776,ELD027,3413,26.69,081,237,11379500,ELD,27.0,1,4,12,True,2025-10-16 23:16:46.175477+00:00,2,2025-10-16 23:16:46.175477+00:00,2
777,ELDID,3414,0.0, , , , ,0.0,1,4,12,True,2025-10-16 23:16:46.175477+00:00,2,2025-10-16 23:16:46.175477+00:00,2
778,ELDID_NA2,3416,0.0,,,,,0.0,1,4,12,True,2025-10-16 23:16:46.175477+00:00,2,2025-10-16 23:16:46.175477+00:00,2
779,ELENR,3421,0.0,,,11278000,ELN,0.0,1,4,12,True,2025-10-16 23:16:46.175477+00:00,2,2025-10-16 23:16:46.175477+00:00,2
780,ELN003,3422,3.0,,,11278000,ELN,3.0,1,4,12,True,2025-10-16 23:16:46.175477+00:00,2,2025-10-16 23:16:46.175477+00:00,2
781,ELT000,3423,0.03,,,,ELT,0.0,1,4,12,True,2025-10-16 23:16:46.175477+00:00,2,2025-10-16 23:16:46.175477+00:00,2
782,EMD001,3426,1.24, , , ,EMD,1.0,1,4,12,True,2025-10-16 23:16:46.175477+00:00,2,2025-10-16 23:16:46.175477+00:00,2
783,EMD007,3427,6.68, , , ,EMD,7.0,1,4,12,True,2025-10-16 23:16:46.175477+00:00,2,2025-10-16 23:16:46.175477+00:00,2
784,ENGLB,3428,23.86, , , , ,0.0,1,4,12,True,2025-10-16 23:16:46.175477+00:00,2,2025-10-16 23:16:46.175477+00:00,2
785,EPARK,3429,66.93, , , , ,0.0,1,4,12,True,2025-10-16 23:16:46.175477+00:00,2,2025-10-16 23:16:46.175477+00:00,2
786,ESC000,3446,0.0,,,,ESC,0.0,1,4,12,True,2025-10-16 23:16:46.175477+00:00,2,2025-10-16 23:16:46.175477+00:00,2
787,ESL008,3450,8.41, , , ,ESL,8.0,1,4,12,True,2025-10-16 23:16:46.175477+00:00,2,2025-10-16 23:16:46.175477+00:00,2
788,ESTMN,3451,37.06,,,,,0.0,1,4,12,True,2025-10-16 23:16:46.175477+00:00,2,2025-10-16 23:16:46.175477+00:00,2
789,FBW001,3554,0.42,,,,FBW,1.0,1,4,12,True,2025-10-16 23:16:46.175477+00:00,2,2025-10-16 23:16:46.175477+00:00,2
790,FCS006,3555,5.64, , ,DWR  B0-2805,FCS,0.0,1,4,12,True,2025-10-16 23:16:46.175477+00:00,2,2025-10-16 23:16:46.175477+00:00,2
791,FCS007,3556,6.56,,,,FCS,7.0,1,4,12,True,2025-10-16 23:16:46.175477+00:00,2,2025-10-16 23:16:46.175477+00:00,2
792,FDC006,3557,6.0, , ,11420700,FDC,6.0,1,4,12,True,2025-10-16 23:16:46.175477+00:00,2,2025-10-16 23:16:46.175477+00:00,2
793,FDC011,3558,10.72,,,11414100,FDC,11.0,1,4,12,True,2025-10-16 23:16:46.175477+00:00,2,2025-10-16 23:16:46.175477+00:00,2
794,FMT002,3561,2.48,,,11427200,FMT,2.0,1,4,12,True,2025-10-16 23:16:46.175477+00:00,2,2025-10-16 23:16:46.175477+00:00,2
795,FOLSM,3562,29.39,389,374,11446220, ,0.0,1,4,12,True,2025-10-16 23:16:46.175477+00:00,2,2025-10-16 23:16:46.175477+00:00,2
796,FPT013,3564,12.55, , , ,FPT,13.0,1,4,12,True,2025-10-16 23:16:46.175477+00:00,2,2025-10-16 23:16:46.175477+00:00,2
797,FRDYC,3565,10.89,,,,FDC,0.0,1,4,12,True,2025-10-16 23:16:46.175477+00:00,2,2025-10-16 23:16:46.175477+00:00,2
798,FRFLD,3566,0.0, , , , ,0.0,1,4,12,True,2025-10-16 23:16:46.175477+00:00,2,2025-10-16 23:16:46.175477+00:00,2
799,FRMAN,3567,7.36,,,,LLC,0.0,1,4,12,True,2025-10-16 23:16:46.175477+00:00,2,2025-10-16 23:16:46.175477+00:00,2
800,FRMDW,3568,47.95,,,,MFA,0.0,1,4,12,True,2025-10-16 23:16:46.175477+00:00,2,2025-10-16 23:16:46.175477+00:00,2
801,FRNCH,3569,0.0,,,11414430,CCS,0.0,1,4,12,True,2025-10-16 23:16:46.175477+00:00,2,2025-10-16 23:16:46.175477+00:00,2
802,FRS016,3570,16.0,820,75,11258250,FRS,16.0,1,4,12,True,2025-10-16 23:16:46.175477+00:00,2,2025-10-16 23:16:46.175477+00:00,2
803,FRS020,3571,20.0,821,74,,FRS,20.0,1,4,12,True,2025-10-16 23:16:46.175477+00:00,2,2025-10-16 23:16:46.175477+00:00,2
804,FRS022,3572,21.92,,,,FRS,22.0,1,4,12,True,2025-10-16 23:16:46.175477+00:00,2,2025-10-16 23:16:46.175477+00:00,2
805,FRS025,3573,25.17,822,73,11258250,FRS,25.0,1,4,12,True,2025-10-16 23:16:46.175477+00:00,2,2025-10-16 23:16:46.175477+00:00,2
806,FRS032,3574,32.0,823,72,,FRS,32.0,1,4,12,True,2025-10-16 23:16:46.175477+00:00,2,2025-10-16 23:16:46.175477+00:00,2
807,FRS036,3575,36.03,824,74,,FRS,36.0,1,4,12,True,2025-10-16 23:16:46.175477+00:00,2,2025-10-16 23:16:46.175477+00:00,2
808,FRS039,3576,40.0,825,70,,FRS,39.0,1,4,12,True,2025-10-16 23:16:46.175477+00:00,2,2025-10-16 23:16:46.175477+00:00,2
809,FRS045,3577,45.0,826,69,,FRS,45.0,1,4,12,True,2025-10-16 23:16:46.175477+00:00,2,2025-10-16 23:16:46.175477+00:00,2
810,FRS046,3578,46.4399999999999,,,,FRS,46.0,1,4,12,True,2025-10-16 23:16:46.175477+00:00,2,2025-10-16 23:16:46.175477+00:00,2
811,FRS048,3579,47.67,,,11258000,FRS,48.0,1,4,12,True,2025-10-16 23:16:46.175477+00:00,2,2025-10-16 23:16:46.175477+00:00,2
812,FSC003,3580,3.0, , , ,FSC,3.0,1,4,12,True,2025-10-16 23:16:46.175477+00:00,2,2025-10-16 23:16:46.175477+00:00,2
813,FSC007,3581,7.48,,,,FSC,7.0,1,4,12,True,2025-10-16 23:16:46.175477+00:00,2,2025-10-16 23:16:46.175477+00:00,2
814,FSC013,3582,12.56, , , ,FSC,13.0,1,4,12,True,2025-10-16 23:16:46.175477+00:00,2,2025-10-16 23:16:46.175477+00:00,2
815,FSC015,3583,15.0, , , ,FSC,0.0,1,4,12,True,2025-10-16 23:16:46.175477+00:00,2,2025-10-16 23:16:46.175477+00:00,2
816,FSC025,3584,24.67, , , ,FSC,0.0,1,4,12,True,2025-10-16 23:16:46.175477+00:00,2,2025-10-16 23:16:46.175477+00:00,2
817,FSC027,3585,26.26, , , ,FSC,27.0,1,4,12,True,2025-10-16 23:16:46.175477+00:00,2,2025-10-16 23:16:46.175477+00:00,2
818,FSL005,3586,5.0,886,52,,FSL,5.0,1,4,12,True,2025-10-16 23:16:46.175477+00:00,2,2025-10-16 23:16:46.175477+00:00,2
819,FSL012,3587,12.1,892,51,,FSL,12.0,1,4,12,True,2025-10-16 23:16:46.175477+00:00,2,2025-10-16 23:16:46.175477+00:00,2
820,FTR003,3588,3.0,340,365, ,FTR,3.0,1,4,12,True,2025-10-16 23:16:46.175477+00:00,2,2025-10-16 23:16:46.175477+00:00,2
821,FTR008,3589,8.0,329,363,11425000,FTR,8.0,1,4,12,True,2025-10-16 23:16:46.175477+00:00,2,2025-10-16 23:16:46.175477+00:00,2
822,FTR012,3590,12.42,330,356, ,FTR,12.0,1,4,12,True,2025-10-16 23:16:46.175477+00:00,2,2025-10-16 23:16:46.175477+00:00,2
823,FTR014,3591,13.53, , , ,FTR,14.0,1,4,12,True,2025-10-16 23:16:46.175477+00:00,2,2025-10-16 23:16:46.175477+00:00,2
824,FTR016,3592,15.72,318,355, ,FTR,16.0,1,4,12,True,2025-10-16 23:16:46.175477+00:00,2,2025-10-16 23:16:46.175477+00:00,2
825,FTR018,3593,18.37, , , ,FTR,18.0,1,4,12,True,2025-10-16 23:16:46.175477+00:00,2,2025-10-16 23:16:46.175477+00:00,2
826,FTR021,3594,21.26,307,354, ,FTR,21.0,1,4,12,True,2025-10-16 23:16:46.175477+00:00,2,2025-10-16 23:16:46.175477+00:00,2
827,FTR025,3595,25.09,295,353,A-0-5125,FTR,25.0,1,4,12,True,2025-10-16 23:16:46.175477+00:00,2,2025-10-16 23:16:46.175477+00:00,2
828,FTR028,3596,27.73, , , ,FTR,28.0,1,4,12,True,2025-10-16 23:16:46.175477+00:00,2,2025-10-16 23:16:46.175477+00:00,2
829,FTR029,3597,28.67,283,348,DWR A0-5135 (YUB),FTR,29.0,1,4,12,True,2025-10-16 23:16:46.175477+00:00,2,2025-10-16 23:16:46.175477+00:00,2
830,FTR030,3598,30.12, , , ,FTR,30.0,1,4,12,True,2025-10-16 23:16:46.175477+00:00,2,2025-10-16 23:16:46.175477+00:00,2
831,FTR031,3599,30.38, , ,11407700,FTR,31.0,1,4,12,True,2025-10-16 23:16:46.175477+00:00,2,2025-10-16 23:16:46.175477+00:00,2
832,FTR036,3600,36.0,246,347, ,FTR,36.0,1,4,12,True,2025-10-16 23:16:46.175477+00:00,2,2025-10-16 23:16:46.175477+00:00,2
833,FTR039,3601,39.36, , , ,FTR,39.0,1,4,12,True,2025-10-16 23:16:46.175477+00:00,2,2025-10-16 23:16:46.175477+00:00,2
834,FTR045,3602,44.81,232,346, ,FTR,45.0,1,4,12,True,2025-10-16 23:16:46.175477+00:00,2,2025-10-16 23:16:46.175477+00:00,2
835,FTR048,3603,48.0,208,345, ,FTR,48.0,1,4,12,True,2025-10-16 23:16:46.175477+00:00,2,2025-10-16 23:16:46.175477+00:00,2
836,FTR051,3604,51.0, , ,DWR A0-5165,FTR,51.0,1,4,12,True,2025-10-16 23:16:46.175477+00:00,2,2025-10-16 23:16:46.175477+00:00,2
837,FTR053,3605,53.0,192,344, ,FTR,53.0,1,4,12,True,2025-10-16 23:16:46.175477+00:00,2,2025-10-16 23:16:46.175477+00:00,2
838,FTR059,3606,59.16,177,343, ,FTR,59.0,1,4,12,True,2025-10-16 23:16:46.175477+00:00,2,2025-10-16 23:16:46.175477+00:00,2
839,FTR063,3607,63.0,161,342, ,FTR,63.0,1,4,12,True,2025-10-16 23:16:46.175477+00:00,2,2025-10-16 23:16:46.175477+00:00,2
840,FTR067,3608,67.0, , ,11407000,FTR,67.0,1,4,12,True,2025-10-16 23:16:46.175477+00:00,2,2025-10-16 23:16:46.175477+00:00,2
841,FTR068,3609,67.59,162,341,11406825,FTR,68.0,1,4,12,True,2025-10-16 23:16:46.175477+00:00,2,2025-10-16 23:16:46.175477+00:00,2
842,FTR072,3610,71.7, , , ,FTR,72.0,1,4,12,True,2025-10-16 23:16:46.175477+00:00,2,2025-10-16 23:16:46.175477+00:00,2
843,FTR074,3611,74.0, , ,11405200,FTR,74.0,1,4,12,True,2025-10-16 23:16:46.175477+00:00,2,2025-10-16 23:16:46.175477+00:00,2
844,GCC007,3626,7.0, , , ,GCC,7.0,1,4,12,True,2025-10-16 23:16:46.175477+00:00,2,2025-10-16 23:16:46.175477+00:00,2
845,GCC010,3627,10.0,139,304, ,GCC,10.0,1,4,12,True,2025-10-16 23:16:46.175477+00:00,2,2025-10-16 23:16:46.175477+00:00,2
846,GCC015,3628,15.0,154,305, ,GCC,15.0,1,4,12,True,2025-10-16 23:16:46.175477+00:00,2,2025-10-16 23:16:46.175477+00:00,2
847,GCC022,3629,22.0,169,306, ,GCC,22.0,1,4,12,True,2025-10-16 23:16:46.175477+00:00,2,2025-10-16 23:16:46.175477+00:00,2
848,GCC027,3630,27.0,183,307, ,GCC,27.0,1,4,12,True,2025-10-16 23:16:46.175477+00:00,2,2025-10-16 23:16:46.175477+00:00,2
849,GCC032,3631,32.0,198,308, ,GCC,32.0,1,4,12,True,2025-10-16 23:16:46.175477+00:00,2,2025-10-16 23:16:46.175477+00:00,2
850,GCC036,3632,36.03,211,309, ,GCC,36.0,1,4,12,True,2025-10-16 23:16:46.175477+00:00,2,2025-10-16 23:16:46.175477+00:00,2
851,GCC039,3633,39.0,216,310, ,GCC,39.0,1,4,12,True,2025-10-16 23:16:46.175477+00:00,2,2025-10-16 23:16:46.175477+00:00,2
852,GCC042,3634,42.0,227,311, ,GCC,42.0,1,4,12,True,2025-10-16 23:16:46.175477+00:00,2,2025-10-16 23:16:46.175477+00:00,2
853,GCC046,3635,46.0,236,312, ,GCC,46.0,1,4,12,True,2025-10-16 23:16:46.175477+00:00,2,2025-10-16 23:16:46.175477+00:00,2
854,GCC050,3636,50.0,250,313, ,GCC,50.0,1,4,12,True,2025-10-16 23:16:46.175477+00:00,2,2025-10-16 23:16:46.175477+00:00,2
855,GCC056,3637,55.57,258,314, ,GCC,56.0,1,4,12,True,2025-10-16 23:16:46.175477+00:00,2,2025-10-16 23:16:46.175477+00:00,2
856,GCC060,3638,60.0,266,315, ,GCC,60.0,1,4,12,True,2025-10-16 23:16:46.175477+00:00,2,2025-10-16 23:16:46.175477+00:00,2
857,GCC065,3639,65.0,267,316, ,GCC,65.0,1,4,12,True,2025-10-16 23:16:46.175477+00:00,2,2025-10-16 23:16:46.175477+00:00,2
858,GDPUD,3643,0.0,,,,,0.0,1,4,12,True,2025-10-16 23:16:46.175477+00:00,2,2025-10-16 23:16:46.175477+00:00,2
859,GERLE,3646,1.19,,,11429600,GRL,1.0,1,4,12,True,2025-10-16 23:16:46.175477+00:00,2,2025-10-16 23:16:46.175477+00:00,2
860,GFT003,3647,3.0,,,11403700,NFF,3.0,1,4,12,True,2025-10-16 23:16:46.175477+00:00,2,2025-10-16 23:16:46.175477+00:00,2
861,GRL010,3720,10.1099999999999,,,11429500,GRL,10.0,1,4,12,True,2025-10-16 23:16:46.175477+00:00,2,2025-10-16 23:16:46.175477+00:00,2
862,GRSVL,3721,0.0,,,,,0.0,1,4,12,True,2025-10-16 23:16:46.175477+00:00,2,2025-10-16 23:16:46.175477+00:00,2
863,GRT003,3722,3.0,,,11404240,GRT,3.0,1,4,12,True,2025-10-16 23:16:46.175477+00:00,2,2025-10-16 23:16:46.175477+00:00,2
864,GRZ012,3724,12.0,,,11263050,GRZ,12.0,1,4,12,True,2025-10-16 23:16:46.175477+00:00,2,2025-10-16 23:16:46.175477+00:00,2
865,GZL007,3726,7.0,,,11404300,GZL,7.0,1,4,12,True,2025-10-16 23:16:46.175477+00:00,2,2025-10-16 23:16:46.175477+00:00,2
866,GZL008,3727,8.0,,,11404300,GZL,8.0,1,4,12,True,2025-10-16 23:16:46.175477+00:00,2,2025-10-16 23:16:46.175477+00:00,2
867,GZL009,3728,9.0,,,11404240,GZL,9.0,1,4,12,True,2025-10-16 23:16:46.175477+00:00,2,2025-10-16 23:16:46.175477+00:00,2
868,HHOLE,3744,30.94,,,,,0.0,1,4,12,True,2025-10-16 23:16:46.175477+00:00,2,2025-10-16 23:16:46.175477+00:00,2
869,HKC002,3745,2.46, , ,11405220,HKC,2.0,1,4,12,True,2025-10-16 23:16:46.175477+00:00,2,2025-10-16 23:16:46.175477+00:00,2
870,HNSLY,3747,0.0,,,,,0.0,1,4,12,True,2025-10-16 23:16:46.175477+00:00,2,2025-10-16 23:16:46.175477+00:00,2
871,HON004,3748,3.74, , , ,HON,4.0,1,4,12,True,2025-10-16 23:16:46.175477+00:00,2,2025-10-16 23:16:46.175477+00:00,2
872,HON021,3749,20.5, , , ,HON,21.0,1,4,12,True,2025-10-16 23:16:46.175477+00:00,2,2025-10-16 23:16:46.175477+00:00,2
873,HTCHY,3752,0.0,,,11276500,TUO,0.0,1,4,12,True,2025-10-16 23:16:46.175477+00:00,2,2025-10-16 23:16:46.175477+00:00,2
874,HTWWTP,3753,0.0,,,,,0.0,1,4,12,True,2025-10-16 23:16:46.175477+00:00,2,2025-10-16 23:16:46.175477+00:00,2
875,ICEHS,3810,13.14,,,,,0.0,1,4,12,True,2025-10-16 23:16:46.175477+00:00,2,2025-10-16 23:16:46.175477+00:00,2
876,IHT002,3811,1.88,,,11440900,IHT,2.0,1,4,12,True,2025-10-16 23:16:46.175477+00:00,2,2025-10-16 23:16:46.175477+00:00,2
877,INDVL,3812,13.0, , , ,NFC,13.0,1,4,12,True,2025-10-16 23:16:46.175477+00:00,2,2025-10-16 23:16:46.175477+00:00,2
878,ING008,3813,7.85,,,,ING,8.0,1,4,12,True,2025-10-16 23:16:46.175477+00:00,2,2025-10-16 23:16:46.175477+00:00,2
879,JBC000,4102,0.0, , ,11406910,JBC,0.0,1,4,12,True,2025-10-16 23:16:46.175477+00:00,2,2025-10-16 23:16:46.175477+00:00,2
880,JBC002,4103,1.81, , , ,JBC,2.0,1,4,12,True,2025-10-16 23:16:46.175477+00:00,2,2025-10-16 23:16:46.175477+00:00,2
881,JBC004,4104,4.07, , , ,JBC,4.0,1,4,12,True,2025-10-16 23:16:46.175477+00:00,2,2025-10-16 23:16:46.175477+00:00,2
882,JBC008,4105,7.89, , , ,JBC,8.0,1,4,12,True,2025-10-16 23:16:46.175477+00:00,2,2025-10-16 23:16:46.175477+00:00,2
883,JBP006,4106,6.0,,,11253500,JBP,6.0,1,4,12,True,2025-10-16 23:16:46.175477+00:00,2,2025-10-16 23:16:46.175477+00:00,2
884,JBT004,4107,4.39,,,11441780,JBT,4.0,1,4,12,True,2025-10-16 23:16:46.175477+00:00,2,2025-10-16 23:16:46.175477+00:00,2
885,JCK002,4108,2.18, , , ,JCK,2.0,1,4,12,True,2025-10-16 23:16:46.175477+00:00,2,2025-10-16 23:16:46.175477+00:00,2
886,JKSMD,4109,46.524,,,,,0.0,1,4,12,True,2025-10-16 23:16:46.175477+00:00,2,2025-10-16 23:16:46.175477+00:00,2
887,JLIND,4110,0.0,,,,,0.0,1,4,12,True,2025-10-16 23:16:46.175477+00:00,2,2025-10-16 23:16:46.175477+00:00,2
888,JNKSN,4111,3.94,,,,,0.0,1,4,12,True,2025-10-16 23:16:46.175477+00:00,2,2025-10-16 23:16:46.175477+00:00,2
889,JWB001,4112,1.0,,,11278500,JWB,1.0,1,4,12,True,2025-10-16 23:16:46.175477+00:00,2,2025-10-16 23:16:46.175477+00:00,2
890,JWS004,4113,3.53,,,11292860,JWS,4.0,1,4,12,True,2025-10-16 23:16:46.175477+00:00,2,2025-10-16 23:16:46.175477+00:00,2
891,KLR005,4122,5.0, , , ,KLR,5.0,1,4,12,True,2025-10-16 23:16:46.175477+00:00,2,2025-10-16 23:16:46.175477+00:00,2
892,KLR006,4123,6.47, , ,11390900 / DWR  A0-2940,KLR,6.0,1,4,12,True,2025-10-16 23:16:46.175477+00:00,2,2025-10-16 23:16:46.175477+00:00,2
893,KSWCK,4128,299.39, , , , ,0.0,1,4,12,True,2025-10-16 23:16:46.175477+00:00,2,2025-10-16 23:16:46.175477+00:00,2
894,LBC001,4139,1.0, , , ,LBC,1.0,1,4,12,True,2025-10-16 23:16:46.175477+00:00,2,2025-10-16 23:16:46.175477+00:00,2
895,LBC010,4140,10.0, , , ,LBC,10.0,1,4,12,True,2025-10-16 23:16:46.175477+00:00,2,2025-10-16 23:16:46.175477+00:00,2
896,LBC030,4141,30.03, , , ,LBC,30.0,1,4,12,True,2025-10-16 23:16:46.175477+00:00,2,2025-10-16 23:16:46.175477+00:00,2
897,LBC032,4143,31.94, , , ,LBC,32.0,1,4,12,True,2025-10-16 23:16:46.175477+00:00,2,2025-10-16 23:16:46.175477+00:00,2
898,LBC038,4144,37.85, , , ,LBC,38.0,1,4,12,True,2025-10-16 23:16:46.175477+00:00,2,2025-10-16 23:16:46.175477+00:00,2
899,LBC040,4145,39.68, , , ,LBC,39.0,1,4,12,True,2025-10-16 23:16:46.175477+00:00,2,2025-10-16 23:16:46.175477+00:00,2
900,LBC043,4146,42.62, , , ,LBC,43.0,1,4,12,True,2025-10-16 23:16:46.175477+00:00,2,2025-10-16 23:16:46.175477+00:00,2
901,LBC049,4148,49.0, , , , ,0.0,1,4,12,True,2025-10-16 23:16:46.175477+00:00,2,2025-10-16 23:16:46.175477+00:00,2
902,LBEAR,4149,5.73,,,,BRV,0.0,1,4,12,True,2025-10-16 23:16:46.175477+00:00,2,2025-10-16 23:16:46.175477+00:00,2
903,LBN008,4150,7.94,,,,LBN,8.0,1,4,12,True,2025-10-16 23:16:46.175477+00:00,2,2025-10-16 23:16:46.175477+00:00,2
904,LBN012,4151,11.74,,,,LBN,12.0,1,4,12,True,2025-10-16 23:16:46.175477+00:00,2,2025-10-16 23:16:46.175477+00:00,2
905,LBN025,4152,25.0,,,,LBN,25.0,1,4,12,True,2025-10-16 23:16:46.175477+00:00,2,2025-10-16 23:16:46.175477+00:00,2
906,LBR002,4153,2.16, , ,11421725,LBR,2.0,1,4,12,True,2025-10-16 23:16:46.175477+00:00,2,2025-10-16 23:16:46.175477+00:00,2
907,LBUCK,4154,0.0,,,11403510,BUCK,0.0,1,4,12,True,2025-10-16 23:16:46.175477+00:00,2,2025-10-16 23:16:46.175477+00:00,2
908,LCA001,4155,1.0,,,11278200,LCA,1.0,1,4,12,True,2025-10-16 23:16:46.175477+00:00,2,2025-10-16 23:16:46.175477+00:00,2
909,LCBRF,4156,0.0,,,,,0.0,1,4,12,True,2025-10-16 23:16:46.175477+00:00,2,2025-10-16 23:16:46.175477+00:00,2
910,LCC016,4157,22.0, , , ,LCC,16.0,1,4,12,True,2025-10-16 23:16:46.175477+00:00,2,2025-10-16 23:16:46.175477+00:00,2
911,LCC024,4158,23.8, , , ,LCC,24.0,1,4,12,True,2025-10-16 23:16:46.175477+00:00,2,2025-10-16 23:16:46.175477+00:00,2
912,LCC026,4159,26.0, , , ,LCC,26.0,1,4,12,True,2025-10-16 23:16:46.175477+00:00,2,2025-10-16 23:16:46.175477+00:00,2
913,LCC029,4160,29.0, , , ,LCC,29.0,1,4,12,True,2025-10-16 23:16:46.175477+00:00,2,2025-10-16 23:16:46.175477+00:00,2
914,LCC038,4161,37.76, , , ,LCC,38.0,1,4,12,True,2025-10-16 23:16:46.175477+00:00,2,2025-10-16 23:16:46.175477+00:00,2
915,LCCWD,4162,0.0,,,,,0.0,1,4,12,True,2025-10-16 23:16:46.175477+00:00,2,2025-10-16 23:16:46.175477+00:00,2
916,LCWWTP,4163,0.0, , , , ,0.0,1,4,12,True,2025-10-16 23:16:46.175477+00:00,2,2025-10-16 23:16:46.175477+00:00,2
917,LDC007,4164,7.43, , , ,LDC,7.0,1,4,12,True,2025-10-16 23:16:46.175477+00:00,2,2025-10-16 23:16:46.175477+00:00,2
918,LDC021,4165,20.54, , , ,LDC,20.0,1,4,12,True,2025-10-16 23:16:46.175477+00:00,2,2025-10-16 23:16:46.175477+00:00,2
919,LDC029,4166,28.89, , , ,LDC,29.0,1,4,12,True,2025-10-16 23:16:46.175477+00:00,2,2025-10-16 23:16:46.175477+00:00,2
920,LGRSV,4167,38.66, , ,11395030, ,0.0,1,4,12,True,2025-10-16 23:16:46.175477+00:00,2,2025-10-16 23:16:46.175477+00:00,2
921,LJC010,4168,14.44,,,,LJC,10.0,1,4,12,True,2025-10-16 23:16:46.175477+00:00,2,2025-10-16 23:16:46.175477+00:00,2
922,LJC022,4169,22.48,,,,LJC,22.0,1,4,12,True,2025-10-16 23:16:46.175477+00:00,2,2025-10-16 23:16:46.175477+00:00,2
923,LKPNE,4170,0.0,,,,,0.0,1,4,12,True,2025-10-16 23:16:46.175477+00:00,2,2025-10-16 23:16:46.175477+00:00,2
924,LKVLY,4171,16.26, , , , ,16.0,1,4,12,True,2025-10-16 23:16:46.175477+00:00,2,2025-10-16 23:16:46.175477+00:00,2
925,LLC007,4172,7.3,,,11391400,LLC,7.0,1,4,12,True,2025-10-16 23:16:46.175477+00:00,2,2025-10-16 23:16:46.175477+00:00,2
926,LLOYD,4173,0.0,,,11277300,CHY,0.0,1,4,12,True,2025-10-16 23:16:46.175477+00:00,2,2025-10-16 23:16:46.175477+00:00,2
927,LLT000,4174,0.0,,,11429340,LLT,0.0,1,4,12,True,2025-10-16 23:16:46.175477+00:00,2,2025-10-16 23:16:46.175477+00:00,2
928,LNG012,4175,11.6999999999999,,,11433100,LNG,12.0,1,4,12,True,2025-10-16 23:16:46.175477+00:00,2,2025-10-16 23:16:46.175477+00:00,2
929,LOONL,4176,10.46,,,,,0.0,1,4,12,True,2025-10-16 23:16:46.175477+00:00,2,2025-10-16 23:16:46.175477+00:00,2
930,LOSVQ,4177,0.0, , , , ,0.0,1,4,12,True,2025-10-16 23:16:46.175477+00:00,2,2025-10-16 23:16:46.175477+00:00,2
931,LPC000,4178,0.0,840,,,LPC,0.0,1,4,12,True,2025-10-16 23:16:46.175477+00:00,2,2025-10-16 23:16:46.175477+00:00,2
932,LPC007,4179,6.63,,,,LPC,7.0,1,4,12,True,2025-10-16 23:16:46.175477+00:00,2,2025-10-16 23:16:46.175477+00:00,2
933,LRB003,4180,2.9,,,11428400,LRB,3.0,1,4,12,True,2025-10-16 23:16:46.175477+00:00,2,2025-10-16 23:16:46.175477+00:00,2
934,LRB004,4181,2.97,,,,LRB,4.0,1,4,12,True,2025-10-16 23:16:46.175477+00:00,2,2025-10-16 23:16:46.175477+00:00,2
935,LRB005,4182,4.635,,,,LRB,5.0,1,4,12,True,2025-10-16 23:16:46.175477+00:00,2,2025-10-16 23:16:46.175477+00:00,2
936,LRT000,4183,0.0, , ,11408870,LRT,0.0,1,4,12,True,2025-10-16 23:16:46.175477+00:00,2,2025-10-16 23:16:46.175477+00:00,2
937,LST003,4184,3.36, , ,11396000 / 11396090,LST,3.0,1,4,12,True,2025-10-16 23:16:46.175477+00:00,2,2025-10-16 23:16:46.175477+00:00,2
938,LST004,4185,3.8, , ,11396000,LST,4.0,1,4,12,True,2025-10-16 23:16:46.175477+00:00,2,2025-10-16 23:16:46.175477+00:00,2
939,LST007,4186,7.76, , ,11413250,LST,1.0,1,4,12,True,2025-10-16 23:16:46.175477+00:00,2,2025-10-16 23:16:46.175477+00:00,2
940,LVC001,4187,1.45, , ,11426190,LVC,1.0,1,4,12,True,2025-10-16 23:16:46.175477+00:00,2,2025-10-16 23:16:46.175477+00:00,2
941,LVP007,4188,7.05, , , ,LVP,7.0,1,4,12,True,2025-10-16 23:16:46.175477+00:00,2,2025-10-16 23:16:46.175477+00:00,2
942,LWSTN,4189,112.29, , , , ,0.0,1,4,12,True,2025-10-16 23:16:46.175477+00:00,2,2025-10-16 23:16:46.175477+00:00,2
943,LYONS,4190,19.2399999999999,,,,,0.0,1,4,12,True,2025-10-16 23:16:46.175477+00:00,2,2025-10-16 23:16:46.175477+00:00,2
944,MAQ001,4270,1.32,,,,MAQ,1.0,1,4,12,True,2025-10-16 23:16:46.175477+00:00,2,2025-10-16 23:16:46.175477+00:00,2
945,MAQ012,4271,11.5299999999999,,,,MAQ,12.0,1,4,12,True,2025-10-16 23:16:46.175477+00:00,2,2025-10-16 23:16:46.175477+00:00,2
946,MAQ057,4272,57.0,,,,,57.0,1,4,12,True,2025-10-16 23:16:46.175477+00:00,2,2025-10-16 23:16:46.175477+00:00,2
947,MAWWTP,4273,0.0, , , , ,0.0,1,4,12,True,2025-10-16 23:16:46.175477+00:00,2,2025-10-16 23:16:46.175477+00:00,2
948,MBT005,4276,4.774,,,11408000,MBT,5.0,1,4,12,True,2025-10-16 23:16:46.175477+00:00,2,2025-10-16 23:16:46.175477+00:00,2
949,MCD002,4277,2.45,,,,MCD,2.0,1,4,12,True,2025-10-16 23:16:46.175477+00:00,2,2025-10-16 23:16:46.175477+00:00,2
950,MCD005,4278,5.0,,,,MCD,5.0,1,4,12,True,2025-10-16 23:16:46.175477+00:00,2,2025-10-16 23:16:46.175477+00:00,2
951,MCD009,4279,9.0,694,123,,MCD,9.0,1,4,12,True,2025-10-16 23:16:46.175477+00:00,2,2025-10-16 23:16:46.175477+00:00,2
952,MCD014,4280,14.0,695,122,,MCD,14.0,1,4,12,True,2025-10-16 23:16:46.175477+00:00,2,2025-10-16 23:16:46.175477+00:00,2
953,MCD018,4281,17.51,,,,MCD,18.0,1,4,12,True,2025-10-16 23:16:46.175477+00:00,2,2025-10-16 23:16:46.175477+00:00,2
954,MCD021,4282,21.0,696,121,,MCD,21.0,1,4,12,True,2025-10-16 23:16:46.175477+00:00,2,2025-10-16 23:16:46.175477+00:00,2
955,MCD028,4283,28.0799999999999,697,120,,MCD,28.0,1,4,12,True,2025-10-16 23:16:46.175477+00:00,2,2025-10-16 23:16:46.175477+00:00,2
956,MCD032,4284,32.1,,,,MCD,32.0,1,4,12,True,2025-10-16 23:16:46.175477+00:00,2,2025-10-16 23:16:46.175477+00:00,2
957,MCD033,4285,32.77,,,11271290,MCD,33.0,1,4,12,True,2025-10-16 23:16:46.175477+00:00,2,2025-10-16 23:16:46.175477+00:00,2
958,MCD036,4286,36.0,698,119,,MCD,36.0,1,4,12,True,2025-10-16 23:16:46.175477+00:00,2,2025-10-16 23:16:46.175477+00:00,2
959,MCD042,4287,42.0,699,118,,MCD,42.0,1,4,12,True,2025-10-16 23:16:46.175477+00:00,2,2025-10-16 23:16:46.175477+00:00,2
960,MCD046,4288,46.4399999999999,,,11271250,MCD,46.0,1,4,12,True,2025-10-16 23:16:46.175477+00:00,2,2025-10-16 23:16:46.175477+00:00,2
961,MCD048,4289,48.0,700,117,11271250,MCD,48.0,1,4,12,True,2025-10-16 23:16:46.175477+00:00,2,2025-10-16 23:16:46.175477+00:00,2
962,MCD050,4290,50.3999999999999,,,,MCD,50.0,1,4,12,True,2025-10-16 23:16:46.175477+00:00,2,2025-10-16 23:16:46.175477+00:00,2
963,MCD052,4291,52.17,701,116,,MCD,52.0,1,4,12,True,2025-10-16 23:16:46.175477+00:00,2,2025-10-16 23:16:46.175477+00:00,2
964,MCD054,4292,54.74,,,11270900,MCD,54.0,1,4,12,True,2025-10-16 23:16:46.175477+00:00,2,2025-10-16 23:16:46.175477+00:00,2
965,MCD055,4293,54.8999999999999,,,11270900,MCD,55.0,1,4,12,True,2025-10-16 23:16:46.175477+00:00,2,2025-10-16 23:16:46.175477+00:00,2
966,MCD056,4294,56.0,,,,MCD,56.0,1,4,12,True,2025-10-16 23:16:46.175477+00:00,2,2025-10-16 23:16:46.175477+00:00,2
967,MCD080,4295,79.51,,,11266500,MCD,80.0,1,4,12,True,2025-10-16 23:16:46.175477+00:00,2,2025-10-16 23:16:46.175477+00:00,2
968,MCD086,4296,85.6599999999999,,,,MCD,86.0,1,4,12,True,2025-10-16 23:16:46.175477+00:00,2,2025-10-16 23:16:46.175477+00:00,2
969,MCD096,4297,96.12,,,11268200,MCD,96.0,1,4,12,True,2025-10-16 23:16:46.175477+00:00,2,2025-10-16 23:16:46.175477+00:00,2
970,MCD102,4298,102.269999999999,,,,MCD,102.0,1,4,12,True,2025-10-16 23:16:46.175477+00:00,2,2025-10-16 23:16:46.175477+00:00,2
971,MCD119,4299,119.079999999999,,,11266500,MCD,119.0,1,4,12,True,2025-10-16 23:16:46.175477+00:00,2,2025-10-16 23:16:46.175477+00:00,2
972,MCD128,4300,128.36,,,11264500,MCD,128.0,1,4,12,True,2025-10-16 23:16:46.175477+00:00,2,2025-10-16 23:16:46.175477+00:00,2
973,MCLRE,4301,62.32,,,1127000,,0.0,1,4,12,True,2025-10-16 23:16:46.175477+00:00,2,2025-10-16 23:16:46.175477+00:00,2
974,MDC006,4303,6.17,,,,MDC,6.0,1,4,12,True,2025-10-16 23:16:46.175477+00:00,2,2025-10-16 23:16:46.175477+00:00,2
975,MDC019,4304,18.8299999999999,,,,MDC,19.0,1,4,12,True,2025-10-16 23:16:46.175477+00:00,2,2025-10-16 23:16:46.175477+00:00,2
976,MDC032,4305,32.0,,,,MDC,32.0,1,4,12,True,2025-10-16 23:16:46.175477+00:00,2,2025-10-16 23:16:46.175477+00:00,2
977,MDOTA,4306,202.699999999999,872,53,,,0.0,1,4,12,True,2025-10-16 23:16:46.175477+00:00,2,2025-10-16 23:16:46.175477+00:00,2
978,MDS003,4307,2.56,,,11289000,MDS,3.0,1,4,12,True,2025-10-16 23:16:46.175477+00:00,2,2025-10-16 23:16:46.175477+00:00,2
979,MDSTO,4308,15.8599999999999,644,,,,0.0,1,4,12,True,2025-10-16 23:16:46.175477+00:00,2,2025-10-16 23:16:46.175477+00:00,2
980,MDWWTP,4309,0.0,,,,,0.0,1,4,12,True,2025-10-16 23:16:46.175477+00:00,2,2025-10-16 23:16:46.175477+00:00,2
981,MELON,4310,69.2099999999999,,,11299200,,0.0,1,4,12,True,2025-10-16 23:16:46.175477+00:00,2,2025-10-16 23:16:46.175477+00:00,2
982,MERLC,4311,12.39, , ,11420500, ,0.0,1,4,12,True,2025-10-16 23:16:46.175477+00:00,2,2025-10-16 23:16:46.175477+00:00,2
983,MFA001,4312,1.423, , ,11433500,MFA,1.0,1,4,12,True,2025-10-16 23:16:46.175477+00:00,2,2025-10-16 23:16:46.175477+00:00,2
984,MFA023,4313,23.076, , ,11433300,MFA,23.0,1,4,12,True,2025-10-16 23:16:46.175477+00:00,2,2025-10-16 23:16:46.175477+00:00,2
985,MFA024,4314,24.18,,,,MFA,24.0,1,4,12,True,2025-10-16 23:16:46.175477+00:00,2,2025-10-16 23:16:46.175477+00:00,2
986,MFA025,4315,24.82,,,,MFA,25.0,1,4,12,True,2025-10-16 23:16:46.175477+00:00,2,2025-10-16 23:16:46.175477+00:00,2
987,MFA026,4316,25.73,,,,MFA,26.0,1,4,12,True,2025-10-16 23:16:46.175477+00:00,2,2025-10-16 23:16:46.175477+00:00,2
988,MFA035,4317,35.81,,,11427770,MFA,35.0,1,4,12,True,2025-10-16 23:16:46.175477+00:00,2,2025-10-16 23:16:46.175477+00:00,2
989,MFA036,4318,35.8699999999999,,,,MFA,36.0,1,4,12,True,2025-10-16 23:16:46.175477+00:00,2,2025-10-16 23:16:46.175477+00:00,2
990,MFA037,4319,36.24,,,,MFA,37.0,1,4,12,True,2025-10-16 23:16:46.175477+00:00,2,2025-10-16 23:16:46.175477+00:00,2
991,MFA038,4320,36.31,,,,MFA,38.0,1,4,12,True,2025-10-16 23:16:46.175477+00:00,2,2025-10-16 23:16:46.175477+00:00,2
992,MFA040,4321,40.0,,,,MFA,40.0,1,4,12,True,2025-10-16 23:16:46.175477+00:00,2,2025-10-16 23:16:46.175477+00:00,2
993,MFA047,4322,47.3299999999999,,,11427500,MFA,47.0,1,4,12,True,2025-10-16 23:16:46.175477+00:00,2,2025-10-16 23:16:46.175477+00:00,2
994,MFF019,4324,18.91, , ,11394500,MFF,19.0,1,4,12,True,2025-10-16 23:16:46.175477+00:00,2,2025-10-16 23:16:46.175477+00:00,2
995,MFF087,4325,87.4099999999999,,,11392100,MFF,87.0,1,4,12,True,2025-10-16 23:16:46.175477+00:00,2,2025-10-16 23:16:46.175477+00:00,2
996,MFF088,4326,88.4599999999999,,,,MFF,88.0,1,4,12,True,2025-10-16 23:16:46.175477+00:00,2,2025-10-16 23:16:46.175477+00:00,2
997,MFF095,4327,94.98,,,,MFF,95.0,1,4,12,True,2025-10-16 23:16:46.175477+00:00,2,2025-10-16 23:16:46.175477+00:00,2
998,MFM001,4328,1.44,,,,MFM,1.0,1,4,12,True,2025-10-16 23:16:46.175477+00:00,2,2025-10-16 23:16:46.175477+00:00,2
999,MFM006,4329,6.09,,,11317000,MFM,6.0,1,4,12,True,2025-10-16 23:16:46.175477+00:00,2,2025-10-16 23:16:46.175477+00:00,2
1000,MFM007,4330,6.79,,,,MFM,7.0,1,4,12,True,2025-10-16 23:16:46.175477+00:00,2,2025-10-16 23:16:46.175477+00:00,2
1001,MFM008,4331,8.27999999999999,,,,MFM,8.0,1,4,12,True,2025-10-16 23:16:46.175477+00:00,2,2025-10-16 23:16:46.175477+00:00,2
1002,MFS012,4332,12.47,,,11293200,MFS,12.0,1,4,12,True,2025-10-16 23:16:46.175477+00:00,2,2025-10-16 23:16:46.175477+00:00,2
1003,MFS013,4333,12.51,,,,MFS,13.0,1,4,12,True,2025-10-16 23:16:46.175477+00:00,2,2025-10-16 23:16:46.175477+00:00,2
1004,MFS014,4334,13.5,,,11293000,MFS,14.0,1,4,12,True,2025-10-16 23:16:46.175477+00:00,2,2025-10-16 23:16:46.175477+00:00,2
1005,MFS015,4335,15.32,,,,MFS,15.0,1,4,12,True,2025-10-16 23:16:46.175477+00:00,2,2025-10-16 23:16:46.175477+00:00,2
1006,MFS016,4336,16.21,,,11292900,MFS,16.0,1,4,12,True,2025-10-16 23:16:46.175477+00:00,2,2025-10-16 23:16:46.175477+00:00,2
1007,MFS017,4337,16.77,,,,MFS,17.0,1,4,12,True,2025-10-16 23:16:46.175477+00:00,2,2025-10-16 23:16:46.175477+00:00,2
1008,MFS021,4338,21.62,,,,MFS,21.0,1,4,12,True,2025-10-16 23:16:46.175477+00:00,2,2025-10-16 23:16:46.175477+00:00,2
1009,MFS022,4339,21.84,,,11292700,MFS022,22.0,1,4,12,True,2025-10-16 23:16:46.175477+00:00,2,2025-10-16 23:16:46.175477+00:00,2
1010,MFS035,4340,35.31,,,,MFS,35.0,1,4,12,True,2025-10-16 23:16:46.175477+00:00,2,2025-10-16 23:16:46.175477+00:00,2
1011,MFS047,4342,46.7899999999999,,,11292000,MFS,47.0,1,4,12,True,2025-10-16 23:16:46.175477+00:00,2,2025-10-16 23:16:46.175477+00:00,2
1012,MFS048,4343,47.5399999999999,,,,MFS,48.0,1,4,12,True,2025-10-16 23:16:46.175477+00:00,2,2025-10-16 23:16:46.175477+00:00,2
1013,MFT000,4344,0.0,,,11282000,MFT,0.0,1,4,12,True,2025-10-16 23:16:46.175477+00:00,2,2025-10-16 23:16:46.175477+00:00,2
1014,MFT003,4345,3.3,,,11433060,MFT,3.0,1,4,12,True,2025-10-16 23:16:46.175477+00:00,2,2025-10-16 23:16:46.175477+00:00,2
1015,MFT004,4346,4.12,,,,MFT,4.0,1,4,12,True,2025-10-16 23:16:46.175477+00:00,2,2025-10-16 23:16:46.175477+00:00,2
1016,MFT011,4347,10.97,,,11428600,MFT,11.0,1,4,12,True,2025-10-16 23:16:46.175477+00:00,2,2025-10-16 23:16:46.175477+00:00,2
1017,MFY005,4348,4.57, , , ,MFY,5.0,1,4,12,True,2025-10-16 23:16:46.175477+00:00,2,2025-10-16 23:16:46.175477+00:00,2
1018,MFY012,4349,12.19, , ,11408880,MFY,12.0,1,4,12,True,2025-10-16 23:16:46.175477+00:00,2,2025-10-16 23:16:46.175477+00:00,2
1019,MFY013,4350,12.29, , , ,MFY,13.0,1,4,12,True,2025-10-16 23:16:46.175477+00:00,2,2025-10-16 23:16:46.175477+00:00,2
1020,MFY044,4351,44.32,,,11408550,MFY,44.0,1,4,12,True,2025-10-16 23:16:46.175477+00:00,2,2025-10-16 23:16:46.175477+00:00,2
1021,MFY045,4352,44.38,,,11408500,MFY,45.0,1,4,12,True,2025-10-16 23:16:46.175477+00:00,2,2025-10-16 23:16:46.175477+00:00,2
1022,MFY046,4353,45.765,,,11407900,MFY,46.0,1,4,12,True,2025-10-16 23:16:46.175477+00:00,2,2025-10-16 23:16:46.175477+00:00,2
1023,MHILL,4354,0.0,,,,,0.0,1,4,12,True,2025-10-16 23:16:46.175477+00:00,2,2025-10-16 23:16:46.175477+00:00,2
1024,MID021,4356,20.66,,,,MID,21.0,1,4,12,True,2025-10-16 23:16:46.175477+00:00,2,2025-10-16 23:16:46.175477+00:00,2
1025,MIL002,4357,2.37,,,11295340,MIL,2.0,1,4,12,True,2025-10-16 23:16:46.175477+00:00,2,2025-10-16 23:16:46.175477+00:00,2
1026,MIL003,4358,2.417,,,,MIL,3.0,1,4,12,True,2025-10-16 23:16:46.175477+00:00,2,2025-10-16 23:16:46.175477+00:00,2
1027,MIO023,4360,0.0, , , ,MIO,0.0,1,4,12,True,2025-10-16 23:16:46.175477+00:00,2,2025-10-16 23:16:46.175477+00:00,2
1028,MLC004,4361,4.0,087,244, ,MLC,4.0,1,4,12,True,2025-10-16 23:16:46.175477+00:00,2,2025-10-16 23:16:46.175477+00:00,2
1029,MLC006,4362,5.68,088,243,11381500,MLC,6.0,1,4,12,True,2025-10-16 23:16:46.175477+00:00,2,2025-10-16 23:16:46.175477+00:00,2
1030,MLRTN,4363,262.06,,,11250000,,0.0,1,4,12,True,2025-10-16 23:16:46.175477+00:00,2,2025-10-16 23:16:46.175477+00:00,2
1031,MNRRH,4364,0.0, , ,11396330, ,0.0,1,4,12,True,2025-10-16 23:16:46.175477+00:00,2,2025-10-16 23:16:46.175477+00:00,2
1032,MNS000,4365,0.0, , , ,MNS,0.0,1,4,12,True,2025-10-16 23:16:46.175477+00:00,2,2025-10-16 23:16:46.175477+00:00,2
1033,MOC003,4369,3.0,,,11286000,MOC,3.0,1,4,12,True,2025-10-16 23:16:46.175477+00:00,2,2025-10-16 23:16:46.175477+00:00,2
1034,MOK,4370,0.0, , , , ,0.0,1,4,12,True,2025-10-16 23:16:46.175477+00:00,2,2025-10-16 23:16:46.175477+00:00,2
1035,MOK004,4371,3.64,495,198, ,MOK,4.0,1,4,12,True,2025-10-16 23:16:46.175477+00:00,2,2025-10-16 23:16:46.175477+00:00,2
1036,MOK014,4372,14.17,494,197, ,MOK,14.0,1,4,12,True,2025-10-16 23:16:46.175477+00:00,2,2025-10-16 23:16:46.175477+00:00,2
1037,MOK019,4373,19.03,478,196,,MOK,19.0,1,4,12,True,2025-10-16 23:16:46.175477+00:00,2,2025-10-16 23:16:46.175477+00:00,2
1038,MOK022,4374,22.68,479,181,,MOK,22.0,1,4,12,True,2025-10-16 23:16:46.175477+00:00,2,2025-10-16 23:16:46.175477+00:00,2
1039,MOK028,4375,28.0,497,180,,MOK,28.0,1,4,12,True,2025-10-16 23:16:46.175477+00:00,2,2025-10-16 23:16:46.175477+00:00,2
1040,MOK033,4376,33.0,,,,MOK,33.0,1,4,12,True,2025-10-16 23:16:46.175477+00:00,2,2025-10-16 23:16:46.175477+00:00,2
1041,MOK034,4377,33.56,,,,MOK,34.0,1,4,12,True,2025-10-16 23:16:46.175477+00:00,2,2025-10-16 23:16:46.175477+00:00,2
1042,MOK035,4378,34.3699999999999,512,179,,MOK,35.0,1,4,12,True,2025-10-16 23:16:46.175477+00:00,2,2025-10-16 23:16:46.175477+00:00,2
1043,MOK039,4379,39.0,,,,MOK,39.0,1,4,12,True,2025-10-16 23:16:46.175477+00:00,2,2025-10-16 23:16:46.175477+00:00,2
1044,MOK044,4380,44.0,513,178,,MOK,44.0,1,4,12,True,2025-10-16 23:16:46.175477+00:00,2,2025-10-16 23:16:46.175477+00:00,2
1045,MOK050,4381,50.0,514,177,,MOK,50.0,1,4,12,True,2025-10-16 23:16:46.175477+00:00,2,2025-10-16 23:16:46.175477+00:00,2
1046,MOK055,4382,55.0,515,173,,MOK,55.0,1,4,12,True,2025-10-16 23:16:46.175477+00:00,2,2025-10-16 23:16:46.175477+00:00,2
1047,MOK057,4383,57.0,,,11323500,MOK,57.0,1,4,12,True,2025-10-16 23:16:46.175477+00:00,2,2025-10-16 23:16:46.175477+00:00,2
1048,MOK079,4384,79.0,,,11319500,MOK,79.0,1,4,12,True,2025-10-16 23:16:46.175477+00:00,2,2025-10-16 23:16:46.175477+00:00,2
1049,MOK082,4385,82.45,,,,MOK,82.0,1,4,12,True,2025-10-16 23:16:46.175477+00:00,2,2025-10-16 23:16:46.175477+00:00,2
1050,MOK088,4386,87.8499999999999,,,,MOK,88.0,1,4,12,True,2025-10-16 23:16:46.175477+00:00,2,2025-10-16 23:16:46.175477+00:00,2
1051,MOWWTP,4390,0.0,,,,,0.0,1,4,12,True,2025-10-16 23:16:46.175477+00:00,2,2025-10-16 23:16:46.175477+00:00,2
1052,MPS038,4393,38.0,,,,MPS,38.0,1,4,12,True,2025-10-16 23:16:46.175477+00:00,2,2025-10-16 23:16:46.175477+00:00,2
1053,MRM001,4394,0.46, , ,11425418,MRM,1.0,1,4,12,True,2025-10-16 23:16:46.175477+00:00,2,2025-10-16 23:16:46.175477+00:00,2
1054,MRS000,4395,0.0,,,11273000,MRS,0.0,1,4,12,True,2025-10-16 23:16:46.175477+00:00,2,2025-10-16 23:16:46.175477+00:00,2
1055,MSF001,4396,0.3,,,1.126800011268E+15,MSF,1.0,1,4,12,True,2025-10-16 23:16:46.175477+00:00,2,2025-10-16 23:16:46.175477+00:00,2
1056,MSF023,4399,23.05,,,11267300,MSF,23.0,1,4,12,True,2025-10-16 23:16:46.175477+00:00,2,2025-10-16 23:16:46.175477+00:00,2
1057,MSH015,4400,15.39, , ,11337500,MSH,0.0,1,4,12,True,2025-10-16 23:16:46.175477+00:00,2,2025-10-16 23:16:46.175477+00:00,2
1058,MSN004,4401,4.02,,,,MSN,4.0,1,4,12,True,2025-10-16 23:16:46.175477+00:00,2,2025-10-16 23:16:46.175477+00:00,2
1059,MSN005,4402,5.3,,,11261480,MSN,5.0,1,4,12,True,2025-10-16 23:16:46.175477+00:00,2,2025-10-16 23:16:46.175477+00:00,2
1060,MSN009,4403,9.31,,,11262900,MSN,9.0,1,4,12,True,2025-10-16 23:16:46.175477+00:00,2,2025-10-16 23:16:46.175477+00:00,2
1061,MSS014,4404,14.0,,,,MSS,14.0,1,4,12,True,2025-10-16 23:16:46.175477+00:00,2,2025-10-16 23:16:46.175477+00:00,2
1062,MTC000,4406,0.0, , , ,MTC,0.0,1,4,12,True,2025-10-16 23:16:46.175477+00:00,2,2025-10-16 23:16:46.175477+00:00,2
1063,MTMDW,4407,9.69,,,,HMB,0.0,1,4,12,True,2025-10-16 23:16:46.175477+00:00,2,2025-10-16 23:16:46.175477+00:00,2
1064,NAPA,4442,0.0, , , , ,0.0,1,4,12,True,2025-10-16 23:16:46.175477+00:00,2,2025-10-16 23:16:46.175477+00:00,2
1065,NAPA2,4443,2.0,,,,,2.0,1,4,12,True,2025-10-16 23:16:46.175477+00:00,2,2025-10-16 23:16:46.175477+00:00,2
1066,NBA009,4444,8.9, , , ,NBA,0.0,1,4,12,True,2025-10-16 23:16:46.175477+00:00,2,2025-10-16 23:16:46.175477+00:00,2
1067,NBA011,4445,10.75, , , ,NBA,11.0,1,4,12,True,2025-10-16 23:16:46.175477+00:00,2,2025-10-16 23:16:46.175477+00:00,2
1068,NBA021,4446,21.0, , , ,NBA,0.0,1,4,12,True,2025-10-16 23:16:46.175477+00:00,2,2025-10-16 23:16:46.175477+00:00,2
1069,NBA027,4447,27.0, , , ,NBA,0.0,1,4,12,True,2025-10-16 23:16:46.175477+00:00,2,2025-10-16 23:16:46.175477+00:00,2
1070,NBLDB,4448,2.33, , ,DWR - (BUL), ,2.0,1,4,12,True,2025-10-16 23:16:46.175477+00:00,2,2025-10-16 23:16:46.175477+00:00,2
1071,NFA011,4453,10.95, , , ,NFA,11.0,1,4,12,True,2025-10-16 23:16:46.175477+00:00,2,2025-10-16 23:16:46.175477+00:00,2
1072,NFA016,4454,15.94, , , ,NFA,16.0,1,4,12,True,2025-10-16 23:16:46.175477+00:00,2,2025-10-16 23:16:46.175477+00:00,2
1073,NFA019,4455,19.373, , , ,NFA,19.0,1,4,12,True,2025-10-16 23:16:46.175477+00:00,2,2025-10-16 23:16:46.175477+00:00,2
1074,NFA022,4456,21.53, , ,11427000,NFA,22.0,1,4,12,True,2025-10-16 23:16:46.175477+00:00,2,2025-10-16 23:16:46.175477+00:00,2
1075,NFA048,4457,48.14, , , ,NFA,48.0,1,4,12,True,2025-10-16 23:16:46.175477+00:00,2,2025-10-16 23:16:46.175477+00:00,2
1076,NFA054,4458,53.83, , , ,NFA,54.0,1,4,12,True,2025-10-16 23:16:46.175477+00:00,2,2025-10-16 23:16:46.175477+00:00,2
1077,NFC005,4459,5.18, , ,11451500,NFC,5.0,1,4,12,True,2025-10-16 23:16:46.175477+00:00,2,2025-10-16 23:16:46.175477+00:00,2
1078,NFC013,4460,12.62, , ,11451300,NFC,13.0,1,4,12,True,2025-10-16 23:16:46.175477+00:00,2,2025-10-16 23:16:46.175477+00:00,2
1079,NFC019,4461,19.1999999999999,,,,NFC,19.0,1,4,12,True,2025-10-16 23:16:46.175477+00:00,2,2025-10-16 23:16:46.175477+00:00,2
1080,NFF008,4463,8.11, , , ,NFF,8.0,1,4,12,True,2025-10-16 23:16:46.175477+00:00,2,2025-10-16 23:16:46.175477+00:00,2
1081,NFF020,4464,20.2899999999999,,,,NFF,20.0,1,4,12,True,2025-10-16 23:16:46.175477+00:00,2,2025-10-16 23:16:46.175477+00:00,2
1082,NFF027,4465,26.59, , ,11404500 / 11404900,NFF,27.0,1,4,12,True,2025-10-16 23:16:46.175477+00:00,2,2025-10-16 23:16:46.175477+00:00,2
1083,NFF028,4466,27.9699999999999,,,114044,NFF,28.0,1,4,12,True,2025-10-16 23:16:46.175477+00:00,2,2025-10-16 23:16:46.175477+00:00,2
1084,NFF029,4467,28.14,,,,NFF,29.0,1,4,12,True,2025-10-16 23:16:46.175477+00:00,2,2025-10-16 23:16:46.175477+00:00,2
1085,NFF030,4468,30.0,,,,,30.0,1,4,12,True,2025-10-16 23:16:46.175477+00:00,2,2025-10-16 23:16:46.175477+00:00,2
1086,NFF034,4469,34.0,,,,NFF,34.0,1,4,12,True,2025-10-16 23:16:46.175477+00:00,2,2025-10-16 23:16:46.175477+00:00,2
1087,NFF035,4470,34.77,,,,NFF,35.0,1,4,12,True,2025-10-16 23:16:46.175477+00:00,2,2025-10-16 23:16:46.175477+00:00,2
1088,NFF037,4471,37.0,,,,NFF,37.0,1,4,12,True,2025-10-16 23:16:46.175477+00:00,2,2025-10-16 23:16:46.175477+00:00,2
1089,NFF038,4472,38.0,,,,NFF,38.0,1,4,12,True,2025-10-16 23:16:46.175477+00:00,2,2025-10-16 23:16:46.175477+00:00,2
1090,NFF039,4473,38.78,,,11403700,NFF,39.0,1,4,12,True,2025-10-16 23:16:46.175477+00:00,2,2025-10-16 23:16:46.175477+00:00,2
1091,NFF045,4474,45.0,,,,NFF,45.0,1,4,12,True,2025-10-16 23:16:46.175477+00:00,2,2025-10-16 23:16:46.175477+00:00,2
1092,NFF046,4475,45.3599999999999,,,,NFF,45.0,1,4,12,True,2025-10-16 23:16:46.175477+00:00,2,2025-10-16 23:16:46.175477+00:00,2
1093,NFF048,4476,46.06,,,,NFF,46.0,1,4,12,True,2025-10-16 23:16:46.175477+00:00,2,2025-10-16 23:16:46.175477+00:00,2
1094,NFF050,4477,50.49,,,,NFF,50.0,1,4,12,True,2025-10-16 23:16:46.175477+00:00,2,2025-10-16 23:16:46.175477+00:00,2
1095,NFF057,4478,57.0,,,,NFF,57.0,1,4,12,True,2025-10-16 23:16:46.175477+00:00,2,2025-10-16 23:16:46.175477+00:00,2
1096,NFF058,4479,57.75,,,11401112,NFF,57.0,1,4,12,True,2025-10-16 23:16:46.175477+00:00,2,2025-10-16 23:16:46.175477+00:00,2
1097,NFF059,4480,58.17,,,,NFF,58.0,1,4,12,True,2025-10-16 23:16:46.175477+00:00,2,2025-10-16 23:16:46.175477+00:00,2
1098,NFF060,4481,59.2,,,,NFF,59.0,1,4,12,True,2025-10-16 23:16:46.175477+00:00,2,2025-10-16 23:16:46.175477+00:00,2
1099,NFF069,4482,60.52,,,,NFF,60.0,1,4,12,True,2025-10-16 23:16:46.175477+00:00,2,2025-10-16 23:16:46.175477+00:00,2
1100,NFF080,4483,80.0,,,,NFF,80.0,1,4,12,True,2025-10-16 23:16:46.175477+00:00,2,2025-10-16 23:16:46.175477+00:00,2
1101,NFM006,4484,6.71,,,,NFM,7.0,1,4,12,True,2025-10-16 23:16:46.175477+00:00,2,2025-10-16 23:16:46.175477+00:00,2
1102,NFM010,4485,10.22,,,,NFM,6.0,1,4,12,True,2025-10-16 23:16:46.175477+00:00,2,2025-10-16 23:16:46.175477+00:00,2
1103,NFM012,4486,11.49,,,,NFM,11.0,1,4,12,True,2025-10-16 23:16:46.175477+00:00,2,2025-10-16 23:16:46.175477+00:00,2
1104,NFM024,4488,24.3999999999999,,,,NFM,24.0,1,4,12,True,2025-10-16 23:16:46.175477+00:00,2,2025-10-16 23:16:46.175477+00:00,2
1105,NFM026,4489,26.0,,,11314500,NFM,26.0,1,4,12,True,2025-10-16 23:16:46.175477+00:00,2,2025-10-16 23:16:46.175477+00:00,2
1106,NFM029,4490,29.34,,,11314500,NFM,29.0,1,4,12,True,2025-10-16 23:16:46.175477+00:00,2,2025-10-16 23:16:46.175477+00:00,2
1107,NFS003,4492,2.9,,,,NFS,3.0,1,4,12,True,2025-10-16 23:16:46.175477+00:00,2,2025-10-16 23:16:46.175477+00:00,2
1108,NFS005,4493,5.51,,,11295300,NFS,6.0,1,4,12,True,2025-10-16 23:16:46.175477+00:00,2,2025-10-16 23:16:46.175477+00:00,2
1109,NFS007,4495,7.78,,,11295270,NFS,7.0,1,4,12,True,2025-10-16 23:16:46.175477+00:00,2,2025-10-16 23:16:46.175477+00:00,2
1110,NFS008,4496,8.0,,,,NFS,8.0,1,4,12,True,2025-10-16 23:16:46.175477+00:00,2,2025-10-16 23:16:46.175477+00:00,2
1111,NFS009,4497,8.77999999999999,,,11294500,NFS,9.0,1,4,12,True,2025-10-16 23:16:46.175477+00:00,2,2025-10-16 23:16:46.175477+00:00,2
1112,NFS027,4498,26.85,,,,NFS,27.0,1,4,12,True,2025-10-16 23:16:46.175477+00:00,2,2025-10-16 23:16:46.175477+00:00,2
1113,NFS033,4500,32.6099999999999,,,11293590,NFS,33.0,1,4,12,True,2025-10-16 23:16:46.175477+00:00,2,2025-10-16 23:16:46.175477+00:00,2
1114,NFT008,4501,8.0,,,11285000,NFT,8.0,1,4,12,True,2025-10-16 23:16:46.175477+00:00,2,2025-10-16 23:16:46.175477+00:00,2
1115,NFY002,4508,2.12, , ,11413520 / 11413517,NFY,2.0,1,4,12,True,2025-10-16 23:16:46.175477+00:00,2,2025-10-16 23:16:46.175477+00:00,2
1116,NFY017,4509,17.0, , ,11413100,NFY,17.0,1,4,12,True,2025-10-16 23:16:46.175477+00:00,2,2025-10-16 23:16:46.175477+00:00,2
1117,NFY029,4510,28.9, , ,11413000,NFY,29.0,1,4,12,True,2025-10-16 23:16:46.175477+00:00,2,2025-10-16 23:16:46.175477+00:00,2
1118,NHGAN,4511,44.63,,,,,0.0,1,4,12,True,2025-10-16 23:16:46.175477+00:00,2,2025-10-16 23:16:46.175477+00:00,2
1119,NIDDC_NA1,4514,0.0,,,,,0.0,1,4,12,True,2025-10-16 23:16:46.175477+00:00,2,2025-10-16 23:16:46.175477+00:00,2
1120,NIDDC_NA2,4515,0.0,,,,,0.0,1,4,12,True,2025-10-16 23:16:46.175477+00:00,2,2025-10-16 23:16:46.175477+00:00,2
1121,NIDTD,4517,0.0, , , , ,0.0,1,4,12,True,2025-10-16 23:16:46.175477+00:00,2,2025-10-16 23:16:46.175477+00:00,2
1122,NLC002,4518,2.99,,,11433085,NLC,2.0,1,4,12,True,2025-10-16 23:16:46.175477+00:00,2,2025-10-16 23:16:46.175477+00:00,2
1123,NLC003,4519,3.16,,,,NLC,3.0,1,4,12,True,2025-10-16 23:16:46.175477+00:00,2,2025-10-16 23:16:46.175477+00:00,2
1124,NLL016,4520,15.73,,,,NLL,16.0,1,4,12,True,2025-10-16 23:16:46.175477+00:00,2,2025-10-16 23:16:46.175477+00:00,2
1125,NMA003,4521,2.6,,,11433260,NMA,3.0,1,4,12,True,2025-10-16 23:16:46.175477+00:00,2,2025-10-16 23:16:46.175477+00:00,2
1126,NMC000,4522,0.09,,,11300800,NMC,0.0,1,4,12,True,2025-10-16 23:16:46.175477+00:00,2,2025-10-16 23:16:46.175477+00:00,2
1127,NMC014,4523,13.67,,,,NMC,14.0,1,4,12,True,2025-10-16 23:16:46.175477+00:00,2,2025-10-16 23:16:46.175477+00:00,2
1128,NMW004,4524,4.0,,,,NMW,4.0,1,4,12,True,2025-10-16 23:16:46.175477+00:00,2,2025-10-16 23:16:46.175477+00:00,2
1129,NNA013,4525,13.35, , , ,NNA,13.0,1,4,12,True,2025-10-16 23:16:46.175477+00:00,2,2025-10-16 23:16:46.175477+00:00,2
1130,NTD000,4527,0.17,,,11433080,NTD,0.0,1,4,12,True,2025-10-16 23:16:46.175477+00:00,2,2025-10-16 23:16:46.175477+00:00,2
1131,NTOMA,4528,22.5,385,375, , ,0.0,1,4,12,True,2025-10-16 23:16:46.175477+00:00,2,2025-10-16 23:16:46.175477+00:00,2
1132,NWT013,4529,12.8599999999999,,,,NWT,13.0,1,4,12,True,2025-10-16 23:16:46.175477+00:00,2,2025-10-16 23:16:46.175477+00:00,2
1133,OAK001,4546,0.37,,,11301000,OAK,1.0,1,4,12,True,2025-10-16 23:16:46.175477+00:00,2,2025-10-16 23:16:46.175477+00:00,2
1134,OAK020,4547,19.8999999999999,,,,OAK,20.0,1,4,12,True,2025-10-16 23:16:46.175477+00:00,2,2025-10-16 23:16:46.175477+00:00,2
1135,OGN004,4548,4.15, , ,11409400,OGN,4.0,1,4,12,True,2025-10-16 23:16:46.175477+00:00,2,2025-10-16 23:16:46.175477+00:00,2
1136,OGN005,4549,4.24, , , ,CMT,5.0,1,4,12,True,2025-10-16 23:16:46.175477+00:00,2,2025-10-16 23:16:46.175477+00:00,2
1137,OMR,4552,0.0, , , , ,0.0,1,4,12,True,2025-10-16 23:16:46.175477+00:00,2,2025-10-16 23:16:46.175477+00:00,2
1138,OMR002,4553,2.0, , , ,OMR,2.0,1,4,12,True,2025-10-16 23:16:46.175477+00:00,2,2025-10-16 23:16:46.175477+00:00,2
1139,OMR013,4554,13.09, , , ,OMR,13.0,1,4,12,True,2025-10-16 23:16:46.175477+00:00,2,2025-10-16 23:16:46.175477+00:00,2
1140,OMR014,4555,13.42, , ,11313405 / 11312676,OMR,14.0,1,4,12,True,2025-10-16 23:16:46.175477+00:00,2,2025-10-16 23:16:46.175477+00:00,2
1141,OMR018,4556,18.37, , , ,OMR,18.0,1,4,12,True,2025-10-16 23:16:46.175477+00:00,2,2025-10-16 23:16:46.175477+00:00,2
1142,OMR021,4557,21.0, , , ,OMR,21.0,1,4,12,True,2025-10-16 23:16:46.175477+00:00,2,2025-10-16 23:16:46.175477+00:00,2
1143,OMR024,4558,24.33, , , ,OMR,24.0,1,4,12,True,2025-10-16 23:16:46.175477+00:00,2,2025-10-16 23:16:46.175477+00:00,2
1144,OMR027,4559,27.26, , , ,OMR,27.0,1,4,12,True,2025-10-16 23:16:46.175477+00:00,2,2025-10-16 23:16:46.175477+00:00,2
1145,OMR028,4560,27.84, , , ,OMR,28.0,1,4,12,True,2025-10-16 23:16:46.175477+00:00,2,2025-10-16 23:16:46.175477+00:00,2
1146,OMR039,4561,39.0, , , ,OMR,39.0,1,4,12,True,2025-10-16 23:16:46.175477+00:00,2,2025-10-16 23:16:46.175477+00:00,2
1147,ORG000,4562,0.0,793,,,ORG,0.0,1,4,12,True,2025-10-16 23:16:46.175477+00:00,2,2025-10-16 23:16:46.175477+00:00,2
1148,OROVL,4563,72.35, , , , ,0.0,1,4,12,True,2025-10-16 23:16:46.175477+00:00,2,2025-10-16 23:16:46.175477+00:00,2
1149,ORP000,4564,0.0, , , ,ORP,0.0,1,4,12,True,2025-10-16 23:16:46.175477+00:00,2,2025-10-16 23:16:46.175477+00:00,2
1150,ORT001,4565,1.32,,,,ORT,1.0,1,4,12,True,2025-10-16 23:16:46.175477+00:00,2,2025-10-16 23:16:46.175477+00:00,2
1151,ORT009,4566,9.0,682,129,,ORT,9.0,1,4,12,True,2025-10-16 23:16:46.175477+00:00,2,2025-10-16 23:16:46.175477+00:00,2
1152,ORT014,4567,14.0,681,128,11274500,ORT,14.0,1,4,12,True,2025-10-16 23:16:46.175477+00:00,2,2025-10-16 23:16:46.175477+00:00,2
1153,ORWWTP,4568,0.0, , , , ,0.0,1,4,12,True,2025-10-16 23:16:46.175477+00:00,2,2025-10-16 23:16:46.175477+00:00,2
1154,OWC000,4569,0.0, , , ,OWC,0.0,1,4,12,True,2025-10-16 23:16:46.175477+00:00,2,2025-10-16 23:16:46.175477+00:00,2
1155,OWN011,4570,11.3,,,,OWN,11.0,1,4,12,True,2025-10-16 23:16:46.175477+00:00,2,2025-10-16 23:16:46.175477+00:00,2
1156,OWN040,4571,39.64,,,,OWN,40.0,1,4,12,True,2025-10-16 23:16:46.175477+00:00,2,2025-10-16 23:16:46.175477+00:00,2
1157,OXB000,4572,0.0,,,11433212,,0.0,1,4,12,True,2025-10-16 23:16:46.175477+00:00,2,2025-10-16 23:16:46.175477+00:00,2
1158,OYS001,4573,0.262,,,11436510,OYS,1.0,1,4,12,True,2025-10-16 23:16:46.175477+00:00,2,2025-10-16 23:16:46.175477+00:00,2
1159,PARDE,4585,0.0,,,,,0.0,1,4,12,True,2025-10-16 23:16:46.175477+00:00,2,2025-10-16 23:16:46.175477+00:00,2
1160,PCH000,4587,0.0,,,,,0.0,1,4,12,True,2025-10-16 23:16:46.175477+00:00,2,2025-10-16 23:16:46.175477+00:00,2
1161,PCRST,4588,33.99,,,,,0.0,1,4,12,True,2025-10-16 23:16:46.175477+00:00,2,2025-10-16 23:16:46.175477+00:00,2
1162,PCWA3,4592,0.0, , , , ,0.0,1,4,12,True,2025-10-16 23:16:46.175477+00:00,2,2025-10-16 23:16:46.175477+00:00,2
1163,PEDRO,4593,56.49,,,11288000,,0.0,1,4,12,True,2025-10-16 23:16:46.175477+00:00,2,2025-10-16 23:16:46.175477+00:00,2
1164,PGWWTP,4594,0.0, , , , ,0.0,1,4,12,True,2025-10-16 23:16:46.175477+00:00,2,2025-10-16 23:16:46.175477+00:00,2
1165,PHP000,4595,0.06,,,11297000,PHP,0.0,1,4,12,True,2025-10-16 23:16:46.175477+00:00,2,2025-10-16 23:16:46.175477+00:00,2
1166,PLC006,4597,5.97,,,11433040,PLC,6.0,1,4,12,True,2025-10-16 23:16:46.175477+00:00,2,2025-10-16 23:16:46.175477+00:00,2
1167,PLC007,4598,6.12,,,,PLC,7.0,1,4,12,True,2025-10-16 23:16:46.175477+00:00,2,2025-10-16 23:16:46.175477+00:00,2
1168,PLC009,4599,8.8,,,11432500,PLC,9.0,1,4,12,True,2025-10-16 23:16:46.175477+00:00,2,2025-10-16 23:16:46.175477+00:00,2
1169,PLM001,4600,1.36,,,11440500,PLM,1.0,1,4,12,True,2025-10-16 23:16:46.175477+00:00,2,2025-10-16 23:16:46.175477+00:00,2
1170,PLMAS,4601,0.0,,,,,0.0,1,4,12,True,2025-10-16 23:16:46.175477+00:00,2,2025-10-16 23:16:46.175477+00:00,2
1171,POE006,4602,6.42,,,,POE,6.0,1,4,12,True,2025-10-16 23:16:46.175477+00:00,2,2025-10-16 23:16:46.175477+00:00,2
1172,PRRIS,4604,,,,,,,1,4,12,True,2025-10-16 23:16:46.175477+00:00,2,2025-10-16 23:16:46.175477+00:00,2
1173,PSC003,4607,3.26, , , ,PSC,3.0,1,4,12,True,2025-10-16 23:16:46.175477+00:00,2,2025-10-16 23:16:46.175477+00:00,2
1174,PSC006,4608,6.35, , , ,PSC,6.0,1,4,12,True,2025-10-16 23:16:46.175477+00:00,2,2025-10-16 23:16:46.175477+00:00,2
1175,PSC013,4609,12.97, , , ,PSC,13.0,1,4,12,True,2025-10-16 23:16:46.175477+00:00,2,2025-10-16 23:16:46.175477+00:00,2
1176,PSC015,4610,15.0, , , ,PSC,15.0,1,4,12,True,2025-10-16 23:16:46.175477+00:00,2,2025-10-16 23:16:46.175477+00:00,2
1177,PSC017,4611,16.79, , , ,PSC,17.0,1,4,12,True,2025-10-16 23:16:46.175477+00:00,2,2025-10-16 23:16:46.175477+00:00,2
1178,PSC020,4612,19.6, , , ,PSC,20.0,1,4,12,True,2025-10-16 23:16:46.175477+00:00,2,2025-10-16 23:16:46.175477+00:00,2
1179,PSC024,4613,23.53, , , ,PSC,24.0,1,4,12,True,2025-10-16 23:16:46.175477+00:00,2,2025-10-16 23:16:46.175477+00:00,2
1180,PSC033,4614,33.52, , , ,PSC,0.0,1,4,12,True,2025-10-16 23:16:46.175477+00:00,2,2025-10-16 23:16:46.175477+00:00,2
1181,PTH007,4615,7.0,413,404, ,PTH,7.0,1,4,12,True,2025-10-16 23:16:46.175477+00:00,2,2025-10-16 23:16:46.175477+00:00,2
1182,PTH011,4616,10.77,412,403,11455000 / DWR  A0-9130,PTH,11.0,1,4,12,True,2025-10-16 23:16:46.175477+00:00,2,2025-10-16 23:16:46.175477+00:00,2
1183,PTH015,4617,15.0,411,402, ,PTH,15.0,1,4,12,True,2025-10-16 23:16:46.175477+00:00,2,2025-10-16 23:16:46.175477+00:00,2
1184,PTH020,4618,20.0,410,401, ,PTH,20.0,1,4,12,True,2025-10-16 23:16:46.175477+00:00,2,2025-10-16 23:16:46.175477+00:00,2
1185,PTH021,4619,21.48, , ,11454500,PTH,21.0,1,4,12,True,2025-10-16 23:16:46.175477+00:00,2,2025-10-16 23:16:46.175477+00:00,2
1186,PTH024,4620,24.43,428,400,11454210,PTH,24.0,1,4,12,True,2025-10-16 23:16:46.175477+00:00,2,2025-10-16 23:16:46.175477+00:00,2
1187,PTH030,4621,29.68, , ,11454000,PTH,30.0,1,4,12,True,2025-10-16 23:16:46.175477+00:00,2,2025-10-16 23:16:46.175477+00:00,2
1188,PTH070,4622,70.0,,,,,70.0,1,4,12,True,2025-10-16 23:16:46.175477+00:00,2,2025-10-16 23:16:46.175477+00:00,2
1189,PUTAH,4626,0.0,,,,,0.0,1,4,12,True,2025-10-16 23:16:46.175477+00:00,2,2025-10-16 23:16:46.175477+00:00,2
1190,PYN001,4627,0.45,046,225,11377500,PYN,1.0,1,4,12,True,2025-10-16 23:16:46.175477+00:00,2,2025-10-16 23:16:46.175477+00:00,2
1191,PYR001,4628,0.317,,,11435100,PYR,1.0,1,4,12,True,2025-10-16 23:16:46.175477+00:00,2,2025-10-16 23:16:46.175477+00:00,2
1192,PYRMD,4629,,,,,,,1,4,12,True,2025-10-16 23:16:46.175477+00:00,2,2025-10-16 23:16:46.175477+00:00,2
1193,QNT005,4661,4.38,,,,QNT,5.0,1,4,12,True,2025-10-16 23:16:46.175477+00:00,2,2025-10-16 23:16:46.175477+00:00,2
1194,RCK001,4674,1.0,,,1.1444201114442E+23,RKC,1.0,1,4,12,True,2025-10-16 23:16:46.175477+00:00,2,2025-10-16 23:16:46.175477+00:00,2
1195,RCT007,4675,7.0,,,,,7.0,1,4,12,True,2025-10-16 23:16:46.175477+00:00,2,2025-10-16 23:16:46.175477+00:00,2
1196,RD1500,4677,0.0, , ,DWR (SBP), ,0.0,1,4,12,True,2025-10-16 23:16:46.175477+00:00,2,2025-10-16 23:16:46.175477+00:00,2
1197,RFS11,4679,0.0, , , , ,0.0,1,4,12,True,2025-10-16 23:16:46.175477+00:00,2,2025-10-16 23:16:46.175477+00:00,2
1198,RFS13,4680,0.0, , , , ,0.0,1,4,12,True,2025-10-16 23:16:46.175477+00:00,2,2025-10-16 23:16:46.175477+00:00,2
1199,RFS14,4681,0.0, , , , ,0.0,1,4,12,True,2025-10-16 23:16:46.175477+00:00,2,2025-10-16 23:16:46.175477+00:00,2
1200,RFS18,4682,0.0, , , , ,0.0,1,4,12,True,2025-10-16 23:16:46.175477+00:00,2,2025-10-16 23:16:46.175477+00:00,2
1201,RFS22,4683,0.0, , , , ,0.0,1,4,12,True,2025-10-16 23:16:46.175477+00:00,2,2025-10-16 23:16:46.175477+00:00,2
1202,RFS23,4684,0.0, , , , ,0.0,1,4,12,True,2025-10-16 23:16:46.175477+00:00,2,2025-10-16 23:16:46.175477+00:00,2
1203,RFS25,4685,0.0, , , , ,0.0,1,4,12,True,2025-10-16 23:16:46.175477+00:00,2,2025-10-16 23:16:46.175477+00:00,2
1204,RFS26N,4686,0.0, , , , ,0.0,1,4,12,True,2025-10-16 23:16:46.175477+00:00,2,2025-10-16 23:16:46.175477+00:00,2
1205,RFS26S,4687,0.0, , , , ,0.0,1,4,12,True,2025-10-16 23:16:46.175477+00:00,2,2025-10-16 23:16:46.175477+00:00,2
1206,RFS61A,4688,0.0,,,,,0.0,1,4,12,True,2025-10-16 23:16:46.175477+00:00,2,2025-10-16 23:16:46.175477+00:00,2
1207,RFS61B,4689,0.0,,,,,0.0,1,4,12,True,2025-10-16 23:16:46.175477+00:00,2,2025-10-16 23:16:46.175477+00:00,2
1208,RFS61C,4690,0.0,,,,,0.0,1,4,12,True,2025-10-16 23:16:46.175477+00:00,2,2025-10-16 23:16:46.175477+00:00,2
1209,RFS61D,4691,0.0,,,,,0.0,1,4,12,True,2025-10-16 23:16:46.175477+00:00,2,2025-10-16 23:16:46.175477+00:00,2
1210,RFS63,4692,63.0,,,,,63.0,1,4,12,True,2025-10-16 23:16:46.175477+00:00,2,2025-10-16 23:16:46.175477+00:00,2
1211,RFS64,4693,64.0,,,,,64.0,1,4,12,True,2025-10-16 23:16:46.175477+00:00,2,2025-10-16 23:16:46.175477+00:00,2
1212,RFS71A,4694,0.0,,,,,0.0,1,4,12,True,2025-10-16 23:16:46.175477+00:00,2,2025-10-16 23:16:46.175477+00:00,2
1213,RFS8S,4695,0.0, , , , ,0.0,1,4,12,True,2025-10-16 23:16:46.175477+00:00,2,2025-10-16 23:16:46.175477+00:00,2
1214,RLIEF,4696,1.07,,,,,0.0,1,4,12,True,2025-10-16 23:16:46.175477+00:00,2,2025-10-16 23:16:46.175477+00:00,2
1215,RLLNS,4697,49.96, , , , ,0.0,1,4,12,True,2025-10-16 23:16:46.175477+00:00,2,2025-10-16 23:16:46.175477+00:00,2
1216,RLT007,4698,6.9,,,11427765,RLT,7.0,1,4,12,True,2025-10-16 23:16:46.175477+00:00,2,2025-10-16 23:16:46.175477+00:00,2
1217,RNCHO,4699,,,,,,,1,4,12,True,2025-10-16 23:16:46.175477+00:00,2,2025-10-16 23:16:46.175477+00:00,2
1218,RPT004,4700,3.6,,,11429300,RPT,4.0,1,4,12,True,2025-10-16 23:16:46.175477+00:00,2,2025-10-16 23:16:46.175477+00:00,2
1219,RRT000,4701,0.0,,,11427940,RRT,0.0,1,4,12,True,2025-10-16 23:16:46.175477+00:00,2,2025-10-16 23:16:46.175477+00:00,2
1220,RSL001,4702,1.07, , , ,RSL,1.0,1,4,12,True,2025-10-16 23:16:46.175477+00:00,2,2025-10-16 23:16:46.175477+00:00,2
1221,RSL004,4703,0.0, , , ,RSL,0.0,1,4,12,True,2025-10-16 23:16:46.175477+00:00,2,2025-10-16 23:16:46.175477+00:00,2
1222,RUB001,4705,0.56,,,,RUB,1.0,1,4,12,True,2025-10-16 23:16:46.175477+00:00,2,2025-10-16 23:16:46.175477+00:00,2
1223,RUB002,4706,1.2,,,11433200,RUB,2.0,1,4,12,True,2025-10-16 23:16:46.175477+00:00,2,2025-10-16 23:16:46.175477+00:00,2
1224,RUB004,4707,3.63,,,,RUB,4.0,1,4,12,True,2025-10-16 23:16:46.175477+00:00,2,2025-10-16 23:16:46.175477+00:00,2
1225,RUB005,4708,5.27,,,,RUB,5.0,1,4,12,True,2025-10-16 23:16:46.175477+00:00,2,2025-10-16 23:16:46.175477+00:00,2
1226,RUB023,4709,23.0,,,,RUB,23.0,1,4,12,True,2025-10-16 23:16:46.175477+00:00,2,2025-10-16 23:16:46.175477+00:00,2
1227,RUB031,4710,30.8,,,11428800,RUB,31.0,1,4,12,True,2025-10-16 23:16:46.175477+00:00,2,2025-10-16 23:16:46.175477+00:00,2
1228,RUB032,4711,32.1899999999999,,,,RUB,32.0,1,4,12,True,2025-10-16 23:16:46.175477+00:00,2,2025-10-16 23:16:46.175477+00:00,2
1229,RUB041,4712,41.4399999999999,,,,RUB,41.0,1,4,12,True,2025-10-16 23:16:46.175477+00:00,2,2025-10-16 23:16:46.175477+00:00,2
1230,RUB044,4713,43.71,,,,RUB,44.0,1,4,12,True,2025-10-16 23:16:46.175477+00:00,2,2025-10-16 23:16:46.175477+00:00,2
1231,RUB047,4714,47.38,,,11427960,RUB,47.0,1,4,12,True,2025-10-16 23:16:46.175477+00:00,2,2025-10-16 23:16:46.175477+00:00,2
1232,RVC000,4715,0.0, , ,11406890,RVC,0.0,1,4,12,True,2025-10-16 23:16:46.175477+00:00,2,2025-10-16 23:16:46.175477+00:00,2
1233,RVC005,4716,4.6, , , ,RVC,5.0,1,4,12,True,2025-10-16 23:16:46.175477+00:00,2,2025-10-16 23:16:46.175477+00:00,2
1234,RVPHB,4717,2.36, , ,"USGS 11405100, USGS 11405075",PHB,2.0,1,4,12,True,2025-10-16 23:16:46.175477+00:00,2,2025-10-16 23:16:46.175477+00:00,2
1235,SAC000,5041,0.0,531,204, ,SAC,0.0,1,4,12,True,2025-10-16 23:16:46.175477+00:00,2,2025-10-16 23:16:46.175477+00:00,2
1236,SAC003,5042,3.0,525,416, ,SAC,3.0,1,4,12,True,2025-10-16 23:16:46.175477+00:00,2,2025-10-16 23:16:46.175477+00:00,2
1237,SAC007,5043,7.0,526,415, ,SAC,7.0,1,4,12,True,2025-10-16 23:16:46.175477+00:00,2,2025-10-16 23:16:46.175477+00:00,2
1238,SAC011,5044,11.0,527,414, ,SAC,11.0,1,4,12,True,2025-10-16 23:16:46.175477+00:00,2,2025-10-16 23:16:46.175477+00:00,2
1239,SAC017,5045,16.75,492,389, ,SAC,17.0,1,4,12,True,2025-10-16 23:16:46.175477+00:00,2,2025-10-16 23:16:46.175477+00:00,2
1240,SAC022,5046,22.0,493,388, ,SAC,22.0,1,4,12,True,2025-10-16 23:16:46.175477+00:00,2,2025-10-16 23:16:46.175477+00:00,2
1241,SAC029,5047,29.12, , , ,SAC,29.0,1,4,12,True,2025-10-16 23:16:46.175477+00:00,2,2025-10-16 23:16:46.175477+00:00,2
1242,SAC030,5048,29.72,476,387, ,SAC,30.0,1,4,12,True,2025-10-16 23:16:46.175477+00:00,2,2025-10-16 23:16:46.175477+00:00,2
1243,SAC036,5049,36.0,475,386, ,SAC,36.0,1,4,12,True,2025-10-16 23:16:46.175477+00:00,2,2025-10-16 23:16:46.175477+00:00,2
1244,SAC041,5050,41.0,463,385,11447810,SAC,41.0,1,4,12,True,2025-10-16 23:16:46.175477+00:00,2,2025-10-16 23:16:46.175477+00:00,2
1245,SAC048,5051,48.0,451,384, ,SAC,48.0,1,4,12,True,2025-10-16 23:16:46.175477+00:00,2,2025-10-16 23:16:46.175477+00:00,2
1246,SAC049,5052,48.85, , ,11447650,SAC,49.0,1,4,12,True,2025-10-16 23:16:46.175477+00:00,2,2025-10-16 23:16:46.175477+00:00,2
1247,SAC050,5053,50.0, , , ,SAC,50.0,1,4,12,True,2025-10-16 23:16:46.175477+00:00,2,2025-10-16 23:16:46.175477+00:00,2
1248,SAC053,5054,53.0,435,383, ,SAC,53.0,1,4,12,True,2025-10-16 23:16:46.175477+00:00,2,2025-10-16 23:16:46.175477+00:00,2
1249,SAC057,5055,57.0,416,382, ,SAC,57.0,1,4,12,True,2025-10-16 23:16:46.175477+00:00,2,2025-10-16 23:16:46.175477+00:00,2
1250,SAC061,5056,62.13, , ,11447500 / DWR  A0-2100,SAC,61.0,1,4,12,True,2025-10-16 23:16:46.175477+00:00,2,2025-10-16 23:16:46.175477+00:00,2
1251,SAC062,5057,62.51, , , ,SAC,63.0,1,4,12,True,2025-10-16 23:16:46.175477+00:00,2,2025-10-16 23:16:46.175477+00:00,2
1252,SAC063,5058,62.9,373,373, ,SAC,63.0,1,4,12,True,2025-10-16 23:16:46.175477+00:00,2,2025-10-16 23:16:46.175477+00:00,2
1253,SAC064,5059,63.34, , , ,SAC,64.0,1,4,12,True,2025-10-16 23:16:46.175477+00:00,2,2025-10-16 23:16:46.175477+00:00,2
1254,SAC065,5060,65.44, , , ,SAC,65.0,1,4,12,True,2025-10-16 23:16:46.175477+00:00,2,2025-10-16 23:16:46.175477+00:00,2
1255,SAC066,5061,66.0,372,372,11426000,SAC,66.0,1,4,12,True,2025-10-16 23:16:46.175477+00:00,2,2025-10-16 23:16:46.175477+00:00,2
1256,SAC074,5062,73.63, , , ,SAC,74.0,1,4,12,True,2025-10-16 23:16:46.175477+00:00,2,2025-10-16 23:16:46.175477+00:00,2
1257,SAC075,5063,75.0,361,371, ,SAC,75.0,1,4,12,True,2025-10-16 23:16:46.175477+00:00,2,2025-10-16 23:16:46.175477+00:00,2
1258,SAC077,5064,77.0, , , ,SAC,77.0,1,4,12,True,2025-10-16 23:16:46.175477+00:00,2,2025-10-16 23:16:46.175477+00:00,2
1259,SAC078,5065,78.0,362,370, ,SAC,78.0,1,4,12,True,2025-10-16 23:16:46.175477+00:00,2,2025-10-16 23:16:46.175477+00:00,2
1260,SAC081,5066,81.16,363,369,11425500,SAC,81.0,1,4,12,True,2025-10-16 23:16:46.175477+00:00,2,2025-10-16 23:16:46.175477+00:00,2
1261,SAC082,5067,81.69,351,368, ,SAC,82.0,1,4,12,True,2025-10-16 23:16:46.175477+00:00,2,2025-10-16 23:16:46.175477+00:00,2
1262,SAC083,5068,82.67,350,332, ,SAC,83.0,1,4,12,True,2025-10-16 23:16:46.175477+00:00,2,2025-10-16 23:16:46.175477+00:00,2
1263,SAC085,5069,85.49,349,331, ,SAC,85.0,1,4,12,True,2025-10-16 23:16:46.175477+00:00,2,2025-10-16 23:16:46.175477+00:00,2
1264,SAC091,5070,91.18, , , ,SAC,91.0,1,4,12,True,2025-10-16 23:16:46.175477+00:00,2,2025-10-16 23:16:46.175477+00:00,2
1265,SAC092,5071,92.45,339,301,11391000 / DWR (KNL),SAC,92.0,1,4,12,True,2025-10-16 23:16:46.175477+00:00,2,2025-10-16 23:16:46.175477+00:00,2
1266,SAC093,5072,92.82, , , ,SAC,93.0,1,4,12,True,2025-10-16 23:16:46.175477+00:00,2,2025-10-16 23:16:46.175477+00:00,2
1267,SAC097,5073,97.0,327,300, ,SAC,97.0,1,4,12,True,2025-10-16 23:16:46.175477+00:00,2,2025-10-16 23:16:46.175477+00:00,2
1268,SAC099,5074,99.2, , , ,SAC,99.0,1,4,12,True,2025-10-16 23:16:46.175477+00:00,2,2025-10-16 23:16:46.175477+00:00,2
1269,SAC106,5075,106.0,315,299, ,SAC,106.0,1,4,12,True,2025-10-16 23:16:46.175477+00:00,2,2025-10-16 23:16:46.175477+00:00,2
1270,SAC109,5076,108.7, , , ,SAC,109.0,1,4,12,True,2025-10-16 23:16:46.175477+00:00,2,2025-10-16 23:16:46.175477+00:00,2
1271,SAC115,5077,114.72,303,298, ,SAC,115.0,1,4,12,True,2025-10-16 23:16:46.175477+00:00,2,2025-10-16 23:16:46.175477+00:00,2
1272,SAC120,5078,120.66, , ,11390500,SAC,120.0,1,4,12,True,2025-10-16 23:16:46.175477+00:00,2,2025-10-16 23:16:46.175477+00:00,2
1273,SAC121,5079,120.87, , ,11390500,SAC,121.0,1,4,12,True,2025-10-16 23:16:46.175477+00:00,2,2025-10-16 23:16:46.175477+00:00,2
1274,SAC122,5080,121.76,291,297, ,SAC,122.0,1,4,12,True,2025-10-16 23:16:46.175477+00:00,2,2025-10-16 23:16:46.175477+00:00,2
1275,SAC129,5081,129.0,277,296, ,SAC,129.0,1,4,12,True,2025-10-16 23:16:46.175477+00:00,2,2025-10-16 23:16:46.175477+00:00,2
1276,SAC134,5082,134.0,269,295, ,SAC,134.0,1,4,12,True,2025-10-16 23:16:46.175477+00:00,2,2025-10-16 23:16:46.175477+00:00,2
1277,SAC136,5083,136.46, , , ,SAC,136.0,1,4,12,True,2025-10-16 23:16:46.175477+00:00,2,2025-10-16 23:16:46.175477+00:00,2
1278,SAC141,5084,140.63,262,294, ,SAC,141.0,1,4,12,True,2025-10-16 23:16:46.175477+00:00,2,2025-10-16 23:16:46.175477+00:00,2
1279,SAC146,5085,145.88, , ,11389500 / DWR A0-2420 (COL),SAC,146.0,1,4,12,True,2025-10-16 23:16:46.175477+00:00,2,2025-10-16 23:16:46.175477+00:00,2
1280,SAC148,5086,148.0,254,282,11389470 / DWR A0-2981,SAC,148.0,1,4,12,True,2025-10-16 23:16:46.175477+00:00,2,2025-10-16 23:16:46.175477+00:00,2
1281,SAC154,5087,154.0,240,281, ,SAC,154.0,1,4,12,True,2025-10-16 23:16:46.175477+00:00,2,2025-10-16 23:16:46.175477+00:00,2
1282,SAC159,5088,159.34, , ,11389350 / DWR A0-2986 (MLW),SAC,159.0,1,4,12,True,2025-10-16 23:16:46.175477+00:00,2,2025-10-16 23:16:46.175477+00:00,2
1283,SAC162,5089,162.0,221,280, ,SAC,162.0,1,4,12,True,2025-10-16 23:16:46.175477+00:00,2,2025-10-16 23:16:46.175477+00:00,2
1284,SAC168,5090,168.0,202,279, ,SAC,168.0,1,4,12,True,2025-10-16 23:16:46.175477+00:00,2,2025-10-16 23:16:46.175477+00:00,2
1285,SAC169,5091,169.23, , ,11389000 / DWR  A0-2500,SAC,169.0,1,4,12,True,2025-10-16 23:16:46.175477+00:00,2,2025-10-16 23:16:46.175477+00:00,2
1286,SAC174,5092,174.0,186,278, ,SAC,174.0,1,4,12,True,2025-10-16 23:16:46.175477+00:00,2,2025-10-16 23:16:46.175477+00:00,2
1287,SAC178,5093,178.0,171,277, ,SAC,178.0,1,4,12,True,2025-10-16 23:16:46.175477+00:00,2,2025-10-16 23:16:46.175477+00:00,2
1288,SAC182,5094,182.0,155,276, ,SAC,182.0,1,4,12,True,2025-10-16 23:16:46.175477+00:00,2,2025-10-16 23:16:46.175477+00:00,2
1289,SAC185,5095,185.36, , ,11388700 / DWR A0-2570 (ORD),SAC,185.0,1,4,12,True,2025-10-16 23:16:46.175477+00:00,2,2025-10-16 23:16:46.175477+00:00,2
1290,SAC188,5096,188.0,144,275, ,SAC,188.0,1,4,12,True,2025-10-16 23:16:46.175477+00:00,2,2025-10-16 23:16:46.175477+00:00,2
1291,SAC193,5097,192.56,140,274, ,SAC,193.0,1,4,12,True,2025-10-16 23:16:46.175477+00:00,2,2025-10-16 23:16:46.175477+00:00,2
1292,SAC195,5098,195.57, , , ,SAC,195.0,1,4,12,True,2025-10-16 23:16:46.175477+00:00,2,2025-10-16 23:16:46.175477+00:00,2
1293,SAC196,5099,195.71,129,262, ,SAC,196.0,1,4,12,True,2025-10-16 23:16:46.175477+00:00,2,2025-10-16 23:16:46.175477+00:00,2
1294,SAC201,5100,201.38, , ,11383800 / DWR A0-2630 (HMC),SAC,201.0,1,4,12,True,2025-10-16 23:16:46.175477+00:00,2,2025-10-16 23:16:46.175477+00:00,2
1295,SAC207,5101,206.55,113,261, ,SAC,207.0,1,4,12,True,2025-10-16 23:16:46.175477+00:00,2,2025-10-16 23:16:46.175477+00:00,2
1296,SAC214,5102,214.0,105,260, ,SAC,214.0,1,4,12,True,2025-10-16 23:16:46.175477+00:00,2,2025-10-16 23:16:46.175477+00:00,2
1297,SAC217,5103,217.27, , ,11383730 / DWR A0-2700 (VIN),SAC,217.0,1,4,12,True,2025-10-16 23:16:46.175477+00:00,2,2025-10-16 23:16:46.175477+00:00,2
1298,SAC218,5104,218.23,099,255, ,SAC,218.0,1,4,12,True,2025-10-16 23:16:46.175477+00:00,2,2025-10-16 23:16:46.175477+00:00,2
1299,SAC224,5105,224.0,094,247, ,SAC,224.0,1,4,12,True,2025-10-16 23:16:46.175477+00:00,2,2025-10-16 23:16:46.175477+00:00,2
1300,SAC228,5106,228.02,086,236, ,SAC,228.0,1,4,12,True,2025-10-16 23:16:46.175477+00:00,2,2025-10-16 23:16:46.175477+00:00,2
1301,SAC229,5107,228.48, , , ,SAC,229.0,1,4,12,True,2025-10-16 23:16:46.175477+00:00,2,2025-10-16 23:16:46.175477+00:00,2
1302,SAC232,5108,231.83,079,232, ,SAC,232.0,1,4,12,True,2025-10-16 23:16:46.175477+00:00,2,2025-10-16 23:16:46.175477+00:00,2
1303,SAC240,5109,240.0,072,231,11378930,SAC,240.0,1,4,12,True,2025-10-16 23:16:46.175477+00:00,2,2025-10-16 23:16:46.175477+00:00,2
1304,SAC247,5110,247.25,068,230,11378000,SAC,247.0,1,4,12,True,2025-10-16 23:16:46.175477+00:00,2,2025-10-16 23:16:46.175477+00:00,2
1305,SAC250,5111,249.87,067,229, ,SAC,250.0,1,4,12,True,2025-10-16 23:16:46.175477+00:00,2,2025-10-16 23:16:46.175477+00:00,2
1306,SAC254,5112,254.0,055,228, ,SAC,254.0,1,4,12,True,2025-10-16 23:16:46.175477+00:00,2,2025-10-16 23:16:46.175477+00:00,2
1307,SAC257,5113,257.27, , ,11377100,SAC,257.0,1,4,12,True,2025-10-16 23:16:46.175477+00:00,2,2025-10-16 23:16:46.175477+00:00,2
1308,SAC259,5114,259.0,056,224, ,SAC,259.0,1,4,12,True,2025-10-16 23:16:46.175477+00:00,2,2025-10-16 23:16:46.175477+00:00,2
1309,SAC265,5115,265.0,045,223, ,SAC,265.0,1,4,12,True,2025-10-16 23:16:46.175477+00:00,2,2025-10-16 23:16:46.175477+00:00,2
1310,SAC269,5116,268.54,037,217, ,SAC,269.0,1,4,12,True,2025-10-16 23:16:46.175477+00:00,2,2025-10-16 23:16:46.175477+00:00,2
1311,SAC271,5117,271.0, , , ,SAC,271.0,1,4,12,True,2025-10-16 23:16:46.175477+00:00,2,2025-10-16 23:16:46.175477+00:00,2
1312,SAC273,5118,273.45, , ,DWR  (BSF),SAC,273.0,1,4,12,True,2025-10-16 23:16:46.175477+00:00,2,2025-10-16 23:16:46.175477+00:00,2
1313,SAC275,5119,274.88,029,216, ,SAC,275.0,1,4,12,True,2025-10-16 23:16:46.175477+00:00,2,2025-10-16 23:16:46.175477+00:00,2
1314,SAC277,5120,277.39,023,210, ,SAC,277.0,1,4,12,True,2025-10-16 23:16:46.175477+00:00,2,2025-10-16 23:16:46.175477+00:00,2
1315,SAC281,5121,281.0,022,209, ,SAC,281.0,1,4,12,True,2025-10-16 23:16:46.175477+00:00,2,2025-10-16 23:16:46.175477+00:00,2
1316,SAC287,5122,286.55,015,208, ,SAC,287.0,1,4,12,True,2025-10-16 23:16:46.175477+00:00,2,2025-10-16 23:16:46.175477+00:00,2
1317,SAC289,5123,289.15,009,207, ,SAC,289.0,1,4,12,True,2025-10-16 23:16:46.175477+00:00,2,2025-10-16 23:16:46.175477+00:00,2
1318,SAC294,5124,293.54,005,206, ,SAC,294.0,1,4,12,True,2025-10-16 23:16:46.175477+00:00,2,2025-10-16 23:16:46.175477+00:00,2
1319,SAC296,5125,295.77,001,205, ,SAC,296.0,1,4,12,True,2025-10-16 23:16:46.175477+00:00,2,2025-10-16 23:16:46.175477+00:00,2
1320,SAC299,5126,298.65, , ,11370500,SAC,299.0,1,4,12,True,2025-10-16 23:16:46.175477+00:00,2,2025-10-16 23:16:46.175477+00:00,2
1321,SAC301,5127,300.79, , , ,SAC,301.0,1,4,12,True,2025-10-16 23:16:46.175477+00:00,2,2025-10-16 23:16:46.175477+00:00,2
1322,SACN,5128,0.0, , , , ,0.0,1,4,12,True,2025-10-16 23:16:46.175477+00:00,2,2025-10-16 23:16:46.175477+00:00,2
1323,SACS,5129,0.0, , , , ,0.0,1,4,12,True,2025-10-16 23:16:46.175477+00:00,2,2025-10-16 23:16:46.175477+00:00,2
1324,SACW,5130,0.0, , , , ,0.0,1,4,12,True,2025-10-16 23:16:46.175477+00:00,2,2025-10-16 23:16:46.175477+00:00,2
1325,SAL006,5131,5.83,,,11261100,SAL,6.0,1,4,12,True,2025-10-16 23:16:46.175477+00:00,2,2025-10-16 23:16:46.175477+00:00,2
1326,SAL017,5132,16.52,,,11261000,SAL,17.0,1,4,12,True,2025-10-16 23:16:46.175477+00:00,2,2025-10-16 23:16:46.175477+00:00,2
1327,SBA000,5133,0.0,,,,SBA,0.0,1,4,12,True,2025-10-16 23:16:46.175477+00:00,2,2025-10-16 23:16:46.175477+00:00,2
1328,SBCWD,5141,0.0,,,,,0.0,1,4,12,True,2025-10-16 23:16:46.175477+00:00,2,2025-10-16 23:16:46.175477+00:00,2
1329,SBP012,5142,12.0, , , ,SBP,12.0,1,4,12,True,2025-10-16 23:16:46.175477+00:00,2,2025-10-16 23:16:46.175477+00:00,2
1330,SBP014,5143,13.53,317,339, ,SBP,14.0,1,4,12,True,2025-10-16 23:16:46.175477+00:00,2,2025-10-16 23:16:46.175477+00:00,2
1331,SBP018,5144,17.5,305,338, ,SBP,18.0,1,4,12,True,2025-10-16 23:16:46.175477+00:00,2,2025-10-16 23:16:46.175477+00:00,2
1332,SBP021,5145,20.76,293,337, ,SBP,21.0,1,4,12,True,2025-10-16 23:16:46.175477+00:00,2,2025-10-16 23:16:46.175477+00:00,2
1333,SBP024,5146,23.52,281,336, ,SBP,24.0,1,4,12,True,2025-10-16 23:16:46.175477+00:00,2,2025-10-16 23:16:46.175477+00:00,2
1334,SBP028,5147,27.52,278,335, ,SBP,28.0,1,4,12,True,2025-10-16 23:16:46.175477+00:00,2,2025-10-16 23:16:46.175477+00:00,2
1335,SBP031,5148,31.0,270,334,11390425,SBP,31.0,1,4,12,True,2025-10-16 23:16:46.175477+00:00,2,2025-10-16 23:16:46.175477+00:00,2
1336,SCKWD,5149,0.0, , , , ,0.0,1,4,12,True,2025-10-16 23:16:46.175477+00:00,2,2025-10-16 23:16:46.175477+00:00,2
1337,SCOTF,5150,24.0,,,,DER,24.0,1,4,12,True,2025-10-16 23:16:46.175477+00:00,2,2025-10-16 23:16:46.175477+00:00,2
1338,SCR002,5151,2.25, , , ,SCR,1.0,1,4,12,True,2025-10-16 23:16:46.175477+00:00,2,2025-10-16 23:16:46.175477+00:00,2
1339,SCT000,5152,0.0, , ,11413250,SCT,0.0,1,4,12,True,2025-10-16 23:16:46.175477+00:00,2,2025-10-16 23:16:46.175477+00:00,2
1340,SCVWD,5154,0.0,,,,,0.0,1,4,12,True,2025-10-16 23:16:46.175477+00:00,2,2025-10-16 23:16:46.175477+00:00,2
1341,SCW008,5156,7.79, , ,11375870,SCW,8.0,1,4,12,True,2025-10-16 23:16:46.175477+00:00,2,2025-10-16 23:16:46.175477+00:00,2
1342,SDC001,5157,4.0,,,11311000,SDC,1.0,1,4,12,True,2025-10-16 23:16:46.175477+00:00,2,2025-10-16 23:16:46.175477+00:00,2
1343,SDT002,5160,2.23,,,11293580,,2.0,1,4,12,True,2025-10-16 23:16:46.175477+00:00,2,2025-10-16 23:16:46.175477+00:00,2
1344,SEC009,5161,9.1, , , ,SEC,9.0,1,4,12,True,2025-10-16 23:16:46.175477+00:00,2,2025-10-16 23:16:46.175477+00:00,2
1345,SFA011,5164,10.96,,,,SFA,11.0,1,4,12,True,2025-10-16 23:16:46.175477+00:00,2,2025-10-16 23:16:46.175477+00:00,2
1346,SFA030,5166,29.525, , ,11444500,SFA,30.0,1,4,12,True,2025-10-16 23:16:46.175477+00:00,2,2025-10-16 23:16:46.175477+00:00,2
1347,SFA032,5167,32.07,,,,SFA,32.0,1,4,12,True,2025-10-16 23:16:46.175477+00:00,2,2025-10-16 23:16:46.175477+00:00,2
1348,SFA035,5168,34.3639999999999,,,,SFA,35.0,1,4,12,True,2025-10-16 23:16:46.175477+00:00,2,2025-10-16 23:16:46.175477+00:00,2
1349,SFA040,5170,40.131,,,11443500,SFA,40.0,1,4,12,True,2025-10-16 23:16:46.175477+00:00,2,2025-10-16 23:16:46.175477+00:00,2
1350,SFA044,5171,43.6499999999999,,,,SFA,44.0,1,4,12,True,2025-10-16 23:16:46.175477+00:00,2,2025-10-16 23:16:46.175477+00:00,2
1351,SFA045,5172,45.6,,,11441895,SFA,45.0,1,4,12,True,2025-10-16 23:16:46.175477+00:00,2,2025-10-16 23:16:46.175477+00:00,2
1352,SFA046,5173,45.82,,,,SFA,46.0,1,4,12,True,2025-10-16 23:16:46.175477+00:00,2,2025-10-16 23:16:46.175477+00:00,2
1353,SFA048,5174,48.25,,,,SFA,48.0,1,4,12,True,2025-10-16 23:16:46.175477+00:00,2,2025-10-16 23:16:46.175477+00:00,2
1354,SFA059,5175,58.6899999999999,,,,SFA,59.0,1,4,12,True,2025-10-16 23:16:46.175477+00:00,2,2025-10-16 23:16:46.175477+00:00,2
1355,SFA063,5176,62.5,,,,SFA,63.0,1,4,12,True,2025-10-16 23:16:46.175477+00:00,2,2025-10-16 23:16:46.175477+00:00,2
1356,SFA065,5177,65.7099999999999,,,,SFA,65.0,1,4,12,True,2025-10-16 23:16:46.175477+00:00,2,2025-10-16 23:16:46.175477+00:00,2
1357,SFA066,5178,66.31,,,,SFA,66.0,1,4,12,True,2025-10-16 23:16:46.175477+00:00,2,2025-10-16 23:16:46.175477+00:00,2
1358,SFA067,5179,66.5699999999999,,,,SFA,67.0,1,4,12,True,2025-10-16 23:16:46.175477+00:00,2,2025-10-16 23:16:46.175477+00:00,2
1359,SFA068,5180,67.8199999999999,,,11435500,SFA,68.0,1,4,12,True,2025-10-16 23:16:46.175477+00:00,2,2025-10-16 23:16:46.175477+00:00,2
1360,SFA076,5181,76.1099999999999,,,,SFA,76.0,1,4,12,True,2025-10-16 23:16:46.175477+00:00,2,2025-10-16 23:16:46.175477+00:00,2
1361,SFA079,5182,78.893,,,,SFA,79.0,1,4,12,True,2025-10-16 23:16:46.175477+00:00,2,2025-10-16 23:16:46.175477+00:00,2
1362,SFA085,5183,84.7199999999999,,,,SFA,85.0,1,4,12,True,2025-10-16 23:16:46.175477+00:00,2,2025-10-16 23:16:46.175477+00:00,2
1363,SFF002,5185,2.45, , , ,SFF,2.0,1,4,12,True,2025-10-16 23:16:46.175477+00:00,2,2025-10-16 23:16:46.175477+00:00,2
1364,SFF008,5186,7.717, , ,11397000,SFF,8.0,1,4,12,True,2025-10-16 23:16:46.175477+00:00,2,2025-10-16 23:16:46.175477+00:00,2
1365,SFF011,5187,11.0, , ,11396350,SFF,11.0,1,4,12,True,2025-10-16 23:16:46.175477+00:00,2,2025-10-16 23:16:46.175477+00:00,2
1366,SFF018,5188,18.141, , ,11396200,SFF,18.0,1,4,12,True,2025-10-16 23:16:46.175477+00:00,2,2025-10-16 23:16:46.175477+00:00,2
1367,SFF020,5190,19.72, , , ,SFF,20.0,1,4,12,True,2025-10-16 23:16:46.175477+00:00,2,2025-10-16 23:16:46.175477+00:00,2
1368,SFF028,5191,28.87, , ,11395200,SFF,28.0,1,4,12,True,2025-10-16 23:16:46.175477+00:00,2,2025-10-16 23:16:46.175477+00:00,2
1369,SFF029,5192,28.98, , , ,SFF,29.0,1,4,12,True,2025-10-16 23:16:46.175477+00:00,2,2025-10-16 23:16:46.175477+00:00,2
1370,SFF039,5193,38.5, , ,11395030,SFF,39.0,1,4,12,True,2025-10-16 23:16:46.175477+00:00,2,2025-10-16 23:16:46.175477+00:00,2
1371,SFM003,5194,2.74,,,11318500,SFM,3.0,1,4,12,True,2025-10-16 23:16:46.175477+00:00,2,2025-10-16 23:16:46.175477+00:00,2
1372,SFM005,5195,5.19,,,,SFM,5.0,1,4,12,True,2025-10-16 23:16:46.175477+00:00,2,2025-10-16 23:16:46.175477+00:00,2
1373,SFR004,5197,4.98,,,11430000,SFR,4.0,1,4,12,True,2025-10-16 23:16:46.175477+00:00,2,2025-10-16 23:16:46.175477+00:00,2
1374,SFR005,5198,5.16,,,,SFR,5.0,1,4,12,True,2025-10-16 23:16:46.175477+00:00,2,2025-10-16 23:16:46.175477+00:00,2
1375,SFR006,5199,6.39,,,,SFR,6.0,1,4,12,True,2025-10-16 23:16:46.175477+00:00,2,2025-10-16 23:16:46.175477+00:00,2
1376,SFS013,5200,12.66,,,,SFS,13.0,1,4,12,True,2025-10-16 23:16:46.175477+00:00,2,2025-10-16 23:16:46.175477+00:00,2
1377,SFS030,5203,30.01,,,11297200,SFS,30.0,1,4,12,True,2025-10-16 23:16:46.175477+00:00,2,2025-10-16 23:16:46.175477+00:00,2
1378,SFS033,5204,32.7199999999999,,,11296500,SFS,33.0,1,4,12,True,2025-10-16 23:16:46.175477+00:00,2,2025-10-16 23:16:46.175477+00:00,2
1379,SFT000,5205,0.0, , ,11395150,SFT,0.0,1,4,12,True,2025-10-16 23:16:46.175477+00:00,2,2025-10-16 23:16:46.175477+00:00,2
1380,SFT002,5206,2.0,,,11281000,SFT,2.0,1,4,12,True,2025-10-16 23:16:46.175477+00:00,2,2025-10-16 23:16:46.175477+00:00,2
1381,SFT003,5207,3.0,,,11281000,SFT,3.0,1,4,12,True,2025-10-16 23:16:46.175477+00:00,2,2025-10-16 23:16:46.175477+00:00,2
1382,SFY007,5212,7.24, , ,11417500,SFY,7.0,1,4,12,True,2025-10-16 23:16:46.175477+00:00,2,2025-10-16 23:16:46.175477+00:00,2
1383,SFY033,5213,33.1839999999999,,,,SFY,33.0,1,4,12,True,2025-10-16 23:16:46.175477+00:00,2,2025-10-16 23:16:46.175477+00:00,2
1384,SFY040,5214,40.7899999999999,,,11414250,SFY,40.0,1,4,12,True,2025-10-16 23:16:46.175477+00:00,2,2025-10-16 23:16:46.175477+00:00,2
1385,SFY041,5215,41.2999999999999,,,11414210,SFY,41.0,1,4,12,True,2025-10-16 23:16:46.175477+00:00,2,2025-10-16 23:16:46.175477+00:00,2
1386,SFY043,5216,43.0,,,,,43.0,1,4,12,True,2025-10-16 23:16:46.175477+00:00,2,2025-10-16 23:16:46.175477+00:00,2
1387,SFY044,5217,43.78,,,,SFY,44.0,1,4,12,True,2025-10-16 23:16:46.175477+00:00,2,2025-10-16 23:16:46.175477+00:00,2
1388,SFY048,5218,48.02,,,11414000,SFY,48.0,1,4,12,True,2025-10-16 23:16:46.175477+00:00,2,2025-10-16 23:16:46.175477+00:00,2
1389,SGRGE,5716,49.0, , , , ,0.0,1,4,12,True,2025-10-16 23:16:46.175477+00:00,2,2025-10-16 23:16:46.175477+00:00,2
1390,SHSTA,5750,309.52, , ,11369500, ,0.0,1,4,12,True,2025-10-16 23:16:46.175477+00:00,2,2025-10-16 23:16:46.175477+00:00,2
1391,SIDSH,5752,0.0, , , , ,0.0,1,4,12,True,2025-10-16 23:16:46.175477+00:00,2,2025-10-16 23:16:46.175477+00:00,2
1392,SILVR,5753,15.6,,,,SLF,0.0,1,4,12,True,2025-10-16 23:16:46.175477+00:00,2,2025-10-16 23:16:46.175477+00:00,2
1393,SJR006,5754,6.0,532,203, ,SJR,6.0,1,4,12,True,2025-10-16 23:16:46.175477+00:00,2,2025-10-16 23:16:46.175477+00:00,2
1394,SJR009,5755,9.0,533,202, ,SJR,0.0,1,4,12,True,2025-10-16 23:16:46.175477+00:00,2,2025-10-16 23:16:46.175477+00:00,2
1395,SJR013,5756,13.0,534,201, ,SJR,0.0,1,4,12,True,2025-10-16 23:16:46.175477+00:00,2,2025-10-16 23:16:46.175477+00:00,2
1396,SJR022,5758,21.68,520,172, ,SJR,0.0,1,4,12,True,2025-10-16 23:16:46.175477+00:00,2,2025-10-16 23:16:46.175477+00:00,2
1397,SJR023,5759,23.27,540,171, ,SJR,0.0,1,4,12,True,2025-10-16 23:16:46.175477+00:00,2,2025-10-16 23:16:46.175477+00:00,2
1398,SJR026,5760,25.89, , , ,SJR,0.0,1,4,12,True,2025-10-16 23:16:46.175477+00:00,2,2025-10-16 23:16:46.175477+00:00,2
1399,SJR028,5761,28.23,543,170, ,SJR,0.0,1,4,12,True,2025-10-16 23:16:46.175477+00:00,2,2025-10-16 23:16:46.175477+00:00,2
1400,SJR033,5762,32.59,553,169, ,SJR,0.0,1,4,12,True,2025-10-16 23:16:46.175477+00:00,2,2025-10-16 23:16:46.175477+00:00,2
1401,SJR038,5763,37.53,558,160, ,SJR,38.0,1,4,12,True,2025-10-16 23:16:46.175477+00:00,2,2025-10-16 23:16:46.175477+00:00,2
1402,SJR042,5764,41.68,567,159, ,SJR,42.0,1,4,12,True,2025-10-16 23:16:46.175477+00:00,2,2025-10-16 23:16:46.175477+00:00,2
1403,SJR043,5765,42.92, , , ,SJR,43.0,1,4,12,True,2025-10-16 23:16:46.175477+00:00,2,2025-10-16 23:16:46.175477+00:00,2
1404,SJR048,5766,48.0,576,158, ,SJR,0.0,1,4,12,True,2025-10-16 23:16:46.175477+00:00,2,2025-10-16 23:16:46.175477+00:00,2
1405,SJR053,5767,53.34, , , ,SJR,0.0,1,4,12,True,2025-10-16 23:16:46.175477+00:00,2,2025-10-16 23:16:46.175477+00:00,2
1406,SJR056,5768,56.0,592,157, ,SJR,56.0,1,4,12,True,2025-10-16 23:16:46.175477+00:00,2,2025-10-16 23:16:46.175477+00:00,2
1407,SJR062,5769,61.64,605,156, ,SJR,62.0,1,4,12,True,2025-10-16 23:16:46.175477+00:00,2,2025-10-16 23:16:46.175477+00:00,2
1408,SJR070,5770,69.8199999999999,,,11303500,SJR,70.0,1,4,12,True,2025-10-16 23:16:46.175477+00:00,2,2025-10-16 23:16:46.175477+00:00,2
1409,SJR072,5771,71.56,615,145,,SJR,72.0,1,4,12,True,2025-10-16 23:16:46.175477+00:00,2,2025-10-16 23:16:46.175477+00:00,2
1410,SJR075,5772,74.9099999999999,,,11290500,SJR,75.0,1,4,12,True,2025-10-16 23:16:46.175477+00:00,2,2025-10-16 23:16:46.175477+00:00,2
1411,SJR081,5773,81.4899999999999,633,134,,SJR,81.0,1,4,12,True,2025-10-16 23:16:46.175477+00:00,2,2025-10-16 23:16:46.175477+00:00,2
1412,SJR082,5774,81.76,,,,SJR,82.0,1,4,12,True,2025-10-16 23:16:46.175477+00:00,2,2025-10-16 23:16:46.175477+00:00,2
1413,SJR087,5775,87.31,,,,SJR,87.0,1,4,12,True,2025-10-16 23:16:46.175477+00:00,2,2025-10-16 23:16:46.175477+00:00,2
1414,SJR090,5776,90.0,649,133,,SJR,90.0,1,4,12,True,2025-10-16 23:16:46.175477+00:00,2,2025-10-16 23:16:46.175477+00:00,2
1415,SJR091,5777,91.0,,,,SJR,91.0,1,4,12,True,2025-10-16 23:16:46.175477+00:00,2,2025-10-16 23:16:46.175477+00:00,2
1416,SJR096,5778,95.9399999999999,660,132,,SJR,96.0,1,4,12,True,2025-10-16 23:16:46.175477+00:00,2,2025-10-16 23:16:46.175477+00:00,2
1417,SJR101,5779,100.54,,,,SJR,101.0,1,4,12,True,2025-10-16 23:16:46.175477+00:00,2,2025-10-16 23:16:46.175477+00:00,2
1418,SJR105,5781,104.689999999999,,,11274550,SJR,105.0,1,4,12,True,2025-10-16 23:16:46.175477+00:00,2,2025-10-16 23:16:46.175477+00:00,2
1419,SJR106,5782,106.43,671,127,,SJR,106.0,1,4,12,True,2025-10-16 23:16:46.175477+00:00,2,2025-10-16 23:16:46.175477+00:00,2
1420,SJR111,5783,111.0,683,126,,SJR,111.0,1,4,12,True,2025-10-16 23:16:46.175477+00:00,2,2025-10-16 23:16:46.175477+00:00,2
1421,SJR114,5784,114.219999999999,,,,SJR,114.0,1,4,12,True,2025-10-16 23:16:46.175477+00:00,2,2025-10-16 23:16:46.175477+00:00,2
1422,SJR115,5785,115.859999999999,,,11274000,SJR,115.0,1,4,12,True,2025-10-16 23:16:46.175477+00:00,2,2025-10-16 23:16:46.175477+00:00,2
1423,SJR116,5786,116.0,693,115,,SJR,116.0,1,4,12,True,2025-10-16 23:16:46.175477+00:00,2,2025-10-16 23:16:46.175477+00:00,2
1424,SJR117,5787,117.189999999999,,,,SJR,117.0,1,4,12,True,2025-10-16 23:16:46.175477+00:00,2,2025-10-16 23:16:46.175477+00:00,2
1425,SJR119,5788,119.099999999999,,,,SJR,119.0,1,4,12,True,2025-10-16 23:16:46.175477+00:00,2,2025-10-16 23:16:46.175477+00:00,2
1426,SJR123,5789,123.219999999999,702,114,11261500,SJR,123.0,1,4,12,True,2025-10-16 23:16:46.175477+00:00,2,2025-10-16 23:16:46.175477+00:00,2
1427,SJR127,5790,126.9,,,,SJR,127.0,1,4,12,True,2025-10-16 23:16:46.175477+00:00,2,2025-10-16 23:16:46.175477+00:00,2
1428,SJR131,5791,130.939999999999,,,,SJR,131.0,1,4,12,True,2025-10-16 23:16:46.175477+00:00,2,2025-10-16 23:16:46.175477+00:00,2
1429,SJR134,5792,133.74,715,104,,SJR,134.0,1,4,12,True,2025-10-16 23:16:46.175477+00:00,2,2025-10-16 23:16:46.175477+00:00,2
1430,SJR141,5793,141.0,728,103,,SJR,141.0,1,4,12,True,2025-10-16 23:16:46.175477+00:00,2,2025-10-16 23:16:46.175477+00:00,2
1431,SJR145,5794,145.34,749,92,,SJR,145.0,1,4,12,True,2025-10-16 23:16:46.175477+00:00,2,2025-10-16 23:16:46.175477+00:00,2
1432,SJR152,5795,152.0,768,91,,SJR,152.0,1,4,12,True,2025-10-16 23:16:46.175477+00:00,2,2025-10-16 23:16:46.175477+00:00,2
1433,SJR157,5796,157.0,769,90,,SJR,157.0,1,4,12,True,2025-10-16 23:16:46.175477+00:00,2,2025-10-16 23:16:46.175477+00:00,2
1434,SJR166,5797,166.439999999999,784,79,,SJR,166.0,1,4,12,True,2025-10-16 23:16:46.175477+00:00,2,2025-10-16 23:16:46.175477+00:00,2
1435,SJR173,5798,173.0,798,68,,SJR,173.0,1,4,12,True,2025-10-16 23:16:46.175477+00:00,2,2025-10-16 23:16:46.175477+00:00,2
1436,SJR179,5799,179.0,,,,SJR,179.0,1,4,12,True,2025-10-16 23:16:46.175477+00:00,2,2025-10-16 23:16:46.175477+00:00,2
1437,SJR180,5800,180.0,818,67,,SJR,180.0,1,4,12,True,2025-10-16 23:16:46.175477+00:00,2,2025-10-16 23:16:46.175477+00:00,2
1438,SJR185,5801,185.0,829,66,,SJR,185.0,1,4,12,True,2025-10-16 23:16:46.175477+00:00,2,2025-10-16 23:16:46.175477+00:00,2
1439,SJR192,5802,192.0,843,65,,SJR,192.0,1,4,12,True,2025-10-16 23:16:46.175477+00:00,2,2025-10-16 23:16:46.175477+00:00,2
1440,SJR195,5803,195.06,,,,SJR,195.0,1,4,12,True,2025-10-16 23:16:46.175477+00:00,2,2025-10-16 23:16:46.175477+00:00,2
1441,SJR198,5804,198.0,858,64,,SJR,198.0,1,4,12,True,2025-10-16 23:16:46.175477+00:00,2,2025-10-16 23:16:46.175477+00:00,2
1442,SJR200,5805,200.0,,,,SJR,200.0,1,4,12,True,2025-10-16 23:16:46.175477+00:00,2,2025-10-16 23:16:46.175477+00:00,2
1443,SJR201,5806,200.849999999999,872,53,,SJR,201.0,1,4,12,True,2025-10-16 23:16:46.175477+00:00,2,2025-10-16 23:16:46.175477+00:00,2
1444,SJR205,5807,205.259999999999,,,,SJR,205.0,1,4,12,True,2025-10-16 23:16:46.175477+00:00,2,2025-10-16 23:16:46.175477+00:00,2
1445,SJR213,5808,213.62,,,,SJR,213.0,1,4,12,True,2025-10-16 23:16:46.175477+00:00,2,2025-10-16 23:16:46.175477+00:00,2
1446,SJR214,5809,213.729999999999,873,61,,SJR,214.0,1,4,12,True,2025-10-16 23:16:46.175477+00:00,2,2025-10-16 23:16:46.175477+00:00,2
1447,SJR221,5810,221.0,874,60,,SJR,221.0,1,4,12,True,2025-10-16 23:16:46.175477+00:00,2,2025-10-16 23:16:46.175477+00:00,2
1448,SJR225,5811,225.129999999999,,,,SJR,225.0,1,4,12,True,2025-10-16 23:16:46.175477+00:00,2,2025-10-16 23:16:46.175477+00:00,2
1449,SJR227,5812,227.479999999999,875,59,11253050,SJR,227.0,1,4,12,True,2025-10-16 23:16:46.175477+00:00,2,2025-10-16 23:16:46.175477+00:00,2
1450,SJR235,5813,235.0,876,58,,SJR,235.0,1,4,12,True,2025-10-16 23:16:46.175477+00:00,2,2025-10-16 23:16:46.175477+00:00,2
1451,SJR242,5814,242.0,877,57,11252500,SJR,242.0,1,4,12,True,2025-10-16 23:16:46.175477+00:00,2,2025-10-16 23:16:46.175477+00:00,2
1452,SJR249,5815,249.0,878,56,,SJR,249.0,1,4,12,True,2025-10-16 23:16:46.175477+00:00,2,2025-10-16 23:16:46.175477+00:00,2
1453,SJR256,5816,256.0,879,55,,SJR,256.0,1,4,12,True,2025-10-16 23:16:46.175477+00:00,2,2025-10-16 23:16:46.175477+00:00,2
1454,SJR258,5817,258.089999999999,,,,SJR,258.0,1,4,12,True,2025-10-16 23:16:46.175477+00:00,2,2025-10-16 23:16:46.175477+00:00,2
1455,SJR263,5818,263.49,880,54,11251000,SJR,263.0,1,4,12,True,2025-10-16 23:16:46.175477+00:00,2,2025-10-16 23:16:46.175477+00:00,2
1456,SJR265,5819,264.899999999999,,,,SJR,265.0,1,4,12,True,2025-10-16 23:16:46.175477+00:00,2,2025-10-16 23:16:46.175477+00:00,2
1457,SJRE,5840,0.0, , , , ,0.0,1,4,12,True,2025-10-16 23:16:46.175477+00:00,2,2025-10-16 23:16:46.175477+00:00,2
1458,SJRW,5841,0.0, , , , ,0.0,1,4,12,True,2025-10-16 23:16:46.175477+00:00,2,2025-10-16 23:16:46.175477+00:00,2
1459,SLC002,5842,3.44,,,11433065,SLC,2.0,1,4,12,True,2025-10-16 23:16:46.175477+00:00,2,2025-10-16 23:16:46.175477+00:00,2
1460,SLC003,5843,3.49,,,,SLC,3.0,1,4,12,True,2025-10-16 23:16:46.175477+00:00,2,2025-10-16 23:16:46.175477+00:00,2
1461,SLD027,5845,27.0,,,11262890,SLD,27.0,1,4,12,True,2025-10-16 23:16:46.175477+00:00,2,2025-10-16 23:16:46.175477+00:00,2
1462,SLF006,5847,6.42,,,,SLF,6.0,1,4,12,True,2025-10-16 23:16:46.175477+00:00,2,2025-10-16 23:16:46.175477+00:00,2
1463,SLF009,5848,8.6,,,,SLF,9.0,1,4,12,True,2025-10-16 23:16:46.175477+00:00,2,2025-10-16 23:16:46.175477+00:00,2
1464,SLF010,5849,10.27,,,,SLF,10.0,1,4,12,True,2025-10-16 23:16:46.175477+00:00,2,2025-10-16 23:16:46.175477+00:00,2
1465,SLF014,5850,14.1099999999999,,,,SLF,14.0,1,4,12,True,2025-10-16 23:16:46.175477+00:00,2,2025-10-16 23:16:46.175477+00:00,2
1466,SLF015,5851,14.81,,,11436000,SLF,15.0,1,4,12,True,2025-10-16 23:16:46.175477+00:00,2,2025-10-16 23:16:46.175477+00:00,2
1467,SLO000,5852,0.0,659,,,SLD,0.0,1,4,12,True,2025-10-16 23:16:46.175477+00:00,2,2025-10-16 23:16:46.175477+00:00,2
1468,SLO007,5853,7.07,,,,SLD,7.0,1,4,12,True,2025-10-16 23:16:46.175477+00:00,2,2025-10-16 23:16:46.175477+00:00,2
1469,SLT008,5854,8.7, , ,11413300,SLT,8.0,1,4,12,True,2025-10-16 23:16:46.175477+00:00,2,2025-10-16 23:16:46.175477+00:00,2
1470,SLT009,5855,8.79, , ,11413250,SLT,19.0,1,4,12,True,2025-10-16 23:16:46.175477+00:00,2,2025-10-16 23:16:46.175477+00:00,2
1471,SLTSP,5856,29.82,,,,NFM,0.0,1,4,12,True,2025-10-16 23:16:46.175477+00:00,2,2025-10-16 23:16:46.175477+00:00,2
1472,SLUIS,5857,0.0,,,,,0.0,1,4,12,True,2025-10-16 23:16:46.175477+00:00,2,2025-10-16 23:16:46.175477+00:00,2
1473,SLV005,5859,5.89,,,11441900,SLV,5.0,1,4,12,True,2025-10-16 23:16:46.175477+00:00,2,2025-10-16 23:16:46.175477+00:00,2
1474,SLV006,5860,6.23,,,11441890,SLV,6.0,1,4,12,True,2025-10-16 23:16:46.175477+00:00,2,2025-10-16 23:16:46.175477+00:00,2
1475,SLV007,5861,6.72,,,,SLV,7.0,1,4,12,True,2025-10-16 23:16:46.175477+00:00,2,2025-10-16 23:16:46.175477+00:00,2
1476,SLV014,5862,15.3,,,11441800,SLV,14.0,1,4,12,True,2025-10-16 23:16:46.175477+00:00,2,2025-10-16 23:16:46.175477+00:00,2
1477,SLV015,5863,15.46,,,11441760,SLV,15.0,1,4,12,True,2025-10-16 23:16:46.175477+00:00,2,2025-10-16 23:16:46.175477+00:00,2
1478,SLV016,5864,15.71,,,,SLV,16.0,1,4,12,True,2025-10-16 23:16:46.175477+00:00,2,2025-10-16 23:16:46.175477+00:00,2
1479,SLV017,5865,16.82,,,,SLV,17.0,1,4,12,True,2025-10-16 23:16:46.175477+00:00,2,2025-10-16 23:16:46.175477+00:00,2
1480,SLYCK,5866,5.3, , , , ,5.0,1,4,12,True,2025-10-16 23:16:46.175477+00:00,2,2025-10-16 23:16:46.175477+00:00,2
1481,SPH012,5870,12.0299999999999,,,11295505,SPH,12.0,1,4,12,True,2025-10-16 23:16:46.175477+00:00,2,2025-10-16 23:16:46.175477+00:00,2
1482,SPICE,5871,5.95,,,,,0.0,1,4,12,True,2025-10-16 23:16:46.175477+00:00,2,2025-10-16 23:16:46.175477+00:00,2
1483,SPLDG,5872,42.28,,,,,42.0,1,4,12,True,2025-10-16 23:16:46.175477+00:00,2,2025-10-16 23:16:46.175477+00:00,2
1484,SPT003,5873,3.19, , ,11371600,SPT,0.0,1,4,12,True,2025-10-16 23:16:46.175477+00:00,2,2025-10-16 23:16:46.175477+00:00,2
1485,SRWWTP,5887,0.0, , , , ,0.0,1,4,12,True,2025-10-16 23:16:46.175477+00:00,2,2025-10-16 23:16:46.175477+00:00,2
1486,SSJ001,6026,0.78,,,11300500,SSJ,1.0,1,4,12,True,2025-10-16 23:16:46.175477+00:00,2,2025-10-16 23:16:46.175477+00:00,2
1487,SSJ004,6027,3.59,,,,SSJ,4.0,1,4,12,True,2025-10-16 23:16:46.175477+00:00,2,2025-10-16 23:16:46.175477+00:00,2
1488,SSL001,6041,1.23, , ,DWR (SSK),SSL,0.0,1,4,12,True,2025-10-16 23:16:46.175477+00:00,2,2025-10-16 23:16:46.175477+00:00,2
1489,SSR019,6042,19.07,,,11298000,SSR,19.0,1,4,12,True,2025-10-16 23:16:46.175477+00:00,2,2025-10-16 23:16:46.175477+00:00,2
1490,STD000,6044,3.3,,,11433060,STD,3.0,1,4,12,True,2025-10-16 23:16:46.175477+00:00,2,2025-10-16 23:16:46.175477+00:00,2
1491,STH000,6045,0.0, , , ,STH,0.0,1,4,12,True,2025-10-16 23:16:46.175477+00:00,2,2025-10-16 23:16:46.175477+00:00,2
1492,STH001,6046,0.39, , , ,STH,0.0,1,4,12,True,2025-10-16 23:16:46.175477+00:00,2,2025-10-16 23:16:46.175477+00:00,2
1493,STH004,6049,3.62, , , ,STH,4.0,1,4,12,True,2025-10-16 23:16:46.175477+00:00,2,2025-10-16 23:16:46.175477+00:00,2
1494,STH005,6050,5.19, , ,11425417,STH,5.0,1,4,12,True,2025-10-16 23:16:46.175477+00:00,2,2025-10-16 23:16:46.175477+00:00,2
1495,STH007,6051,6.63, , ,11425416,STH,7.0,1,4,12,True,2025-10-16 23:16:46.175477+00:00,2,2025-10-16 23:16:46.175477+00:00,2
1496,STMPY,6052,8.935,,,,,0.0,1,4,12,True,2025-10-16 23:16:46.175477+00:00,2,2025-10-16 23:16:46.175477+00:00,2
1497,STN004,6053,3.69,128,267, ,STN,4.0,1,4,12,True,2025-10-16 23:16:46.175477+00:00,2,2025-10-16 23:16:46.175477+00:00,2
1498,STN009,6054,9.0,127,266, ,STN,9.0,1,4,12,True,2025-10-16 23:16:46.175477+00:00,2,2025-10-16 23:16:46.175477+00:00,2
1499,STN014,6055,14.0,126,265, ,STN,14.0,1,4,12,True,2025-10-16 23:16:46.175477+00:00,2,2025-10-16 23:16:46.175477+00:00,2
1500,STN021,6056,20.92,125,264, ,STN,21.0,1,4,12,True,2025-10-16 23:16:46.175477+00:00,2,2025-10-16 23:16:46.175477+00:00,2
1501,STN026,6057,25.63,124,263,11388000,STN,26.0,1,4,12,True,2025-10-16 23:16:46.175477+00:00,2,2025-10-16 23:16:46.175477+00:00,2
1502,STS011,6059,11.0,616,153,,STS,11.0,1,4,12,True,2025-10-16 23:16:46.175477+00:00,2,2025-10-16 23:16:46.175477+00:00,2
1503,STS017,6060,16.87,,,11303000,STS,17.0,1,4,12,True,2025-10-16 23:16:46.175477+00:00,2,2025-10-16 23:16:46.175477+00:00,2
1504,STS020,6061,20.0,617,152,,STS,20.0,1,4,12,True,2025-10-16 23:16:46.175477+00:00,2,2025-10-16 23:16:46.175477+00:00,2
1505,STS030,6062,30.0,618,151,,STS,30.0,1,4,12,True,2025-10-16 23:16:46.175477+00:00,2,2025-10-16 23:16:46.175477+00:00,2
1506,STS036,6063,36.0,619,150,,STS,36.0,1,4,12,True,2025-10-16 23:16:46.175477+00:00,2,2025-10-16 23:16:46.175477+00:00,2
1507,STS043,6064,43.0,620,149,,STS,43.0,1,4,12,True,2025-10-16 23:16:46.175477+00:00,2,2025-10-16 23:16:46.175477+00:00,2
1508,STS048,6065,47.68,,,11302100,STS,48.0,1,4,12,True,2025-10-16 23:16:46.175477+00:00,2,2025-10-16 23:16:46.175477+00:00,2
1509,STS050,6066,50.0,621,148,,STS,50.0,1,4,12,True,2025-10-16 23:16:46.175477+00:00,2,2025-10-16 23:16:46.175477+00:00,2
1510,STS053,6067,53.0,622,147,,STS,53.0,1,4,12,True,2025-10-16 23:16:46.175477+00:00,2,2025-10-16 23:16:46.175477+00:00,2
1511,STS058,6068,58.45,623,146,11302000,STS,58.0,1,4,12,True,2025-10-16 23:16:46.175477+00:00,2,2025-10-16 23:16:46.175477+00:00,2
1512,STS059,6069,59.39,,,,STS,59.0,1,4,12,True,2025-10-16 23:16:46.175477+00:00,2,2025-10-16 23:16:46.175477+00:00,2
1513,STS060,6070,60.0,,,11300000,STS,60.0,1,4,12,True,2025-10-16 23:16:46.175477+00:00,2,2025-10-16 23:16:46.175477+00:00,2
1514,STS069,6071,68.7199999999999,,,11299500,STS,69.0,1,4,12,True,2025-10-16 23:16:46.175477+00:00,2,2025-10-16 23:16:46.175477+00:00,2
1515,STS072,6072,71.92,,,,STS,17.0,1,4,12,True,2025-10-16 23:16:46.175477+00:00,2,2025-10-16 23:16:46.175477+00:00,2
1516,STS085,6073,84.62,,,,STS,85.0,1,4,12,True,2025-10-16 23:16:46.175477+00:00,2,2025-10-16 23:16:46.175477+00:00,2
1517,STS090,6074,90.7,,,,STS,90.0,1,4,12,True,2025-10-16 23:16:46.175477+00:00,2,2025-10-16 23:16:46.175477+00:00,2
1518,STS091,6075,91.14,,,,STS,91.0,1,4,12,True,2025-10-16 23:16:46.175477+00:00,2,2025-10-16 23:16:46.175477+00:00,2
1519,STS093,6076,92.68,,,,STS,93.0,1,4,12,True,2025-10-16 23:16:46.175477+00:00,2,2025-10-16 23:16:46.175477+00:00,2
1520,STWWTP,6079,0.0, , , , ,0.0,1,4,12,True,2025-10-16 23:16:46.175477+00:00,2,2025-10-16 23:16:46.175477+00:00,2
1521,SUISN,6080,0.0, , , , ,0.0,1,4,12,True,2025-10-16 23:16:46.175477+00:00,2,2025-10-16 23:16:46.175477+00:00,2
1522,SVRWD,6081,,,,,,,1,4,12,True,2025-10-16 23:16:46.175477+00:00,2,2025-10-16 23:16:46.175477+00:00,2
1523,SWWWTP,6082,0.0, , , , ,0.0,1,4,12,True,2025-10-16 23:16:46.175477+00:00,2,2025-10-16 23:16:46.175477+00:00,2
1524,SYC000,6083,0.24,,,11414155,SYC,0.0,1,4,12,True,2025-10-16 23:16:46.175477+00:00,2,2025-10-16 23:16:46.175477+00:00,2
1525,SYC001,6084,0.894,,,,SYC,1.0,1,4,12,True,2025-10-16 23:16:46.175477+00:00,2,2025-10-16 23:16:46.175477+00:00,2
1526,SYC002,6085,2.0,,,,,2.0,1,4,12,True,2025-10-16 23:16:46.175477+00:00,2,2025-10-16 23:16:46.175477+00:00,2
1527,SYC003,6086,3.0,,,,,3.0,1,4,12,True,2025-10-16 23:16:46.175477+00:00,2,2025-10-16 23:16:46.175477+00:00,2
1528,SYC020,6087,19.8799999999999,,,11414205,SFD,20.0,1,4,12,True,2025-10-16 23:16:46.175477+00:00,2,2025-10-16 23:16:46.175477+00:00,2
1529,TAB000,6250,0.0, , ,11406920,TAB,0.0,1,4,12,True,2025-10-16 23:16:46.175477+00:00,2,2025-10-16 23:16:46.175477+00:00,2
1530,TBAUD,6252,0.0,,,,,0.0,1,4,12,True,2025-10-16 23:16:46.175477+00:00,2,2025-10-16 23:16:46.175477+00:00,2
1531,TCC001,6253,0.5, , , ,TCC,1.0,1,4,12,True,2025-10-16 23:16:46.175477+00:00,2,2025-10-16 23:16:46.175477+00:00,2
1532,TCC022,6254,22.0, , , ,TCC,22.0,1,4,12,True,2025-10-16 23:16:46.175477+00:00,2,2025-10-16 23:16:46.175477+00:00,2
1533,TCC031,6255,31.0, , , ,TCC,31.0,1,4,12,True,2025-10-16 23:16:46.175477+00:00,2,2025-10-16 23:16:46.175477+00:00,2
1534,TCC036,6256,36.0, , , ,TCC,36.0,1,4,12,True,2025-10-16 23:16:46.175477+00:00,2,2025-10-16 23:16:46.175477+00:00,2
1535,TCC062,6257,62.39, , , ,TCC,62.0,1,4,12,True,2025-10-16 23:16:46.175477+00:00,2,2025-10-16 23:16:46.175477+00:00,2
1536,TCC066,6258,66.25, , , ,TCC,66.0,1,4,12,True,2025-10-16 23:16:46.175477+00:00,2,2025-10-16 23:16:46.175477+00:00,2
1537,TCC081,6259,81.0, , , ,TCC,81.0,1,4,12,True,2025-10-16 23:16:46.175477+00:00,2,2025-10-16 23:16:46.175477+00:00,2
1538,TCC085,6260,85.45, , , ,TCC,85.0,1,4,12,True,2025-10-16 23:16:46.175477+00:00,2,2025-10-16 23:16:46.175477+00:00,2
1539,TCC111,6261,110.89, , , ,TCC,111.0,1,4,12,True,2025-10-16 23:16:46.175477+00:00,2,2025-10-16 23:16:46.175477+00:00,2
1540,TCN000,6262,0.11,,,11297500,TCN,0.0,1,4,12,True,2025-10-16 23:16:46.175477+00:00,2,2025-10-16 23:16:46.175477+00:00,2
1541,TCWWTP,6263,0.0,,,,,0.0,1,4,12,True,2025-10-16 23:16:46.175477+00:00,2,2025-10-16 23:16:46.175477+00:00,2
1542,TFR000,6307,0.0,,,,,0.0,1,4,12,True,2025-10-16 23:16:46.175477+00:00,2,2025-10-16 23:16:46.175477+00:00,2
1543,TGC002,6308,2.0,,,,TGC,2.0,1,4,12,True,2025-10-16 23:16:46.175477+00:00,2,2025-10-16 23:16:46.175477+00:00,2
1544,TGC003,6309,3.0,,,11316605,TGC,3.0,1,4,12,True,2025-10-16 23:16:46.175477+00:00,2,2025-10-16 23:16:46.175477+00:00,2
1545,TGR000,6310,0.08,,,,TGR,0.0,1,4,12,True,2025-10-16 23:16:46.175477+00:00,2,2025-10-16 23:16:46.175477+00:00,2
1546,TGR001,6311,0.24,,,11314000,TGR,1.0,1,4,12,True,2025-10-16 23:16:46.175477+00:00,2,2025-10-16 23:16:46.175477+00:00,2
1547,TGR002,6312,2.0,,,11314500,TGR,2.0,1,4,12,True,2025-10-16 23:16:46.175477+00:00,2,2025-10-16 23:16:46.175477+00:00,2
1548,TGR006,6313,6.19,,,,TGR,6.0,1,4,12,True,2025-10-16 23:16:46.175477+00:00,2,2025-10-16 23:16:46.175477+00:00,2
1549,TGR021,6314,21.07,,,11316610,TGR,21.0,1,4,12,True,2025-10-16 23:16:46.175477+00:00,2,2025-10-16 23:16:46.175477+00:00,2
1550,THM005,6315,5.0,093,252,11382100,THM,5.0,1,4,12,True,2025-10-16 23:16:46.175477+00:00,2,2025-10-16 23:16:46.175477+00:00,2
1551,THM012,6316,12.0,092,251, ,THM,12.0,1,4,12,True,2025-10-16 23:16:46.175477+00:00,2,2025-10-16 23:16:46.175477+00:00,2
1552,THM017,6317,17.0,091,250, ,THM,17.0,1,4,12,True,2025-10-16 23:16:46.175477+00:00,2,2025-10-16 23:16:46.175477+00:00,2
1553,THM021,6318,21.0,101,249, ,THM,21.0,1,4,12,True,2025-10-16 23:16:46.175477+00:00,2,2025-10-16 23:16:46.175477+00:00,2
1554,THM026,6319,26.0,108,248,11382000,THM,26.0,1,4,12,True,2025-10-16 23:16:46.175477+00:00,2,2025-10-16 23:16:46.175477+00:00,2
1555,THM028,6320,27.8, , ,11382000,THM,28.0,1,4,12,True,2025-10-16 23:16:46.175477+00:00,2,2025-10-16 23:16:46.175477+00:00,2
1556,THRMA,6321,0.0, , , , ,0.0,1,4,12,True,2025-10-16 23:16:46.175477+00:00,2,2025-10-16 23:16:46.175477+00:00,2
1557,THRMF,6322,0.0, , , ,PCL,0.0,1,4,12,True,2025-10-16 23:16:46.175477+00:00,2,2025-10-16 23:16:46.175477+00:00,2
1558,TKWWTP,6323,0.0,,,,,0.0,1,4,12,True,2025-10-16 23:16:46.175477+00:00,2,2025-10-16 23:16:46.175477+00:00,2
1559,TRLCK,6324,11.81,666,,,,0.0,1,4,12,True,2025-10-16 23:16:46.175477+00:00,2,2025-10-16 23:16:46.175477+00:00,2
1560,TRN111,6325,111.19, , ,11525500,TRN,111.0,1,4,12,True,2025-10-16 23:16:46.175477+00:00,2,2025-10-16 23:16:46.175477+00:00,2
1561,TRNSF,6326,0.0, , , , ,0.0,1,4,12,True,2025-10-16 23:16:46.175477+00:00,2,2025-10-16 23:16:46.175477+00:00,2
1562,TRNTY,6327,119.56, , , , ,0.0,1,4,12,True,2025-10-16 23:16:46.175477+00:00,2,2025-10-16 23:16:46.175477+00:00,2
1563,TTC000,6329,0.0, , , ,TTC,0.0,1,4,12,True,2025-10-16 23:16:46.175477+00:00,2,2025-10-16 23:16:46.175477+00:00,2
1564,TTC002,6330,2.22, , ,11389800,TTC,2.0,1,4,12,True,2025-10-16 23:16:46.175477+00:00,2,2025-10-16 23:16:46.175477+00:00,2
1565,TULOC,6332,61.14,,,,,0.0,1,4,12,True,2025-10-16 23:16:46.175477+00:00,2,2025-10-16 23:16:46.175477+00:00,2
1566,TUO003,6333,3.0,,,,TUO,3.0,1,4,12,True,2025-10-16 23:16:46.175477+00:00,2,2025-10-16 23:16:46.175477+00:00,2
1567,TUO004,6334,3.73,,,11290200,TUO,4.0,1,4,12,True,2025-10-16 23:16:46.175477+00:00,2,2025-10-16 23:16:46.175477+00:00,2
1568,TUO010,6335,10.0,650,142,,TUO,10.0,1,4,12,True,2025-10-16 23:16:46.175477+00:00,2,2025-10-16 23:16:46.175477+00:00,2
1569,TUO015,6336,15.0,651,141,,TUO,15.0,1,4,12,True,2025-10-16 23:16:46.175477+00:00,2,2025-10-16 23:16:46.175477+00:00,2
1570,TUO017,6337,16.6099999999999,,,11290000,TUO,17.0,1,4,12,True,2025-10-16 23:16:46.175477+00:00,2,2025-10-16 23:16:46.175477+00:00,2
1571,TUO022,6338,22.0,652,140,,TUO,22.0,1,4,12,True,2025-10-16 23:16:46.175477+00:00,2,2025-10-16 23:16:46.175477+00:00,2
1572,TUO030,6339,30.0,653,139,,TUO,30.0,1,4,12,True,2025-10-16 23:16:46.175477+00:00,2,2025-10-16 23:16:46.175477+00:00,2
1573,TUO036,6341,36.0,654,138,,TUO,36.0,1,4,12,True,2025-10-16 23:16:46.175477+00:00,2,2025-10-16 23:16:46.175477+00:00,2
1574,TUO043,6342,43.0,655,137,,TUO,43.0,1,4,12,True,2025-10-16 23:16:46.175477+00:00,2,2025-10-16 23:16:46.175477+00:00,2
1575,TUO047,6343,47.0,656,136,,TUO,47.0,1,4,12,True,2025-10-16 23:16:46.175477+00:00,2,2025-10-16 23:16:46.175477+00:00,2
1576,TUO053,6344,53.43,657,135,11289650,TUO,53.0,1,4,12,True,2025-10-16 23:16:46.175477+00:00,2,2025-10-16 23:16:46.175477+00:00,2
1577,TUO054,6345,53.85,,,11289600,TUO,54.0,1,4,12,True,2025-10-16 23:16:46.175477+00:00,2,2025-10-16 23:16:46.175477+00:00,2
1578,TUO073,6346,73.0,,,11286000,TUO,73.0,1,4,12,True,2025-10-16 23:16:46.175477+00:00,2,2025-10-16 23:16:46.175477+00:00,2
1579,TUO081,6347,81.0,,,11285500,TUO,81.0,1,4,12,True,2025-10-16 23:16:46.175477+00:00,2,2025-10-16 23:16:46.175477+00:00,2
1580,TUO091,6348,91.0,,,11283500,TUO,91.0,1,4,12,True,2025-10-16 23:16:46.175477+00:00,2,2025-10-16 23:16:46.175477+00:00,2
1581,TUO096,6349,96.0,,,11283000,TUO,96.0,1,4,12,True,2025-10-16 23:16:46.175477+00:00,2,2025-10-16 23:16:46.175477+00:00,2
1582,TUO097,6350,97.0,,,11282500,TUO,97.0,1,4,12,True,2025-10-16 23:16:46.175477+00:00,2,2025-10-16 23:16:46.175477+00:00,2
1583,TUO102,6351,102.0,,,11278500,TUO,102.0,1,4,12,True,2025-10-16 23:16:46.175477+00:00,2,2025-10-16 23:16:46.175477+00:00,2
1584,TUO103,6352,103.0,,,11278400,TUO,103.0,1,4,12,True,2025-10-16 23:16:46.175477+00:00,2,2025-10-16 23:16:46.175477+00:00,2
1585,TUO104,6353,104.0,,,11276900,TUO,104.0,1,4,12,True,2025-10-16 23:16:46.175477+00:00,2,2025-10-16 23:16:46.175477+00:00,2
1586,TUO105,6354,105.0,,,11276600,TUO,105.0,1,4,12,True,2025-10-16 23:16:46.175477+00:00,2,2025-10-16 23:16:46.175477+00:00,2
1587,TUO106,6355,106.0,,,11276600,TUO,106.0,1,4,12,True,2025-10-16 23:16:46.175477+00:00,2,2025-10-16 23:16:46.175477+00:00,2
1588,TUO116,6356,116.0,,,11276500,TUO,116.0,1,4,12,True,2025-10-16 23:16:46.175477+00:00,2,2025-10-16 23:16:46.175477+00:00,2
1589,TUR001,6357,0.52,,,11289500,TUR,1.0,1,4,12,True,2025-10-16 23:16:46.175477+00:00,2,2025-10-16 23:16:46.175477+00:00,2
1590,TVAFB,6358,0.0, , , , ,0.0,1,4,12,True,2025-10-16 23:16:46.175477+00:00,2,2025-10-16 23:16:46.175477+00:00,2
1591,TWL005,6360,4.53, , , ,TWL,5.0,1,4,12,True,2025-10-16 23:16:46.175477+00:00,2,2025-10-16 23:16:46.175477+00:00,2
1592,UBEAR,6390,0.0,,,,,0.0,1,4,12,True,2025-10-16 23:16:46.175477+00:00,2,2025-10-16 23:16:46.175477+00:00,2
1593,UFC000,6391,0.0,,,,UFC,0.0,1,4,12,True,2025-10-16 23:16:46.175477+00:00,2,2025-10-16 23:16:46.175477+00:00,2
1594,UNVLY,6392,16.9899999999999,,,,,0.0,1,4,12,True,2025-10-16 23:16:46.175477+00:00,2,2025-10-16 23:16:46.175477+00:00,2
1595,UPANG,6393,0.0,,,,,0.0,1,4,12,True,2025-10-16 23:16:46.175477+00:00,2,2025-10-16 23:16:46.175477+00:00,2
1596,UTC000,6731,0.02,,,11295240,UTC,0.0,1,4,12,True,2025-10-16 23:16:46.175477+00:00,2,2025-10-16 23:16:46.175477+00:00,2
1597,UTC014,6733,13.68,,,,UTC,14.0,1,4,12,True,2025-10-16 23:16:46.175477+00:00,2,2025-10-16 23:16:46.175477+00:00,2
1598,UVT001,6735,0.39,,,11441002,UVT,1.0,1,4,12,True,2025-10-16 23:16:46.175477+00:00,2,2025-10-16 23:16:46.175477+00:00,2
1599,VCT002,6738,0.0, , , ,VCT,0.0,1,4,12,True,2025-10-16 23:16:46.175477+00:00,2,2025-10-16 23:16:46.175477+00:00,2
1600,VJB000,6739,0.0, , , ,VJB,0.0,1,4,12,True,2025-10-16 23:16:46.175477+00:00,2,2025-10-16 23:16:46.175477+00:00,2
1601,VLLJO,6740,0.0, , , , ,0.0,1,4,12,True,2025-10-16 23:16:46.175477+00:00,2,2025-10-16 23:16:46.175477+00:00,2
1602,VLW008,6741,8.0,,,,VLW,8.0,1,4,12,True,2025-10-16 23:16:46.175477+00:00,2,2025-10-16 23:16:46.175477+00:00,2
1603,WBF006,6745,5.96, , ,11406500,WBF,6.0,1,4,12,True,2025-10-16 23:16:46.175477+00:00,2,2025-10-16 23:16:46.175477+00:00,2
1604,WBF015,6746,15.2, , , ,WBF,15.0,1,4,12,True,2025-10-16 23:16:46.175477+00:00,2,2025-10-16 23:16:46.175477+00:00,2
1605,WBF030,6747,29.3, , ,11405200,WBF,30.0,1,4,12,True,2025-10-16 23:16:46.175477+00:00,2,2025-10-16 23:16:46.175477+00:00,2
1606,WBF039,6748,38.86, , , ,WBF,39.0,1,4,12,True,2025-10-16 23:16:46.175477+00:00,2,2025-10-16 23:16:46.175477+00:00,2
1607,WBR001,6749,1.27,,,11446000,,1.0,1,4,12,True,2025-10-16 23:16:46.175477+00:00,2,2025-10-16 23:16:46.175477+00:00,2
1608,WBR011,6750,10.88,,,,WBR,11.0,1,4,12,True,2025-10-16 23:16:46.175477+00:00,2,2025-10-16 23:16:46.175477+00:00,2
1609,WDWRD,6752,0.0,587,,11300700,,0.0,1,4,12,True,2025-10-16 23:16:46.175477+00:00,2,2025-10-16 23:16:46.175477+00:00,2
1610,WEC000,6753,0.0, , ,11406880 / 11406900,WEC,0.0,1,4,12,True,2025-10-16 23:16:46.175477+00:00,2,2025-10-16 23:16:46.175477+00:00,2
1611,WEC005,6754,5.0, , , ,WEC,5.0,1,4,12,True,2025-10-16 23:16:46.175477+00:00,2,2025-10-16 23:16:46.175477+00:00,2
1612,WKYTN,6755,18.0, , , , ,0.0,1,4,12,True,2025-10-16 23:16:46.175477+00:00,2,2025-10-16 23:16:46.175477+00:00,2
1613,WLDWD,6756,0.0,,,,,0.0,1,4,12,True,2025-10-16 23:16:46.175477+00:00,2,2025-10-16 23:16:46.175477+00:00,2
1614,WLF013,6757,12.98, , , ,WLF,13.0,1,4,12,True,2025-10-16 23:16:46.175477+00:00,2,2025-10-16 23:16:46.175477+00:00,2
1615,WLF017,6758,16.51,,,,WLF,17.0,1,4,12,True,2025-10-16 23:16:46.175477+00:00,2,2025-10-16 23:16:46.175477+00:00,2
1616,WLF021,6759,20.64, , , ,WLF,21.0,1,4,12,True,2025-10-16 23:16:46.175477+00:00,2,2025-10-16 23:16:46.175477+00:00,2
1617,WLWWTP,6762,0.0, , , , ,0.0,1,4,12,True,2025-10-16 23:16:46.175477+00:00,2,2025-10-16 23:16:46.175477+00:00,2
1618,WRT004,6773,4.883,,,,WRT,4.0,1,4,12,True,2025-10-16 23:16:46.175477+00:00,2,2025-10-16 23:16:46.175477+00:00,2
1619,WRT005,6774,5.16,,,11443460,WRT,5.0,1,4,12,True,2025-10-16 23:16:46.175477+00:00,2,2025-10-16 23:16:46.175477+00:00,2
1620,WSB000,6775,0.0, , , ,WSB,0.0,1,4,12,True,2025-10-16 23:16:46.175477+00:00,2,2025-10-16 23:16:46.175477+00:00,2
1621,WSB005,6777,5.0, , , ,WSB,5.0,1,4,12,True,2025-10-16 23:16:46.175477+00:00,2,2025-10-16 23:16:46.175477+00:00,2
1622,WSE003,6785,3.0, , , ,WSE,3.0,1,4,12,True,2025-10-16 23:16:46.175477+00:00,2,2025-10-16 23:16:46.175477+00:00,2
1623,WSE004,6786,3.74, , ,11425410,WSE,4.0,1,4,12,True,2025-10-16 23:16:46.175477+00:00,2,2025-10-16 23:16:46.175477+00:00,2
1624,WSE008,6788,8.42, , ,11425415,WSE,8.0,1,4,12,True,2025-10-16 23:16:46.175477+00:00,2,2025-10-16 23:16:46.175477+00:00,2
1625,WSPNT_NU,6789,0.0,,,,,0.0,1,4,12,True,2025-10-16 23:16:46.175477+00:00,2,2025-10-16 23:16:46.175477+00:00,2
1626,WSWWTP,6790,0.0, , , , ,0.0,1,4,12,True,2025-10-16 23:16:46.175477+00:00,2,2025-10-16 23:16:46.175477+00:00,2
1627,WTPAMC,6792,0.0, , , , ,0.0,1,4,12,True,2025-10-16 23:16:46.175477+00:00,2,2025-10-16 23:16:46.175477+00:00,2
1628,WTPAUB,6793,0.0, , , , ,0.0,1,4,12,True,2025-10-16 23:16:46.175477+00:00,2,2025-10-16 23:16:46.175477+00:00,2
1629,WTPBJM,6794,0.0, , , , ,0.0,1,4,12,True,2025-10-16 23:16:46.175477+00:00,2,2025-10-16 23:16:46.175477+00:00,2
1630,WTPBLV,6795,0.0, , , , ,0.0,1,4,12,True,2025-10-16 23:16:46.175477+00:00,2,2025-10-16 23:16:46.175477+00:00,2
1631,WTPBNC,6796,0.0, , , , ,0.0,1,4,12,True,2025-10-16 23:16:46.175477+00:00,2,2025-10-16 23:16:46.175477+00:00,2
1632,WTPBTB,6797,0.0, , , , ,0.0,1,4,12,True,2025-10-16 23:16:46.175477+00:00,2,2025-10-16 23:16:46.175477+00:00,2
1633,WTPBUK,6798,0.0, , , , ,0.0,1,4,12,True,2025-10-16 23:16:46.175477+00:00,2,2025-10-16 23:16:46.175477+00:00,2
1634,WTPBWM,6799,0.0, , , , ,0.0,1,4,12,True,2025-10-16 23:16:46.175477+00:00,2,2025-10-16 23:16:46.175477+00:00,2
1635,WTPCMT,6800,0.0, , , , ,0.0,1,4,12,True,2025-10-16 23:16:46.175477+00:00,2,2025-10-16 23:16:46.175477+00:00,2
1636,WTPCOL,6801,0.0, , , , ,0.0,1,4,12,True,2025-10-16 23:16:46.175477+00:00,2,2025-10-16 23:16:46.175477+00:00,2
1637,WTPCSD,6802,0.0, , , , ,0.0,1,4,12,True,2025-10-16 23:16:46.175477+00:00,2,2025-10-16 23:16:46.175477+00:00,2
1638,WTPCYC,6803,0.0, , , , ,0.0,1,4,12,True,2025-10-16 23:16:46.175477+00:00,2,2025-10-16 23:16:46.175477+00:00,2
1639,WTPDEF,6804,0.0, , , , ,0.0,1,4,12,True,2025-10-16 23:16:46.175477+00:00,2,2025-10-16 23:16:46.175477+00:00,2
1640,WTPDGT,6805,0.0,,,,,0.0,1,4,12,True,2025-10-16 23:16:46.175477+00:00,2,2025-10-16 23:16:46.175477+00:00,2
1641,WTPDWP,6806,0.0, , , , ,0.0,1,4,12,True,2025-10-16 23:16:46.175477+00:00,2,2025-10-16 23:16:46.175477+00:00,2
1642,WTPDWS,6807,0.0,,,,,0.0,1,4,12,True,2025-10-16 23:16:46.175477+00:00,2,2025-10-16 23:16:46.175477+00:00,2
1643,WTPEDH,6808,0.0, , , , ,0.0,1,4,12,True,2025-10-16 23:16:46.175477+00:00,2,2025-10-16 23:16:46.175477+00:00,2
1644,WTPFBN,6809,0.0, , , , ,0.0,1,4,12,True,2025-10-16 23:16:46.175477+00:00,2,2025-10-16 23:16:46.175477+00:00,2
1645,WTPFMH,6810,0.0, , , , ,0.0,1,4,12,True,2025-10-16 23:16:46.175477+00:00,2,2025-10-16 23:16:46.175477+00:00,2
1646,WTPFOL,6811,0.0, , , , ,0.0,1,4,12,True,2025-10-16 23:16:46.175477+00:00,2,2025-10-16 23:16:46.175477+00:00,2
1647,WTPFSS,6812,0.0, , , , ,0.0,1,4,12,True,2025-10-16 23:16:46.175477+00:00,2,2025-10-16 23:16:46.175477+00:00,2
1648,WTPFTH,6813,0.0, , , , ,0.0,1,4,12,True,2025-10-16 23:16:46.175477+00:00,2,2025-10-16 23:16:46.175477+00:00,2
1649,WTPJAC,6814,0.0, , , , ,0.0,1,4,12,True,2025-10-16 23:16:46.175477+00:00,2,2025-10-16 23:16:46.175477+00:00,2
1650,WTPJJO,6815,0.0,,,,,0.0,1,4,12,True,2025-10-16 23:16:46.175477+00:00,2,2025-10-16 23:16:46.175477+00:00,2
1651,WTPJMS,6816,0.0, , , , ,0.0,1,4,12,True,2025-10-16 23:16:46.175477+00:00,2,2025-10-16 23:16:46.175477+00:00,2
1652,WTPJYL,6817,0.0,,,,,0.0,1,4,12,True,2025-10-16 23:16:46.175477+00:00,2,2025-10-16 23:16:46.175477+00:00,2
1653,WTPMNR,6818,0.0, , ,11396330, ,0.0,1,4,12,True,2025-10-16 23:16:46.175477+00:00,2,2025-10-16 23:16:46.175477+00:00,2
1654,WTPMOD,6819,0.0,,,,,0.0,1,4,12,True,2025-10-16 23:16:46.175477+00:00,2,2025-10-16 23:16:46.175477+00:00,2
1655,WTPNBR,6820,0.0, , , , ,0.0,1,4,12,True,2025-10-16 23:16:46.175477+00:00,2,2025-10-16 23:16:46.175477+00:00,2
1656,WTPOPH,6821,0.0, , , , ,0.0,1,4,12,True,2025-10-16 23:16:46.175477+00:00,2,2025-10-16 23:16:46.175477+00:00,2
1657,WTPRS1,6822,24.28,,,,,1.0,1,4,12,True,2025-10-16 23:16:46.175477+00:00,2,2025-10-16 23:16:46.175477+00:00,2
1658,WTPRSA,6823,0.17,,,,SPI,1.0,1,4,12,True,2025-10-16 23:16:46.175477+00:00,2,2025-10-16 23:16:46.175477+00:00,2
1659,WTPRSV,6824,0.0, , , , ,0.0,1,4,12,True,2025-10-16 23:16:46.175477+00:00,2,2025-10-16 23:16:46.175477+00:00,2
1660,WTPSAC,6825,0.0, , , , ,0.0,1,4,12,True,2025-10-16 23:16:46.175477+00:00,2,2025-10-16 23:16:46.175477+00:00,2
1661,WTPSJP,6826,0.0, , , , ,0.0,1,4,12,True,2025-10-16 23:16:46.175477+00:00,2,2025-10-16 23:16:46.175477+00:00,2
1662,WTPSRW,6827,0.0, , , , ,0.0,1,4,12,True,2025-10-16 23:16:46.175477+00:00,2,2025-10-16 23:16:46.175477+00:00,2
1663,WTPTAB,6828,0.0, , , , ,0.0,1,4,12,True,2025-10-16 23:16:46.175477+00:00,2,2025-10-16 23:16:46.175477+00:00,2
1664,WTPVNY,6829,0.0, , , , ,0.0,1,4,12,True,2025-10-16 23:16:46.175477+00:00,2,2025-10-16 23:16:46.175477+00:00,2
1665,WTPWAL,6830,0.0,,,,,0.0,1,4,12,True,2025-10-16 23:16:46.175477+00:00,2,2025-10-16 23:16:46.175477+00:00,2
1666,WTPWDH,6831,0.0,,,,,0.0,1,4,12,True,2025-10-16 23:16:46.175477+00:00,2,2025-10-16 23:16:46.175477+00:00,2
1667,WTPWMN,6832,0.0, , , , ,0.0,1,4,12,True,2025-10-16 23:16:46.175477+00:00,2,2025-10-16 23:16:46.175477+00:00,2
1668,WWC006,6836,5.9, , , ,WWC,0.0,1,4,12,True,2025-10-16 23:16:46.175477+00:00,2,2025-10-16 23:16:46.175477+00:00,2
1669,WWW001,6837,1.0,,,,WWW,1.0,1,4,12,True,2025-10-16 23:16:46.175477+00:00,2,2025-10-16 23:16:46.175477+00:00,2
1670,XCC010,6857,10.0,,,,XCC,10.0,1,4,12,True,2025-10-16 23:16:46.175477+00:00,2,2025-10-16 23:16:46.175477+00:00,2
1671,XCC025,6858,25.32,,,,XCC,25.0,1,4,12,True,2025-10-16 23:16:46.175477+00:00,2,2025-10-16 23:16:46.175477+00:00,2
1672,XCC033,6859,33.09,,,,XCC,33.0,1,4,12,True,2025-10-16 23:16:46.175477+00:00,2,2025-10-16 23:16:46.175477+00:00,2
1673,XCC043,6860,42.74,,,,XCC,43.0,1,4,12,True,2025-10-16 23:16:46.175477+00:00,2,2025-10-16 23:16:46.175477+00:00,2
1674,XCC053,6861,53.0,,,,XCC,53.0,1,4,12,True,2025-10-16 23:16:46.175477+00:00,2,2025-10-16 23:16:46.175477+00:00,2
1675,XCC054,6862,54.0,,,,XCC,54.0,1,4,12,True,2025-10-16 23:16:46.175477+00:00,2,2025-10-16 23:16:46.175477+00:00,2
1676,YBP002,6882,2.0,473,411, ,YBP,2.0,1,4,12,True,2025-10-16 23:16:46.175477+00:00,2,2025-10-16 23:16:46.175477+00:00,2
1677,YBP007,6883,11.0,460,410,11455145,YBP,7.0,1,4,12,True,2025-10-16 23:16:46.175477+00:00,2,2025-10-16 23:16:46.175477+00:00,2
1678,YBP011,6884,16.0,448,409,11455135,YBP,11.0,1,4,12,True,2025-10-16 23:16:46.175477+00:00,2,2025-10-16 23:16:46.175477+00:00,2
1679,YBP014,6885,14.0,432,408,11455125,YBP,14.0,1,4,12,True,2025-10-16 23:16:46.175477+00:00,2,2025-10-16 23:16:46.175477+00:00,2
1680,YBP016,6886,16.0,433,407, ,YBP,16.0,1,4,12,True,2025-10-16 23:16:46.175477+00:00,2,2025-10-16 23:16:46.175477+00:00,2
1681,YBP020,6887,19.93,414,399, ,YBP,20.0,1,4,12,True,2025-10-16 23:16:46.175477+00:00,2,2025-10-16 23:16:46.175477+00:00,2
1682,YBP023,6888,23.37,407,398, ,YBP,23.0,1,4,12,True,2025-10-16 23:16:46.175477+00:00,2,2025-10-16 23:16:46.175477+00:00,2
1683,YBP026,6889,26.0,401,397, ,YBP,26.0,1,4,12,True,2025-10-16 23:16:46.175477+00:00,2,2025-10-16 23:16:46.175477+00:00,2
1684,YBP032,6890,31.72,360,396,11453000,YBP,32.0,1,4,12,True,2025-10-16 23:16:46.175477+00:00,2,2025-10-16 23:16:46.175477+00:00,2
1685,YBP034,6891,34.21, , , ,YBP,34.0,1,4,12,True,2025-10-16 23:16:46.175477+00:00,2,2025-10-16 23:16:46.175477+00:00,2
1686,YBP037,6892,37.0, , ,11391021,SAC,37.0,1,4,12,True,2025-10-16 23:16:46.175477+00:00,2,2025-10-16 23:16:46.175477+00:00,2
1687,YCWWTP,6893,0.0, , , , ,0.0,1,4,12,True,2025-10-16 23:16:46.175477+00:00,2,2025-10-16 23:16:46.175477+00:00,2
1688,YUB002,6894,1.94, , ,11421500,YUB,2.0,1,4,12,True,2025-10-16 23:16:46.175477+00:00,2,2025-10-16 23:16:46.175477+00:00,2
1689,YUB003,6895,3.0, , , ,YUB,3.0,1,4,12,True,2025-10-16 23:16:46.175477+00:00,2,2025-10-16 23:16:46.175477+00:00,2
1690,YUB006,6896,6.0,284,350,11421000,YUB,6.0,1,4,12,True,2025-10-16 23:16:46.175477+00:00,2,2025-10-16 23:16:46.175477+00:00,2
1691,YUB011,6897,11.31,285,349,11420800,YUB,11.0,1,4,12,True,2025-10-16 23:16:46.175477+00:00,2,2025-10-16 23:16:46.175477+00:00,2
1692,YUB013,6898,13.0, , , ,YUB,13.0,1,4,12,True,2025-10-16 23:16:46.175477+00:00,2,2025-10-16 23:16:46.175477+00:00,2
1693,YUB014,6899,13.3, , , ,YUB,14.0,1,4,12,True,2025-10-16 23:16:46.175477+00:00,2,2025-10-16 23:16:46.175477+00:00,2
1694,YUB022,6900,21.72, , ,11419000,YUB,22.0,1,4,12,True,2025-10-16 23:16:46.175477+00:00,2,2025-10-16 23:16:46.175477+00:00,2
1695,YUB023,6901,22.68, , , ,YUB,23.0,1,4,12,True,2025-10-16 23:16:46.175477+00:00,2,2025-10-16 23:16:46.175477+00:00,2
1696,YUB024,6902,23.44, , ,11418000,YUB,24.0,1,4,12,True,2025-10-16 23:16:46.175477+00:00,2,2025-10-16 23:16:46.175477+00:00,2
1697,YUB030,6903,30.39, , , ,YUB,30.0,1,4,12,True,2025-10-16 23:16:46.175477+00:00,2,2025-10-16 23:16:46.175477+00:00,2
1698,YUB034,6904,33.5, , , ,YUB,34.0,1,4,12,True,2025-10-16 23:16:46.175477+00:00,2,2025-10-16 23:16:46.175477+00:00,2
1699,YUB039,6905,39.29, , , ,YUB,39.0,1,4,12,True,2025-10-16 23:16:46.175477+00:00,2,2025-10-16 23:16:46.175477+00:00,2
