short_code,name,description,comment,entity_type_id,type_id,subtype_ids,model_list,source_list,has_gis,hydrologic_region_id,network_version_id
02_NA,,Non-District,,2,21,{11},{1},{9},False,,12
02_NU,,"City of Anderson, Cottonwood WD, Small Communities",,2,21,{25},{1},{9},False,,12
02_PA,,Clear Creek CSD,,2,21,{11},{1},{9},False,,12
02_PU,,"Centerville CSD, Clear Creek CSD, Keswick CSA, Shasta CSD",,2,21,{25},{1},{9},False,,12
02_SA,,"Anderson Cottonwood ID, Misc. Settlement Contractors",,2,21,{11},{1},{9},False,,12
02_SU,,City of Redding,,2,21,{25},{1},{9},False,,12
03_NA,,Non-District,,2,21,{11},{1},{9},False,,12
03_NU,,Small Communities,,2,21,{25},{1},{9},False,,12
03_PA,,Bella Vista WD,,2,21,{11},{1},{9},False,,12
03_PU1,,"Jones Valley CSA, Shasta Lake CSD, Mountain Gate CSD",,2,21,{25},{1},{9},False,,12
03_PU2,,Bella Vista WD,,2,21,{25},{1},{9},False,,12
03_SA,,"Anderson Cottonwood ID, Misc. Settlement Contractors",,2,21,{11},{1},{9},False,,12
03_SU,,City of Redding,,2,21,{25},{1},{9},False,,12
04_NA,,"Non-District, Misc. Settlement Contractors",,2,21,{11},{1},{9},False,,12
04_NU1,,City of Red Bluff (part),,2,21,{25},{1},{9},False,,12
04_NU2,,"City of Corning, Gerber-Las Flores CSD, Small Communities",,2,21,{25},{1},{9},False,,12
04_PA1,,"Corning WD, Proberta WD, Thomes Creek WD",,2,21,{25},{1},{9},False,,12
04_PA2,,Kirkwood WD,,2,21,{25},{1},{9},False,,12
05_NA,,"Los Molinos MWC, Non-District Misc Settlement Contractors",,2,21,{11},{1},{9},False,,12
05_NU,,"City of Red Bluff (part) Los Molinos CSD, Small Communities",,2,21,{25},{1},{9},False,,12
06_NA,,Non-District,,2,21,{11},{1},{9},False,,12
06_NU,,City of Orland Small Communities,,2,21,{25},{1},{9},False,,12
06_PA,,Orland Unit WUA,,2,21,{11},{1},{9},False,,12
07N_NA,,Non-District,,2,21,{11},{1},{9},False,,12
07N_NU,,"CalWater (Willows), Small Communities",,2,21,{25},{1},{9},False,,12
07N_PA,,"Glide WD, Holthouse WD (part), Kanawha WD, Orland-Artois WD",,2,21,{11},{1},{9},False,,12
07S_NA,,Non-District,,2,21,{11},{1},{9},False,,12
07S_NU,,"Arbuckle PUD, Cachville CSD, Small Communities",,2,21,{25},{1},{9},False,,12
07S_PA,,"4-M WD, Colusa County WD, Cortina WD, Davis WD, Dunnigan WD, Glenn Valley WD, Holthouse WD (part), La Grande WD, Myers-Marsh MWC, Westside WD",,2,21,{11},{1},{9},False,,12
08N_NA,,Non-District,,2,21,{11},{1},{9},False,,12
08N_NU,,"Hamilton City, Small Communities",,2,21,{25},{1},{9},False,,12
08N_PA,,Colusa Drain MWC,,2,21,{11},{1},{9},False,,12
08N_PR1,,Sacramento NWR,,2,21,{25},{1},{9},False,,12
08N_PR2,,Delevan NWR,,2,21,{25},{1},{9},False,,12
08N_SA1,,"Princeton-Cordora-Glenn ID, Provident ID, Maxwell ID (part), Misc. Settlement Contractors",,2,21,{25},{1},{9},False,,12
08N_SA2,,Glenn-Colusa ID (part),,2,21,{25},{1},{9},False,,12
08S_NA1,,Non-District,,2,21,{25},{1},{9},False,,12
08S_NA2,,Non-District,,2,21,{25},{1},{9},False,,12
08S_NU,,"City of Colusa, Williams, Small Communities",,2,21,{25},{1},{9},False,,12
08S_PA,,Colusa Drain MWC (part),,2,21,{11},{1},{9},False,,12
08S_PR,,Colusa NWR,,2,21,{20},{1},{9},False,,12
08S_SA1,,"Maxwell ID (portion), Roberts Ditch IC, Sycamore Family Trust, Misc. Settlement Contractors",,2,21,{25},{1},{9},False,,12
08S_SA2,,Glenn-Colusa ID (part),,2,21,{25},{1},{9},False,,12
08S_SA3,,"RD 108, River Garden Farms, Misc. Settlement Contractors",,2,21,{25},{1},{9},False,,12
09_NA,,"Llano Seco Rancho, Dayton MWC, Non-District",,2,21,{11},{1},{9},False,,12
09_NU,,Small communities,,2,21,{25},{1},{9},False,,12
09_PR,,Upper Butte Wildlife Area and Sacramento River NWR - Llano Seco Units,,2,21,{20},{1},{9},False,,12
09_SA1,,Pacific Realty Associates (M&T Chico Ranch),,2,21,{25},{1},{9},False,,12
09_SA2,,"RD 1004, Carter MWC, Jack Baber, Misc. Settlement Contractors",,2,21,{25},{1},{9},False,,12
10_NA,,Non-District,,2,21,{11},{1},{9},False,,12
10_NU1,,CalWater (Chico),,2,21,{25},{1},{9},False,,12
10_NU2,,Durham ID Small Communities,,2,21,{25},{1},{9},False,,12
11_NA,,"Sutter Butte MWC, Non-District",,2,21,{11},{1},{9},False,,12
11_NU1,,Thermalito ID (Oroville),,2,21,{25},{1},{9},False,,12
11_NU2,,"City of Biggs, Gridley, Live Oak WD, Small Communities",,2,21,{25},{1},{9},False,,12
11_PR,,Upper Butte Basin Wildlife Area Howard Slough Unit and Little Dry Creek,,2,21,{20},{1},{9},False,,12
11_SA1,,Western Canal WD,,2,21,{25},{1},{9},False,,12
11_SA2,,Richvale ID,,2,21,{25},{1},{9},False,,12
11_SA3,,"Biggs-West Gridley WD, Butte WD",,2,21,{25},{1},{9},False,,12
11_SA4,,Sutter Extension WD,,2,21,{25},{1},{9},False,,12
12_NA,,Non-District,,2,21,{11},{1},{9},False,,12
12_NU1,,CalWater (Oroville),,2,21,{25},{1},{9},False,,12
12_NU2,,Small Communities,,2,21,{25},{1},{9},False,,12
12_SA,,Misc. FRSA Diverters,,2,21,{11},{1},{9},False,,12
13_NA,,"South Feather Water and Power Agency, Yuba County WD, Non-District",,2,21,{11},{1},{9},False,,12
13_NU1,,South Feather Water and Power Agency (Oroville),,2,21,{25},{1},{9},False,,12
13_NU2,,Small Communities,,2,21,{25},{1},{9},False,,12
14_NA,,Browns Valley ID,,2,21,{11},{1},{9},False,,12
14_NU,,Small Communities,,2,21,{25},{1},{9},False,,12
15N_NA1,,Non-District,,2,21,{25},{1},{9},False,,12
15N_NA2,,"Cordua ID, Hallwood ID, Ramirez WD",,2,21,{25},{1},{9},False,,12
15N_NU,,"CalWater (Marysville), Small Communities",,2,21,{25},{1},{9},False,,12
15N_SA,,Misc. FRSA Diverters,,2,21,{11},{1},{9},False,,12
15S_NA1,,Non-District,,2,21,{25},{1},{9},False,,12
15S_NA2,,"Brophy WD, Dry Creek MWC, South Yuba WD, Wheatland WD",,2,21,{25},{1},{9},False,,12
15S_NU,,"Olivehurst PUD, City of Wheatland, Linda County WD, Small Communities",,2,21,{25},{1},{9},False,,12
15S_SA,,"Plumas MWC, Misc. FRSA Diverters",,2,21,{11},{1},{9},False,,12
16_NA1,,Non-District,,2,21,{25},{1},{9},False,,12
16_NA2,,Non-district,,2,21,{25},{1},{9},False,,12
16_NU,,Small Communities,,2,21,{25},{1},{9},False,,12
16_PA,,Feather WD,,2,21,{11},{1},{9},False,,12
16_PU,,City of Yuba City,,2,21,{25},{1},{9},False,,12
16_SA,,"Garden Highway MWC, Tudor ID, Oswald MWC, Misc. FRSA Diverters",,2,21,{11},{1},{9},False,,12
17N_NA,,"Non-Project, Non-District",,2,21,{11},{1},{9},False,,12
17N_NR,,Sutter and Butte Sink Duck Clubs,,2,21,{20},{1},{9},False,,12
17N_NU,,Small Communities,,2,21,{25},{1},{9},False,,12
17N_PR,,Gray Lodge WA,,2,21,{20},{1},{9},False,,12
17S_NA,,"Sutter Bypass-Butte Slough WUA, Non-district",,2,21,{11},{1},{9},False,,12
17S_NU,,Sutter CSD Small Communities,,2,21,{25},{1},{9},False,,12
17S_PR,,Sutter NWR,,2,21,{20},{1},{9},False,,12
17S_SA,,Misc. FRSA Diverters,,2,21,{11},{1},{9},False,,12
18_NA,,"Butte Slough IC, Sutter Butte MWC, Non-District",,2,21,{11},{1},{9},False,,12
18_NU,,Small communities,,2,21,{25},{1},{9},False,,12
18_SA,,"Meridian Farms WC, Lomo Cold Storage, Sutter MWC (part), Tisdale IDC, Misc. Settlement Contractors",,2,21,{11},{1},{9},False,,12
19_NU,,Small communities,,2,21,{25},{1},{9},False,,12
19_SA,,"Sutter MWC (part), Pelger MWC, Bardis et al., Misc. Settlement Contractors",,2,21,{11},{1},{9},False,,12
20_NA1,,Yolo County FCWCD,,2,21,{25},{1},{9},False,,12
20_NA2,,Non-District,,2,21,{25},{1},{9},False,,12
20_NU1,,"City of Davis, Woodland, and UC Davis",,2,21,{25},{1},{9},False,,12
20_NU2,,"Winters, Esparto CSD, Madison CSD, small communities",,2,21,{25},{1},{9},False,,12
20_PA,,UC Davis,,2,21,{11},{1},{9},False,,12
21_NA,,Non-District,,2,21,{11},{1},{9},False,,12
21_NU,,Knights Landing CSD Small communities,,2,21,{25},{1},{9},False,,12
21_PA,,Colusa Drain MWC,,2,21,{11},{1},{9},False,,12
21_PU,,City of West Sacramento,,2,21,{25},{1},{9},False,,12
21_SA,,"Conaway Conservancy Group (RD 2035), Sacramento River Ranch LLC, Misc. Settlement Contractors",,2,21,{11},{1},{9},False,,12
22_NA,,Non-District,,2,21,{11},{1},{9},False,,12
22_NU,,"Sacramento International Airport, Northgate, Small Communities",,2,21,{25},{1},{9},False,,12
22_SA1,,"Natomas Central MWD, Pleasant Grove-Verona MWC, Misc. Settlement Contractors",,2,21,{25},{1},{9},False,,12
22_SA2,,Misc. FRSA Diverters,,2,21,{25},{1},{9},False,,12
23_NA,,"Camp Far West ID, South Sutter WD, Non-District",,2,21,{11},{1},{9},False,,12
23_NU,,Small Communities,,2,21,{25},{1},{9},False,,12
24_NA1,,Nevada ID,,2,21,{25},{1},{9},False,,12
24_NA2,,"Placer County WA Zone 5, Non-District",,2,21,{25},{1},{9},False,,12
24_NA3,,Placer County WA Zone 1,,2,21,{25},{1},{9},False,,12
24_NU1,,"Placer County WA (City of Auburn, Bowman, Ophir, Newcastle)",,2,21,{25},{1},{9},False,,12
24_NU2,,"Placer County WA (City of Loomis, Penryn, Rocklin, Lincoln, Granite Bay, part of Roseville)",,2,21,{25},{1},{9},False,,12
24_NU3,,Nevada ID (North Auburn),,2,21,{25},{1},{9},False,,12
24_NU4,,Small Communities,,2,21,{25},{1},{9},False,,12
25_NA,,Non-District,,2,21,{11},{1},{9},False,,12
25_NU,,"CalWater (Dixon), Rio Vista, Small Communities",,2,21,{25},{1},{9},False,,12
25_PA1,,Solano ID (North),,2,21,{25},{1},{9},False,,12
25_PA2,,Maine Prarie WD,,2,21,{25},{1},{9},False,,12
25_PU,,City of Vacaville,,2,21,{25},{1},{9},False,,12
26N_NA,,Non-District,,2,21,{11},{1},{9},False,,12
26N_NU1,,"Sacramento Suburban WD (Northridge, North Highlands) Cal. Am. WC (Antelope, Lincoln Oaks) Rio Linda Elverta CWD (Rio Linda, Elverta)",,2,21,{25},{1},{9},False,,12
26N_NU2,,Carmichael WD,,2,21,{25},{1},{9},False,,12
26N_NU3,,City of Sacramento North of River,,2,21,{25},{1},{9},False,,12
26N_NU4,,Sacramento Suburban WD (Aracde),,2,21,{25},{1},{9},False,,12
26N_NU5,,"Golden State WC, Sacramento County WA Zone 41, Del Paso Manor WD, Cal. Am WC",,2,21,{25},{1},{9},False,,12
26N_PU1,,City of Roseville,,2,21,{25},{1},{9},False,,12
26N_PU2,,San Juan WD,,2,21,{25},{1},{9},False,,12
"26N_PU3,",,"Orange Vale WC, Citrus Heights WD, Fair Oaks WD",,2,,{},{1},{9},False,,12
26S_NA,,Non-District,,2,21,{11},{1},{9},False,,12
26S_NU1,,City of Sacramento South of River,,2,21,{25},{1},{9},False,,12
26S_NU2,,"Cal. Am. WC (Parkway, Rosemont), Sacramento County WA Zone 41",,2,21,{25},{1},{9},False,,12
26S_NU3,,"Florin County WD, Elk Grove WSC",,2,21,{25},{1},{9},False,,12
26S_NU4,,Aerojet/Boeing GW Remediation Program,,2,21,{25},{1},{9},False,,12
26S_PU1,,"City of Folsom, Folsom State Prison",,2,21,{25},{1},{9},False,,12
26S_PU2,,Golden State WC,,2,21,{25},{1},{9},False,,12
26S_PU3,,California Parks and Recreation,,2,21,{25},{1},{9},False,,12
26S_PU4,,"Sacramento County WA Zone 41 (Laguna, Franklin)",,2,21,{25},{1},{9},False,,12
26S_PU5,,Elk Grove WSC (East Elk Grove),,2,21,{25},{1},{9},False,,12
26S_PU6,,"Cal. Am. WC, Sacramento County WA Zone 41 (Vineyard, Sunrise Douglas, Mather, Sunrise, Rio Del Oro, Security Park, Grantline 99, Tokay Park)",,2,21,{25},{1},{9},False,,12
3Bs FRS,,,,2,,{},{1},{9},False,,12
50_PA1,,Banta Carbona ID Westside ID,,2,21,{25},{1},{9},False,,12
50_PA2,,Byron Bethany ID,,2,21,{25},{1},{9},False,,12
50_PU,,City of Tracy Mountain House CSD,,2,21,{25},{1},{9},False,,12
60N_NA1,,Jackson Valley ID,,2,21,{25},{1},{9},False,,12
60N_NA2,,"Omochumne- Hartnell  WD Galt ID, Clay WD",,2,21,{25},{1},{9},False,,12
60N_NA3,,North San Joaquin WCD,,2,21,{25},{1},{9},False,,12
60N_NA4,,Woodbridge ID Woodbridge Users Association,,2,21,{25},{1},{9},False,,12
60N_NA5,,Non-District,,2,21,{25},{1},{9},False,,12
60N_NU1,,Cities of Galt and Lodi small communities,,2,21,{25},{1},{9},False,,12
60N_NU2,,Rancho Murieta,,2,21,{25},{1},{9},False,,12
60N_PU,,SMUD Rancho Seco Power Plant,,2,21,{25},{1},{9},False,,12
60S_NA1,,Non-District East,,2,21,{25},{1},{9},False,,12
60S_NA2,,Non-District West,,2,21,{25},{1},{9},False,,12
60S_NU1,,City of Stockton,,2,21,{25},{1},{9},False,,12
60S_NU2,,Small Communities,,2,21,{25},{1},{9},False,,12
60S_PA1,,Stockton East WD,,2,21,{25},{1},{9},False,,12
60S_PA2,,Central San Joaquin WCD,,2,21,{25},{1},{9},False,,12
61_NA1,,Non-District East,,2,21,{25},{1},{9},False,,12
61_NA2,,Modesto ID,,2,21,{25},{1},{9},False,,12
61_NA3,,Tuolumne River Riparian,,2,21,{25},{1},{9},False,,12
61_NA4,,Stanislaus Riparian,,2,21,{25},{1},{9},False,,12
61_NA5,,San Joaquin River Riparian,,2,21,{25},{1},{9},False,,12
61_NA6,,Non-District,,2,21,{25},{1},{9},False,,12
61_NU1,,City of Modesto,,2,21,{25},{1},{9},False,,12
61_NU2,,"Cities of Lathrop, Manteca and Escalon",,2,21,{25},{1},{9},False,,12
61_NU3,,"Cities of Oakdale, Ripon and Riverbank small communities",,2,21,{25},{1},{9},False,,12
61_PA1,,Oakdale ID North,,2,21,{25},{1},{9},False,,12
61_PA2,,Oakdale ID South,,2,21,{25},{1},{9},False,,12
61_PA3,,South San Joaquin ID,,2,21,{25},{1},{9},False,,12
62_NA1,,Non-District East,,2,21,{25},{1},{9},False,,12
62_NA2,,Merced Riparian,,2,21,{25},{1},{9},False,,12
62_NA3,,Turlock ID,,2,21,{25},{1},{9},False,,12
62_NA4,,Tuolumne River Riparian,,2,21,{25},{1},{9},False,,12
62_NA5,,San Joaquin River Riparian,,2,21,{25},{1},{9},False,,12
62_NA6,,Merced ID North,,2,21,{25},{1},{9},False,,12
62_NU,,"Cities of Turlock, Ceres, Dehli, Hilmar, Hughson, Keyes and Denair small communities",,2,21,{25},{1},{9},False,,12
63_NA1,,Non-District East,,2,21,{25},{1},{9},False,,12
63_NA2,,Merced Riparian,,2,21,{25},{1},{9},False,,12
63_NA3,,Merced ID South,,2,21,{25},{1},{9},False,,12
63_NA4,,"Plainsburg ID, La Grande-Athlone, Turner Island WD, Stevinson WD, Non-District, Merced Riparian",,2,21,{25},{1},{9},False,,12
63_NA5,,El Nido ID,,2,21,{25},{1},{9},False,,12
63_NU,,"Cities of Merced, Atwater, Livingston, Winton, Planada and LeGrand small communities",,2,21,{25},{1},{9},False,,12
63_PR1,,Arena Plains Unit of Merced NWR,,2,21,{25},{1},{9},False,,12
63_PR2,,Merced and Lone Tree units of Merced NWR,,2,21,{25},{1},{9},False,,12
63_PR3,,East Bear Unit of San Luis NWR,,2,21,{25},{1},{9},False,,12
64_NA1,,Non-District,,2,21,{25},{1},{9},False,,12
64_NA2,,Non-District West,,2,21,{25},{1},{9},False,,12
64_NU,,"Cities of Madera, Chowchilla, Madera Acres, and State Prisons small communities",,2,21,{25},{1},{9},False,,12
64_PA1,,Madera ID Madera WD,,2,21,{25},{1},{9},False,,12
64_PA2,,Chowchilla WD,,2,21,{25},{1},{9},False,,12
64_PA3,,Gravelly Ford WD Root Creek WD,,2,21,{25},{1},{9},False,,12
64_XA,,Columbia Canal Company,,2,21,{11},{1},{9},False,,12
71_NA1,,Twin Oaks IC,,2,21,{25},{1},{9},False,,12
71_NA2,,"El Solyo WD, NBINV AP6 LLC",,2,21,{25},{1},{9},False,,12
71_NA3,,Non-District,,2,21,{25},{1},{9},False,,12
71_NU,,City of Patterson Small Communities,,2,21,{25},{1},{9},False,,12
71_PA1,,Hospital WD,,2,21,{25},{1},{9},False,,12
71_PA2,,West Stanislaus ID,,2,21,{25},{1},{9},False,,12
71_PA3,,Kern Canon WD,,2,21,{25},{1},{9},False,,12
71_PA4,,Patterson ID,,2,21,{25},{1},{9},False,,12
71_PA5,,"Del Puerto WD, Salado W Orestimba WD, Sunflower WD",,2,21,{25},{1},{9},False,,12
71_PA6,,"Davis WD, Foothill WD, Mustang WD, Quinto WD, Romero WD, Centinella WD",,2,21,{25},{1},{9},False,,12
71_PA7,,Oak Flat,,2,21,{25},{1},{9},False,,12
71_PA8,,Byron-Bethany ID (part that was formerly Plainview ID),,2,21,{25},{1},{9},False,,12
71_PU1,,Musco Olive Products,,2,21,{25},{1},{9},False,,12
71_PU2,,VA Cemetary,,2,21,{25},{1},{9},False,,12
72_NA1,,Souza & Sons,,2,21,{25},{1},{9},False,,12
72_NA2,,,,2,21,{25},{1},{9},False,,12
72_NU,,"Gustine, Firebaugh Los Banos, Newman small communities",,2,21,{25},{1},{9},False,,12
72_PA,,Laguna WD,,2,21,{11},{1},{9},False,,12
72_PR1,,Volta WA,,2,21,{25},{1},{9},False,,12
72_PR2,,Kesterson NWR Freitas and Blue Goose units of San Luis NWR,,2,21,{25},{1},{9},False,,12
72_PR3,,West Bear Creek and San Luis units of San Luis NWR,,2,21,{25},{1},{9},False,,12
72_PR4,,"Los Banos WA Salt Slough, China Island and Gadwall units of North Grassland WA",,2,21,{25},{1},{9},False,,12
72_PR5,,Grassland WD North,,2,21,{25},{1},{9},False,,12
72_PR6,,Grassland WD (South),,2,21,{25},{1},{9},False,,12
72_PU,,City of Los Banos,,2,21,{25},{1},{9},False,,12
72_XA1 San Luis Canal Company,,,,2,,{},{1},{9},False,3,12
72_XA2,,Central California  ID (South),,2,21,{25},{1},{9},False,,12
72_XA3,,Central California  ID (North),,2,21,{25},{1},{9},False,,12
73_NA,,,,2,21,{11},{1},{9},False,,12
73_NU,,Small Communities,,2,21,{25},{1},{9},False,,12
73_PA1,,San Luis WD (N),,2,21,{25},{1},{9},False,,12
73_PA2,,"Eagle Field WD, Mercy Springs WD, Oro Loma WD",,2,21,{25},{1},{9},False,,12
73_PA3,,"San Luis WD (S), Pacheco WD, Panoche WD",,2,21,{25},{1},{9},False,,12
73_XA,,Firebaugh Canal Company,,2,21,{11},{1},{9},False,,12
90_PA1,,Westlands WD Priority I,,2,21,{25},{1},{9},False,,12
90_PA2,,Westlands WD Priority II,,2,21,{25},{1},{9},False,,12
90_PU,,"Avenal, Coalinga, Huron",,2,21,{25},{1},{9},False,,12
91_PA,,"Coelho Family Trust, Fresno Slough WD, James ID, RD 1606, Tranquility ID, Tranquility PUD",,2,21,{11},{1},{9},False,,12
91_PR,,Mendota WA,,2,21,{20},{1},{9},False,,12
A.D Edmonson,,Pumping Plant,,2,,{},{1},{9},False,,12
ABN000,,,,2,18,{24},{1},{9},False,,12
ABN006,,,,2,18,{24},{1},{9},False,,12
ABN010,,,,2,18,{24},{1},{9},False,,12
ABN014,,,,2,18,{24},{1},{9},False,,12
ABN024,,,,2,18,{24},{1},{9},False,,12
ABN026,,,,2,18,{24},{1},{9},False,,12
ABN027,,,,2,18,{24},{1},{9},False,,12
ABT002,,,,2,18,{24},{1},{9},False,,12
ALD001,,,,2,18,{24},{1},{9},False,,12
ALD002,,,,2,18,{24},{1},{9},False,,12
ALD004,,,,2,18,{24},{1},{9},False,,12
ALMNR,,,,2,,{},{1},{9},False,,12
ALOHA,,,,2,,{},{1},{9},False,,12
ALPNE,,,,2,,{},{1},{9},False,,12
AMADR,,,,2,,{},{1},{9},False,,12
AMADR_NU,,,,2,,{},{1},{9},False,,12
AMR004,,,,2,18,{24},{1},{9},False,1,12
AMR006,,,,2,18,{24},{1},{9},False,1,12
AMR007,,,,2,18,{24},{1},{9},False,1,12
AMR009,,,,2,18,{24},{1},{9},False,1,12
AMR015,,,,2,18,{24},{1},{9},False,1,12
AMR017,,,,2,18,{24},{1},{9},False,1,12
AMR020,,,,2,18,{24},{1},{9},False,1,12
AMR022,,,,2,18,{24},{1},{9},False,1,12
ANC000,,,,2,18,{24},{1},{9},False,,12
ANG010,,,,2,18,{24},{1},{9},False,,12
ANG014,,,,2,18,{24},{1},{9},False,,12
ANG015,,,,2,18,{24},{1},{9},False,,12
ANG017,,,,2,18,{24},{1},{9},False,,12
ANGLS,,,,2,,{},{1},{9},False,,12
ANT010,,,,2,18,{24},{1},{9},False,,12
ANT011,,,,2,18,{24},{1},{9},False,,12
ANTLP,,,,2,,{},{1},{9},False,,12
ARY010,,,,2,18,{24},{1},{9},False,,12
ASL013,,,,2,18,{24},{1},{9},False,,12
AWWWTP,,,,2,20,{25},{1},{9},False,,12
Accretions to Hendricks Canal,,and discharges to Long Ravine not modeled in CalSim 3.0,,2,,{},{1},{9},False,,12
Adams and Gorrill Dams (Diversion #60 & 61),,,,2,,{},{1},{9},False,,12
Alameda County FCWCD,,Zone 7,,2,,{},{1},{9},False,,12
Alameda County WD,,,,2,,{},{1},{9},False,,12
Alamo Power Plant,,,,2,,{},{1},{9},False,,12
Alder Creek,,,,2,,{},{1},{9},False,,12
Alder Creek local inflow,,,,2,,{},{1},{9},False,,12
All inflow assumed to,,percolate to groundwater,,2,,{},{1},{9},False,,12
All inflow assumed to percolate,,to groundwater,,2,,{},{1},{9},False,,12
Amador Canal/Amador Water System,,,,2,,{},{1},{9},False,,12
America River Pump Station (PCWA),,,,2,,{},{1},{9},False,2,12
Angels Canal,,,,2,,{},{1},{9},False,,12
Angels Creek,,,,2,,{},{1},{9},False,,12
Angels Diversion  Dam,,,,2,,{},{1},{9},False,,12
Antelope Creek,,,,2,,{},{1},{9},False,,12
Antelope Valley - East Kern WA,,(Reach 19-19C-20A-20B-21-22A),,2,,{},{1},{9},False,,12
Ash Slough,,,,2,,{},{1},{9},False,5,12
Atwater Canal,,,,2,,{},{1},{9},False,,12
BANOS,,,,2,,{},{1},{9},False,,12
BASSL,,,,2,,{},{1},{9},False,,12
BCB001,,,,2,18,{24},{1},{9},False,,12
BCC004,,,,2,18,{24},{1},{9},False,,12
BCC006,,,,2,18,{24},{1},{9},False,,12
BCC012,,,,2,18,{24},{1},{9},False,,12
BCC014,,,,2,18,{24},{1},{9},False,,12
BCK006,,,,2,18,{24},{1},{9},False,,12
BCK010,,,,2,18,{24},{1},{9},False,,12
BCK017,,,,2,18,{24},{1},{9},False,,12
BCK024,,,,2,18,{24},{1},{9},False,,12
BCK027,,,,2,18,{24},{1},{9},False,,12
BCK031,,,,2,18,{24},{1},{9},False,,12
BCK033,,,,2,18,{24},{1},{9},False,,12
BCK035,,,,2,18,{24},{1},{9},False,,12
BCK040,,,,2,18,{24},{1},{9},False,,12
BCM003,,,,2,18,{24},{1},{9},False,,12
BCN005,,,,2,18,{24},{1},{9},False,,12
BCN010,,,,2,18,{24},{1},{9},False,,12
BCPH2A,,,,2,,{},{1},{9},False,,12
BCT001,,,,2,18,{24},{1},{9},False,,12
BEARD,,,,2,,{},{1},{9},False,,12
BEC000,,,,2,18,{24},{1},{9},False,,12
BEC021,,,,2,18,{24},{1},{9},False,,12
BEC022,,,,2,18,{24},{1},{9},False,,12
BEC024,,,,2,18,{24},{1},{9},False,,12
BGC001,,,,2,18,{24},{1},{9},False,,12
BGC002,,,,2,18,{24},{1},{9},False,,12
BGC003,,,,2,18,{24},{1},{9},False,,12
BGC004,,,,2,18,{24},{1},{9},False,,12
BGC008,,,,2,18,{24},{1},{9},False,,12
BGC011,,,,2,18,{24},{1},{9},False,,12
BGCD4,,,,2,,{},{1},{9},False,,12
BGCD5,,,,2,,{},{1},{9},False,,12
BGCD6,,,,2,,{},{1},{9},False,,12
BGD000,,,,2,18,{24},{1},{9},False,,12
BKR004,,,,2,18,{24},{1},{9},False,,12
BLKBT,,,,2,,{},{1},{9},False,,12
BLSMM,,,,2,,{},{1},{9},False,,12
BLT000,,,,2,18,{24},{1},{9},False,,12
BLUMD,,,,2,,{},{1},{9},False,,12
BOC001,,,,2,18,{24},{1},{9},False,,12
BOC002,,,,2,18,{24},{1},{9},False,,12
BOWMN,,,,2,,{},{1},{9},False,,12
BP1003,,,,2,,{},{1},{9},False,,12
BP2001,,,,2,,{},{1},{9},False,,12
BP2004,,,,2,,{},{1},{9},False,,12
BP3005,,,,2,,{},{1},{9},False,,12
BP8001,,,,2,,{},{1},{9},False,,12
BPA003,,,,2,18,{24},{1},{9},False,,12
BRC000,,,,2,18,{24},{1},{9},False,,12
BRC001,,,,2,18,{24},{1},{9},False,,12
BRC002,,,,2,18,{24},{1},{9},False,,12
BRC003,,,,2,18,{24},{1},{9},False,,12
BRR004,,,,2,18,{24},{1},{9},False,,12
BRR011,,,,2,18,{24},{1},{9},False,,12
BRR017,,,,2,18,{24},{1},{9},False,,12
BRR023,,,,2,18,{24},{1},{9},False,,12
BRR028,,,,2,18,{24},{1},{9},False,,12
BRR031,,,,2,18,{24},{1},{9},False,,12
BRR049,,,,2,18,{24},{1},{9},False,,12
BRR050,,,,2,18,{24},{1},{9},False,,12
BRR060,,,,2,18,{24},{1},{9},False,,12
BRR061,,,,2,18,{24},{1},{9},False,,12
BRR066,,,,2,18,{24},{1},{9},False,,12
BRR067,,,,2,18,{24},{1},{9},False,,12
BRR072,,,,2,18,{24},{1},{9},False,,12
BRR073,,,,2,18,{24},{1},{9},False,,12
BRR074,,,,2,18,{24},{1},{9},False,,12
BRS018,,,,2,18,{24},{1},{9},False,,12
BRT003,,,,2,18,{24},{1},{9},False,,12
BRV002,,,,2,18,{24},{1},{9},False,,12
BRV003,,,,2,18,{24},{1},{9},False,,12
BRV005,,,,2,18,{24},{1},{9},False,,12
BRYSA,,,,2,,{},{1},{9},False,,12
BSC000,,,,2,18,{24},{1},{9},False,,12
BSC005,,,,2,18,{24},{1},{9},False,,12
BSC009,,,,2,18,{24},{1},{9},False,,12
BSC010,,,,2,18,{24},{1},{9},False,,12
BSC011,,,,2,18,{24},{1},{9},False,,12
BSH002,,,,2,18,{24},{1},{9},False,,12
BSH003,,,,2,18,{24},{1},{9},False,,12
BSL000,,,,2,18,{24},{1},{9},False,,12
BSL001,,,,2,18,{24},{1},{9},False,,12
BSL004,,,,2,18,{24},{1},{9},False,,12
BSM001,,,,2,18,{24},{1},{9},False,,12
BTC003,,,,2,18,{24},{1},{9},False,,12
BTC007,,,,2,18,{24},{1},{9},False,,12
BTC012,,,,2,18,{24},{1},{9},False,,12
BTC015,,,,2,18,{24},{1},{9},False,,12
BTC016,,,,2,18,{24},{1},{9},False,,12
BTC017,,,,2,18,{24},{1},{9},False,,12
BTC018,,,,2,18,{24},{1},{9},False,,12
BTC024,,,,2,18,{24},{1},{9},False,,12
BTC029,,,,2,18,{24},{1},{9},False,,12
BTC032,,,,2,18,{24},{1},{9},False,,12
BTC036,,,,2,18,{24},{1},{9},False,,12
BTC041,,,,2,18,{24},{1},{9},False,,12
BTC043,,,,2,18,{24},{1},{9},False,,12
BTC045,,,,2,18,{24},{1},{9},False,,12
BTC048,,,,2,18,{24},{1},{9},False,,12
BTC060,,,,2,18,{24},{1},{9},False,,12
BTL006,,,,2,18,{24},{1},{9},False,,12
BTN007,,,,2,18,{24},{1},{9},False,,12
BTT007,,,,2,18,{24},{1},{9},False,,12
BTVLY,,,,2,,{},{1},{9},False,,12
BUCKS,,,,2,,{},{1},{9},False,,12
BUK007,,,,2,18,{24},{1},{9},False,,12
BUR005,,,,2,18,{24},{1},{9},False,,12
BVC007,,,,2,18,{24},{1},{9},False,,12
BVID diversion from North Yuba River/Colgate Tunnel,,into Upper Main Canal discontinued in 1990,,2,,{},{1},{9},False,,12
BVT000,,,,2,18,{24},{1},{9},False,,12
BVT003,,,,2,18,{24},{1},{9},False,,12
Badger Hill PP,,,,2,,{},{1},{9},False,,12
Balls Ferry,,,,2,,{},{1},{9},False,,12
Balsam Creek,,,,2,,{},{1},{9},False,,12
Bangor Canal,,,,2,,{},{1},{9},False,,12
Banks Pumping Plant,,,,2,,{},{1},{9},False,,12
Barker Slough Pumping Plant,,,,2,,{},{1},{9},False,5,12
Bass Lake,,,,2,,{},{1},{9},False,,12
Battle Creek,,,,2,,{},{1},{9},False,,12
Bear Creek,,,,2,,{},{1},{9},False,,12
Bear Creek (BCN),,,,2,,{},{1},{9},False,,12
Bear Creek (BRC),,,,2,,{},{1},{9},False,,12
Bear River Diversion,,,,2,,{},{1},{9},False,,12
Bear River Diversion Dam,,,,2,,{},{1},{9},False,,12
Bear River Tunnel,,,,2,,{},{1},{9},False,,12
Beardsley Afterbay Dam,,,,2,,{},{1},{9},False,,12
Beaver  Creek,,,,2,,{},{1},{9},False,,12
Belden Reservoir,,,,2,,{},{1},{9},False,,12
Belden Tunnel,,,,2,,{},{1},{9},False,,12
Bellota Weir,,,,2,,{},{1},{9},False,,12
Berenda Mesa R-31A,,,,2,,{},{1},{9},False,,12
Berenda Mesa WD,,"(KCWA R-9, 10A, 11B 12D, 12E, 13B)",,2,,{},{1},{9},False,,12
Berenda Slough,,,,2,,{},{1},{9},False,5,12
Big Chico Creek,,,,2,,{},{1},{9},False,,12
Big Creek Inflow to Huntington Reservoir,,,,2,,{},{1},{9},False,,12
Black Butte,,Local Inflow,,2,,{},{1},{9},False,,12
Bosillo Creek,,,,2,,{},{1},{9},False,,12
Bowman Canal,,,,2,,{},{1},{9},False,,12
Bowman Feeder,,,,2,,{},{1},{9},False,,12
Bowman-Spaulding,,Canal,,2,,{},{1},{9},False,,12
Brush Creek,,,,2,,{},{1},{9},False,,12
Brush Creek Reservoir,,,,2,,{},{1},{9},False,,12
Buck Island Lake,,,,2,,{},{1},{9},False,,12
Burns Creek,,,,2,,{},{1},{9},False,,12
Butte Creek,,,,2,,{},{1},{9},False,,12
C1,,,,2,,{},{1},{9},False,,12
C10,,,,2,,{},{1},{9},False,,12
C100,,,,2,,{},{1},{9},False,,12
C11,,,,2,,{},{1},{9},False,,12
C110,,,,2,,{},{1},{9},False,,12
C112,,,,2,,{},{1},{9},False,,12
C118,,,,2,,{},{1},{9},False,,12
C12,,,,2,,{},{1},{9},False,,12
C129,,,,2,,{},{1},{9},False,,12
C134,,,,2,,{},{1},{9},False,,12
C136B,,,,2,,{},{1},{9},False,,12
C137,,,,2,,{},{1},{9},False,,12
C142A,,,,2,,{},{1},{9},False,,12
C157,,,,2,,{},{1},{9},False,,12
C160,,,,2,,{},{1},{9},False,,12
C18,,,,2,,{},{1},{9},False,,12
C184A,,,,2,,{},{1},{9},False,,12
C184B,,,,2,,{},{1},{9},False,,12
C20,,,,2,,{},{1},{9},False,,12
C200A,,,,2,,{},{1},{9},False,,12
C200B,,,,2,,{},{1},{9},False,,12
C202,,,,2,,{},{1},{9},False,,12
C203,,,,2,,{},{1},{9},False,,12
C216A,,,,2,,{},{1},{9},False,,12
C216B,,,,2,,{},{1},{9},False,,12
C217A,,,,2,,{},{1},{9},False,,12
C220A,,,,2,,{},{1},{9},False,,12
C221,,,,2,,{},{1},{9},False,,12
C223,,,,2,,{},{1},{9},False,,12
C230,,,,2,,{},{1},{9},False,,12
C282,,,,2,,{},{1},{9},False,,12
C283,,,,2,,{},{1},{9},False,,12
C3,,,,2,,{},{1},{9},False,,12
C300,,,,2,,{},{1},{9},False,,12
C303,,,,2,,{},{1},{9},False,,12
C4,,,,2,,{},{1},{9},False,,12
C400,,,,2,,{},{1},{9},False,,12
C407,,,,2,,{},{1},{9},False,,12
C5,,,,2,,{},{1},{9},False,,12
C501,,,,2,,{},{1},{9},False,,12
C502,,,,2,,{},{1},{9},False,,12
C503,,,,2,,{},{1},{9},False,,12
C504,,,,2,,{},{1},{9},False,,12
C508,,,,2,,{},{1},{9},False,,12
C52,,,,2,,{},{1},{9},False,,12
C520,,,,2,,{},{1},{9},False,,12
C53,,,,2,,{},{1},{9},False,,12
C561,,,,2,,{},{1},{9},False,,12
C562,,,,2,,{},{1},{9},False,,12
C564,,,,2,,{},{1},{9},False,,12
C566,,,,2,,{},{1},{9},False,,12
C582,,,,2,,{},{1},{9},False,,12
C587A,,,,2,,{},{1},{9},False,,12
C588,,,,2,,{},{1},{9},False,,12
C590,,,,2,,{},{1},{9},False,,12
C595,,,,2,,{},{1},{9},False,,12
C6,,,,2,,{},{1},{9},False,,12
C603,,,,2,,{},{1},{9},False,,12
C605A,,,,2,,{},{1},{9},False,,12
C605B,,,,2,,{},{1},{9},False,,12
C605C,,,,2,,{},{1},{9},False,,12
C607,,,,2,,{},{1},{9},False,,12
C608,,,,2,,{},{1},{9},False,,12
C609A,,,,2,,{},{1},{9},False,,12
C609B,,,,2,,{},{1},{9},False,,12
C610,,,,2,,{},{1},{9},False,,12
C61002,,,,2,,{},{1},{9},False,,12
C62001,,,,2,,{},{1},{9},False,,12
C639,,,,2,,{},{1},{9},False,,12
C7,,,,2,,{},{1},{9},False,,12
C700A,,,,2,,{},{1},{9},False,,12
C702,,,,2,,{},{1},{9},False,,12
C705,,,,2,,{},{1},{9},False,,12
C708,,,,2,,{},{1},{9},False,,12
C76,,,,2,,{},{1},{9},False,,12
C8,,,,2,,{},{1},{9},False,,12
C803,,,,2,,{},{1},{9},False,,12
C806,,,,2,,{},{1},{9},False,,12
C81,,,,2,,{},{1},{9},False,,12
C824,,,,2,,{},{1},{9},False,,12
C826,,,,2,,{},{1},{9},False,,12
C827,,,,2,,{},{1},{9},False,,12
C828,,,,2,,{},{1},{9},False,,12
C830,,,,2,,{},{1},{9},False,,12
C834,,,,2,,{},{1},{9},False,,12
C9,,,,2,,{},{1},{9},False,,12
C90,,,,2,,{},{1},{9},False,,12
C91,,,,2,,{},{1},{9},False,,12
CA-DMC Intertie,,,,2,,{},{1},{9},False,,12
CAA000,,,,2,18,{24},{1},{9},False,,12
CAA002,,,,2,18,{24},{1},{9},False,,12
CAA003,,,,2,18,{24},{1},{9},False,,12
CAA005,,,,2,18,{24},{1},{9},False,,12
CAA006,,,,2,18,{24},{1},{9},False,,12
CAA009,,,,2,18,{24},{1},{9},False,,12
CAA012,,,,2,18,{24},{1},{9},False,,12
CAA024,,,,2,18,{24},{1},{9},False,,12
CAA046,,,,2,18,{24},{1},{9},False,,12
CAA051,,,,2,18,{24},{1},{9},False,,12
CAA066,,,,2,18,{24},{1},{9},False,,12
CAA067,,,,2,18,{24},{1},{9},False,,12
CAA069,,,,2,18,{24},{1},{9},False,,12
CAA071,,,,2,18,{24},{1},{9},False,,12
CAA087,,,,2,18,{24},{1},{9},False,,12
CAA095,,,,2,18,{24},{1},{9},False,,12
CAA109,,,,2,18,{24},{1},{9},False,,12
CAA143,,,,2,18,{24},{1},{9},False,,12
CAA155,,,,2,18,{24},{1},{9},False,,12
CAA156,,,,2,18,{24},{1},{9},False,,12
CAA165,,,,2,18,{24},{1},{9},False,,12
CAA172,,,,2,18,{24},{1},{9},False,,12
CAA173,,,,2,18,{24},{1},{9},False,,12
CAA181,,,,2,18,{24},{1},{9},False,,12
CAA183,,,,2,18,{24},{1},{9},False,,12
CAA184,,,,2,18,{24},{1},{9},False,,12
CAA185,,,,2,18,{24},{1},{9},False,,12
CAA194,,,,2,18,{24},{1},{9},False,,12
CAA207,,,,2,18,{24},{1},{9},False,,12
CAA210,,,,2,18,{24},{1},{9},False,,12
CAA220,,,,2,18,{24},{1},{9},False,,12
CAA238,,,,2,18,{24},{1},{9},False,,12
CAA239,,,,2,18,{24},{1},{9},False,,12
CAA240,,,,2,18,{24},{1},{9},False,,12
CAA241,,,,2,18,{24},{1},{9},False,,12
CAA242,,,,2,18,{24},{1},{9},False,,12
CAA245,,,,2,18,{24},{1},{9},False,,12
CAA262,,,,2,18,{24},{1},{9},False,,12
CAA278,,,,2,18,{24},{1},{9},False,,12
CAA279,,,,2,18,{24},{1},{9},False,,12
CAA280,,,,2,18,{24},{1},{9},False,,12
CAA293,,,,2,18,{24},{1},{9},False,,12
CAA304,,,,2,18,{24},{1},{9},False,,12
CAA305,,,,2,18,{24},{1},{9},False,,12
CACWD,,,,2,,{},{1},{9},False,1,12
CAP000,,,,2,18,{24},{1},{9},False,,12
CAPLS,,,,2,,{},{1},{9},False,,12
CBC000,,,,2,18,{24},{1},{9},False,,12
CBC001,,,,2,18,{24},{1},{9},False,,12
CBD000,,,,2,18,{24},{1},{9},False,,12
CBD001,,,,2,18,{24},{1},{9},False,,12
CBD005,,,,2,18,{24},{1},{9},False,,12
CBD012,,,,2,18,{24},{1},{9},False,,12
CBD018,,,,2,18,{24},{1},{9},False,,12
CBD023,,,,2,18,{24},{1},{9},False,,12
CBD028,,,,2,18,{24},{1},{9},False,,12
CBD031,,,,2,18,{24},{1},{9},False,,12
CBD037,,,,2,18,{24},{1},{9},False,,12
CBD038,,,,2,18,{24},{1},{9},False,,12
CBD041,,,,2,18,{24},{1},{9},False,,12
CBD044,,,,2,18,{24},{1},{9},False,,12
CBD049,,,,2,18,{24},{1},{9},False,,12
CCC004,,,,2,18,{24},{1},{9},False,,12
CCC007,,,,2,18,{24},{1},{9},False,,12
CCC019,,,,2,18,{24},{1},{9},False,,12
CCH003,,,,2,18,{24},{1},{9},False,,12
CCH006,,,,2,18,{24},{1},{9},False,,12
CCH012,,,,2,18,{24},{1},{9},False,,12
CCH017,,,,2,18,{24},{1},{9},False,,12
CCH023,,,,2,18,{24},{1},{9},False,,12
CCH030,,,,2,18,{24},{1},{9},False,,12
CCH032,,,,2,18,{24},{1},{9},False,,12
CCH052,,,,2,18,{24},{1},{9},False,,12
CCH053,,,,2,18,{24},{1},{9},False,,12
CCH058,,,,2,18,{24},{1},{9},False,,12
CCH075,,,,2,18,{24},{1},{9},False,,12
CCH083,,,,2,18,{24},{1},{9},False,,12
CCK007,,,,2,18,{24},{1},{9},False,,12
CCK022,,,,2,18,{24},{1},{9},False,,12
CCK036,,,,2,18,{24},{1},{9},False,,12
CCK038,,,,2,18,{24},{1},{9},False,,12
CCL005,,,,2,18,{24},{1},{9},False,,12
CCS009,,,,2,18,{24},{1},{9},False,,12
CCS010,,,,2,18,{24},{1},{9},False,,12
CCT011,,,,2,18,{24},{1},{9},False,,12
CCWD Diversion,,,,2,,{},{1},{9},False,1,12
CCWWTP,,,,2,20,{25},{1},{9},False,,12
CFS001,,,,2,18,{24},{1},{9},False,,12
CGT005,,,,2,18,{24},{1},{9},False,,12
CGT006,,,,2,18,{24},{1},{9},False,,12
CHC000,,,,2,18,{24},{1},{9},False,,12
CHCGO,,,,2,,{},{1},{9},False,,12
CHIPPS,,,,2,15,{25},{1},{9},False,,12
CHW006,,,,2,18,{24},{1},{9},False,,12
CHW011,,,,2,18,{24},{1},{9},False,,12
CHW017,,,,2,18,{24},{1},{9},False,,12
CHW021,,,,2,18,{24},{1},{9},False,,12
CHW024,,,,2,18,{24},{1},{9},False,,12
CHW028,,,,2,18,{24},{1},{9},False,,12
CHW031,,,,2,18,{24},{1},{9},False,,12
CHW037,,,,2,18,{24},{1},{9},False,,12
CHWWTP,,,,2,20,{25},{1},{9},False,,12
CHY000,,,,2,18,{24},{1},{9},False,,12
CHY001,,,,2,18,{24},{1},{9},False,,12
CHY006,,,,2,18,{24},{1},{9},False,,12
CHY007,,,,2,18,{24},{1},{9},False,,12
CHY011,,,,2,18,{24},{1},{9},False,,12
CLR009,,,,2,18,{24},{1},{9},False,1,12
CLR011,,,,2,18,{24},{1},{9},False,1,12
CLR025,,,,2,18,{24},{1},{9},False,1,12
CLRLK,,,,2,,{},{1},{9},False,1,12
CLV004,,,,2,18,{24},{1},{9},False,,12
CLV006,,,,2,18,{24},{1},{9},False,,12
CLV009,,,,2,18,{24},{1},{9},False,,12
CLV010,,,,2,18,{24},{1},{9},False,,12
CLV016,,,,2,18,{24},{1},{9},False,,12
CLV023,,,,2,18,{24},{1},{9},False,,12
CLV026,,,,2,18,{24},{1},{9},False,,12
CLV028,,,,2,18,{24},{1},{9},False,,12
CLV035,,,,2,18,{24},{1},{9},False,,12
CLV037,,,,2,18,{24},{1},{9},False,,12
CLV043,,,,2,18,{24},{1},{9},False,,12
CLV044,,,,2,18,{24},{1},{9},False,,12
CMBIE,,,,2,,{},{1},{9},False,,12
CMCHE,,,,2,,{},{1},{9},False,,12
CMN005,,,,2,18,{24},{1},{9},False,,12
CMN006,,,,2,18,{24},{1},{9},False,,12
CMP001,,,,2,18,{24},{1},{9},False,,12
CMP005,,,,2,18,{24},{1},{9},False,,12
CMP014,,,,2,18,{24},{1},{9},False,,12
CMPFW,,,,2,,{},{1},{9},False,,12
CMT000,,,,2,18,{24},{1},{9},False,,12
COL001,,,,2,18,{24},{1},{9},False,,12
COL002,,,,2,18,{24},{1},{9},False,,12
COL003,,,,2,18,{24},{1},{9},False,,12
COT033,,,,2,18,{24},{1},{9},False,,12
COW003,,,,2,18,{24},{1},{9},False,1,12
COW007,,,,2,18,{24},{1},{9},False,1,12
COW014,,,,2,18,{24},{1},{9},False,1,12
CPC008,,,,2,18,{24},{1},{9},False,,12
CPF001,,,,2,18,{24},{1},{9},False,,12
CPT012,,,,2,18,{24},{1},{9},False,,12
CPUD Diversion,,,,2,,{},{1},{9},False,,12
CQC000,,,,2,18,{24},{1},{9},False,,12
CQC001,,,,2,18,{24},{1},{9},False,,12
CRB002,,,,2,18,{24},{1},{9},False,,12
CRC002,,,,2,18,{24},{1},{9},False,,12
CRK005,,,,2,18,{24},{1},{9},False,,12
CRRLN,,,,2,,{},{1},{9},False,,12
CSB001,,,,2,18,{24},{1},{9},False,,12
CSB004,,,,2,18,{24},{1},{9},False,,12
CSB009,,,,2,18,{24},{1},{9},False,,12
CSB015,,,,2,18,{24},{1},{9},False,,12
CSB038,,,,2,18,{24},{1},{9},False,,12
CSB103,,,,2,18,{24},{1},{9},False,,12
CSD014,,,,2,18,{24},{1},{9},False,,12
CSL004,,,,2,18,{24},{1},{9},False,,12
CSL005,,,,2,18,{24},{1},{9},False,,12
CSM001,,,,2,18,{24},{1},{9},False,,12
CSM005,,,,2,18,{24},{1},{9},False,,12
CSM011,,,,2,18,{24},{1},{9},False,,12
CSM016,,,,2,18,{24},{1},{9},False,,12
CSM021,,,,2,18,{24},{1},{9},False,,12
CSM026,,,,2,18,{24},{1},{9},False,,12
CSM033,,,,2,18,{24},{1},{9},False,,12
CSM035,,,,2,18,{24},{1},{9},False,,12
CSM051,,,,2,18,{24},{1},{9},False,,12
CST004,,,,2,18,{24},{1},{9},False,,12
CSTIC,,,,2,,{},{1},{9},False,,12
CT_BENDBRIDGE,,,,2,,{},{1},{9},False,,12
CT_BUTTECITY,,,,2,,{},{1},{9},False,,12
CT_COLUSA,,,,2,,{},{1},{9},False,,12
CT_DAVIS,,,,2,,{},{1},{9},False,,12
CT_FAIROAKS,,,,2,,{},{1},{9},False,,12
CT_FREEPORT,,,,2,,{},{1},{9},False,,12
CT_MELON,,,,2,,{},{1},{9},False,,12
CT_MERCED,,,,2,,{},{1},{9},False,2,12
CT_MLRTN,,,,2,,{},{1},{9},False,,12
CT_MODESTO,,,,2,,{},{1},{9},False,,12
CT_MUDSLOUGH,,,,2,,{},{1},{9},False,5,12
CT_NICOLAUS,,,,2,,{},{1},{9},False,,12
CT_OROVILLE,,,,2,,{},{1},{9},False,,12
CT_PEDRO,,,,2,,{},{1},{9},False,,12
CT_RIPON,,,,2,,{},{1},{9},False,,12
CT_SACSLOUGH,,,,2,,{},{1},{9},False,1,12
CT_SALTSLOUGH,,,,2,,{},{1},{9},False,5,12
CT_SMARTVILLE,,,,2,,{},{1},{9},False,,12
CT_STEVINSON,,,,2,,{},{1},{9},False,,12
CT_VERNALIS,,,,2,,{},{1},{9},False,,12
CT_VERONA,,,,2,,{},{1},{9},False,,12
CT_WHEATLAND,,,,2,,{},{1},{9},False,,12
CT_WILKINSSL,,,,2,,{},{1},{9},False,,12
CT_WOODLAND,,,,2,,{},{1},{9},False,,12
CT_YOLO,,,,2,,{},{1},{9},False,,12
CULOS,,MIscellaneous agricultural losses as used by DWR in calculation of unimpaired flows,,2,,{},{1},{9},False,,12
CVP Cross Valley Canal,,,,2,,{},{1},{9},False,,12
CVP Refuge,,,,2,,{},{1},{9},False,,12
CVT000,,,,2,18,{24},{1},{9},False,,12
CVT005,,,,2,18,{24},{1},{9},False,,12
CVT009,,,,2,18,{24},{1},{9},False,,12
CVY009,,,,2,18,{24},{1},{9},False,,12
CWD003,,,,2,18,{24},{1},{9},False,1,12
CWD004,,,,2,18,{24},{1},{9},False,1,12
CWD009,,,,2,18,{24},{1},{9},False,1,12
CWD013,,,,2,18,{24},{1},{9},False,1,12
CWD018,,,,2,18,{24},{1},{9},False,1,12
CYN009,,,,2,18,{24},{1},{9},False,,12
CYN010,,,,2,18,{24},{1},{9},False,,12
C_ABN000,,,,2,,{},{1},{9},False,,12
C_ABN006,,,,2,,{},{1},{9},False,,12
C_ABN010,,,,2,,{},{1},{9},False,,12
C_ABN014,,,,2,,{},{1},{9},False,,12
C_ABN024,,,,2,,{},{1},{9},False,,12
C_ABN026,,,,2,,{},{1},{9},False,,12
C_ABN027,,,,2,,{},{1},{9},False,,12
C_ABT002,,,,2,,{},{1},{9},False,,12
C_ALD001,,,,2,,{},{1},{9},False,,12
C_ALD002,,,,2,,{},{1},{9},False,,12
C_ALD004,,,,2,,{},{1},{9},False,,12
C_ALMNR,,,,2,,{},{1},{9},False,,12
C_ALOHA,,,,2,,{},{1},{9},False,,12
C_ALPNE,,,,2,,{},{1},{9},False,,12
C_AMADR,,,,2,,{},{1},{9},False,,12
C_AMR004,,,,2,,{},{1},{9},False,1,12
C_AMR006,,,,2,,{},{1},{9},False,1,12
C_AMR007,,,,2,,{},{1},{9},False,1,12
C_AMR009,,,,2,,{},{1},{9},False,1,12
C_AMR015,,,,2,,{},{1},{9},False,1,12
C_AMR017,,,,2,,{},{1},{9},False,1,12
C_AMR020,,,,2,,{},{1},{9},False,1,12
C_AMR022,,,,2,,{},{1},{9},False,1,12
C_ANC000,,,,2,,{},{1},{9},False,,12
C_ANG010,,,,2,,{},{1},{9},False,,12
C_ANG014,,,,2,,{},{1},{9},False,,12
C_ANG015,,,,2,,{},{1},{9},False,,12
C_ANG017,,,,2,,{},{1},{9},False,,12
C_ANT010,,,,2,,{},{1},{9},False,,12
C_ANT011,,,,2,,{},{1},{9},False,,12
C_ANTLP,,,,2,,{},{1},{9},False,,12
C_ASL013,,,,2,,{},{1},{9},False,,12
C_BANOS,,,,2,,{},{1},{9},False,,12
C_BASSL,,,,2,,{},{1},{9},False,,12
C_BCB001,,,,2,,{},{1},{9},False,,12
C_BCC004,,,,2,,{},{1},{9},False,,12
C_BCC006,,,,2,,{},{1},{9},False,,12
C_BCC012,,,,2,,{},{1},{9},False,,12
C_BCC014,,,,2,,{},{1},{9},False,,12
C_BCK006,,,,2,,{},{1},{9},False,,12
C_BCK010,,,,2,,{},{1},{9},False,,12
C_BCK017,,,,2,,{},{1},{9},False,,12
C_BCK024,,,,2,,{},{1},{9},False,,12
C_BCK027,,,,2,,{},{1},{9},False,,12
C_BCK031,,,,2,,{},{1},{9},False,,12
C_BCK033,,,,2,,{},{1},{9},False,,12
C_BCK035,,,,2,,{},{1},{9},False,,12
C_BCK040,,,,2,,{},{1},{9},False,,12
C_BCM003,,,,2,,{},{1},{9},False,,12
C_BCN005,,,,2,,{},{1},{9},False,,12
C_BCN010,,,,2,,{},{1},{9},False,,12
C_BCPH2A,,,,2,,{},{1},{9},False,,12
C_BCT001,,,,2,,{},{1},{9},False,,12
C_BEARD,,,,2,,{},{1},{9},False,,12
C_BEC000,,,,2,,{},{1},{9},False,,12
C_BEC021,,,,2,,{},{1},{9},False,,12
C_BEC022,,,,2,,{},{1},{9},False,,12
C_BEC024,,,,2,,{},{1},{9},False,,12
C_BGC001,,,,2,,{},{1},{9},False,,12
C_BGC002,,,,2,,{},{1},{9},False,,12
C_BGC003,,,,2,,{},{1},{9},False,,12
C_BGC004,,,,2,,{},{1},{9},False,,12
C_BGC008,,,,2,,{},{1},{9},False,,12
C_BGC011,,,,2,,{},{1},{9},False,,12
C_BGCD4,,,,2,,{},{1},{9},False,,12
C_BGCD5,,,,2,,{},{1},{9},False,,12
C_BGCD6,,,,2,,{},{1},{9},False,,12
C_BGD000,,,,2,,{},{1},{9},False,,12
C_BLKBT,,,,2,,{},{1},{9},False,,12
C_BLSMM,,,,2,,{},{1},{9},False,,12
C_BLT000,,,,2,,{},{1},{9},False,,12
C_BLUMD,,,,2,,{},{1},{9},False,,12
C_BOC001,,,,2,,{},{1},{9},False,,12
C_BOC002,,,,2,,{},{1},{9},False,,12
C_BOWMN,,,,2,,{},{1},{9},False,,12
C_BP1003,,,,2,,{},{1},{9},False,,12
C_BP2001,,,,2,,{},{1},{9},False,,12
C_BP2004,,,,2,,{},{1},{9},False,,12
C_BP3005,,,,2,,{},{1},{9},False,,12
C_BP8001,,,,2,,{},{1},{9},False,,12
C_BPA003,,,,2,,{},{1},{9},False,,12
C_BRC000,,,,2,,{},{1},{9},False,,12
C_BRC001,,,,2,,{},{1},{9},False,,12
C_BRC002,,,,2,,{},{1},{9},False,,12
C_BRC003,,,,2,,{},{1},{9},False,,12
C_BRR004,,,,2,,{},{1},{9},False,,12
C_BRR011,,,,2,,{},{1},{9},False,,12
C_BRR017,,,,2,,{},{1},{9},False,,12
C_BRR023,,,,2,,{},{1},{9},False,,12
C_BRR028,,,,2,,{},{1},{9},False,,12
C_BRR031,,,,2,,{},{1},{9},False,,12
C_BRR049,,,,2,,{},{1},{9},False,,12
C_BRR050,,,,2,,{},{1},{9},False,,12
C_BRR060,,,,2,,{},{1},{9},False,,12
C_BRR061,,,,2,,{},{1},{9},False,,12
C_BRR066,,,,2,,{},{1},{9},False,,12
C_BRR067,,,,2,,{},{1},{9},False,,12
C_BRR072,,,,2,,{},{1},{9},False,,12
C_BRR073,,,,2,,{},{1},{9},False,,12
C_BRR074,,,,2,,{},{1},{9},False,,12
C_BRS018,,,,2,,{},{1},{9},False,,12
C_BRT003,,,,2,,{},{1},{9},False,,12
C_BRV002,,,,2,,{},{1},{9},False,,12
C_BRV003,,,,2,,{},{1},{9},False,,12
C_BRV005,,,,2,,{},{1},{9},False,,12
C_BRYSA,,,,2,,{},{1},{9},False,,12
C_BSC000,,,,2,,{},{1},{9},False,,12
C_BSC005,,,,2,,{},{1},{9},False,,12
C_BSC009,,,,2,,{},{1},{9},False,,12
C_BSC010,,,,2,,{},{1},{9},False,,12
C_BSC011,,,,2,,{},{1},{9},False,,12
C_BSH002,,,,2,,{},{1},{9},False,,12
C_BSH003,,,,2,,{},{1},{9},False,,12
C_BSL001A,,,,2,,{},{1},{9},False,,12
C_BSL001B,,,,2,,{},{1},{9},False,,12
C_BSL004,,,,2,,{},{1},{9},False,,12
C_BSM001,,,,2,,{},{1},{9},False,,12
C_BTC003,,,,2,,{},{1},{9},False,,12
C_BTC007,,,,2,,{},{1},{9},False,,12
C_BTC012,,,,2,,{},{1},{9},False,,12
C_BTC015,,,,2,,{},{1},{9},False,,12
C_BTC016,,,,2,,{},{1},{9},False,,12
C_BTC017,,,,2,,{},{1},{9},False,,12
C_BTC018,,,,2,,{},{1},{9},False,,12
C_BTC024,,,,2,,{},{1},{9},False,,12
C_BTC029,,,,2,,{},{1},{9},False,,12
C_BTC032,,,,2,,{},{1},{9},False,,12
C_BTC036,,,,2,,{},{1},{9},False,,12
C_BTC041,,,,2,,{},{1},{9},False,,12
C_BTC043,,,,2,,{},{1},{9},False,,12
C_BTC045,,,,2,,{},{1},{9},False,,12
C_BTC048,,,,2,,{},{1},{9},False,,12
C_BTC060,,,,2,,{},{1},{9},False,,12
C_BTL006,,,,2,,{},{1},{9},False,,12
C_BTN007,,,,2,,{},{1},{9},False,,12
C_BTT007,,,,2,,{},{1},{9},False,,12
C_BTVLY,,,,2,,{},{1},{9},False,,12
C_BUCKS,,,,2,,{},{1},{9},False,,12
C_BUK007,,,,2,,{},{1},{9},False,,12
C_BUR005,,,,2,,{},{1},{9},False,,12
C_BVC007,,,,2,,{},{1},{9},False,,12
C_BVT000,,,,2,,{},{1},{9},False,,12
C_BVT003,,,,2,,{},{1},{9},False,,12
C_C61002,,,,2,,{},{1},{9},False,,12
C_C62001,,,,2,,{},{1},{9},False,,12
C_CAA000,,,,2,,{},{1},{9},False,,12
C_CAA002,,,,2,,{},{1},{9},False,,12
C_CAA003,,,,2,,{},{1},{9},False,,12
C_CAA005,,,,2,,{},{1},{9},False,,12
C_CAA006,,,,2,,{},{1},{9},False,,12
C_CAA009,,,,2,,{},{1},{9},False,,12
C_CAA012,,,,2,,{},{1},{9},False,,12
C_CAA024,,,,2,,{},{1},{9},False,,12
C_CAA046,,,,2,,{},{1},{9},False,,12
C_CAA051,,,,2,,{},{1},{9},False,,12
C_CAA066,,,,2,,{},{1},{9},False,,12
C_CAA067,,,,2,,{},{1},{9},False,,12
C_CAA069,,,,2,,{},{1},{9},False,,12
C_CAA071,,,,2,,{},{1},{9},False,,12
C_CAA087,,,,2,,{},{1},{9},False,,12
C_CAA095,,,,2,,{},{1},{9},False,,12
C_CAA109,,,,2,,{},{1},{9},False,,12
C_CAA143,,,,2,,{},{1},{9},False,,12
C_CAA155,,,,2,,{},{1},{9},False,,12
C_CAA156,,,,2,,{},{1},{9},False,,12
C_CAA165,,,,2,,{},{1},{9},False,,12
C_CAA172,,,,2,,{},{1},{9},False,,12
C_CAA173,,,,2,,{},{1},{9},False,,12
C_CAA181,,,,2,,{},{1},{9},False,,12
C_CAA183,,,,2,,{},{1},{9},False,,12
C_CAA183_TVC,,,,2,,{},{1},{9},False,,12
C_CAA184,,,,2,,{},{1},{9},False,,12
C_CAA185,,,,2,,{},{1},{9},False,,12
C_CAA194,,,,2,,{},{1},{9},False,,12
C_CAA207,,,,2,,{},{1},{9},False,,12
C_CAA210,,,,2,,{},{1},{9},False,,12
C_CAA220,,,,2,,{},{1},{9},False,,12
C_CAA238,,,,2,,{},{1},{9},False,,12
C_CAA239,,,,2,,{},{1},{9},False,,12
C_CAA240,,,,2,,{},{1},{9},False,,12
C_CAA241,,,,2,,{},{1},{9},False,,12
C_CAA242,,,,2,,{},{1},{9},False,,12
C_CAA245,,,,2,,{},{1},{9},False,,12
C_CAA262,,,,2,,{},{1},{9},False,,12
C_CAA278,,,,2,,{},{1},{9},False,,12
C_CAA279,,,,2,,{},{1},{9},False,,12
C_CAA280,,,,2,,{},{1},{9},False,,12
C_CAA293,,,,2,,{},{1},{9},False,,12
C_CAA305,,,,2,,{},{1},{9},False,,12
C_CAPLS,,,,2,,{},{1},{9},False,,12
C_CBC000,,,,2,,{},{1},{9},False,,12
C_CBD000,,,,2,,{},{1},{9},False,,12
C_CBD001,,,,2,,{},{1},{9},False,,12
C_CBD005,,,,2,,{},{1},{9},False,,12
C_CBD012,,,,2,,{},{1},{9},False,,12
C_CBD018,,,,2,,{},{1},{9},False,,12
C_CBD023,,,,2,,{},{1},{9},False,,12
C_CBD028,,,,2,,{},{1},{9},False,,12
C_CBD031,,,,2,,{},{1},{9},False,,12
C_CBD037,,,,2,,{},{1},{9},False,,12
C_CBD038,,,,2,,{},{1},{9},False,,12
C_CBD041,,,,2,,{},{1},{9},False,,12
C_CBD044,,,,2,,{},{1},{9},False,,12
C_CBD049,,,,2,,{},{1},{9},False,,12
C_CCC004,,,,2,,{},{1},{9},False,,12
C_CCC007,,,,2,,{},{1},{9},False,,12
C_CCH003,,,,2,,{},{1},{9},False,,12
C_CCH006,,,,2,,{},{1},{9},False,,12
C_CCH012,,,,2,,{},{1},{9},False,,12
C_CCH017,,,,2,,{},{1},{9},False,,12
C_CCH023,,,,2,,{},{1},{9},False,,12
C_CCH030,,,,2,,{},{1},{9},False,,12
C_CCH032,,,,2,,{},{1},{9},False,,12
C_CCH052,,,,2,,{},{1},{9},False,,12
C_CCH053,,,,2,,{},{1},{9},False,,12
C_CCH058,,,,2,,{},{1},{9},False,,12
C_CCH075,,,,2,,{},{1},{9},False,,12
C_CCH083,,,,2,,{},{1},{9},False,,12
C_CCK007,,,,2,,{},{1},{9},False,,12
C_CCK022,,,,2,,{},{1},{9},False,,12
C_CCK036,,,,2,,{},{1},{9},False,,12
C_CCK038,,,,2,,{},{1},{9},False,,12
C_CCS009,,,,2,,{},{1},{9},False,,12
C_CCS010,,,,2,,{},{1},{9},False,,12
C_CCT011,,,,2,,{},{1},{9},False,,12
C_CFS001,,,,2,,{},{1},{9},False,,12
C_CGT005,,,,2,,{},{1},{9},False,,12
C_CGT006,,,,2,,{},{1},{9},False,,12
C_CHCGO,,,,2,,{},{1},{9},False,,12
C_CHIPPS,,,,2,,{},{1},{9},False,,12
C_CHW006,,,,2,,{},{1},{9},False,,12
C_CHW011,,,,2,,{},{1},{9},False,,12
C_CHW017,,,,2,,{},{1},{9},False,,12
C_CHW021,,,,2,,{},{1},{9},False,,12
C_CHW024,,,,2,,{},{1},{9},False,,12
C_CHW028,,,,2,,{},{1},{9},False,,12
C_CHW031,,,,2,,{},{1},{9},False,,12
C_CHW037,,,,2,,{},{1},{9},False,,12
C_CHY000,,,,2,,{},{1},{9},False,,12
C_CHY001,,,,2,,{},{1},{9},False,,12
C_CHY006,,,,2,,{},{1},{9},False,,12
C_CHY007,,,,2,,{},{1},{9},False,,12
C_CHY011,,,,2,,{},{1},{9},False,,12
C_CLR009,,,,2,,{},{1},{9},False,1,12
C_CLR011,,,,2,,{},{1},{9},False,1,12
C_CLR025,,,,2,,{},{1},{9},False,1,12
C_CLRLK,,,,2,,{},{1},{9},False,1,12
C_CLV004,,,,2,,{},{1},{9},False,,12
C_CLV006,,,,2,,{},{1},{9},False,,12
C_CLV009,,,,2,,{},{1},{9},False,,12
C_CLV010,,,,2,,{},{1},{9},False,,12
C_CLV016,,,,2,,{},{1},{9},False,,12
C_CLV023,,,,2,,{},{1},{9},False,,12
C_CLV026,,,,2,,{},{1},{9},False,,12
C_CLV028,,,,2,,{},{1},{9},False,,12
C_CLV035,,,,2,,{},{1},{9},False,,12
C_CLV037,,,,2,,{},{1},{9},False,,12
C_CLV043,,,,2,,{},{1},{9},False,,12
C_CLV044,,,,2,,{},{1},{9},False,,12
C_CMBIE,,,,2,,{},{1},{9},False,,12
C_CMCHE,,,,2,,{},{1},{9},False,,12
C_CMN005,,,,2,,{},{1},{9},False,,12
C_CMN006,,,,2,,{},{1},{9},False,,12
C_CMP001,,,,2,,{},{1},{9},False,,12
C_CMP005,,,,2,,{},{1},{9},False,,12
C_CMP014,,,,2,,{},{1},{9},False,,12
C_CMPFW,,,,2,,{},{1},{9},False,,12
C_CMT000,,,,2,,{},{1},{9},False,,12
C_COL001,,,,2,,{},{1},{9},False,,12
C_COL002,,,,2,,{},{1},{9},False,,12
C_COL003,,,,2,,{},{1},{9},False,,12
C_COT033,,,,2,,{},{1},{9},False,,12
C_COW003,,,,2,,{},{1},{9},False,1,12
C_COW007,,,,2,,{},{1},{9},False,1,12
C_COW014,,,,2,,{},{1},{9},False,1,12
C_CPC008,,,,2,,{},{1},{9},False,,12
C_CPF001,,,,2,,{},{1},{9},False,,12
C_CQC000,,,,2,,{},{1},{9},False,,12
C_CQC001,,,,2,,{},{1},{9},False,,12
C_CRB002,,,,2,,{},{1},{9},False,,12
C_CRC002,,,,2,,{},{1},{9},False,,12
C_CRK005,,,,2,,{},{1},{9},False,,12
C_CSB001,,,,2,,{},{1},{9},False,,12
C_CSB004,,,,2,,{},{1},{9},False,,12
C_CSB009,,,,2,,{},{1},{9},False,,12
C_CSB015,,,,2,,{},{1},{9},False,,12
C_CSB038,,,,2,,{},{1},{9},False,,12
C_CSD014,,,,2,,{},{1},{9},False,,12
C_CSL004A,,,,2,,{},{1},{9},False,,12
C_CSL004B,,,,2,,{},{1},{9},False,,12
C_CSL005,,,,2,,{},{1},{9},False,,12
C_CSM001,,,,2,,{},{1},{9},False,,12
C_CSM005,,,,2,,{},{1},{9},False,,12
C_CSM011,,,,2,,{},{1},{9},False,,12
C_CSM016,,,,2,,{},{1},{9},False,,12
C_CSM021,,,,2,,{},{1},{9},False,,12
C_CSM026,,,,2,,{},{1},{9},False,,12
C_CSM033,,,,2,,{},{1},{9},False,,12
C_CSM035,,,,2,,{},{1},{9},False,,12
C_CSM051,,,,2,,{},{1},{9},False,,12
C_CST004,,,,2,,{},{1},{9},False,,12
C_CSTIC,,,,2,,{},{1},{9},False,,12
C_CVT000,,,,2,,{},{1},{9},False,,12
C_CVT005,,,,2,,{},{1},{9},False,,12
C_CVT009,,,,2,,{},{1},{9},False,,12
C_CVY009,,,,2,,{},{1},{9},False,,12
C_CWD003,,,,2,,{},{1},{9},False,1,12
C_CWD004,,,,2,,{},{1},{9},False,1,12
C_CWD009,,,,2,,{},{1},{9},False,1,12
C_CWD013,,,,2,,{},{1},{9},False,1,12
C_CWD018,,,,2,,{},{1},{9},False,1,12
C_CYN009,,,,2,,{},{1},{9},False,,12
C_CYN010,,,,2,,{},{1},{9},False,,12
C_DAVIS,,,,2,,{},{1},{9},False,,12
C_DBC014,,,,2,,{},{1},{9},False,,12
C_DBC024,,,,2,,{},{1},{9},False,,12
C_DCC008,,,,2,,{},{1},{9},False,,12
C_DCC009,,,,2,,{},{1},{9},False,,12
C_DCC010,,,,2,,{},{1},{9},False,,12
C_DCK012,,,,2,,{},{1},{9},False,,12
C_DCM019,,,,2,,{},{1},{9},False,,12
C_DCM027,,,,2,,{},{1},{9},False,,12
C_DCT050,,,,2,,{},{1},{9},False,,12
C_DED003,,,,2,,{},{1},{9},False,,12
C_DED010,,,,2,,{},{1},{9},False,,12
C_DED012,,,,2,,{},{1},{9},False,,12
C_DED019,,,,2,,{},{1},{9},False,,12
C_DED025,,,,2,,{},{1},{9},False,,12
C_DED032,,,,2,,{},{1},{9},False,,12
C_DED035,,,,2,,{},{1},{9},False,,12
C_DED038,,,,2,,{},{1},{9},False,,12
C_DED044,,,,2,,{},{1},{9},False,,12
C_DEE020,,,,2,,{},{1},{9},False,,12
C_DEE023,,,,2,,{},{1},{9},False,,12
C_DELVE,,,,2,,{},{1},{9},False,,12
C_DER001,,,,2,,{},{1},{9},False,,12
C_DER002,,,,2,,{},{1},{9},False,,12
C_DER004,,,,2,,{},{1},{9},False,,12
C_DER011,,,,2,,{},{1},{9},False,,12
C_DER018,,,,2,,{},{1},{9},False,,12
C_DER022,,,,2,,{},{1},{9},False,,12
C_DER027,,,,2,,{},{1},{9},False,,12
C_DFF005,,,,2,,{},{1},{9},False,,12
C_DHC001,,,,2,,{},{1},{9},False,,12
C_DHC021,,,,2,,{},{1},{9},False,,12
C_DMC000,,,,2,,{},{1},{9},False,,12
C_DMC003,,,,2,,{},{1},{9},False,,12
C_DMC007,,,,2,,{},{1},{9},False,,12
C_DMC011,,,,2,,{},{1},{9},False,,12
C_DMC016,,,,2,,{},{1},{9},False,,12
C_DMC021,,,,2,,{},{1},{9},False,,12
C_DMC024,,,,2,,{},{1},{9},False,,12
C_DMC030,,,,2,,{},{1},{9},False,,12
C_DMC034,,,,2,,{},{1},{9},False,,12
C_DMC039,,,,2,,{},{1},{9},False,,12
C_DMC044,,,,2,,{},{1},{9},False,,12
C_DMC049,,,,2,,{},{1},{9},False,,12
C_DMC054,,,,2,,{},{1},{9},False,,12
C_DMC058,,,,2,,{},{1},{9},False,,12
C_DMC064,,,,2,,{},{1},{9},False,,12
C_DMC070,,,,2,,{},{1},{9},False,,12
C_DMC074,,,,2,,{},{1},{9},False,,12
C_DMC076,,,,2,,{},{1},{9},False,,12
C_DMC080,,,,2,,{},{1},{9},False,,12
C_DMC085,,,,2,,{},{1},{9},False,,12
C_DMC091,,,,2,,{},{1},{9},False,,12
C_DMC097,,,,2,,{},{1},{9},False,,12
C_DMC105,,,,2,,{},{1},{9},False,,12
C_DMC111,,,,2,,{},{1},{9},False,,12
C_DMC116,,,,2,,{},{1},{9},False,,12
C_DONLL,,,,2,,{},{1},{9},False,,12
C_DPC008,,,,2,,{},{1},{9},False,,12
C_DPH008,,,,2,,{},{1},{9},False,,12
C_DRC005,,,,2,,{},{1},{9},False,,12
C_DRC010,,,,2,,{},{1},{9},False,,12
C_DRC012,,,,2,,{},{1},{9},False,,12
C_DRM000,,,,2,,{},{1},{9},False,,12
C_DRM001,,,,2,,{},{1},{9},False,,12
C_DRM002,,,,2,,{},{1},{9},False,,12
C_DRM003,,,,2,,{},{1},{9},False,,12
C_DRM008,,,,2,,{},{1},{9},False,,12
C_DRM009,,,,2,,{},{1},{9},False,,12
C_DRM011,,,,2,,{},{1},{9},False,,12
C_DSC008,,,,2,,{},{1},{9},False,,12
C_DSC012,,,,2,,{},{1},{9},False,,12
C_DSC016,,,,2,,{},{1},{9},False,,12
C_DSC023,,,,2,,{},{1},{9},False,,12
C_DSC026,,,,2,,{},{1},{9},False,,12
C_DSC028,,,,2,,{},{1},{9},False,,12
C_DSC035,,,,2,,{},{1},{9},False,,12
C_EBF001,,,,2,,{},{1},{9},False,,12
C_EBF018,,,,2,,{},{1},{9},False,,12
C_EBP001,,,,2,,{},{1},{9},False,,12
C_EBP005,,,,2,,{},{1},{9},False,,12
C_EBP016,,,,2,,{},{1},{9},False,,12
C_EBP019,,,,2,,{},{1},{9},False,,12
C_EBP022,,,,2,,{},{1},{9},False,,12
C_EBP030,,,,2,,{},{1},{9},False,,12
C_EBP032,,,,2,,{},{1},{9},False,,12
C_EBP033,,,,2,,{},{1},{9},False,,12
C_EBP041,,,,2,,{},{1},{9},False,,12
C_EBP042,,,,2,,{},{1},{9},False,,12
C_EBP043,,,,2,,{},{1},{9},False,,12
C_EBP048,,,,2,,{},{1},{9},False,,12
C_EBP050,,,,2,,{},{1},{9},False,,12
C_ECHOL,,,,2,,{},{1},{9},False,,12
C_ECT001,,,,2,,{},{1},{9},False,,12
C_EDC000,,,,2,,{},{1},{9},False,,12
C_EDC004,,,,2,,{},{1},{9},False,,12
C_EDC007,,,,2,,{},{1},{9},False,,12
C_EDC014,,,,2,,{},{1},{9},False,,12
C_EDP003,,,,2,,{},{1},{9},False,,12
C_EDSON,,,,2,,{},{1},{9},False,,12
C_ELC001,,,,2,,{},{1},{9},False,,12
C_ELD005,,,,2,,{},{1},{9},False,,12
C_ELD012,,,,2,,{},{1},{9},False,,12
C_ELD017,,,,2,,{},{1},{9},False,,12
C_ELD022,,,,2,,{},{1},{9},False,,12
C_ELD027,,,,2,,{},{1},{9},False,,12
C_ELENR,,,,2,,{},{1},{9},False,,12
C_ELN003,,,,2,,{},{1},{9},False,,12
C_ELT010,,,,2,,{},{1},{9},False,,12
C_ELY001,,,,2,,{},{1},{9},False,,12
C_EMD001,,,,2,,{},{1},{9},False,,12
C_EMD007,,,,2,,{},{1},{9},False,,12
C_ENGLB,,,,2,,{},{1},{9},False,,12
C_EPARK,,,,2,,{},{1},{9},False,,12
C_EPS002,,,,2,,{},{1},{9},False,,12
C_ESB306,,,,2,,{},{1},{9},False,,12
C_ESB324,,,,2,,{},{1},{9},False,,12
C_ESB347,,,,2,,{},{1},{9},False,,12
C_ESB355,,,,2,,{},{1},{9},False,,12
C_ESB361,,,,2,,{},{1},{9},False,,12
C_ESB403,,,,2,,{},{1},{9},False,,12
C_ESB406,,,,2,,{},{1},{9},False,,12
C_ESB407,,,,2,,{},{1},{9},False,,12
C_ESB408,,,,2,,{},{1},{9},False,,12
C_ESB413,,,,2,,{},{1},{9},False,,12
C_ESB414,,,,2,,{},{1},{9},False,,12
C_ESB415,,,,2,,{},{1},{9},False,,12
C_ESB420,,,,2,,{},{1},{9},False,,12
C_ESB425,,,,2,,{},{1},{9},False,,12
C_ESB433,,,,2,,{},{1},{9},False,,12
C_ESC004,,,,2,,{},{1},{9},False,,12
C_ESC005,,,,2,,{},{1},{9},False,,12
C_ESL008,,,,2,,{},{1},{9},False,,12
C_ESTMN,,,,2,,{},{1},{9},False,,12
C_FBW001,,,,2,,{},{1},{9},False,,12
C_FCS006,,,,2,,{},{1},{9},False,,12
C_FCS007,,,,2,,{},{1},{9},False,,12
C_FDC006,,,,2,,{},{1},{9},False,,12
C_FDC011,,,,2,,{},{1},{9},False,,12
C_FLRNC,,,,2,,{},{1},{9},False,,12
C_FMT002,,,,2,,{},{1},{9},False,,12
C_FOLSM,,,,2,,{},{1},{9},False,,12
C_FPT000,,,,2,,{},{1},{9},False,,12
C_FRDYC,,,,2,,{},{1},{9},False,,12
C_FRMAN,,,,2,,{},{1},{9},False,,12
C_FRMDW,,,,2,,{},{1},{9},False,,12
C_FRNCH,,,,2,,{},{1},{9},False,,12
C_FRS016,,,,2,,{},{1},{9},False,,12
C_FRS020,,,,2,,{},{1},{9},False,,12
C_FRS022,,,,2,,{},{1},{9},False,,12
C_FRS025,,,,2,,{},{1},{9},False,,12
C_FRS032,,,,2,,{},{1},{9},False,,12
C_FRS036,,,,2,,{},{1},{9},False,,12
C_FRS039,,,,2,,{},{1},{9},False,,12
C_FRS045,,,,2,,{},{1},{9},False,,12
C_FRS046,,,,2,,{},{1},{9},False,,12
C_FRS048,,,,2,,{},{1},{9},False,,12
C_FSC003,,,,2,,{},{1},{9},False,,12
C_FSC013,,,,2,,{},{1},{9},False,,12
C_FSC015,,,,2,,{},{1},{9},False,,12
C_FSC025,,,,2,,{},{1},{9},False,,12
C_FSL005,,,,2,,{},{1},{9},False,,12
C_FSL012,,,,2,,{},{1},{9},False,,12
C_FTR003,,,,2,,{},{1},{9},False,,12
C_FTR008,,,,2,,{},{1},{9},False,,12
C_FTR012,,,,2,,{},{1},{9},False,,12
C_FTR014,,,,2,,{},{1},{9},False,,12
C_FTR016,,,,2,,{},{1},{9},False,,12
C_FTR018,,,,2,,{},{1},{9},False,,12
C_FTR021,,,,2,,{},{1},{9},False,,12
C_FTR025,,,,2,,{},{1},{9},False,,12
C_FTR028,,,,2,,{},{1},{9},False,,12
C_FTR029,,,,2,,{},{1},{9},False,,12
C_FTR030,,,,2,,{},{1},{9},False,,12
C_FTR031,,,,2,,{},{1},{9},False,,12
C_FTR036,,,,2,,{},{1},{9},False,,12
C_FTR039,,,,2,,{},{1},{9},False,,12
C_FTR045,,,,2,,{},{1},{9},False,,12
C_FTR048,,,,2,,{},{1},{9},False,,12
C_FTR051,,,,2,,{},{1},{9},False,,12
C_FTR053,,,,2,,{},{1},{9},False,,12
C_FTR059,,,,2,,{},{1},{9},False,,12
C_FTR063,,,,2,,{},{1},{9},False,,12
C_FTR067,,,,2,,{},{1},{9},False,,12
C_FTR068,,,,2,,{},{1},{9},False,,12
C_FTR072,,,,2,,{},{1},{9},False,,12
C_FTR074,,,,2,,{},{1},{9},False,,12
C_GCC007,,,,2,,{},{1},{9},False,,12
C_GCC010,,,,2,,{},{1},{9},False,,12
C_GCC015,,,,2,,{},{1},{9},False,,12
C_GCC022,,,,2,,{},{1},{9},False,,12
C_GCC027,,,,2,,{},{1},{9},False,,12
C_GCC032,,,,2,,{},{1},{9},False,,12
C_GCC036,,,,2,,{},{1},{9},False,,12
C_GCC039,,,,2,,{},{1},{9},False,,12
C_GCC042,,,,2,,{},{1},{9},False,,12
C_GCC046,,,,2,,{},{1},{9},False,,12
C_GCC050,,,,2,,{},{1},{9},False,,12
C_GCC056,,,,2,,{},{1},{9},False,,12
C_GCC060,,,,2,,{},{1},{9},False,,12
C_GCC065,,,,2,,{},{1},{9},False,,12
C_GERLE,,,,2,,{},{1},{9},False,,12
C_GFT003,,,,2,,{},{1},{9},False,,12
C_GRL001,,,,2,,{},{1},{9},False,,12
C_GRL010,,,,2,,{},{1},{9},False,,12
C_GRT003,,,,2,,{},{1},{9},False,,12
C_GRZ012,,,,2,,{},{1},{9},False,,12
C_GZL007,,,,2,,{},{1},{9},False,,12
C_GZL008,,,,2,,{},{1},{9},False,,12
C_GZL009,,,,2,,{},{1},{9},False,,12
C_HCH001,,,,2,,{},{1},{9},False,,12
C_HCH002,,,,2,,{},{1},{9},False,,12
C_HCS001,,,,2,,{},{1},{9},False,,12
C_HGL006,,,,2,,{},{1},{9},False,,12
C_HHOLE,,,,2,,{},{1},{9},False,,12
C_HKC002,,,,2,,{},{1},{9},False,,12
C_HNGTN,,,,2,,{},{1},{9},False,,12
C_HNSLY,,,,2,,{},{1},{9},False,,12
C_HON004,,,,2,,{},{1},{9},False,,12
C_HON021,,,,2,,{},{1},{9},False,,12
C_HPC000,,,,2,,{},{1},{9},False,,12
C_HPC001,,,,2,,{},{1},{9},False,,12
C_HTCHY,,,,2,,{},{1},{9},False,,12
C_ICEHS,,,,2,,{},{1},{9},False,,12
C_IHT002,,,,2,,{},{1},{9},False,,12
C_INDVL,,,,2,,{},{1},{9},False,,12
C_ING008,,,,2,,{},{1},{9},False,,12
C_JBC000,,,,2,,{},{1},{9},False,,12
C_JBC002,,,,2,,{},{1},{9},False,,12
C_JBC004,,,,2,,{},{1},{9},False,,12
C_JBC008,,,,2,,{},{1},{9},False,,12
C_JBP006,,,,2,,{},{1},{9},False,,12
C_JBT004,,,,2,,{},{1},{9},False,,12
C_JCK002,,,,2,,{},{1},{9},False,,12
C_JKSMD,,,,2,,{},{1},{9},False,,12
C_JNKSN,,,,2,,{},{1},{9},False,,12
C_JWB001,,,,2,,{},{1},{9},False,,12
C_JWS004,,,,2,,{},{1},{9},False,,12
C_KLR005,,,,2,,{},{1},{9},False,,12
C_KLR006,,,,2,,{},{1},{9},False,,12
C_KPA008,,,,2,,{},{1},{9},False,,12
C_KPM010,,,,2,,{},{1},{9},False,,12
C_KRCKH,,,,2,,{},{1},{9},False,,12
C_KRT000,,,,2,,{},{1},{9},False,,12
C_KSWCK,,,,2,,{},{1},{9},False,,12
C_LBC001,,,,2,,{},{1},{9},False,,12
C_LBC010,,,,2,,{},{1},{9},False,,12
C_LBC030,,,,2,,{},{1},{9},False,,12
C_LBC031,,,,2,,{},{1},{9},False,,12
C_LBC032,,,,2,,{},{1},{9},False,,12
C_LBC038,,,,2,,{},{1},{9},False,,12
C_LBC040,,,,2,,{},{1},{9},False,,12
C_LBC043,,,,2,,{},{1},{9},False,,12
C_LBC047,,,,2,,{},{1},{9},False,,12
C_LBC049,,,,2,,{},{1},{9},False,,12
C_LBEAR,,,,2,,{},{1},{9},False,,12
C_LBN008,,,,2,,{},{1},{9},False,,12
C_LBN012,,,,2,,{},{1},{9},False,,12
C_LBN025,,,,2,,{},{1},{9},False,,12
C_LBR002,,,,2,,{},{1},{9},False,,12
C_LBUCK,,,,2,,{},{1},{9},False,,12
C_LCA001,,,,2,,{},{1},{9},False,,12
C_LCBRF,,,,2,,{},{1},{9},False,,12
C_LCC016,,,,2,,{},{1},{9},False,,12
C_LCC024,,,,2,,{},{1},{9},False,,12
C_LCC026,,,,2,,{},{1},{9},False,,12
C_LCC029,,,,2,,{},{1},{9},False,,12
C_LCC038,,,,2,,{},{1},{9},False,,12
C_LDC007,,,,2,,{},{1},{9},False,,12
C_LDC021,,,,2,,{},{1},{9},False,,12
C_LDC029,,,,2,,{},{1},{9},False,,12
C_LGRSV,,,,2,,{},{1},{9},False,,12
C_LJC010,,,,2,,{},{1},{9},False,,12
C_LJC022,,,,2,,{},{1},{9},False,,12
C_LKVLY,,,,2,,{},{1},{9},False,,12
C_LLC007,,,,2,,{},{1},{9},False,,12
C_LLOYD,,,,2,,{},{1},{9},False,,12
C_LLT000,,,,2,,{},{1},{9},False,,12
C_LNG012,,,,2,,{},{1},{9},False,,12
C_LOONL,,,,2,,{},{1},{9},False,,12
C_LOSVQ,,,,2,,{},{1},{9},False,,12
C_LPC007,,,,2,,{},{1},{9},False,,12
C_LRB003,,,,2,,{},{1},{9},False,,12
C_LRB004,,,,2,,{},{1},{9},False,,12
C_LRB005,,,,2,,{},{1},{9},False,,12
C_LRT000,,,,2,,{},{1},{9},False,,12
C_LST003,,,,2,,{},{1},{9},False,,12
C_LST004,,,,2,,{},{1},{9},False,,12
C_LST007,,,,2,,{},{1},{9},False,,12
C_LVC001,,,,2,,{},{1},{9},False,,12
C_LVP007,,,,2,,{},{1},{9},False,,12
C_LWSTN,,,,2,,{},{1},{9},False,,12
C_LYONS,,,,2,,{},{1},{9},False,,12
C_MAMTH,,,,2,,{},{1},{9},False,,12
C_MAQ001,,,,2,,{},{1},{9},False,,12
C_MAQ012,,,,2,,{},{1},{9},False,,12
C_MBM004,,,,2,,{},{1},{9},False,,12
C_MBT005,,,,2,,{},{1},{9},False,,12
C_MCD002,,,,2,,{},{1},{9},False,,12
C_MCD005,,,,2,,{},{1},{9},False,,12
C_MCD009,,,,2,,{},{1},{9},False,,12
C_MCD014,,,,2,,{},{1},{9},False,,12
C_MCD018,,,,2,,{},{1},{9},False,,12
C_MCD021,,,,2,,{},{1},{9},False,,12
C_MCD028,,,,2,,{},{1},{9},False,,12
C_MCD032,,,,2,,{},{1},{9},False,,12
C_MCD033,,,,2,,{},{1},{9},False,,12
C_MCD036,,,,2,,{},{1},{9},False,,12
C_MCD042,,,,2,,{},{1},{9},False,,12
C_MCD046,,,,2,,{},{1},{9},False,,12
C_MCD048,,,,2,,{},{1},{9},False,,12
C_MCD050,,,,2,,{},{1},{9},False,,12
C_MCD052,,,,2,,{},{1},{9},False,,12
C_MCD054,,,,2,,{},{1},{9},False,,12
C_MCD055,,,,2,,{},{1},{9},False,,12
C_MCD056,,,,2,,{},{1},{9},False,,12
C_MCLRE,,,,2,,{},{1},{9},False,1,12
C_MCM001,,,,2,,{},{1},{9},False,,12
C_MDC006,,,,2,,{},{1},{9},False,,12
C_MDC019,,,,2,,{},{1},{9},False,,12
C_MDC032,,,,2,,{},{1},{9},False,,12
C_MDOTA,,,,2,,{},{1},{9},False,,12
C_MDS003,,,,2,,{},{1},{9},False,,12
C_MELON,,,,2,,{},{1},{9},False,,12
C_MERLC,,,,2,,{},{1},{9},False,2,12
C_MFA001,,,,2,,{},{1},{9},False,,12
C_MFA023,,,,2,,{},{1},{9},False,,12
C_MFA024,,,,2,,{},{1},{9},False,,12
C_MFA025,,,,2,,{},{1},{9},False,,12
C_MFA026,,,,2,,{},{1},{9},False,,12
C_MFA035,,,,2,,{},{1},{9},False,,12
C_MFA036,,,,2,,{},{1},{9},False,,12
C_MFA037,,,,2,,{},{1},{9},False,,12
C_MFA038,,,,2,,{},{1},{9},False,,12
C_MFA040,,,,2,,{},{1},{9},False,,12
C_MFA047,,,,2,,{},{1},{9},False,,12
C_MFB000,,,,2,,{},{1},{9},False,,12
C_MFF019,,,,2,,{},{1},{9},False,,12
C_MFF087,,,,2,,{},{1},{9},False,,12
C_MFF088,,,,2,,{},{1},{9},False,,12
C_MFF095,,,,2,,{},{1},{9},False,,12
C_MFM001,,,,2,,{},{1},{9},False,,12
C_MFM006,,,,2,,{},{1},{9},False,,12
C_MFM007,,,,2,,{},{1},{9},False,,12
C_MFM008,,,,2,,{},{1},{9},False,,12
C_MFS012,,,,2,,{},{1},{9},False,,12
C_MFS013,,,,2,,{},{1},{9},False,,12
C_MFS014,,,,2,,{},{1},{9},False,,12
C_MFS015,,,,2,,{},{1},{9},False,,12
C_MFS016,,,,2,,{},{1},{9},False,,12
C_MFS017,,,,2,,{},{1},{9},False,,12
C_MFS022,,,,2,,{},{1},{9},False,,12
C_MFS037,,,,2,,{},{1},{9},False,,12
C_MFS047,,,,2,,{},{1},{9},False,,12
C_MFT000,,,,2,,{},{1},{9},False,,12
C_MFT003,,,,2,,{},{1},{9},False,,12
C_MFT004,,,,2,,{},{1},{9},False,,12
C_MFT011,,,,2,,{},{1},{9},False,,12
C_MFY005,,,,2,,{},{1},{9},False,,12
C_MFY012,,,,2,,{},{1},{9},False,,12
C_MFY013,,,,2,,{},{1},{9},False,,12
C_MFY044,,,,2,,{},{1},{9},False,,12
C_MFY045,,,,2,,{},{1},{9},False,,12
C_MFY046,,,,2,,{},{1},{9},False,,12
C_MIL002,,,,2,,{},{1},{9},False,,12
C_MIL003,,,,2,,{},{1},{9},False,,12
C_MIO010,,,,2,,{},{1},{9},False,,12
C_MLC004,,,,2,,{},{1},{9},False,,12
C_MLC006,,,,2,,{},{1},{9},False,,12
C_MLRTN,,,,2,,{},{1},{9},False,,12
C_MNS000,,,,2,,{},{1},{9},False,,12
C_MNT000,,,,2,,{},{1},{9},False,,12
C_MNT020,,,,2,,{},{1},{9},False,,12
C_MNZNT,,,,2,,{},{1},{9},False,,12
C_MOC003,,,,2,,{},{1},{9},False,,12
C_MOK004,,,,2,,{},{1},{9},False,,12
C_MOK014,,,,2,,{},{1},{9},False,,12
C_MOK019,,,,2,,{},{1},{9},False,,12
C_MOK022,,,,2,,{},{1},{9},False,,12
C_MOK028,,,,2,,{},{1},{9},False,,12
C_MOK033,,,,2,,{},{1},{9},False,,12
C_MOK034,,,,2,,{},{1},{9},False,,12
C_MOK035,,,,2,,{},{1},{9},False,,12
C_MOK039,,,,2,,{},{1},{9},False,,12
C_MOK044,,,,2,,{},{1},{9},False,,12
C_MOK050,,,,2,,{},{1},{9},False,,12
C_MOK055,,,,2,,{},{1},{9},False,,12
C_MOK057,,,,2,,{},{1},{9},False,,12
C_MOK079,,,,2,,{},{1},{9},False,,12
C_MOK082,,,,2,,{},{1},{9},False,,12
C_MOK088,,,,2,,{},{1},{9},False,,12
C_MON004,,,,2,,{},{1},{9},False,,12
C_MON005,,,,2,,{},{1},{9},False,,12
C_MON006,,,,2,,{},{1},{9},False,,12
C_MPB007,,,,2,,{},{1},{9},False,,12
C_MPS020,,,,2,,{},{1},{9},False,,12
C_MPS038,,,,2,,{},{1},{9},False,,12
C_MRM001,,,,2,,{},{1},{9},False,,12
C_MRS000,,,,2,,{},{1},{9},False,,12
C_MSH015,,,,2,,{},{1},{9},False,,12
C_MSN004,,,,2,,{},{1},{9},False,,12
C_MSN005,,,,2,,{},{1},{9},False,,12
C_MSN009,,,,2,,{},{1},{9},False,,12
C_MSS014,,,,2,,{},{1},{9},False,,12
C_MTB001,,,,2,,{},{1},{9},False,,12
C_MTMDW,,,,2,,{},{1},{9},False,,12
C_NBA009,,,,2,,{},{1},{9},False,,12
C_NBA011,,,,2,,{},{1},{9},False,,12
C_NBA021,,,,2,,{},{1},{9},False,,12
C_NBLDB,,,,2,,{},{1},{9},False,,12
C_NCM020,,,,2,,{},{1},{9},False,,12
C_NCT001,,,,2,,{},{1},{9},False,,12
C_NFA011,,,,2,,{},{1},{9},False,,12
C_NFA016,,,,2,,{},{1},{9},False,,12
C_NFA019,,,,2,,{},{1},{9},False,,12
C_NFA022,,,,2,,{},{1},{9},False,,12
C_NFA048,,,,2,,{},{1},{9},False,,12
C_NFA054,,,,2,,{},{1},{9},False,,12
C_NFC005,,,,2,,{},{1},{9},False,,12
C_NFC013,,,,2,,{},{1},{9},False,,12
C_NFF008,,,,2,,{},{1},{9},False,,12
C_NFF020,,,,2,,{},{1},{9},False,,12
C_NFF027,,,,2,,{},{1},{9},False,,12
C_NFF028,,,,2,,{},{1},{9},False,,12
C_NFF029,,,,2,,{},{1},{9},False,,12
C_NFF030,,,,2,,{},{1},{9},False,,12
C_NFF034,,,,2,,{},{1},{9},False,,12
C_NFF035,,,,2,,{},{1},{9},False,,12
C_NFF037,,,,2,,{},{1},{9},False,,12
C_NFF038,,,,2,,{},{1},{9},False,,12
C_NFF039,,,,2,,{},{1},{9},False,,12
C_NFF045,,,,2,,{},{1},{9},False,,12
C_NFF046,,,,2,,{},{1},{9},False,,12
C_NFF048,,,,2,,{},{1},{9},False,,12
C_NFF050,,,,2,,{},{1},{9},False,,12
C_NFF057,,,,2,,{},{1},{9},False,,12
C_NFF058,,,,2,,{},{1},{9},False,,12
C_NFF059,,,,2,,{},{1},{9},False,,12
C_NFF060,,,,2,,{},{1},{9},False,,12
C_NFF069,,,,2,,{},{1},{9},False,,12
C_NFF080,,,,2,,{},{1},{9},False,,12
C_NFM006,,,,2,,{},{1},{9},False,,12
C_NFM010,,,,2,,{},{1},{9},False,,12
C_NFM012,,,,2,,{},{1},{9},False,,12
C_NFM013,,,,2,,{},{1},{9},False,,12
C_NFM024,,,,2,,{},{1},{9},False,,12
C_NFM026,,,,2,,{},{1},{9},False,,12
C_NFM029,,,,2,,{},{1},{9},False,,12
C_NFS001,,,,2,,{},{1},{9},False,,12
C_NFS003,,,,2,,{},{1},{9},False,,12
C_NFS005,,,,2,,{},{1},{9},False,,12
C_NFS006,,,,2,,{},{1},{9},False,,12
C_NFS007,,,,2,,{},{1},{9},False,,12
C_NFS008,,,,2,,{},{1},{9},False,,12
C_NFS009,,,,2,,{},{1},{9},False,,12
C_NFS027,,,,2,,{},{1},{9},False,,12
C_NFS032,,,,2,,{},{1},{9},False,,12
C_NFS033,,,,2,,{},{1},{9},False,,12
C_NFT008,,,,2,,{},{1},{9},False,,12
C_NFW006,,,,2,,{},{1},{9},False,,12
C_NFW008,,,,2,,{},{1},{9},False,,12
C_NFW009,,,,2,,{},{1},{9},False,,12
C_NFW010,,,,2,,{},{1},{9},False,,12
C_NFW012,,,,2,,{},{1},{9},False,,12
C_NFW023,,,,2,,{},{1},{9},False,,12
C_NFW026,,,,2,,{},{1},{9},False,,12
C_NFY002,,,,2,,{},{1},{9},False,,12
C_NFY017,,,,2,,{},{1},{9},False,,12
C_NFY029,,,,2,,{},{1},{9},False,,12
C_NHGAN,,,,2,,{},{1},{9},False,,12
C_NLC002,,,,2,,{},{1},{9},False,,12
C_NLC003,,,,2,,{},{1},{9},False,,12
C_NLL016,,,,2,,{},{1},{9},False,,12
C_NMA003,,,,2,,{},{1},{9},False,,12
C_NMW004,,,,2,,{},{1},{9},False,,12
C_NNA013,,,,2,,{},{1},{9},False,,12
C_NSC001,,,,2,,{},{1},{9},False,,12
C_NTOMA,,,,2,,{},{1},{9},False,,12
C_OAK001,,,,2,,{},{1},{9},False,,12
C_OGN004,,,,2,,{},{1},{9},False,,12
C_OGN005,,,,2,,{},{1},{9},False,,12
C_OMR002,,,,2,,{},{1},{9},False,3,12
C_OMR013A,,,,2,,{},{1},{9},False,3,12
C_OMR013B,,,,2,,{},{1},{9},False,3,12
C_OMR014,,,,2,,{},{1},{9},False,3,12
C_OMR018,,,,2,,{},{1},{9},False,3,12
C_OMR021,,,,2,,{},{1},{9},False,3,12
C_OMR024A,,,,2,,{},{1},{9},False,3,12
C_OMR024B,,,,2,,{},{1},{9},False,3,12
C_OMR027,,,,2,,{},{1},{9},False,3,12
C_OMR028,,,,2,,{},{1},{9},False,3,12
C_OMR039,,,,2,,{},{1},{9},False,3,12
C_OROVL,,,,2,,{},{1},{9},False,,12
C_ORP000,,,,2,,{},{1},{9},False,,12
C_ORT001,,,,2,,{},{1},{9},False,,12
C_ORT009,,,,2,,{},{1},{9},False,,12
C_ORT014,,,,2,,{},{1},{9},False,,12
C_OWN011,,,,2,,{},{1},{9},False,,12
C_OWN040,,,,2,,{},{1},{9},False,,12
C_OXB000,,,,2,,{},{1},{9},False,,12
C_OYS001,,,,2,,{},{1},{9},False,,12
C_PARDE,,,,2,,{},{1},{9},False,,12
C_PCB001,,,,2,,{},{1},{9},False,,12
C_PCRST,,,,2,,{},{1},{9},False,,12
C_PEDRO,,,,2,,{},{1},{9},False,,12
C_PHP000,,,,2,,{},{1},{9},False,,12
C_PLC006,,,,2,,{},{1},{9},False,,12
C_PLC007,,,,2,,{},{1},{9},False,,12
C_PLC009,,,,2,,{},{1},{9},False,,12
C_PLM001,,,,2,,{},{1},{9},False,,12
C_POE006,,,,2,,{},{1},{9},False,,12
C_PPH007,,,,2,,{},{1},{9},False,,12
C_PRTLF,,,,2,,{},{1},{9},False,,12
C_PSB001,,,,2,,{},{1},{9},False,,12
C_PSC003,,,,2,,{},{1},{9},False,,12
C_PSC006,,,,2,,{},{1},{9},False,,12
C_PSC013,,,,2,,{},{1},{9},False,,12
C_PSC015,,,,2,,{},{1},{9},False,,12
C_PSC017,,,,2,,{},{1},{9},False,,12
C_PSC020,,,,2,,{},{1},{9},False,,12
C_PSC024,,,,2,,{},{1},{9},False,,12
C_PTH007,,,,2,,{},{1},{9},False,,12
C_PTH011,,,,2,,{},{1},{9},False,,12
C_PTH015,,,,2,,{},{1},{9},False,,12
C_PTH020,,,,2,,{},{1},{9},False,,12
C_PTH021,,,,2,,{},{1},{9},False,,12
C_PTH024,,,,2,,{},{1},{9},False,,12
C_PTH030,,,,2,,{},{1},{9},False,,12
C_PTH070,,,,2,,{},{1},{9},False,,12
C_PTM000,,,,2,,{},{1},{9},False,,12
C_PTM001,,,,2,,{},{1},{9},False,,12
C_PTM002,,,,2,,{},{1},{9},False,,12
C_PYN001,,,,2,,{},{1},{9},False,,12
C_PYR001,,,,2,,{},{1},{9},False,,12
C_PYRMD,,,,2,,{},{1},{9},False,,12
C_QNT005,,,,2,,{},{1},{9},False,,12
C_RCK001,,,,2,,{},{1},{9},False,,12
C_RCT007,,,,2,,{},{1},{9},False,,12
C_RD1500,,,,2,,{},{1},{9},False,,12
C_RDNGR,,,,2,,{},{1},{9},False,,12
C_RLIEF,,,,2,,{},{1},{9},False,,12
C_RLLNS,,,,2,,{},{1},{9},False,,12
C_RLT007,,,,2,,{},{1},{9},False,,12
C_RPT004,,,,2,,{},{1},{9},False,,12
C_RRT000,,,,2,,{},{1},{9},False,,12
C_RSL001A,,,,2,,{},{1},{9},False,,12
C_RSL001B,,,,2,,{},{1},{9},False,,12
C_RSS001,,,,2,,{},{1},{9},False,,12
C_RUB001,,,,2,,{},{1},{9},False,,12
C_RUB002,,,,2,,{},{1},{9},False,,12
C_RUB004,,,,2,,{},{1},{9},False,,12
C_RUB005,,,,2,,{},{1},{9},False,,12
C_RUB023,,,,2,,{},{1},{9},False,,12
C_RUB031,,,,2,,{},{1},{9},False,,12
C_RUB041,,,,2,,{},{1},{9},False,,12
C_RUB044,,,,2,,{},{1},{9},False,,12
C_RUB047,,,,2,,{},{1},{9},False,,12
C_RVC000,,,,2,,{},{1},{9},False,,12
C_RVPHB,,,,2,,{},{1},{9},False,,12
C_SAC000,,,,2,,{},{1},{9},False,1,12
C_SAC003,,,,2,,{},{1},{9},False,1,12
C_SAC007,,,,2,,{},{1},{9},False,1,12
C_SAC011,,,,2,,{},{1},{9},False,1,12
C_SAC017,,,,2,,{},{1},{9},False,1,12
C_SAC022,,,,2,,{},{1},{9},False,1,12
C_SAC029A,,,,2,,{},{1},{9},False,1,12
C_SAC029B,,,,2,,{},{1},{9},False,1,12
C_SAC030,,,,2,,{},{1},{9},False,1,12
C_SAC036,,,,2,,{},{1},{9},False,1,12
C_SAC041,,,,2,,{},{1},{9},False,1,12
C_SAC048,,,,2,,{},{1},{9},False,1,12
C_SAC049,,,,2,,{},{1},{9},False,1,12
C_SAC050,,,,2,,{},{1},{9},False,1,12
C_SAC053,,,,2,,{},{1},{9},False,1,12
C_SAC057,,,,2,,{},{1},{9},False,1,12
C_SAC061,,,,2,,{},{1},{9},False,1,12
C_SAC062,,,,2,,{},{1},{9},False,1,12
C_SAC063,,,,2,,{},{1},{9},False,1,12
C_SAC064,,,,2,,{},{1},{9},False,1,12
C_SAC065,,,,2,,{},{1},{9},False,1,12
C_SAC066,,,,2,,{},{1},{9},False,1,12
C_SAC074,,,,2,,{},{1},{9},False,1,12
C_SAC075,,,,2,,{},{1},{9},False,1,12
C_SAC077,,,,2,,{},{1},{9},False,1,12
C_SAC078,,,,2,,{},{1},{9},False,1,12
C_SAC081,,,,2,,{},{1},{9},False,1,12
C_SAC082,,,,2,,{},{1},{9},False,1,12
C_SAC083,,,,2,,{},{1},{9},False,1,12
C_SAC085,,,,2,,{},{1},{9},False,1,12
C_SAC091,,,,2,,{},{1},{9},False,1,12
C_SAC092,,,,2,,{},{1},{9},False,1,12
C_SAC093,,,,2,,{},{1},{9},False,1,12
C_SAC097,,,,2,,{},{1},{9},False,1,12
C_SAC099,,,,2,,{},{1},{9},False,1,12
C_SAC106,,,,2,,{},{1},{9},False,1,12
C_SAC109,,,,2,,{},{1},{9},False,1,12
C_SAC115,,,,2,,{},{1},{9},False,1,12
C_SAC120,,,,2,,{},{1},{9},False,1,12
C_SAC121,,,,2,,{},{1},{9},False,1,12
C_SAC122,,,,2,,{},{1},{9},False,1,12
C_SAC129,,,,2,,{},{1},{9},False,1,12
C_SAC134,,,,2,,{},{1},{9},False,1,12
C_SAC136,,,,2,,{},{1},{9},False,1,12
C_SAC141,,,,2,,{},{1},{9},False,1,12
C_SAC146,,,,2,,{},{1},{9},False,1,12
C_SAC148,,,,2,,{},{1},{9},False,1,12
C_SAC154,,,,2,,{},{1},{9},False,1,12
C_SAC159,,,,2,,{},{1},{9},False,1,12
C_SAC162,,,,2,,{},{1},{9},False,1,12
C_SAC168,,,,2,,{},{1},{9},False,1,12
C_SAC169,,,,2,,{},{1},{9},False,1,12
C_SAC174,,,,2,,{},{1},{9},False,1,12
C_SAC178,,,,2,,{},{1},{9},False,1,12
C_SAC182,,,,2,,{},{1},{9},False,1,12
C_SAC185,,,,2,,{},{1},{9},False,1,12
C_SAC188,,,,2,,{},{1},{9},False,1,12
C_SAC193,,,,2,,{},{1},{9},False,1,12
C_SAC195,,,,2,,{},{1},{9},False,1,12
C_SAC196,,,,2,,{},{1},{9},False,1,12
C_SAC201,,,,2,,{},{1},{9},False,1,12
C_SAC207,,,,2,,{},{1},{9},False,1,12
C_SAC214,,,,2,,{},{1},{9},False,1,12
C_SAC217,,,,2,,{},{1},{9},False,1,12
C_SAC218,,,,2,,{},{1},{9},False,1,12
C_SAC224,,,,2,,{},{1},{9},False,1,12
C_SAC228,,,,2,,{},{1},{9},False,1,12
C_SAC229,,,,2,,{},{1},{9},False,1,12
C_SAC232,,,,2,,{},{1},{9},False,1,12
C_SAC240,,,,2,,{},{1},{9},False,1,12
C_SAC247,,,,2,,{},{1},{9},False,1,12
C_SAC250,,,,2,,{},{1},{9},False,1,12
C_SAC254,,,,2,,{},{1},{9},False,1,12
C_SAC257,,,,2,,{},{1},{9},False,1,12
C_SAC259,,,,2,,{},{1},{9},False,1,12
C_SAC265,,,,2,,{},{1},{9},False,1,12
C_SAC269,,,,2,,{},{1},{9},False,1,12
C_SAC271,,,,2,,{},{1},{9},False,1,12
C_SAC273,,,,2,,{},{1},{9},False,1,12
C_SAC275,,,,2,,{},{1},{9},False,1,12
C_SAC277,,,,2,,{},{1},{9},False,1,12
C_SAC281,,,,2,,{},{1},{9},False,1,12
C_SAC287,,,,2,,{},{1},{9},False,1,12
C_SAC289,,,,2,,{},{1},{9},False,1,12
C_SAC294,,,,2,,{},{1},{9},False,1,12
C_SAC296,,,,2,,{},{1},{9},False,1,12
C_SAC299,,,,2,,{},{1},{9},False,1,12
C_SAC301,,,,2,,{},{1},{9},False,1,12
C_SAL006,,,,2,,{},{1},{9},False,,12
C_SAL017,,,,2,,{},{1},{9},False,,12
C_SBA000,,,,2,,{},{1},{9},False,5,12
C_SBA009,,,,2,,{},{1},{9},False,5,12
C_SBA016,,,,2,,{},{1},{9},False,5,12
C_SBA019,,,,2,,{},{1},{9},False,5,12
C_SBA020,,,,2,,{},{1},{9},False,5,12
C_SBA029,,,,2,,{},{1},{9},False,5,12
C_SBA036,,,,2,,{},{1},{9},False,5,12
C_SBP012,,,,2,,{},{1},{9},False,,12
C_SBP014,,,,2,,{},{1},{9},False,,12
C_SBP018,,,,2,,{},{1},{9},False,,12
C_SBP021,,,,2,,{},{1},{9},False,,12
C_SBP024,,,,2,,{},{1},{9},False,,12
C_SBP028,,,,2,,{},{1},{9},False,,12
C_SBP031,,,,2,,{},{1},{9},False,,12
C_SCOTF,,,,2,,{},{1},{9},False,,12
C_SCR002,,,,2,,{},{1},{9},False,,12
C_SCT000,,,,2,,{},{1},{9},False,,12
C_SCT001,,,,2,,{},{1},{9},False,,12
C_SCW004,,,,2,,{},{1},{9},False,,12
C_SCW008,,,,2,,{},{1},{9},False,,12
C_SDC001,,,,2,,{},{1},{9},False,,12
C_SDS001,,,,2,,{},{1},{9},False,,12
C_SDT000,,,,2,,{},{1},{9},False,,12
C_SFA011,,,,2,,{},{1},{9},False,,12
C_SFA017,,,,2,,{},{1},{9},False,,12
C_SFA030,,,,2,,{},{1},{9},False,,12
C_SFA032,,,,2,,{},{1},{9},False,,12
C_SFA035,,,,2,,{},{1},{9},False,,12
C_SFA039,,,,2,,{},{1},{9},False,,12
C_SFA040,,,,2,,{},{1},{9},False,,12
C_SFA044,,,,2,,{},{1},{9},False,,12
C_SFA045,,,,2,,{},{1},{9},False,,12
C_SFA046,,,,2,,{},{1},{9},False,,12
C_SFA048,,,,2,,{},{1},{9},False,,12
C_SFA059,,,,2,,{},{1},{9},False,,12
C_SFA063,,,,2,,{},{1},{9},False,,12
C_SFA065,,,,2,,{},{1},{9},False,,12
C_SFA066,,,,2,,{},{1},{9},False,,12
C_SFA067,,,,2,,{},{1},{9},False,,12
C_SFA076,,,,2,,{},{1},{9},False,,12
C_SFA079,,,,2,,{},{1},{9},False,,12
C_SFA085,,,,2,,{},{1},{9},False,,12
C_SFD003,,,,2,,{},{1},{9},False,,12
C_SFF002,,,,2,,{},{1},{9},False,,12
C_SFF008,,,,2,,{},{1},{9},False,,12
C_SFF011,,,,2,,{},{1},{9},False,,12
C_SFF018,,,,2,,{},{1},{9},False,,12
C_SFF019,,,,2,,{},{1},{9},False,,12
C_SFF020,,,,2,,{},{1},{9},False,,12
C_SFF028,,,,2,,{},{1},{9},False,,12
C_SFF029,,,,2,,{},{1},{9},False,,12
C_SFF039,,,,2,,{},{1},{9},False,,12
C_SFM003,,,,2,,{},{1},{9},False,,12
C_SFM005,,,,2,,{},{1},{9},False,,12
C_SFR004,,,,2,,{},{1},{9},False,,12
C_SFR005,,,,2,,{},{1},{9},False,,12
C_SFR006,,,,2,,{},{1},{9},False,,12
C_SFS018,,,,2,,{},{1},{9},False,,12
C_SFS026,,,,2,,{},{1},{9},False,,12
C_SFS030,,,,2,,{},{1},{9},False,,12
C_SFS033,,,,2,,{},{1},{9},False,,12
C_SFT000,,,,2,,{},{1},{9},False,,12
C_SFT002,,,,2,,{},{1},{9},False,,12
C_SFT003,,,,2,,{},{1},{9},False,,12
C_SFW000,,,,2,,{},{1},{9},False,,12
C_SFW001,,,,2,,{},{1},{9},False,,12
C_SFW005,,,,2,,{},{1},{9},False,,12
C_SFW006,,,,2,,{},{1},{9},False,,12
C_SFY007,,,,2,,{},{1},{9},False,,12
C_SFY033,,,,2,,{},{1},{9},False,,12
C_SFY040,,,,2,,{},{1},{9},False,,12
C_SFY041,,,,2,,{},{1},{9},False,,12
C_SFY043,,,,2,,{},{1},{9},False,,12
C_SFY044,,,,2,,{},{1},{9},False,,12
C_SFY048,,,,2,,{},{1},{9},False,,12
C_SGRGE,,,,2,,{},{1},{9},False,,12
C_SHSTA,,,,2,,{},{1},{9},False,,12
C_SHVER,,,,2,,{},{1},{9},False,,12
C_SILVR,,,,2,,{},{1},{9},False,,12
C_SJR006,,,,2,,{},{1},{9},False,2,12
C_SJR009,,,,2,,{},{1},{9},False,2,12
C_SJR013,,,,2,,{},{1},{9},False,2,12
C_SJR022,,,,2,,{},{1},{9},False,2,12
C_SJR023,,,,2,,{},{1},{9},False,2,12
C_SJR026,,,,2,,{},{1},{9},False,2,12
C_SJR028,,,,2,,{},{1},{9},False,2,12
C_SJR033,,,,2,,{},{1},{9},False,2,12
C_SJR038,,,,2,,{},{1},{9},False,2,12
C_SJR042,,,,2,,{},{1},{9},False,2,12
C_SJR043,,,,2,,{},{1},{9},False,2,12
C_SJR048,,,,2,,{},{1},{9},False,2,12
C_SJR053a,,,,2,,{},{1},{9},False,2,12
C_SJR053b,,,,2,,{},{1},{9},False,2,12
C_SJR056,,,,2,,{},{1},{9},False,2,12
C_SJR062,,,,2,,{},{1},{9},False,2,12
C_SJR070,,,,2,,{},{1},{9},False,2,12
C_SJR072,,,,2,,{},{1},{9},False,2,12
C_SJR075,,,,2,,{},{1},{9},False,2,12
C_SJR081,,,,2,,{},{1},{9},False,2,12
C_SJR082,,,,2,,{},{1},{9},False,2,12
C_SJR087,,,,2,,{},{1},{9},False,2,12
C_SJR090,,,,2,,{},{1},{9},False,2,12
C_SJR091,,,,2,,{},{1},{9},False,2,12
C_SJR096,,,,2,,{},{1},{9},False,2,12
C_SJR101,,,,2,,{},{1},{9},False,2,12
C_SJR102,,,,2,,{},{1},{9},False,2,12
C_SJR105,,,,2,,{},{1},{9},False,2,12
C_SJR106,,,,2,,{},{1},{9},False,2,12
C_SJR111,,,,2,,{},{1},{9},False,2,12
C_SJR114,,,,2,,{},{1},{9},False,2,12
C_SJR115,,,,2,,{},{1},{9},False,2,12
C_SJR116,,,,2,,{},{1},{9},False,2,12
C_SJR117,,,,2,,{},{1},{9},False,2,12
C_SJR119,,,,2,,{},{1},{9},False,2,12
C_SJR123,,,,2,,{},{1},{9},False,2,12
C_SJR127,,,,2,,{},{1},{9},False,2,12
C_SJR131,,,,2,,{},{1},{9},False,2,12
C_SJR134,,,,2,,{},{1},{9},False,2,12
C_SJR141,,,,2,,{},{1},{9},False,2,12
C_SJR145,,,,2,,{},{1},{9},False,2,12
C_SJR152,,,,2,,{},{1},{9},False,2,12
C_SJR157,,,,2,,{},{1},{9},False,2,12
C_SJR166,,,,2,,{},{1},{9},False,2,12
C_SJR173,,,,2,,{},{1},{9},False,2,12
C_SJR179,,,,2,,{},{1},{9},False,2,12
C_SJR180,,,,2,,{},{1},{9},False,2,12
C_SJR185,,,,2,,{},{1},{9},False,2,12
C_SJR192,,,,2,,{},{1},{9},False,2,12
C_SJR195,,,,2,,{},{1},{9},False,2,12
C_SJR198,,,,2,,{},{1},{9},False,2,12
C_SJR200,,,,2,,{},{1},{9},False,2,12
C_SJR201,,,,2,,{},{1},{9},False,2,12
C_SJR205,,,,2,,{},{1},{9},False,2,12
C_SJR213,,,,2,,{},{1},{9},False,2,12
C_SJR214,,,,2,,{},{1},{9},False,2,12
C_SJR221,,,,2,,{},{1},{9},False,2,12
C_SJR225,,,,2,,{},{1},{9},False,2,12
C_SJR227,,,,2,,{},{1},{9},False,2,12
C_SJR235,,,,2,,{},{1},{9},False,2,12
C_SJR242,,,,2,,{},{1},{9},False,2,12
C_SJR249,,,,2,,{},{1},{9},False,2,12
C_SJR256,,,,2,,{},{1},{9},False,2,12
C_SJR258,,,,2,,{},{1},{9},False,2,12
C_SJR263,,,,2,,{},{1},{9},False,2,12
C_SJR265,,,,2,,{},{1},{9},False,2,12
C_SJR278,,,,2,,{},{1},{9},False,2,12
C_SJR279,,,,2,,{},{1},{9},False,2,12
C_SJR280,,,,2,,{},{1},{9},False,2,12
C_SJR287,,,,2,,{},{1},{9},False,2,12
C_SJR289,,,,2,,{},{1},{9},False,2,12
C_SJR290,,,,2,,{},{1},{9},False,2,12
C_SJR295,,,,2,,{},{1},{9},False,2,12
C_SJR296,,,,2,,{},{1},{9},False,2,12
C_SJR300,,,,2,,{},{1},{9},False,2,12
C_SJR303,,,,2,,{},{1},{9},False,2,12
C_SJR305,,,,2,,{},{1},{9},False,2,12
C_SJR306,,,,2,,{},{1},{9},False,2,12
C_SJR307,,,,2,,{},{1},{9},False,2,12
C_SJR308,,,,2,,{},{1},{9},False,2,12
C_SJR310,,,,2,,{},{1},{9},False,2,12
C_SJR312,,,,2,,{},{1},{9},False,2,12
C_SJR313,,,,2,,{},{1},{9},False,2,12
C_SJR318,,,,2,,{},{1},{9},False,2,12
C_SJR324,,,,2,,{},{1},{9},False,2,12
C_SLC002,,,,2,,{},{1},{9},False,,12
C_SLC003,,,,2,,{},{1},{9},False,,12
C_SLD002,,,,2,,{},{1},{9},False,,12
C_SLD027,,,,2,,{},{1},{9},False,,12
C_SLF009,,,,2,,{},{1},{9},False,,12
C_SLF010,,,,2,,{},{1},{9},False,,12
C_SLF014,,,,2,,{},{1},{9},False,,12
C_SLF015,,,,2,,{},{1},{9},False,,12
C_SLO007,,,,2,,{},{1},{9},False,5,12
C_SLT008,,,,2,,{},{1},{9},False,,12
C_SLT009,,,,2,,{},{1},{9},False,,12
C_SLTSP,,,,2,,{},{1},{9},False,,12
C_SLUIS,,,,2,,{},{1},{9},False,,12
C_SLUIS_CVP,,,,2,,{},{1},{9},False,,12
C_SLUIS_SWP,,,,2,,{},{1},{9},False,,12
C_SLV001,,,,2,,{},{1},{9},False,,12
C_SLV005,,,,2,,{},{1},{9},False,,12
C_SLV006,,,,2,,{},{1},{9},False,,12
C_SLV007,,,,2,,{},{1},{9},False,,12
C_SLV014,,,,2,,{},{1},{9},False,,12
C_SLV015,,,,2,,{},{1},{9},False,,12
C_SLV016,,,,2,,{},{1},{9},False,,12
C_SLV017,,,,2,,{},{1},{9},False,,12
C_SLYCK,,,,2,,{},{1},{9},False,,12
C_SP2003,,,,2,,{},{1},{9},False,,12
C_SPA001,,,,2,,{},{1},{9},False,,12
C_SPH000,,,,2,,{},{1},{9},False,,12
C_SPICE,,,,2,,{},{1},{9},False,,12
C_SPLDG,,,,2,,{},{1},{9},False,,12
C_SPT003,,,,2,,{},{1},{9},False,,12
C_SSC001,,,,2,,{},{1},{9},False,,12
C_SSJ001,,,,2,,{},{1},{9},False,,12
C_SSJ004,,,,2,,{},{1},{9},False,,12
C_SSJ008,,,,2,,{},{1},{9},False,,12
C_SSJ013,,,,2,,{},{1},{9},False,,12
C_SSJ014,,,,2,,{},{1},{9},False,,12
C_SSJ015,,,,2,,{},{1},{9},False,,12
C_SSJ016,,,,2,,{},{1},{9},False,,12
C_SSJ017,,,,2,,{},{1},{9},False,,12
C_SSJ020,,,,2,,{},{1},{9},False,,12
C_SSJ021,,,,2,,{},{1},{9},False,,12
C_SSJ022,,,,2,,{},{1},{9},False,,12
C_SSJ023,,,,2,,{},{1},{9},False,,12
C_SSJ024,,,,2,,{},{1},{9},False,,12
C_SSJ025,,,,2,,{},{1},{9},False,,12
C_SSJ026,,,,2,,{},{1},{9},False,,12
C_SSL001,,,,2,,{},{1},{9},False,,12
C_SSV013,,,,2,,{},{1},{9},False,,12
C_STH000,,,,2,,{},{1},{9},False,,12
C_STH001,,,,2,,{},{1},{9},False,,12
C_STH002,,,,2,,{},{1},{9},False,,12
C_STH003,,,,2,,{},{1},{9},False,,12
C_STH004,,,,2,,{},{1},{9},False,,12
C_STH005,,,,2,,{},{1},{9},False,,12
C_STH007,,,,2,,{},{1},{9},False,,12
C_STMPY,,,,2,,{},{1},{9},False,,12
C_STN004,,,,2,,{},{1},{9},False,,12
C_STN009,,,,2,,{},{1},{9},False,,12
C_STN014,,,,2,,{},{1},{9},False,,12
C_STN021,,,,2,,{},{1},{9},False,,12
C_STN026,,,,2,,{},{1},{9},False,,12
C_STS004,,,,2,,{},{1},{9},False,2,12
C_STS011,,,,2,,{},{1},{9},False,2,12
C_STS017,,,,2,,{},{1},{9},False,2,12
C_STS020,,,,2,,{},{1},{9},False,2,12
C_STS030,,,,2,,{},{1},{9},False,2,12
C_STS036,,,,2,,{},{1},{9},False,2,12
C_STS043,,,,2,,{},{1},{9},False,2,12
C_STS048,,,,2,,{},{1},{9},False,2,12
C_STS050,,,,2,,{},{1},{9},False,2,12
C_STS053,,,,2,,{},{1},{9},False,2,12
C_STS058,,,,2,,{},{1},{9},False,2,12
C_STS059,,,,2,,{},{1},{9},False,2,12
C_STS060,,,,2,,{},{1},{9},False,2,12
C_STS069,,,,2,,{},{1},{9},False,2,12
C_STS072,,,,2,,{},{1},{9},False,2,12
C_STS085,,,,2,,{},{1},{9},False,2,12
C_STS090,,,,2,,{},{1},{9},False,2,12
C_STS091,,,,2,,{},{1},{9},False,2,12
C_STS093,,,,2,,{},{1},{9},False,2,12
C_STV006,,,,2,,{},{1},{9},False,,12
C_STV007,,,,2,,{},{1},{9},False,,12
C_SVRWD,,,,2,,{},{1},{9},False,,12
C_SYC000,,,,2,,{},{1},{9},False,,12
C_SYC001,,,,2,,{},{1},{9},False,,12
C_SYC002,,,,2,,{},{1},{9},False,,12
C_SYC003,,,,2,,{},{1},{9},False,,12
C_SYC020,,,,2,,{},{1},{9},False,,12
C_TAB000,,,,2,,{},{1},{9},False,,12
C_TCC001,,,,2,,{},{1},{9},False,,12
C_TCC022,,,,2,,{},{1},{9},False,,12
C_TCC031,,,,2,,{},{1},{9},False,,12
C_TCC036,,,,2,,{},{1},{9},False,,12
C_TCC062,,,,2,,{},{1},{9},False,,12
C_TCC066,,,,2,,{},{1},{9},False,,12
C_TCC081,,,,2,,{},{1},{9},False,,12
C_TCC085,,,,2,,{},{1},{9},False,,12
C_TFR000,,,,2,,{},{1},{9},False,,12
C_TGC002,,,,2,,{},{1},{9},False,,12
C_TGC003,,,,2,,{},{1},{9},False,,12
C_TGR000,,,,2,,{},{1},{9},False,,12
C_TGR001,,,,2,,{},{1},{9},False,,12
C_TGR002,,,,2,,{},{1},{9},False,,12
C_TGR006,,,,2,,{},{1},{9},False,,12
C_TGR021,,,,2,,{},{1},{9},False,,12
C_THM005,,,,2,,{},{1},{9},False,,12
C_THM012,,,,2,,{},{1},{9},False,,12
C_THM017,,,,2,,{},{1},{9},False,,12
C_THM021,,,,2,,{},{1},{9},False,,12
C_THM026,,,,2,,{},{1},{9},False,,12
C_THM028,,,,2,,{},{1},{9},False,,12
C_THRMA,,,,2,,{},{1},{9},False,,12
C_THRMF,,,,2,,{},{1},{9},False,,12
C_TRN111,,,,2,,{},{1},{9},False,,12
C_TRNSF,,,,2,,{},{1},{9},False,,12
C_TRNTY,,,,2,,{},{1},{9},False,,12
C_TSC001,,,,2,,{},{1},{9},False,,12
C_TTC000,,,,2,,{},{1},{9},False,,12
C_TTC002,,,,2,,{},{1},{9},False,,12
C_TULOC,,,,2,,{},{1},{9},False,4,12
C_TUO003,,,,2,,{},{1},{9},False,2,12
C_TUO004,,,,2,,{},{1},{9},False,2,12
C_TUO010,,,,2,,{},{1},{9},False,2,12
C_TUO015,,,,2,,{},{1},{9},False,2,12
C_TUO017,,,,2,,{},{1},{9},False,2,12
C_TUO022,,,,2,,{},{1},{9},False,2,12
C_TUO030,,,,2,,{},{1},{9},False,2,12
C_TUO033,,,,2,,{},{1},{9},False,2,12
C_TUO036,,,,2,,{},{1},{9},False,2,12
C_TUO043,,,,2,,{},{1},{9},False,2,12
C_TUO047,,,,2,,{},{1},{9},False,2,12
C_TUO053,,,,2,,{},{1},{9},False,2,12
C_TUO054,,,,2,,{},{1},{9},False,2,12
C_TUO073,,,,2,,{},{1},{9},False,2,12
C_TUO081,,,,2,,{},{1},{9},False,2,12
C_TUO091,,,,2,,{},{1},{9},False,2,12
C_TUO096,,,,2,,{},{1},{9},False,2,12
C_TUO097,,,,2,,{},{1},{9},False,2,12
C_TUO102,,,,2,,{},{1},{9},False,2,12
C_TUO103,,,,2,,{},{1},{9},False,2,12
C_TUO104,,,,2,,{},{1},{9},False,2,12
C_TUO105,,,,2,,{},{1},{9},False,2,12
C_TUO106,,,,2,,{},{1},{9},False,2,12
C_TUO116,,,,2,,{},{1},{9},False,2,12
C_TUR001,,,,2,,{},{1},{9},False,,12
C_TWL005,,,,2,,{},{1},{9},False,,12
C_UBEAR,,,,2,,{},{1},{9},False,,12
C_UFC000,,,,2,,{},{1},{9},False,,12
C_UNVLY,,,,2,,{},{1},{9},False,,12
C_UTC001,,,,2,,{},{1},{9},False,,12
C_UTC014,,,,2,,{},{1},{9},False,,12
C_VLW008,,,,2,,{},{1},{9},False,,12
C_WBF006,,,,2,,{},{1},{9},False,,12
C_WBF015,,,,2,,{},{1},{9},False,,12
C_WBF030,,,,2,,{},{1},{9},False,,12
C_WBF039,,,,2,,{},{1},{9},False,,12
C_WBR001,,,,2,,{},{1},{9},False,,12
C_WCN002,,,,2,,{},{1},{9},False,,12
C_WEC000,,,,2,,{},{1},{9},False,,12
C_WKYTN,,,,2,,{},{1},{9},False,,12
C_WLF013,,,,2,,{},{1},{9},False,,12
C_WLF017,,,,2,,{},{1},{9},False,,12
C_WLF021,,,,2,,{},{1},{9},False,,12
C_WLW000,,,,2,,{},{1},{9},False,,12
C_WLW005,,,,2,,{},{1},{9},False,,12
C_WPT005,,,,2,,{},{1},{9},False,,12
C_WPT006,,,,2,,{},{1},{9},False,,12
C_WRD000,,,,2,,{},{1},{9},False,,12
C_WRD003,,,,2,,{},{1},{9},False,,12
C_WRD004,,,,2,,{},{1},{9},False,,12
C_WRD005,,,,2,,{},{1},{9},False,,12
C_WRD006,,,,2,,{},{1},{9},False,,12
C_WRM003,,,,2,,{},{1},{9},False,,12
C_WRM004,,,,2,,{},{1},{9},False,,12
C_WRT000,,,,2,,{},{1},{9},False,,12
C_WRT005,,,,2,,{},{1},{9},False,,12
C_WSB001,,,,2,,{},{1},{9},False,,12
C_WSB006,,,,2,,{},{1},{9},False,,12
C_WSB014,,,,2,,{},{1},{9},False,,12
C_WSB026,,,,2,,{},{1},{9},False,,12
C_WSB027,,,,2,,{},{1},{9},False,,12
C_WSB031,,,,2,,{},{1},{9},False,,12
C_WSE000,,,,2,,{},{1},{9},False,,12
C_WSE003,,,,2,,{},{1},{9},False,,12
C_WSE004,,,,2,,{},{1},{9},False,,12
C_WSE006,,,,2,,{},{1},{9},False,,12
C_WSE008,,,,2,,{},{1},{9},False,,12
C_WWC000,,,,2,,{},{1},{9},False,,12
C_WWC001,,,,2,,{},{1},{9},False,,12
C_WWC004,,,,2,,{},{1},{9},False,,12
C_WWC006,,,,2,,{},{1},{9},False,,12
C_WWW001,,,,2,,{},{1},{9},False,,12
C_XCC010,,,,2,,{},{1},{9},False,,12
C_XCC025,,,,2,,{},{1},{9},False,,12
C_XCC033,,,,2,,{},{1},{9},False,,12
C_XCC043,,,,2,,{},{1},{9},False,,12
C_XCC053,,,,2,,{},{1},{9},False,,12
C_YBP002,,,,2,,{},{1},{9},False,,12
C_YBP007,,,,2,,{},{1},{9},False,,12
C_YBP011,,,,2,,{},{1},{9},False,,12
C_YBP014,,,,2,,{},{1},{9},False,,12
C_YBP016,,,,2,,{},{1},{9},False,,12
C_YBP020,,,,2,,{},{1},{9},False,,12
C_YBP023,,,,2,,{},{1},{9},False,,12
C_YBP026,,,,2,,{},{1},{9},False,,12
C_YBP032,,,,2,,{},{1},{9},False,,12
C_YBP034,,,,2,,{},{1},{9},False,,12
C_YBP037,,,,2,,{},{1},{9},False,,12
C_YUB002,,,,2,,{},{1},{9},False,,12
C_YUB003,,,,2,,{},{1},{9},False,,12
C_YUB006,,,,2,,{},{1},{9},False,,12
C_YUB011,,,,2,,{},{1},{9},False,,12
C_YUB013,,,,2,,{},{1},{9},False,,12
C_YUB014,,,,2,,{},{1},{9},False,,12
C_YUB022,,,,2,,{},{1},{9},False,,12
C_YUB023,,,,2,,{},{1},{9},False,,12
C_YUB024,,,,2,,{},{1},{9},False,,12
C_YUB030,,,,2,,{},{1},{9},False,,12
C_YUB034,,,,2,,{},{1},{9},False,,12
C_YUB039,,,,2,,{},{1},{9},False,,12
Cache Creek,,,,2,,{},{1},{9},False,,12
Calaveras River,,,,2,,{},{1},{9},False,,12
Camino Reservoir,,,,2,,{},{1},{9},False,,12
Camp 62 Creek,,,,2,,{},{1},{9},False,,12
Camp Creek,,,,2,,{},{1},{9},False,,12
Camp Creek Diversion Dam,,,,2,,{},{1},{9},False,,12
Camp Creek Tunnel,,,,2,,{},{1},{9},False,,12
Camp Sixty,,One Creek,,2,,{},{1},{9},False,,12
Canyon Creek,,,,2,,{},{1},{9},False,,12
Capay Diversion Dam,,,,2,,{},{1},{9},False,,12
Capita Canyon,,and minor streams,,2,,{},{1},{9},False,,12
Carley V Porter Tunnel,,,,2,,{},{1},{9},False,,12
Cascade Canal,,,,2,,{},{1},{9},False,,12
Casebeer Extension to DeadmanCreek,,,,2,,{},{1},{9},False,,12
Castaic Lagoon,,Reach 30),,2,,{},{1},{9},False,,12
Castaic Lake,,,,2,,{},{1},{9},False,,12
Castaic Power Plant,,,,2,,{},{1},{9},False,,12
Central Amador Water Project,,,,2,,{},{1},{9},False,,12
Check 1,,,,2,,{},{1},{9},False,,12
Check 10,,,,2,,{},{1},{9},False,,12
Check 11,,,,2,,{},{1},{9},False,,12
Check 12,,,,2,,{},{1},{9},False,,12
Check 13,,,,2,,{},{1},{9},False,,12
Check 14,,,,2,,{},{1},{9},False,,12
Check 15,,End of Repayment Reach 4,,2,,{},{1},{9},False,,12
Check 16,,,,2,,{},{1},{9},False,,12
Check 17,,,,2,,{},{1},{9},False,,12
Check 18,,End of Repayment Reach 5,,2,,{},{1},{9},False,,12
Check 19,,,,2,,{},{1},{9},False,,12
Check 2,,,,2,,{},{1},{9},False,,12
Check 20,,,,2,,{},{1},{9},False,,12
Check 21,,,,2,,{},{1},{9},False,,12
Check 22,,,,2,,{},{1},{9},False,,12
Check 23,,,,2,,{},{1},{9},False,,12
Check 24,,,,2,,{},{1},{9},False,,12
Check 25,,,,2,,{},{1},{9},False,,12
"Check 26, 27",,,,2,,{},{1},{9},False,,12
Check 28,,,,2,,{},{1},{9},False,,12
Check 29,,,,2,,{},{1},{9},False,,12
Check 3,,,,2,,{},{1},{9},False,,12
Check 32-24,,,,2,,{},{1},{9},False,,12
Check 37-39,,,,2,,{},{1},{9},False,,12
Check 4,,,,2,,{},{1},{9},False,,12
Check 42,,,,2,,{},{1},{9},False,,12
Check 5,,,,2,,{},{1},{9},False,,12
Check 6,,,,2,,{},{1},{9},False,,12
Check 7,,,,2,,{},{1},{9},False,,12
Check 8,,,,2,,{},{1},{9},False,,12
Check 9,,,,2,,{},{1},{9},False,,12
Check/Siphon,,End of Repayment Reach 2A,,2,,{},{1},{9},False,,12
Cherry Creek Local Inflow,,,,2,,{},{1},{9},False,,12
Chili Bar Reservoir,,,,2,,{},{1},{9},False,,12
Chinquapin Creek,,,,2,,{},{1},{9},False,,12
Chowchilla,,Bifurcation,,2,,{},{1},{9},False,,12
Chowchilla River,,,,2,,{},{1},{9},False,,12
Chrisman Pumping Plant,,,,2,,{},{1},{9},False,,12
City of,,Fairfield,,2,,{},{1},{9},False,,12
City of American,,Canyon,,2,,{},{1},{9},False,2,12
City of Antioch,,,,2,,{},{1},{9},False,,12
City of Benicia,,,,2,,{},{1},{9},False,,12
City of Stockton DWSP,,,,2,,{},{1},{9},False,,12
City of Vallejo,,,,2,,{},{1},{9},False,,12
Clark Fork Stanislaus River,,,,2,,{},{1},{9},False,,12
Clavey River,,,,2,,{},{1},{9},False,,12
Clear Creek,,,,2,,{},{1},{9},False,,12
Clear Creek Tunnel,,,,2,,{},{1},{9},False,,12
Clearlake-Lakeport,,,,2,,{},{1},{9},False,,12
Clifton Court Forebay,,,,2,,{},{1},{9},False,,12
Closure Term,,,,2,,{},{1},{9},False,,12
Closure term at Verona moved,,upstream to better model flood flows over the Fremont Weir,,2,,{},{1},{9},False,,12
Coachella Valley WD,,(Reach 26A),,2,,{},{1},{9},False,,12
Cole Creek Diversion #1,,,,2,,{},{1},{9},False,,12
Cole Creek Diversion #2,,,,2,,{},{1},{9},False,,12
Colgate Penstock not modeled,,explicitly. Simulated flows included in arc C_NBLDB,,2,,{},{1},{9},False,,12
Collierville Tunnel,,,,2,,{},{1},{9},False,,12
Combie Ophir Canal,,,,2,,{},{1},{9},False,,12
Confluence of West Branch Feather River,,and Philbrook Creek,,2,,{},{1},{9},False,,12
Contra Costa,,Water District,,2,,{},{1},{9},False,,12
Contra Costa Canal,,,,2,,{},{1},{9},False,,12
Corning Canal,,,,2,,{},{1},{9},False,,12
Corral Hollow and minor Creeks,,,,2,,{},{1},{9},False,,12
Cosumnes River,,,,2,,{},{1},{9},False,,12
Cottonwood Creek,,,,2,,{},{1},{9},False,,12
County of KIngs,,,,2,,{},{1},{9},False,,12
Cow Creek,,,,2,,{},{1},{9},False,1,12
Cox Spill,,,,2,,{},{1},{9},False,,12
Crater Creek,,,,2,,{},{1},{9},False,,12
Cresta Forebay,,,,2,,{},{1},{9},False,,12
Cresta Tunnel,,,,2,,{},{1},{9},False,,12
Crestline - Lake Arrowhead WA,,(Reach 24),,2,,{},{1},{9},False,,12
Crocker-Huffman Diversion Dam,,,,2,,{},{1},{9},False,,12
Cross Valley Canal,,,,2,,{},{1},{9},False,,12
D100,,,,2,,{},{1},{9},False,,12
D109,,,,2,,{},{1},{9},False,,12
D11,,,,2,,{},{1},{9},False,,12
D112,,,,2,,{},{1},{9},False,,12
D114,,,,2,,{},{1},{9},False,,12
D122A,,,,2,,{},{1},{9},False,,12
D122B,,,,2,,{},{1},{9},False,,12
D124,,,,2,,{},{1},{9},False,,12
D125,,,,2,,{},{1},{9},False,,12
D126,,,,2,,{},{1},{9},False,,12
D129A,,,,2,,{},{1},{9},False,,12
D143A,,,,2,,{},{1},{9},False,,12
D143B,,,,2,,{},{1},{9},False,,12
D145A,,,,2,,{},{1},{9},False,,12
D145B,,,,2,,{},{1},{9},False,,12
D160,,,,2,,{},{1},{9},False,,12
D163,,,,2,,{},{1},{9},False,,12
D165,,,,2,,{},{1},{9},False,,12
D166A,,,,2,,{},{1},{9},False,,12
D167,,,,2,,{},{1},{9},False,,12
D168,,,,2,,{},{1},{9},False,,12
D171,,,,2,,{},{1},{9},False,,12
D172,,,,2,,{},{1},{9},False,,12
D17301,,,,2,,{},{1},{9},False,,12
D174,,,,2,,{},{1},{9},False,,12
D178,,,,2,,{},{1},{9},False,,12
D18A,,,,2,,{},{1},{9},False,,12
D18B,,,,2,,{},{1},{9},False,,12
D201,,,,2,,{},{1},{9},False,,12
D202,,,,2,,{},{1},{9},False,,12
D204,,,,2,,{},{1},{9},False,,12
D206A,,,,2,,{},{1},{9},False,,12
D206B,,,,2,,{},{1},{9},False,,12
D206C,,,,2,,{},{1},{9},False,,12
D207A,,,,2,,{},{1},{9},False,,12
D207B,,,,2,,{},{1},{9},False,,12
D230,,,,2,,{},{1},{9},False,,12
D25,,,,2,,{},{1},{9},False,,12
D27,,,,2,,{},{1},{9},False,,12
D28,,,,2,,{},{1},{9},False,,12
D283,,,,2,,{},{1},{9},False,,12
D285,,,,2,,{},{1},{9},False,,12
D29,,,,2,,{},{1},{9},False,,12
D3,,,,2,,{},{1},{9},False,,12
D300,,,,2,,{},{1},{9},False,,12
D302,,,,2,,{},{1},{9},False,,12
D309B,,,,2,,{},{1},{9},False,,12
D309a,,,,2,,{},{1},{9},False,,12
D400B,,,,2,,{},{1},{9},False,,12
D403A,,,,2,,{},{1},{9},False,,12
D403B,,,,2,,{},{1},{9},False,,12
D404,,,,2,,{},{1},{9},False,,12
D406,,,,2,,{},{1},{9},False,,12
D407,,,,2,,{},{1},{9},False,,12
D409B,,,,2,,{},{1},{9},False,,12
D410,,,,2,,{},{1},{9},False,,12
D412,,,,2,,{},{1},{9},False,,12
D413,,,,2,,{},{1},{9},False,,12
D418,,,,2,,{},{1},{9},False,,12
D419,,,,2,,{},{1},{9},False,,12
D42,,,,2,,{},{1},{9},False,,12
D420,,,,2,,{},{1},{9},False,,12
D502,,,,2,,{},{1},{9},False,,12
D520A,,,,2,,{},{1},{9},False,,12
D520A1,,,,2,,{},{1},{9},False,,12
D520B,,,,2,,{},{1},{9},False,,12
D520C,,,,2,,{},{1},{9},False,,12
D521,,,,2,,{},{1},{9},False,,12
D540A,,,,2,,{},{1},{9},False,,12
D561,,,,2,,{},{1},{9},False,,12
D562,,,,2,,{},{1},{9},False,,12
D566,,,,2,,{},{1},{9},False,,12
D582,,,,2,,{},{1},{9},False,,12
D588,,,,2,,{},{1},{9},False,,12
D590,,,,2,,{},{1},{9},False,,12
D595,,,,2,,{},{1},{9},False,,12
D6,,,,2,,{},{1},{9},False,,12
D603,,,,2,,{},{1},{9},False,,12
D607A_SCHII,,,,2,,{},{1},{9},False,,12
D607A_WWD,,,,2,,{},{1},{9},False,,12
D607B-8B_CCC,,,,2,,{},{1},{9},False,,12
D607B-8B_FCC,,,,2,,{},{1},{9},False,,12
D607B-8B_SCHII,,,,2,,{},{1},{9},False,,12
D607C-8C_MWA,,,,2,,{},{1},{9},False,,12
D620A,,,,2,,{},{1},{9},False,,12
D620B,,,,2,,{},{1},{9},False,,12
D620C,,,,2,,{},{1},{9},False,,12
D637,,,,2,,{},{1},{9},False,,12
D700_BBID,,,,2,,{},{1},{9},False,,12
D700_TRACY,,,,2,,{},{1},{9},False,,12
D701_HWD,,,,2,,{},{1},{9},False,,12
D701_KCWD,,,,2,,{},{1},{9},False,1,12
D703,,,,2,,{},{1},{9},False,,12
D706_SLWD_PWD,,,,2,,{},{1},{9},False,,12
D707,,,,2,,{},{1},{9},False,,12
D78,,,,2,,{},{1},{9},False,,12
D78A,,,,2,,{},{1},{9},False,,12
D79,,,,2,,{},{1},{9},False,,12
D79_SEEP,,,,2,,{},{1},{9},False,,12
D7A,,,,2,,{},{1},{9},False,,12
D7B,,,,2,,{},{1},{9},False,,12
D8,,,,2,,{},{1},{9},False,,12
D801,,,,2,,{},{1},{9},False,,12
D802A,,,,2,,{},{1},{9},False,,12
D803,,,,2,,{},{1},{9},False,,12
D805,,,,2,,{},{1},{9},False,,12
D816,,,,2,,{},{1},{9},False,,12
D824,,,,2,,{},{1},{9},False,,12
D826,,,,2,,{},{1},{9},False,,12
D827,,,,2,,{},{1},{9},False,,12
D828,,,,2,,{},{1},{9},False,,12
D829,,,,2,,{},{1},{9},False,,12
D833,,,,2,,{},{1},{9},False,,12
D834,,,,2,,{},{1},{9},False,,12
D835,,,,2,,{},{1},{9},False,,12
D836,,,,2,,{},{1},{9},False,,12
D837,,,,2,,{},{1},{9},False,,12
D838,,,,2,,{},{1},{9},False,,12
D839,,,,2,,{},{1},{9},False,,12
D840,,,,2,,{},{1},{9},False,,12
D841,,,,2,,{},{1},{9},False,,12
D842,,,,2,,{},{1},{9},False,,12
D843,,,,2,,{},{1},{9},False,,12
D844,,,,2,,{},{1},{9},False,,12
D845,,,,2,,{},{1},{9},False,,12
D846,,,,2,,{},{1},{9},False,,12
D847,,,,2,,{},{1},{9},False,,12
D848,,,,2,,{},{1},{9},False,,12
D849,,,,2,,{},{1},{9},False,,12
D850,,,,2,,{},{1},{9},False,,12
D851 part,,,,2,,{},{1},{9},False,,12
D854,,,,2,,{},{1},{9},False,,12
D862,,,,2,,{},{1},{9},False,,12
D863,,,,2,,{},{1},{9},False,,12
D864,,,,2,,{},{1},{9},False,,12
D867,,,,2,,{},{1},{9},False,,12
D868,,,,2,,{},{1},{9},False,,12
D869,,,,2,,{},{1},{9},False,,12
D877,,,,2,,{},{1},{9},False,,12
D878,,,,2,,{},{1},{9},False,,12
D879,,,,2,,{},{1},{9},False,,12
D880,,,,2,,{},{1},{9},False,,12
D881,,,,2,,{},{1},{9},False,,12
D882,,,,2,,{},{1},{9},False,,12
D883,,,,2,,{},{1},{9},False,,12
D884,,,,2,,{},{1},{9},False,,12
D885,,,,2,,{},{1},{9},False,,12
D886,,,,2,,{},{1},{9},False,,12
D887,,,,2,,{},{1},{9},False,,12
D888,,,,2,,{},{1},{9},False,,12
D889,,,,2,,{},{1},{9},False,,12
D891,,,,2,,{},{1},{9},False,,12
D893,,,,2,,{},{1},{9},False,,12
D894,,,,2,,{},{1},{9},False,,12
D895,,,,2,,{},{1},{9},False,,12
D896,,,,2,,{},{1},{9},False,,12
D899,,,,2,,{},{1},{9},False,,12
D9,,,,2,,{},{1},{9},False,,12
D90 PMI,,,,2,,{},{1},{9},False,,12
DAVIS,,,,2,,{},{1},{9},False,,12
DA_MOK_MOK004_DV,,,,2,,{},{1},{9},False,,12
DA_OMR_OMR027_DV,,,,2,,{},{1},{9},False,3,12
DA_SACN_SAC041_DV,,,,2,,{},{1},{9},False,1,12
DA_SACS_SAC017_DV,,,,2,,{},{1},{9},False,1,12
DA_SACW_SAC000_DV,,,,2,,{},{1},{9},False,1,12
DA_SJRE_SJR026_DV,,,,2,,{},{1},{9},False,2,12
DA_SJRW_SJR013_DV,,,,2,,{},{1},{9},False,2,12
DBC014,,,,2,18,{24},{1},{9},False,,12
DBC024,,,,2,18,{24},{1},{9},False,,12
DCC008,,,,2,18,{24},{1},{9},False,,12
DCC009,,,,2,18,{24},{1},{9},False,,12
DCC010,,,,2,18,{24},{1},{9},False,,12
DCK012,,,,2,18,{24},{1},{9},False,,12
DCM019,,,,2,18,{24},{1},{9},False,,12
DCM027,,,,2,18,{24},{1},{9},False,,12
DCP North Delta Diversions,,,,2,,{},{1},{9},False,,12
DCT050,,,,2,18,{24},{1},{9},False,,12
DCWWTP,,,,2,20,{25},{1},{9},False,,12
DD_MOK004_MOK,,,,2,,{},{1},{9},False,,12
DD_OMR027_OMR,,,,2,,{},{1},{9},False,3,12
DD_SAC000_SACW,,,,2,,{},{1},{9},False,1,12
DD_SAC017_SACS,,,,2,,{},{1},{9},False,1,12
DD_SAC041_SACN,,,,2,,{},{1},{9},False,1,12
DD_SJR013_SJRW,,,,2,,{},{1},{9},False,2,12
DD_SJR026_SJRE,,,,2,,{},{1},{9},False,2,12
DED003,,,,2,18,{24},{1},{9},False,,12
DED010,,,,2,18,{24},{1},{9},False,,12
DED012,,,,2,18,{24},{1},{9},False,,12
DED019,,,,2,18,{24},{1},{9},False,,12
DED025,,,,2,18,{24},{1},{9},False,,12
DED032,,,,2,18,{24},{1},{9},False,,12
DED035,,,,2,18,{24},{1},{9},False,,12
DED038,,,,2,18,{24},{1},{9},False,,12
DED044,,,,2,18,{24},{1},{9},False,,12
DEE020,,,,2,18,{24},{1},{9},False,,12
DEE023,,,,2,18,{24},{1},{9},False,,12
DELVE,,,,2,,{},{1},{9},False,,12
DER001,,,,2,18,{24},{1},{9},False,,12
DER002,,,,2,18,{24},{1},{9},False,,12
DER004,,,,2,18,{24},{1},{9},False,,12
DER011,,,,2,18,{24},{1},{9},False,,12
DER018,,,,2,18,{24},{1},{9},False,,12
DER022,,,,2,18,{24},{1},{9},False,,12
DER027,,,,2,18,{24},{1},{9},False,,12
DES006,,,,2,18,{24},{1},{9},False,,12
DFF005,,,,2,18,{24},{1},{9},False,,12
DHC001,,,,2,18,{24},{1},{9},False,,12
DHC021,,,,2,18,{24},{1},{9},False,,12
DMC000,,,,2,18,{24},{1},{9},False,,12
DMC003,,,,2,18,{24},{1},{9},False,,12
DMC007,,,,2,18,{24},{1},{9},False,,12
DMC011,,,,2,18,{24},{1},{9},False,,12
DMC016,,,,2,18,{24},{1},{9},False,,12
DMC021,,,,2,18,{24},{1},{9},False,,12
DMC024,,,,2,18,{24},{1},{9},False,,12
DMC030,,,,2,18,{24},{1},{9},False,,12
DMC034,,,,2,18,{24},{1},{9},False,,12
DMC039,,,,2,18,{24},{1},{9},False,,12
DMC044,,,,2,18,{24},{1},{9},False,,12
DMC049,,,,2,18,{24},{1},{9},False,,12
DMC054,,,,2,18,{24},{1},{9},False,,12
DMC058,,,,2,18,{24},{1},{9},False,,12
DMC064,,,,2,18,{24},{1},{9},False,,12
DMC070,,,,2,18,{24},{1},{9},False,,12
DMC074,,,,2,18,{24},{1},{9},False,,12
DMC076,,,,2,18,{24},{1},{9},False,,12
DMC080,,,,2,18,{24},{1},{9},False,,12
DMC085,,,,2,18,{24},{1},{9},False,,12
DMC091,,,,2,18,{24},{1},{9},False,,12
DMC097,,,,2,18,{24},{1},{9},False,,12
DMC105,,,,2,18,{24},{1},{9},False,,12
DMC111,,,,2,18,{24},{1},{9},False,,12
DMC116,,,,2,18,{24},{1},{9},False,,12
DONLL,,,,2,,{},{1},{9},False,,12
DPC008,,,,2,18,{24},{1},{9},False,,12
DPH008,,,,2,18,{24},{1},{9},False,,12
DRC005,,,,2,18,{24},{1},{9},False,,12
DRC010,,,,2,18,{24},{1},{9},False,,12
DRC012,,,,2,18,{24},{1},{9},False,,12
DRM000,,,,2,18,{24},{1},{9},False,,12
DRM001,,,,2,18,{24},{1},{9},False,,12
DRM002,,,,2,18,{24},{1},{9},False,,12
DRM003,,,,2,18,{24},{1},{9},False,,12
DRM008,,,,2,18,{24},{1},{9},False,,12
DRM009,,,,2,18,{24},{1},{9},False,,12
DRM011,,,,2,18,{24},{1},{9},False,,12
DS Canal,,,,2,,{},{1},{9},False,,12
DSC008,,,,2,18,{24},{1},{9},False,,12
DSC012,,,,2,18,{24},{1},{9},False,,12
DSC016,,,,2,18,{24},{1},{9},False,,12
DSC023,,,,2,18,{24},{1},{9},False,,12
DSC026,,,,2,18,{24},{1},{9},False,,12
DSC028,,,,2,18,{24},{1},{9},False,,12
DSC035,,,,2,18,{24},{1},{9},False,,12
DVWWTP,,,,2,20,{25},{1},{9},False,,12
DWR (CDEC CRS),,Merced River at Cressey,,2,,{},{1},{9},False,,12
DWR (CDEC SJP),,San Joaquin River near Patterson Landing,,2,,{},{1},{9},False,,12
DWR A02570 (ORD),,Sacramento River at Ord Ferry,,2,,{},{1},{9},False,,12
DWR A02630 (HMC),,Sacramento  River at Hamilton City,,2,,{},{1},{9},False,,12
DWR A02700 (VIN),,Sacramento  River at Vina-Woodson Bridge,,2,,{},{1},{9},False,,12
DWR A02925 (CDEC SSK),,Sacramento Slough near Karnak,,2,,{},{1},{9},False,,12
DWR A02926 (CDEC SBP),,RD 1500 Karnak PP,,2,,{},{1},{9},False,,12
DWR A02945,,Colusa Basin Drain at Knights Landing,,2,,{},{1},{9},False,,12
DWR A02960,,Tisdale Weir Spill to Sutter Bypass,,2,,{},{1},{9},False,,12
DWR A02967,,Butte Slough at Outfall Gates near Colusa,,2,,{},{1},{9},False,,12
DWR A02972,,Butte Slough near Meridian,,2,,{},{1},{9},False,,12
DWR A02981 Colusa Weir Spill to,,Butte Basin near Colusa,,2,,{},{1},{9},False,,12
DWR A04150,,Butte Creek near Gridley,,2,,{},{1},{9},False,,12
DWR A04158,,Butte Creek below Western Canal near Nelson,,2,,{},{1},{9},False,,12
DWR A05135 (YUB),,Feather River at Yuba City,,2,,{},{1},{9},False,,12
DWR A05165 (GrL),,Feather River near Gridley,,2,,{},{1},{9},False,,12
DWR AO2976 (CDR),,Colusa  Drain near Highway 20,,2,,{},{1},{9},False,,12
DWR B0-2805,,French Camp Slough near French Camp,,2,,{},{1},{9},False,,12
DWR B03175(CDEC OBB),,Stanislaus River at Orange Blossom Bridge,,2,,{},{1},{9},False,,12
DWR B04105,,Tuolumne River at Tuolumne City,,2,,{},{1},{9},False,,12
DWR B04150,,Tuolumne River at Hickman Bridge,,2,,{},{1},{9},False,,12
DWR B05170(CDEC MSN),,Merced River near Snelling,,2,,{},{1},{9},False,,12
DWR B07610,,San Joaquin River near Dos Palos,,2,,{},{1},{9},False,,12
DWR B11150,,Cosumnes River at Michigan Bar,,2,,{},{1},{9},False,,12
DWR Bear Creek,,below Eastside Canal,,2,,{},{1},{9},False,,12
DWR ELN,,Eastside Bypass near El Nido,,2,,{},{1},{9},False,,12
DWRPS1,,,,2,15,{25},{1},{9},False,,12
DWRPS2,,,,2,15,{25},{1},{9},False,,12
D_ABN006_23_NA,,,,2,,{},{1},{9},False,,12
D_ABN010_24_NA2,,,,2,,{},{1},{9},False,,12
D_ABN024_24_NA1,,,,2,,{},{1},{9},False,,12
D_ABT002_STH001,,,,2,,{},{1},{9},False,,12
D_ALD002_EDC004,,,,2,,{},{1},{9},False,,12
D_ALMNR_BVT003,,,,2,,{},{1},{9},False,,12
D_AMADR_60N_NA1,,,,2,,{},{1},{9},False,,12
D_AMR007_WTPFBN,,,,2,,{},{1},{9},False,1,12
D_AMR017_WTPBJM,,,,2,,{},{1},{9},False,1,12
D_ANC000_ANGLS,,,,2,,{},{1},{9},False,,12
D_ANG015_ANC000,,,,2,,{},{1},{9},False,,12
D_ANT010_05_NA,,,,2,,{},{1},{9},False,,12
D_ARY010_72_PR3,,,,2,,{},{1},{9},False,,12
D_ARY010_72_PR4,,,,2,,{},{1},{9},False,,12
D_ARY010_72_PR6,,,,2,,{},{1},{9},False,,12
D_ARY010_72_XA1,,,,2,,{},{1},{9},False,,12
D_ASL013_64_PA2,,,,2,,{},{1},{9},False,,12
D_BASSL_PCB001,,,,2,,{},{1},{9},False,,12
D_BCK006_ESC004,,,,2,,{},{1},{9},False,,12
D_BCK033_BCK006,,,,2,,{},{1},{9},False,,12
D_BCM003_WSPNT_NU,,,,2,,{},{1},{9},False,,12
D_BCN005_03_NA,,,,2,,{},{1},{9},False,,12
D_BEC021_BECLOS,,,,2,,{},{1},{9},False,,12
D_BEC021_LBC032,,,,2,,{},{1},{9},False,,12
D_BEC022_WTPBWM,,,,2,,{},{1},{9},False,,12
D_BGC002_PLMAS,,,,2,,{},{1},{9},False,,12
D_BGCD4_BP2004,,,,2,,{},{1},{9},False,,12
D_BGCD5_BP8001,,,,2,,{},{1},{9},False,,12
D_BGCD6_BP3005,,,,2,,{},{1},{9},False,,12
D_BGD000_17N_PR,,,,2,,{},{1},{9},False,,12
D_BKR004_NBA009,,,,2,,{},{1},{9},False,,12
D_BLSMM_EPS002,,,,2,,{},{1},{9},False,,12
D_BOC001_WRD006,,,,2,,{},{1},{9},False,,12
D_BRC001_BCT001,,,,2,,{},{1},{9},False,,12
D_BRR017_23_NA,,,,2,,{},{1},{9},False,,12
D_BRR050_BEC000,,,,2,,{},{1},{9},False,,12
D_BRR061_CPF001,,,,2,,{},{1},{9},False,,12
D_BRR066_DFF005,,,,2,,{},{1},{9},False,,12
D_BRS018_64_PA2,,,,2,,{},{1},{9},False,,12
D_BRV002_TGR006,,,,2,,{},{1},{9},False,,12
D_BRYSA_NAPA2,,,,2,,{},{1},{9},False,,12
D_BSC010_SFY043,,,,2,,{},{1},{9},False,,12
D_BSC010_SFY043_NID,,,,2,,{},{1},{9},False,,12
D_BSC010_SFY043_PGE,,,,2,,{},{1},{9},False,,12
D_BSH003_CMN005,,,,2,,{},{1},{9},False,,12
D_BSL000_SAC141,,,,2,,{},{1},{9},False,1,12
D_BSL001_18_NA,,,,2,,{},{1},{9},False,,12
D_BSM001_BGCRK,,,,2,,{},{1},{9},False,,12
D_BTC012_09_SA2,,,,2,,{},{1},{9},False,,12
D_BTC012_CRK005,,,,2,,{},{1},{9},False,,12
D_BTC036_10_NA,,,,2,,{},{1},{9},False,,12
D_BTC043_10_NA,,,,2,,{},{1},{9},False,,12
D_BTC045_ESL008,,,,2,,{},{1},{9},False,,12
D_BTL006_03_NA,,,,2,,{},{1},{9},False,,12
D_BTVLY_CRB002,,,,2,,{},{1},{9},False,,12
D_BVC007_BVT000,,,,2,,{},{1},{9},False,,12
D_C62001_WRD005,,,,2,,{},{1},{9},False,,12
D_CAA002_50_PA2,,,,2,,{},{1},{9},False,,12
D_CAA005_CAALOS,,,,2,,{},{1},{9},False,,12
D_CAA005_SBA000,,,,2,,{},{1},{9},False,5,12
D_CAA006_CAALOS,,,,2,,{},{1},{9},False,,12
D_CAA009_CAALOS,,,,2,,{},{1},{9},False,,12
D_CAA009_DMC007,,,,2,,{},{1},{9},False,,12
D_CAA012_71_PU1,,,,2,,{},{1},{9},False,,12
D_CAA024_CAALOS,,,,2,,{},{1},{9},False,,12
D_CAA046_71_PA7,,,,2,,{},{1},{9},False,,12
D_CAA046_CAALOS,,,,2,,{},{1},{9},False,,12
D_CAA051_CAALOS,,,,2,,{},{1},{9},False,,12
D_CAA066_71_PU2,,,,2,,{},{1},{9},False,,12
D_CAA066_CAALOS,,,,2,,{},{1},{9},False,,12
D_CAA069_DMC070,,,,2,,{},{1},{9},False,,12
D_CAA069_SLUIS,,,,2,,{},{1},{9},False,,12
D_CAA069_SLUIS_F,,,,2,,{},{1},{9},False,,12
D_CAA069_SLUIS_S,,,,2,,{},{1},{9},False,,12
D_CAA071_CAALOS,,,,2,,{},{1},{9},False,,12
D_CAA087_73_PA1,,,,2,,{},{1},{9},False,,12
D_CAA087_CAALOS,,,,2,,{},{1},{9},False,,12
D_CAA109_73_PA3,,,,2,,{},{1},{9},False,,12
D_CAA109_90_PA1,,,,2,,{},{1},{9},False,,12
D_CAA109_CAALOS,,,,2,,{},{1},{9},False,,12
D_CAA143_90_PA1,,,,2,,{},{1},{9},False,,12
D_CAA143_90_PA2,,,,2,,{},{1},{9},False,,12
D_CAA143_90_PU,,,,2,,{},{1},{9},False,,12
D_CAA143_CAALOS,,,,2,,{},{1},{9},False,,12
D_CAA155_90_PA1,,,,2,,{},{1},{9},False,,12
D_CAA155_CAALOS,,,,2,,{},{1},{9},False,,12
D_CAA156_90_PU,,,,2,,{},{1},{9},False,,12
D_CAA165_90_PU,,,,2,,{},{1},{9},False,,12
D_CAA172_90_PA1,,,,2,,{},{1},{9},False,,12
D_CAA172_CAALOS,,,,2,,{},{1},{9},False,,12
D_CAA173_EMPIRE,,,,2,,{},{1},{9},False,,12
D_CAA181_KINGS,,,,2,,{},{1},{9},False,,12
D_CAA183_TULARE,,,,2,,{},{1},{9},False,4,12
D_CAA184_DUDLEY,,,,2,,{},{1},{9},False,,12
D_CAA185_CSB001,,,,2,,{},{1},{9},False,,12
D_CAA194_KERN,,,,2,,{},{1},{9},False,,12
D_CAA207_LCP,,,,2,,{},{1},{9},False,,12
D_CAA220_CAALOS,,,,2,,{},{1},{9},False,,12
D_CAA238_CVPCV,,,,2,,{},{1},{9},False,,12
D_CAA239_CVPRF,,,,2,,{},{1},{9},False,,12
D_CAA242_KERN,,,,2,,{},{1},{9},False,,12
D_CAA278_CAALOS,,,,2,,{},{1},{9},False,,12
D_CAA279_KERN,,,,2,,{},{1},{9},False,,12
D_CAA280_CAALOS,,,,2,,{},{1},{9},False,,12
D_CAA304_WSB001,,,,2,,{},{1},{9},False,,12
D_CAA305_ESB306,,,,2,,{},{1},{9},False,,12
D_CBC000_NIDBR_NA,,,,2,,{},{1},{9},False,,12
D_CBC000_PINES,,,,2,,{},{1},{9},False,,12
D_CBC001_24_NA1,,,,2,,{},{1},{9},False,,12
D_CBC001_CBCLOS,,,,2,,{},{1},{9},False,,12
D_CBC001_CCK036,,,,2,,{},{1},{9},False,,12
D_CBD000_KLR005,,,,2,,{},{1},{9},False,,12
D_CBD028_08S_PA,,,,2,,{},{1},{9},False,,12
D_CBD028_08S_SA3,,,,2,,{},{1},{9},False,,12
D_CBD037_08S_PR,,,,2,,{},{1},{9},False,,12
D_CBD041_08S_SA1,,,,2,,{},{1},{9},False,,12
D_CBD041_08S_SA2,,,,2,,{},{1},{9},False,,12
D_CBD049_08N_PA,,,,2,,{},{1},{9},False,,12
D_CBD049_08N_SA1,,,,2,,{},{1},{9},False,,12
D_CCC007_ANTOC,,,,2,,{},{1},{9},False,,12
D_CCC019_CCWD,,,,2,,{},{1},{9},False,1,12
D_CCH030_20_NA1,,,,2,,{},{1},{9},False,,12
D_CCH052_20_NA1,,,,2,,{},{1},{9},False,,12
D_CCL005_04_PA1,,,,2,,{},{1},{9},False,,12
D_CCS010_BSC000,,,,2,,{},{1},{9},False,,12
D_CGT005_14_NA,,,,2,,{},{1},{9},False,,12
D_CHIPPS_CCC019,,,,2,,{},{1},{9},False,,12
D_CHRRY_CHY000,,,,2,,{},{1},{9},False,,12
D_CHW017_64_PA2,,,,2,,{},{1},{9},False,,12
D_CHW028_ASL013,,,,2,,{},{1},{9},False,,12
D_CHW028_BRS018,,,,2,,{},{1},{9},False,,12
D_CHY006_LCA001,,,,2,,{},{1},{9},False,,12
D_CLR009_02_NA,,,,2,,{},{1},{9},False,1,12
D_CLRLK_CLLPT,,,,2,,{},{1},{9},False,1,12
D_CLV026_60S_PA1,,,,2,,{},{1},{9},False,,12
D_CLV026_WTPWDH,,,,2,,{},{1},{9},False,,12
D_CLV037_CACWD,,,,2,,{},{1},{9},False,1,12
D_CLV043_WTPJYL,,,,2,,{},{1},{9},False,,12
D_CMBIE_CBC000,,,,2,,{},{1},{9},False,,12
D_CMP014_JNKSN,,,,2,,{},{1},{9},False,,12
D_COL001_TGR002,,,,2,,{},{1},{9},False,,12
D_COL002_BRT003,,,,2,,{},{1},{9},False,,12
D_COW014_03_NA,,,,2,,{},{1},{9},False,1,12
D_CPT012_MNT000,,,,2,,{},{1},{9},False,,12
D_CPT012_TUO105,,,,2,,{},{1},{9},False,2,12
D_CQC001_WRD003,,,,2,,{},{1},{9},False,,12
D_CRC002_22_SA1,,,,2,,{},{1},{9},False,,12
D_CRC002_FLRNC,,,,2,,{},{1},{9},False,,12
D_CRK005_17N_NR,,,,2,,{},{1},{9},False,,12
D_CRRLN_SPA001,,,,2,,{},{1},{9},False,,12
D_CSB004_GVWD,,,,2,,{},{1},{9},False,,12
D_CSB009_CLRTA1_DDWD,,,,2,,{},{1},{9},False,1,12
D_CSB015_KERN_BMWD,,,,2,,{},{1},{9},False,,12
D_CSB038_OBISPO,,,,2,,{},{1},{9},False,,12
D_CSB103_BRBRA,,,,2,,{},{1},{9},False,,12
D_CSD014_GRSVL,,,,2,,{},{1},{9},False,,12
D_CSD014_NIDDC_NA1,,,,2,,{},{1},{9},False,,12
D_CSL005_25_NA,,,,2,,{},{1},{9},False,,12
D_CSM033_RNCHO,,,,2,,{},{1},{9},False,,12
D_CSTIC_VNTRA,,,,2,,{},{1},{9},False,,12
D_CVT005_UTC000,,,,2,,{},{1},{9},False,,12
D_CWD009_02_NA,,,,2,,{},{1},{9},False,1,12
D_CYN009_LBC001,,,,2,,{},{1},{9},False,,12
D_CYN010_TWL005,,,,2,,{},{1},{9},False,,12
D_DBC014_64_PA1,,,,2,,{},{1},{9},False,,12
D_DCC009_FRMDW,,,,2,,{},{1},{9},False,,12
D_DED010_63_PR2,,,,2,,{},{1},{9},False,,12
D_DED025_63_NA5,,,,2,,{},{1},{9},False,,12
D_DER004_NIDDC_NA2,,,,2,,{},{1},{9},False,,12
D_DER011_NIDDC_NA2,,,,2,,{},{1},{9},False,,12
D_DER018_NWT013,,,,2,,{},{1},{9},False,,12
D_DER022_DES006,,,,2,,{},{1},{9},False,,12
D_DES006_GRSVL,,,,2,,{},{1},{9},False,,12
D_DES006_NIDDC_NA1,,,,2,,{},{1},{9},False,,12
D_DES006_WLF017,,,,2,,{},{1},{9},False,,12
D_DMC007_CAA009,,,,2,,{},{1},{9},False,,12
D_DMC011_71_PA8,,,,2,,{},{1},{9},False,,12
D_DMC011_DMCLOS,,,,2,,{},{1},{9},False,,12
D_DMC016_DMCLOS,,,,2,,{},{1},{9},False,,12
D_DMC016_WTPJJO,,,,2,,{},{1},{9},False,,12
D_DMC021_50_PA1,,,,2,,{},{1},{9},False,,12
D_DMC021_DMCLOS,,,,2,,{},{1},{9},False,,12
D_DMC024_DMCLOS,,,,2,,{},{1},{9},False,,12
D_DMC030_71_PA1,,,,2,,{},{1},{9},False,,12
D_DMC030_DMCLOS,,,,2,,{},{1},{9},False,,12
D_DMC034_71_PA2,,,,2,,{},{1},{9},False,,12
D_DMC034_71_PA3,,,,2,,{},{1},{9},False,,12
D_DMC034_DMCLOS,,,,2,,{},{1},{9},False,,12
D_DMC034_WWW001,,,,2,,{},{1},{9},False,,12
D_DMC039_DMCLOS,,,,2,,{},{1},{9},False,,12
D_DMC044_71_PA4,,,,2,,{},{1},{9},False,,12
D_DMC044_71_PA5,,,,2,,{},{1},{9},False,,12
D_DMC044_DMCLOS,,,,2,,{},{1},{9},False,,12
D_DMC049_DMCLOS,,,,2,,{},{1},{9},False,,12
D_DMC054_DMCLOS,,,,2,,{},{1},{9},False,,12
D_DMC054_NMW004,,,,2,,{},{1},{9},False,,12
D_DMC058_DMCLOS,,,,2,,{},{1},{9},False,,12
D_DMC064_71_PA6,,,,2,,{},{1},{9},False,,12
D_DMC064_DMCLOS,,,,2,,{},{1},{9},False,,12
D_DMC070_73_PA1,,,,2,,{},{1},{9},False,,12
D_DMC070_CAA069,,,,2,,{},{1},{9},False,,12
D_DMC070_DMCLOS,,,,2,,{},{1},{9},False,,12
D_DMC070_VLW008,,,,2,,{},{1},{9},False,,12
D_DMC074_DMCLOS,,,,2,,{},{1},{9},False,,12
D_DMC076_XCC043,,,,2,,{},{1},{9},False,,12
D_DMC080_DMCLOS,,,,2,,{},{1},{9},False,,12
D_DMC085_DMCLOS,,,,2,,{},{1},{9},False,,12
D_DMC091_73_PA3,,,,2,,{},{1},{9},False,,12
D_DMC097_DMCLOS,,,,2,,{},{1},{9},False,,12
D_DMC105_73_PA2,,,,2,,{},{1},{9},False,,12
D_DMC105_DMCLOS,,,,2,,{},{1},{9},False,,12
D_DMC111_73_XA,,,,2,,{},{1},{9},False,,12
D_DMC111_DMCLOS,,,,2,,{},{1},{9},False,,12
D_DMC111_FBW001,,,,2,,{},{1},{9},False,,12
D_DMC116_DMCLOS,,,,2,,{},{1},{9},False,,12
D_DONLL_DPH008,,,,2,,{},{1},{9},False,,12
D_DRC005_05_NA,,,,2,,{},{1},{9},False,,12
D_DRC010_05_NA,,,,2,,{},{1},{9},False,,12
D_DRM000_DRM001,,,,2,,{},{1},{9},False,,12
D_DRM002_SYC001,,,,2,,{},{1},{9},False,,12
D_DRM003_BRR074,,,,2,,{},{1},{9},False,,12
D_DRM003_DRMLOS,,,,2,,{},{1},{9},False,,12
D_DRM009_CYN010,,,,2,,{},{1},{9},False,,12
D_DWRPS1_16_NA2,,,,2,,{},{1},{9},False,,12
D_DWRPS2_11_NA,,,,2,,{},{1},{9},False,,12
D_EBP016_64_NA2,,,,2,,{},{1},{9},False,,12
D_EBP042_ESC004,,,,2,,{},{1},{9},False,,12
D_EBP048_63_PR3,,,,2,,{},{1},{9},False,,12
D_EBTML_EBLOS,,,,2,,{},{1},{9},False,,12
D_EBTML_EBMUD,,,,2,,{},{1},{9},False,,12
D_ECHOL_ELC001,,,,2,,{},{1},{9},False,,12
D_EDC007_SFA059,,,,2,,{},{1},{9},False,,12
D_EDC014_JNKSN,,,,2,,{},{1},{9},False,,12
D_EDC021_EDCOCA_NA3,,,,2,,{},{1},{9},False,,12
D_EDC021_EDP003,,,,2,,{},{1},{9},False,,12
D_EDC021_ELDID_NA2,,,,2,,{},{1},{9},False,,12
D_EDC021_WTPRS1,,,,2,,{},{1},{9},False,,12
D_ELD012_04_NA,,,,2,,{},{1},{9},False,,12
D_ELENR_ECT001,,,,2,,{},{1},{9},False,,12
D_ELT000_TBAUD,,,,2,,{},{1},{9},False,,12
D_ELY001_BP2004,,,,2,,{},{1},{9},False,,12
D_EPARK_SCKWD,,,,2,,{},{1},{9},False,,12
D_ESB324_AVEK,,,,2,,{},{1},{9},False,,12
D_ESB347_PLMDL,,,,2,,{},{1},{9},False,,12
D_ESB355_LROCK,,,,2,,{},{1},{9},False,,12
D_ESB361_ESBLOS,,,,2,,{},{1},{9},False,,12
D_ESB403_MOJVE,,,,2,,{},{1},{9},False,,12
D_ESB406_ESBLOS,,,,2,,{},{1},{9},False,,12
D_ESB407_CCHLA,,,,2,,{},{1},{9},False,,12
D_ESB408_DESRT,,,,2,,{},{1},{9},False,,12
D_ESB413_MWDSC,,,,2,,{},{1},{9},False,,12
D_ESB414_BRDNO,,,,2,,{},{1},{9},False,,12
D_ESB415_GABRL,,,,2,,{},{1},{9},False,,12
D_ESB420_GRGNO,,,,2,,{},{1},{9},False,,12
D_ESB425_ESBLOS,,,,2,,{},{1},{9},False,,12
D_ESC005_63_PR1,,,,2,,{},{1},{9},False,,12
D_ESC005_EBP050,,,,2,,{},{1},{9},False,,12
D_ESC020_63_NA4,,,,2,,{},{1},{9},False,,12
D_ESL008_09_SA1,,,,2,,{},{1},{9},False,,12
D_FDC006_14_NA,,,,2,,{},{1},{9},False,,12
D_FHT015_SFPUC,,,,2,,{},{1},{9},False,,12
D_FLRNC_WRD000,,,,2,,{},{1},{9},False,,12
D_FOLSM_26S_NU4,,,,2,,{},{1},{9},False,,12
D_FOLSM_26S_PU3,,,,2,,{},{1},{9},False,,12
D_FOLSM_EDCOCA_NA1,,,,2,,{},{1},{9},False,,12
D_FOLSM_EDCOCA_NA2,,,,2,,{},{1},{9},False,,12
D_FOLSM_EDCOCA_NU1,,,,2,,{},{1},{9},False,,12
D_FOLSM_EDCOCA_NU2,,,,2,,{},{1},{9},False,,12
D_FOLSM_ELDID_NA3,,,,2,,{},{1},{9},False,,12
D_FOLSM_WTPEDH,,,,2,,{},{1},{9},False,,12
D_FOLSM_WTPFOL,,,,2,,{},{1},{9},False,,12
D_FOLSM_WTPRSV,,,,2,,{},{1},{9},False,,12
D_FOLSM_WTPSJP,,,,2,,{},{1},{9},False,,12
D_FPT013_FSC013,,,,2,,{},{1},{9},False,,12
D_FPT013_WTPVNY,,,,2,,{},{1},{9},False,,12
D_FRMDW_FMT002,,,,2,,{},{1},{9},False,,12
D_FRS036_64_PA1,,,,2,,{},{1},{9},False,,12
D_FSC003_FSCLOS,,,,2,,{},{1},{9},False,,12
D_FSC003_WTPCOL,,,,2,,{},{1},{9},False,,12
D_FSC015_60N_NA2,,,,2,,{},{1},{9},False,,12
D_FSC025_60N_PU,,,,2,,{},{1},{9},False,,12
D_FSC027_MAQ012,,,,2,,{},{1},{9},False,,12
D_FTR003_17S_SA,,,,2,,{},{1},{9},False,,12
D_FTR003_22_SA2,,,,2,,{},{1},{9},False,,12
D_FTR008_16_SA,,,,2,,{},{1},{9},False,,12
D_FTR014_16_SA,,,,2,,{},{1},{9},False,,12
D_FTR018_15S_SA,,,,2,,{},{1},{9},False,,12
D_FTR018_16_SA,,,,2,,{},{1},{9},False,,12
D_FTR021_16_PA,,,,2,,{},{1},{9},False,,12
D_FTR021_16_SA,,,,2,,{},{1},{9},False,,12
D_FTR028_15S_SA,,,,2,,{},{1},{9},False,,12
D_FTR031_WTPCYC,,,,2,,{},{1},{9},False,,12
D_FTR039_SEC009,,,,2,,{},{1},{9},False,,12
D_FTR045_15N_SA,,,,2,,{},{1},{9},False,,12
D_FTR059_12_SA,,,,2,,{},{1},{9},False,,12
D_FTR068_THRMF,,,,2,,{},{1},{9},False,,12
D_FTR074_CULOS,,,,2,,{},{1},{9},False,,12
D_GCC027_08N_PR1,,,,2,,{},{1},{9},False,,12
D_GCC027_08N_SA2,,,,2,,{},{1},{9},False,,12
D_GCC039_08N_PR2,,,,2,,{},{1},{9},False,,12
D_GCC056_08S_PR,,,,2,,{},{1},{9},False,,12
D_GCC056_08S_SA2,,,,2,,{},{1},{9},False,,12
D_GCC065_08S_PA,,,,2,,{},{1},{9},False,,12
D_GDD010_GDDLOS,,,,2,,{},{1},{9},False,,12
D_GDD010_GDPUD_NA,,,,2,,{},{1},{9},False,,12
D_GDD010_WTPWAL,,,,2,,{},{1},{9},False,,12
D_GERLE_SFR006,,,,2,,{},{1},{9},False,,12
D_GZL008_GFT003,,,,2,,{},{1},{9},False,,12
D_HHOLE_MFT003,,,,2,,{},{1},{9},False,,12
D_HNGTN_BP1003,,,,2,,{},{1},{9},False,,12
D_HNGTN_HCH001,,,,2,,{},{1},{9},False,,12
D_HPC001_FLRNC,,,,2,,{},{1},{9},False,,12
D_HTCHY_CPT012,,,,2,,{},{1},{9},False,,12
D_ICEHS_IHT002,,,,2,,{},{1},{9},False,,12
D_JBC002_17N_PR,,,,2,,{},{1},{9},False,,12
D_JBC002_RVC005,,,,2,,{},{1},{9},False,,12
D_JBC004_11_SA3,,,,2,,{},{1},{9},False,,12
D_JNKSN_EDCOCA_NA2,,,,2,,{},{1},{9},False,,12
D_JNKSN_EDCOCA_NA3,,,,2,,{},{1},{9},False,,12
D_JNKSN_ELDID_NA1,,,,2,,{},{1},{9},False,,12
D_JNKSN_ELDID_NA2,,,,2,,{},{1},{9},False,,12
D_JNKSN_WTPRSA,,,,2,,{},{1},{9},False,,12
D_KLR005_21_PA,,,,2,,{},{1},{9},False,,12
D_KRCKH_KPA008,,,,2,,{},{1},{9},False,,12
D_KRCKH_KPM010,,,,2,,{},{1},{9},False,,12
D_LBC001_LBCLOS,,,,2,,{},{1},{9},False,,12
D_LBC010_PCWA3,,,,2,,{},{1},{9},False,,12
D_LBC030_BEC021,,,,2,,{},{1},{9},False,,12
D_LBC038_WTPAUB,,,,2,,{},{1},{9},False,,12
D_LBC043_MRM001,,,,2,,{},{1},{9},False,,12
D_LBC049_24_NA3,,,,2,,{},{1},{9},False,,12
D_LBEAR_COL002,,,,2,,{},{1},{9},False,,12
D_LBR002_LBC001,,,,2,,{},{1},{9},False,,12
D_LBUCK_GRT003,,,,2,,{},{1},{9},False,,12
D_LCC024_09_NA,,,,2,,{},{1},{9},False,,12
D_LCC029_09_SA1,,,,2,,{},{1},{9},False,,12
D_LCC038_BTC043,,,,2,,{},{1},{9},False,,12
D_LDC007_11_SA2,,,,2,,{},{1},{9},False,,12
D_LJC010_60S_PA2,,,,2,,{},{1},{9},False,,12
D_LJC022_60S_PA1,,,,2,,{},{1},{9},False,,12
D_LJC022_WTPWDH,,,,2,,{},{1},{9},False,,12
D_LOONL_LLT000,,,,2,,{},{1},{9},False,,12
D_LOSVQ_TRNSF,,,,2,,{},{1},{9},False,,12
D_LRB004_BLT000,,,,2,,{},{1},{9},False,,12
D_LST004_WPT005,,,,2,,{},{1},{9},False,,12
D_LWSTN_CCT011,,,,2,,{},{1},{9},False,,12
D_LYONS_TCN000,,,,2,,{},{1},{9},False,,12
D_MAMTH_MPB007,,,,2,,{},{1},{9},False,,12
D_MAMTH_MTB001,,,,2,,{},{1},{9},False,,12
D_MAQ057_EBMUD,,,,2,,{},{1},{9},False,,12
D_MAQ057_EBTML,,,,2,,{},{1},{9},False,,12
D_MAQ057_LVP007,,,,2,,{},{1},{9},False,,12
D_MBS002_MBM004,,,,2,,{},{1},{9},False,,12
D_MCD002_63_NA4,,,,2,,{},{1},{9},False,,12
D_MCD021_63_NA4,,,,2,,{},{1},{9},False,,12
D_MCD042_63_NA2,,,,2,,{},{1},{9},False,,12
D_MCD050_62_NA2,,,,2,,{},{1},{9},False,,12
D_MCD052_MID021,,,,2,,{},{1},{9},False,,12
D_MCD055_62_NA6,,,,2,,{},{1},{9},False,,12
D_MDC006_64_PA1,,,,2,,{},{1},{9},False,,12
D_MDC006_64_PA3,,,,2,,{},{1},{9},False,,12
D_MDC006_MDCLOS,,,,2,,{},{1},{9},False,,12
D_MDC032_64_PA1,,,,2,,{},{1},{9},False,,12
D_MDOTA_64_XA,,,,2,,{},{1},{9},False,,12
D_MDOTA_73_XA,,,,2,,{},{1},{9},False,,12
D_MDOTA_90_PA1,,,,2,,{},{1},{9},False,,12
D_MDOTA_91_PA,,,,2,,{},{1},{9},False,,12
D_MDOTA_91_PR,,,,2,,{},{1},{9},False,,12
D_MDOTA_XCC010,,,,2,,{},{1},{9},False,,12
D_MDSTO_61_NA2,,,,2,,{},{1},{9},False,,12
D_MDSTO_WTPMOD,,,,2,,{},{1},{9},False,,12
D_MFA026_OXB000,,,,2,,{},{1},{9},False,,12
D_MFA036_RLT007,,,,2,,{},{1},{9},False,,12
D_MFM007_WSPNT_NU,,,,2,,{},{1},{9},False,,12
D_MFS013_SPH000,,,,2,,{},{1},{9},False,,12
D_MFS017_JWS004,,,,2,,{},{1},{9},False,,12
D_MFY013_LRT000,,,,2,,{},{1},{9},False,,12
D_MFY045_MBT005,,,,2,,{},{1},{9},False,,12
D_MID021_63_NA3,,,,2,,{},{1},{9},False,,12
D_MID021_63_NA4,,,,2,,{},{1},{9},False,,12
D_MID021_BCK033,,,,2,,{},{1},{9},False,,12
D_MID021_DED010,,,,2,,{},{1},{9},False,,12
D_MID021_MPS020,,,,2,,{},{1},{9},False,,12
D_MIL003_UTC001,,,,2,,{},{1},{9},False,,12
D_MIO010_WBF006,,,,2,,{},{1},{9},False,,12
D_MIO023_10_NA,,,,2,,{},{1},{9},False,,12
D_MIO023_12_NU1,,,,2,,{},{1},{9},False,,12
D_MLC006_05_NA,,,,2,,{},{1},{9},False,,12
D_MLRTN_FRK000,,,,2,,{},{1},{9},False,,12
D_MLRTN_MDC006,,,,2,,{},{1},{9},False,,12
D_MNRRH_13_NA,,,,2,,{},{1},{9},False,,12
D_MNRRH_13_NU2,,,,2,,{},{1},{9},False,,12
D_MNRRH_KRT000,,,,2,,{},{1},{9},False,,12
D_MNRRH_WTPMNR,,,,2,,{},{1},{9},False,,12
D_MNT000_GRVLD,,,,2,,{},{1},{9},False,,12
D_MNZNT_SP2003,,,,2,,{},{1},{9},False,,12
D_MOC003_FHT015,,,,2,,{},{1},{9},False,,12
D_MOK033_60N_NA5,,,,2,,{},{1},{9},False,,12
D_MOK035_60N_NA4,,,,2,,{},{1},{9},False,,12
D_MOK035_60N_NU1,,,,2,,{},{1},{9},False,,12
D_MOK035_WTPDWS,,,,2,,{},{1},{9},False,,12
D_MOK039_60N_NA5,,,,2,,{},{1},{9},False,,12
D_MOK050_60N_NA3,,,,2,,{},{1},{9},False,,12
D_MOK050_60N_NA5,,,,2,,{},{1},{9},False,,12
D_MON005_MCM001,,,,2,,{},{1},{9},False,,12
D_MPS020_63_NA5,,,,2,,{},{1},{9},False,,12
D_MTC000_09_NA,,,,2,,{},{1},{9},False,,12
D_MTC000_09_PR,,,,2,,{},{1},{9},False,,12
D_MTC000_09_SA1,,,,2,,{},{1},{9},False,,12
D_MTMDW_NFF080,,,,2,,{},{1},{9},False,,12
D_NBA009_WTPTAB,,,,2,,{},{1},{9},False,,12
D_NBA011_WTPNBR,,,,2,,{},{1},{9},False,,12
D_NBA021_VJB000,,,,2,,{},{1},{9},False,,12
D_NBA027_NBALOS,,,,2,,{},{1},{9},False,,12
D_NBA027_WTPAMC,,,,2,,{},{1},{9},False,,12
D_NBA027_WTPJAC,,,,2,,{},{1},{9},False,,12
D_NBLDB_CGT005,,,,2,,{},{1},{9},False,,12
D_NFA016_ABT002,,,,2,,{},{1},{9},False,,12
D_NFA016_WTPWAL,,,,2,,{},{1},{9},False,,12
D_NFF029_POE006,,,,2,,{},{1},{9},False,,12
D_NFF035_CST004,,,,2,,{},{1},{9},False,,12
D_NFF046_RCT007,,,,2,,{},{1},{9},False,,12
D_NFF058_BTN007,,,,2,,{},{1},{9},False,,12
D_NFM006_ELT000,,,,2,,{},{1},{9},False,,12
D_NFM010_ELT000,,,,2,,{},{1},{9},False,,12
D_NFS003_HCS001,,,,2,,{},{1},{9},False,,12
D_NFS008_CVT000,,,,2,,{},{1},{9},False,,12
D_NFS033_SDT000,,,,2,,{},{1},{9},False,,12
D_NFW006_CRRLN,,,,2,,{},{1},{9},False,,12
D_NFW026_SDS001,,,,2,,{},{1},{9},False,,12
D_NLC003_NCT001,,,,2,,{},{1},{9},False,,12
D_NLL016_LCCWD,,,,2,,{},{1},{9},False,1,12
D_NNA013_LVC001,,,,2,,{},{1},{9},False,,12
D_NSC001_FLRNC,,,,2,,{},{1},{9},False,,12
D_NTOMA_FSC003,,,,2,,{},{1},{9},False,,12
D_NWT013_NIDDC_NA2,,,,2,,{},{1},{9},False,,12
D_NWT013_WLDWD,,,,2,,{},{1},{9},False,,12
D_OAK020_61_NA2,,,,2,,{},{1},{9},False,,12
D_OAK020_61_PA2,,,,2,,{},{1},{9},False,,12
D_OGN005_CMT000,,,,2,,{},{1},{9},False,,12
D_OMR021_ORP000,,,,2,,{},{1},{9},False,3,12
D_OMR027_CAA000,,,,2,,{},{1},{9},False,3,12
D_OMR028_DMC003,,,,2,,{},{1},{9},False,3,12
D_OROVL_13_NU1,,,,2,,{},{1},{9},False,,12
D_OWC000_13_NA,,,,2,,{},{1},{9},False,,12
D_PARDE_AMADR,,,,2,,{},{1},{9},False,,12
D_PARDE_MAQ001,,,,2,,{},{1},{9},False,,12
D_PCH000_SBCWD,,,,2,,{},{1},{9},False,1,12
D_PCH000_SCVWD,,,,2,,{},{1},{9},False,,12
D_PLC007_GDD010,,,,2,,{},{1},{9},False,,12
D_PRRIS_MWDSC,,,,2,,{},{1},{9},False,,12
D_PRTLF_PPH007,,,,2,,{},{1},{9},False,,12
D_PSC003_20_PA,,,,2,,{},{1},{9},False,,12
D_PSC003_25_PA1,,,,2,,{},{1},{9},False,,12
D_PSC003_PSCLOS,,,,2,,{},{1},{9},False,,12
D_PSC006_25_PA2,,,,2,,{},{1},{9},False,,12
D_PSC013_WTPDEF,,,,2,,{},{1},{9},False,,12
D_PSC015_CSPSO,,,,2,,{},{1},{9},False,,12
D_PSC017_WTPNBR,,,,2,,{},{1},{9},False,,12
D_PSC020_WTPCMT,,,,2,,{},{1},{9},False,,12
D_PSC024_SIDSH,,,,2,,{},{1},{9},False,,12
D_PSC024_WTPWMN,,,,2,,{},{1},{9},False,,12
D_PSC033_VJB000,,,,2,,{},{1},{9},False,,12
D_PTH024_PSC003,,,,2,,{},{1},{9},False,,12
D_PTH070_PUTAH,,,,2,,{},{1},{9},False,,12
D_PTM001_PSB001,,,,2,,{},{1},{9},False,,12
D_PYRMD_VNTRA,,,,2,,{},{1},{9},False,,12
D_RCK001_MPB007,,,,2,,{},{1},{9},False,,12
D_RDNGR_BPA003,,,,2,,{},{1},{9},False,,12
D_RFS13_12_NA,,,,2,,{},{1},{9},False,,12
D_RFS25_25_PA2,,,,2,,{},{1},{9},False,,12
D_RFS61B_61_NA2,,,,2,,{},{1},{9},False,,12
D_RFS61D_61_NA5,,,,2,,{},{1},{9},False,,12
D_RFS64_64_NA2,,,,2,,{},{1},{9},False,,12
D_RFS71A_50_PA1,,,,2,,{},{1},{9},False,,12
D_RNCHO_60N_NU2,,,,2,,{},{1},{9},False,,12
D_RSL004_CCC004,,,,2,,{},{1},{9},False,,12
D_RSS001_MPB007,,,,2,,{},{1},{9},False,,12
D_RUB047_RRT000,,,,2,,{},{1},{9},False,,12
D_RVC005_11_PR,,,,2,,{},{1},{9},False,,12
D_RVC005_11_SA2,,,,2,,{},{1},{9},False,,12
D_SAC030_MOK014,,,,2,,{},{1},{9},False,1,12
D_SAC041_ISF001,,,,2,,{},{1},{9},False,1,12
D_SAC050_FPT013,,,,2,,{},{1},{9},False,1,12
D_SAC062_WTPSAC,,,,2,,{},{1},{9},False,1,12
D_SAC065_WTPBTB,,,,2,,{},{1},{9},False,1,12
D_SAC074_21_SA,,,,2,,{},{1},{9},False,1,12
D_SAC074_WTPDWP,,,,2,,{},{1},{9},False,1,12
D_SAC075_22_NA,,,,2,,{},{1},{9},False,1,12
D_SAC078_22_SA1,,,,2,,{},{1},{9},False,1,12
D_SAC081_21_NA,,,,2,,{},{1},{9},False,1,12
D_SAC082_22_SA1,,,,2,,{},{1},{9},False,1,12
D_SAC083_21_SA,,,,2,,{},{1},{9},False,1,12
D_SAC091_19_SA,,,,2,,{},{1},{9},False,1,12
D_SAC099_19_SA,,,,2,,{},{1},{9},False,1,12
D_SAC109_08S_SA3,,,,2,,{},{1},{9},False,1,12
D_SAC109_19_SA,,,,2,,{},{1},{9},False,1,12
D_SAC115_19_SA,,,,2,,{},{1},{9},False,1,12
D_SAC121_08S_SA3,,,,2,,{},{1},{9},False,1,12
D_SAC122_18_SA,,,,2,,{},{1},{9},False,1,12
D_SAC122_19_SA,,,,2,,{},{1},{9},False,1,12
D_SAC129_08S_NA2,,,,2,,{},{1},{9},False,1,12
D_SAC136_18_NA,,,,2,,{},{1},{9},False,1,12
D_SAC136_18_SA,,,,2,,{},{1},{9},False,1,12
D_SAC146_08S_NA1,,,,2,,{},{1},{9},False,1,12
D_SAC159_08N_SA1,,,,2,,{},{1},{9},False,1,12
D_SAC159_08S_SA1,,,,2,,{},{1},{9},False,1,12
D_SAC162_09_SA2,,,,2,,{},{1},{9},False,1,12
D_SAC178_08N_SA1,,,,2,,{},{1},{9},False,1,12
D_SAC185_08N_NA,,,,2,,{},{1},{9},False,1,12
D_SAC185_09_NA,,,,2,,{},{1},{9},False,1,12
D_SAC196_MTC000,,,,2,,{},{1},{9},False,1,12
D_SAC207_GCC007,,,,2,,{},{1},{9},False,1,12
D_SAC224_04_NA,,,,2,,{},{1},{9},False,1,12
D_SAC240_05_NA,,,,2,,{},{1},{9},False,1,12
D_SAC240_TCC001,,,,2,,{},{1},{9},False,1,12
D_SAC273_03_NA,,,,2,,{},{1},{9},False,1,12
D_SAC281_02_NA,,,,2,,{},{1},{9},False,1,12
D_SAC289_03_SA,,,,2,,{},{1},{9},False,1,12
D_SAC294_03_PA,,,,2,,{},{1},{9},False,1,12
D_SAC294_WTPBLV,,,,2,,{},{1},{9},False,1,12
D_SAC296_02_SA,,,,2,,{},{1},{9},False,1,12
D_SAC296_WTPFTH,,,,2,,{},{1},{9},False,1,12
D_SBA016_DELVE,,,,2,,{},{1},{9},False,5,12
D_SBA020_ACFCD,,,,2,,{},{1},{9},False,5,12
D_SBA029_ACWD,,,,2,,{},{1},{9},False,1,12
D_SBA036_SCVWD,,,,2,,{},{1},{9},False,5,12
D_SBA042_SBALOS,,,,2,,{},{1},{9},False,5,12
D_SBP012_DWRPS1,,,,2,,{},{1},{9},False,,12
D_SBP014_17S_NA,,,,2,,{},{1},{9},False,,12
D_SBP021_DWRPS2,,,,2,,{},{1},{9},False,,12
D_SBP028_17S_PR,,,,2,,{},{1},{9},False,,12
D_SBP031_18_NA,,,,2,,{},{1},{9},False,,12
D_SEC009_11_SA4,,,,2,,{},{1},{9},False,,12
D_SEC009_17S_PR,,,,2,,{},{1},{9},False,,12
D_SFA040_WRT000,,,,2,,{},{1},{9},False,,12
D_SFA066_EDC000,,,,2,,{},{1},{9},False,,12
D_SFD003_CSD014,,,,2,,{},{1},{9},False,,12
D_SFF011_MNRRH,,,,2,,{},{1},{9},False,,12
D_SFF019_FPT000,,,,2,,{},{1},{9},False,,12
D_SFF029_SFT000,,,,2,,{},{1},{9},False,,12
D_SFM005_MHILL_NU,,,,2,,{},{1},{9},False,,12
D_SFR006_RPT004,,,,2,,{},{1},{9},False,,12
D_SFS030_PHP000,,,,2,,{},{1},{9},False,,12
D_SFW000_WCN002,,,,2,,{},{1},{9},False,,12
D_SFW006_BCB001,,,,2,,{},{1},{9},False,,12
D_SHSTA_WTPJMS,,,,2,,{},{1},{9},False,,12
D_SHVER_BCPH2A,,,,2,,{},{1},{9},False,,12
D_SJR006_ANTOC,,,,2,,{},{1},{9},False,2,12
D_SJR028_WTPDWS,,,,2,,{},{1},{9},False,2,12
D_SJR062_50_PA1,,,,2,,{},{1},{9},False,2,12
D_SJR081_61_NA5,,,,2,,{},{1},{9},False,2,12
D_SJR082_71_PA2,,,,2,,{},{1},{9},False,2,12
D_SJR090_71_NA2,,,,2,,{},{1},{9},False,2,12
D_SJR096_71_PA4,,,,2,,{},{1},{9},False,2,12
D_SJR102_71_NA1,,,,2,,{},{1},{9},False,2,12
D_SJR114_62_NA5,,,,2,,{},{1},{9},False,2,12
D_SJR116_72_NA1,,,,2,,{},{1},{9},False,2,12
D_SJR166_EBP032,,,,2,,{},{1},{9},False,2,12
D_SJR180_ARY010,,,,2,,{},{1},{9},False,2,12
D_SJR205_SJR201,,,,2,,{},{1},{9},False,2,12
D_SJR214_EBP001,,,,2,,{},{1},{9},False,2,12
D_SJR227_64_PA3,,,,2,,{},{1},{9},False,2,12
D_SLC003_SCT001,,,,2,,{},{1},{9},False,,12
D_SLT009_SCT000,,,,2,,{},{1},{9},False,,12
D_SLTSP_TGR000,,,,2,,{},{1},{9},False,,12
D_SLUIS_PCH000,,,,2,,{},{1},{9},False,,12
D_SLV006_CMN005,,,,2,,{},{1},{9},False,,12
D_SLV015_JBT004,,,,2,,{},{1},{9},False,,12
D_SPLDG_DRM000,,,,2,,{},{1},{9},False,,12
D_SPLDG_DRM000_NID,,,,2,,{},{1},{9},False,,12
D_SPLDG_DRM000_PGE,,,,2,,{},{1},{9},False,,12
D_SPLDG_SYC000,,,,2,,{},{1},{9},False,,12
D_SSC001_FLRNC,,,,2,,{},{1},{9},False,,12
D_SSJ004_61_PA1,,,,2,,{},{1},{9},False,,12
D_STH000_ABN027,,,,2,,{},{1},{9},False,,12
D_STH002_ABN026,,,,2,,{},{1},{9},False,,12
D_STH003_24_NA3,,,,2,,{},{1},{9},False,,12
D_STH003_LBC047,,,,2,,{},{1},{9},False,,12
D_STH003_WTPFSS,,,,2,,{},{1},{9},False,,12
D_STH005_24_NA3,,,,2,,{},{1},{9},False,,12
D_STH005_MRM001,,,,2,,{},{1},{9},False,,12
D_STH007_STHLOS,,,,2,,{},{1},{9},False,,12
D_STN004_GCC007,,,,2,,{},{1},{9},False,,12
D_STN014_TCC031,,,,2,,{},{1},{9},False,,12
D_STN021_06_PA,,,,2,,{},{1},{9},False,,12
D_STN026_06_PA,,,,2,,{},{1},{9},False,,12
D_STS004_61_NA6,,,,2,,{},{1},{9},False,2,12
D_STS030_61_NA4,,,,2,,{},{1},{9},False,2,12
D_STS059_OAK001,,,,2,,{},{1},{9},False,2,12
D_STS059_SSJ001,,,,2,,{},{1},{9},False,2,12
D_STS059_UFC000,,,,2,,{},{1},{9},False,2,12
D_SVRWD_CSTLN,,,,2,,{},{1},{9},False,,12
D_SYC000_SFY041,,,,2,,{},{1},{9},False,,12
D_SYC002_BRR074,,,,2,,{},{1},{9},False,,12
D_SYC003_SYCLOS,,,,2,,{},{1},{9},False,,12
D_TBAUD_AMADR_NU,,,,2,,{},{1},{9},False,,12
D_TBAUD_ELT010,,,,2,,{},{1},{9},False,,12
D_TCC001_CCL005,,,,2,,{},{1},{9},False,,12
D_TCC022_04_PA2,,,,2,,{},{1},{9},False,,12
D_TCC022_TCCLOS,,,,2,,{},{1},{9},False,,12
D_TCC036_07N_PA,,,,2,,{},{1},{9},False,,12
D_TCC062_GCC036,,,,2,,{},{1},{9},False,,12
D_TCC081_07S_PA,,,,2,,{},{1},{9},False,,12
D_TCC085_GCC056,,,,2,,{},{1},{9},False,,12
D_TCC111_07S_PA,,,,2,,{},{1},{9},False,,12
D_TCN000_TUDDS,,,,2,,{},{1},{9},False,,12
D_TFR000_BSC005,,,,2,,{},{1},{9},False,,12
D_TFR000_BSC005_NID,,,,2,,{},{1},{9},False,,12
D_TFR000_BSC005_PGE,,,,2,,{},{1},{9},False,,12
D_TGC003_AMADR_NU,,,,2,,{},{1},{9},False,,12
D_TGC003_TGR021,,,,2,,{},{1},{9},False,,12
D_TGR000_NFM029,,,,2,,{},{1},{9},False,,12
D_THM012_04_NA,,,,2,,{},{1},{9},False,,12
D_THRMA_JBC000,,,,2,,{},{1},{9},False,,12
D_THRMA_RVC000,,,,2,,{},{1},{9},False,,12
D_THRMA_WEC000,,,,2,,{},{1},{9},False,,12
D_THRMF_11_NU1,,,,2,,{},{1},{9},False,,12
D_THRMF_12_NU1,,,,2,,{},{1},{9},False,,12
D_TRLCK_62_NA3,,,,2,,{},{1},{9},False,,12
D_TSC001_FLRNC,,,,2,,{},{1},{9},False,,12
D_TUO015_61_NA3,,,,2,,{},{1},{9},False,2,12
D_TUO015_62_NA4,,,,2,,{},{1},{9},False,2,12
D_TUO047_61_NA3,,,,2,,{},{1},{9},False,2,12
D_TUO047_62_NA4,,,,2,,{},{1},{9},False,2,12
D_TUO054_MDS003,,,,2,,{},{1},{9},False,2,12
D_TUO054_TUR001,,,,2,,{},{1},{9},False,2,12
D_TUO105_MNT000,,,,2,,{},{1},{9},False,2,12
D_UNVLY_SLV017,,,,2,,{},{1},{9},False,,12
D_UTC000_CACWD,,,,2,,{},{1},{9},False,1,12
D_UTC000_MIL003,,,,2,,{},{1},{9},False,,12
D_UTC014_UTICA,,,,2,,{},{1},{9},False,,12
D_VCT002_ORP000,,,,2,,{},{1},{9},False,,12
D_VJB000_WTPBNC,,,,2,,{},{1},{9},False,,12
D_VJB000_WTPFMH,,,,2,,{},{1},{9},False,,12
D_VLW008_72_PR1,,,,2,,{},{1},{9},False,,12
D_VLW008_72_PR5,,,,2,,{},{1},{9},False,,12
D_WBF015_MIO010,,,,2,,{},{1},{9},False,,12
D_WBF030_HKC002,,,,2,,{},{1},{9},False,,12
D_WDWRD_61_PA3,,,,2,,{},{1},{9},False,,12
D_WDWRD_WTPDGT,,,,2,,{},{1},{9},False,,12
D_WEC005_11_PR,,,,2,,{},{1},{9},False,,12
D_WEC005_11_SA1,,,,2,,{},{1},{9},False,,12
D_WEC005_BTC032,,,,2,,{},{1},{9},False,,12
D_WKYTN_02_PU,,,,2,,{},{1},{9},False,,12
D_WKYTN_SPT003,,,,2,,{},{1},{9},False,,12
D_WKYTN_WTPBUK,,,,2,,{},{1},{9},False,,12
D_WKYTN_WTPCSD,,,,2,,{},{1},{9},False,,12
D_WLF013_NIDDC_NA3,,,,2,,{},{1},{9},False,,12
D_WPT005_OWC000,,,,2,,{},{1},{9},False,,12
D_WRM004_EDSON,,,,2,,{},{1},{9},False,,12
D_WRT000_EDCOCA_NA1,,,,2,,{},{1},{9},False,,12
D_WRT000_EDCOCA_NA3,,,,2,,{},{1},{9},False,,12
D_WRT000_EDCOCA_NU1,,,,2,,{},{1},{9},False,,12
D_WRT000_EDCOCA_NU3,,,,2,,{},{1},{9},False,,12
D_WRT000_ELDID_NU2,,,,2,,{},{1},{9},False,,12
D_WSB006_WSBLOS,,,,2,,{},{1},{9},False,,12
D_WSB026_WSBLOS,,,,2,,{},{1},{9},False,,12
D_WSB027_WSBLOS,,,,2,,{},{1},{9},False,,12
D_WSB031_MWDSC,,,,2,,{},{1},{9},False,,12
D_WSB032_CLRTA2,,,,2,,{},{1},{9},False,1,12
D_WSE003_LBC040,,,,2,,{},{1},{9},False,,12
D_WSE004_24_NA1,,,,2,,{},{1},{9},False,,12
D_WSE004_24_NU3,,,,2,,{},{1},{9},False,,12
D_WSE006_24_NA3,,,,2,,{},{1},{9},False,,12
D_WTPAMC_AMCYN,,,,2,,{},{1},{9},False,,12
D_WTPAUB_24_NU1,,,,2,,{},{1},{9},False,,12
D_WTPBJM_26N_NU2,,,,2,,{},{1},{9},False,,12
D_WTPBJM_26S_PU2,,,,2,,{},{1},{9},False,,12
D_WTPBLV_03_PU2,,,,2,,{},{1},{9},False,,12
D_WTPBNC_BNCIA,,,,2,,{},{1},{9},False,,12
D_WTPBTB_21_PU,,,,2,,{},{1},{9},False,,12
D_WTPBUK_03_SU,,,,2,,{},{1},{9},False,,12
D_WTPBWM_24_NU1,,,,2,,{},{1},{9},False,,12
D_WTPCMT_SUISN,,,,2,,{},{1},{9},False,,12
D_WTPCOL_26S_PU2,,,,2,,{},{1},{9},False,,12
D_WTPCSD_02_PA,,,,2,,{},{1},{9},False,,12
D_WTPCSD_02_PU,,,,2,,{},{1},{9},False,,12
D_WTPCYC_16_PU,,,,2,,{},{1},{9},False,,12
D_WTPDEF_25_PU,,,,2,,{},{1},{9},False,,12
D_WTPDGT_50_PU,,,,2,,{},{1},{9},False,,12
D_WTPDGT_61_NU2,,,,2,,{},{1},{9},False,,12
D_WTPDWP_20_NU1,,,,2,,{},{1},{9},False,,12
D_WTPDWS_60S_NU1,,,,2,,{},{1},{9},False,,12
D_WTPEDH_ELDID_NU3,,,,2,,{},{1},{9},False,,12
D_WTPFBN_26N_NU1,,,,2,,{},{1},{9},False,,12
D_WTPFBN_26N_NU3,,,,2,,{},{1},{9},False,,12
D_WTPFBN_26N_NU4,,,,2,,{},{1},{9},False,,12
D_WTPFBN_26S_NU1,,,,2,,{},{1},{9},False,,12
D_WTPFBN_26S_NU2,,,,2,,{},{1},{9},False,,12
D_WTPFBN_26S_NU3,,,,2,,{},{1},{9},False,,12
D_WTPFMH_VLLJO,,,,2,,{},{1},{9},False,,12
D_WTPFOL_26S_PU1,,,,2,,{},{1},{9},False,,12
D_WTPFSS_24_NU2,,,,2,,{},{1},{9},False,,12
D_WTPFTH_02_SU,,,,2,,{},{1},{9},False,,12
D_WTPFTH_03_SU,,,,2,,{},{1},{9},False,,12
D_WTPJAC_AMCYN,,,,2,,{},{1},{9},False,,12
D_WTPJAC_NAPA,,,,2,,{},{1},{9},False,,12
D_WTPJJO_50_PU,,,,2,,{},{1},{9},False,,12
D_WTPJMS_03_PU1,,,,2,,{},{1},{9},False,,12
D_WTPJYL_JLIND,,,,2,,{},{1},{9},False,,12
D_WTPMNR_13_NU1,,,,2,,{},{1},{9},False,,12
D_WTPMOD_61_NU1,,,,2,,{},{1},{9},False,,12
D_WTPNBR_25_PU,,,,2,,{},{1},{9},False,,12
D_WTPNBR_FRFLD,,,,2,,{},{1},{9},False,,12
D_WTPRS1_ELDID_NU1,,,,2,,{},{1},{9},False,,12
D_WTPRS1_ELDID_NU2,,,,2,,{},{1},{9},False,,12
D_WTPRS1_ELDID_NU3,,,,2,,{},{1},{9},False,,12
D_WTPRSA_ELDID_NU1,,,,2,,{},{1},{9},False,,12
D_WTPRSA_ELDID_NU2,,,,2,,{},{1},{9},False,,12
D_WTPRSA_ELDID_NU3,,,,2,,{},{1},{9},False,,12
D_WTPRSV_26N_PU1,,,,2,,{},{1},{9},False,,12
D_WTPSAC_26N_NU3,,,,2,,{},{1},{9},False,1,12
D_WTPSAC_26S_NU1,,,,2,,{},{1},{9},False,1,12
D_WTPSAC_26S_PU4,,,,2,,{},{1},{9},False,1,12
D_WTPSJP_26N_NU1,,,,2,,{},{1},{9},False,,12
D_WTPSJP_26N_PU2,,,,2,,{},{1},{9},False,,12
D_WTPSJP_26N_PU3,,,,2,,{},{1},{9},False,,12
D_WTPTAB_TVAFB,,,,2,,{},{1},{9},False,,12
D_WTPVNY_26S_PU1,,,,2,,{},{1},{9},False,,12
D_WTPVNY_26S_PU4,,,,2,,{},{1},{9},False,,12
D_WTPVNY_26S_PU5,,,,2,,{},{1},{9},False,,12
D_WTPVNY_26S_PU6,,,,2,,{},{1},{9},False,,12
D_WTPWAL_GDPUD_NU,,,,2,,{},{1},{9},False,,12
D_WTPWDH_60S_NU1,,,,2,,{},{1},{9},False,,12
D_WTPWMN_FRFLD,,,,2,,{},{1},{9},False,,12
D_XCC010_72_XA2,,,,2,,{},{1},{9},False,,12
D_XCC025_72_PA,,,,2,,{},{1},{9},False,,12
D_XCC025_72_PR6,,,,2,,{},{1},{9},False,,12
D_XCC033_72_PR2,,,,2,,{},{1},{9},False,,12
D_XCC033_72_PR4,,,,2,,{},{1},{9},False,,12
D_XCC054_72_PR5,,,,2,,{},{1},{9},False,,12
D_XCC054_72_XA3,,,,2,,{},{1},{9},False,,12
D_YBP023_21_SA,,,,2,,{},{1},{9},False,,12
D_YUB003_15N_NU,,,,2,,{},{1},{9},False,,12
D_YUB011_15N_NA2,,,,2,,{},{1},{9},False,,12
D_YUB011_15S_NA2,,,,2,,{},{1},{9},False,,12
D_YUB013_14_NA,,,,2,,{},{1},{9},False,,12
Davis-Woodland Water Supply Project,,,,2,,{},{1},{9},False,,12
De Sabla Powerhouse,,,,2,,{},{1},{9},False,,12
Deadman and Ditchman's Creeks,,,,2,,{},{1},{9},False,,12
Deer Creek,,Dam,,2,,{},{1},{9},False,,12
Deer Creek (DRC),,,,2,,{},{1},{9},False,,12
Del Puerto Creek,,,,2,,{},{1},{9},False,,12
Del Valle,,,,2,,{},{1},{9},False,,12
Del Valle Pumping Plant,,,,2,,{},{1},{9},False,,12
Delta Accretion,,,,2,,{},{1},{9},False,,12
Delta Cross Channel,,,,2,,{},{1},{9},False,,12
Delta Depletion,,,,2,,{},{1},{9},False,,12
Delta Net,,Depletion,,2,,{},{1},{9},False,,12
Desert WA,,(Reach 26A),,2,,{},{1},{9},False,,12
Devil Canyon Power Plant,,,,2,,{},{1},{9},False,,12
Devils Den PP,,,,2,,{},{1},{9},False,,12
Devils Den R-31A,,,,2,,{},{1},{9},False,,12
Devils Den WD,,(SCV),,2,,{},{1},{9},False,,12
Dos Amigos Pumping Plant,,End of Repayment Reach 3,,2,,{},{1},{9},False,,12
Drum Afterbay,,,,2,,{},{1},{9},False,,12
Drum Canal Wasteway,,,,2,,{},{1},{9},False,,12
Drum Forebay,,,,2,,{},{1},{9},False,,12
Dry Creek,,,,2,,{},{1},{9},False,,12
Dry and Berenda Creeks,,,,2,,{},{1},{9},False,,12
Dudley Ridge WD,,,,2,,{},{1},{9},False,,12
Dudley-R R-8D,,,,2,,{},{1},{9},False,,12
Duncan Creek,,,,2,,{},{1},{9},False,,12
Durham Mutual Dam  (Diversion #56),,,,2,,{},{1},{9},False,,12
Dutch Flat Afterbay,,,,2,,{},{1},{9},False,,12
Dutch Ravine Canal,,,,2,,{},{1},{9},False,,12
E10,,,,2,,{},{1},{9},False,,12
E11,,,,2,,{},{1},{9},False,,12
E12,,,,2,,{},{1},{9},False,,12
E18,,,,2,,{},{1},{9},False,,12
E20,,,,2,,{},{1},{9},False,,12
E52,,,,2,,{},{1},{9},False,,12
E53,,,,2,,{},{1},{9},False,,12
E6,,,,2,,{},{1},{9},False,,12
E76,,,,2,,{},{1},{9},False,,12
E78,,,,2,,{},{1},{9},False,,12
E79,,,,2,,{},{1},{9},False,,12
E81,,,,2,,{},{1},{9},False,,12
E92,,,,2,,{},{1},{9},False,,12
EAWWTP,,,,2,20,{25},{1},{9},False,,12
EBF001,,,,2,18,{24},{1},{9},False,,12
EBF018,,,,2,18,{24},{1},{9},False,,12
EBLOS,,,,2,,{},{1},{9},False,,12
EBMUD,,,,2,,{},{1},{9},False,,12
EBMUD Terminal Reservoirs,,,,2,,{},{1},{9},False,,12
EBP001,,,,2,18,{24},{1},{9},False,,12
EBP005,,,,2,18,{24},{1},{9},False,,12
EBP016,,,,2,18,{24},{1},{9},False,,12
EBP019,,,,2,18,{24},{1},{9},False,,12
EBP022,,,,2,18,{24},{1},{9},False,,12
EBP030,,,,2,18,{24},{1},{9},False,,12
EBP032,,,,2,18,{24},{1},{9},False,,12
EBP033,,,,2,18,{24},{1},{9},False,,12
EBP041,,,,2,18,{24},{1},{9},False,,12
EBP042,,,,2,18,{24},{1},{9},False,,12
EBP043,,,,2,18,{24},{1},{9},False,,12
EBP048,,,,2,18,{24},{1},{9},False,,12
EBP050,,,,2,18,{24},{1},{9},False,,12
EBTML,,,,2,,{},{1},{9},False,,12
ECHOL,,,,2,,{},{1},{9},False,,12
ECT001,,,,2,18,{24},{1},{9},False,,12
EDC000,,,,2,18,{24},{1},{9},False,,12
EDC004,,,,2,18,{24},{1},{9},False,,12
EDC007,,,,2,18,{24},{1},{9},False,,12
EDC014,,,,2,18,{24},{1},{9},False,,12
EDC021,,,,2,18,{24},{1},{9},False,,12
EDCOCA_NA1,,,,2,,{},{1},{9},False,,12
EDCOCA_NA2,,,,2,,{},{1},{9},False,,12
EDCOCA_NA3,,,,2,,{},{1},{9},False,,12
EDCOCA_NU1,,,,2,,{},{1},{9},False,,12
EDCOCA_NU2,,,,2,,{},{1},{9},False,,12
EDCOCA_NU3,,,,2,,{},{1},{9},False,,12
EDP003,,,,2,18,{24},{1},{9},False,,12
EDSON,,,,2,,{},{1},{9},False,,12
EDWWTP,,,,2,20,{25},{1},{9},False,,12
ELC001,,,,2,18,{24},{1},{9},False,,12
ELD005,,,,2,18,{24},{1},{9},False,,12
ELD012,,,,2,18,{24},{1},{9},False,,12
ELD017,,,,2,18,{24},{1},{9},False,,12
ELD022,,,,2,18,{24},{1},{9},False,,12
ELD027,,,,2,18,{24},{1},{9},False,,12
ELDID_NA1,,,,2,,{},{1},{9},False,,12
ELDID_NA2,,,,2,,{},{1},{9},False,,12
ELDID_NA3,,,,2,,{},{1},{9},False,,12
ELDID_NU1,,,,2,,{},{1},{9},False,,12
ELDID_NU2,,,,2,,{},{1},{9},False,,12
ELDID_NU3,,,,2,,{},{1},{9},False,,12
ELENR,,,,2,,{},{1},{9},False,,12
ELN003,,,,2,18,{24},{1},{9},False,,12
ELT000,,,,2,18,{24},{1},{9},False,,12
ELT010,,,,2,18,{24},{1},{9},False,,12
ELY001,,,,2,18,{24},{1},{9},False,,12
EMD001,,,,2,18,{24},{1},{9},False,,12
EMD007,,,,2,18,{24},{1},{9},False,,12
ENGLB,,,,2,,{},{1},{9},False,,12
EPARK,,,,2,,{},{1},{9},False,,12
EPS002,,,,2,18,{24},{1},{9},False,,12
ESB306,,,,2,18,{24},{1},{9},False,,12
ESB324,,,,2,18,{24},{1},{9},False,,12
ESB347,,,,2,18,{24},{1},{9},False,,12
ESB355,,,,2,18,{24},{1},{9},False,,12
ESB361,,,,2,18,{24},{1},{9},False,,12
ESB403,,,,2,18,{24},{1},{9},False,,12
ESB406,,,,2,18,{24},{1},{9},False,,12
ESB407,,,,2,18,{24},{1},{9},False,,12
ESB408,,,,2,18,{24},{1},{9},False,,12
ESB413,,,,2,18,{24},{1},{9},False,,12
ESB414,,,,2,18,{24},{1},{9},False,,12
ESB415,,,,2,18,{24},{1},{9},False,,12
ESB420,,,,2,18,{24},{1},{9},False,,12
ESB425,,,,2,18,{24},{1},{9},False,,12
ESB433,,,,2,18,{24},{1},{9},False,,12
ESC004,,,,2,18,{24},{1},{9},False,,12
ESC005,,,,2,18,{24},{1},{9},False,,12
ESC020,,,,2,18,{24},{1},{9},False,,12
ESL008,,,,2,18,{24},{1},{9},False,,12
ESTMN,,,,2,,{},{1},{9},False,,12
E_ALMNR,,,,2,,{},{1},{9},False,,12
E_ALOHA,,,,2,,{},{1},{9},False,,12
E_ALPNE,,,,2,,{},{1},{9},False,,12
E_AMADR,,,,2,,{},{1},{9},False,,12
E_ANTLP,,,,2,,{},{1},{9},False,,12
E_BANOS,,,,2,,{},{1},{9},False,,12
E_BASSL,,,,2,,{},{1},{9},False,,12
E_BEARD,,,,2,,{},{1},{9},False,,12
E_BGCRK,,,,2,,{},{1},{9},False,,12
E_BLKBT,,,,2,,{},{1},{9},False,,12
E_BLUMD,,,,2,,{},{1},{9},False,,12
E_BOWMN,,,,2,,{},{1},{9},False,,12
E_BRYSA,,,,2,,{},{1},{9},False,,12
E_BTVLY,,,,2,,{},{1},{9},False,,12
E_BUCKS,,,,2,,{},{1},{9},False,,12
E_CAPLS,,,,2,,{},{1},{9},False,,12
E_CLRLK,,,,2,,{},{1},{9},False,1,12
E_CMBIE,,,,2,,{},{1},{9},False,,12
E_CMCHE,,,,2,,{},{1},{9},False,,12
E_CMPFW,,,,2,,{},{1},{9},False,,12
E_DAVIS,,,,2,,{},{1},{9},False,,12
E_DELVE,,,,2,,{},{1},{9},False,,12
E_DONLL,,,,2,,{},{1},{9},False,,12
E_ECHOL,,,,2,,{},{1},{9},False,,12
E_EDSON,,,,2,,{},{1},{9},False,,12
E_ELANR,,,,2,,{},{1},{9},False,,12
E_ENGLB,,,,2,,{},{1},{9},False,,12
E_EPARK,,,,2,,{},{1},{9},False,,12
E_ESTMN,,,,2,,{},{1},{9},False,,12
E_FLRNC,,,,2,,{},{1},{9},False,,12
E_FOLSM,,,,2,,{},{1},{9},False,,12
E_FRDYC,,,,2,,{},{1},{9},False,,12
E_FRMAN,,,,2,,{},{1},{9},False,,12
E_FRMDW,,,,2,,{},{1},{9},False,,12
E_GERLE,,,,2,,{},{1},{9},False,,12
E_HHOLE,,,,2,,{},{1},{9},False,,12
E_HNGTN,,,,2,,{},{1},{9},False,,12
E_HNSLY,,,,2,,{},{1},{9},False,,12
E_HTCHY,,,,2,,{},{1},{9},False,,12
E_ICEHS,,,,2,,{},{1},{9},False,,12
E_INDVL,,,,2,,{},{1},{9},False,,12
E_JKSMD,,,,2,,{},{1},{9},False,,12
E_JNKSN,,,,2,,{},{1},{9},False,,12
E_KRCKH,,,,2,,{},{1},{9},False,,12
E_KSWCK,,,,2,,{},{1},{9},False,,12
E_LBEAR,,,,2,,{},{1},{9},False,,12
E_LGRSV,,,,2,,{},{1},{9},False,,12
E_LKVLY,,,,2,,{},{1},{9},False,,12
E_LLOYD,,,,2,,{},{1},{9},False,,12
E_LOONL,,,,2,,{},{1},{9},False,,12
E_LOSVQ,,,,2,,{},{1},{9},False,,12
E_LWSTN,,,,2,,{},{1},{9},False,,12
E_LYONS,,,,2,,{},{1},{9},False,,12
E_MAMTH,,,,2,,{},{1},{9},False,,12
E_MCLRE,,,,2,,{},{1},{9},False,1,12
E_MDSTO,,,,2,,{},{1},{9},False,,12
E_MELON,,,,2,,{},{1},{9},False,,12
E_MERLC,,,,2,,{},{1},{9},False,2,12
E_MLRTN,,,,2,,{},{1},{9},False,,12
E_MTMDW,,,,2,,{},{1},{9},False,,12
E_NBLDB,,,,2,,{},{1},{9},False,,12
E_NHGAN,,,,2,,{},{1},{9},False,,12
E_NTOMA,,,,2,,{},{1},{9},False,,12
E_OROVL,,,,2,,{},{1},{9},False,,12
E_PARDE,,,,2,,{},{1},{9},False,,12
E_PCRST,,,,2,,{},{1},{9},False,,12
E_PEDRO,,,,2,,{},{1},{9},False,,12
E_RDNGR,,,,2,,{},{1},{9},False,,12
E_RLIEF,,,,2,,{},{1},{9},False,,12
E_RLLNS,,,,2,,{},{1},{9},False,,12
E_SCOTF,,,,2,,{},{1},{9},False,,12
E_SGRGE,,,,2,,{},{1},{9},False,,12
E_SHSTA,,,,2,,{},{1},{9},False,,12
E_SHVER,,,,2,,{},{1},{9},False,,12
E_SILVR,,,,2,,{},{1},{9},False,,12
E_SLTSP,,,,2,,{},{1},{9},False,,12
E_SLUIS_CVP,,,,2,,{},{1},{9},False,,12
E_SLUIS_SWP,,,,2,,{},{1},{9},False,,12
E_SLYCK,,,,2,,{},{1},{9},False,,12
E_SPICE,,,,2,,{},{1},{9},False,,12
E_SPLDG,,,,2,,{},{1},{9},False,,12
E_STMPY,,,,2,,{},{1},{9},False,,12
E_THRMA,,,,2,,{},{1},{9},False,,12
E_THRMF,,,,2,,{},{1},{9},False,,12
E_TRLCK,,,,2,,{},{1},{9},False,,12
E_TRNTY,,,,2,,{},{1},{9},False,,12
E_TULOC,,,,2,,{},{1},{9},False,4,12
E_UBEAR,,,,2,,{},{1},{9},False,,12
E_UNVLY,,,,2,,{},{1},{9},False,,12
E_WDWRD,,,,2,,{},{1},{9},False,,12
E_WKYTN,,,,2,,{},{1},{9},False,,12
Early Intake Diversion Dam,,,,2,,{},{1},{9},False,,12
Echo Lake Inflow,,,,2,,{},{1},{9},False,,12
Edgar Slough,,,,2,,{},{1},{9},False,5,12
El Nido Canal,,,,2,,{},{1},{9},False,,12
Elder Creek,,,,2,,{},{1},{9},False,,12
Electra Diversion Dam,,,,2,,{},{1},{9},False,,12
Electra Powerhouse,,,,2,,{},{1},{9},False,,12
Electra Tunnel,,,,2,,{},{1},{9},False,,12
Ely Creek,,,,2,,{},{1},{9},False,,12
Empire R-8C,,,,2,,{},{1},{9},False,,12
Empire West Side ID,,,,2,,{},{1},{9},False,,12
FBW001,,,,2,18,{24},{1},{9},False,,12
FCS006,,,,2,18,{24},{1},{9},False,,12
FCS007,,,,2,18,{24},{1},{9},False,,12
FDC006,,,,2,18,{24},{1},{9},False,,12
FDC011,,,,2,18,{24},{1},{9},False,,12
FHT015,,,,2,18,{24},{1},{9},False,,12
FLRNC,,,,2,,{},{1},{9},False,,12
FMT002,,,,2,18,{24},{1},{9},False,,12
FOLSM,,,,2,17,{21},{1},{9},False,,12
FPT000,,,,2,18,{24},{1},{9},False,,12
FPT013,,,,2,18,{24},{1},{9},False,,12
FRDYC,,,,2,,{},{1},{9},False,,12
FRMAN,,,,2,,{},{1},{9},False,,12
FRMDW,,,,2,,{},{1},{9},False,,12
FRNCH,,,,2,,{},{1},{9},False,,12
FRS016,,,,2,18,{24},{1},{9},False,,12
FRS020,,,,2,18,{24},{1},{9},False,,12
FRS022,,,,2,18,{24},{1},{9},False,,12
FRS025,,,,2,18,{24},{1},{9},False,,12
FRS032,,,,2,18,{24},{1},{9},False,,12
FRS036,,,,2,18,{24},{1},{9},False,,12
FRS039,,,,2,18,{24},{1},{9},False,,12
FRS045,,,,2,18,{24},{1},{9},False,,12
FRS046,,,,2,18,{24},{1},{9},False,,12
FRS048,,,,2,18,{24},{1},{9},False,,12
FSC003,,,,2,18,{24},{1},{9},False,,12
FSC013,,,,2,18,{24},{1},{9},False,,12
FSC015,,,,2,18,{24},{1},{9},False,,12
FSC025,,,,2,18,{24},{1},{9},False,,12
FSC027,,,,2,18,{24},{1},{9},False,,12
FSL005,,,,2,18,{24},{1},{9},False,,12
FSL012,,,,2,18,{24},{1},{9},False,,12
FTR003,,,,2,18,{24},{1},{9},False,,12
FTR008,,,,2,18,{24},{1},{9},False,,12
FTR012,,,,2,18,{24},{1},{9},False,,12
FTR014,,,,2,18,{24},{1},{9},False,,12
FTR016,,,,2,18,{24},{1},{9},False,,12
FTR018,,,,2,18,{24},{1},{9},False,,12
FTR021,,,,2,18,{24},{1},{9},False,,12
FTR025,,,,2,18,{24},{1},{9},False,,12
FTR028,,,,2,18,{24},{1},{9},False,,12
FTR029,,,,2,18,{24},{1},{9},False,,12
FTR030,,,,2,18,{24},{1},{9},False,,12
FTR031,,,,2,18,{24},{1},{9},False,,12
FTR036,,,,2,18,{24},{1},{9},False,,12
FTR039,,,,2,18,{24},{1},{9},False,,12
FTR045,,,,2,18,{24},{1},{9},False,,12
FTR048,,,,2,18,{24},{1},{9},False,,12
FTR051,,,,2,18,{24},{1},{9},False,,12
FTR053,,,,2,18,{24},{1},{9},False,,12
FTR059,,,,2,18,{24},{1},{9},False,,12
FTR063,,,,2,18,{24},{1},{9},False,,12
FTR067,,,,2,18,{24},{1},{9},False,,12
FTR068,,,,2,18,{24},{1},{9},False,,12
FTR072,,,,2,18,{24},{1},{9},False,,12
FTR074,,,,2,18,{24},{1},{9},False,,12
Fairfield Canal,,,,2,,{},{1},{9},False,,12
Farmington Reservoir,,,,2,,{},{1},{9},False,,12
Firebaugh  Wasteway,,,,2,,{},{1},{9},False,,12
Foothill Tunnel,,,,2,,{},{1},{9},False,,12
For PCWA Zone 5,,,,2,,{},{1},{9},False,,12
"For modeling purposes, flows in",,PG&E lateral have been combined with flows in Western Canal,,2,,{},{1},{9},False,,12
Franchi Diversion Dam,,,,2,,{},{1},{9},False,,12
Fremont Weir,,,,2,,{},{1},{9},False,,12
French Dry Creek,,,,2,,{},{1},{9},False,,12
Fresno River,,,,2,,{},{1},{9},False,,12
Fresno Slough,,,,2,,{},{1},{9},False,5,12
Friant-Kern,,Canal,,2,,{},{1},{9},False,,12
Fuller Lake,,,,2,,{},{1},{9},False,,12
Funks Reservoir,,,,2,,{},{1},{9},False,,12
GCC007,,,,2,18,{24},{1},{9},False,,12
GCC010,,,,2,18,{24},{1},{9},False,,12
GCC015,,,,2,18,{24},{1},{9},False,,12
GCC022,,,,2,18,{24},{1},{9},False,,12
GCC027,,,,2,18,{24},{1},{9},False,,12
GCC032,,,,2,18,{24},{1},{9},False,,12
GCC036,,,,2,18,{24},{1},{9},False,,12
GCC039,,,,2,18,{24},{1},{9},False,,12
GCC042,,,,2,18,{24},{1},{9},False,,12
GCC046,,,,2,18,{24},{1},{9},False,,12
GCC050,,,,2,18,{24},{1},{9},False,,12
GCC056,,,,2,18,{24},{1},{9},False,,12
GCC060,,,,2,18,{24},{1},{9},False,,12
GCC065,,,,2,18,{24},{1},{9},False,,12
GClD Stony Creek Siphon,,,,2,,{},{1},{9},False,,12
GDD010,,,,2,18,{24},{1},{9},False,,12
GDDLOS,,,,2,,{},{1},{9},False,,12
GDPUD_NA,,,,2,,{},{1},{9},False,,12
GDPUD_NU,,,,2,,{},{1},{9},False,,12
GERLE,,,,2,,{},{1},{9},False,,12
GFT003,,,,2,18,{24},{1},{9},False,,12
GP_50_PA1,,,,2,,{},{1},{9},False,,12
GP_60N_NA3,,,,2,,{},{1},{9},False,,12
GP_60N_NA4,,,,2,,{},{1},{9},False,,12
GP_60N_NA5,,,,2,,{},{1},{9},False,,12
GP_60S_NA1,,,,2,,{},{1},{9},False,,12
GP_60S_NU1,,,,2,,{},{1},{9},False,,12
GP_60S_PA1,,,,2,,{},{1},{9},False,,12
GP_61_NA2,,,,2,,{},{1},{9},False,,12
GP_61_NA3,,,,2,,{},{1},{9},False,,12
GP_61_NA4,,,,2,,{},{1},{9},False,,12
GP_61_NA6,,,,2,,{},{1},{9},False,,12
GP_61_NU1,,,,2,,{},{1},{9},False,,12
GP_61_NU2,,,,2,,{},{1},{9},False,,12
GP_61_PA1,,,,2,,{},{1},{9},False,,12
GP_61_PA2,,,,2,,{},{1},{9},False,,12
GP_61_PA3,,,,2,,{},{1},{9},False,,12
GP_62_NA1,,,,2,,{},{1},{9},False,,12
GP_62_NA2,,,,2,,{},{1},{9},False,,12
GP_62_NA3,,,,2,,{},{1},{9},False,,12
GP_62_NA4,,,,2,,{},{1},{9},False,,12
GP_62_NA5,,,,2,,{},{1},{9},False,,12
GP_62_NA6,,,,2,,{},{1},{9},False,,12
GP_62_NU,,,,2,,{},{1},{9},False,,12
GP_63_NA1,,,,2,,{},{1},{9},False,,12
GP_63_NA2,,,,2,,{},{1},{9},False,,12
GP_63_NA3,,,,2,,{},{1},{9},False,,12
GP_63_NA4,,,,2,,{},{1},{9},False,,12
GP_63_NA5,,,,2,,{},{1},{9},False,,12
GP_63_NU,,,,2,,{},{1},{9},False,,12
GP_63_PR1,,,,2,,{},{1},{9},False,,12
GP_63_PR2,,,,2,,{},{1},{9},False,,12
GP_63_PR3,,,,2,,{},{1},{9},False,,12
GP_64_NA1,,,,2,,{},{1},{9},False,,12
GP_64_NA2,,,,2,,{},{1},{9},False,,12
GP_64_NU,,,,2,,{},{1},{9},False,,12
GP_64_PA1,,,,2,,{},{1},{9},False,,12
GP_64_PA2,,,,2,,{},{1},{9},False,,12
GP_64_PA3,,,,2,,{},{1},{9},False,,12
GP_64_XA,,,,2,,{},{1},{9},False,,12
GP_71_NA1,,,,2,,{},{1},{9},False,,12
GP_71_NA2,,,,2,,{},{1},{9},False,,12
GP_71_NA3,,,,2,,{},{1},{9},False,,12
GP_71_PA1,,,,2,,{},{1},{9},False,,12
GP_71_PA2,,,,2,,{},{1},{9},False,,12
GP_71_PA3,,,,2,,{},{1},{9},False,,12
GP_71_PA4,,,,2,,{},{1},{9},False,,12
GP_71_PA5,,,,2,,{},{1},{9},False,,12
GP_71_PA6,,,,2,,{},{1},{9},False,,12
GP_71_PA8,,,,2,,{},{1},{9},False,,12
GP_72_NA1,,,,2,,{},{1},{9},False,,12
GP_72_NA2,,,,2,,{},{1},{9},False,,12
GP_72_NU,,,,2,,{},{1},{9},False,,12
GP_72_PA,,,,2,,{},{1},{9},False,,12
GP_72_PR2,,,,2,,{},{1},{9},False,,12
GP_72_PR3,,,,2,,{},{1},{9},False,,12
GP_72_PR4,,,,2,,{},{1},{9},False,,12
GP_72_PR5,,,,2,,{},{1},{9},False,,12
GP_72_PR6,,,,2,,{},{1},{9},False,,12
GP_72_XA1,,,,2,,{},{1},{9},False,,12
GP_72_XA2,,,,2,,{},{1},{9},False,,12
GP_72_XA3,,,,2,,{},{1},{9},False,,12
GP_73_NA,,,,2,,{},{1},{9},False,,12
GP_73_NU,,,,2,,{},{1},{9},False,,12
GP_73_PA1,,,,2,,{},{1},{9},False,,12
GP_73_PA2,,,,2,,{},{1},{9},False,,12
GP_73_PA3,,,,2,,{},{1},{9},False,,12
GP_73_XA,,,,2,,{},{1},{9},False,,12
GP_90_PA1,,,,2,,{},{1},{9},False,,12
GP_90_PA2,,,,2,,{},{1},{9},False,,12
GP_91_PA,,,,2,,{},{1},{9},False,,12
GP_91_PR,,,,2,,{},{1},{9},False,,12
GRL001,,,,2,18,{24},{1},{9},False,,12
GRL010,,,,2,18,{24},{1},{9},False,,12
GRSVL,,Grass Valley / Nevada City,,2,,{},{1},{9},False,,12
GRT003,,,,2,18,{24},{1},{9},False,,12
GRVLD,,,,2,,{},{1},{9},False,,12
GRZ012,,,,2,18,{24},{1},{9},False,,12
GS65,,,,2,,{},{1},{9},False,,12
GZL007,,,,2,18,{24},{1},{9},False,,12
GZL008,,,,2,18,{24},{1},{9},False,,12
GZL009,,,,2,18,{24},{1},{9},False,,12
Garden Highway MWC,,,,2,,{},{1},{9},False,,12
Garzas Creek,,,,2,,{},{1},{9},False,,12
Georgetown Divide Ditch,,,,2,,{},{1},{9},False,,12
Georgianna Slough,,,,2,,{},{1},{9},False,5,12
Glenn-Colusa Canal,,,,2,,{},{1},{9},False,,12
Goodwin Diversion Dam,,,,2,,{},{1},{9},False,,12
Goose Lake FRS,,,,2,,{},{1},{9},False,,12
Green Valley WD,,(County of Kings),,2,,{},{1},{9},False,,12
Grizzly Forebay,,,,2,,{},{1},{9},False,,12
Grizzly Forebay Tunnel,,,,2,,{},{1},{9},False,,12
Grizzly Tunnel,,,,2,,{},{1},{9},False,,12
HCH001,,,,2,18,{24},{1},{9},False,,12
HCH002,,,,2,18,{24},{1},{9},False,,12
HCS001,,,,2,18,{24},{1},{9},False,,12
HGL006,,,,2,18,{24},{1},{9},False,,12
HHOLE,,,,2,,{},{1},{9},False,,12
HKC002,,,,2,18,{24},{1},{9},False,,12
HNGTN,,,,2,,{},{1},{9},False,,12
HNSLY,,,,2,,{},{1},{9},False,,12
HON004,,,,2,18,{24},{1},{9},False,,12
HON021,,,,2,18,{24},{1},{9},False,,12
HPC000,,,,2,18,{24},{1},{9},False,,12
HPC001,,,,2,18,{24},{1},{9},False,,12
HTCHY,,,,2,,{},{1},{9},False,,12
Halsey Afterbay,,,,2,,{},{1},{9},False,,12
Halsey Forebay,,,,2,,{},{1},{9},False,,12
Hamilton Branch,,,,2,,{},{1},{9},False,,12
Hamilton Branch Powerhouse,,,,2,,{},{1},{9},False,,12
Harding Drain/TID Lateral #5,,,,2,,{},{1},{9},False,,12
Hell Hole Reservoir Local Inflow,,,,2,,{},{1},{9},False,,12
Hendricks Diversion Dam,,,,2,,{},{1},{9},False,,12
Highland Creek,,,,2,,{},{1},{9},False,,12
Honcut Creek,,,,2,,{},{1},{9},False,,12
Hooper Creek,,,,2,,{},{1},{9},False,,12
Hospital and Ingram Creeks,,,,2,,{},{1},{9},False,,12
Hunters Reservoir,,,,2,,{},{1},{9},False,,12
"Hutchinson Creek, Dry Creek",,,,2,,{},{1},{9},False,,12
I1,,,,2,,{},{1},{9},False,,12
I10,,,,2,,{},{1},{9},False,,12
I100,,,,2,,{},{1},{9},False,,12
I108,,,,2,,{},{1},{9},False,,12
I109,,,,2,,{},{1},{9},False,,12
I110,,,,2,,{},{1},{9},False,,12
I11301,,,,2,,{},{1},{9},False,,12
I18,,,,2,,{},{1},{9},False,,12
I20,,,,2,,{},{1},{9},False,,12
I200,,,,2,,{},{1},{9},False,,12
I207,,,,2,,{},{1},{9},False,,12
I217,,,,2,,{},{1},{9},False,,12
I230,,,,2,,{},{1},{9},False,,12
I282,,,,2,,{},{1},{9},False,,12
I285,,,,2,,{},{1},{9},False,,12
I3,,,,2,,{},{1},{9},False,,12
I300,,,,2,,{},{1},{9},False,,12
I302,,,,2,,{},{1},{9},False,,12
I4,,,,2,,{},{1},{9},False,,12
I40,,,,2,,{},{1},{9},False,,12
I400,,,,2,,{},{1},{9},False,,12
I404,,,,2,,{},{1},{9},False,,12
I406,,,,2,,{},{1},{9},False,,12
I406B,,,,2,,{},{1},{9},False,,12
I409,,,,2,,{},{1},{9},False,,12
I41,,,,2,,{},{1},{9},False,,12
I410,,,,2,,{},{1},{9},False,,12
I412,,,,2,,{},{1},{9},False,,12
I413,,,,2,,{},{1},{9},False,,12
I42,,,,2,,{},{1},{9},False,,12
I506,,,,2,,{},{1},{9},False,,12
I52,,,,2,,{},{1},{9},False,,12
I520,,,,2,,{},{1},{9},False,,12
I53,,,,2,,{},{1},{9},False,,12
I561,,,,2,,{},{1},{9},False,,12
I6,,,,2,,{},{1},{9},False,,12
I607,,,,2,,{},{1},{9},False,,12
I76,,,,2,,{},{1},{9},False,,12
I8,,,,2,,{},{1},{9},False,,12
I81,,,,2,,{},{1},{9},False,,12
I9,,,,2,,{},{1},{9},False,,12
I90,,,,2,,{},{1},{9},False,,12
I91,,,,2,,{},{1},{9},False,,12
ICEHS,,,,2,,{},{1},{9},False,,12
IHT002,,,,2,18,{24},{1},{9},False,,12
INDVL,,,,2,,{},{1},{9},False,,12
ING008,,,,2,18,{24},{1},{9},False,,12
I_ALD002,,,,2,,{},{1},{9},False,,12
I_ALD004,,,,2,,{},{1},{9},False,,12
I_ALMNR,,,,2,,{},{1},{9},False,,12
I_ALOHA,,,,2,,{},{1},{9},False,,12
I_AMADR,,,,2,,{},{1},{9},False,,12
I_ANG017,,,,2,,{},{1},{9},False,,12
I_ANT011,,,,2,,{},{1},{9},False,,12
I_ANTLP,,,,2,,{},{1},{9},False,,12
I_BANOS,,,,2,,{},{1},{9},False,,12
I_BASSL,,,,2,,{},{1},{9},False,,12
I_BCC014,,,,2,,{},{1},{9},False,,12
I_BCK040,,,,2,,{},{1},{9},False,,12
I_BCM003,,,,2,,{},{1},{9},False,,12
I_BCN010,,,,2,,{},{1},{9},False,,12
I_BEARD,,,,2,,{},{1},{9},False,,12
I_BGC002,,,,2,,{},{1},{9},False,,12
I_BLKBT,,,,2,,{},{1},{9},False,,12
I_BOC002,,,,2,,{},{1},{9},False,,12
I_BOWMN,,,,2,,{},{1},{9},False,,12
I_BRC002,,,,2,,{},{1},{9},False,,12
I_BRC003,,,,2,,{},{1},{9},False,,12
I_BRR023,,,,2,,{},{1},{9},False,,12
I_BSH003,,,,2,,{},{1},{9},False,,12
I_BSM001,,,,2,,{},{1},{9},False,,12
I_BTC048,,,,2,,{},{1},{9},False,,12
I_BTL006,,,,2,,{},{1},{9},False,,12
I_BTVLY,,,,2,,{},{1},{9},False,,12
I_BUCKS,,,,2,,{},{1},{9},False,,12
I_BUR005,,,,2,,{},{1},{9},False,,12
I_BVC007,,,,2,,{},{1},{9},False,,12
I_C61002,,,,2,,{},{1},{9},False,,12
I_C62001,,,,2,,{},{1},{9},False,,12
I_CAA245,,,,2,,{},{1},{9},False,,12
I_CAP000,,,,2,,{},{1},{9},False,,12
I_CAPLS,,,,2,,{},{1},{9},False,,12
I_CCH053,,,,2,,{},{1},{9},False,,12
I_CFS001,,,,2,,{},{1},{9},False,,12
I_CHC000,,,,2,,{},{1},{9},False,,12
I_CHW031,,,,2,,{},{1},{9},False,,12
I_CHY006,,,,2,,{},{1},{9},False,,12
I_CLR011,,,,2,,{},{1},{9},False,1,12
I_CLRLK,,,,2,,{},{1},{9},False,1,12
I_CLV026,,,,2,,{},{1},{9},False,,12
I_CMBIE,,,,2,,{},{1},{9},False,,12
I_CMCHE,,,,2,,{},{1},{9},False,,12
I_CMP001,,,,2,,{},{1},{9},False,,12
I_CMP014,,,,2,,{},{1},{9},False,,12
I_CMPFW,,,,2,,{},{1},{9},False,,12
I_COL003,,,,2,,{},{1},{9},False,,12
I_COT033,,,,2,,{},{1},{9},False,,12
I_COW014,,,,2,,{},{1},{9},False,1,12
I_CQC001,,,,2,,{},{1},{9},False,,12
I_CRC002,,,,2,,{},{1},{9},False,,12
I_CSM035,,,,2,,{},{1},{9},False,,12
I_CVY009,,,,2,,{},{1},{9},False,,12
I_CWD018,,,,2,,{},{1},{9},False,1,12
I_CYN009,,,,2,,{},{1},{9},False,,12
I_DAVIS,,,,2,,{},{1},{9},False,,12
I_DBC024,,,,2,,{},{1},{9},False,,12
I_DCC010,,,,2,,{},{1},{9},False,,12
I_DCM027,,,,2,,{},{1},{9},False,,12
I_DCT050,,,,2,,{},{1},{9},False,,12
I_DED044,,,,2,,{},{1},{9},False,,12
I_DEE023,,,,2,,{},{1},{9},False,,12
I_DER001,,,,2,,{},{1},{9},False,,12
I_DER004,,,,2,,{},{1},{9},False,,12
I_DHC021,,,,2,,{},{1},{9},False,,12
I_DONLL,,,,2,,{},{1},{9},False,,12
I_DPC008,,,,2,,{},{1},{9},False,,12
I_DRC012,,,,2,,{},{1},{9},False,,12
I_DSC035,,,,2,,{},{1},{9},False,,12
I_EBF001,,,,2,,{},{1},{9},False,,12
I_EBTML,,,,2,,{},{1},{9},False,,12
I_ECHOL,,,,2,,{},{1},{9},False,,12
I_EDSON,,,,2,,{},{1},{9},False,,12
I_ELD027,,,,2,,{},{1},{9},False,,12
I_ELENR,,,,2,,{},{1},{9},False,,12
I_ELY001,,,,2,,{},{1},{9},False,,12
I_ENGLB,,,,2,,{},{1},{9},False,,12
I_EPARK,,,,2,,{},{1},{9},False,,12
I_ESTMN,,,,2,,{},{1},{9},False,,12
I_FLRNC,,,,2,,{},{1},{9},False,,12
I_FOLSM,,,,2,,{},{1},{9},False,,12
I_FRDYC,,,,2,,{},{1},{9},False,,12
I_FRMAN,,,,2,,{},{1},{9},False,,12
I_FRMDW,,,,2,,{},{1},{9},False,,12
I_FRNCH,,,,2,,{},{1},{9},False,,12
I_FRS046,,,,2,,{},{1},{9},False,,12
I_FSL012,,,,2,,{},{1},{9},False,,12
I_GERLE,,,,2,,{},{1},{9},False,,12
I_GRZ012,,,,2,,{},{1},{9},False,,12
I_GZL009,,,,2,,{},{1},{9},False,,12
I_HHOLE,,,,2,,{},{1},{9},False,,12
I_HNGTN,,,,2,,{},{1},{9},False,,12
I_HNSLY,,,,2,,{},{1},{9},False,,12
I_HON021,,,,2,,{},{1},{9},False,,12
I_HPC001,,,,2,,{},{1},{9},False,,12
I_HTCHY,,,,2,,{},{1},{9},False,,12
I_ICEHS,,,,2,,{},{1},{9},False,,12
I_INDVL,,,,2,,{},{1},{9},False,,12
I_ING008,,,,2,,{},{1},{9},False,,12
I_JBP006,,,,2,,{},{1},{9},False,,12
I_JKSMD,,,,2,,{},{1},{9},False,,12
I_JNKSN,,,,2,,{},{1},{9},False,,12
I_JWB001,,,,2,,{},{1},{9},False,,12
I_LCBRF,,,,2,,{},{1},{9},False,,12
I_LCC038,,,,2,,{},{1},{9},False,,12
I_LDC029,,,,2,,{},{1},{9},False,,12
I_LGRSV,,,,2,,{},{1},{9},False,,12
I_LJC022,,,,2,,{},{1},{9},False,,12
I_LKVLY,,,,2,,{},{1},{9},False,,12
I_LLOYD,,,,2,,{},{1},{9},False,,12
I_LNG012,,,,2,,{},{1},{9},False,,12
I_LOONL,,,,2,,{},{1},{9},False,,12
I_LOSVQ,,,,2,,{},{1},{9},False,,12
I_LPC007,,,,2,,{},{1},{9},False,,12
I_LRB004,,,,2,,{},{1},{9},False,,12
I_LWSTN,,,,2,,{},{1},{9},False,,12
I_LYONS,,,,2,,{},{1},{9},False,,12
I_MAMTH,,,,2,,{},{1},{9},False,,12
I_MCD055,,,,2,,{},{1},{9},False,,12
I_MCLRE,,,,2,,{},{1},{9},False,1,12
I_MERLC,,,,2,,{},{1},{9},False,2,12
I_MFA001,,,,2,,{},{1},{9},False,,12
I_MFA023,,,,2,,{},{1},{9},False,,12
I_MFA025,,,,2,,{},{1},{9},False,,12
I_MFA036,,,,2,,{},{1},{9},False,,12
I_MFF019,,,,2,,{},{1},{9},False,,12
I_MFF087,,,,2,,{},{1},{9},False,,12
I_MFM008,,,,2,,{},{1},{9},False,,12
I_MFS013,,,,2,,{},{1},{9},False,,12
I_MFS022,,,,2,,{},{1},{9},False,,12
I_MFS047,,,,2,,{},{1},{9},False,,12
I_MFT000,,,,2,,{},{1},{9},False,,12
I_MFY013,,,,2,,{},{1},{9},False,,12
I_MIL003,,,,2,,{},{1},{9},False,,12
I_MLC006,,,,2,,{},{1},{9},False,,12
I_MLRTN,,,,2,,{},{1},{9},False,,12
I_MNS000,,,,2,,{},{1},{9},False,,12
I_MOC003,,,,2,,{},{1},{9},False,,12
I_MOK079,,,,2,,{},{1},{9},False,,12
I_MON005,,,,2,,{},{1},{9},False,,12
I_MPS038,,,,2,,{},{1},{9},False,,12
I_MSH015,,,,2,,{},{1},{9},False,,12
I_MTMDW,,,,2,,{},{1},{9},False,,12
I_NBLDB,,,,2,,{},{1},{9},False,,12
I_NFA016,,,,2,,{},{1},{9},False,,12
I_NFA022,,,,2,,{},{1},{9},False,,12
I_NFA054,,,,2,,{},{1},{9},False,,12
I_NFF029,,,,2,,{},{1},{9},False,,12
I_NFF046,,,,2,,{},{1},{9},False,,12
I_NFF058,,,,2,,{},{1},{9},False,,12
I_NFM010,,,,2,,{},{1},{9},False,,12
I_NFS003,,,,2,,{},{1},{9},False,,12
I_NFS005,,,,2,,{},{1},{9},False,,12
I_NFS009,,,,2,,{},{1},{9},False,,12
I_NFS033,,,,2,,{},{1},{9},False,,12
I_NFT008,,,,2,,{},{1},{9},False,,12
I_NFW006,,,,2,,{},{1},{9},False,,12
I_NFW009,,,,2,,{},{1},{9},False,,12
I_NFW026,,,,2,,{},{1},{9},False,,12
I_NFY029,,,,2,,{},{1},{9},False,,12
I_NHGAN,,,,2,,{},{1},{9},False,,12
I_NLC003,,,,2,,{},{1},{9},False,,12
I_NMA003,,,,2,,{},{1},{9},False,,12
I_NNA013,,,,2,,{},{1},{9},False,,12
I_NSC001,,,,2,,{},{1},{9},False,,12
I_OGN005,,,,2,,{},{1},{9},False,,12
I_ORG000,,,,2,,{},{1},{9},False,,12
I_OROVL,,,,2,,{},{1},{9},False,,12
I_ORT014,,,,2,,{},{1},{9},False,,12
I_OWN040,,,,2,,{},{1},{9},False,,12
I_PARDE,,,,2,,{},{1},{9},False,,12
I_PCRST,,,,2,,{},{1},{9},False,,12
I_PEDRO,,,,2,,{},{1},{9},False,,12
I_PLC007,,,,2,,{},{1},{9},False,,12
I_PLM001,,,,2,,{},{1},{9},False,,12
I_PTH070,,,,2,,{},{1},{9},False,,12
I_PTM002,,,,2,,{},{1},{9},False,,12
I_PYN001,,,,2,,{},{1},{9},False,,12
I_PYR001,,,,2,,{},{1},{9},False,,12
I_QNT005,,,,2,,{},{1},{9},False,,12
I_RCK001,,,,2,,{},{1},{9},False,,12
I_RDNGR,,,,2,,{},{1},{9},False,,12
I_RLIEF,,,,2,,{},{1},{9},False,,12
I_RLLNS,,,,2,,{},{1},{9},False,,12
I_RSS001,,,,2,,{},{1},{9},False,,12
I_RUB002,,,,2,,{},{1},{9},False,,12
I_RUB047,,,,2,,{},{1},{9},False,,12
I_RVPHB,,,,2,,{},{1},{9},False,,12
I_SCOTF,,,,2,,{},{1},{9},False,,12
I_SCW008,,,,2,,{},{1},{9},False,,12
I_SFA030,,,,2,,{},{1},{9},False,,12
I_SFA040,,,,2,,{},{1},{9},False,,12
I_SFA066,,,,2,,{},{1},{9},False,,12
I_SFA076,,,,2,,{},{1},{9},False,,12
I_SFD003,,,,2,,{},{1},{9},False,,12
I_SFF008,,,,2,,{},{1},{9},False,,12
I_SFF011,,,,2,,{},{1},{9},False,,12
I_SFM005,,,,2,,{},{1},{9},False,,12
I_SFR006,,,,2,,{},{1},{9},False,,12
I_SFS030,,,,2,,{},{1},{9},False,,12
I_SFS033,,,,2,,{},{1},{9},False,,12
I_SFT003,,,,2,,{},{1},{9},False,,12
I_SFW001,,,,2,,{},{1},{9},False,,12
I_SFW006,,,,2,,{},{1},{9},False,,12
I_SFY007,,,,2,,{},{1},{9},False,,12
I_SFY048,,,,2,,{},{1},{9},False,,12
I_SGRGE,,,,2,,{},{1},{9},False,,12
I_SHSTA,,,,2,,{},{1},{9},False,,12
I_SHVER,,,,2,,{},{1},{9},False,,12
I_SILVR,,,,2,,{},{1},{9},False,,12
I_SJR258,,,,2,,{},{1},{9},False,2,12
I_SJR265,,,,2,,{},{1},{9},False,2,12
I_SJR288,,,,2,,{},{1},{9},False,2,12
I_SJR305,,,,2,,{},{1},{9},False,2,12
I_SLC003,,,,2,,{},{1},{9},False,,12
I_SLF009,,,,2,,{},{1},{9},False,,12
I_SLO007,,,,2,,{},{1},{9},False,5,12
I_SLT009,,,,2,,{},{1},{9},False,,12
I_SLTSP,,,,2,,{},{1},{9},False,,12
I_SLUIS,,,,2,,{},{1},{9},False,,12
I_SLV006,,,,2,,{},{1},{9},False,,12
I_SLV015,,,,2,,{},{1},{9},False,,12
I_SLYCK,,,,2,,{},{1},{9},False,,12
I_SPICE,,,,2,,{},{1},{9},False,,12
I_SPLDG,,,,2,,{},{1},{9},False,,12
I_SSC001,,,,2,,{},{1},{9},False,,12
I_STMPY,,,,2,,{},{1},{9},False,,12
I_STS059,,,,2,,{},{1},{9},False,2,12
I_STS072,,,,2,,{},{1},{9},False,2,12
I_TGC003,,,,2,,{},{1},{9},False,,12
I_THM028,,,,2,,{},{1},{9},False,,12
I_TRNTY,,,,2,,{},{1},{9},False,,12
I_TSC001,,,,2,,{},{1},{9},False,,12
I_TULOC,,,,2,,{},{1},{9},False,4,12
I_TUO054,,,,2,,{},{1},{9},False,2,12
I_TUO105,,,,2,,{},{1},{9},False,2,12
I_UBEAR,,,,2,,{},{1},{9},False,,12
I_UNVLY,,,,2,,{},{1},{9},False,,12
I_WBF006,,,,2,,{},{1},{9},False,,12
I_WBF015,,,,2,,{},{1},{9},False,,12
I_WBF030,,,,2,,{},{1},{9},False,,12
I_WBR001,,,,2,,{},{1},{9},False,,12
I_WKYTN,,,,2,,{},{1},{9},False,,12
I_WLF013,,,,2,,{},{1},{9},False,,12
I_WRM004,,,,2,,{},{1},{9},False,,12
I_WWC001,,,,2,,{},{1},{9},False,,12
Indian Slough,,,,2,,{},{1},{9},False,5,12
Inflow  to Donnells Lake,,,,2,,{},{1},{9},False,,12
Inflow  to Lyons Reservoir,,,,2,,{},{1},{9},False,,12
Inflow to,,Fordyce Lake,,2,,{},{1},{9},False,,12
Inflow to Beardsley Lake,,,,2,,{},{1},{9},False,,12
Inflow to Cherry Lake,,,,2,,{},{1},{9},False,,12
Inflow to Cole Creek,,,,2,,{},{1},{9},False,,12
Inflow to French Lake,,,,2,,{},{1},{9},False,,12
Inflow to French Meadows,,,,2,,{},{1},{9},False,,12
Inflow to Hetch Hetchy Reservoir,,,,2,,{},{1},{9},False,,12
Inflow to Ice House,,,,2,,{},{1},{9},False,,12
Inflow to Lake,,Valley Reservoir,,2,,{},{1},{9},False,,12
Inflow to Lake Eleanor,,,,2,,{},{1},{9},False,,12
Inflow to Loon Lake,,,,2,,{},{1},{9},False,,12
Inflow to PinecCrest Lake,,,,2,,{},{1},{9},False,,12
Inflow to Pyramid Creek,,,,2,,{},{1},{9},False,,12
Inflow to Rubicon Reservoir,,,,2,,{},{1},{9},False,,12
Inflow to Salt Springs Reservoir,,,,2,,{},{1},{9},False,,12
Inflow to Silver Lake,,,,2,,{},{1},{9},False,,12
Inflow to South Fork of Deer Creek,,Upstream from Diversion Dam,,2,,{},{1},{9},False,,12
Inflow to Stumpy Meadows Reservoir,,,,2,,{},{1},{9},False,,12
Inflow to Tiger Creek,,,,2,,{},{1},{9},False,,12
Inflow to Union Valley Reservoir,,,,2,,{},{1},{9},False,,12
Inflow to Upper and Lower Bear River Reservoirs,,,,2,,{},{1},{9},False,,12
Inflows  to NF Stanislaus River,,,,2,,{},{1},{9},False,,12
Interbay Dam,,,,2,,{},{1},{9},False,,12
Interstate 99 Roadbridge,,Flow Requirement,,2,,{},{1},{9},False,,12
Intertie,,,,2,,{},{1},{9},False,,12
JBC000,,,,2,18,{24},{1},{9},False,,12
JBC002,,,,2,18,{24},{1},{9},False,,12
JBC004,,,,2,18,{24},{1},{9},False,,12
JBC008,,,,2,18,{24},{1},{9},False,,12
JBP006,,,,2,18,{24},{1},{9},False,,12
JBT004,,,,2,18,{24},{1},{9},False,,12
JCK002,,,,2,18,{24},{1},{9},False,,12
JKSMD,,,,2,,{},{1},{9},False,,12
JLIND,,,,2,,{},{1},{9},False,,12
JNKSN,,,,2,,{},{1},{9},False,,12
JWB001,,,,2,18,{24},{1},{9},False,,12
JWS004,,,,2,18,{24},{1},{9},False,,12
Jackson Creek,,,,2,,{},{1},{9},False,,12
Jackson Meadows,,Reservoir,,2,,{},{1},{9},False,,12
James Bypass,,,,2,,{},{1},{9},False,,12
Jawbone Creek,,,,2,,{},{1},{9},False,,12
Joint Board Canal,,,,2,,{},{1},{9},False,,12
Jones Pumping Plant,,,,2,,{},{1},{9},False,,12
Junction Reservoir,,,,2,,{},{1},{9},False,,12
KCWA R-15A-16A,,,,2,,{},{1},{9},False,,12
KLR005,,,,2,18,{24},{1},{9},False,,12
KLR006,,,,2,18,{24},{1},{9},False,,12
KPA008,,,,2,18,{24},{1},{9},False,,12
KPM010,,,,2,18,{24},{1},{9},False,,12
KRCKH,,,,2,,{},{1},{9},False,,12
KRT000,,,,2,18,{24},{1},{9},False,,12
KSWCK,,,,2,,{},{1},{9},False,,12
KWB Local Element Demand,,,,2,,{},{1},{9},False,,12
Kellogg Creek,,,,2,,{},{1},{9},False,,12
Kelly Ridge Powerhouse,,,,2,,{},{1},{9},False,,12
Kennedy Creek Inflow to MF Stanislaus River,,,,2,,{},{1},{9},False,,12
Kern River,,Intertie,,2,,{},{1},{9},False,,12
Keystone Canal,,,,2,,{},{1},{9},False,,12
King R-8C,,,,2,,{},{1},{9},False,,12
Knights Landing Ridge Cut,,,,2,,{},{1},{9},False,,12
L172,,,,2,,{},{1},{9},False,,12
L590,,,,2,,{},{1},{9},False,,12
LBC001,,,,2,18,{24},{1},{9},False,,12
LBC010,,,,2,18,{24},{1},{9},False,,12
LBC030,,,,2,18,{24},{1},{9},False,,12
LBC031,,,,2,18,{24},{1},{9},False,,12
LBC032,,,,2,18,{24},{1},{9},False,,12
LBC038,,,,2,18,{24},{1},{9},False,,12
LBC040,,,,2,18,{24},{1},{9},False,,12
LBC043,,,,2,18,{24},{1},{9},False,,12
LBC047,,,,2,18,{24},{1},{9},False,,12
LBC049,,,,2,18,{24},{1},{9},False,,12
LBEAR,,,,2,,{},{1},{9},False,,12
LBN008,,,,2,18,{24},{1},{9},False,,12
LBN012,,,,2,18,{24},{1},{9},False,,12
LBN025,,,,2,18,{24},{1},{9},False,,12
LBR002,,,,2,18,{24},{1},{9},False,,12
LBUCK,,,,2,,{},{1},{9},False,,12
LCA001,,,,2,18,{24},{1},{9},False,,12
LCBRF,,,,2,,{},{1},{9},False,,12
LCC016,,,,2,18,{24},{1},{9},False,,12
LCC024,,,,2,18,{24},{1},{9},False,,12
LCC026,,,,2,18,{24},{1},{9},False,,12
LCC029,,,,2,18,{24},{1},{9},False,,12
LCC038,,,,2,18,{24},{1},{9},False,,12
LCCWD,,Little Last Chance Irrigation District DWR Non-District,,2,,{},{1},{9},False,1,12
LCWWTP,,,,2,20,{25},{1},{9},False,,12
LDC007,,,,2,18,{24},{1},{9},False,,12
LDC021,,,,2,18,{24},{1},{9},False,,12
LDC029,,,,2,18,{24},{1},{9},False,,12
LGRSV,,,,2,,{},{1},{9},False,,12
LJC010,,,,2,18,{24},{1},{9},False,,12
LJC022,,,,2,18,{24},{1},{9},False,,12
LKVLY,,,,2,,{},{1},{9},False,,12
LLC007,,,,2,18,{24},{1},{9},False,,12
LLOYD,,,,2,,{},{1},{9},False,,12
LLT000,,,,2,18,{24},{1},{9},False,,12
LNG012,,,,2,18,{24},{1},{9},False,,12
LOONL,,,,2,,{},{1},{9},False,,12
LOSVQ,,,,2,,{},{1},{9},False,,12
LPC000,,,,2,18,{24},{1},{9},False,,12
LPC007,,,,2,18,{24},{1},{9},False,,12
LRB003,,,,2,18,{24},{1},{9},False,,12
LRB004,,,,2,18,{24},{1},{9},False,,12
LRB005,,,,2,18,{24},{1},{9},False,,12
LRT000,,,,2,18,{24},{1},{9},False,,12
LST003,,,,2,18,{24},{1},{9},False,,12
LST004,,,,2,18,{24},{1},{9},False,,12
LST007,,,,2,18,{24},{1},{9},False,,12
LVC001,,,,2,18,{24},{1},{9},False,,12
LVP007,,,,2,18,{24},{1},{9},False,,12
LWSTN,,,,2,,{},{1},{9},False,,12
LYONS,,,,2,,{},{1},{9},False,,12
L_SILVR,,,,2,,{},{1},{9},False,,12
LaGrange Dam,,,,2,,{},{1},{9},False,,12
Lake Aloha Inflow,,,,2,,{},{1},{9},False,,12
Lake Alta,,,,2,,{},{1},{9},False,,12
Lake Folsom Local Inflow,,,,2,,{},{1},{9},False,,12
Lake Perris,,,,2,,{},{1},{9},False,,12
Lake Theodore,,,,2,,{},{1},{9},False,,12
Lake Wildwood,,,,2,,{},{1},{9},False,,12
Lake Yosemite,,,,2,,{},{1},{9},False,,12
"Lateral 24-2, 32-2",,,,2,,{},{1},{9},False,,12
Lateral 6-2,,,,2,,{},{1},{9},False,,12
LeGrand Canal,,,,2,,{},{1},{9},False,,12
Lewiston,,Local Inflow,,2,,{},{1},{9},False,,12
Lima Saddle PH,,,,2,,{},{1},{9},False,,12
"Lindsey, Culbertson, Blue, Rucker, and Feeley Lakes",,,,2,,{},{1},{9},False,,12
Lisbon Weir,,,,2,,{},{1},{9},False,,12
Little Chico Creek,,,,2,,{},{1},{9},False,,12
Little Chico Creek drains into Angel Slough,,,,2,,{},{1},{9},False,5,12
Little Dry Creek,,,,2,,{},{1},{9},False,,12
Little Last Chance Creek,,,,2,,{},{1},{9},False,,12
Little Panoche Creek,,,,2,,{},{1},{9},False,,12
Little Rubicon River,,,,2,,{},{1},{9},False,,12
Littlejohns Creek,,,,2,,{},{1},{9},False,,12
Littlerock Creek ID,,(Reach 21),,2,,{},{1},{9},False,,12
Local Accretion,,,,2,,{},{1},{9},False,,12
Local Inflow,,,,2,,{},{1},{9},False,,12
Local Inflow North Fork,,American River,,2,,{},{1},{9},False,,12
Local Inflow to,,Englebright Reservoir,,2,,{},{1},{9},False,,12
Local Inflow to Cache Creek,,,,2,,{},{1},{9},False,,12
Local Inflow to Camp,,Far West Reservoir,,2,,{},{1},{9},False,,12
Local Inflow to Combie Reservoir,,,,2,,{},{1},{9},False,,12
Local Inflow to Deer Creek,,,,2,,{},{1},{9},False,,12
Local Inflow to Gerle Reservoir,,,,2,,{},{1},{9},False,,12
Local Inflow to MF Stanislaus River,,,,2,,{},{1},{9},False,,12
Local Inflow to Middle Fork,,American River,,2,,{},{1},{9},False,,12
Local Inflow to Mokelumne River,,,,2,,{},{1},{9},False,,12
Local Inflow to NF Mokelumne River,,,,2,,{},{1},{9},False,,12
Local Inflow to NF Stanislaus River,,,,2,,{},{1},{9},False,,12
Local Inflow to New Melones Reservoir,,,,2,,{},{1},{9},False,,12
Local Inflow to North Fork,,American River,,2,,{},{1},{9},False,,12
Local Inflow to Pardee Reservoir,,,,2,,{},{1},{9},False,,12
Local Inflow to Pilot Creek,,,,2,,{},{1},{9},False,,12
Local Inflow to SF Stanislaus River,,,,2,,{},{1},{9},False,,12
Local Inflow to Scotts Flat,,,,2,,{},{1},{9},False,,12
Local Inflow to Silver Creek,,,,2,,{},{1},{9},False,,12
Local Inflow:,,Paige Boulder and Andrews Creek,,2,,{},{1},{9},False,,12
Local Inflows to NF Stanislaus River,,,,2,,{},{1},{9},False,,12
Local Inflows to SF Stanislaus,,,,2,,{},{1},{9},False,,12
Local inflow Middle Fork,,American River,,2,,{},{1},{9},False,,12
Local inflow to Middle Fork,,American River at Interbay Dam,,2,,{},{1},{9},False,,12
Local inflow to Rubicon River near Foresthill,,,,2,,{},{1},{9},False,,12
Local inflow to Silver Fork American River,,,,2,,{},{1},{9},False,2,12
Local inflows,,,,2,,{},{1},{9},False,,12
Log Cabin Diversion Dam,,,,2,,{},{1},{9},False,,12
Long Canyon Creek Local Inflow,,,,2,,{},{1},{9},False,,12
Los Banos Creek,,,,2,,{},{1},{9},False,,12
Los Perillas PP,,,,2,,{},{1},{9},False,,12
Losses,,,,2,,{},{1},{9},False,,12
Losses R-1--> 9,,,,2,,{},{1},{9},False,,12
Losses R-14A --> 14C,,,,2,,{},{1},{9},False,,12
Losses R-15A -->18A,,,,2,,{},{1},{9},False,,12
Losses R-17 --> 21,,,,2,,{},{1},{9},False,,12
"Losses R-22A, 22B, 23",,,,2,,{},{1},{9},False,,12
"Losses R-24,25,26A,28,28J",,,,2,,{},{1},{9},False,,12
Losses R-29A --> 29F,,,,2,,{},{1},{9},False,,12
Losses R-29G --> 29J,,,,2,,{},{1},{9},False,,12
Losses R-30,,,,2,,{},{1},{9},False,,12
Losses R-8C --> 13B,,,,2,,{},{1},{9},False,,12
Lost Creek Reservoir,,,,2,,{},{1},{9},False,,12
Lost Hills WD,,"(KCWA R-9, 10A, 11B 12D, 12E, 13B)",,2,,{},{1},{9},False,,12
Lower Boardman Canal used as surrogate for PCWA canal distribution system,,,,2,,{},{1},{9},False,,12
Lower Bucks Lake,,,,2,,{},{1},{9},False,,12
Lower Cherry Aqueduct,,,,2,,{},{1},{9},False,,12
Lower Farmington Canal,,,,2,,{},{1},{9},False,,12
Lower Greeley Canal,,,,2,,{},{1},{9},False,,12
Lower Utica Canal,,,,2,,{},{1},{9},False,,12
M&T FRS,,,,2,,{},{1},{9},False,,12
M&T/Llano Seco Pumping Plant,,,,2,,{},{1},{9},False,,12
MAMTH,,,,2,,{},{1},{9},False,,12
MAQ001,,,,2,18,{24},{1},{9},False,,12
MAQ012,,,,2,18,{24},{1},{9},False,,12
MAQ057,,,,2,18,{24},{1},{9},False,,12
MAWWTP,,,,2,20,{25},{1},{9},False,,12
MBM004,,,,2,18,{24},{1},{9},False,,12
MBS002,,,,2,18,{24},{1},{9},False,,12
MBT005,,,,2,18,{24},{1},{9},False,,12
MCD002,,,,2,18,{24},{1},{9},False,,12
MCD005,,,,2,18,{24},{1},{9},False,,12
MCD009,,,,2,18,{24},{1},{9},False,,12
MCD014,,,,2,18,{24},{1},{9},False,,12
MCD018,,,,2,18,{24},{1},{9},False,,12
MCD021,,,,2,18,{24},{1},{9},False,,12
MCD028,,,,2,18,{24},{1},{9},False,,12
MCD032,,,,2,18,{24},{1},{9},False,,12
MCD033,,,,2,18,{24},{1},{9},False,,12
MCD036,,,,2,18,{24},{1},{9},False,,12
MCD042,,,,2,18,{24},{1},{9},False,,12
MCD046,,,,2,18,{24},{1},{9},False,,12
MCD048,,,,2,18,{24},{1},{9},False,,12
MCD050,,,,2,18,{24},{1},{9},False,,12
MCD052,,,,2,18,{24},{1},{9},False,,12
MCD054,,,,2,18,{24},{1},{9},False,,12
MCD055,,,,2,18,{24},{1},{9},False,,12
MCD056,,,,2,18,{24},{1},{9},False,,12
MCLRE,,,,2,,{},{1},{9},False,1,12
MCM001,,,,2,18,{24},{1},{9},False,,12
MDC006,,,,2,18,{24},{1},{9},False,,12
MDC019,,,,2,18,{24},{1},{9},False,,12
MDC032,,,,2,18,{24},{1},{9},False,,12
MDOTA,,,,2,,{},{1},{9},False,,12
MDS003,,,,2,18,{24},{1},{9},False,,12
MDWWTP,,,,2,20,{25},{1},{9},False,,12
MERLC,,,,2,,{},{1},{9},False,2,12
MFA001,,,,2,18,{24},{1},{9},False,,12
MFA023,,,,2,18,{24},{1},{9},False,,12
MFA024,,,,2,18,{24},{1},{9},False,,12
MFA025,,,,2,18,{24},{1},{9},False,,12
MFA026,,,,2,18,{24},{1},{9},False,,12
MFA035,,,,2,18,{24},{1},{9},False,,12
MFA036,,,,2,18,{24},{1},{9},False,,12
MFA037,,,,2,18,{24},{1},{9},False,,12
MFA038,,,,2,18,{24},{1},{9},False,,12
MFA040,,,,2,18,{24},{1},{9},False,,12
MFA047,,,,2,18,{24},{1},{9},False,,12
MFB000,,,,2,18,{24},{1},{9},False,,12
MFF019,,,,2,18,{24},{1},{9},False,,12
MFF087,,,,2,18,{24},{1},{9},False,,12
MFF088,,,,2,18,{24},{1},{9},False,,12
MFF095,,,,2,18,{24},{1},{9},False,,12
MFM001,,,,2,18,{24},{1},{9},False,,12
MFM006,,,,2,18,{24},{1},{9},False,,12
MFM007,,,,2,18,{24},{1},{9},False,,12
MFM008,,,,2,18,{24},{1},{9},False,,12
MFS012,,,,2,18,{24},{1},{9},False,,12
MFS013,,,,2,18,{24},{1},{9},False,,12
MFS015,,,,2,18,{24},{1},{9},False,,12
MFS017,,,,2,18,{24},{1},{9},False,,12
MFS022,,,,2,18,{24},{1},{9},False,,12
MFS037,,,,2,18,{24},{1},{9},False,,12
MFS047,,,,2,18,{24},{1},{9},False,,12
MFT000,,,,2,18,{24},{1},{9},False,,12
MFT003,,,,2,18,{24},{1},{9},False,,12
MFT004,,,,2,18,{24},{1},{9},False,,12
MFT011,,,,2,18,{24},{1},{9},False,,12
MFY005,,,,2,18,{24},{1},{9},False,,12
MFY012,,,,2,18,{24},{1},{9},False,,12
MFY013,,,,2,18,{24},{1},{9},False,,12
MFY044,,,,2,18,{24},{1},{9},False,,12
MFY045,,,,2,18,{24},{1},{9},False,,12
MFY046,,,,2,18,{24},{1},{9},False,,12
MHILL_NU,,,,2,,{},{1},{9},False,,12
MID021,,,,2,18,{24},{1},{9},False,,12
MIL002,,,,2,18,{24},{1},{9},False,,12
MIL003,,,,2,18,{24},{1},{9},False,,12
MIO010,,,,2,18,{24},{1},{9},False,,12
MIO023,,,,2,18,{24},{1},{9},False,,12
MLC004,,,,2,18,{24},{1},{9},False,,12
MLC006,,,,2,18,{24},{1},{9},False,,12
MLRTN,,,,2,,{},{1},{9},False,,12
MNRRH,,,,2,,{},{1},{9},False,,12
MNS000,,,,2,18,{24},{1},{9},False,,12
MNT000,,,,2,18,{24},{1},{9},False,,12
MNT020,,,,2,18,{24},{1},{9},False,,12
MNZNT,,,,2,,{},{1},{9},False,,12
MOC003,,,,2,18,{24},{1},{9},False,,12
MOK004,,,,2,18,{24},{1},{9},False,,12
MOK014,,,,2,18,{24},{1},{9},False,,12
MOK019,,,,2,18,{24},{1},{9},False,,12
MOK022,,,,2,18,{24},{1},{9},False,,12
MOK028,,,,2,18,{24},{1},{9},False,,12
MOK033,,,,2,18,{24},{1},{9},False,,12
MOK034,,,,2,18,{24},{1},{9},False,,12
MOK035,,,,2,18,{24},{1},{9},False,,12
MOK039,,,,2,18,{24},{1},{9},False,,12
MOK044,,,,2,18,{24},{1},{9},False,,12
MOK050,,,,2,18,{24},{1},{9},False,,12
MOK055,,,,2,18,{24},{1},{9},False,,12
MOK057,,,,2,18,{24},{1},{9},False,,12
MOK079,,,,2,18,{24},{1},{9},False,,12
MOK082,,,,2,18,{24},{1},{9},False,,12
MOK088,,,,2,18,{24},{1},{9},False,,12
MON004,,,,2,18,{24},{1},{9},False,,12
MON005,,,,2,18,{24},{1},{9},False,,12
MON006,,,,2,18,{24},{1},{9},False,,12
MOWWTP,,,,2,20,{25},{1},{9},False,,12
MPB007,,,,2,18,{24},{1},{9},False,,12
MPS020,,,,2,18,{24},{1},{9},False,,12
MPS038,,,,2,18,{24},{1},{9},False,,12
MRM001,,,,2,18,{24},{1},{9},False,,12
MRS000,,,,2,18,{24},{1},{9},False,,12
MSF014,,,,2,18,{24},{1},{9},False,,12
MSF016,,,,2,18,{24},{1},{9},False,,12
MSH015,,,,2,18,{24},{1},{9},False,,12
MSN004,,,,2,18,{24},{1},{9},False,,12
MSN005,,,,2,18,{24},{1},{9},False,,12
MSN009,,,,2,18,{24},{1},{9},False,,12
MSS014,,,,2,18,{24},{1},{9},False,,12
MTB001,,,,2,18,{24},{1},{9},False,,12
MTC000,,,,2,18,{24},{1},{9},False,,12
MTMDW,,,,2,,{},{1},{9},False,,12
Madera Canal,,,,2,,{},{1},{9},False,,12
Madera Main Canal,,,,2,,{},{1},{9},False,,12
Mallard Slough Intake,,,,2,,{},{1},{9},False,5,12
Mariposa Bypass,,,,2,,{},{1},{9},False,,12
Mariposa Creek,,,,2,,{},{1},{9},False,,12
Marsh Creek,,,,2,,{},{1},{9},False,,12
McKays Point Reservoir,,,,2,,{},{1},{9},False,,12
McSwain Dam,,,,2,,{},{1},{9},False,,12
Mdsto,,,,2,,{},{1},{9},False,,12
Melon,,,,2,,{},{1},{9},False,,12
Merced Falls Diversion Dam,,,,2,,{},{1},{9},False,2,12
Merced River,,,,2,,{},{1},{9},False,2,12
Metropolitan Water District,,,,2,,{},{1},{9},False,,12
Middle Fork,,American River,,2,,{},{1},{9},False,,12
Middle Fork  Mokelumne River,,,,2,,{},{1},{9},False,,12
Middle Fork Tuolumne,,,,2,,{},{1},{9},False,2,12
Mill Creek,,,,2,,{},{1},{9},False,,12
Mills Creek,,,,2,,{},{1},{9},False,,12
Milton-Bowman,,Tunnel,,2,,{},{1},{9},False,,12
Miners Ranch Canal,,,,2,,{},{1},{9},False,,12
Miners Ranch Reservoir,,,,2,,{},{1},{9},False,,12
Minor Diversions Capay Valley,,,,2,,{},{1},{9},False,,12
Minor North-East Streams,,,,2,,{},{1},{9},False,,12
Minor non-project diversions,,aggregated with CVP settlement contractors,,2,,{},{1},{9},False,,12
Miocene Diversion Dam,,,,2,,{},{1},{9},False,,12
Miscellaneous FRSA diverters,,,,2,,{},{1},{9},False,,12
Moccasin Creek,,,,2,,{},{1},{9},False,,12
Moccasin Reservoir and Powerhouse,,,,2,,{},{1},{9},False,,12
Mojave Power Plant,,,,2,,{},{1},{9},False,,12
Mojave WA,,"(Reach 22B, 23)",,2,,{},{1},{9},False,,12
Mono Creek,,,,2,,{},{1},{9},False,,12
Mud Slough near Hwy 140,,,,2,,{},{1},{9},False,5,12
Muletown Conduit,,,,2,,{},{1},{9},False,,12
Murphys Forebay and Afterbay,,,,2,,{},{1},{9},False,,12
NAPA2,,,,2,,{},{1},{9},False,,12
NBA009,,,,2,18,{24},{1},{9},False,,12
NBA011,,,,2,18,{24},{1},{9},False,,12
NBA021,,,,2,18,{24},{1},{9},False,,12
NBA027,,,,2,18,{24},{1},{9},False,,12
NBLDB,,,,2,,{},{1},{9},False,,12
NCT001,,,,2,18,{24},{1},{9},False,,12
NDOI,,,,2,,{},{1},{9},False,,12
NF Long Canyon Creek,,,,2,,{},{1},{9},False,,12
NF Willow Creek,,,,2,,{},{1},{9},False,,12
NFA011,,,,2,18,{24},{1},{9},False,,12
NFA016,,,,2,18,{24},{1},{9},False,,12
NFA019,,,,2,18,{24},{1},{9},False,,12
NFA022,,,,2,18,{24},{1},{9},False,,12
NFA048,,,,2,18,{24},{1},{9},False,,12
NFA054,,,,2,18,{24},{1},{9},False,,12
NFC005,,,,2,18,{24},{1},{9},False,,12
NFC013,,,,2,18,{24},{1},{9},False,,12
NFC020,,,,2,18,{24},{1},{9},False,,12
NFF008,,,,2,18,{24},{1},{9},False,,12
NFF020,,,,2,18,{24},{1},{9},False,,12
NFF027,,,,2,18,{24},{1},{9},False,,12
NFF028,,,,2,18,{24},{1},{9},False,,12
NFF029,,,,2,18,{24},{1},{9},False,,12
NFF030,,,,2,18,{24},{1},{9},False,,12
NFF034,,,,2,18,{24},{1},{9},False,,12
NFF035,,,,2,18,{24},{1},{9},False,,12
NFF037,,,,2,18,{24},{1},{9},False,,12
NFF038,,,,2,18,{24},{1},{9},False,,12
NFF039,,,,2,18,{24},{1},{9},False,,12
NFF045,,,,2,18,{24},{1},{9},False,,12
NFF046,,,,2,18,{24},{1},{9},False,,12
NFF048,,,,2,18,{24},{1},{9},False,,12
NFF050,,,,2,18,{24},{1},{9},False,,12
NFF057,,,,2,18,{24},{1},{9},False,,12
NFF058,,,,2,18,{24},{1},{9},False,,12
NFF059,,,,2,18,{24},{1},{9},False,,12
NFF060,,,,2,18,{24},{1},{9},False,,12
NFF069,,,,2,18,{24},{1},{9},False,,12
NFF080,,,,2,18,{24},{1},{9},False,,12
NFM006,,,,2,18,{24},{1},{9},False,,12
NFM010,,,,2,18,{24},{1},{9},False,,12
NFM012,,,,2,18,{24},{1},{9},False,,12
NFM013,,,,2,18,{24},{1},{9},False,,12
NFM024,,,,2,18,{24},{1},{9},False,,12
NFM026,,,,2,18,{24},{1},{9},False,,12
NFM029,,,,2,18,{24},{1},{9},False,,12
NFS001,,,,2,18,{24},{1},{9},False,,12
NFS003,,,,2,18,{24},{1},{9},False,,12
NFS005,,,,2,18,{24},{1},{9},False,,12
NFS006,,,,2,18,{24},{1},{9},False,,12
NFS007,,,,2,18,{24},{1},{9},False,,12
NFS008,,,,2,18,{24},{1},{9},False,,12
NFS009,,,,2,18,{24},{1},{9},False,,12
NFS027,,,,2,18,{24},{1},{9},False,,12
NFS032,,,,2,18,{24},{1},{9},False,,12
NFS033,,,,2,18,{24},{1},{9},False,,12
NFT008,,,,2,18,{24},{1},{9},False,,12
NFW006,,,,2,18,{24},{1},{9},False,,12
NFW008,,,,2,18,{24},{1},{9},False,,12
NFW009,,,,2,18,{24},{1},{9},False,,12
NFW010,,,,2,18,{24},{1},{9},False,,12
NFW012,,,,2,18,{24},{1},{9},False,,12
NFW026,,,,2,18,{24},{1},{9},False,,12
NFY002,,,,2,18,{24},{1},{9},False,,12
NFY017,,,,2,18,{24},{1},{9},False,,12
NFY029,,,,2,18,{24},{1},{9},False,,12
NHGAN,,,,2,,{},{1},{9},False,,12
NID Lincoln Gaging Station,,,,2,,{},{1},{9},False,,12
NIDBR_NA,,,,2,,{},{1},{9},False,,12
NIDDC_NA1,,,,2,,{},{1},{9},False,,12
NIDDC_NA2,,,,2,,{},{1},{9},False,,12
NIDDC_NA3,,,,2,,{},{1},{9},False,,12
NLC002,,,,2,18,{24},{1},{9},False,,12
NLC003,,,,2,18,{24},{1},{9},False,,12
NLL016,,,,2,18,{24},{1},{9},False,,12
NMA003,,,,2,18,{24},{1},{9},False,,12
NMW004,,,,2,18,{24},{1},{9},False,,12
NNA013,,,,2,18,{24},{1},{9},False,,12
NSC001,,,,2,18,{24},{1},{9},False,,12
NTOMA,,,,2,,{},{1},{9},False,,12
NWT013,,,,2,18,{24},{1},{9},False,,12
"Napa, St. Helena, Calistoga",,,,2,,{},{1},{9},False,,12
Nevada Irrigation District Diversions,,at Auburn Ravine Dam and Hemphill Dam,,2,,{},{1},{9},False,,12
Newcastle PH Header Box,,,,2,,{},{1},{9},False,,12
Newman Wasteway,,,,2,,{},{1},{9},False,,12
Newtown Canal,,,,2,,{},{1},{9},False,,12
North Branch NF American River Local Inflow,,,,2,,{},{1},{9},False,2,12
North Canal,,,,2,,{},{1},{9},False,,12
North Fork,,American River,,2,,{},{1},{9},False,,12
North Fork Cache Creek,,,,2,,{},{1},{9},False,,12
North Fork Tuolumne River,,,,2,,{},{1},{9},False,2,12
North Fork Yuba River and Small  Watersheds,,,,2,,{},{1},{9},False,,12
North Fork of Middle Fork,,American River,,2,,{},{1},{9},False,,12
North Slide Creek,,,,2,,{},{1},{9},False,,12
North and Middle Forks,,Cottonwood Creek,,2,,{},{1},{9},False,,12
Northside Diversion Dam,,,,2,,{},{1},{9},False,,12
O'Neil Forebay,,,,2,,{},{1},{9},False,,12
OAK001,,,,2,18,{24},{1},{9},False,,12
OAK020,,,,2,18,{24},{1},{9},False,,12
OGN004,,,,2,18,{24},{1},{9},False,,12
OGN005,,,,2,18,{24},{1},{9},False,,12
OHWWTP,,,,2,20,{25},{1},{9},False,,12
OID Main Canal,,,,2,,{},{1},{9},False,,12
OMR002,,,,2,18,{24},{1},{9},False,3,12
OMR013,,,,2,18,{24},{1},{9},False,3,12
OMR014,,,,2,18,{24},{1},{9},False,3,12
OMR018,,,,2,18,{24},{1},{9},False,3,12
OMR021,,,,2,18,{24},{1},{9},False,3,12
OMR024,,,,2,18,{24},{1},{9},False,3,12
OMR027,,,,2,18,{24},{1},{9},False,3,12
OMR028,,,,2,18,{24},{1},{9},False,3,12
OMR039,,,,2,18,{24},{1},{9},False,3,12
ORG000,,,,2,18,{24},{1},{9},False,,12
OROVL,,,,2,17,{21},{1},{9},False,,12
ORP000,,,,2,18,{24},{1},{9},False,,12
ORT001,,,,2,18,{24},{1},{9},False,,12
ORT009,,,,2,18,{24},{1},{9},False,,12
ORT014,,,,2,18,{24},{1},{9},False,,12
ORWWTP,,,,2,20,{25},{1},{9},False,,12
OWC000,,,,2,18,{24},{1},{9},False,,12
OWN011,,,,2,18,{24},{1},{9},False,,12
OWN040,,,,2,18,{24},{1},{9},False,,12
OXB000,,,,2,18,{24},{1},{9},False,,12
OYS001,,,,2,18,{24},{1},{9},False,,12
Oakdale Portal,,,,2,,{},{1},{9},False,,12
Old River,,Pumping Station,,2,,{},{1},{9},False,3,12
Old and Middle River,,,,2,,{},{1},{9},False,3,12
Oregon Creek,,,,2,,{},{1},{9},False,,12
Orestimba Creek,,,,2,,{},{1},{9},False,,12
Oroville-Wyandotte Canal,,,,2,,{},{1},{9},False,,12
Ortigalita Creek,,,,2,,{},{1},{9},False,,12
Oso Pumping Plant,,,,2,,{},{1},{9},False,,12
Oswald WD,,,,2,,{},{1},{9},False,,12
Our House Diversion Dam,,,,2,,{},{1},{9},False,,12
Owens Creek,,,,2,,{},{1},{9},False,,12
PARDE,,,,2,,{},{1},{9},False,,12
PCB001,,,,2,18,{24},{1},{9},False,,12
PCH000,,,,2,18,{24},{1},{9},False,,12
PCRST,,,,2,,{},{1},{9},False,,12
PCWA Boardman Fiddler Green Diversion,,,,2,,{},{1},{9},False,,12
PCWA Middle Fiddler Green System,,,,2,,{},{1},{9},False,,12
PCWA Zone 3,,"Monte Vista, Colfax, Applegate",,2,,{},{1},{9},False,,12
PGWWTP,,,,2,20,{25},{1},{9},False,,12
PHP000,,,,2,18,{24},{1},{9},False,,12
PINES,,,,2,,{},{1},{9},False,,12
PLC006,,,,2,18,{24},{1},{9},False,,12
PLC007,,,,2,18,{24},{1},{9},False,,12
PLC009,,,,2,18,{24},{1},{9},False,,12
PLM001,,,,2,18,{24},{1},{9},False,,12
PLMAS,,Plumas County Flood Control & Water Conservation District DWR Non-District,,2,,{},{1},{9},False,,12
POE006,,,,2,18,{24},{1},{9},False,,12
PPH007,,,,2,18,{24},{1},{9},False,,12
PRRIS,,,,2,,{},{1},{9},False,,12
PRTLF,,,,2,,{},{1},{9},False,,12
PSB001,,,,2,18,{24},{1},{9},False,,12
PSC003,,,,2,18,{24},{1},{9},False,,12
PSC006,,,,2,18,{24},{1},{9},False,,12
PSC013,,,,2,18,{24},{1},{9},False,,12
PSC015,,,,2,18,{24},{1},{9},False,,12
PSC017,,,,2,18,{24},{1},{9},False,,12
PSC020,,,,2,18,{24},{1},{9},False,,12
PSC024,,,,2,18,{24},{1},{9},False,,12
PSC033,,,,2,18,{24},{1},{9},False,,12
PTH007,,,,2,18,{24},{1},{9},False,,12
PTH011,,,,2,18,{24},{1},{9},False,,12
PTH015,,,,2,18,{24},{1},{9},False,,12
PTH020,,,,2,18,{24},{1},{9},False,,12
PTH021,,,,2,18,{24},{1},{9},False,,12
PTH024,,,,2,18,{24},{1},{9},False,,12
PTH030,,,,2,18,{24},{1},{9},False,,12
PTH070,,,,2,18,{24},{1},{9},False,,12
PTM000,,,,2,18,{24},{1},{9},False,,12
PTM001,,,,2,18,{24},{1},{9},False,,12
PTM002,,,,2,18,{24},{1},{9},False,,12
PUTAH,,,,2,,{},{1},{9},False,,12
PYN001,,,,2,18,{24},{1},{9},False,,12
PYR001,,,,2,18,{24},{1},{9},False,,12
PYRMD,,,,2,,{},{1},{9},False,,12
Pacheco Tunnel,,,,2,,{},{1},{9},False,,12
Palermo Canal,,,,2,,{},{1},{9},False,,12
Palmdale WA,,"(Reach 20A, 20B)",,2,,{},{1},{9},False,,12
Parrott-Phelan Dam (Diversion #50),,,,2,,{},{1},{9},False,,12
Paynes and Sevenmile Creeks,,,,2,,{},{1},{9},False,5,12
Pearblossom Pumping Plant,,,,2,,{},{1},{9},False,,12
Pedro,,,,2,,{},{1},{9},False,,12
Pelger Pumping Plant,,,,2,,{},{1},{9},False,,12
Philadelphia Canal Diversion Dan,,,,2,,{},{1},{9},False,,12
Philbrook Creek,,,,2,,{},{1},{9},False,,12
Pitman Creek,,,,2,,{},{1},{9},False,,12
Placer County Water Agency Diversions,,"at Nelson Lane Dam, Pleasant Grove Dam, and Moore Dam",,2,,{},{1},{9},False,,12
Plum Creek,,,,2,,{},{1},{9},False,,12
Poe Forebay,,,,2,,{},{1},{9},False,,12
Poe Tunnel,,,,2,,{},{1},{9},False,,12
Ponderosa Reservoir,,,,2,,{},{1},{9},False,,12
Portuguese Bend Pumping Plant,,,,2,,{},{1},{9},False,,12
Powerhouse Bypass,,,,2,,{},{1},{9},False,,12
Powerplant Bypass,,,,2,,{},{1},{9},False,,12
Priest Reservoir,,,,2,,{},{1},{9},False,,12
Pritchard Lake Pump Station,,,,2,,{},{1},{9},False,,12
Proposed Forni Diversion Dam,,,,2,,{},{1},{9},False,,12
Proposed Mendota,,Pool Bypass,,2,,{},{1},{9},False,,12
Proposed Supply to City of Folsom,,,,2,,{},{1},{9},False,,12
Proposed point of diversion for Alder Creek Reservoir,,,,2,,{},{1},{9},False,,12
Proposed site of Alder Creek Reservoir,,,,2,,{},{1},{9},False,,12
Pumping Plant No. 1,,,,2,,{},{1},{9},False,,12
Putah Creek,,,,2,,{},{1},{9},False,,12
Putah Diversion Dam,,,,2,,{},{1},{9},False,,12
Putah South Canal Terminal Reservoir,,,,2,,{},{1},{9},False,,12
Pyramid Lake,,,,2,,{},{1},{9},False,,12
QNT005,,,,2,18,{24},{1},{9},False,,12
Quinto Creek,,,,2,,{},{1},{9},False,,12
R134,,,,2,,{},{1},{9},False,,12
R169,,,,2,,{},{1},{9},False,,12
R564A,,,,2,,{},{1},{9},False,,12
R564B,,,,2,,{},{1},{9},False,,12
R585,,,,2,,{},{1},{9},False,,12
R587A,,,,2,,{},{1},{9},False,,12
R587B,,,,2,,{},{1},{9},False,,12
R595,,,,2,,{},{1},{9},False,,12
R607WEST,,,,2,,{},{1},{9},False,,12
R619WEST,,,,2,,{},{1},{9},False,,12
RCK001,,,,2,18,{24},{1},{9},False,,12
RCT007,,,,2,18,{24},{1},{9},False,,12
RD 2035 Pumping Station,,,,2,,{},{1},{9},False,,12
RD1500,,,,2,,{},{1},{9},False,,12
RDNGR,,,,2,,{},{1},{9},False,,12
RFS11,,,,2,,{},{1},{9},False,,12
RFS13,,,,2,,{},{1},{9},False,,12
RFS14,,,,2,,{},{1},{9},False,,12
RFS18,,,,2,,{},{1},{9},False,,12
RFS22,,,,2,,{},{1},{9},False,,12
RFS23,,,,2,,{},{1},{9},False,,12
RFS25,,,,2,,{},{1},{9},False,,12
RFS26N,,,,2,,{},{1},{9},False,,12
RFS26S,,,,2,,{},{1},{9},False,,12
RFS61A,,,,2,,{},{1},{9},False,,12
RFS61B,,,,2,,{},{1},{9},False,,12
RFS61C,,,,2,,{},{1},{9},False,,12
RFS61D,,,,2,,{},{1},{9},False,,12
RFS63,,,,2,,{},{1},{9},False,,12
RFS64,,,,2,,{},{1},{9},False,,12
RFS71A,,,,2,,{},{1},{9},False,,12
RFS8S,,,,2,,{},{1},{9},False,,12
RLIEF,,,,2,,{},{1},{9},False,,12
RLLNS,,,,2,,{},{1},{9},False,,12
RLT007,,,,2,18,{24},{1},{9},False,,12
RNCHO,,,,2,,{},{1},{9},False,,12
RPT004,,,,2,18,{24},{1},{9},False,,12
RRT000,,,,2,18,{24},{1},{9},False,,12
RSL001,,,,2,18,{24},{1},{9},False,,12
RSL004,,,,2,18,{24},{1},{9},False,,12
RSS001,,,,2,18,{24},{1},{9},False,,12
RUB001,,,,2,18,{24},{1},{9},False,,12
RUB002,,,,2,18,{24},{1},{9},False,,12
RUB004,,,,2,18,{24},{1},{9},False,,12
RUB005,,,,2,18,{24},{1},{9},False,,12
RUB023,,,,2,18,{24},{1},{9},False,,12
RUB031,,,,2,18,{24},{1},{9},False,,12
RUB041,,,,2,18,{24},{1},{9},False,,12
RUB044,,,,2,18,{24},{1},{9},False,,12
RUB047,,,,2,18,{24},{1},{9},False,,12
RVC000,,,,2,18,{24},{1},{9},False,,12
RVC005,,,,2,18,{24},{1},{9},False,,12
RVPHB,,,,2,,{},{1},{9},False,,12
R_02_NA_CWD004,,,,2,,{},{1},{9},False,1,12
R_02_NU_SAC281,,,,2,,{},{1},{9},False,1,12
R_02_PA_SAC273,,,,2,,{},{1},{9},False,1,12
R_02_PU_CCWWTP,,,,2,,{},{1},{9},False,,12
R_02_SA_SAC273,,,,2,,{},{1},{9},False,1,12
R_02_SU_CCWWTP,,,,2,,{},{1},{9},False,,12
R_03_NA_SAC269,,,,2,,{},{1},{9},False,1,12
R_03_PA_SAC287,,,,2,,{},{1},{9},False,1,12
R_03_PU1_KSWCK,,,,2,,{},{1},{9},False,,12
R_03_PU2_SWWWTP,,,,2,,{},{1},{9},False,,12
R_03_SA_SAC281,,,,2,,{},{1},{9},False,1,12
R_03_SU_SWWWTP,,,,2,,{},{1},{9},False,,12
R_04_NA_SAC207,,,,2,,{},{1},{9},False,1,12
R_04_NU1_SAC240,,,,2,,{},{1},{9},False,1,12
R_04_NU2_SAC217,,,,2,,{},{1},{9},False,1,12
R_04_PA1_THM005,,,,2,,{},{1},{9},False,,12
R_04_PA2_SAC207,,,,2,,{},{1},{9},False,1,12
R_05_NA_SAC201,,,,2,,{},{1},{9},False,1,12
R_07N_NA_CBD044,,,,2,,{},{1},{9},False,,12
R_07N_NU_CBD049,,,,2,,{},{1},{9},False,,12
R_07N_PA_CBD044,,,,2,,{},{1},{9},False,,12
R_07S_NA_CBD044,,,,2,,{},{1},{9},False,,12
R_07S_PA_CBD028,,,,2,,{},{1},{9},False,,12
R_08N_NA_CBD049,,,,2,,{},{1},{9},False,,12
R_08N_PA_CBD044,,,,2,,{},{1},{9},False,,12
R_08N_PR1_CBD049,,,,2,,{},{1},{9},False,,12
R_08N_PR2_CBD044,,,,2,,{},{1},{9},False,,12
R_08N_SA1_CBD044,,,,2,,{},{1},{9},False,,12
R_08N_SA2_CBD049,,,,2,,{},{1},{9},False,,12
R_08S_NA1_CBD031,,,,2,,{},{1},{9},False,,12
R_08S_NA2_RFS8S,,,,2,,{},{1},{9},False,,12
R_08S_PA_CBD012,,,,2,,{},{1},{9},False,,12
R_08S_PR_CBD031,,,,2,,{},{1},{9},False,,12
R_08S_SA1_CBD031,,,,2,,{},{1},{9},False,,12
R_08S_SA2_CBD037,,,,2,,{},{1},{9},False,,12
R_08S_SA3_RFS8S,,,,2,,{},{1},{9},False,,12
R_09_NA_LCC016,,,,2,,{},{1},{9},False,,12
R_09_PR_LCC016,,,,2,,{},{1},{9},False,,12
R_09_SA1_LCC026,,,,2,,{},{1},{9},False,,12
R_09_SA2_BTC007,,,,2,,{},{1},{9},False,,12
R_10_NA_BTC032,,,,2,,{},{1},{9},False,,12
R_10_NU1_CHWWTP,,,,2,,{},{1},{9},False,,12
R_11_NA_DWRPS2,,,,2,,{},{1},{9},False,,12
R_11_NU1_ORWWTP,,,,2,,{},{1},{9},False,,12
R_11_PR_BTC017,,,,2,,{},{1},{9},False,,12
R_11_SA1_CRK005,,,,2,,{},{1},{9},False,,12
R_11_SA2_CRK005,,,,2,,{},{1},{9},False,,12
R_11_SA3_RFS11,,,,2,,{},{1},{9},False,,12
R_11_SA4_DWRPS2,,,,2,,{},{1},{9},False,,12
R_12_NA_HON004,,,,2,,{},{1},{9},False,,12
R_12_NU1_ORWWTP,,,,2,,{},{1},{9},False,,12
R_12_SA_FTR045,,,,2,,{},{1},{9},False,,12
R_13_NA_RFS13,,,,2,,{},{1},{9},False,,12
R_13_NU1_ORWWTP,,,,2,,{},{1},{9},False,,12
R_14_NA_RFS14,,,,2,,{},{1},{9},False,,12
R_15N_NA1_FTR031,,,,2,,{},{1},{9},False,,12
R_15N_NA2_JCK002,,,,2,,{},{1},{9},False,,12
R_15N_NU_LCWWTP,,,,2,,{},{1},{9},False,,12
R_15N_SA_FTR031,,,,2,,{},{1},{9},False,,12
R_15S_NA1_DHC001,,,,2,,{},{1},{9},False,,12
R_15S_NA2_DHC001,,,,2,,{},{1},{9},False,,12
R_15S_NU_LCWWTP,,,,2,,{},{1},{9},False,,12
R_15S_NU_OHWWTP,,,,2,,{},{1},{9},False,,12
R_15S_SA_FTR014,,,,2,,{},{1},{9},False,,12
R_16_NA1_DWRPS2,,,,2,,{},{1},{9},False,,12
R_16_NA2_DWRPS1,,,,2,,{},{1},{9},False,,12
R_16_PA_DWRPS2,,,,2,,{},{1},{9},False,,12
R_16_PU_YCWWTP,,,,2,,{},{1},{9},False,,12
R_16_SA_DWRPS1,,,,2,,{},{1},{9},False,,12
R_17N_NA_BTC003,,,,2,,{},{1},{9},False,,12
R_17N_NR_BTC003,,,,2,,{},{1},{9},False,,12
R_17N_PR_CRK005,,,,2,,{},{1},{9},False,,12
R_17S_NA_SSL001,,,,2,,{},{1},{9},False,,12
R_17S_PR_SBP021,,,,2,,{},{1},{9},False,,12
R_17S_SA_SAC085,,,,2,,{},{1},{9},False,1,12
R_18_NA_RFS18,,,,2,,{},{1},{9},False,,12
R_18_SA_RFS18,,,,2,,{},{1},{9},False,,12
R_19_SA_RD1500,,,,2,,{},{1},{9},False,,12
R_20_NA1_WLW000,,,,2,,{},{1},{9},False,,12
R_20_NA2_WLW000,,,,2,,{},{1},{9},False,,12
R_20_NU1_DVWWTP,,,,2,,{},{1},{9},False,,12
R_20_NU1_WLWWTP,,,,2,,{},{1},{9},False,,12
R_20_PA_PTH011,,,,2,,{},{1},{9},False,,12
R_21_NA_YBP032,,,,2,,{},{1},{9},False,,12
R_21_PA_YBP032,,,,2,,{},{1},{9},False,,12
R_21_PU_SRWWTP,,,,2,,{},{1},{9},False,,12
R_21_SA_YBP020,,,,2,,{},{1},{9},False,,12
R_22_NA_RFS22,,,,2,,{},{1},{9},False,,12
R_22_SA1_RFS22,,,,2,,{},{1},{9},False,,12
R_22_SA2_SAC083,,,,2,,{},{1},{9},False,1,12
R_23_NA_RFS23,,,,2,,{},{1},{9},False,,12
R_24_NA1_CCK022,,,,2,,{},{1},{9},False,,12
R_24_NA2_ABN000,,,,2,,{},{1},{9},False,,12
R_24_NA3_SCR002,,,,2,,{},{1},{9},False,,12
R_24_NU1_ABN027,,,,2,,{},{1},{9},False,,12
R_24_NU2_RFS26N,,,,2,,{},{1},{9},False,,12
R_24_NU3_CCK038,,,,2,,{},{1},{9},False,,12
R_25_NA_CSL005,,,,2,,{},{1},{9},False,,12
R_25_PA1_RFS25,,,,2,,{},{1},{9},False,,12
R_25_PA2_CSL005,,,,2,,{},{1},{9},False,,12
R_25_PU_EAWWTP,,,,2,,{},{1},{9},False,,12
R_26N_NA_EMD007,,,,2,,{},{1},{9},False,,12
R_26N_NU1_SRWWTP,,,,2,,{},{1},{9},False,,12
R_26N_NU2_SRWWTP,,,,2,,{},{1},{9},False,,12
R_26N_NU3_SRWWTP,,,,2,,{},{1},{9},False,,12
R_26N_NU4_SRWWTP,,,,2,,{},{1},{9},False,,12
R_26N_NU5_SRWWTP,,,,2,,{},{1},{9},False,,12
R_26N_PU1_RFS26N,,,,2,,{},{1},{9},False,,12
R_26N_PU2_SRWWTP,,,,2,,{},{1},{9},False,,12
R_26N_PU3_SRWWTP,,,,2,,{},{1},{9},False,,12
R_26S_NA_MOK019,,,,2,,{},{1},{9},False,,12
R_26S_NU1_SRWWTP,,,,2,,{},{1},{9},False,,12
R_26S_NU2_SRWWTP,,,,2,,{},{1},{9},False,,12
R_26S_NU3_SRWWTP,,,,2,,{},{1},{9},False,,12
R_26S_NU4_RFS26S,,,,2,,{},{1},{9},False,,12
R_26S_PU1_SRWWTP,,,,2,,{},{1},{9},False,,12
R_26S_PU2_SRWWTP,,,,2,,{},{1},{9},False,,12
R_26S_PU4_SRWWTP,,,,2,,{},{1},{9},False,,12
R_26S_PU5_SRWWTP,,,,2,,{},{1},{9},False,,12
R_26S_PU6_SRWWTP,,,,2,,{},{1},{9},False,,12
R_50_PA2_OMR027,,,,2,,{},{1},{9},False,3,12
R_50_PU_TCWWTP,,,,2,,{},{1},{9},False,,12
R_60N_NA1_DSC026,,,,2,,{},{1},{9},False,,12
R_60N_NA2_CSM005,,,,2,,{},{1},{9},False,,12
R_60N_NA3_SJR028,,,,2,,{},{1},{9},False,2,12
R_60N_NA4_SJR022,,,,2,,{},{1},{9},False,2,12
R_60N_NA5_MOK028,,,,2,,{},{1},{9},False,,12
R_60N_NU1_WSWWTP,,,,2,,{},{1},{9},False,,12
R_60S_NU1_STWWTP,,,,2,,{},{1},{9},False,,12
R_60S_PA1_SDC001,,,,2,,{},{1},{9},False,,12
R_60S_PA2_FCS007,,,,2,,{},{1},{9},False,,12
R_61_NA2_RFS61D,,,,2,,{},{1},{9},False,,12
R_61_NA2_TUO017,,,,2,,{},{1},{9},False,2,12
R_61_NA3_TUO003,,,,2,,{},{1},{9},False,2,12
R_61_NA4_SJR072,,,,2,,{},{1},{9},False,2,12
R_61_NA5_RFS61A,,,,2,,{},{1},{9},False,,12
R_61_NA6_SJR056,,,,2,,{},{1},{9},False,2,12
R_61_NU1_MOWWTP,,,,2,,{},{1},{9},False,,12
R_61_NU2_MAWWTP,,,,2,,{},{1},{9},False,,12
R_61_PA1_RFS61C,,,,2,,{},{1},{9},False,,12
R_61_PA2_RFS61B,,,,2,,{},{1},{9},False,,12
R_61_PA3_RFS61C,,,,2,,{},{1},{9},False,,12
R_62_NA2_MCD028,,,,2,,{},{1},{9},False,,12
R_62_NA3_MCD021,,,,2,,{},{1},{9},False,,12
R_62_NA3_SJR082,,,,2,,{},{1},{9},False,2,12
R_62_NA3_TUO022,,,,2,,{},{1},{9},False,2,12
R_62_NA4_TUO003,,,,2,,{},{1},{9},False,2,12
R_62_NA5_SJR082,,,,2,,{},{1},{9},False,2,12
R_62_NA6_MCD028,,,,2,,{},{1},{9},False,,12
R_62_NU_TKWWTP,,,,2,,{},{1},{9},False,,12
R_63_NA2_MCD028,,,,2,,{},{1},{9},False,,12
R_63_NA3_MCD028,,,,2,,{},{1},{9},False,,12
R_63_NA4_EBP041,,,,2,,{},{1},{9},False,,12
R_63_NA4_SJR117,,,,2,,{},{1},{9},False,2,12
R_63_NU_RFS63,,,,2,,{},{1},{9},False,,12
R_63_PR1_EBP048,,,,2,,{},{1},{9},False,,12
R_63_PR2_EBP041,,,,2,,{},{1},{9},False,,12
R_63_PR3_SJR134,,,,2,,{},{1},{9},False,2,12
R_64_NA2_EBP030,,,,2,,{},{1},{9},False,,12
R_64_PA1_EBP016,,,,2,,{},{1},{9},False,,12
R_64_PA1_SJR235,,,,2,,{},{1},{9},False,2,12
R_64_PA2_RFS64,,,,2,,{},{1},{9},False,,12
R_64_PA3_EBP016,,,,2,,{},{1},{9},False,,12
R_64_XA_SJR185,,,,2,,{},{1},{9},False,2,12
R_71_NA1_SJR091,,,,2,,{},{1},{9},False,2,12
R_71_NA2_SJR070,,,,2,,{},{1},{9},False,2,12
R_71_PA1_SJR075,,,,2,,{},{1},{9},False,2,12
R_71_PA2_SJR075,,,,2,,{},{1},{9},False,2,12
R_71_PA3_WWW001,,,,2,,{},{1},{9},False,,12
R_71_PA4_SJR091,,,,2,,{},{1},{9},False,2,12
R_71_PA5_SJR091,,,,2,,{},{1},{9},False,2,12
R_71_PA5_SJR106,,,,2,,{},{1},{9},False,2,12
R_71_PA6_NMW004,,,,2,,{},{1},{9},False,,12
R_71_PA6_XCC054,,,,2,,{},{1},{9},False,,12
R_71_PA7_SJR091,,,,2,,{},{1},{9},False,2,12
R_71_PA8_RFS71A,,,,2,,{},{1},{9},False,,12
R_72_NA1_SJR106,,,,2,,{},{1},{9},False,2,12
R_72_PA_MSS014,,,,2,,{},{1},{9},False,,12
R_72_PR1_LBN012,,,,2,,{},{1},{9},False,,12
R_72_PR2_MSN004,,,,2,,{},{1},{9},False,,12
R_72_PR3_SAL006,,,,2,,{},{1},{9},False,,12
R_72_PR4_SAL006,,,,2,,{},{1},{9},False,,12
R_72_PR5_MSN009,,,,2,,{},{1},{9},False,,12
R_72_PR6_MSS014,,,,2,,{},{1},{9},False,,12
R_72_XA1_SAL017,,,,2,,{},{1},{9},False,,12
R_72_XA2_SAL017,,,,2,,{},{1},{9},False,,12
R_72_XA3_MSN004,,,,2,,{},{1},{9},False,,12
R_72_XA3_SJR106,,,,2,,{},{1},{9},False,2,12
R_73_PA1_LBN025,,,,2,,{},{1},{9},False,,12
R_73_PA2_SLD027,,,,2,,{},{1},{9},False,,12
R_73_PA3_SLD027,,,,2,,{},{1},{9},False,,12
R_73_XA_SLD027,,,,2,,{},{1},{9},False,,12
R_91_PA_FSL012,,,,2,,{},{1},{9},False,,12
R_91_PR_FSL005,,,,2,,{},{1},{9},False,,12
R_AWWWTP_ESC005,,,,2,,{},{1},{9},False,,12
R_CCWWTP_SAC287,,,,2,,{},{1},{9},False,1,12
R_CHWWTP_SAC195,,,,2,,{},{1},{9},False,1,12
R_DCWWTP_DCK012,,,,2,,{},{1},{9},False,,12
R_DVWWTP_WLW005,,,,2,,{},{1},{9},False,,12
R_DWRPS1_SBP012,,,,2,,{},{1},{9},False,,12
R_DWRPS2_SBP021,,,,2,,{},{1},{9},False,,12
R_EAWWTP_CSL005,,,,2,,{},{1},{9},False,,12
R_EDWWTP_DEE020,,,,2,,{},{1},{9},False,,12
R_ELDID_NU3_EDWWTP,,,,2,,{},{1},{9},False,,12
R_GDPUD_NA_NFA011,,,,2,,{},{1},{9},False,,12
R_GDPUD_NU_NFA011,,,,2,,{},{1},{9},False,,12
R_GRSVL_WLF021,,,,2,,{},{1},{9},False,,12
R_JBC008_FTR048,,,,2,,{},{1},{9},False,,12
R_LCCWD_MFF095,,,,2,,{},{1},{9},False,1,12
R_LCWWTP_FTR025,,,,2,,{},{1},{9},False,,12
R_MAWWTP_SJR056,,,,2,,{},{1},{9},False,2,12
R_MDWWTP_OWN011,,,,2,,{},{1},{9},False,,12
R_MOWWTP_TUO010,,,,2,,{},{1},{9},False,2,12
R_NIDDC_NA1_DER011,,,,2,,{},{1},{9},False,,12
R_NIDDC_NA1_WLF017,,,,2,,{},{1},{9},False,,12
R_NIDDC_NA2_DER002,,,,2,,{},{1},{9},False,,12
R_OHWWTP_DHC001,,,,2,,{},{1},{9},False,,12
R_ORWWTP_FTR063,,,,2,,{},{1},{9},False,,12
R_PGWWTP_CRC002,,,,2,,{},{1},{9},False,,12
R_PLMAS_MFF088,,,,2,,{},{1},{9},False,,12
R_RFS11_BGD000,,,,2,,{},{1},{9},False,,12
R_RFS11_WWC006,,,,2,,{},{1},{9},False,,12
R_RFS13_HON004,,,,2,,{},{1},{9},False,,12
R_RFS14_JCK002,,,,2,,{},{1},{9},False,,12
R_RFS14_YUB014,,,,2,,{},{1},{9},False,,12
R_RFS18_SAC122,,,,2,,{},{1},{9},False,1,12
R_RFS18_SBP021,,,,2,,{},{1},{9},False,,12
R_RFS22_EMD001,,,,2,,{},{1},{9},False,,12
R_RFS22_SAC066,,,,2,,{},{1},{9},False,1,12
R_RFS23_BRR004,,,,2,,{},{1},{9},False,,12
R_RFS23_CCK007,,,,2,,{},{1},{9},False,,12
R_RFS25_CSL005,,,,2,,{},{1},{9},False,,12
R_RFS26N_DCWWTP,,,,2,,{},{1},{9},False,,12
R_RFS26N_PGWWTP,,,,2,,{},{1},{9},False,,12
R_RFS26S_AMR020,,,,2,,{},{1},{9},False,1,12
R_RFS26S_SRWWTP,,,,2,,{},{1},{9},False,,12
R_RFS61A_SJR072,,,,2,,{},{1},{9},False,2,12
R_RFS61A_SJR075,,,,2,,{},{1},{9},False,2,12
R_RFS61B_STS036,,,,2,,{},{1},{9},False,2,12
R_RFS61B_TUO017,,,,2,,{},{1},{9},False,2,12
R_RFS61C_SJR056,,,,2,,{},{1},{9},False,2,12
R_RFS61C_STS030,,,,2,,{},{1},{9},False,2,12
R_RFS61D_RFS61A,,,,2,,{},{1},{9},False,,12
R_RFS61D_STS030,,,,2,,{},{1},{9},False,2,12
R_RFS63_AWWWTP,,,,2,,{},{1},{9},False,,12
R_RFS63_MWWWTP,,,,2,,{},{1},{9},False,,12
R_RFS64_EBP022,,,,2,,{},{1},{9},False,,12
R_RFS71A_OMR039,,,,2,,{},{1},{9},False,3,12
R_RFS8S_SAC093,,,,2,,{},{1},{9},False,1,12
R_RFS8S_SAC097,,,,2,,{},{1},{9},False,1,12
R_SRWWTP_SAC048,,,,2,,{},{1},{9},False,1,12
R_STWWTP_SJR042,,,,2,,{},{1},{9},False,2,12
R_SWWWTP_SAC281,,,,2,,{},{1},{9},False,1,12
R_TCWWTP_OMR039,,,,2,,{},{1},{9},False,3,12
R_TKWWTP_SJR101,,,,2,,{},{1},{9},False,2,12
R_WLDWD_DER004,,,,2,,{},{1},{9},False,,12
R_WLWWTP_YBP032,,,,2,,{},{1},{9},False,,12
R_WSWWTP_SJR028,,,,2,,{},{1},{9},False,2,12
R_YCWWTP_FTR028,,,,2,,{},{1},{9},False,,12
Ragsdale Diversion,,,,2,,{},{1},{9},False,,12
Ralston Afterbay,,,,2,,{},{1},{9},False,,12
Ralston Tunnel,,,,2,,{},{1},{9},False,,12
Reclamation    (CDEC GRF),,San Joaquin River at Gravelly Ford,,2,,{},{1},{9},False,,12
Reclamation (CDEC SJB),,San Joaquin River below Bifurcation,,2,,{},{1},{9},False,,12
Red Bluff Diversion Dam,,,,2,,{},{1},{9},False,,12
Relief Creek,,,,2,,{},{1},{9},False,,12
Representation of Sutter Bypass,,includes flow in the West and East Borrow Canals,,2,,{},{1},{9},False,,12
Representation of the Yolo,,Bypass includes the Toe Drain along the East Levee,,2,,{},{1},{9},False,,12
Representation of the Yolo Bypass,,includes the Tule Canal along the East Levee,,2,,{},{1},{9},False,,12
Rio Vista,,,,2,,{},{1},{9},False,,12
Riparian Diverters,,,,2,,{},{1},{9},False,,12
Rock Creek,,,,2,,{},{1},{9},False,,12
Rock Creek Forebay,,,,2,,{},{1},{9},False,,12
Rock Creek Reservoir,,,,2,,{},{1},{9},False,,12
Rock Creek Tunnel,,,,2,,{},{1},{9},False,,12
Rockbound Lake,,,,2,,{},{1},{9},False,,12
Ross Creek,,,,2,,{},{1},{9},False,,12
Rubicon Lake,,,,2,,{},{1},{9},False,,12
S1,,,,2,,{},{1},{9},False,,12
S10,,,,2,,{},{1},{9},False,,12
S11,,,,2,,{},{1},{9},False,,12
S12,,,,2,,{},{1},{9},False,,12
S18,,,,2,,{},{1},{9},False,,12
S2,,,,2,,{},{1},{9},False,,12
S20,,,,2,,{},{1},{9},False,,12
S3,,,,2,,{},{1},{9},False,,12
S4,,,,2,,{},{1},{9},False,,12
S40,,,,2,,{},{1},{9},False,,12
S41,,,,2,,{},{1},{9},False,,12
S42,,,,2,,{},{1},{9},False,,12
S52,,,,2,,{},{1},{9},False,,12
S53,,,,2,,{},{1},{9},False,,12
S6,,,,2,,{},{1},{9},False,,12
S75,,,,2,,{},{1},{9},False,,12
S76,,,,2,,{},{1},{9},False,,12
S78,,,,2,,{},{1},{9},False,,12
S79,,,,2,,{},{1},{9},False,,12
S8,,,,2,,{},{1},{9},False,,12
S81,,,,2,,{},{1},{9},False,,12
S9,,,,2,,{},{1},{9},False,,12
S90,,,,2,,{},{1},{9},False,,12
S91,,,,2,,{},{1},{9},False,,12
SAC000,,,,2,18,{24},{1},{9},False,1,12
SAC003,,,,2,18,{24},{1},{9},False,1,12
SAC007,,,,2,18,{24},{1},{9},False,1,12
SAC011,,,,2,18,{24},{1},{9},False,1,12
SAC017,,,,2,18,{24},{1},{9},False,1,12
SAC022,,,,2,18,{24},{1},{9},False,1,12
SAC029,,,,2,18,{24},{1},{9},False,1,12
SAC030,,,,2,18,{24},{1},{9},False,1,12
SAC036,,,,2,18,{24},{1},{9},False,1,12
SAC041,,,,2,18,{24},{1},{9},False,1,12
SAC048,,,,2,18,{24},{1},{9},False,1,12
SAC049,,,,2,18,{24},{1},{9},False,1,12
SAC050,,,,2,18,{24},{1},{9},False,1,12
SAC053,,,,2,18,{24},{1},{9},False,1,12
SAC057,,,,2,18,{24},{1},{9},False,1,12
SAC061,,,,2,18,{24},{1},{9},False,1,12
SAC062,,,,2,18,{24},{1},{9},False,1,12
SAC063,,,,2,18,{24},{1},{9},False,1,12
SAC064,,,,2,18,{24},{1},{9},False,1,12
SAC065,,,,2,18,{24},{1},{9},False,1,12
SAC066,,,,2,18,{24},{1},{9},False,1,12
SAC074,,,,2,18,{24},{1},{9},False,1,12
SAC075,,,,2,18,{24},{1},{9},False,1,12
SAC077,,,,2,18,{24},{1},{9},False,1,12
SAC078,,,,2,18,{24},{1},{9},False,1,12
SAC081,,,,2,18,{24},{1},{9},False,1,12
SAC082,,,,2,18,{24},{1},{9},False,1,12
SAC083,,,,2,18,{24},{1},{9},False,1,12
SAC085,,,,2,18,{24},{1},{9},False,1,12
SAC091,,,,2,18,{24},{1},{9},False,1,12
SAC092,,,,2,18,{24},{1},{9},False,1,12
SAC093,,,,2,18,{24},{1},{9},False,1,12
SAC097,,,,2,18,{24},{1},{9},False,1,12
SAC099,,,,2,18,{24},{1},{9},False,1,12
SAC106,,,,2,18,{24},{1},{9},False,1,12
SAC109,,,,2,18,{24},{1},{9},False,1,12
SAC115,,,,2,18,{24},{1},{9},False,1,12
SAC120,,,,2,18,{24},{1},{9},False,1,12
SAC121,,,,2,18,{24},{1},{9},False,1,12
SAC122,,,,2,18,{24},{1},{9},False,1,12
SAC129,,,,2,18,{24},{1},{9},False,1,12
SAC134,,,,2,18,{24},{1},{9},False,1,12
SAC136,,,,2,18,{24},{1},{9},False,1,12
SAC141,,,,2,18,{24},{1},{9},False,1,12
SAC146,,,,2,18,{24},{1},{9},False,1,12
SAC148,,,,2,18,{24},{1},{9},False,1,12
SAC154,,,,2,18,{24},{1},{9},False,1,12
SAC159,,,,2,18,{24},{1},{9},False,1,12
SAC162,,,,2,18,{24},{1},{9},False,1,12
SAC168,,,,2,18,{24},{1},{9},False,1,12
SAC169,,,,2,18,{24},{1},{9},False,1,12
SAC174,,,,2,18,{24},{1},{9},False,1,12
SAC178,,,,2,18,{24},{1},{9},False,1,12
SAC182,,,,2,18,{24},{1},{9},False,1,12
SAC185,,,,2,18,{24},{1},{9},False,1,12
SAC188,,,,2,18,{24},{1},{9},False,1,12
SAC193,,,,2,18,{24},{1},{9},False,1,12
SAC195,,,,2,18,{24},{1},{9},False,1,12
SAC196,,,,2,18,{24},{1},{9},False,1,12
SAC201,,,,2,18,{24},{1},{9},False,1,12
SAC207,,,,2,18,{24},{1},{9},False,1,12
SAC214,,,,2,18,{24},{1},{9},False,1,12
SAC217,,,,2,18,{24},{1},{9},False,1,12
SAC218,,,,2,18,{24},{1},{9},False,1,12
SAC224,,,,2,18,{24},{1},{9},False,1,12
SAC228,,,,2,18,{24},{1},{9},False,1,12
SAC229,,,,2,18,{24},{1},{9},False,1,12
SAC232,,,,2,18,{24},{1},{9},False,1,12
SAC240,,,,2,18,{24},{1},{9},False,1,12
SAC247,,,,2,18,{24},{1},{9},False,1,12
SAC250,,,,2,18,{24},{1},{9},False,1,12
SAC254,,,,2,18,{24},{1},{9},False,1,12
SAC257,,,,2,18,{24},{1},{9},False,1,12
SAC259,,,,2,18,{24},{1},{9},False,1,12
SAC265,,,,2,18,{24},{1},{9},False,1,12
SAC269,,,,2,18,{24},{1},{9},False,1,12
SAC271,,,,2,18,{24},{1},{9},False,1,12
SAC273,,,,2,18,{24},{1},{9},False,1,12
SAC275,,,,2,18,{24},{1},{9},False,1,12
SAC277,,,,2,18,{24},{1},{9},False,1,12
SAC281,,,,2,18,{24},{1},{9},False,1,12
SAC287,,,,2,18,{24},{1},{9},False,1,12
SAC289,,,,2,18,{24},{1},{9},False,1,12
SAC294,,,,2,18,{24},{1},{9},False,1,12
SAC296,,,,2,18,{24},{1},{9},False,1,12
SAC299,,,,2,18,{24},{1},{9},False,1,12
SAC301,,,,2,18,{24},{1},{9},False,1,12
SAL006,,,,2,18,{24},{1},{9},False,,12
SAL017,,,,2,18,{24},{1},{9},False,,12
SBA000,,,,2,18,{24},{1},{9},False,5,12
SBA009,,,,2,18,{24},{1},{9},False,5,12
SBA016,,,,2,18,{24},{1},{9},False,5,12
SBA019,,,,2,18,{24},{1},{9},False,5,12
SBA020,,,,2,18,{24},{1},{9},False,5,12
SBA029,,,,2,18,{24},{1},{9},False,5,12
SBA036,,,,2,18,{24},{1},{9},False,5,12
SBA042,,,,2,18,{24},{1},{9},False,5,12
SBCWD,,,,2,,{},{1},{9},False,1,12
SBP012,,,,2,18,{24},{1},{9},False,,12
SBP014,,,,2,18,{24},{1},{9},False,,12
SBP018,,,,2,18,{24},{1},{9},False,,12
SBP021,,,,2,18,{24},{1},{9},False,,12
SBP024,,,,2,18,{24},{1},{9},False,,12
SBP028,,,,2,18,{24},{1},{9},False,,12
SBP031,,,,2,18,{24},{1},{9},False,,12
SCOTF,,,,2,,{},{1},{9},False,,12
SCR002,,,,2,18,{24},{1},{9},False,,12
SCT000,,,,2,18,{24},{1},{9},False,,12
SCT001,,,,2,18,{24},{1},{9},False,,12
SCVWD,,,,2,,{},{1},{9},False,,12
SCW004,,,,2,18,{24},{1},{9},False,,12
SCW008,,,,2,18,{24},{1},{9},False,,12
SDC001,,,,2,18,{24},{1},{9},False,,12
SDS001,,,,2,18,{24},{1},{9},False,,12
SDT000,,,,2,18,{24},{1},{9},False,,12
SEC009,,,,2,18,{24},{1},{9},False,,12
SF Long Canyon Creek,,,,2,,{},{1},{9},False,,12
SF Willow Creek,,,,2,,{},{1},{9},False,,12
SFA011,,,,2,18,{24},{1},{9},False,,12
SFA017,,,,2,18,{24},{1},{9},False,,12
SFA030,,,,2,18,{24},{1},{9},False,,12
SFA032,,,,2,18,{24},{1},{9},False,,12
SFA035,,,,2,18,{24},{1},{9},False,,12
SFA039,,,,2,18,{24},{1},{9},False,,12
SFA040,,,,2,18,{24},{1},{9},False,,12
SFA044,,,,2,18,{24},{1},{9},False,,12
SFA045,,,,2,18,{24},{1},{9},False,,12
SFA046,,,,2,18,{24},{1},{9},False,,12
SFA048,,,,2,18,{24},{1},{9},False,,12
SFA059,,,,2,18,{24},{1},{9},False,,12
SFA063,,,,2,18,{24},{1},{9},False,,12
SFA065,,,,2,18,{24},{1},{9},False,,12
SFA066,,,,2,18,{24},{1},{9},False,,12
SFA067,,,,2,18,{24},{1},{9},False,,12
SFA076,,,,2,18,{24},{1},{9},False,,12
SFA079,,,,2,18,{24},{1},{9},False,,12
SFA085,,,,2,18,{24},{1},{9},False,,12
SFD003,,,,2,18,{24},{1},{9},False,,12
SFF002,,,,2,18,{24},{1},{9},False,,12
SFF008,,,,2,18,{24},{1},{9},False,,12
SFF011,,,,2,18,{24},{1},{9},False,,12
SFF018,,,,2,18,{24},{1},{9},False,,12
SFF019,,,,2,18,{24},{1},{9},False,,12
SFF020,,,,2,18,{24},{1},{9},False,,12
SFF028,,,,2,18,{24},{1},{9},False,,12
SFF029,,,,2,18,{24},{1},{9},False,,12
SFF039,,,,2,18,{24},{1},{9},False,,12
SFM003,,,,2,18,{24},{1},{9},False,,12
SFM005,,,,2,18,{24},{1},{9},False,,12
SFPUC,,,,2,,{},{1},{9},False,,12
SFR004,,,,2,18,{24},{1},{9},False,,12
SFR005,,,,2,18,{24},{1},{9},False,,12
SFR006,,,,2,18,{24},{1},{9},False,,12
SFS018,,,,2,18,{24},{1},{9},False,,12
SFS026,,,,2,18,{24},{1},{9},False,,12
SFS030,,,,2,18,{24},{1},{9},False,,12
SFS033,,,,2,18,{24},{1},{9},False,,12
SFT000,,,,2,18,{24},{1},{9},False,,12
SFT002,,,,2,18,{24},{1},{9},False,,12
SFT003,,,,2,18,{24},{1},{9},False,,12
SFW000,,,,2,18,{24},{1},{9},False,,12
SFW001,,,,2,18,{24},{1},{9},False,,12
SFW005,,,,2,18,{24},{1},{9},False,,12
SFW006,,,,2,18,{24},{1},{9},False,,12
SFY007,,,,2,18,{24},{1},{9},False,,12
SFY033,,,,2,18,{24},{1},{9},False,,12
SFY040,,,,2,18,{24},{1},{9},False,,12
SFY041,,,,2,18,{24},{1},{9},False,,12
SFY043,,,,2,18,{24},{1},{9},False,,12
SFY044,,,,2,18,{24},{1},{9},False,,12
SFY048,,,,2,18,{24},{1},{9},False,,12
SG100_DED003_13,,,,2,,{},{1},{9},False,,12
SG101_DED003_13,,,,2,,{},{1},{9},False,,12
SG102_SJR145_14,,,,2,,{},{1},{9},False,2,12
SG103_SJR141_14,,,,2,,{},{1},{9},False,2,12
SG104_SJR134_14,,,,2,,{},{1},{9},False,2,12
SG105_BCK040_15,,,,2,,{},{1},{9},False,,12
SG106_BCK035_15,,,,2,,{},{1},{9},False,,12
SG107_BCK031_15,,,,2,,{},{1},{9},False,,12
SG108_BCK024_15,,,,2,,{},{1},{9},False,,12
SG109_BCK017_15,,,,2,,{},{1},{9},False,,12
SG110_BCK010_15,,,,2,,{},{1},{9},False,,12
SG111_BCK006_15,,,,2,,{},{1},{9},False,,12
SG112_BCK006_15,,,,2,,{},{1},{9},False,,12
SG113_SJR134_16,,,,2,,{},{1},{9},False,2,12
SG114_SJR123_16,,,,2,,{},{1},{9},False,2,12
SG115_SJR116_16,,,,2,,{},{1},{9},False,2,12
SG116_MCD052_17,,,,2,,{},{1},{9},False,,12
SG117_MCD048_17,,,,2,,{},{1},{9},False,,12
SG118_MCD042_17,,,,2,,{},{1},{9},False,,12
SG119_MCD036_17,,,,2,,{},{1},{9},False,,12
SG120_MCD028_17,,,,2,,{},{1},{9},False,,12
SG121_MCD021_17,,,,2,,{},{1},{9},False,,12
SG122_MCD014_17,,,,2,,{},{1},{9},False,,12
SG123_MCD009_17,,,,2,,{},{1},{9},False,,12
SG124_MCD002_17,,,,2,,{},{1},{9},False,,12
SG125_SJR116_18,,,,2,,{},{1},{9},False,2,12
SG126_SJR111_18,,,,2,,{},{1},{9},False,2,12
SG127_SJR106_18,,,,2,,{},{1},{9},False,2,12
SG128_ORT014_19,,,,2,,{},{1},{9},False,,12
SG129_ORT009_19,,,,2,,{},{1},{9},False,,12
SG130_ORT001_19,,,,2,,{},{1},{9},False,,12
SG131_SJR106_20,,,,2,,{},{1},{9},False,2,12
SG132_SJR096_20,,,,2,,{},{1},{9},False,2,12
SG133_SJR090_20,,,,2,,{},{1},{9},False,2,12
SG134_SJR081_20,,,,2,,{},{1},{9},False,2,12
SG135_TUO053_21,,,,2,,{},{1},{9},False,2,12
SG136_TUO047_21,,,,2,,{},{1},{9},False,2,12
SG137_TUO043_21,,,,2,,{},{1},{9},False,2,12
SG138_TUO036_21,,,,2,,{},{1},{9},False,2,12
SG139_TUO030_21,,,,2,,{},{1},{9},False,2,12
SG140_TUO022_21,,,,2,,{},{1},{9},False,2,12
SG141_TUO015_21,,,,2,,{},{1},{9},False,2,12
SG142_TUO010_21,,,,2,,{},{1},{9},False,2,12
SG143_TUO003_21,,,,2,,{},{1},{9},False,2,12
SG144_SJR081_22,,,,2,,{},{1},{9},False,2,12
SG145_SJR072_22,,,,2,,{},{1},{9},False,2,12
SG146_STS058_23,,,,2,,{},{1},{9},False,2,12
SG147_STS053_23,,,,2,,{},{1},{9},False,2,12
SG148_STS050_23,,,,2,,{},{1},{9},False,2,12
SG149_STS043_23,,,,2,,{},{1},{9},False,2,12
SG150_STS036_23,,,,2,,{},{1},{9},False,2,12
SG151_STS030_23,,,,2,,{},{1},{9},False,2,12
SG152_STS020_23,,,,2,,{},{1},{9},False,2,12
SG153_STS011_23,,,,2,,{},{1},{9},False,2,12
SG154_STS011_23,,,,2,,{},{1},{9},False,2,12
SG155_SJR072_24,,,,2,,{},{1},{9},False,2,12
SG156_SJR062_24,,,,2,,{},{1},{9},False,2,12
SG157_SJR056_24,,,,2,,{},{1},{9},False,2,12
SG158_SJR048_24,,,,2,,{},{1},{9},False,2,12
SG159_SJR042_24,,,,2,,{},{1},{9},False,2,12
SG160_SJR038_24,,,,2,,{},{1},{9},False,2,12
SG161_CLV035_25,,,,2,,{},{1},{9},False,,12
SG162_CLV028_25,,,,2,,{},{1},{9},False,,12
SG163_CLV023_25,,,,2,,{},{1},{9},False,,12
SG164_CLV016_25,,,,2,,{},{1},{9},False,,12
SG165_CLV010_25,,,,2,,{},{1},{9},False,,12
SG166_CLV004_25,,,,2,,{},{1},{9},False,,12
SG167_CLV004_25,,,,2,,{},{1},{9},False,,12
SG169_SJR033_26,,,,2,,{},{1},{9},False,2,12
SG170_SJR028_26,,,,2,,{},{1},{9},False,2,12
SG171_SJR023_26,,,,2,,{},{1},{9},False,2,12
SG172_SJR022_26,,,,2,,{},{1},{9},False,2,12
SG185_DSC016_28,,,,2,,{},{1},{9},False,,12
SG186_DSC008_280,,,,2,,{},{1},{9},False,,12
SG188_CSM033_29,,,,2,,{},{1},{9},False,,12
SG189_CSM026_29,,,,2,,{},{1},{9},False,,12
SG190_CSM021_29,,,,2,,{},{1},{9},False,,12
SG191_CSM016_29,,,,2,,{},{1},{9},False,,12
SG192_CSM011_29,,,,2,,{},{1},{9},False,,12
SG193_CSM005_29,,,,2,,{},{1},{9},False,,12
SG194_CSM005_29,,,,2,,{},{1},{9},False,,12
SG197_MOK014_30,,,,2,,{},{1},{9},False,,12
SG198_MOK004_30,,,,2,,{},{1},{9},False,,12
SG199_MOK004_30,,,,2,,{},{1},{9},False,,12
SG200_SJR022_31,,,,2,,{},{1},{9},False,2,12
SG201_SJR013_31,,,,2,,{},{1},{9},False,2,12
SG202_SJR009_31,,,,2,,{},{1},{9},False,2,12
SG203_SJR006_31,,,,2,,{},{1},{9},False,2,12
SG205_SAC296_32,,,,2,,{},{1},{9},False,1,12
SG206_SAC294_32,,,,2,,{},{1},{9},False,1,12
SG207_SAC289_32,,,,2,,{},{1},{9},False,1,12
SG208_SAC287_32,,,,2,,{},{1},{9},False,1,12
SG209_SAC281_32,,,,2,,{},{1},{9},False,1,12
SG210_SAC277_32,,,,2,,{},{1},{9},False,1,12
SG211_COW014_33,,,,2,,{},{1},{9},False,1,12
SG212_COW007_33,,,,2,,{},{1},{9},False,1,12
SG213_COW003_33,,,,2,,{},{1},{9},False,1,12
SG214_COW003_33,,,,2,,{},{1},{9},False,1,12
SG215_SAC277_34,,,,2,,{},{1},{9},False,1,12
SG216_SAC275_34,,,,2,,{},{1},{9},False,1,12
SG217_SAC269_34,,,,2,,{},{1},{9},False,1,12
SG218_CWD004_35,,,,2,,{},{1},{9},False,1,12
SG219_CWD003_35,,,,2,,{},{1},{9},False,1,12
SG220_BTL006_36,,,,2,,{},{1},{9},False,,12
SG221_BTL006_36,,,,2,,{},{1},{9},False,,12
SG222_SAC269_37,,,,2,,{},{1},{9},False,1,12
SG223_SAC265_37,,,,2,,{},{1},{9},False,1,12
SG224_SAC259_37,,,,2,,{},{1},{9},False,1,12
SG225_PYN001_38,,,,2,,{},{1},{9},False,,12
SG226_PYN001_38,,,,2,,{},{1},{9},False,,12
SG227_SAC259_39,,,,2,,{},{1},{9},False,1,12
SG228_SAC254_39,,,,2,,{},{1},{9},False,1,12
SG229_SAC250_39,,,,2,,{},{1},{9},False,1,12
SG230_SAC247_39,,,,2,,{},{1},{9},False,1,12
SG231_SAC240_39,,,,2,,{},{1},{9},False,1,12
SG232_SAC232_39,,,,2,,{},{1},{9},False,1,12
SG233_ANT010_40,,,,2,,{},{1},{9},False,,12
SG234_ANT010_40,,,,2,,{},{1},{9},False,,12
SG235_SAC232_41,,,,2,,{},{1},{9},False,1,12
SG236_SAC228_41,,,,2,,{},{1},{9},False,1,12
SG237_ELD027_42,,,,2,,{},{1},{9},False,,12
SG238_ELD022_42,,,,2,,{},{1},{9},False,,12
SG239_ELD017_42,,,,2,,{},{1},{9},False,,12
SG240_ELD012_42,,,,2,,{},{1},{9},False,,12
SG241_ELD005_42,,,,2,,{},{1},{9},False,,12
SG242_ELD005_42,,,,2,,{},{1},{9},False,,12
SG243_MLC006_43,,,,2,,{},{1},{9},False,,12
SG244_MLC004_43,,,,2,,{},{1},{9},False,,12
SG245_MLC004_43,,,,2,,{},{1},{9},False,,12
SG246_SAC228_44,,,,2,,{},{1},{9},False,1,12
SG247_SAC224_44,,,,2,,{},{1},{9},False,1,12
SG248_THM026_45,,,,2,,{},{1},{9},False,,12
SG249_THM021_45,,,,2,,{},{1},{9},False,,12
SG250_THM017_45,,,,2,,{},{1},{9},False,,12
SG251_THM012_45,,,,2,,{},{1},{9},False,,12
SG252_THM005_45,,,,2,,{},{1},{9},False,,12
SG253_THM005_45,,,,2,,{},{1},{9},False,,12
SG254_SAC224_46,,,,2,,{},{1},{9},False,1,12
SG255_SAC218_46,,,,2,,{},{1},{9},False,1,12
SG256_DRC010_47,,,,2,,{},{1},{9},False,,12
SG257_DRC005_47,,,,2,,{},{1},{9},False,,12
SG258_DRC005_47,,,,2,,{},{1},{9},False,,12
SG259_SAC218_48,,,,2,,{},{1},{9},False,1,12
SG260_SAC214_48,,,,2,,{},{1},{9},False,1,12
SG261_SAC207_48,,,,2,,{},{1},{9},False,1,12
SG262_SAC196_48,,,,2,,{},{1},{9},False,1,12
SG263_STN026_49,,,,2,,{},{1},{9},False,,12
SG264_STN021_49,,,,2,,{},{1},{9},False,,12
SG265_STN014_49,,,,2,,{},{1},{9},False,,12
SG266_STN009_49,,,,2,,{},{1},{9},False,,12
SG267_STN004_49,,,,2,,{},{1},{9},False,,12
SG268_STN004_49,,,,2,,{},{1},{9},False,,12
SG269_BCC012_50,,,,2,,{},{1},{9},False,,12
SG270_BCC006_50,,,,2,,{},{1},{9},False,,12
SG271_BCC004_50,,,,2,,{},{1},{9},False,,12
SG272_BCC004_50,,,,2,,{},{1},{9},False,,12
SG273_SAC196_51,,,,2,,{},{1},{9},False,1,12
SG274_SAC193_51,,,,2,,{},{1},{9},False,1,12
SG275_SAC188_51,,,,2,,{},{1},{9},False,1,12
SG276_SAC182_51,,,,2,,{},{1},{9},False,1,12
SG277_SAC178_51,,,,2,,{},{1},{9},False,1,12
SG278_SAC174_51,,,,2,,{},{1},{9},False,1,12
SG279_SAC168_51,,,,2,,{},{1},{9},False,1,12
SG280_SAC162_51,,,,2,,{},{1},{9},False,1,12
SG281_SAC154_51,,,,2,,{},{1},{9},False,1,12
SG282_SAC148_51,,,,2,,{},{1},{9},False,1,12
SG283_BTC043_52,,,,2,,{},{1},{9},False,,12
SG284_BTC036_52,,,,2,,{},{1},{9},False,,12
SG285_BTC032_52,,,,2,,{},{1},{9},False,,12
SG286_BTC029_52,,,,2,,{},{1},{9},False,,12
SG287_BTC024_52,,,,2,,{},{1},{9},False,,12
SG288_BTC018_52,,,,2,,{},{1},{9},False,,12
SG289_BTC015_52,,,,2,,{},{1},{9},False,,12
SG290_BTC007_52,,,,2,,{},{1},{9},False,,12
SG291_BTC003_52,,,,2,,{},{1},{9},False,,12
SG292_BSL001_52,,,,2,,{},{1},{9},False,,12
SG293_SAC148_53,,,,2,,{},{1},{9},False,1,12
SG294_SAC141_53,,,,2,,{},{1},{9},False,1,12
SG295_SAC134_53,,,,2,,{},{1},{9},False,1,12
SG296_SAC129_53,,,,2,,{},{1},{9},False,1,12
SG297_SAC122_53,,,,2,,{},{1},{9},False,1,12
SG298_SAC115_53,,,,2,,{},{1},{9},False,1,12
SG299_SAC106_53,,,,2,,{},{1},{9},False,1,12
SG300_SAC097_53,,,,2,,{},{1},{9},False,1,12
SG301_SAC092_53,,,,2,,{},{1},{9},False,1,12
SG318_CBD049_55,,,,2,,{},{1},{9},False,,12
SG319_CBD044_55,,,,2,,{},{1},{9},False,,12
SG320_CBD041_55,,,,2,,{},{1},{9},False,,12
SG321_CBD037_55,,,,2,,{},{1},{9},False,,12
SG322_CBD031_55,,,,2,,{},{1},{9},False,,12
SG323_CBD031_56,,,,2,,{},{1},{9},False,,12
SG324_CBD028_56,,,,2,,{},{1},{9},False,,12
SG325_CBD023_56,,,,2,,{},{1},{9},False,,12
SG326_CBD018_56,,,,2,,{},{1},{9},False,,12
SG327_CBD012_56,,,,2,,{},{1},{9},False,,12
SG328_CBD005_56,,,,2,,{},{1},{9},False,,12
SG329_CBD000_56,,,,2,,{},{1},{9},False,,12
SG330_SAC092_57,,,,2,,{},{1},{9},False,1,12
SG331_SAC085_57,,,,2,,{},{1},{9},False,1,12
SG332_SAC083_57,,,,2,,{},{1},{9},False,1,12
SG333_BSL001_58,,,,2,,{},{1},{9},False,,12
SG334_SBP031_58,,,,2,,{},{1},{9},False,,12
SG335_SBP028_58,,,,2,,{},{1},{9},False,,12
SG336_SBP024_58,,,,2,,{},{1},{9},False,,12
SG337_SBP021_58,,,,2,,{},{1},{9},False,,12
SG338_SBP018_58,,,,2,,{},{1},{9},False,,12
SG339_SBP014_58,,,,2,,{},{1},{9},False,,12
SG340_SBP012_58,,,,2,,{},{1},{9},False,,12
SG341_FTR068_59,,,,2,,{},{1},{9},False,,12
SG342_FTR063_59,,,,2,,{},{1},{9},False,,12
SG343_FTR059_59,,,,2,,{},{1},{9},False,,12
SG344_FTR053_59,,,,2,,{},{1},{9},False,,12
SG345_FTR048_59,,,,2,,{},{1},{9},False,,12
SG346_FTR045_59,,,,2,,{},{1},{9},False,,12
SG347_FTR036_59,,,,2,,{},{1},{9},False,,12
SG348_FTR029_59,,,,2,,{},{1},{9},False,,12
SG349_YUB011_60,,,,2,,{},{1},{9},False,,12
SG350_YUB006_60,,,,2,,{},{1},{9},False,,12
SG351_YUB002_60,,,,2,,{},{1},{9},False,,12
SG352_FTR029_61,,,,2,,{},{1},{9},False,,12
SG353_FTR025_61,,,,2,,{},{1},{9},False,,12
SG354_FTR021_61,,,,2,,{},{1},{9},False,,12
SG355_FTR016_61,,,,2,,{},{1},{9},False,,12
SG356_FTR012_61,,,,2,,{},{1},{9},False,,12
SG357_CMPFW_62,,,,2,,{},{1},{9},False,,12
SG358_BRR017_62,,,,2,,{},{1},{9},False,,12
SG359_BRR011_62,,,,2,,{},{1},{9},False,,12
SG360_BRR004_62,,,,2,,{},{1},{9},False,,12
SG361_BRR004_62,,,,2,,{},{1},{9},False,,12
SG362_FTR012_63,,,,2,,{},{1},{9},False,,12
SG363_FTR008_63,,,,2,,{},{1},{9},False,,12
SG364_FTR008_64,,,,2,,{},{1},{9},False,,12
SG365_FTR003_64,,,,2,,{},{1},{9},False,,12
SG366_FTR003_64,,,,2,,{},{1},{9},False,,12
SG367_SAC083_65,,,,2,,{},{1},{9},False,1,12
SG368_SAC082_65,,,,2,,{},{1},{9},False,1,12
SG369_SAC081_65,,,,2,,{},{1},{9},False,1,12
SG370_SAC078_65,,,,2,,{},{1},{9},False,1,12
SG371_SAC075_65,,,,2,,{},{1},{9},False,1,12
SG372_SAC066_65,,,,2,,{},{1},{9},False,1,12
SG373_SAC063_65,,,,2,,{},{1},{9},False,1,12
SG374_FOLSM_66,,,,2,,{},{1},{9},False,,12
SG375_NTOMA_66,,,,2,,{},{1},{9},False,,12
SG376_AMR020_66,,,,2,,{},{1},{9},False,1,12
SG377_AMR015_66,,,,2,,{},{1},{9},False,1,12
SG378_AMR009_66,,,,2,,{},{1},{9},False,1,12
SG379_AMR004_66,,,,2,,{},{1},{9},False,1,12
SG380_AMR004_66,,,,2,,{},{1},{9},False,1,12
SG381_SAC063_67,,,,2,,{},{1},{9},False,1,12
SG382_SAC057_67,,,,2,,{},{1},{9},False,1,12
SG383_SAC053_67,,,,2,,{},{1},{9},False,1,12
SG384_SAC048_67,,,,2,,{},{1},{9},False,1,12
SG385_SAC041_67,,,,2,,{},{1},{9},False,1,12
SG386_SAC036_67,,,,2,,{},{1},{9},False,1,12
SG387_SAC030_67,,,,2,,{},{1},{9},False,1,12
SG388_SAC022_67,,,,2,,{},{1},{9},False,1,12
SG389_SAC017_67,,,,2,,{},{1},{9},False,1,12
SG390_CCH030_68,,,,2,,{},{1},{9},False,,12
SG391_CCH023_68,,,,2,,{},{1},{9},False,,12
SG392_CCH017_68,,,,2,,{},{1},{9},False,,12
SG393_CCH012_68,,,,2,,{},{1},{9},False,,12
SG394_CCH006_68,,,,2,,{},{1},{9},False,,12
SG395_CCH003_68,,,,2,,{},{1},{9},False,,12
SG396_YBP032_68,,,,2,,{},{1},{9},False,,12
SG397_YBP026_68,,,,2,,{},{1},{9},False,,12
SG398_YBP023_68,,,,2,,{},{1},{9},False,,12
SG399_YBP020_68,,,,2,,{},{1},{9},False,,12
SG400_PTH024_69,,,,2,,{},{1},{9},False,,12
SG401_PTH020_69,,,,2,,{},{1},{9},False,,12
SG402_PTH015_69,,,,2,,{},{1},{9},False,,12
SG403_PTH011_69,,,,2,,{},{1},{9},False,,12
SG404_PTH007_69,,,,2,,{},{1},{9},False,,12
SG405_PTH007_69,,,,2,,{},{1},{9},False,,12
SG406_YBP020_70,,,,2,,{},{1},{9},False,,12
SG407_YBP016_70,,,,2,,{},{1},{9},False,,12
SG408_YBP014_70,,,,2,,{},{1},{9},False,,12
SG409_YBP011_70,,,,2,,{},{1},{9},False,,12
SG410_YBP007_70,,,,2,,{},{1},{9},False,,12
SG411_YBP002_70,,,,2,,{},{1},{9},False,,12
SG412_YBP002_70,,,,2,,{},{1},{9},False,,12
SG413_SAC017_71,,,,2,,{},{1},{9},False,1,12
SG414_SAC011_71,,,,2,,{},{1},{9},False,1,12
SG415_SAC007_71,,,,2,,{},{1},{9},False,1,12
SG416_SAC003_71,,,,2,,{},{1},{9},False,1,12
SG417_SAC000_71,,,,2,,{},{1},{9},False,1,12
SG418_SAC000_72,,,,2,,{},{1},{9},False,1,12
SG453_CWD018_77,,,,2,,{},{1},{9},False,1,12
SG454_CWD013_77,,,,2,,{},{1},{9},False,1,12
SG455_CWD013_77,,,,2,,{},{1},{9},False,1,12
SG456_CWD009_78,,,,2,,{},{1},{9},False,1,12
SG457_CWD004_78,,,,2,,{},{1},{9},False,1,12
SG463_SCW008_81,,,,2,,{},{1},{9},False,,12
SG464_SCW004_81,,,,2,,{},{1},{9},False,,12
SG465_SCW004_81,,,,2,,{},{1},{9},False,,12
SG51_FSL012_4,,,,2,,{},{1},{9},False,,12
SG52_FSL005_4,,,,2,,{},{1},{9},False,,12
SG53_FSL005_4,,,,2,,{},{1},{9},False,,12
SG54_SJR263_7,,,,2,,{},{1},{9},False,2,12
SG55_SJR256_7,,,,2,,{},{1},{9},False,2,12
SG56_SJR249_7,,,,2,,{},{1},{9},False,2,12
SG57_SJR242_7,,,,2,,{},{1},{9},False,2,12
SG58_SJR235_7,,,,2,,{},{1},{9},False,2,12
SG59_SJR227_7,,,,2,,{},{1},{9},False,2,12
SG60_SJR221_7,,,,2,,{},{1},{9},False,2,12
SG61_SJR214_7,,,,2,,{},{1},{9},False,2,12
SG62_SJR205_7,,,,2,,{},{1},{9},False,2,12
SG63_SJR205_8,,,,2,,{},{1},{9},False,2,12
SG64_SJR198_8,,,,2,,{},{1},{9},False,2,12
SG65_SJR192_8,,,,2,,{},{1},{9},False,2,12
SG66_SJR185_8,,,,2,,{},{1},{9},False,2,12
SG67_SJR180_8,,,,2,,{},{1},{9},False,2,12
SG68_SJR173_8,,,,2,,{},{1},{9},False,2,12
SG69_FRS045_9,,,,2,,{},{1},{9},False,,12
SG70_FRS039_9,,,,2,,{},{1},{9},False,,12
SG71_FRS036_9,,,,2,,{},{1},{9},False,,12
SG72_FRS032_9,,,,2,,{},{1},{9},False,,12
SG73_FRS025_9,,,,2,,{},{1},{9},False,,12
SG74_FRS020_9,,,,2,,{},{1},{9},False,,12
SG75_FRS016_9,,,,2,,{},{1},{9},False,,12
SG76_FRS016_9,,,,2,,{},{1},{9},False,,12
SG77_FRS016_9,,,,2,,{},{1},{9},False,,12
SG78_SJR173_10,,,,2,,{},{1},{9},False,2,12
SG79_SJR166_10,,,,2,,{},{1},{9},False,2,12
SG80_CHW031_11,,,,2,,{},{1},{9},False,,12
SG81_CHW028_11,,,,2,,{},{1},{9},False,,12
SG82_CHW024_11,,,,2,,{},{1},{9},False,,12
SG83_CHW021_11,,,,2,,{},{1},{9},False,,12
SG84_CHW017_11,,,,2,,{},{1},{9},False,,12
SG85_CHW011_11,,,,2,,{},{1},{9},False,,12
SG86_CHW006_11,,,,2,,{},{1},{9},False,,12
SG87_EBP030_11,,,,2,,{},{1},{9},False,,12
SG88_EBP030_11,,,,2,,{},{1},{9},False,,12
SG89_SJR166_11,,,,2,,{},{1},{9},False,2,12
SG90_SJR157_11,,,,2,,{},{1},{9},False,2,12
SG91_SJR152_12,,,,2,,{},{1},{9},False,2,12
SG92_SJR145_12,,,,2,,{},{1},{9},False,2,12
SG93_DED044_13,,,,2,,{},{1},{9},False,,12
SG94_DED038_13,,,,2,,{},{1},{9},False,,12
SG95_DED035_13,,,,2,,{},{1},{9},False,,12
SG96_DED032_13,,,,2,,{},{1},{9},False,,12
SG97_DED025_13,,,,2,,{},{1},{9},False,,12
SG98_DED019_13,,,,2,,{},{1},{9},False,,12
SG99_DED010_13,,,,2,,{},{1},{9},False,,12
SGRGE,,,,2,,{},{1},{9},False,,12
SG_CAP000_854,,,,2,,{},{1},{9},False,,12
SG_CHC000_609,,,,2,,{},{1},{9},False,,12
SG_CMCHE_516,,,,2,,{},{1},{9},False,,12
SG_CSM005_466,,,,2,,{},{1},{9},False,,12
SG_DSC028_505,,,,2,,{},{1},{9},False,,12
SG_DSC035_506,,,,2,,{},{1},{9},False,,12
SG_EBP048_729,,,,2,,{},{1},{9},False,,12
SG_LPC000_840,,,,2,,{},{1},{9},False,,12
SG_MDSTO_644,,,,2,,{},{1},{9},False,,12
SG_MOK019_478,,,,2,,{},{1},{9},False,,12
SG_MOK022_479,,,,2,,{},{1},{9},False,,12
SG_MOK028_497,,,,2,,{},{1},{9},False,,12
SG_MOK035_512,,,,2,,{},{1},{9},False,,12
SG_MOK044_513,,,,2,,{},{1},{9},False,,12
SG_MOK050_514,,,,2,,{},{1},{9},False,,12
SG_MOK055_515,,,,2,,{},{1},{9},False,,12
SG_ORG000_793,,,,2,,{},{1},{9},False,,12
SG_SLO000_659,,,,2,,{},{1},{9},False,5,12
SG_TRLCK_666,,,,2,,{},{1},{9},False,,12
SG_UFC000_599,,,,2,,{},{1},{9},False,,12
SG_WDWRD,,,,2,,{},{1},{9},False,,12
SHSTA,,,,2,17,{21},{1},{9},False,,12
SHVER,,,,2,,{},{1},{9},False,,12
SILVR,,,,2,,{},{1},{9},False,,12
SJR006,,,,2,18,{24},{1},{9},False,2,12
SJR009,,,,2,18,{24},{1},{9},False,2,12
SJR013,,,,2,18,{24},{1},{9},False,2,12
SJR021,,,,2,18,{24},{1},{9},False,2,12
SJR022,,,,2,18,{24},{1},{9},False,2,12
SJR023,,,,2,18,{24},{1},{9},False,2,12
SJR026,,,,2,18,{24},{1},{9},False,2,12
SJR028,,,,2,18,{24},{1},{9},False,2,12
SJR033,,,,2,18,{24},{1},{9},False,2,12
SJR038,,,,2,18,{24},{1},{9},False,2,12
SJR042,,,,2,18,{24},{1},{9},False,2,12
SJR043,,,,2,18,{24},{1},{9},False,2,12
SJR048,,,,2,18,{24},{1},{9},False,2,12
SJR053,,,,2,18,{24},{1},{9},False,2,12
SJR056,,,,2,18,{24},{1},{9},False,2,12
SJR062,,,,2,18,{24},{1},{9},False,2,12
SJR070,,,,2,18,{24},{1},{9},False,2,12
SJR072,,,,2,18,{24},{1},{9},False,2,12
SJR075,,,,2,18,{24},{1},{9},False,2,12
SJR081,,,,2,18,{24},{1},{9},False,2,12
SJR082,,,,2,18,{24},{1},{9},False,2,12
SJR087,,,,2,18,{24},{1},{9},False,2,12
SJR090,,,,2,18,{24},{1},{9},False,2,12
SJR091,,,,2,18,{24},{1},{9},False,2,12
SJR096,,,,2,18,{24},{1},{9},False,2,12
SJR101,,,,2,18,{24},{1},{9},False,2,12
SJR102,,,,2,18,{24},{1},{9},False,2,12
SJR105,,,,2,18,{24},{1},{9},False,2,12
SJR106,,,,2,18,{24},{1},{9},False,2,12
SJR111,,,,2,18,{24},{1},{9},False,2,12
SJR114,,,,2,18,{24},{1},{9},False,2,12
SJR115,,,,2,18,{24},{1},{9},False,2,12
SJR116,,,,2,18,{24},{1},{9},False,2,12
SJR117,,,,2,18,{24},{1},{9},False,2,12
SJR119,,,,2,18,{24},{1},{9},False,2,12
SJR123,,,,2,18,{24},{1},{9},False,2,12
SJR127,,,,2,18,{24},{1},{9},False,2,12
SJR131,,,,2,18,{24},{1},{9},False,2,12
SJR134,,,,2,18,{24},{1},{9},False,2,12
SJR141,,,,2,18,{24},{1},{9},False,2,12
SJR145,,,,2,18,{24},{1},{9},False,2,12
SJR152,,,,2,18,{24},{1},{9},False,2,12
SJR157,,,,2,18,{24},{1},{9},False,2,12
SJR166,,,,2,18,{24},{1},{9},False,2,12
SJR173,,,,2,18,{24},{1},{9},False,2,12
SJR179,,,,2,18,{24},{1},{9},False,2,12
SJR180,,,,2,18,{24},{1},{9},False,2,12
SJR185,,,,2,18,{24},{1},{9},False,2,12
SJR192,,,,2,18,{24},{1},{9},False,2,12
SJR195,,,,2,18,{24},{1},{9},False,2,12
SJR198,,,,2,18,{24},{1},{9},False,2,12
SJR200,,,,2,18,{24},{1},{9},False,2,12
SJR201,,,,2,18,{24},{1},{9},False,2,12
SJR205,,,,2,18,{24},{1},{9},False,2,12
SJR213,,,,2,18,{24},{1},{9},False,2,12
SJR214,,,,2,18,{24},{1},{9},False,2,12
SJR221,,,,2,18,{24},{1},{9},False,2,12
SJR225,,,,2,18,{24},{1},{9},False,2,12
SJR227,,,,2,18,{24},{1},{9},False,2,12
SJR235,,,,2,18,{24},{1},{9},False,2,12
SJR242,,,,2,18,{24},{1},{9},False,2,12
SJR249,,,,2,18,{24},{1},{9},False,2,12
SJR256,,,,2,18,{24},{1},{9},False,2,12
SJR258,,,,2,18,{24},{1},{9},False,2,12
SJR263,,,,2,18,{24},{1},{9},False,2,12
SJR265,,,,2,18,{24},{1},{9},False,2,12
SJR278,,,,2,18,{24},{1},{9},False,2,12
SJR279,,,,2,18,{24},{1},{9},False,2,12
SJR280,,,,2,18,{24},{1},{9},False,2,12
SJR287,,,,2,18,{24},{1},{9},False,2,12
SJR289,,,,2,18,{24},{1},{9},False,2,12
SJR290,,,,2,18,{24},{1},{9},False,2,12
SJR295,,,,2,18,{24},{1},{9},False,2,12
SJR296,,,,2,18,{24},{1},{9},False,2,12
SJR300,,,,2,18,{24},{1},{9},False,2,12
SJR303,,,,2,18,{24},{1},{9},False,2,12
SJR305,,,,2,18,{24},{1},{9},False,2,12
SJR306,,,,2,18,{24},{1},{9},False,2,12
SJR307,,,,2,18,{24},{1},{9},False,2,12
SJR308,,,,2,18,{24},{1},{9},False,2,12
SJR309,,,,2,18,{24},{1},{9},False,2,12
SJR310,,,,2,18,{24},{1},{9},False,2,12
SJR312,,,,2,18,{24},{1},{9},False,2,12
SJR313,,,,2,18,{24},{1},{9},False,2,12
SJR318,,,,2,18,{24},{1},{9},False,2,12
SJR324,,,,2,18,{24},{1},{9},False,2,12
SLC002,,,,2,18,{24},{1},{9},False,,12
SLC003,,,,2,18,{24},{1},{9},False,,12
SLD002,,,,2,18,{24},{1},{9},False,,12
SLD027,,,,2,18,{24},{1},{9},False,,12
SLDMWA(CDEC CBP),,Chowchilla Bypass below Control Structure,,2,,{},{1},{9},False,,12
SLF009,,,,2,18,{24},{1},{9},False,,12
SLF010,,,,2,18,{24},{1},{9},False,,12
SLF014,,,,2,18,{24},{1},{9},False,,12
SLF015,,,,2,18,{24},{1},{9},False,,12
SLO000,,,,2,18,{24},{1},{9},False,5,12
SLO007,,,,2,18,{24},{1},{9},False,5,12
SLT008,,,,2,18,{24},{1},{9},False,,12
SLT009,,,,2,18,{24},{1},{9},False,,12
SLTSP,,,,2,,{},{1},{9},False,,12
SLUIS,,,,2,,{},{1},{9},False,,12
SLV001,,,,2,18,{24},{1},{9},False,,12
SLV005,,,,2,18,{24},{1},{9},False,,12
SLV006,,,,2,18,{24},{1},{9},False,,12
SLV007,,,,2,18,{24},{1},{9},False,,12
SLV014,,,,2,18,{24},{1},{9},False,,12
SLV015,,,,2,18,{24},{1},{9},False,,12
SLV016,,,,2,18,{24},{1},{9},False,,12
SLV017,,,,2,18,{24},{1},{9},False,,12
SLYCK,,,,2,,{},{1},{9},False,,12
SP2003,,,,2,,{},{1},{9},False,,12
SPA001,,,,2,18,{24},{1},{9},False,,12
SPH000,,,,2,18,{24},{1},{9},False,,12
SPICE,,,,2,,{},{1},{9},False,,12
SPLDG,,,,2,,{},{1},{9},False,,12
SPT003,,,,2,18,{24},{1},{9},False,,12
SP_EBP041_SJR145,,,,2,,{},{1},{9},False,2,12
SP_MCD002_MRS000,,,,2,,{},{1},{9},False,,12
SP_SAC066_YBP020,,,,2,,{},{1},{9},False,1,12
SP_SAC083_YBP037,,,,2,,{},{1},{9},False,1,12
SP_SAC122_SBP021,,,,2,,{},{1},{9},False,1,12
SP_SAC148_BTC003,,,,2,,{},{1},{9},False,1,12
SP_SAC159_BTC003,,,,2,,{},{1},{9},False,1,12
SP_SAC178_BTC003,,,,2,,{},{1},{9},False,1,12
SP_SAC188_BTC003,,,,2,,{},{1},{9},False,1,12
SP_SAC193_BTC003,,,,2,,{},{1},{9},False,1,12
SRWWTP,,,,2,20,{25},{1},{9},False,,12
SR_02_CWD003,,,,2,,{},{1},{9},False,1,12
SR_02_KSWCK,,,,2,,{},{1},{9},False,,12
SR_02_SAC257,,,,2,,{},{1},{9},False,1,12
SR_02_SAC271,,,,2,,{},{1},{9},False,1,12
SR_03_COW003,,,,2,,{},{1},{9},False,1,12
SR_03_KSWCK,,,,2,,{},{1},{9},False,,12
SR_03_SAC265,,,,2,,{},{1},{9},False,1,12
SR_03_SAC277,,,,2,,{},{1},{9},False,1,12
SR_04_SAC207,,,,2,,{},{1},{9},False,1,12
SR_04_SAC217,,,,2,,{},{1},{9},False,1,12
SR_05_SAC196,,,,2,,{},{1},{9},False,1,12
SR_05_SAC201,,,,2,,{},{1},{9},False,1,12
SR_05_SAC217,,,,2,,{},{1},{9},False,1,12
SR_06_CBD049,,,,2,,{},{1},{9},False,,12
SR_06_SAC185,,,,2,,{},{1},{9},False,1,12
SR_07N_CBD049,,,,2,,{},{1},{9},False,,12
SR_07N_SAC185,,,,2,,{},{1},{9},False,1,12
SR_07S_CBD028,,,,2,,{},{1},{9},False,,12
SR_07S_CBD038,,,,2,,{},{1},{9},False,,12
SR_07S_YBP034,,,,2,,{},{1},{9},False,,12
SR_08N_CBD049,,,,2,,{},{1},{9},False,,12
SR_08N_SAC154,,,,2,,{},{1},{9},False,1,12
SR_08N_SAC185,,,,2,,{},{1},{9},False,1,12
SR_08S_CBD028,,,,2,,{},{1},{9},False,,12
SR_08S_CBD038,,,,2,,{},{1},{9},False,,12
SR_08S_RFS8S,,,,2,,{},{1},{9},False,,12
SR_08S_SAC146,,,,2,,{},{1},{9},False,1,12
SR_09_BSL001,,,,2,,{},{1},{9},False,,12
SR_09_BTC017,,,,2,,{},{1},{9},False,,12
SR_09_SAC141,,,,2,,{},{1},{9},False,1,12
SR_09_SAC185,,,,2,,{},{1},{9},False,1,12
SR_10_BSL001,,,,2,,{},{1},{9},False,,12
SR_10_BTC017,,,,2,,{},{1},{9},False,,12
SR_10_SAC196,,,,2,,{},{1},{9},False,1,12
SR_11_BSL001,,,,2,,{},{1},{9},False,,12
SR_11_BTC017,,,,2,,{},{1},{9},False,,12
SR_11_DWRPS1,,,,2,,{},{1},{9},False,,12
SR_11_FTR059,,,,2,,{},{1},{9},False,,12
SR_12_HON004,,,,2,,{},{1},{9},False,,12
SR_13_RFS13,,,,2,,{},{1},{9},False,,12
SR_14_HON004,,,,2,,{},{1},{9},False,,12
SR_14_JCK002,,,,2,,{},{1},{9},False,,12
SR_14_YUB011,,,,2,,{},{1},{9},False,,12
SR_15N_FTR029,,,,2,,{},{1},{9},False,,12
SR_15N_HON004,,,,2,,{},{1},{9},False,,12
SR_15N_JCK002,,,,2,,{},{1},{9},False,,12
SR_15S_BRR004,,,,2,,{},{1},{9},False,,12
SR_15S_FTR012,,,,2,,{},{1},{9},False,,12
SR_16_DWRPS1,,,,2,,{},{1},{9},False,,12
SR_17N_BSL001,,,,2,,{},{1},{9},False,,12
SR_17S_SSL001,,,,2,,{},{1},{9},False,,12
SR_18_RFS18,,,,2,,{},{1},{9},False,,12
SR_19_RD1500,,,,2,,{},{1},{9},False,,12
SR_20_CCH017,,,,2,,{},{1},{9},False,,12
SR_20_CCH032,,,,2,,{},{1},{9},False,,12
SR_20_PTH021,,,,2,,{},{1},{9},False,,12
SR_20_PTH024,,,,2,,{},{1},{9},False,,12
SR_20_YBP023,,,,2,,{},{1},{9},False,,12
SR_21_YBP023,,,,2,,{},{1},{9},False,,12
SR_22_CRC002,,,,2,,{},{1},{9},False,,12
SR_22_SAC066,,,,2,,{},{1},{9},False,1,12
SR_23_ABN000,,,,2,,{},{1},{9},False,,12
SR_23_BRR004,,,,2,,{},{1},{9},False,,12
SR_23_BRR011,,,,2,,{},{1},{9},False,,12
SR_23_CCK007,,,,2,,{},{1},{9},False,,12
SR_23_CRC002,,,,2,,{},{1},{9},False,,12
SR_24_ABN000,,,,2,,{},{1},{9},False,,12
SR_24_ABN010,,,,2,,{},{1},{9},False,,12
SR_24_BRR004,,,,2,,{},{1},{9},False,,12
SR_24_BRR011,,,,2,,{},{1},{9},False,,12
SR_24_CCK007,,,,2,,{},{1},{9},False,,12
SR_24_CCK022,,,,2,,{},{1},{9},False,,12
SR_24_CRC002,,,,2,,{},{1},{9},False,,12
SR_24_EMD007,,,,2,,{},{1},{9},False,,12
SR_25_CSL005,,,,2,,{},{1},{9},False,,12
SR_25_PTH021,,,,2,,{},{1},{9},False,,12
SR_25_PTH024,,,,2,,{},{1},{9},False,,12
SR_26N_AMR004,,,,2,,{},{1},{9},False,1,12
SR_26N_CRC002,,,,2,,{},{1},{9},False,,12
SR_26N_EMD001,,,,2,,{},{1},{9},False,,12
SR_26N_EMD007,,,,2,,{},{1},{9},False,,12
SR_26N_NTOMA,,,,2,,{},{1},{9},False,,12
SR_26S_AMR007,,,,2,,{},{1},{9},False,1,12
SR_26S_MOK014,,,,2,,{},{1},{9},False,,12
SR_26S_NTOMA,,,,2,,{},{1},{9},False,,12
SR_26S_SAC048,,,,2,,{},{1},{9},False,1,12
SR_60N_MOK019,,,,2,,{},{1},{9},False,,12
SR_60N_MOK035,,,,2,,{},{1},{9},False,,12
SR_60N_SJR022,,,,2,,{},{1},{9},False,2,12
SR_60N_SJR038,,,,2,,{},{1},{9},False,2,12
SR_60S_FCS007,,,,2,,{},{1},{9},False,,12
SR_60S_SJR028,,,,2,,{},{1},{9},False,2,12
SR_60S_SJR038,,,,2,,{},{1},{9},False,2,12
SR_60S_SJR043,,,,2,,{},{1},{9},False,2,12
SR_61_FCS007,,,,2,,{},{1},{9},False,,12
SR_61_SJR043,,,,2,,{},{1},{9},False,2,12
SR_61_SJR053,,,,2,,{},{1},{9},False,2,12
SR_61_SJR070,,,,2,,{},{1},{9},False,2,12
SR_61_SJR075,,,,2,,{},{1},{9},False,2,12
SR_61_STS017,,,,2,,{},{1},{9},False,2,12
SR_61_TUO017,,,,2,,{},{1},{9},False,2,12
SR_62_MCD021,,,,2,,{},{1},{9},False,,12
SR_62_MCD050,,,,2,,{},{1},{9},False,,12
SR_62_SJR081,,,,2,,{},{1},{9},False,2,12
SR_62_TUO017,,,,2,,{},{1},{9},False,2,12
SR_63_EBP030,,,,2,,{},{1},{9},False,,12
SR_63_EBP032,,,,2,,{},{1},{9},False,,12
SR_63_EBP050,,,,2,,{},{1},{9},False,,12
SR_63_MCD021,,,,2,,{},{1},{9},False,,12
SR_63_MCD050,,,,2,,{},{1},{9},False,,12
SR_63_SJR117,,,,2,,{},{1},{9},False,2,12
SR_63_SJR134,,,,2,,{},{1},{9},False,2,12
SR_64_EBP005,,,,2,,{},{1},{9},False,,12
SR_64_EBP019,,,,2,,{},{1},{9},False,,12
SR_64_EBP030,,,,2,,{},{1},{9},False,,12
SR_64_EBP032,,,,2,,{},{1},{9},False,,12
SR_64_EBP050,,,,2,,{},{1},{9},False,,12
SR_64_FRS022,,,,2,,{},{1},{9},False,,12
SR_64_SJR180,,,,2,,{},{1},{9},False,2,12
SR_64_SJR214,,,,2,,{},{1},{9},False,2,12
SR_64_SJR227,,,,2,,{},{1},{9},False,2,12
SR_71_MSN004,,,,2,,{},{1},{9},False,,12
SR_71_OMR039,,,,2,,{},{1},{9},False,3,12
SR_71_SJR070,,,,2,,{},{1},{9},False,2,12
SR_71_SJR075,,,,2,,{},{1},{9},False,2,12
SR_71_SJR091,,,,2,,{},{1},{9},False,2,12
SR_71_SJR106,,,,2,,{},{1},{9},False,2,12
SR_71_SJR117,,,,2,,{},{1},{9},False,2,12
SR_72_MSN004,,,,2,,{},{1},{9},False,,12
SR_72_SAL006,,,,2,,{},{1},{9},False,,12
SR_72_SJR091,,,,2,,{},{1},{9},False,2,12
SR_72_SJR106,,,,2,,{},{1},{9},False,2,12
SR_72_SJR117,,,,2,,{},{1},{9},False,2,12
SR_73_MSN004,,,,2,,{},{1},{9},False,,12
SR_73_SLD027,,,,2,,{},{1},{9},False,,12
SSC001,,,,2,18,{24},{1},{9},False,,12
SSJ001,,,,2,18,{24},{1},{9},False,,12
SSJ004,,,,2,18,{24},{1},{9},False,,12
SSJ008,,,,2,18,{24},{1},{9},False,,12
SSJ013,,,,2,18,{24},{1},{9},False,,12
SSJ014,,,,2,18,{24},{1},{9},False,,12
SSJ015,,,,2,18,{24},{1},{9},False,,12
SSJ016,,,,2,18,{24},{1},{9},False,,12
SSJ017,,,,2,18,{24},{1},{9},False,,12
SSJ020,,,,2,18,{24},{1},{9},False,,12
SSJ022,,,,2,18,{24},{1},{9},False,,12
SSJ023,,,,2,18,{24},{1},{9},False,,12
SSJ024,,,,2,18,{24},{1},{9},False,,12
SSJ025,,,,2,18,{24},{1},{9},False,,12
SSJ026,,,,2,18,{24},{1},{9},False,,12
SSJID Main Canal,,,,2,,{},{1},{9},False,,12
SSL001,,,,2,18,{24},{1},{9},False,,12
SSV013,,,,2,18,{24},{1},{9},False,,12
STH000,,,,2,18,{24},{1},{9},False,,12
STH001,,,,2,18,{24},{1},{9},False,,12
STH002,,,,2,18,{24},{1},{9},False,,12
STH003,,,,2,18,{24},{1},{9},False,,12
STH004,,,,2,18,{24},{1},{9},False,,12
STH005,,,,2,18,{24},{1},{9},False,,12
STH007,,,,2,18,{24},{1},{9},False,,12
STMPY,,,,2,,{},{1},{9},False,,12
STN004,,,,2,18,{24},{1},{9},False,,12
STN009,,,,2,18,{24},{1},{9},False,,12
STN014,,,,2,18,{24},{1},{9},False,,12
STN021,,,,2,18,{24},{1},{9},False,,12
STN026,,,,2,18,{24},{1},{9},False,,12
STS004,,,,2,18,{24},{1},{9},False,2,12
STS011,,,,2,18,{24},{1},{9},False,2,12
STS017,,,,2,18,{24},{1},{9},False,2,12
STS020,,,,2,18,{24},{1},{9},False,2,12
STS030,,,,2,18,{24},{1},{9},False,2,12
STS036,,,,2,18,{24},{1},{9},False,2,12
STS043,,,,2,18,{24},{1},{9},False,2,12
STS048,,,,2,18,{24},{1},{9},False,2,12
STS050,,,,2,18,{24},{1},{9},False,2,12
STS053,,,,2,18,{24},{1},{9},False,2,12
STS058,,,,2,18,{24},{1},{9},False,2,12
STS059,,,,2,18,{24},{1},{9},False,2,12
STS060,,,,2,18,{24},{1},{9},False,2,12
STS069,,,,2,18,{24},{1},{9},False,2,12
STS072,,,,2,18,{24},{1},{9},False,2,12
STS085,,,,2,18,{24},{1},{9},False,2,12
STS090,,,,2,18,{24},{1},{9},False,2,12
STS091,,,,2,18,{24},{1},{9},False,2,12
STS093,,,,2,18,{24},{1},{9},False,2,12
STV006,,,,2,18,{24},{1},{9},False,,12
STV007,,,,2,18,{24},{1},{9},False,,12
STWWTP,,,,2,20,{25},{1},{9},False,,12
SVRWD,,,,2,,{},{1},{9},False,,12
SWWWTP,,,,2,20,{25},{1},{9},False,,12
SYC000,,,,2,18,{24},{1},{9},False,,12
SYC001,,,,2,18,{24},{1},{9},False,,12
SYC002,,,,2,18,{24},{1},{9},False,,12
SYC003,,,,2,18,{24},{1},{9},False,,12
SYC020,,,,2,18,{24},{1},{9},False,,12
S_ALMNR,,,,2,,{},{1},{9},False,,12
S_ALOHA,,,,2,,{},{1},{9},False,,12
S_ALPNE,,,,2,,{},{1},{9},False,,12
S_ANTLP,,,,2,,{},{1},{9},False,,12
S_BANOS,,,,2,,{},{1},{9},False,,12
S_BASSL,,,,2,,{},{1},{9},False,,12
S_BEARD,,,,2,,{},{1},{9},False,,12
S_BLKBT,,,,2,,{},{1},{9},False,,12
S_BLSMM,,,,2,,{},{1},{9},False,,12
S_BLUMD,,,,2,,{},{1},{9},False,,12
S_BOWMN,,,,2,,{},{1},{9},False,,12
S_BRYSA,,,,2,,{},{1},{9},False,,12
S_BTVLY,,,,2,,{},{1},{9},False,,12
S_BUCKS,,,,2,,{},{1},{9},False,,12
S_CAPLS,,,,2,,{},{1},{9},False,,12
S_CLRLK,,,,2,,{},{1},{9},False,1,12
S_CMBIE,,,,2,,{},{1},{9},False,,12
S_CMCHE,,,,2,,{},{1},{9},False,,12
S_CMPFW,,,,2,,{},{1},{9},False,,12
S_CSTIC,,,,2,,{},{1},{9},False,,12
S_DAVIS,,,,2,,{},{1},{9},False,,12
S_DELVE,,,,2,,{},{1},{9},False,,12
S_DONLL,,,,2,,{},{1},{9},False,,12
S_EBTML,,,,2,,{},{1},{9},False,,12
S_ECHOL,,,,2,,{},{1},{9},False,,12
S_EDSON,,,,2,,{},{1},{9},False,,12
S_ELENR,,,,2,,{},{1},{9},False,,12
S_ENGLB,,,,2,,{},{1},{9},False,,12
S_EPARK,,,,2,,{},{1},{9},False,,12
S_ESTMN,,,,2,,{},{1},{9},False,,12
S_FLRNC,,,,2,,{},{1},{9},False,,12
S_FOLSM,,,,2,,{},{1},{9},False,,12
S_FRDYC,,,,2,,{},{1},{9},False,,12
S_FRMAN,,,,2,,{},{1},{9},False,,12
S_FRMDW,,,,2,,{},{1},{9},False,,12
S_FRNCH,,,,2,,{},{1},{9},False,,12
S_GERLE,,,,2,,{},{1},{9},False,,12
S_HHOLE,,,,2,,{},{1},{9},False,,12
S_HNGTN,,,,2,,{},{1},{9},False,,12
S_HNSLY,,,,2,,{},{1},{9},False,,12
S_HTCHY,,,,2,,{},{1},{9},False,,12
S_ICEHS,,,,2,,{},{1},{9},False,,12
S_INDVL,,,,2,,{},{1},{9},False,,12
S_JKSMD,,,,2,,{},{1},{9},False,,12
S_JNKSN,,,,2,,{},{1},{9},False,,12
S_KRCKH,,,,2,,{},{1},{9},False,,12
S_KSWCK,,,,2,,{},{1},{9},False,,12
S_LBEAR,,,,2,,{},{1},{9},False,,12
S_LCBRF,,,,2,,{},{1},{9},False,,12
S_LGRSV,,,,2,,{},{1},{9},False,,12
S_LKVLY,,,,2,,{},{1},{9},False,,12
S_LLOYD,,,,2,,{},{1},{9},False,,12
S_LOONL,,,,2,,{},{1},{9},False,,12
S_LOSVQ,,,,2,,{},{1},{9},False,,12
S_LWSTN,,,,2,,{},{1},{9},False,,12
S_LYONS,,,,2,,{},{1},{9},False,,12
S_MAMTH,,,,2,,{},{1},{9},False,,12
S_MCLRE,,,,2,,{},{1},{9},False,1,12
S_MDSTO,,,,2,,{},{1},{9},False,,12
S_MELON,,,,2,,{},{1},{9},False,,12
S_MERLC,,,,2,,{},{1},{9},False,2,12
S_MLRTN,,,,2,,{},{1},{9},False,,12
S_MTMDW,,,,2,,{},{1},{9},False,,12
S_NBLDB,,,,2,,{},{1},{9},False,,12
S_NHGAN,,,,2,,{},{1},{9},False,,12
S_NTOMA,,,,2,,{},{1},{9},False,,12
S_OROVL,,,,2,,{},{1},{9},False,,12
S_PARDE,,,,2,,{},{1},{9},False,,12
S_PCRST,,,,2,,{},{1},{9},False,,12
S_PEDRO,,,,2,,{},{1},{9},False,,12
S_PRRIS,,,,2,,{},{1},{9},False,,12
S_PYRMD,,,,2,,{},{1},{9},False,,12
S_RDNGR,,,,2,,{},{1},{9},False,,12
S_RLIEF,,,,2,,{},{1},{9},False,,12
S_RLLNS,,,,2,,{},{1},{9},False,,12
S_RNCHO,,,,2,,{},{1},{9},False,,12
S_RVPHB,,,,2,,{},{1},{9},False,,12
S_SCOTF,,,,2,,{},{1},{9},False,,12
S_SGRGE,,,,2,,{},{1},{9},False,,12
S_SHSTA,,,,2,,{},{1},{9},False,,12
S_SHVER,,,,2,,{},{1},{9},False,,12
S_SILVR,,,,2,,{},{1},{9},False,,12
S_SLTSP,,,,2,,{},{1},{9},False,,12
S_SLUIS_CVP,,,,2,,{},{1},{9},False,,12
S_SLUIS_SWP,,,,2,,{},{1},{9},False,,12
S_SLYCK,,,,2,,{},{1},{9},False,,12
S_SPICE,,,,2,,{},{1},{9},False,,12
S_SPLDG,,,,2,,{},{1},{9},False,,12
S_STMPY,,,,2,,{},{1},{9},False,,12
S_SVRWD,,,,2,,{},{1},{9},False,,12
S_THRMA,,,,2,,{},{1},{9},False,,12
S_THRMF,,,,2,,{},{1},{9},False,,12
S_TRLCK,,,,2,,{},{1},{9},False,,12
S_TRNTY,,,,2,,{},{1},{9},False,,12
S_TULOC,,,,2,,{},{1},{9},False,4,12
S_UBEAR,,,,2,,{},{1},{9},False,,12
S_UNVLY,,,,2,,{},{1},{9},False,,12
S_WDWRD,,,,2,,{},{1},{9},False,,12
S_WKYTN,,,,2,,{},{1},{9},False,,12
Sack Dam,,,,2,,{},{1},{9},False,1,12
Sacramento Weir,,,,2,,{},{1},{9},False,1,12
"Sacramento, Pitt, and",,McCloud Rivers,,2,,{},{1},{9},False,1,12
Salado Creek,,,,2,,{},{1},{9},False,,12
Salt Springs Powerhouse No. 1,,,,2,,{},{1},{9},False,,12
Salt Springs Powerhouse No. 2,,,,2,,{},{1},{9},False,,12
San Bernardino Valley MWD,,(Reach 26A),,2,,{},{1},{9},False,3,12
San Gabriel Valley MWD,,(Reach 26),,2,,{},{1},{9},False,3,12
"San Joaquin Pipelines 1, 2, and 3",,,,2,,{},{1},{9},False,3,12
San Joaquin River,,,,2,,{},{1},{9},False,3,12
San Luis Obispo County FCWCD,,,,2,,{},{1},{9},False,3,12
SanGorgonio Pass WA,,(Reach 26),,2,,{},{1},{9},False,3,12
Sand Bar Diversion Dam,,,,2,,{},{1},{9},False,3,12
Sand Slough,,,,2,,{},{1},{9},False,3,12
Santa Barbara - San Luis Obispo Coastal Aqueduct,,,,2,,{},{1},{9},False,3,12
Santa Barbara County,,FCWCD,,2,,{},{1},{9},False,3,12
Santa Clara Terminal Reservoir,,,,2,,{},{1},{9},False,3,12
Santa Clara Valley WD,,,,2,,{},{1},{9},False,3,12
Santa Clarita Valley Water,,,,2,,{},{1},{9},False,3,12
"Secret Ravine, Miner's Ravine, Dry Creek",,,,2,,{},{1},{9},False,,12
Silver Lake leakage,,,,2,,{},{1},{9},False,,12
Silverwood Lake,,,,2,,{},{1},{9},False,,12
Site of proposed,,Garden Bar Dam,,2,,{},{1},{9},False,,12
Slab Creek Reservoir,,,,2,,{},{1},{9},False,,12
"Slab Creek, Minor Accretions",,,,2,,{},{1},{9},False,,12
Slate Creek,,,,2,,{},{1},{9},False,,12
Slate Creek Diversion Dam,,,,2,,{},{1},{9},False,,12
Slate Creek Diversion Tunnel,,,,2,,{},{1},{9},False,,12
Sly Creek,,,,2,,{},{1},{9},False,,12
Sly Park and Hazel Creeks,,,,2,,{},{1},{9},False,,12
Solano ID,,(South),,2,,{},{1},{9},False,,12
Solano State Prison,,,,2,,{},{1},{9},False,,12
South Bay Aqueduct,,,,2,,{},{1},{9},False,,12
South Bay Pumping Plant,,,,2,,{},{1},{9},False,,12
South Canal,,,,2,,{},{1},{9},False,,12
South Canal (PG&E),,,,2,,{},{1},{9},False,,12
South Fork,,Cottonwood Creek,,2,,{},{1},{9},False,,12
South Fork  Mokelumne River,,,,2,,{},{1},{9},False,,12
South Fork American River near Placerville Local Inflow,,,,2,,{},{1},{9},False,2,12
South Fork American River nr Forni Creek local inflow,,,,2,,{},{1},{9},False,2,12
South Fork American River nr Kyburz local inflow,,,,2,,{},{1},{9},False,2,12
South Fork Diversion Dam,,,,2,,{},{1},{9},False,,12
South Fork Rubicon River,,,,2,,{},{1},{9},False,,12
South Fork Tuolumne River,,,,2,,{},{1},{9},False,2,12
South Fork Yuba River,,,,2,,{},{1},{9},False,,12
South Slide Creek,,,,2,,{},{1},{9},False,,12
South Sutter Water District,,North and South Canals,,2,,{},{1},{9},False,,12
South Sutter Water District Diversions,,"at Aitken Ranch Dam, Tom Glenn Dam, Davis Dam on Auburn Ravine and Coppin Dam on Cross Canal",,2,,{},{1},{9},False,,12
South Yuba Canal Wasteway,,,,2,,{},{1},{9},False,,12
Sphere-of-influence Sales,,,,2,,{},{1},{9},False,,12
Spill to Secret Ravine,,,,2,,{},{1},{9},False,,12
Spring Creek Conduit,,,,2,,{},{1},{9},False,,12
Stanislaus River local inflows below Tulloch Reservoir,,,,2,,{},{1},{9},False,4,12
Stanislaus Tunnel,,,,2,,{},{1},{9},False,,12
State Ranch Bend Pumping Plant,,,,2,,{},{1},{9},False,,12
Stevinson WD Diversion,,,,2,,{},{1},{9},False,,12
Stony Creek,,,,2,,{},{1},{9},False,,12
Stony Creek WD,,,,2,,{},{1},{9},False,,12
Stony Gorge,,Local Inflow,,2,,{},{1},{9},False,,12
Suisun Bay,,,,2,,{},{1},{9},False,,12
Suisun City,,,,2,,{},{1},{9},False,,12
Sunset Pumps,,,,2,,{},{1},{9},False,,12
Sutter Extension Canal,,,,2,,{},{1},{9},False,,12
TAB000,,,,2,18,{24},{1},{9},False,,12
TAHOE,,,,2,,{},{1},{9},False,,12
TBAUD,,,,2,,{},{1},{9},False,,12
TCC001,,,,2,18,{24},{1},{9},False,,12
TCC022,,,,2,18,{24},{1},{9},False,,12
TCC031,,,,2,18,{24},{1},{9},False,,12
TCC036,,,,2,18,{24},{1},{9},False,,12
TCC062,,,,2,18,{24},{1},{9},False,,12
TCC066,,,,2,18,{24},{1},{9},False,,12
TCC081,,,,2,18,{24},{1},{9},False,,12
TCC085,,,,2,18,{24},{1},{9},False,,12
TCC111,,,,2,18,{24},{1},{9},False,,12
TCN000,,,,2,18,{24},{1},{9},False,,12
TCWWTP,,,,2,20,{25},{1},{9},False,,12
TD_EBP005_075,,,,2,,{},{1},{9},False,,12
TD_EBP019_088,,,,2,,{},{1},{9},False,,12
TD_EBP030_086,,,,2,,{},{1},{9},False,,12
TD_EBP030_087,,,,2,,{},{1},{9},False,,12
TD_EBP050_100,,,,2,,{},{1},{9},False,,12
TD_FCS007_160,,,,2,,{},{1},{9},False,,12
TD_FCS007_169,,,,2,,{},{1},{9},False,,12
TD_FRS022_074,,,,2,,{},{1},{9},False,,12
TD_MCD021_121,,,,2,,{},{1},{9},False,,12
TD_MCD050_116,,,,2,,{},{1},{9},False,,12
TD_MCD050_117,,,,2,,{},{1},{9},False,,12
TD_MOK014_197,,,,2,,{},{1},{9},False,,12
TD_MOK019_196,,,,2,,{},{1},{9},False,,12
TD_MOK035_179,,,,2,,{},{1},{9},False,,12
TD_MSN004_104,,,,2,,{},{1},{9},False,,12
TD_MSN004_114,,,,2,,{},{1},{9},False,,12
TD_MSN004_115,,,,2,,{},{1},{9},False,,12
TD_OMR039_202,,,,2,,{},{1},{9},False,3,12
TD_SAL006_113,,,,2,,{},{1},{9},False,,12
TD_SAL027_102,,,,2,,{},{1},{9},False,,12
TD_SJR028_170,,,,2,,{},{1},{9},False,2,12
TD_SJR038_167,,,,2,,{},{1},{9},False,2,12
TD_SJR043_159,,,,2,,{},{1},{9},False,2,12
TD_SJR043_168,,,,2,,{},{1},{9},False,2,12
TD_SJR070_156,,,,2,,{},{1},{9},False,2,12
TD_SJR075_145,,,,2,,{},{1},{9},False,2,12
TD_SJR075_154,,,,2,,{},{1},{9},False,2,12
TD_SJR081_143,,,,2,,{},{1},{9},False,2,12
TD_SJR091_132,,,,2,,{},{1},{9},False,2,12
TD_SJR091_133,,,,2,,{},{1},{9},False,2,12
TD_SJR106_127,,,,2,,{},{1},{9},False,2,12
TD_SJR106_130,,,,2,,{},{1},{9},False,2,12
TD_SJR117_124,,,,2,,{},{1},{9},False,2,12
TD_SJR117_125,,,,2,,{},{1},{9},False,2,12
TD_SJR134_103,,,,2,,{},{1},{9},False,2,12
TD_SJR180_067,,,,2,,{},{1},{9},False,2,12
TD_SJR227_059,,,,2,,{},{1},{9},False,2,12
TD_SLD027_102,,,,2,,{},{1},{9},False,,12
TD_STS017_152,,,,2,,{},{1},{9},False,2,12
TD_TUO017_140,,,,2,,{},{1},{9},False,2,12
TD_TUO017_141,,,,2,,{},{1},{9},False,2,12
TD_WBA90_053,,,,2,,{},{1},{9},False,,12
TFR000,,,,2,18,{24},{1},{9},False,,12
TGC002,,,,2,18,{24},{1},{9},False,,12
TGC003,,,,2,18,{24},{1},{9},False,,12
TGR000,,,,2,18,{24},{1},{9},False,,12
TGR001,,,,2,18,{24},{1},{9},False,,12
TGR002,,,,2,18,{24},{1},{9},False,,12
TGR006,,,,2,18,{24},{1},{9},False,,12
TGR021,,,,2,18,{24},{1},{9},False,,12
THM005,,,,2,18,{24},{1},{9},False,,12
THM012,,,,2,18,{24},{1},{9},False,,12
THM017,,,,2,18,{24},{1},{9},False,,12
THM021,,,,2,18,{24},{1},{9},False,,12
THM026,,,,2,18,{24},{1},{9},False,,12
THM028,,,,2,18,{24},{1},{9},False,,12
THRMA,,,,2,,{},{1},{9},False,,12
THRMF,,,,2,,{},{1},{9},False,,12
TKWWTP,,,,2,20,{25},{1},{9},False,,12
TRN111,,,,2,18,{24},{1},{9},False,,12
TRNSF,,,,2,,{},{1},{9},False,,12
TRNTY,,,,2,17,{21},{1},{9},False,,12
TSC001,,,,2,18,{24},{1},{9},False,,12
TTC000,,,,2,18,{24},{1},{9},False,,12
TTC002,,,,2,18,{24},{1},{9},False,,12
TUDDS,,,,2,,{},{1},{9},False,,12
TUO003,,,,2,18,{24},{1},{9},False,2,12
TUO004,,,,2,18,{24},{1},{9},False,2,12
TUO010,,,,2,18,{24},{1},{9},False,2,12
TUO015,,,,2,18,{24},{1},{9},False,2,12
TUO017,,,,2,18,{24},{1},{9},False,2,12
TUO022,,,,2,18,{24},{1},{9},False,2,12
TUO030,,,,2,18,{24},{1},{9},False,2,12
TUO033,,,,2,18,{24},{1},{9},False,2,12
TUO036,,,,2,18,{24},{1},{9},False,2,12
TUO043,,,,2,18,{24},{1},{9},False,2,12
TUO047,,,,2,18,{24},{1},{9},False,2,12
TUO053,,,,2,18,{24},{1},{9},False,2,12
TUO054,,,,2,18,{24},{1},{9},False,2,12
TUO073,,,,2,18,{24},{1},{9},False,2,12
TUO081,,,,2,18,{24},{1},{9},False,2,12
TUO091,,,,2,18,{24},{1},{9},False,2,12
TUO096,,,,2,18,{24},{1},{9},False,2,12
TUO097,,,,2,18,{24},{1},{9},False,2,12
TUO102,,,,2,18,{24},{1},{9},False,2,12
TUO103,,,,2,18,{24},{1},{9},False,2,12
TUO104,,,,2,18,{24},{1},{9},False,2,12
TUO105,,,,2,18,{24},{1},{9},False,2,12
TUO106,,,,2,18,{24},{1},{9},False,2,12
TUO116,,,,2,18,{24},{1},{9},False,2,12
TUR001,,,,2,18,{24},{1},{9},False,,12
TVC000,,,,2,18,{24},{1},{9},False,,12
TWL005,,,,2,18,{24},{1},{9},False,,12
Teerink,,Pumping Plant,,2,,{},{1},{9},False,,12
Tehama-Colusa Canal,,,,2,,{},{1},{9},False,,12
"Texas, Clear, Fall, Trap, and Rucker Creek Diversion Dams",,,,2,,{},{1},{9},False,,12
"Texas, Fall, and Rucker Creeks",,,,2,,{},{1},{9},False,,12
The City of Vacaville has access to,,13 mgd capacity at the North Bay Regional water treatment plant which is combined with 10 mgd capacity of the City's Diatomaceous Earth Filter water treatment plant,,2,,{},{1},{9},False,,12
Thermalito Power Canal,,and Thermalito Forebay,,2,,{},{1},{9},False,,12
Thomes Creek,,,,2,,{},{1},{9},False,,12
Tiger Afterbay Dam,,,,2,,{},{1},{9},False,,12
Tiger Creek Powerhouse,,,,2,,{},{1},{9},False,,12
Tiger Creek Powerhouse Conduit,,,,2,,{},{1},{9},False,,12
Tiger Creek Regulator,,,,2,,{},{1},{9},False,,12
Tisdale Bypass,,,,2,,{},{1},{9},False,,12
Tisdale Pumping Plant,,,,2,,{},{1},{9},False,,12
Toadtown Canal,,,,2,,{},{1},{9},False,,12
Toadtown Powerhouse,,,,2,,{},{1},{9},False,,12
Tombstone Creek,,,,2,,{},{1},{9},False,,12
Towle Canal Diversion Dam,,,,2,,{},{1},{9},False,,12
Towle Canal/Alta PH Forebay,,,,2,,{},{1},{9},False,,12
Travis Air Force Base,,,,2,,{},{1},{9},False,,12
Trinity River,,,,2,,{},{1},{9},False,,12
Trinity River Outflow,,,,2,,{},{1},{9},False,,12
Trlck,,,,2,,{},{1},{9},False,,12
Tudor MWC,,,,2,,{},{1},{9},False,,12
Tulare Lake Bed WSD,,,,2,,{},{1},{9},False,4,12
Tulare R-8C-8D,,,,2,,{},{1},{9},False,4,12
Tuloc,,,,2,,{},{1},{9},False,4,12
Tunnel Canal,,,,2,,{},{1},{9},False,,12
Tuolumne Canal,,,,2,,{},{1},{9},False,2,12
Tuolumne Utilities District Ditch System,,,,2,,{},{1},{9},False,2,12
UBEAR,,,,2,,{},{1},{9},False,,12
UFC000,,,,2,18,{24},{1},{9},False,,12
UNVLY,,,,2,,{},{1},{9},False,,12
USGS  11253500,,James Bypass near San Joaquin,,2,,{},{1},{9},False,,12
USGS  11260815(CDEC SJS),,San Joaquin River near Stevinson (Lander Avenue),,2,,{},{1},{9},False,,12
USGS 111395030,,South Fork Feather River below Little Grass Valley Dam,,2,,{},{1},{9},False,,12
USGS 111425416,,Newcastle PP near Newcastle,,2,,{},{1},{9},False,,12
USGS 11226500,,San Joaquin River at Miller crossing,,2,,{},{1},{9},False,,12
USGS 11229500,,Ward Tunnel at Intake at Florence Lake,,2,,{},{1},{9},False,,12
USGS 11230000,,South Fork San Joaquin River near Florence Lake,,2,,{},{1},{9},False,,12
USGS 11230070,,South Fork San Joaquin River above Hooper Creek near Florence Lake,,2,,{},{1},{9},False,,12
USGS 11230200,,Hooper Creek below Diversion Dam near Florence Lake,,2,,{},{1},{9},False,,12
USGS 11230215,,South Fork San Joaquin River below Hooper Creek near Florence Lake,,2,,{},{1},{9},False,,12
USGS 11230500,,Bear Creek near Lake Thomas Edison,,2,,{},{1},{9},False,,12
USGS 11230520,,Bear Creek Conduit near Lake Thomas Edison,,2,,{},{1},{9},False,,12
USGS 11230530,,Bear Creek below Diversion Dam near Lake Thomas Edison,,2,,{},{1},{9},False,,12
USGS 11230560,,Chinquapin Creek below Diversion Dam near Big Creek,,2,,{},{1},{9},False,,12
USGS 11230600,,Camp 62 Creek below Diversion Dam near Big Creek,,2,,{},{1},{9},False,,12
USGS 11230650,,Bolsillo Creek above Diversion Dam near Big Creek,,2,,{},{1},{9},False,,12
USGS 11230670,,Bolsillo Creek below Diversion Dam near Big Creek,,2,,{},{1},{9},False,,12
USGS 11231500,,Mono Creek below Lake Thomas Edison,,2,,{},{1},{9},False,,12
USGS 11231550,,Mono Creek Conduit near Mono Hot Springs,,2,,{},{1},{9},False,,12
USGS 11231551,,Mono Bear Conduit near Mono Hot Springs,,2,,{},{1},{9},False,,12
USGS 11231600,,Mono Creek below Diversion Dam near Mono Hot Springs,,2,,{},{1},{9},False,,12
USGS 11231700,,Warm Creek below Diversion Dam near Lake Thomas Edison,,2,,{},{1},{9},False,,12
USGS 11234750,,Mammoth Pool Fishwater Turbine near Big Creek,,2,,{},{1},{9},False,,12
USGS 11234760,,San Joaquin River above Shakeflat Creek near Big Creek,,2,,{},{1},{9},False,,12
USGS 11235000,,San Joaquin River above Big Creek,,2,,{},{1},{9},False,,12
USGS 11235100,,Mammoth Pool Powerhouse near Big Creek CA,,2,,{},{1},{9},False,,12
USGS 1123550,,Portal Powerplant at Huntington Lake,,2,,{},{1},{9},False,,12
USGS 11236080,,Huntington-Shaver Conduit at Huntington Lake,,2,,{},{1},{9},False,,12
USGS 11237000,,Big Creek below Huntington Lake,,2,,{},{1},{9},False,,12
USGS 11237500,,Pitman Creek below Tamarack Creek,,2,,{},{1},{9},False,,12
USGS 11237600,,Pitman Creek Shaft below Tamarack Creek near Big Creek,,2,,{},{1},{9},False,,12
USGS 11237700,,Pitman Creek near Tamarack Mountain,,2,,{},{1},{9},False,,12
USGS 11238000,,Pitman Creek at Big Creek,,2,,{},{1},{9},False,,12
USGS 11238100,,Big Creek Powerhouse No. 1 at Big Creek,,2,,{},{1},{9},False,,12
USGS 11238250,,Eastwood Powerhouse  above Shaver Lake near Big Creek,,2,,{},{1},{9},False,,12
USGS 11238270,,Middle Fork Balsam Creek below Balsam Meadow Forebay near Big Creek,,2,,{},{1},{9},False,,12
USGS 11238380,,Big Creek Powerhouse No. 2 near Big Creek CA,,2,,{},{1},{9},False,,12
USGS 11238400,,Big Creek Powerhouse No. 2A near Big Creek,,2,,{},{1},{9},False,,12
USGS 11238500,,Big Creek near mouth near Big Creek,,2,,{},{1},{9},False,,12
USGS 11238550,,Big Creek Powerhouse No. 8 near Big Creek,,2,,{},{1},{9},False,,12
USGS 11238600,,San Joaquin River above Stevenson Creek near Big Creek,,2,,{},{1},{9},False,,12
USGS 112390000,,Huntington-Shaver Conduit Outlet near Shaver Lake,,2,,{},{1},{9},False,,12
USGS 11239300,,North Fork Stevenson Creek at Perimeter Road near Big Creek,,2,,{},{1},{9},False,,12
USGS 11241500,,Stevenson Creek at Shaver Lake,,2,,{},{1},{9},False,,12
USGS 11241800,,Big Creek Powerhouse No. 3 near Shaver Lake CA,,2,,{},{1},{9},False,,12
USGS 11242000,,San Joaquin River above Willow Creek near Auberry,,2,,{},{1},{9},False,,12
USGS 11242350,,Soquel Diversion near Sugar Pine CA,,2,,{},{1},{9},False,,12
USGS 11242400,,North Fork Willow Creek near Sugar Pine,,2,,{},{1},{9},False,,12
USGS 11243300,,Browns Creek Canal at Bass Lake,,2,,{},{1},{9},False,,12
USGS 11243405,,South Fork Willow Creek near Bass Lake,,2,,{},{1},{9},False,,12
USGS 11243500,,PG&E No. 3 Conduit near Bass Lake,,2,,{},{1},{9},False,,12
USGS 11244000,,North Fork Willow Creek near Bass Lake,,2,,{},{1},{9},False,,12
USGS 11244050,,North Fork Willow Creek below Manzanita Lake Dam near North Fork,,2,,{},{1},{9},False,,12
USGS 11245000,,South Fork Willow Creek near North Fork,,2,,{},{1},{9},False,,12
USGS 11245300,,Willow Creek near North Fork CA,,2,,{},{1},{9},False,,12
USGS 11246500,,Willow Creek at Mouth near Auberry,,2,,{},{1},{9},False,,12
USGS 11246530,,Big Creek Powerhouse No. 4 near Auberry,,2,,{},{1},{9},False,,12
USGS 11246610,,San Joaquin Powerhouse No. 1 near Auberry (Wishon PH),,2,,{},{1},{9},False,,12
USGS 11246700,,San Joaquin River near Auberry,,2,,{},{1},{9},False,,12
USGS 11246950,,Kerckhoff Powerhouse near Auberry,,2,,{},{1},{9},False,,12
USGS 11247000,,San Joaquin River below Kerckhoff powerhouse near Prather CA,,2,,{},{1},{9},False,,12
USGS 11247050,,Kerckhoff Powerhouse No. 2 at Millerton Lake near Auberry,,2,,{},{1},{9},False,,12
USGS 11251000,,San Joaquin River below Friant Dam,,2,,{},{1},{9},False,,12
"USGS 11254000, (CDEC MEN)",,San Joaquin River near Mendota,,2,,{},{1},{9},False,,12
USGS 11258000,,Fresno River below Hidden Dam near Daulton,,2,,{},{1},{9},False,,12
USGS 11259000,,Chowchilla River below Buchanan Dam,,2,,{},{1},{9},False,,12
USGS 11261100,,Salt Slough at Highway 165 near Stevinson,,2,,{},{1},{9},False,,12
USGS 11261500,,San Joaquin River at Fremont Ford Bridge near Stevinson,,2,,{},{1},{9},False,,12
USGS 11262890,,San Luis Drain Site A,,2,,{},{1},{9},False,,12
USGS 11262895,,San Luis Drain Site B,,2,,{},{1},{9},False,,12
USGS 11262900,,"Mud Slough near Gustine (Site ""D"")",,2,,{},{1},{9},False,,12
USGS 11270900,,Merced River below  Merced Falls Dam near Snelling,,2,,{},{1},{9},False,,12
USGS 11271290,,Merced River at Shaffer Bridge,,2,,{},{1},{9},False,,12
USGS 11271320,,Dry Creek near Snelling,,2,,{},{1},{9},False,,12
USGS 11271500,,Merced River near Livingston (discontinued),,2,,{},{1},{9},False,,12
USGS 11272500 (CDEC MST),,Merced River near Stevinson,,2,,{},{1},{9},False,,12
USGS 11273000,,Merced River Slough near Newman (discontinued),,2,,{},{1},{9},False,,12
USGS 11274000,,San Joaquin River near Newman,,2,,{},{1},{9},False,,12
USGS 11274500,,Crestimba Creek near Newman,,2,,{},{1},{9},False,,12
USGS 11276500,,Tuolumne River near Hetch Hetchy,,2,,{},{1},{9},False,,12
USGS 11276600,,Tuolumne River Above Early Intake,,2,,{},{1},{9},False,,12
USGS 11276900,,Tuolumne River Below Early Intake,,2,,{},{1},{9},False,,12
USGS 11277100 Lake Eleanor Diversion Tunnel,,,,2,,{},{1},{9},False,,12
USGS 11277300 Cherry Creek below Valley Dam,,,,2,,{},{1},{9},False,,12
USGS 11278000,,Eleanor Creek near Hetch Hetchy,,2,,{},{1},{9},False,,12
USGS 11278200,,Cherry Creek Canal near Early Intake,,2,,{},{1},{9},False,,12
USGS 11278300 Cherry Creek near Early Intake,,,,2,,{},{1},{9},False,,12
USGS 11278400,,Cherry Creek Below Holm PH,,2,,{},{1},{9},False,,12
USGS 11281000,,SF Tuolumne River nr Oakland Recreation Camp,,2,,{},{1},{9},False,,12
USGS 11282000,,MF Tuolumne River at Oakland Recreation Camp,,2,,{},{1},{9},False,,12
USGS 11283000,,Tuolumne River nrBucks Meadow,,2,,{},{1},{9},False,,12
USGS 11283500,,Clavey River nr Bucks Meadow,,2,,{},{1},{9},False,,12
USGS 11285000 NF Tuolumne River Above Dyer Creek,,,,2,,{},{1},{9},False,2,12
USGS 11289000,,Modesto Canal near LaGrange,,2,,{},{1},{9},False,,12
USGS 11289500,,Turlock Canal near LaGrange,,2,,{},{1},{9},False,,12
USGS 11289650,,Tuolumne River below LaGrange Dam,,2,,{},{1},{9},False,,12
USGS 11290000,,Tuolumne River at Modesto,,2,,{},{1},{9},False,,12
USGS 11290500,,San Joaquin River at Maze Road Bridge near Modesto,,2,,{},{1},{9},False,,12
USGS 11292000,,MF Stanislaus River at Kennedy Meadows,,2,,{},{1},{9},False,,12
USGS 11292500,,Clark Fork Stanislaus near Dardanelle,,2,,{},{1},{9},False,,12
USGS 11292610,,Donnell Powerhouse near Strawberry,,2,,{},{1},{9},False,,12
USGS 11292700,,MF Stanislaus River Above Hells Half Acre Bridge,,2,,{},{1},{9},False,,12
USGS 11292860,,JW Southern Powerplant,,2,,{},{1},{9},False,,12
USGS 11292900,,MF Stanislaus River below Beardsley Dam,,2,,{},{1},{9},False,,12
USGS 11293000,,MF Stanislaus River above San Bar Diversion Dam,,2,,{},{1},{9},False,,12
USGS 11293200,,MF Stanislaus River BelowSand Bar Diversion Dam,,2,,{},{1},{9},False,,12
USGS 11293580,,NF Stanislaus Diversion Tunnel,,2,,{},{1},{9},False,,12
USGS 11293600,,NF Stanislaus River Below Diversion Dam near Big Meadows,,2,,{},{1},{9},False,,12
USGS 11294500,,NF Stanislaus River near Avery,,2,,{},{1},{9},False,,12
USGS 11295000,,Utica Canal near Avery,,2,,{},{1},{9},False,,12
USGS 11295210,,Beaver Creek Diversion,,2,,{},{1},{9},False,,12
USGS 11295230,,Beaver Creek Below Diversion Dam near Arnold,,2,,{},{1},{9},False,,12
USGS 11295240,,Utica Canal at Pressure Tap,,2,,{},{1},{9},False,,12
USGS 11295250,,Collierville PP,,2,,{},{1},{9},False,,12
USGS 11295270,,NF Stanislaus River near MacKays Point Dam,,2,,{},{1},{9},False,,12
USGS 11295300,,NF Stanislaus River Below Beaver Creek near Hathaway Pines,,2,,{},{1},{9},False,,12
USGS 112953400,,Mill Creek Below Hunters Reservoir,,2,,{},{1},{9},False,,12
USGS 11295505,,Stanislaus Powerplant near Hatherway,,2,,{},{1},{9},False,,12
USGS 11296500,,SF Stanislaus River Above Strawberry,,2,,{},{1},{9},False,,12
USGS 11297000,,Philadephia Canal near Strawberry,,2,,{},{1},{9},False,,12
USGS 11297200,,SF Stanislaus River near Strawberry,,2,,{},{1},{9},False,,12
USGS 11297500,,Tuolumne Canal near Long Barn,,2,,{},{1},{9},False,,12
USGS 11298000,,SF Stanislaus River Near Long Barn,,2,,{},{1},{9},False,,12
USGS 112987000 Angels Creek Below Utica Diversion Dam,,,,2,,{},{1},{9},False,,12
USGS 11300000,,Stanislaus River near Knights Ferry,,2,,{},{1},{9},False,,12
USGS 11300500,,South San Joaquin Canal near Knights Ferry,,2,,{},{1},{9},False,,12
USGS 11301000,,Oakland Canal near Knights Ferry,,2,,{},{1},{9},False,,12
USGS 11302000,,Stanislaus River below Goodwin,,2,,{},{1},{9},False,,12
USGS 11303000,,Stanislaus River at Ripon,,2,,{},{1},{9},False,,12
USGS 11303500,,San Joaquin River near Vernalis,,2,,{},{1},{9},False,,12
USGS 11308900,,Calaveras River below New Hogan Dam,,2,,{},{1},{9},False,,12
USGS 11309500,,Calaveras River at Jenny Lind,,2,,{},{1},{9},False,,12
USGS 11310900,,Calaveras River near Stockton,,2,,{},{1},{9},False,,12
USGS 11311000,,Stockton Diverting Canal Discontinued,,2,,{},{1},{9},False,,12
USGS 11313405 Old River at Bacon Island,,USGS 11312676 Middle River at Middle River,,2,,{},{1},{9},False,3,12
USGS 11313510,,Salt Springs Powerhouse near West Point,,2,,{},{1},{9},False,,12
USGS 11314000,,Tiger Creek Powerhouse Conduit bw Salt Springs Dam,,2,,{},{1},{9},False,,12
USGS 11314500,,Mokelumne River bw Salt Springs Dam,,2,,{},{1},{9},False,,12
USGS 11315000,,Cole Creek nr Salt Springs Dam,,2,,{},{1},{9},False,,12
USGS 11315030,,Cole Creek below Diversion Dam nr Salt Springs Dam,,2,,{},{1},{9},False,,12
USGS 11315900,,Bear River below Lower Bear River Dam,,2,,{},{1},{9},False,,12
USGS 11316000,,Bear River nr Salt Springs Dam,,2,,{},{1},{9},False,,12
USGS 11316100,,Bear River below Diversion Dam,,2,,{},{1},{9},False,,12
USGS 11316600,,NF Mokelumne River above Tiger Creek Reservoir,,2,,{},{1},{9},False,,12
USGS 11316605,,Tiger Creek below Regulator Reservoir nr Pioneer,,2,,{},{1},{9},False,,12
USGS 11316610,,Tiger Creek Powerhouse nr West Point,,2,,{},{1},{9},False,,12
USGS 11316670,,NF Mokelumne River below Tiger Creek Reservoir,,2,,{},{1},{9},False,,12
USGS 11316700,,NF Mokelumne River bw Electra Diversion,,2,,{},{1},{9},False,,12
USGS 11317000,,MF Mokelumne River nr West Point,,2,,{},{1},{9},False,,12
USGS 11318500,,SF Mokelumne River nr West Point,,2,,{},{1},{9},False,,12
USGS 11323500,,Mokelumne River below Camanche Dam,,2,,{},{1},{9},False,,12
USGS 11325500,,Mokelumne River at Woodbridge,,2,,{},{1},{9},False,,12
USGS 11328000,,Dry Creek near Ione,,2,,{},{1},{9},False,,12
USGS 11336000,,Cosumnes River at McConnell Discontinued,,2,,{},{1},{9},False,,12
USGS 11337500,,Marsh Creek near Byron Discontinued,,2,,{},{1},{9},False,,12
USGS 11370500,,Sacramento River at Keswick,,2,,{},{1},{9},False,,12
USGS 11371600,,Spring Creek Powerhouse at Keswick,,2,,{},{1},{9},False,,12
USGS 11372000,,Clear Creek near Igo,,2,,{},{1},{9},False,,12
USGS 11374000,,Cow Creek near Millville,,2,,{},{1},{9},False,,12
USGS 11374100,,Bear Creek near Millville Discontinued,,2,,{},{1},{9},False,,12
USGS 11375810,,"Cottonwood Creek near Olinda, Discontinued",,2,,{},{1},{9},False,,12
USGS 11375870,,"South Fork  Cottonwood Creek near Olinda, Discontinued",,2,,{},{1},{9},False,,12
USGS 11376000,,Cottonwood Creek near Cottonwood,,2,,{},{1},{9},False,,12
USGS 11376550,,Battle Creek near Cottonwood,,2,,{},{1},{9},False,,12
USGS 11377100,,Sacramento River above Bend Bridge,,2,,{},{1},{9},False,,12
USGS 11377500 Paynes,,Creek near Red Bluff Discontinued,,2,,{},{1},{9},False,,12
USGS 11378000 Sacramento,,"River near Red Bluff, Discontinued",,2,,{},{1},{9},False,1,12
USGS 11379000,,Antelope  Creek near Red Bluff Discontinued,,2,,{},{1},{9},False,,12
USGS 11379500,,Elder  Creek near Pakenta,,2,,{},{1},{9},False,,12
USGS 11381500,,Mill Creek near Los Molinos,,2,,{},{1},{9},False,,12
USGS 11382000,,Thomes Creek at Pakenta Discontinued,,2,,{},{1},{9},False,,12
USGS 11383500,,Deer Creek near Vina,,2,,{},{1},{9},False,,12
USGS 11384000,,Big Chico Creek near Chico Discontinued DWR A04250 (CDEC BIC) Big Chico Creek at Chico,,2,,{},{1},{9},False,,12
USGS 11388000,,Stony Creek at Black Butte Dam near Orlando Discontinued,,2,,{},{1},{9},False,,12
USGS 11389000,,Sacramento River at Butte City,,2,,{},{1},{9},False,,12
"USGS 11389350, DWR A02986,",,Moulton Weir Spill to Butte Basin near Colusa,,2,,{},{1},{9},False,,12
"USGS 11389500,",,"DWR A0242000 (Col), Sacramento River at Colusa",,2,,{},{1},{9},False,,12
USGS 11389800,,Toadtown Canal above Butte Canal near Sterling,,2,,{},{1},{9},False,,12
USGS 11390000,,Butte Creek near Chico,,2,,{},{1},{9},False,,12
"USGS 11390010, DWR A04265",,Butte Creek near Durham,,2,,{},{1},{9},False,,12
USGS 11390500,,"Sacramento River below Wilkins Slough, DWR A02280 (WLK)",,2,,{},{1},{9},False,,12
USGS 11391000,,"Discontinued, DWR A02200 (KNL) Sacramento River at Knights Landing",,2,,{},{1},{9},False,,12
USGS 11391021,,"Discontinued, DWR A02930 (YBY) Fremont Weir Spill to Yolo Bypass",,2,,{},{1},{9},False,,12
USGS 11391400,,"Little Last Chance Creek Below Frenchman Dam near Chilcoot, CA",,2,,{},{1},{9},False,,12
USGS 11392100,,"Middle Fork Feather River near Portola, CA",,2,,{},{1},{9},False,,12
USGS 11394500,,Middle Fork Feather River near Merrimac,,2,,{},{1},{9},False,,12
USGS 11395150,,South Fork Tunnel near Strawberry,,2,,{},{1},{9},False,,12
USGS 11395200,,South Fork Feather River below Diversion Dam near Strawberry Valley,,2,,{},{1},{9},False,,12
USGS 11396000,,Lost Creek near Clipper Mills,,2,,{},{1},{9},False,,12
USGS 11396090,,Woodleaf Powerhouse near Woodleaf,,2,,{},{1},{9},False,,12
USGS 11396200,,South Fork Feather River below Forbestown Dam,,2,,{},{1},{9},False,,12
USGS 11396290,,Forbestown Powerhouse near Forbestown,,2,,{},{1},{9},False,,12
USGS 11396329,,Kelly Ridge Powerhouse near Oroville,,2,,{},{1},{9},False,,12
USGS 11396350,,South Fork Feather River at Ponderosa Dam Discontinued,,2,,{},{1},{9},False,,12
USGS 11397000,,South Fork Feather River at Enterprise Discontinued,,2,,{},{1},{9},False,,12
USGS 11399500,,North Fork Feather River near Pratville,,2,,{},{1},{9},False,,12
USGS 11400600,,Butt Valley Powerhouse  near Pratville,,2,,{},{1},{9},False,,12
USGS 11401110,,Caribou  Powerhouse  1 and 2 at Caribou,,2,,{},{1},{9},False,,12
USGS 11401112,,North Fork Feather  River below  Belden Dam,,2,,{},{1},{9},False,,12
USGS 11403050,,Belden Powerhouse at Belden,,2,,{},{1},{9},False,,12
USGS 11403200,,North Fork Feather River below  Rock Creek Diversion Dam,,2,,{},{1},{9},False,,12
USGS 11403530,,Bucks Creek  below  Diversion  Dam near Bucks Lodge,,2,,{},{1},{9},False,,12
USGS 11403700,,Bucks Creek Powerhouse  at Storrie,,2,,{},{1},{9},False,,12
USGS 11403800,,Rock Creek Powerhouse  at Storrie,,2,,{},{1},{9},False,,12
USGS 11404240,,Grizzly Powerplant  near Storrie,,2,,{},{1},{9},False,,12
USGS 11404300,,Grizzly Creek  below  Diversion  Dam,,2,,{},{1},{9},False,,12
USGS 11404360,,Cresta Powerhouse  near Pulga,,2,,{},{1},{9},False,,12
USGS 11404400,,North Fork Feather River below  Poe Dam,,2,,{},{1},{9},False,,12
USGS 11404500,,North Fork Feather River at Pulga,,2,,{},{1},{9},False,,12
USGS 11404900,,Poe Powerhouse  below Poe Dam  near Jarbo Gap,,2,,{},{1},{9},False,,12
USGS 11406500,,"West Branch Feather River at Yankee Hill, Discontinued",,2,,{},{1},{9},False,,12
USGS 11406880 + 11406900,,Western Canal at Intake + PG&E Co Lateral at Intake,,2,,{},{1},{9},False,,12
USGS 11406890,,Richvale Canal at Intake,,2,,{},{1},{9},False,,12
USGS 11406910,,Sutter-Butte Canal at Intake,,2,,{},{1},{9},False,,12
USGS 11406920,,Thermalito Afterbay Release to Feather River,,2,,{},{1},{9},False,,12
USGS 11407000,,Feather River at Oroville,,2,,{},{1},{9},False,,12
USGS 11407900,,Middle Yuba River below Jackson Meadows Dam Replaced by NID YB-301,,2,,{},{1},{9},False,,12
USGS 11408000,,Milton-Bowman Tunnel Outlet near Granteville,,2,,{},{1},{9},False,,12
USGS 11408500,,Middle Yuba River at Milton Dam Discontinued,,2,,{},{1},{9},False,,12
USGS 11408550,,Middle Yuba River below Milton Dam,,2,,{},{1},{9},False,,12
USGS 11408870,,Lohman Ridge Tunnel at Intake near Camptonville,,2,,{},{1},{9},False,,12
USGS 11408880,,Middle Fork Yuba River below Our House Dam near Camptonville,,2,,{},{1},{9},False,,12
USGS 11409350 Camptonville,,"Tunnel at Intake, near Camptonville",,2,,{},{1},{9},False,,12
USGS 11409400,,Oregon Creek below Log Cabin Dam near Camptonville,,2,,{},{1},{9},False,,12
USGS 11413000 North Fork Yuba River,,below Goodyears Bar,,2,,{},{1},{9},False,,12
USGS 11413250,,"Slate Creek Tunnel, near Strawberry Valley",,2,,{},{1},{9},False,,12
USGS 11413300,,"Slate Creek below Diversion Dam, near Strawberry Valley",,2,,{},{1},{9},False,,12
USGS 11413510,,New Colgate Powerhouse near French Corral,,2,,{},{1},{9},False,,12
USGS 11414100,,Fordyce Creek below Fordyce Dam,,2,,{},{1},{9},False,,12
USGS 11414155,,Spaulding No. 2 Powerhouse,,2,,{},{1},{9},False,,12
USGS 11414170,,Drum  Canal at Tunnel Outlet near Emigrant Gap,,2,,{},{1},{9},False,,12
USGS 11414190,,"Drum Canal above Drum Forebay, near Blue Canyon Discontinued",,2,,{},{1},{9},False,,12
USGS 11414196,,Combined Flow Drum No 1 and 2 PP near Blue Canyon,,2,,{},{1},{9},False,,12
USGS 11414200,,South Yuba Canal near Emigrant Gap,,2,,{},{1},{9},False,,12
USGS 11414205,,Deer Creek Powerhouse near Washington,,2,,{},{1},{9},False,,12
USGS 11414250,,South Fork Yuba River at Langs Crossing near Emigrant Gap,,2,,{},{1},{9},False,,12
USGS 11416000,,Bowman-Spaulding Canal Intake near Graniteville,,2,,{},{1},{9},False,,12
USGS 11416100,,Bowman-Spaulding Canal at Jordan Creek Siphon,,2,,{},{1},{9},False,,12
USGS 11416200,,Spaulding No. 3 Powerhouse near Emigrant Gap,,2,,{},{1},{9},False,,12
USGS 11416500,,Canyon Creek (South) below Bowman Lake,,2,,{},{1},{9},False,,12
USGS 11417500,,South Fork Yuba River at Jones Bar near Grass Valley,,2,,{},{1},{9},False,,12
USGS 11418000,,Yuba  River below Englebright Dam near Smartville,,2,,{},{1},{9},False,,12
USGS 11418500,,Deer Creek near Smartville,,2,,{},{1},{9},False,,12
USGS 11419000,,Yuba River at Smartville Discontinued,,2,,{},{1},{9},False,,12
USGS 11420700,,Dry Creek near Browns Valley Discontinued,,2,,{},{1},{9},False,,12
USGS 11421500 Yuba,,River near Marysville,,2,,{},{1},{9},False,,12
"USGS 11421500,",,"Yuba River at Marysville, Discontinued",,2,,{},{1},{9},False,,12
USGS 11421710,,Bear River near Emigrant Gap,,2,,{},{1},{9},False,,12
USGS 11421725,,Alta PH near Dutch Flat,,2,,{},{1},{9},False,,12
USGS 11421750 + USGS 11421760,,Dutch Flat No 1 PH near Dutch Flat Dutch Flat No 2  Flume near Blue Canyon,,2,,{},{1},{9},False,,12
USGS 11421770,,Bear River below Drum Afterbay near Blue Canyon,,2,,{},{1},{9},False,,12
USGS 11421780,,Chicago Park Flume near Dutch Flat,,2,,{},{1},{9},False,,12
USGS 11421790,,Bear River below Dutch Flat Afterbay near Dutch Flat,,2,,{},{1},{9},False,,12
USGS 11422000 (YB-50),,Bear River Canal Intake near ColFax,,2,,{},{1},{9},False,,12
USGS 11422500,,Bear River below Rollins Dam near Colfax,,2,,{},{1},{9},False,,12
"USGS 11424000,",,DWR A06650 (BRW) Bear River near Wheatland,,2,,{},{1},{9},False,,12
USGS 11425000,,Feather River near Nicolaus Discontinued,,2,,{},{1},{9},False,,12
USGS 11425310 (YB-250),,Halsey Powerhouse near Auburn,,2,,{},{1},{9},False,,12
USGS 11425415,,Wise Powerhouse near Auburn,,2,,{},{1},{9},False,,12
"USGS 11425500,",,DWR A0215000 Sacramento River at Verona,,2,,{},{1},{9},False,,12
USGS 11427000,,North Fork American River at North Fork Dam,,2,,{},{1},{9},False,,12
USGS 11427500,,Middle Fork American River at French Meadows,,2,,{},{1},{9},False,,12
USGS 11427750,,Duncan Canyon Creek below diversion Dam near French Meadows,,2,,{},{1},{9},False,,12
USGS 11427760,,Middle Fork American above Middle Fork Powerhouse near Foresthill,,2,,{},{1},{9},False,,12
USGS 11427765,,Ralston Powerplant,,2,,{},{1},{9},False,,12
USGS 11427770,,Middle Fork American below Interbay Dam near Foresthill,,2,,{},{1},{9},False,,12
USGS 11427940,,Rubicon-Rockbound Tunnel near Meeks Bay,,2,,{},{1},{9},False,,12
USGS 11427960,,Rubicon River below Rubicon Lake,,2,,{},{1},{9},False,,12
USGS 11428300,,Buck-Loon Tunnel near Meeks Bay,,2,,{},{1},{9},False,,12
USGS 11428400,,Little Rubicon River below Buck Island Dam,,2,,{},{1},{9},False,,12
USGS 11428600,,Middle Fork Powerhouse near Foresthill,,2,,{},{1},{9},False,,12
USGS 11428800,,Rubicon River below Hell Hole Dam,,2,,{},{1},{9},False,,12
USGS 11429300,,Robbs Peak Powerhouse near Kyburz,,2,,{},{1},{9},False,,12
USGS 11429340,,Loon Lake Powerhouse near Meeks Bay,,2,,{},{1},{9},False,,12
USGS 11429500,,Gerle Creek below Loon Lake near Meeks Bay,,2,,{},{1},{9},False,,12
USGS 114296005,,Gerle Creek below Gerle Reservoir near Meeks Bay,,2,,{},{1},{9},False,,12
USGS 11430000,,South Fork Rubicon River below Gerle Creek near Georgetown,,2,,{},{1},{9},False,,12
USGS 11432500,,Pilot Creek near Georgetown,,2,,{},{1},{9},False,,12
USGS 11433040,,Pilot Creek below Mutton Canyon,,2,,{},{1},{9},False,,12
USGS 11433060,,SF Long Canyon Creek Diversion Tunnel,,2,,{},{1},{9},False,,12
USGS 11433065,,SF Long Canyon Creek below Diversion Tunnel,,2,,{},{1},{9},False,,12
USGS 11433080,,NF Long Canyon Creek Diversion Tunnel,,2,,{},{1},{9},False,,12
USGS 11433085,,NF Long Canyon Creek below Diversion Tunnel,,2,,{},{1},{9},False,,12
USGS 11433100,,Long Canyon Creek near French Meadows,,2,,{},{1},{9},False,,12
USGS 11433200,,Rubicon River near Foresthill,,2,,{},{1},{9},False,,12
USGS 11433212,,Oxbow PH near Foresthill,,2,,{},{1},{9},False,,12
USGS 11433260,,North Fork Middle Fork American River near Foresthill,,2,,{},{1},{9},False,,12
USGS 11433300,,Middle Fork American River near Forest Hill,,2,,{},{1},{9},False,,12
USGS 11433500,,Middle Fork American River near Auburn Discontinued,,2,,{},{1},{9},False,,12
USGS 11433930,,Mormon Ravine near Newcastle (low flow only),,2,,{},{1},{9},False,,12
USGS 11434500,,Echo Lake Conduit nr Phillips,,2,,{},{1},{9},False,,12
USGS 11435100,,Pyramid CReek at Twin Bridges,,2,,{},{1},{9},False,,12
USGS 11436000,,Silver Lake Outlet nr Kirkwood,,2,,{},{1},{9},False,,12
USGS 11437000,,Caples Lake Outlet nr Kirkwood,,2,,{},{1},{9},False,,12
USGS 11439000,,El Dorado Canal near Kyburz,,2,,{},{1},{9},False,,12
USGS 11439300,,El Dorado Powerhouse near Pollock Pines,,2,,{},{1},{9},False,,12
USGS 11439500,,South Fork American River near Kyburz,,2,,{},{1},{9},False,,12
USGS 11440000,,Alder Creek near Whitehall,,2,,{},{1},{9},False,,12
USGS 11440500,,Plum Creek near Riverton,,2,,{},{1},{9},False,,12
USGS 11440900,,Jones Fork Powerplant near Kyburz,,2,,{},{1},{9},False,,12
USGS 11441002,,Union Valley Powerplant near Kyburz,,2,,{},{1},{9},False,,12
USGS 114412000,,Silver Creek near Placerville,,2,,{},{1},{9},False,,12
USGS 11441500,,Silver Creek near Ice House,,2,,{},{1},{9},False,,12
USGS 11441780,,Jaybird Powerhouse near Pollock Pines,,2,,{},{1},{9},False,,12
USGS 11441800,,Silver Creek below Junction Dam near Pollock Pines,,2,,{},{1},{9},False,,12
USGS 11441895,,Camino Powerhouse near Pollock Pines,,2,,{},{1},{9},False,,12
USGS 11441900,,Silver Creek below Camino Diversion Dam,,2,,{},{1},{9},False,,12
USGS 11442700,,Brush Creek below Brush Creek Dam,,2,,{},{1},{9},False,,12
USGS 11443460,,White Rock Powerplant,,2,,{},{1},{9},False,,12
USGS 11443500,,South Fork American River near Camino,,2,,{},{1},{9},False,,12
USGS 11444201+11444280,,Rock Creek near Placerville + Rock Creek Powerhouse,,2,,{},{1},{9},False,,12
USGS 11444500,,South Fork American River near Placerville,,2,,{},{1},{9},False,,12
USGS 114455000,,Silver Fork American River near Lotus,,2,,{},{1},{9},False,,12
USGS 11446000,,Weber Creek near Salmon Falls,,2,,{},{1},{9},False,,12
USGS 11446500,,American River at Fair Oaks,,2,,{},{1},{9},False,,12
USGS 11447000 American,,"River at H-Street, Discontinued, DWR A07140",,2,,{},{1},{9},False,2,12
USGS 11447500 Sacramento,,"River at Sacramento, Discontinued, DWR IST, Sacramento at I_Street Bridge",,2,,{},{1},{9},False,1,12
USGS 11447650,,Sacramento River near Freeport,,2,,{},{1},{9},False,,12
USGS 11447810,,Sacramento River at Hood / Greene's Landing,,2,,{},{1},{9},False,,12
USGS 11451000,,Cache Creek near Lower Lake,,2,,{},{1},{9},False,,12
USGS 11451300,,North Fork Cache Creek near Clear Lake Oaks,,2,,{},{1},{9},False,,12
USGS 11451500,,North Fork Cache Creek near Lower Lake Discontinued,,2,,{},{1},{9},False,,12
USGS 11451715,,Bear Creek above Holsten Chimney Canyon near Rumsey,,2,,{},{1},{9},False,,12
USGS 11451720,,Bear Creek near Rumsey Discontinued,,2,,{},{1},{9},False,,12
USGS 11451760,,Cache Creek above Rumsey Discontinued DWR (CDEC RUM) Cache Creek at Rumsey,,2,,{},{1},{9},False,,12
USGS 11452000,,Cache Creek near Capay Discontinued,,2,,{},{1},{9},False,,12
USGS 11452500,,Cache Creek at Yolo,,2,,{},{1},{9},False,,12
USGS 11453000,,Yolo Bypass near Woodland,,2,,{},{1},{9},False,,12
USGS 11454000,,Putah Creek near Winters,,2,,{},{1},{9},False,,12
USGS 11454500,,Putah Creek at Winters Discontinued,,2,,{},{1},{9},False,,12
USGS 11455000,,"Putah Creek near Davis, Discontinued",,2,,{},{1},{9},False,,12
USGS 11462190,,Lake Valley Canal near Emigrant Camp,,2,,{},{1},{9},False,,12
USGS 11525430,,Judge Francis Carr Powerhouse near French Gulch,,2,,{},{1},{9},False,,12
USGS 11525500,,Trinity River at Lewiston,,2,,{},{1},{9},False,,12
USGS 1178500,,Jawbone Creek nr Tuolumne,,2,,{},{1},{9},False,,12
USGS 1274538,,Orestimba Crek at River Road near Crows Landing,,2,,{},{1},{9},False,,12
USGS 1274550,,San Joaquin River near Crows Landing,,2,,{},{1},{9},False,,12
UTC000,,,,2,18,{24},{1},{9},False,,12
UTC001,,,,2,18,{24},{1},{9},False,,12
UTC014,,,,2,18,{24},{1},{9},False,,12
UTICA,,,,2,,{},{1},{9},False,,12
Upper Boarman Canal,,Sealed shut 02/86,,2,,{},{1},{9},False,,12
Upper San Joaquin River,,,,2,,{},{1},{9},False,3,12
VCT002,,,,2,18,{24},{1},{9},False,,12
VJB000,,,,2,18,{24},{1},{9},False,,12
VLW008,,,,2,18,{24},{1},{9},False,,12
Ventura County WPD,,,,2,,{},{1},{9},False,5,12
Victoria Canal,,Pumping Station,,2,,{},{1},{9},False,,12
Volta Wasteway,,,,2,,{},{1},{9},False,,12
WBF006,,,,2,18,{24},{1},{9},False,,12
WBF015,,,,2,18,{24},{1},{9},False,,12
WBF030,,,,2,18,{24},{1},{9},False,,12
WBF039,,,,2,18,{24},{1},{9},False,,12
WBR001,,,,2,18,{24},{1},{9},False,,12
WCN002,,,,2,18,{24},{1},{9},False,,12
WEC000,,,,2,18,{24},{1},{9},False,,12
WEC005,,,,2,18,{24},{1},{9},False,,12
WKYTN,,,,2,,{},{1},{9},False,,12
WLDWD,,,,2,,{},{1},{9},False,,12
WLF013,,,,2,18,{24},{1},{9},False,,12
WLF017,,,,2,18,{24},{1},{9},False,,12
WLF021,,,,2,18,{24},{1},{9},False,,12
WLW000,,,,2,18,{24},{1},{9},False,,12
WLW005,,,,2,18,{24},{1},{9},False,,12
WLWWTP,,,,2,20,{25},{1},{9},False,,12
WPT005,,,,2,18,{24},{1},{9},False,,12
WPT006,,,,2,18,{24},{1},{9},False,,12
WRD000,,,,2,18,{24},{1},{9},False,,12
WRD003,,,,2,18,{24},{1},{9},False,,12
WRD004,,,,2,18,{24},{1},{9},False,,12
WRD005,,,,2,18,{24},{1},{9},False,,12
WRD006,,,,2,18,{24},{1},{9},False,,12
WRM003,,,,2,18,{24},{1},{9},False,,12
WRM004,,,,2,18,{24},{1},{9},False,,12
WRT000,,,,2,18,{24},{1},{9},False,,12
WRT005,,,,2,18,{24},{1},{9},False,,12
WSB001,,,,2,18,{24},{1},{9},False,,12
WSB006,,,,2,18,{24},{1},{9},False,,12
WSB014,,,,2,18,{24},{1},{9},False,,12
WSB026,,,,2,18,{24},{1},{9},False,,12
WSB027,,,,2,18,{24},{1},{9},False,,12
WSB031,,,,2,18,{24},{1},{9},False,,12
WSB032,,,,2,18,{24},{1},{9},False,,12
WSE000,,,,2,18,{24},{1},{9},False,,12
WSE003,,,,2,18,{24},{1},{9},False,,12
WSE004,,,,2,18,{24},{1},{9},False,,12
WSE006,,,,2,18,{24},{1},{9},False,,12
WSE008,,,,2,18,{24},{1},{9},False,,12
WSPNT_NU,,,,2,,{},{1},{9},False,,12
WSWWTP,,,,2,20,{25},{1},{9},False,,12
WTP,,BUK,,2,,{},{1},{9},False,,12
WWC000,,,,2,18,{24},{1},{9},False,,12
WWC001,,,,2,18,{24},{1},{9},False,,12
WWC004,,,,2,18,{24},{1},{9},False,,12
WWC006,,,,2,18,{24},{1},{9},False,,12
WWW001,,,,2,18,{24},{1},{9},False,,12
Wadsworth Canal,,,,2,,{},{1},{9},False,,12
Wallace Weir,,,,2,,{},{1},{9},False,,12
Warm Creek,,,,2,,{},{1},{9},False,,12
Warne Power Plant,,,,2,,{},{1},{9},False,,12
Wdwrd,,,,2,,{},{1},{9},False,,12
Weber Creek,,,,2,,{},{1},{9},False,,12
West Branch,,Feather River,,2,,{},{1},{9},False,,12
West Point Powerhouse,,,,2,,{},{1},{9},False,,12
Westley Wasteway,,,,2,,{},{1},{9},False,,12
White Rock Tunnel,,,,2,,{},{1},{9},False,,12
Wilkins Slough Pumping Plant,,,,2,,{},{1},{9},False,5,12
Williams Wasteway,,,,2,,{},{1},{9},False,,12
Willow Slough Bypass,,,,2,,{},{1},{9},False,5,12
Winters and West Adams Canals,,,,2,,{},{1},{9},False,,12
Wintu Pumping Plant,,,,2,,{},{1},{9},False,,12
Wise Forebay,,,,2,,{},{1},{9},False,,12
Wolf Creek,,,,2,,{},{1},{9},False,,12
Wolfson Bypass,,,,2,,{},{1},{9},False,,12
Woodbridge Diversion Dam,,,,2,,{},{1},{9},False,,12
XCC010,,,,2,18,{24},{1},{9},False,,12
XCC025,,,,2,18,{24},{1},{9},False,,12
XCC033,,,,2,18,{24},{1},{9},False,,12
XCC043,,,,2,18,{24},{1},{9},False,,12
XCC053,,,,2,18,{24},{1},{9},False,,12
XCC054,,,,2,18,{24},{1},{9},False,,12
YB-136,,,,2,,{},{1},{9},False,,12
YB-184,,,,2,,{},{1},{9},False,,12
YB-192,,,,2,,{},{1},{9},False,,12
YB-255,,,,2,,{},{1},{9},False,,12
YB-259+YB-132,,,,2,,{},{1},{9},False,,12
YB-278+part of YB-76,,,,2,,{},{1},{9},False,,12
YB-56,,,,2,,{},{1},{9},False,,12
YB-57,,,,2,,{},{1},{9},False,,12
YB-58,,,,2,,{},{1},{9},False,,12
YB-66,,,,2,,{},{1},{9},False,,12
YB-69,,,,2,,{},{1},{9},False,,12
YB-73,,,,2,,{},{1},{9},False,,12
YB-78,,,,2,,{},{1},{9},False,,12
YB-86+YB-108+YB-64,,,,2,,{},{1},{9},False,,12
YB-87 + YB-87A,,,,2,,{},{1},{9},False,,12
"YB-90, South Canal from Bear River",,CDEC BEV,,2,,{},{1},{9},False,,12
YB-91,,,,2,,{},{1},{9},False,,12
YB-95,,,,2,,{},{1},{9},False,,12
YB-96 (does not include deliveries,,to Alta WTP from Alta Forebay),,2,,{},{1},{9},False,,12
YBP002,,,,2,18,{24},{1},{9},False,,12
YBP007,,,,2,18,{24},{1},{9},False,,12
YBP011,,,,2,18,{24},{1},{9},False,,12
YBP014,,,,2,18,{24},{1},{9},False,,12
YBP016,,,,2,18,{24},{1},{9},False,,12
YBP020,,,,2,18,{24},{1},{9},False,,12
YBP023,,,,2,18,{24},{1},{9},False,,12
YBP026,,,,2,18,{24},{1},{9},False,,12
YBP032,,,,2,18,{24},{1},{9},False,,12
YBP034,,,,2,18,{24},{1},{9},False,,12
YBP037,,,,2,18,{24},{1},{9},False,,12
YCWWTP,,,,2,20,{25},{1},{9},False,,12
YUB002,,,,2,18,{24},{1},{9},False,,12
YUB003,,,,2,18,{24},{1},{9},False,,12
YUB006,,,,2,18,{24},{1},{9},False,,12
YUB011,,,,2,18,{24},{1},{9},False,,12
YUB013,,,,2,18,{24},{1},{9},False,,12
YUB014,,,,2,18,{24},{1},{9},False,,12
YUB022,,,,2,18,{24},{1},{9},False,,12
YUB023,,,,2,18,{24},{1},{9},False,,12
YUB024,,,,2,18,{24},{1},{9},False,,12
YUB030,,,,2,18,{24},{1},{9},False,,12
YUB034,,,,2,18,{24},{1},{9},False,,12
YUB039,,,,2,18,{24},{1},{9},False,,12
Zone 7 Del Valle WTP,,,,2,,{},{1},{9},False,,12
Zone 7 Patterson Pass WTP,,,,2,,{},{1},{9},False,,12
part of YB-76,,,,2,,{},{1},{9},False,,12
