id,calsim_id,name,description,channel_entity_id,variable_type,unit_id,temporal_scale_id,variable_version_id,is_regulatory,regulatory_authority,is_aggregate,aggregated_variable_ids,variable_id,source_ids,created_by,updated_by,created_at,updated_at
22,C_ABN000,East Side Canal/Natomas Cross Canal,,1404,flow,2,3,1,False,,False,,86bdeca7-52ca-4657-bd59-4a6312d683a2,"{1,3,4}",2,2,2026-03-02 22:32:41.839157+00:00,2026-03-02 22:32:41.839157+00:00
23,C_ABN006,Auburn Ravine,,,flow,2,3,1,False,,False,,97d88090-f04a-4145-8fac-94316a481463,"{1,3,4}",2,2,2026-03-02 22:32:41.839157+00:00,2026-03-02 22:32:41.839157+00:00
24,C_ABN010,Auburn Ravine,,1405,flow,2,3,1,False,,False,,2a8eef7f-634d-485e-b7c5-5106ed47e662,"{1,3,4}",2,2,2026-03-02 22:32:41.839157+00:00,2026-03-02 22:32:41.839157+00:00
25,C_ABN014,Auburn Ravine,,,flow,2,3,1,False,,False,,7c76511e-1799-4476-a549-2df5c220023e,"{1,3,4}",2,2,2026-03-02 22:32:41.839157+00:00,2026-03-02 22:32:41.839157+00:00
26,C_ABN024,Auburn Ravine,,1406,flow,2,3,1,False,,False,,6e11fda8-fd3e-4973-b376-4980152be48c,"{1,3,4}",2,2,2026-03-02 22:32:41.839157+00:00,2026-03-02 22:32:41.839157+00:00
27,C_ABN026,Auburn Ravine,,,flow,2,3,1,False,,False,,a7728e56-2693-4285-839e-ecbe942713b7,"{1,3,4}",2,2,2026-03-02 22:32:41.839157+00:00,2026-03-02 22:32:41.839157+00:00
28,C_ABN027,Auburn Ravine,,1407,flow,2,3,1,False,,False,,e6481966-8afe-477e-826a-46ca535fd480,"{1,3,4}",2,2,2026-03-02 22:32:41.839157+00:00,2026-03-02 22:32:41.839157+00:00
29,C_ABT002,Auburn Tunnel,,,flow,2,3,1,False,,False,,6de35b65-0ab8-4fe0-b396-da9d4c7335c6,"{1,3,4}",2,2,2026-03-02 22:32:41.839157+00:00,2026-03-02 22:32:41.839157+00:00
30,C_ACP001,Alder Creek Pipeline,,,flow,2,3,1,False,,False,,c2d2a018-65f8-4912-9703-8178e0cd75fb,"{1,3,4}",2,2,2026-03-02 22:32:41.839157+00:00,2026-03-02 22:32:41.839157+00:00
31,C_ALD001,Alder Creek,,1408,flow,2,3,1,False,,False,,9a229c6a-dcd2-4aaf-9f9a-a08753eac150,"{1,3,4}",2,2,2026-03-02 22:32:41.839157+00:00,2026-03-02 22:32:41.839157+00:00
32,C_ALD002,Alder Creek,,,flow,2,3,1,False,,False,,db6ba62c-6aaf-456e-89be-ab0ae42b590e,"{1,3,4}",2,2,2026-03-02 22:32:41.839157+00:00,2026-03-02 22:32:41.839157+00:00
33,C_ALD004,Alder Creek,,1409,flow,2,3,1,False,,False,,bdf13674-c570-4bc7-8217-fc72d0853339,"{1,3,4}",2,2,2026-03-02 22:32:41.839157+00:00,2026-03-02 22:32:41.839157+00:00
34,C_ALDER,,,,flow,2,3,1,False,,False,,edeb10fb-d6df-49fe-a5b1-dc34464d0438,"{1,3,4}",2,2,2026-03-02 22:32:41.839157+00:00,2026-03-02 22:32:41.839157+00:00
35,C_ALMNR,North Fork Feather River,,,flow,2,3,1,False,,False,,e9f48055-67c2-4df5-a725-06eb8ca31420,"{1,3,4}",2,2,2026-03-02 22:32:41.839157+00:00,2026-03-02 22:32:41.839157+00:00
36,C_ALOHA,Pyramid Creek,,1410,flow,2,3,1,False,,False,,810c65df-c480-49b7-8bf5-2f724865f6e4,"{1,3,4}",2,2,2026-03-02 22:32:41.839157+00:00,2026-03-02 22:32:41.839157+00:00
37,C_ALPNE,,,,flow,2,3,1,False,,False,,f5e29371-8c51-4948-9cd8-13f9726d4e83,"{1,3,4}",2,2,2026-03-02 22:32:41.839157+00:00,2026-03-02 22:32:41.839157+00:00
38,C_AMADR,Jackson Creek,,,flow,2,3,1,False,,False,,148c3e97-f4e0-494c-8ca7-e477d1ba904a,"{1,3,4}",2,2,2026-03-02 22:32:41.839157+00:00,2026-03-02 22:32:41.839157+00:00
39,C_AMR004,American River,,1411,flow,2,3,1,False,,False,,9cb57a59-a6a4-45a6-a1cd-1fe07086a56e,"{1,3,4}",2,2,2026-03-02 22:32:41.839157+00:00,2026-03-02 22:32:41.839157+00:00
40,C_AMR006,American River,,,flow,2,3,1,False,,False,,dcf520ba-9c6b-474a-aa8a-d17e57829829,"{1,3,4}",2,2,2026-03-02 22:32:41.839157+00:00,2026-03-02 22:32:41.839157+00:00
41,C_AMR007,American River,,1412,flow,2,3,1,False,,False,,fb8ba40f-1bbc-43c4-9215-fb5cf17aa2cf,"{1,3,4}",2,2,2026-03-02 22:32:41.839157+00:00,2026-03-02 22:32:41.839157+00:00
42,C_AMR009,American River,,,flow,2,3,1,False,,False,,0b7d1b81-ad20-4826-87ee-65f68b2c4d02,"{1,3,4}",2,2,2026-03-02 22:32:41.839157+00:00,2026-03-02 22:32:41.839157+00:00
43,C_AMR015,American River,,1413,flow,2,3,1,False,,False,,2dc0680f-81a5-4f08-91a4-df61510d9fc8,"{1,3,4}",2,2,2026-03-02 22:32:41.839157+00:00,2026-03-02 22:32:41.839157+00:00
44,C_AMR017,American River,,,flow,2,3,1,False,,False,,b9ede67a-3dbc-46a4-a905-defe5eefa1e0,"{1,3,4}",2,2,2026-03-02 22:32:41.839157+00:00,2026-03-02 22:32:41.839157+00:00
45,C_AMR020,American River,,1414,flow,2,3,1,False,,False,,344c1db7-8094-4b47-ba5e-db8c891648a8,"{1,3,4}",2,2,2026-03-02 22:32:41.839157+00:00,2026-03-02 22:32:41.839157+00:00
46,C_AMR022,American River,,,flow,2,3,1,False,,False,,6077e662-31c6-4509-8aad-87329388136e,"{1,3,4}",2,2,2026-03-02 22:32:41.839157+00:00,2026-03-02 22:32:41.839157+00:00
47,C_ANC000,,,1415,flow,2,3,1,False,,False,,0b8f8513-a21d-456d-8dfc-dff268c4642b,"{1,3,4}",2,2,2026-03-02 22:32:41.839157+00:00,2026-03-02 22:32:41.839157+00:00
48,C_ANG010,Angels Creek,,1416,flow,2,3,1,False,,False,,f72b1a06-a7b4-4ded-a045-b74444d6e38e,"{1,3,4}",2,2,2026-03-02 22:32:41.839157+00:00,2026-03-02 22:32:41.839157+00:00
49,C_ANG014,Angels Creek,,1417,flow,2,3,1,False,,False,,93b0677b-cc30-4ef1-9001-ef659d859f63,"{1,3,4}",2,2,2026-03-02 22:32:41.839157+00:00,2026-03-02 22:32:41.839157+00:00
50,C_ANG015,Angels Creek,,,flow,2,3,1,False,,False,,5fc5b467-3288-4099-ad99-2eaf7df47bab,"{1,3,4}",2,2,2026-03-02 22:32:41.839157+00:00,2026-03-02 22:32:41.839157+00:00
51,C_ANG017,Angels  Creek,,1418,flow,2,3,1,False,,False,,cff0b171-e9bd-4e92-b733-e919b63622e7,"{1,3,4}",2,2,2026-03-02 22:32:41.839157+00:00,2026-03-02 22:32:41.839157+00:00
52,C_ANT010,Antelope Creek,,,flow,2,3,1,False,,False,,e5cf3cca-0a68-4494-8601-9cef0c159b46,"{1,3,4}",2,2,2026-03-02 22:32:41.839157+00:00,2026-03-02 22:32:41.839157+00:00
53,C_ANT011,Antelope Creek,,1419,flow,2,3,1,False,,False,,a6907d23-2e88-4207-bb23-ce7d832eeffc,"{1,3,4}",2,2,2026-03-02 22:32:41.839157+00:00,2026-03-02 22:32:41.839157+00:00
54,C_ANTLP,Indian Creek,,,flow,2,3,1,False,,False,,e6cba0ae-c912-48e5-97fe-c4aaa39926d2,"{1,3,4}",2,2,2026-03-02 22:32:41.839157+00:00,2026-03-02 22:32:41.839157+00:00
55,C_ASL013,Ash Slough,,1420,flow,2,3,1,False,,False,,7592f4d9-e3a1-4775-8d25-09319b277407,"{1,3,4}",2,2,2026-03-02 22:32:41.839157+00:00,2026-03-02 22:32:41.839157+00:00
56,C_BANOS,Los Banos Creek,,,flow,2,3,1,False,,False,,e04f0f65-281f-44bd-8b41-8b9fc0792686,"{1,3,4}",2,2,2026-03-02 22:32:41.839157+00:00,2026-03-02 22:32:41.839157+00:00
57,C_BCC004,Big Chico Creek,,1421,flow,2,3,1,False,,False,,fd53b9ff-2bf1-4a6c-bb19-ed705d48e6bb,"{1,3,4}",2,2,2026-03-02 22:32:41.839157+00:00,2026-03-02 22:32:41.839157+00:00
58,C_BCC006,Big Chico Creek,,,flow,2,3,1,False,,False,,8507190f-e30b-443c-8553-e487c21d2435,"{1,3,4}",2,2,2026-03-02 22:32:41.839157+00:00,2026-03-02 22:32:41.839157+00:00
59,C_BCC012,Big Chico Creek,,1422,flow,2,3,1,False,,False,,4df46da2-99f3-4c89-8c28-c70ae210eced,"{1,3,4}",2,2,2026-03-02 22:32:41.839157+00:00,2026-03-02 22:32:41.839157+00:00
60,C_BCC014,Big Chico Creek,,,flow,2,3,1,False,,False,,2dd52b64-2fb1-457e-b55c-5d94851ec2e6,"{1,3,4}",2,2,2026-03-02 22:32:41.839157+00:00,2026-03-02 22:32:41.839157+00:00
61,C_BCK006,Bear Creek,,1423,flow,2,3,1,False,,False,,a3abb9c4-f900-4f2d-aada-3912ebd4c1e6,"{1,3,4}",2,2,2026-03-02 22:32:41.839157+00:00,2026-03-02 22:32:41.839157+00:00
62,C_BCK010,Bear Creek,,,flow,2,3,1,False,,False,,b5c830fb-3197-462c-ad37-4a5398d6476f,"{1,3,4}",2,2,2026-03-02 22:32:41.839157+00:00,2026-03-02 22:32:41.839157+00:00
63,C_BCK017,Bear Creek,,1424,flow,2,3,1,False,,False,,22510db7-459c-48e4-bb53-81a78bdd6c7f,"{1,3,4}",2,2,2026-03-02 22:32:41.839157+00:00,2026-03-02 22:32:41.839157+00:00
64,C_BCK024,Bear Creek,,,flow,2,3,1,False,,False,,a93a5682-8dd8-4e5c-9d4e-c0e1a733a22f,"{1,3,4}",2,2,2026-03-02 22:32:41.839157+00:00,2026-03-02 22:32:41.839157+00:00
65,C_BCK031,Bear Creek,,1425,flow,2,3,1,False,,False,,af887f0f-93cb-4970-a164-267657b00adb,"{1,3,4}",2,2,2026-03-02 22:32:41.839157+00:00,2026-03-02 22:32:41.839157+00:00
66,C_BCK033,Bear Creek,,,flow,2,3,1,False,,False,,0777135b-15c4-4a8e-ac78-17fe60c6b316,"{1,3,4}",2,2,2026-03-02 22:32:41.839157+00:00,2026-03-02 22:32:41.839157+00:00
67,C_BCK035,Bear Creek,,1426,flow,2,3,1,False,,False,,40bff281-552a-4a64-9a46-b91102f5c549,"{1,3,4}",2,2,2026-03-02 22:32:41.839157+00:00,2026-03-02 22:32:41.839157+00:00
68,C_BCK040,Bear Creek,,,flow,2,3,1,False,,False,,cdd526dd-c780-46d5-b724-3bf76b73eb3e,"{1,3,4}",2,2,2026-03-02 22:32:41.839157+00:00,2026-03-02 22:32:41.839157+00:00
69,C_BCM003,Bear Creek (Mokelumne),,1427,flow,2,3,1,False,,False,,c8952e5c-dca8-449f-9859-d11a353ad4da,"{1,3,4}",2,2,2026-03-02 22:32:41.839157+00:00,2026-03-02 22:32:41.839157+00:00
70,C_BCN005,Bear Creek (North),,,flow,2,3,1,False,,False,,9cef8e02-4abc-4fd6-93c4-83515a90be5e,"{1,3,4}",2,2,2026-03-02 22:32:41.839157+00:00,2026-03-02 22:32:41.839157+00:00
71,C_BCN010,Bear Creek (North),,1428,flow,2,3,1,False,,False,,770ff779-0e5b-4c12-9e57-d14f24d913a0,"{1,3,4}",2,2,2026-03-02 22:32:41.839157+00:00,2026-03-02 22:32:41.839157+00:00
72,C_BCT000,Brush Creek Tunnel,,,flow,2,3,1,False,,False,,a12ca28f-5341-4a8e-923d-f4127de1ad4a,"{1,3,4}",2,2,2026-03-02 22:32:41.839157+00:00,2026-03-02 22:32:41.839157+00:00
73,C_BEARD,Middle Fork Stanislaus River,,,flow,2,3,1,False,,False,,97f47614-03de-4c89-9095-399d85bab643,"{1,3,4}",2,2,2026-03-02 22:32:41.839157+00:00,2026-03-02 22:32:41.839157+00:00
74,C_BEC000,Bear River Canal,,1429,flow,2,3,1,False,,False,,9941b8e9-b8e8-4bb6-ab9d-8bc2453591bd,"{1,3,4}",2,2,2026-03-02 22:32:41.839157+00:00,2026-03-02 22:32:41.839157+00:00
75,C_BEC021,Bear River Canal,,,flow,2,3,1,False,,False,,1eb03f40-8ffc-466b-9322-e9c11c15ac9b,"{1,3,4}",2,2,2026-03-02 22:32:41.839157+00:00,2026-03-02 22:32:41.839157+00:00
76,C_BEC022,Halsey PH Penstock,,1430,flow,2,3,1,False,,False,,36559fc9-9697-4604-84ac-f28ef2a52b5c,"{1,3,4}",2,2,2026-03-02 22:32:41.839157+00:00,2026-03-02 22:32:41.839157+00:00
77,C_BEC024,Wise Canal,,,flow,2,3,1,False,,False,,3159c1e6-4b31-47a3-a00f-fc36bdb763d4,"{1,3,4}",2,2,2026-03-02 22:32:41.839157+00:00,2026-03-02 22:32:41.839157+00:00
78,C_BGC002,Big Grizzly Creek,,1431,flow,2,3,1,False,,False,,e8b84ae2-e940-4f2a-9ba3-3684cf0d2ecc,"{1,3,4}",2,2,2026-03-02 22:32:41.839157+00:00,2026-03-02 22:32:41.839157+00:00
79,C_BGD000,Biggs+AC0-West Gridley Drain,,,flow,2,3,1,False,,False,,4005ceb8-a74b-48e5-ab71-d0d592c47eb8,"{1,3,4}",2,2,2026-03-02 22:32:41.839157+00:00,2026-03-02 22:32:41.839157+00:00
80,C_BLKBT,Stony Creek,,1432,flow,2,3,1,False,,False,,df85f6b7-74c8-45fa-9b3d-532f1c8a55fb,"{1,3,4}",2,2,2026-03-02 22:32:41.839157+00:00,2026-03-02 22:32:41.839157+00:00
81,C_BLT000,Buck Island +AC0- Loon Lake Tunnel,,,flow,2,3,1,False,,False,,824257d5-a42e-4986-ba47-6d4bda980389,"{1,3,4}",2,2,2026-03-02 22:32:41.839157+00:00,2026-03-02 22:32:41.839157+00:00
82,C_BLUMD,,,1433,flow,2,3,1,False,,False,,dad67ef9-24ec-49e0-9bf6-a7ef266f38a0,"{1,3,4}",2,2,2026-03-02 22:32:41.839157+00:00,2026-03-02 22:32:41.839157+00:00
83,C_BOWMN,Canyon Creek (South),,,flow,2,3,1,False,,False,,13bad702-b4ad-437e-9dc3-8e2399e0db50,"{1,3,4}",2,2,2026-03-02 22:32:41.839157+00:00,2026-03-02 22:32:41.839157+00:00
84,C_BOWMN_PWR,,,1434,flow,2,3,1,False,,False,,7b9d5603-1077-48f0-bd23-01856e721a11,"{1,3,4}",2,2,2026-03-02 22:32:41.839157+00:00,2026-03-02 22:32:41.839157+00:00
85,C_BRC002,Bear Creek,,1435,flow,2,3,1,False,,False,,0b04a1d0-0ae1-49b0-9ffb-e7c4e177284d,"{1,3,4}",2,2,2026-03-02 22:32:41.839157+00:00,2026-03-02 22:32:41.839157+00:00
86,C_BRC003,Bear Creek,,,flow,2,3,1,False,,False,,8a62ec2f-2732-42b5-a3c1-bbf2af8a9809,"{1,3,4}",2,2,2026-03-02 22:32:41.839157+00:00,2026-03-02 22:32:41.839157+00:00
87,C_BRR004,Bear River,,1436,flow,2,3,1,False,,False,,36775c95-6c8c-4c58-b2bf-d54c2d51cc4a,"{1,3,4}",2,2,2026-03-02 22:32:41.839157+00:00,2026-03-02 22:32:41.839157+00:00
88,C_BRR011,Bear River,,,flow,2,3,1,False,,False,,6cdde602-66f7-45c6-956a-870ca64ce4a3,"{1,3,4}",2,2,2026-03-02 22:32:41.839157+00:00,2026-03-02 22:32:41.839157+00:00
89,C_BRR017,Bear River,,1437,flow,2,3,1,False,,False,,17422a54-0652-4368-8f4c-e5cab77c0dfa,"{1,3,4}",2,2,2026-03-02 22:32:41.839157+00:00,2026-03-02 22:32:41.839157+00:00
90,C_BRR023,Bear River,,,flow,2,3,1,False,,False,,a50fcd31-efa1-4ba4-8a93-5fe2accddb7f,"{1,3,4}",2,2,2026-03-02 22:32:41.839157+00:00,2026-03-02 22:32:41.839157+00:00
91,C_BRR028,Bear River,,1438,flow,2,3,1,False,,False,,a1f81f14-82f5-4e73-b058-dac9a2286bf2,"{1,3,4}",2,2,2026-03-02 22:32:41.839157+00:00,2026-03-02 22:32:41.839157+00:00
92,C_BRR031,Bear River,,,flow,2,3,1,False,,False,,fad4f244-141b-4ab4-a334-ca995128bfa4,"{1,3,4}",2,2,2026-03-02 22:32:41.839157+00:00,2026-03-02 22:32:41.839157+00:00
93,C_BRR049,Bear River,,1439,flow,2,3,1,False,,False,,38186dfd-11d3-41da-a766-7660c7d44fec,"{1,3,4}",2,2,2026-03-02 22:32:41.839157+00:00,2026-03-02 22:32:41.839157+00:00
94,C_BRR050,Bear River,,,flow,2,3,1,False,,False,,c272c65e-64ab-48ef-8cdc-d3c3cf0fd7a0,"{1,3,4}",2,2,2026-03-02 22:32:41.839157+00:00,2026-03-02 22:32:41.839157+00:00
95,C_BRR050_PGE,,,1440,flow,2,3,1,False,,False,,830def4a-c4f8-4b5d-8d9e-d16a38cfee24,"{1,3,4}",2,2,2026-03-02 22:32:41.839157+00:00,2026-03-02 22:32:41.839157+00:00
96,C_BRR060,Bear River,,1441,flow,2,3,1,False,,False,,ee2e31bb-3775-4003-af79-0a026489d369,"{1,3,4}",2,2,2026-03-02 22:32:41.839157+00:00,2026-03-02 22:32:41.839157+00:00
97,C_BRR061,Bear River,,,flow,2,3,1,False,,False,,26400988-fb0e-437b-948b-e21cfbd62637,"{1,3,4}",2,2,2026-03-02 22:32:41.839157+00:00,2026-03-02 22:32:41.839157+00:00
98,C_BRR066,Bear River,,1442,flow,2,3,1,False,,False,,9906dabf-16a6-48d0-90a4-b6b883d46632,"{1,3,4}",2,2,2026-03-02 22:32:41.839157+00:00,2026-03-02 22:32:41.839157+00:00
99,C_BRR067,Bear River,,,flow,2,3,1,False,,False,,22c3d86e-078a-42f9-b835-e5b872e6a14b,"{1,3,4}",2,2,2026-03-02 22:32:41.839157+00:00,2026-03-02 22:32:41.839157+00:00
100,C_BRR072,Bear River,,1443,flow,2,3,1,False,,False,,fb3d3868-dd32-4550-a163-969258b4f623,"{1,3,4}",2,2,2026-03-02 22:32:41.839157+00:00,2026-03-02 22:32:41.839157+00:00
101,C_BRR073,Bear River,,,flow,2,3,1,False,,False,,b22736e9-27c5-4b9f-bd58-ea3180862990,"{1,3,4}",2,2,2026-03-02 22:32:41.839157+00:00,2026-03-02 22:32:41.839157+00:00
102,C_BRR074,Bear River,,1444,flow,2,3,1,False,,False,,8109a794-1a4f-4c68-ab5d-2069f9c00d2d,"{1,3,4}",2,2,2026-03-02 22:32:41.839157+00:00,2026-03-02 22:32:41.839157+00:00
103,C_BRS018,Berenda Slough,,,flow,2,3,1,False,,False,,d5d43034-96c8-4f01-9c0a-b5e6e52066df,"{1,3,4}",2,2,2026-03-02 22:32:41.839157+00:00,2026-03-02 22:32:41.839157+00:00
104,C_BRT003,,,1445,flow,2,3,1,False,,False,,0c499bb0-1f56-4df4-beaf-202623a676f8,"{1,3,4}",2,2,2026-03-02 22:32:41.839157+00:00,2026-03-02 22:32:41.839157+00:00
105,C_BRV002,Bear River (Mokelumne),,1446,flow,2,3,1,False,,False,,61f39594-87c8-4148-a9ee-9feda47e0758,"{1,3,4}",2,2,2026-03-02 22:32:41.839157+00:00,2026-03-02 22:32:41.839157+00:00
106,C_BRV003,Bear River (Mokelumne),,,flow,2,3,1,False,,False,,ab22b7fd-d94e-4265-9b9a-3df6625404d7,"{1,3,4}",2,2,2026-03-02 22:32:41.839157+00:00,2026-03-02 22:32:41.839157+00:00
107,C_BRV005,Bear River (Mokelumne),,1447,flow,2,3,1,False,,False,,b35151c6-f80b-42ab-8d3e-ef3bca22d540,"{1,3,4}",2,2,2026-03-02 22:32:41.839157+00:00,2026-03-02 22:32:41.839157+00:00
108,C_BRYSA,Putah Creek,,,flow,2,3,1,False,,False,,e308fb9f-dd2d-4b2d-82d0-1c5784f82d56,"{1,3,4}",2,2,2026-03-02 22:32:41.839157+00:00,2026-03-02 22:32:41.839157+00:00
109,C_BSC000,Bowman+AC0-Spaulding Conduit,,1448,flow,2,3,1,False,,False,,052598ea-69f0-4a3e-a11b-fadf3ee7ff60,"{1,3,4}",2,2,2026-03-02 22:32:41.839157+00:00,2026-03-02 22:32:41.839157+00:00
110,C_BSC005,Bowman+AC0-Spaulding Conduit,,,flow,2,3,1,False,,False,,fb6ce9f2-8581-40dc-a718-766568576df9,"{1,3,4}",2,2,2026-03-02 22:32:41.839157+00:00,2026-03-02 22:32:41.839157+00:00
111,C_BSC009,Bowman+AC0-Spaulding Conduit,,1449,flow,2,3,1,False,,False,,b569641e-1e46-45c4-827d-77df75cfc960,"{1,3,4}",2,2,2026-03-02 22:32:41.839157+00:00,2026-03-02 22:32:41.839157+00:00
112,C_BSC010,Bowman+AC0-Spaulding Conduit,,,flow,2,3,1,False,,False,,c464aeb4-dddb-46a1-af5a-fcad30a7b287,"{1,3,4}",2,2,2026-03-02 22:32:41.839157+00:00,2026-03-02 22:32:41.839157+00:00
113,C_BSC011,Bowman+AC0-Spaulding Conduit,,1450,flow,2,3,1,False,,False,,208d69fc-9cd9-4328-8410-0bac70665d42,"{1,3,4}",2,2,2026-03-02 22:32:41.839157+00:00,2026-03-02 22:32:41.839157+00:00
114,C_BSC011_PGE,,,,flow,2,3,1,False,,False,,478d358e-f82a-44c1-9d62-2523688a9e7a,"{1,3,4}",2,2,2026-03-02 22:32:41.839157+00:00,2026-03-02 22:32:41.839157+00:00
115,C_BSH002,Brush Creek,,,flow,2,3,1,False,,False,,3753998d-d98f-4517-8f54-f4adb268cb60,"{1,3,4}",2,2,2026-03-02 22:32:41.839157+00:00,2026-03-02 22:32:41.839157+00:00
116,C_BSH003,Brush Creek,,1451,flow,2,3,1,False,,False,,c7235b19-14d4-43de-ae29-7cf35199c8ba,"{1,3,4}",2,2,2026-03-02 22:32:41.839157+00:00,2026-03-02 22:32:41.839157+00:00
117,C_BSL001A,Butte Slough,,,flow,2,3,1,False,,False,,bc300c7f-5167-41e0-979a-554aacfaebce,"{1,3,4}",2,2,2026-03-02 22:32:41.839157+00:00,2026-03-02 22:32:41.839157+00:00
118,C_BSL001B,Butte Slough,,1452,flow,2,3,1,False,,False,,1a710283-87f3-42de-b6b4-9b8ab3759370,"{1,3,4}",2,2,2026-03-02 22:32:41.839157+00:00,2026-03-02 22:32:41.839157+00:00
119,C_BSL004,Butte Slough,,,flow,2,3,1,False,,False,,e80056f6-ee77-4d76-a3b7-4ea7f99b18b9,"{1,3,4}",2,2,2026-03-02 22:32:41.839157+00:00,2026-03-02 22:32:41.839157+00:00
120,C_BTC003,Butte Creek,,1453,flow,2,3,1,False,,False,,5aa51dfb-40a4-4f2a-9fcb-09d3e03a1d3c,"{1,3,4}",2,2,2026-03-02 22:32:41.839157+00:00,2026-03-02 22:32:41.839157+00:00
121,C_BTC007,Butte Creek,,,flow,2,3,1,False,,False,,4022e058-5f42-4d29-8d30-930c1932b1e4,"{1,3,4}",2,2,2026-03-02 22:32:41.839157+00:00,2026-03-02 22:32:41.839157+00:00
122,C_BTC012,Butte Creek,,1454,flow,2,3,1,False,,False,,036232fd-0117-4205-95bf-52011d851233,"{1,3,4}",2,2,2026-03-02 22:32:41.839157+00:00,2026-03-02 22:32:41.839157+00:00
123,C_BTC015,Butte Creek,,,flow,2,3,1,False,,False,,acd6476b-40a6-4c93-8463-a546718255bc,"{1,3,4}",2,2,2026-03-02 22:32:41.839157+00:00,2026-03-02 22:32:41.839157+00:00
124,C_BTC016,Butte Creek,,1455,flow,2,3,1,False,,False,,20cb619f-eaa1-4297-b3ef-5fb120618505,"{1,3,4}",2,2,2026-03-02 22:32:41.839157+00:00,2026-03-02 22:32:41.839157+00:00
125,C_BTC017,Butte Creek,,,flow,2,3,1,False,,False,,6d097338-a480-4c94-a79a-d4a6a0e466d8,"{1,3,4}",2,2,2026-03-02 22:32:41.839157+00:00,2026-03-02 22:32:41.839157+00:00
126,C_BTC018,Butte Creek,,1456,flow,2,3,1,False,,False,,5bd59a6a-265d-4f38-9090-6a53ff9b9cce,"{1,3,4}",2,2,2026-03-02 22:32:41.839157+00:00,2026-03-02 22:32:41.839157+00:00
127,C_BTC024,Butte Creek,,,flow,2,3,1,False,,False,,aa0f53e8-6261-4168-bc24-180db32275a3,"{1,3,4}",2,2,2026-03-02 22:32:41.839157+00:00,2026-03-02 22:32:41.839157+00:00
128,C_BTC029,Butte Creek,,1457,flow,2,3,1,False,,False,,6308fad8-0549-47cb-b93b-12ca214f5a0e,"{1,3,4}",2,2,2026-03-02 22:32:41.839157+00:00,2026-03-02 22:32:41.839157+00:00
129,C_BTC032,Butte Creek,,,flow,2,3,1,False,,False,,213e1b2c-dc26-4251-bb3f-1678704dc4e3,"{1,3,4}",2,2,2026-03-02 22:32:41.839157+00:00,2026-03-02 22:32:41.839157+00:00
130,C_BTC036,Butte Creek,,1458,flow,2,3,1,False,,False,,07f847e6-d685-4749-b99f-411a33679c5b,"{1,3,4}",2,2,2026-03-02 22:32:41.839157+00:00,2026-03-02 22:32:41.839157+00:00
131,C_BTC041,Butte Creek,,,flow,2,3,1,False,,False,,326c0ce3-27dd-4954-bb6a-60ed9b91ab1a,"{1,3,4}",2,2,2026-03-02 22:32:41.839157+00:00,2026-03-02 22:32:41.839157+00:00
132,C_BTC043,Butte Creek,,1459,flow,2,3,1,False,,False,,30b0003d-5176-457b-8994-2d972ce8fe1e,"{1,3,4}",2,2,2026-03-02 22:32:41.839157+00:00,2026-03-02 22:32:41.839157+00:00
133,C_BTC045,Butte Creek,,,flow,2,3,1,False,,False,,75d6b0f7-b6e2-4c26-92d1-8c74f2396383,"{1,3,4}",2,2,2026-03-02 22:32:41.839157+00:00,2026-03-02 22:32:41.839157+00:00
134,C_BTC048,Butte Creek,,1460,flow,2,3,1,False,,False,,d23023e6-8f09-4dbd-9b36-146858756bb5,"{1,3,4}",2,2,2026-03-02 22:32:41.839157+00:00,2026-03-02 22:32:41.839157+00:00
135,C_BTC060,Butte Creek,,,flow,2,3,1,False,,False,,e917aa31-88c2-455e-a134-a6b10d874ced,"{1,3,4}",2,2,2026-03-02 22:32:41.839157+00:00,2026-03-02 22:32:41.839157+00:00
136,C_BTL006,Battle Creek,,1461,flow,2,3,1,False,,False,,feeacd92-d3be-42b4-9b65-f5a0aa6cd215,"{1,3,4}",2,2,2026-03-02 22:32:41.839157+00:00,2026-03-02 22:32:41.839157+00:00
137,C_BTN007,Belden Tunnel,,,flow,2,3,1,False,,False,,7dea4b0c-99fe-474c-bb4d-e0e1edcd78c8,"{1,3,4}",2,2,2026-03-02 22:32:41.839157+00:00,2026-03-02 22:32:41.839157+00:00
138,C_BTT007,Butt Creek,,1462,flow,2,3,1,False,,False,,4449c26e-117a-4af1-b60c-59ce43c1daf2,"{1,3,4}",2,2,2026-03-02 22:32:41.839157+00:00,2026-03-02 22:32:41.839157+00:00
139,C_BTVLY,Butt Creek,,,flow,2,3,1,False,,False,,abfcf935-3de2-45c7-bd9c-337833ae5498,"{1,3,4}",2,2,2026-03-02 22:32:41.839157+00:00,2026-03-02 22:32:41.839157+00:00
140,C_BUCKS,Bucks Creek,,1463,flow,2,3,1,False,,False,,7c4c81ac-b4ca-4c5c-ba9e-d80238e376fe,"{1,3,4}",2,2,2026-03-02 22:32:41.839157+00:00,2026-03-02 22:32:41.839157+00:00
141,C_BUK007,Bucks Creek,,,flow,2,3,1,False,,False,,a0ca81a5-e41f-46c7-8691-efcfdecf13ca,"{1,3,4}",2,2,2026-03-02 22:32:41.839157+00:00,2026-03-02 22:32:41.839157+00:00
142,C_BUR005,Burns Creek,,1464,flow,2,3,1,False,,False,,50e9608b-722b-436b-9105-4900a0807e2f,"{1,3,4}",2,2,2026-03-02 22:32:41.839157+00:00,2026-03-02 22:32:41.839157+00:00
143,C_BVC007,Beaver Creek (Stanislaus),,,flow,2,3,1,False,,False,,aec7ade7-ba38-45a6-b809-cfc9897a0384,"{1,3,4}",2,2,2026-03-02 22:32:41.839157+00:00,2026-03-02 22:32:41.839157+00:00
144,C_BVD000,,,,flow,2,3,1,False,,False,,0054df37-b4aa-47c1-91ca-74e053a7cf98,"{1,3,4}",2,2,2026-03-02 22:32:41.839157+00:00,2026-03-02 22:32:41.839157+00:00
145,C_BVT000,Butt Valley Tunnel/Penstock/Powerhouse,,1465,flow,2,3,1,False,,False,,0892df0e-ee05-4055-8327-082274771e27,"{1,3,4}",2,2,2026-03-02 22:32:41.839157+00:00,2026-03-02 22:32:41.839157+00:00
146,C_BVT003,Butt Valley Tunnel/Penstock/Powerhouse,,1466,flow,2,3,1,False,,False,,b6b5f307-064a-4c7d-8a12-6102bdbe1a58,"{1,3,4}",2,2,2026-03-02 22:32:41.839157+00:00,2026-03-02 22:32:41.839157+00:00
147,C_CAA000,California Aqueduct,,,flow,2,3,1,False,,False,,feda778a-1005-4636-a80a-5308444f36a1,"{1,3,4}",2,2,2026-03-02 22:32:41.839157+00:00,2026-03-02 22:32:41.839157+00:00
148,C_CAA002,California Aqueduct,,1467,flow,2,3,1,False,,False,,28ef2367-ad9b-4c23-97e4-0d3e74a6dd5b,"{1,3,4}",2,2,2026-03-02 22:32:41.839157+00:00,2026-03-02 22:32:41.839157+00:00
149,C_CAA003,California Aqueduct,,2044,flow,2,3,1,False,,False,,b1a1aae8-33ef-4545-ab76-542dd5d78c89,"{1,3,4}",2,2,2026-03-02 22:32:41.839157+00:00,2026-03-02 22:32:41.839157+00:00
150,C_CAA003_DELTA,,,1468,flow,2,3,1,False,,False,,1f7667c2-91cb-4f63-bb33-6456f84bd0f2,"{1,3,4}",2,2,2026-03-02 22:32:41.839157+00:00,2026-03-02 22:32:41.839157+00:00
151,C_CAA005,California Aqueduct,,1471,flow,2,3,1,False,,False,,3561d9e8-d185-4f5a-8325-0e4bbb09de48,"{1,3,4}",2,2,2026-03-02 22:32:41.839157+00:00,2026-03-02 22:32:41.839157+00:00
152,C_CAA006,California Aqueduct,,,flow,2,3,1,False,,False,,d59aa67a-b675-47df-8ae2-1410a38d8ee6,"{1,3,4}",2,2,2026-03-02 22:32:41.839157+00:00,2026-03-02 22:32:41.839157+00:00
153,C_CAA009,California Aqueduct,,1472,flow,2,3,1,False,,False,,0fdc6d83-8e52-4305-a9ff-4ab0cd810b50,"{1,3,4}",2,2,2026-03-02 22:32:41.839157+00:00,2026-03-02 22:32:41.839157+00:00
154,C_CAA012,California Aqueduct,,,flow,2,3,1,False,,False,,7ae0409d-736e-41e4-9b7c-fc6087ac0034,"{1,3,4}",2,2,2026-03-02 22:32:41.839157+00:00,2026-03-02 22:32:41.839157+00:00
155,C_CAA024,California Aqueduct,,1473,flow,2,3,1,False,,False,,abe5fe29-080f-4ad4-9020-2e31a575b5fe,"{1,3,4}",2,2,2026-03-02 22:32:41.839157+00:00,2026-03-02 22:32:41.839157+00:00
156,C_CAA046,California Aqueduct,,,flow,2,3,1,False,,False,,ca025e17-9896-4619-9015-62fe441a0711,"{1,3,4}",2,2,2026-03-02 22:32:41.839157+00:00,2026-03-02 22:32:41.839157+00:00
157,C_CAA051,California Aqueduct,,1474,flow,2,3,1,False,,False,,b40bf6e4-a366-4d57-a52f-4d73085fe9e9,"{1,3,4}",2,2,2026-03-02 22:32:41.839157+00:00,2026-03-02 22:32:41.839157+00:00
158,C_CAA066,California Aqueduct,,,flow,2,3,1,False,,False,,30619380-14ec-4dc6-9027-23a92db6ba31,"{1,3,4}",2,2,2026-03-02 22:32:41.839157+00:00,2026-03-02 22:32:41.839157+00:00
159,C_CAA067,California Aqueduct,,1475,flow,2,3,1,False,,False,,be3fa353-421c-40f2-acd0-94278a153e32,"{1,3,4}",2,2,2026-03-02 22:32:41.839157+00:00,2026-03-02 22:32:41.839157+00:00
160,C_CAA067_CVP,,,,flow,2,3,1,False,,False,,4ead1211-efb9-4d27-8f4d-2cb9185205d5,"{1,3,4}",2,2,2026-03-02 22:32:41.839157+00:00,2026-03-02 22:32:41.839157+00:00
161,C_CAA067_SWP,,,,flow,2,3,1,False,,False,,befd6230-8394-4b88-bcd5-c1749e6b9e5e,"{1,3,4}",2,2,2026-03-02 22:32:41.839157+00:00,2026-03-02 22:32:41.839157+00:00
162,C_CAA069,California Aqueduct,,,flow,2,3,1,False,,False,,6efa729a-ff5c-4c50-a9bb-9ef15620af54,"{1,3,4}",2,2,2026-03-02 22:32:41.839157+00:00,2026-03-02 22:32:41.839157+00:00
163,C_CAA069_CVP,,,1476,flow,2,3,1,False,,False,,15f9e474-493b-4cc5-9342-9ab20e40531a,"{1,3,4}",2,2,2026-03-02 22:32:41.839157+00:00,2026-03-02 22:32:41.839157+00:00
164,C_CAA069_SWP,,,1477,flow,2,3,1,False,,False,,d65b49ac-52d9-4829-a005-12ac05b8d85c,"{1,3,4}",2,2,2026-03-02 22:32:41.839157+00:00,2026-03-02 22:32:41.839157+00:00
165,C_CAA071,California Aqueduct,,1478,flow,2,3,1,False,,False,,50c43571-6508-4f43-9d2a-1c4a83bb85f3,"{1,3,4}",2,2,2026-03-02 22:32:41.839157+00:00,2026-03-02 22:32:41.839157+00:00
166,C_CAA087,California Aqueduct,,,flow,2,3,1,False,,False,,6b740a52-3a2d-4c1f-8527-fbe8482de676,"{1,3,4}",2,2,2026-03-02 22:32:41.839157+00:00,2026-03-02 22:32:41.839157+00:00
167,C_CAA087_CVP,,,1479,flow,2,3,1,False,,False,,417d470f-879d-4fed-8678-2ded033a4301,"{1,3,4}",2,2,2026-03-02 22:32:41.839157+00:00,2026-03-02 22:32:41.839157+00:00
168,C_CAA087_SWP,,,1480,flow,2,3,1,False,,False,,30976131-dd94-4ea4-942f-4ff9de91037a,"{1,3,4}",2,2,2026-03-02 22:32:41.839157+00:00,2026-03-02 22:32:41.839157+00:00
169,C_CAA095,California Aqueduct,,1481,flow,2,3,1,False,,False,,829ee217-5c5e-4a24-8db2-558828b15123,"{1,3,4}",2,2,2026-03-02 22:32:41.839157+00:00,2026-03-02 22:32:41.839157+00:00
170,C_CAA109,California Aqueduct,,,flow,2,3,1,False,,False,,64b38a13-77f6-4f91-a8c2-b8cadc5358f9,"{1,3,4}",2,2,2026-03-02 22:32:41.839157+00:00,2026-03-02 22:32:41.839157+00:00
171,C_CAA143,California Aqueduct,,1482,flow,2,3,1,False,,False,,69811d20-7445-46ba-95d7-bb213abec779,"{1,3,4}",2,2,2026-03-02 22:32:41.839157+00:00,2026-03-02 22:32:41.839157+00:00
172,C_CAA155,California Aqueduct,,,flow,2,3,1,False,,False,,dbff403c-ea60-4cef-bf49-b59835c04f2f,"{1,3,4}",2,2,2026-03-02 22:32:41.839157+00:00,2026-03-02 22:32:41.839157+00:00
173,C_CAA156,California Aqueduct,,1483,flow,2,3,1,False,,False,,c4c6e614-3c6b-4a37-bb5b-c96b48754e6d,"{1,3,4}",2,2,2026-03-02 22:32:41.839157+00:00,2026-03-02 22:32:41.839157+00:00
174,C_CAA165,California Aqueduct,,,flow,2,3,1,False,,False,,de6c0f59-52b7-417f-b42c-806766101734,"{1,3,4}",2,2,2026-03-02 22:32:41.839157+00:00,2026-03-02 22:32:41.839157+00:00
175,C_CAA172,California Aqueduct,,1484,flow,2,3,1,False,,False,,97eb1a99-43c6-4a4f-b017-691ef4773295,"{1,3,4}",2,2,2026-03-02 22:32:41.839157+00:00,2026-03-02 22:32:41.839157+00:00
176,C_CAA172_CVP,,,,flow,2,3,1,False,,False,,998cd057-c36e-46ba-bd3e-3a94d89bb469,"{1,3,4}",2,2,2026-03-02 22:32:41.839157+00:00,2026-03-02 22:32:41.839157+00:00
177,C_CAA172_SWP,,,,flow,2,3,1,False,,False,,88cf01cd-0b56-4933-933f-58c9dcb8f73f,"{1,3,4}",2,2,2026-03-02 22:32:41.839157+00:00,2026-03-02 22:32:41.839157+00:00
178,C_CAA173,California Aqueduct,,,flow,2,3,1,False,,False,,dcb81541-cd93-4ec8-b7f2-772f9b17e80b,"{1,3,4}",2,2,2026-03-02 22:32:41.839157+00:00,2026-03-02 22:32:41.839157+00:00
179,C_CAA181,California Aqueduct,,,flow,2,3,1,False,,False,,d4a85ac8-9a76-4f81-860d-57b396894c79,"{1,3,4}",2,2,2026-03-02 22:32:41.839157+00:00,2026-03-02 22:32:41.839157+00:00
180,C_CAA183,California Aqueduct,,,flow,2,3,1,False,,False,,6566e872-1687-448e-9821-a303b9a57f23,"{1,3,4}",2,2,2026-03-02 22:32:41.839157+00:00,2026-03-02 22:32:41.839157+00:00
181,C_CAA184,California Aqueduct,,,flow,2,3,1,False,,False,,e07b55a1-7e53-4b3d-a311-f52022c9957f,"{1,3,4}",2,2,2026-03-02 22:32:41.839157+00:00,2026-03-02 22:32:41.839157+00:00
182,C_CAA185,California Aqueduct,,,flow,2,3,1,False,,False,,b7f82ed9-2119-464f-b3cb-be561545b5fe,"{1,3,4}",2,2,2026-03-02 22:32:41.839157+00:00,2026-03-02 22:32:41.839157+00:00
183,C_CAA194,California Aqueduct,,,flow,2,3,1,False,,False,,3173a055-d8da-4ed8-83c9-69460041abfd,"{1,3,4}",2,2,2026-03-02 22:32:41.839157+00:00,2026-03-02 22:32:41.839157+00:00
184,C_CAA207,California Aqueduct,,,flow,2,3,1,False,,False,,133eaa22-a3fe-4bd7-a0ba-00649b12546e,"{1,3,4}",2,2,2026-03-02 22:32:41.839157+00:00,2026-03-02 22:32:41.839157+00:00
185,C_CAA210,California Aqueduct,,,flow,2,3,1,False,,False,,386d7c00-2c94-49d8-b12e-0c28e6e609c1,"{1,3,4}",2,2,2026-03-02 22:32:41.839157+00:00,2026-03-02 22:32:41.839157+00:00
186,C_CAA220,California Aqueduct,,,flow,2,3,1,False,,False,,3c811260-887f-4ed3-900f-d6e8740a0eb6,"{1,3,4}",2,2,2026-03-02 22:32:41.839157+00:00,2026-03-02 22:32:41.839157+00:00
187,C_CAA238,California Aqueduct,,,flow,2,3,1,False,,False,,7c220d3f-bd38-4f07-8d1e-dcf623a85e18,"{1,3,4}",2,2,2026-03-02 22:32:41.839157+00:00,2026-03-02 22:32:41.839157+00:00
188,C_CAA239,California Aqueduct,,,flow,2,3,1,False,,False,,b04591e4-c6c5-4176-a661-bfefa0340140,"{1,3,4}",2,2,2026-03-02 22:32:41.839157+00:00,2026-03-02 22:32:41.839157+00:00
189,C_CAA240,California Aqueduct,,,flow,2,3,1,False,,False,,a0e80dd2-c287-415a-8953-60bad04cf9cb,"{1,3,4}",2,2,2026-03-02 22:32:41.839157+00:00,2026-03-02 22:32:41.839157+00:00
190,C_CAA241,California Aqueduct,,,flow,2,3,1,False,,False,,c5a4dc98-8886-436f-8481-c139642e705e,"{1,3,4}",2,2,2026-03-02 22:32:41.839157+00:00,2026-03-02 22:32:41.839157+00:00
191,C_CAA242,California Aqueduct,,,flow,2,3,1,False,,False,,13cd0024-987a-4dd7-b991-88081eaedc53,"{1,3,4}",2,2,2026-03-02 22:32:41.839157+00:00,2026-03-02 22:32:41.839157+00:00
192,C_CAA245,California Aqueduct,,,flow,2,3,1,False,,False,,4a8f2218-dfa1-4469-a089-eed226e94222,"{1,3,4}",2,2,2026-03-02 22:32:41.839157+00:00,2026-03-02 22:32:41.839157+00:00
193,C_CAA262,California Aqueduct,,,flow,2,3,1,False,,False,,6b46b657-a74d-4fe0-bf05-44e6e168ee2d,"{1,3,4}",2,2,2026-03-02 22:32:41.839157+00:00,2026-03-02 22:32:41.839157+00:00
194,C_CAA278,California Aqueduct,,,flow,2,3,1,False,,False,,4adb7e0d-c390-4c4a-a06f-e5f83c8d5ee4,"{1,3,4}",2,2,2026-03-02 22:32:41.839157+00:00,2026-03-02 22:32:41.839157+00:00
195,C_CAA279,California Aqueduct,,,flow,2,3,1,False,,False,,0014c01d-9ff0-492e-b388-348e42d715eb,"{1,3,4}",2,2,2026-03-02 22:32:41.839157+00:00,2026-03-02 22:32:41.839157+00:00
196,C_CAA280,California Aqueduct,,,flow,2,3,1,False,,False,,9fb55648-fa5f-4a2d-9ef7-66823f597aab,"{1,3,4}",2,2,2026-03-02 22:32:41.839157+00:00,2026-03-02 22:32:41.839157+00:00
197,C_CAA293,California Aqueduct,,,flow,2,3,1,False,,False,,5ffa52f1-c250-4d4f-9dcf-87599ad8a58e,"{1,3,4}",2,2,2026-03-02 22:32:41.839157+00:00,2026-03-02 22:32:41.839157+00:00
198,C_CAA305,California Aqueduct,,,flow,2,3,1,False,,False,,6d35674b-7dd1-4807-b1d1-2fa3c4959616,"{1,3,4}",2,2,2026-03-02 22:32:41.839157+00:00,2026-03-02 22:32:41.839157+00:00
199,C_CAPLS,Caples Creek,,,flow,2,3,1,False,,False,,e7bc371d-b75d-4129-a4de-6d8a65f92bfe,"{1,3,4}",2,2,2026-03-02 22:32:41.839157+00:00,2026-03-02 22:32:41.839157+00:00
200,C_CBC000,Combie Ophir Canal,,1485,flow,2,3,1,False,,False,,e071d079-4942-4264-90ec-b85f8f9dedf3,"{1,3,4}",2,2,2026-03-02 22:32:41.839157+00:00,2026-03-02 22:32:41.839157+00:00
201,C_CBD000,Colusa Basin Drainage Canal,,,flow,2,3,1,False,,False,,d88415d4-aa3f-4939-989c-89d841211e52,"{1,3,4}",2,2,2026-03-02 22:32:41.839157+00:00,2026-03-02 22:32:41.839157+00:00
202,C_CBD001,Colusa Basin Drainage Canal,,1486,flow,2,3,1,False,,False,,1624d5fc-fd06-490f-84dc-4938500b2291,"{1,3,4}",2,2,2026-03-02 22:32:41.839157+00:00,2026-03-02 22:32:41.839157+00:00
203,C_CBD005,Colusa Basin Drainage Canal,,,flow,2,3,1,False,,False,,d6888dcd-4362-43af-8477-43e965696636,"{1,3,4}",2,2,2026-03-02 22:32:41.839157+00:00,2026-03-02 22:32:41.839157+00:00
204,C_CBD012,Colusa Basin Drainage Canal,,1487,flow,2,3,1,False,,False,,ac3dc655-7204-4a5b-8e30-b5176b831326,"{1,3,4}",2,2,2026-03-02 22:32:41.839157+00:00,2026-03-02 22:32:41.839157+00:00
205,C_CBD018,Colusa Basin Drainage Canal,,,flow,2,3,1,False,,False,,54680222-b12b-4262-b92e-e46ab3dd0303,"{1,3,4}",2,2,2026-03-02 22:32:41.839157+00:00,2026-03-02 22:32:41.839157+00:00
206,C_CBD023,Colusa Basin Drainage Canal,,1488,flow,2,3,1,False,,False,,00989bb3-8ecf-4984-a8b9-fbf01f9b710e,"{1,3,4}",2,2,2026-03-02 22:32:41.839157+00:00,2026-03-02 22:32:41.839157+00:00
207,C_CBD028,Colusa Basin Drainage Canal,,,flow,2,3,1,False,,False,,e096a622-0ba7-4e31-b52d-51a16f56c2b6,"{1,3,4}",2,2,2026-03-02 22:32:41.839157+00:00,2026-03-02 22:32:41.839157+00:00
208,C_CBD031,Colusa Basin Drainage Canal,,1489,flow,2,3,1,False,,False,,9a429ee3-656c-41e8-96a9-667c2c91d575,"{1,3,4}",2,2,2026-03-02 22:32:41.839157+00:00,2026-03-02 22:32:41.839157+00:00
209,C_CBD037,Colusa Basin Drainage Canal,,,flow,2,3,1,False,,False,,fe2a75fa-acc1-4345-99fc-97e0bb53c94c,"{1,3,4}",2,2,2026-03-02 22:32:41.839157+00:00,2026-03-02 22:32:41.839157+00:00
210,C_CBD038,Colusa Basin Drainage Canal,,1490,flow,2,3,1,False,,False,,b0a77873-58d0-48be-aac8-fbf9ecf54e97,"{1,3,4}",2,2,2026-03-02 22:32:41.839157+00:00,2026-03-02 22:32:41.839157+00:00
211,C_CBD041,Colusa Basin Drainage Canal,,,flow,2,3,1,False,,False,,d83b56f9-688c-4fd9-b640-c968159c7593,"{1,3,4}",2,2,2026-03-02 22:32:41.839157+00:00,2026-03-02 22:32:41.839157+00:00
212,C_CBD044,Colusa Basin Drainage Canal,,1491,flow,2,3,1,False,,False,,2e10055f-d546-4ea2-993d-5095d1254169,"{1,3,4}",2,2,2026-03-02 22:32:41.839157+00:00,2026-03-02 22:32:41.839157+00:00
213,C_CBD049,Colusa Basin Drainage Canal,,,flow,2,3,1,False,,False,,5b01eeb0-d75e-4040-bd1b-9f33c91ed391,"{1,3,4}",2,2,2026-03-02 22:32:41.839157+00:00,2026-03-02 22:32:41.839157+00:00
214,C_CBD050,Colusa Basin Drain,,1492,flow,2,3,1,False,,False,,b8669a83-ca8c-4bf7-ab50-1b384485a379,"{1,3,4}",2,2,2026-03-02 22:32:41.839157+00:00,2026-03-02 22:32:41.839157+00:00
215,C_CBD052,Colusa Basin Drain,,1493,flow,2,3,1,False,,False,,c73297ee-6c38-448d-9486-6440a8a93f84,"{1,3,4}",2,2,2026-03-02 22:32:41.839157+00:00,2026-03-02 22:32:41.839157+00:00
216,C_CBD055,Colusa Basin Drain,,1494,flow,2,3,1,False,,False,,a9e7bdd9-c670-484b-be62-3be691736c17,"{1,3,4}",2,2,2026-03-02 22:32:41.839157+00:00,2026-03-02 22:32:41.839157+00:00
217,C_CCC004,Contra Costa Canal,,,flow,2,3,1,False,,False,,6adb1cab-8477-4a01-9bcb-fed9a2658ae7,"{1,3,4}",2,2,2026-03-02 22:32:41.839157+00:00,2026-03-02 22:32:41.839157+00:00
218,C_CCC007,Contra Costa Canal,,,flow,2,3,1,False,,False,,92219853-c2e7-4879-8a56-8e1f079b0a68,"{1,3,4}",2,2,2026-03-02 22:32:41.839157+00:00,2026-03-02 22:32:41.839157+00:00
219,C_CCH003,Cache Creek,,1495,flow,2,3,1,False,,False,,3504c34f-a10c-4997-b56e-bba74893d042,"{1,3,4}",2,2,2026-03-02 22:32:41.839157+00:00,2026-03-02 22:32:41.839157+00:00
220,C_CCH006,Cache Creek,,,flow,2,3,1,False,,False,,e920fca3-ab0f-4f25-821a-210c6628791c,"{1,3,4}",2,2,2026-03-02 22:32:41.839157+00:00,2026-03-02 22:32:41.839157+00:00
221,C_CCH012,Cache Creek,,1496,flow,2,3,1,False,,False,,eed90c20-3064-4716-afd5-536691a4900e,"{1,3,4}",2,2,2026-03-02 22:32:41.839157+00:00,2026-03-02 22:32:41.839157+00:00
222,C_CCH017,Cache Creek,,,flow,2,3,1,False,,False,,7e817079-104d-4221-ab3a-5381637b44ec,"{1,3,4}",2,2,2026-03-02 22:32:41.839157+00:00,2026-03-02 22:32:41.839157+00:00
223,C_CCH023,Cache Creek,,1497,flow,2,3,1,False,,False,,1984027e-b7f1-4fde-9a75-471f5780ba56,"{1,3,4}",2,2,2026-03-02 22:32:41.839157+00:00,2026-03-02 22:32:41.839157+00:00
224,C_CCH030,Cache Creek,,,flow,2,3,1,False,,False,,e155db70-5094-40d7-9e50-e6a6adbb9f03,"{1,3,4}",2,2,2026-03-02 22:32:41.839157+00:00,2026-03-02 22:32:41.839157+00:00
225,C_CCH032,Cache Creek,,1498,flow,2,3,1,False,,False,,1fdca1ea-7100-4b0a-ad85-e0b80a96bbdc,"{1,3,4}",2,2,2026-03-02 22:32:41.839157+00:00,2026-03-02 22:32:41.839157+00:00
226,C_CCH052,Cache Creek,,,flow,2,3,1,False,,False,,3761da77-67e8-4c2c-ac02-c005fa56af26,"{1,3,4}",2,2,2026-03-02 22:32:41.839157+00:00,2026-03-02 22:32:41.839157+00:00
227,C_CCH053,Cache Creek,,1499,flow,2,3,1,False,,False,,09a388be-9eda-4990-ba01-3c4c64659fca,"{1,3,4}",2,2,2026-03-02 22:32:41.839157+00:00,2026-03-02 22:32:41.839157+00:00
228,C_CCH058,Cache Creek,,,flow,2,3,1,False,,False,,bb484bd5-50b9-43b3-b946-e7abfd7de6e8,"{1,3,4}",2,2,2026-03-02 22:32:41.839157+00:00,2026-03-02 22:32:41.839157+00:00
229,C_CCH075,Cache Creek,,1500,flow,2,3,1,False,,False,,9d1f4874-39e6-4539-b2dc-bf552024888c,"{1,3,4}",2,2,2026-03-02 22:32:41.839157+00:00,2026-03-02 22:32:41.839157+00:00
230,C_CCH083,Cache Creek,,,flow,2,3,1,False,,False,,69834fee-6365-4405-bf01-40647c23610d,"{1,3,4}",2,2,2026-03-02 22:32:41.839157+00:00,2026-03-02 22:32:41.839157+00:00
231,C_CCK007,East Canal,,1501,flow,2,3,1,False,,False,,e5635d42-fea5-4d7f-b917-e4e434739809,"{1,3,4}",2,2,2026-03-02 22:32:41.839157+00:00,2026-03-02 22:32:41.839157+00:00
232,C_CCK022,Coon Creek,,,flow,2,3,1,False,,False,,25897311-4cdf-4fc3-b311-44d18fab662c,"{1,3,4}",2,2,2026-03-02 22:32:41.839157+00:00,2026-03-02 22:32:41.839157+00:00
233,C_CCK036,Coon Creek,,1502,flow,2,3,1,False,,False,,864ce2c5-ff1c-4216-bd24-75c3f172a0a1,"{1,3,4}",2,2,2026-03-02 22:32:41.839157+00:00,2026-03-02 22:32:41.839157+00:00
234,C_CCK038,Coon Creek,,,flow,2,3,1,False,,False,,4099c274-c1b1-4133-ab58-0200512abb1e,"{1,3,4}",2,2,2026-03-02 22:32:41.839157+00:00,2026-03-02 22:32:41.839157+00:00
235,C_CCS009,Canyon Creek (South),,1503,flow,2,3,1,False,,False,,643e345c-db44-43c8-a147-2d11552d2d28,"{1,3,4}",2,2,2026-03-02 22:32:41.839157+00:00,2026-03-02 22:32:41.839157+00:00
236,C_CCS010,Canyon Creek (South),,,flow,2,3,1,False,,False,,66af3d48-1c22-46e9-9a2f-7e3287c8664a,"{1,3,4}",2,2,2026-03-02 22:32:41.839157+00:00,2026-03-02 22:32:41.839157+00:00
237,C_CCT011,Clear Creek Tunnel Outfall,,1504,flow,2,3,1,False,,False,,45d7336c-fb60-41da-a537-62dea2d76539,"{1,3,4}",2,2,2026-03-02 22:32:41.839157+00:00,2026-03-02 22:32:41.839157+00:00
238,C_CFS001,Clark Fork Stanislaus River,,,flow,2,3,1,False,,False,,a175d167-9a91-44f3-bdfc-0da211c4e3ff,"{1,3,4}",2,2,2026-03-02 22:32:41.839157+00:00,2026-03-02 22:32:41.839157+00:00
239,C_CGT005,Colgate Tunnel/Penstock,,1505,flow,2,3,1,False,,False,,746c9ca5-7c30-494e-b82b-bc3e71cac63a,"{1,3,4}",2,2,2026-03-02 22:32:41.839157+00:00,2026-03-02 22:32:41.839157+00:00
240,C_CGT006,Colgate Tunnel/Penstock,,,flow,2,3,1,False,,False,,99de8c29-ca9b-48d2-9cfc-a5144975b8da,"{1,3,4}",2,2,2026-03-02 22:32:41.839157+00:00,2026-03-02 22:32:41.839157+00:00
241,C_CHCGO,Port Chicago,,1506,flow,2,3,1,False,,False,,4d43e3a3-d358-46de-96c5-8e73a59e2d05,"{1,3,4}",2,2,2026-03-02 22:32:41.839157+00:00,2026-03-02 22:32:41.839157+00:00
242,C_CHIPPS,Sacramento River,,,flow,2,3,1,False,,False,,3a91c469-2779-4412-b4e6-73bccfa6b6da,"{1,3,4}",2,2,2026-03-02 22:32:41.839157+00:00,2026-03-02 22:32:41.839157+00:00
243,C_CHW006,Chowchilla River,,1507,flow,2,3,1,False,,False,,fc806610-fb95-4808-a292-53f87d9747bd,"{1,3,4}",2,2,2026-03-02 22:32:41.839157+00:00,2026-03-02 22:32:41.839157+00:00
244,C_CHW011,Chowchilla River,,,flow,2,3,1,False,,False,,ce8cf035-20e8-4c3a-bda2-0f6ae0720b78,"{1,3,4}",2,2,2026-03-02 22:32:41.839157+00:00,2026-03-02 22:32:41.839157+00:00
245,C_CHW017,Chowchilla River,,1508,flow,2,3,1,False,,False,,d00407df-4da7-49c9-a31d-067961a25e49,"{1,3,4}",2,2,2026-03-02 22:32:41.839157+00:00,2026-03-02 22:32:41.839157+00:00
246,C_CHW021,Chowchilla River,,,flow,2,3,1,False,,False,,c3ee92e6-a8af-49d6-b975-12c8dd9147f3,"{1,3,4}",2,2,2026-03-02 22:32:41.839157+00:00,2026-03-02 22:32:41.839157+00:00
247,C_CHW024,Chowchilla River,,1509,flow,2,3,1,False,,False,,fa0d329a-3275-4333-a48a-2b828e2ce0da,"{1,3,4}",2,2,2026-03-02 22:32:41.839157+00:00,2026-03-02 22:32:41.839157+00:00
248,C_CHW028,Chowchilla River,,,flow,2,3,1,False,,False,,21df2102-0f4b-418d-9dbf-0ff80c4decc2,"{1,3,4}",2,2,2026-03-02 22:32:41.839157+00:00,2026-03-02 22:32:41.839157+00:00
249,C_CHW031,Chowchilla River,,1510,flow,2,3,1,False,,False,,ac0b98f9-c946-4be7-ac58-7020ed88f06b,"{1,3,4}",2,2,2026-03-02 22:32:41.839157+00:00,2026-03-02 22:32:41.839157+00:00
250,C_CHW037,Chowchilla River,,,flow,2,3,1,False,,False,,1379dc62-5b60-4f72-8591-bf90c16a18eb,"{1,3,4}",2,2,2026-03-02 22:32:41.839157+00:00,2026-03-02 22:32:41.839157+00:00
251,C_CHY000,Cherry Creek,,1511,flow,2,3,1,False,,False,,14f1b092-726b-4ae6-9006-722c352401d3,"{1,3,4}",2,2,2026-03-02 22:32:41.839157+00:00,2026-03-02 22:32:41.839157+00:00
252,C_CHY001,Cherry Creek,,,flow,2,3,1,False,,False,,0be847a2-4757-4322-bcbc-a69d67e49055,"{1,3,4}",2,2,2026-03-02 22:32:41.839157+00:00,2026-03-02 22:32:41.839157+00:00
253,C_CHY006,Cherry Creek ,,1512,flow,2,3,1,False,,False,,7d020b01-9ea0-419f-aeae-112ddf32493e,"{1,3,4}",2,2,2026-03-02 22:32:41.839157+00:00,2026-03-02 22:32:41.839157+00:00
254,C_CHY007,Cherry Creek,,,flow,2,3,1,False,,False,,c81adbb2-6325-4e9c-943b-f989c120aaa3,"{1,3,4}",2,2,2026-03-02 22:32:41.839157+00:00,2026-03-02 22:32:41.839157+00:00
255,C_CHY011,Cherry Creek from CHY011 to Eleanor Creek inflow.,,1513,flow,2,3,1,False,,False,,9cfcf489-5860-4041-bbce-2084ef0dead6,"{1,3,4}",2,2,2026-03-02 22:32:41.839157+00:00,2026-03-02 22:32:41.839157+00:00
256,C_CLLOYD,Cherry Creek below the dam.,,,flow,2,3,1,False,,False,,bfcc9957-c17f-4e6b-9709-cb8754858dec,"{1,3,4}",2,2,2026-03-02 22:32:41.839157+00:00,2026-03-02 22:32:41.839157+00:00
257,C_CLR009,Clear Creek,,,flow,2,3,1,False,,False,,7d1aad08-1c10-4ddf-b241-b359ac4370fa,"{1,3,4}",2,2,2026-03-02 22:32:41.839157+00:00,2026-03-02 22:32:41.839157+00:00
258,C_CLR011,Clear Creek,,1514,flow,2,3,1,False,,False,,b1ae98c0-4539-47fc-941f-e4eb8c66e14f,"{1,3,4}",2,2,2026-03-02 22:32:41.839157+00:00,2026-03-02 22:32:41.839157+00:00
259,C_CLR025,Clear Creek,,,flow,2,3,1,False,,False,,dff7d20f-0487-47cb-9a77-08637699e4ac,"{1,3,4}",2,2,2026-03-02 22:32:41.839157+00:00,2026-03-02 22:32:41.839157+00:00
260,C_CLRLK,Cache Creek/Lower Lake,,1515,flow,2,3,1,False,,False,,a54411a2-41de-42c4-a00a-fce248ca3ebb,"{1,3,4}",2,2,2026-03-02 22:32:41.839157+00:00,2026-03-02 22:32:41.839157+00:00
261,C_CLV004,Calaveras River,,2045,flow,2,3,1,False,,False,,53abd863-f178-4709-90ff-8cc760eda425,"{1,3,4}",2,2,2026-03-02 22:32:41.839157+00:00,2026-03-02 22:32:41.839157+00:00
262,C_CLV006,Calaveras River,,1516,flow,2,3,1,False,,False,,761846df-8f43-441c-98c3-d7cf0bb263cc,"{1,3,4}",2,2,2026-03-02 22:32:41.839157+00:00,2026-03-02 22:32:41.839157+00:00
263,C_CLV009,Clavey River,,,flow,2,3,1,False,,False,,c7486fd7-036c-419c-8654-54ffd0f3881d,"{1,3,4}",2,2,2026-03-02 22:32:41.839157+00:00,2026-03-02 22:32:41.839157+00:00
264,C_CLV010,Calaveras River,,1517,flow,2,3,1,False,,False,,89519297-9193-4095-bb9b-8be5dd4ec33e,"{1,3,4}",2,2,2026-03-02 22:32:41.839157+00:00,2026-03-02 22:32:41.839157+00:00
265,C_CLV016,Calaveras River,,,flow,2,3,1,False,,False,,028484e4-ae13-48b5-a7bb-3b1194e6a872,"{1,3,4}",2,2,2026-03-02 22:32:41.839157+00:00,2026-03-02 22:32:41.839157+00:00
266,C_CLV023,Calaveras River,,1518,flow,2,3,1,False,,False,,572b58b0-e1d9-4d0c-9032-b5673a8bb3fa,"{1,3,4}",2,2,2026-03-02 22:32:41.839157+00:00,2026-03-02 22:32:41.839157+00:00
267,C_CLV026,Calaveras River,,,flow,2,3,1,False,,False,,6ab751cc-869c-4ed1-b094-d1d10de0b190,"{1,3,4}",2,2,2026-03-02 22:32:41.839157+00:00,2026-03-02 22:32:41.839157+00:00
268,C_CLV028,Calaveras River,,1519,flow,2,3,1,False,,False,,d324e004-433e-4360-9547-526d21d3fc3c,"{1,3,4}",2,2,2026-03-02 22:32:41.839157+00:00,2026-03-02 22:32:41.839157+00:00
269,C_CLV035,Calaveras River,,,flow,2,3,1,False,,False,,5d68b1e1-d968-4fd0-8f79-d436f05aebad,"{1,3,4}",2,2,2026-03-02 22:32:41.839157+00:00,2026-03-02 22:32:41.839157+00:00
270,C_CLV037,Calaveras River,,1520,flow,2,3,1,False,,False,,ac5ac7a9-8fa0-4b28-b397-e99b56fb4e0e,"{1,3,4}",2,2,2026-03-02 22:32:41.839157+00:00,2026-03-02 22:32:41.839157+00:00
271,C_CLV043,Calaveras River,,,flow,2,3,1,False,,False,,7e539cef-ec95-416b-adb9-4a172481edb0,"{1,3,4}",2,2,2026-03-02 22:32:41.839157+00:00,2026-03-02 22:32:41.839157+00:00
272,C_CLV044,Calaveras River,,1521,flow,2,3,1,False,,False,,bef21b0c-4dba-45ec-8f6b-8eea057ed2c5,"{1,3,4}",2,2,2026-03-02 22:32:41.839157+00:00,2026-03-02 22:32:41.839157+00:00
273,C_CMBIE,Bear River,,,flow,2,3,1,False,,False,,5432d892-00f9-4321-8c0e-a1d44c6fef97,"{1,3,4}",2,2,2026-03-02 22:32:41.839157+00:00,2026-03-02 22:32:41.839157+00:00
274,C_CMCHE,Mokelumne River,,1522,flow,2,3,1,False,,False,,869d9280-2012-44d7-a245-76b0d6b8befb,"{1,3,4}",2,2,2026-03-02 22:32:41.839157+00:00,2026-03-02 22:32:41.839157+00:00
275,C_CMN005,Camino Tunnel,,,flow,2,3,1,False,,False,,99519255-ef29-4650-b7fa-3d10345daea3,"{1,3,4}",2,2,2026-03-02 22:32:41.839157+00:00,2026-03-02 22:32:41.839157+00:00
276,C_CMN006,Camino Tunnel,,1523,flow,2,3,1,False,,False,,531dfe26-d0a5-42ac-b9a1-7007f0d131da,"{1,3,4}",2,2,2026-03-02 22:32:41.839157+00:00,2026-03-02 22:32:41.839157+00:00
277,C_CMP001,Camp Creek,,,flow,2,3,1,False,,False,,cd895983-241b-4b97-868c-66b184ae108e,"{1,3,4}",2,2,2026-03-02 22:32:41.839157+00:00,2026-03-02 22:32:41.839157+00:00
278,C_CMP005,Camp Creek,,1524,flow,2,3,1,False,,False,,205e6f5f-7f44-4095-ae22-ebef1608eb69,"{1,3,4}",2,2,2026-03-02 22:32:41.839157+00:00,2026-03-02 22:32:41.839157+00:00
279,C_CMP014,Camp Creek,,,flow,2,3,1,False,,False,,aa363379-a733-4c8b-bd7d-7748833fe584,"{1,3,4}",2,2,2026-03-02 22:32:41.839157+00:00,2026-03-02 22:32:41.839157+00:00
280,C_CMPFW,Bear River,,1525,flow,2,3,1,False,,False,,7a82fa30-48fc-4f10-ab78-9aeb11f43483,"{1,3,4}",2,2,2026-03-02 22:32:41.839157+00:00,2026-03-02 22:32:41.839157+00:00
281,C_CMT000,Camptonville Tunnel,,,flow,2,3,1,False,,False,,b5364cf1-be51-4248-9ef1-e9b4686c8429,"{1,3,4}",2,2,2026-03-02 22:32:41.839157+00:00,2026-03-02 22:32:41.839157+00:00
282,C_COL001,Cole Creek,,1526,flow,2,3,1,False,,False,,0be5c88d-504c-4d45-89fe-793003a2a89b,"{1,3,4}",2,2,2026-03-02 22:32:41.839157+00:00,2026-03-02 22:32:41.839157+00:00
283,C_COL002,Cole Creek,,,flow,2,3,1,False,,False,,bed844aa-e9a5-4a1f-81ad-e3b3558768b6,"{1,3,4}",2,2,2026-03-02 22:32:41.839157+00:00,2026-03-02 22:32:41.839157+00:00
284,C_COL003,Cole Creek,,1527,flow,2,3,1,False,,False,,7c615f96-a278-43db-ab54-d6182fd0560f,"{1,3,4}",2,2,2026-03-02 22:32:41.839157+00:00,2026-03-02 22:32:41.839157+00:00
285,C_COT033,Cottonwood Creek,,,flow,2,3,1,False,,False,,49256271-51c0-455f-a9fa-abaea5963da5,"{1,3,4}",2,2,2026-03-02 22:32:41.839157+00:00,2026-03-02 22:32:41.839157+00:00
286,C_COW003,Cow Creek,,1528,flow,2,3,1,False,,False,,a1455527-7295-4856-9268-25000cfe435e,"{1,3,4}",2,2,2026-03-02 22:32:41.839157+00:00,2026-03-02 22:32:41.839157+00:00
287,C_COW007,Cow Creek,,,flow,2,3,1,False,,False,,84c86ef3-35b9-4f02-b190-8a99e3764d2c,"{1,3,4}",2,2,2026-03-02 22:32:41.839157+00:00,2026-03-02 22:32:41.839157+00:00
288,C_COW014,Cow Creek,,1529,flow,2,3,1,False,,False,,9aecc283-44a8-4f4e-95e0-38fd327185ea,"{1,3,4}",2,2,2026-03-02 22:32:41.839157+00:00,2026-03-02 22:32:41.839157+00:00
289,C_CPC008,Caples Creek,,,flow,2,3,1,False,,False,,b7c1f8ae-d40e-4cb6-9b33-f9cfaff573f6,"{1,3,4}",2,2,2026-03-02 22:32:41.839157+00:00,2026-03-02 22:32:41.839157+00:00
290,C_CPF001,,,1530,flow,2,3,1,False,,False,,c504f8f1-66fa-46ac-845b-f53689cde30d,"{1,3,4}",2,2,2026-03-02 22:32:41.839157+00:00,2026-03-02 22:32:41.839157+00:00
291,C_CRB002,Caribou PH No1 and No2 Tailwater,,1531,flow,2,3,1,False,,False,,d3d47322-f08c-411b-88d7-fbd9922f4971,"{1,3,4}",2,2,2026-03-02 22:32:41.839157+00:00,2026-03-02 22:32:41.839157+00:00
292,C_CRC002,Natomas Cross Canal,,,flow,2,3,1,False,,False,,ba4ed517-a8ad-449c-90b7-217b3bf189d2,"{1,3,4}",2,2,2026-03-02 22:32:41.839157+00:00,2026-03-02 22:32:41.839157+00:00
293,C_CRK005,Cherokee Canal,,1532,flow,2,3,1,False,,False,,1c881994-4f7a-4c5d-804c-e6df07441669,"{1,3,4}",2,2,2026-03-02 22:32:41.839157+00:00,2026-03-02 22:32:41.839157+00:00
294,C_CSB004,,,,flow,2,3,1,False,,False,,9a619a87-2f37-458c-b5f9-f00cb331e573,"{1,3,4}",2,2,2026-03-02 22:32:41.839157+00:00,2026-03-02 22:32:41.839157+00:00
295,C_CSB009,,,,flow,2,3,1,False,,False,,f4dbf30a-0c97-4db6-9d70-3421906f1d38,"{1,3,4}",2,2,2026-03-02 22:32:41.839157+00:00,2026-03-02 22:32:41.839157+00:00
296,C_CSB015,,,,flow,2,3,1,False,,False,,9b1cec01-eea3-482e-8ee0-cd802f4efaea,"{1,3,4}",2,2,2026-03-02 22:32:41.839157+00:00,2026-03-02 22:32:41.839157+00:00
297,C_CSB038,,,,flow,2,3,1,False,,False,,e8c6c8d4-dc91-4b4d-844d-f7a03aa82b55,"{1,3,4}",2,2,2026-03-02 22:32:41.839157+00:00,2026-03-02 22:32:41.839157+00:00
298,C_CSD014,Cascade Canal,,,flow,2,3,1,False,,False,,b0716359-686f-4fc6-a1f1-73d14728ba1d,"{1,3,4}",2,2,2026-03-02 22:32:41.839157+00:00,2026-03-02 22:32:41.839157+00:00
299,C_CSL004A,Cache Slough,,1533,flow,2,3,1,False,,False,,e528bc4d-26de-476a-8595-c259cfa70d1c,"{1,3,4}",2,2,2026-03-02 22:32:41.839157+00:00,2026-03-02 22:32:41.839157+00:00
300,C_CSL004B,Cache Slough,,,flow,2,3,1,False,,False,,a578b9f3-fc47-4fce-ab1c-9d89ca932200,"{1,3,4}",2,2,2026-03-02 22:32:41.839157+00:00,2026-03-02 22:32:41.839157+00:00
301,C_CSL005,Cache Slough,,1534,flow,2,3,1,False,,False,,8148d468-7145-4061-af8c-e2a1b6a22b63,"{1,3,4}",2,2,2026-03-02 22:32:41.839157+00:00,2026-03-02 22:32:41.839157+00:00
302,C_CSL005a,Yolo Bypass,,,flow,2,3,1,False,,False,,0e3c65aa-127f-4240-95bc-d280e38c59c0,"{1,3,4}",2,2,2026-03-02 22:32:41.839157+00:00,2026-03-02 22:32:41.839157+00:00
303,C_CSL005b,Lindsey Slough,,,flow,2,3,1,False,,False,,8e1ed39b-d5fd-42f6-be58-c693706c9dcb,"{1,3,4}",2,2,2026-03-02 22:32:41.839157+00:00,2026-03-02 22:32:41.839157+00:00
304,C_CSM001,Cosumnes River,,,flow,2,3,1,False,,False,,bd9d4320-e13d-4cdd-8fa4-36da60f54e4f,"{1,3,4}",2,2,2026-03-02 22:32:41.839157+00:00,2026-03-02 22:32:41.839157+00:00
305,C_CSM005,Cosumnes River,,1535,flow,2,3,1,False,,False,,74b39d85-daa1-48d8-822c-4b90ff9eaf79,"{1,3,4}",2,2,2026-03-02 22:32:41.839157+00:00,2026-03-02 22:32:41.839157+00:00
306,C_CSM011,Cosumnes River,,,flow,2,3,1,False,,False,,0d758f03-0a38-43f5-b539-27309a1d08cc,"{1,3,4}",2,2,2026-03-02 22:32:41.839157+00:00,2026-03-02 22:32:41.839157+00:00
307,C_CSM016,Cosumnes River,,1536,flow,2,3,1,False,,False,,aebcd0b5-5b55-40f7-be67-689447263462,"{1,3,4}",2,2,2026-03-02 22:32:41.839157+00:00,2026-03-02 22:32:41.839157+00:00
308,C_CSM021,Cosumnes River,,,flow,2,3,1,False,,False,,183dbc43-a61f-4cba-87fe-57c28353c826,"{1,3,4}",2,2,2026-03-02 22:32:41.839157+00:00,2026-03-02 22:32:41.839157+00:00
309,C_CSM026,Cosumnes River,,1537,flow,2,3,1,False,,False,,7540a70c-5fd5-450c-8767-b85afbaffd47,"{1,3,4}",2,2,2026-03-02 22:32:41.839157+00:00,2026-03-02 22:32:41.839157+00:00
310,C_CSM033,Cosumnes River,,,flow,2,3,1,False,,False,,546cdb5f-72f6-4570-a041-78de16fbc37f,"{1,3,4}",2,2,2026-03-02 22:32:41.839157+00:00,2026-03-02 22:32:41.839157+00:00
311,C_CSM035,Cosumnes River,,1538,flow,2,3,1,False,,False,,eb1e8bd6-4640-4496-b661-decd0dc42f5f,"{1,3,4}",2,2,2026-03-02 22:32:41.839157+00:00,2026-03-02 22:32:41.839157+00:00
312,C_CSM051,Cosumnes River,,,flow,2,3,1,False,,False,,ddd0ce50-fae5-42d1-a338-676410938073,"{1,3,4}",2,2,2026-03-02 22:32:41.839157+00:00,2026-03-02 22:32:41.839157+00:00
313,C_CSM052,Cosumnes River,,,flow,2,3,1,False,,False,,af29085f-0794-4749-818e-b43d0e6889c8,"{1,3,4}",2,2,2026-03-02 22:32:41.839157+00:00,2026-03-02 22:32:41.839157+00:00
314,C_CST004,Cresta Tunnel,,,flow,2,3,1,False,,False,,37aeb480-1d17-444a-9e1d-ce9bcdb9a591,"{1,3,4}",2,2,2026-03-02 22:32:41.839157+00:00,2026-03-02 22:32:41.839157+00:00
315,C_CSTIC,,,1539,flow,2,3,1,False,,False,,ccd77e9d-f98d-4d6a-8ac5-7da75224394b,"{1,3,4}",2,2,2026-03-02 22:32:41.839157+00:00,2026-03-02 22:32:41.839157+00:00
316,C_CVT000,Collerville Tunnel,,1540,flow,2,3,1,False,,False,,4c07795e-5f1d-4895-8127-6f52b984c410,"{1,3,4}",2,2,2026-03-02 22:32:41.839157+00:00,2026-03-02 22:32:41.839157+00:00
317,C_CVT005,Collerville Tunnel,,,flow,2,3,1,False,,False,,bcc1c56c-8fb9-4ebd-9733-fa2f2b992964,"{1,3,4}",2,2,2026-03-02 22:32:41.839157+00:00,2026-03-02 22:32:41.839157+00:00
318,C_CVT009,Collerville Tunnel,,1541,flow,2,3,1,False,,False,,1e736bb1-179c-4134-8ee5-70af141adec1,"{1,3,4}",2,2,2026-03-02 22:32:41.839157+00:00,2026-03-02 22:32:41.839157+00:00
319,C_CVY009,,,,flow,2,3,1,False,,False,,8e4f10b7-0006-4e25-914d-61b0d0ef17b2,"{1,3,4}",2,2,2026-03-02 22:32:41.839157+00:00,2026-03-02 22:32:41.839157+00:00
320,C_CWD003,Cottonwood Creek,,,flow,2,3,1,False,,False,,922612a0-9e4c-423c-baad-7f2e9f95ec39,"{1,3,4}",2,2,2026-03-02 22:32:41.839157+00:00,2026-03-02 22:32:41.839157+00:00
321,C_CWD004,Cottonwood Creek,,1542,flow,2,3,1,False,,False,,04713dca-4678-497e-9ee4-c5f8fa5f85f0,"{1,3,4}",2,2,2026-03-02 22:32:41.839157+00:00,2026-03-02 22:32:41.839157+00:00
322,C_CWD009,Cottonwood Creek,,,flow,2,3,1,False,,False,,0d868bc0-52ca-406d-8e3d-8736cf6d2e12,"{1,3,4}",2,2,2026-03-02 22:32:41.839157+00:00,2026-03-02 22:32:41.839157+00:00
323,C_CWD013,Cottonwood Creek,,1543,flow,2,3,1,False,,False,,66bd7730-abcc-4471-a367-43c64fcf1331,"{1,3,4}",2,2,2026-03-02 22:32:41.839157+00:00,2026-03-02 22:32:41.839157+00:00
324,C_CWD018,Cottonwood Creek,,1544,flow,2,3,1,False,,False,,27ecb5c3-8e28-44d8-9fc7-b5638af51743,"{1,3,4}",2,2,2026-03-02 22:32:41.839157+00:00,2026-03-02 22:32:41.839157+00:00
325,C_CWD022,Cottonwood Creek,,,flow,2,3,1,False,,False,,af5508ba-cb68-4e98-ad51-1919758d4bc6,"{1,3,4}",2,2,2026-03-02 22:32:41.839157+00:00,2026-03-02 22:32:41.839157+00:00
326,C_CYN009,Canyon Creek,,,flow,2,3,1,False,,False,,3e2f058f-1b91-48f4-8f56-65465213b825,"{1,3,4}",2,2,2026-03-02 22:32:41.839157+00:00,2026-03-02 22:32:41.839157+00:00
327,C_CYN010,Canyon Creek,,1545,flow,2,3,1,False,,False,,5d1ce105-320d-443b-aa20-4ce211a1a303,"{1,3,4}",2,2,2026-03-02 22:32:41.839157+00:00,2026-03-02 22:32:41.839157+00:00
328,C_DAVIS,Big Grizzly Creek,,,flow,2,3,1,False,,False,,351b9ac9-4843-4cb7-a27b-1563b893e4c4,"{1,3,4}",2,2,2026-03-02 22:32:41.839157+00:00,2026-03-02 22:32:41.839157+00:00
329,C_DBC014,Dry Creek/Berenda Creek (Conceptual Combination),,1546,flow,2,3,1,False,,False,,0e2bcecc-f017-4c70-bf60-65ffc7a105ec,"{1,3,4}",2,2,2026-03-02 22:32:41.839157+00:00,2026-03-02 22:32:41.839157+00:00
330,C_DBC024,Dry Creek/Berenda Creek (Conceptual Combination),,,flow,2,3,1,False,,False,,dbf75c13-e561-4cdf-98b0-595342409fbf,"{1,3,4}",2,2,2026-03-02 22:32:41.839157+00:00,2026-03-02 22:32:41.839157+00:00
331,C_DCC008,Duncan Canyon Creek,,1547,flow,2,3,1,False,,False,,5c68a844-76ab-4821-9378-83189bde28b5,"{1,3,4}",2,2,2026-03-02 22:32:41.839157+00:00,2026-03-02 22:32:41.839157+00:00
332,C_DCC009,Duncan Canyon Creek,,,flow,2,3,1,False,,False,,b9910028-a78a-427f-bed7-655a5f66ad4e,"{1,3,4}",2,2,2026-03-02 22:32:41.839157+00:00,2026-03-02 22:32:41.839157+00:00
333,C_DCC010,Duncan Canyon Creek,,1548,flow,2,3,1,False,,False,,8c73f2e5-e97a-448c-a05e-30f62b20e5c0,"{1,3,4}",2,2,2026-03-02 22:32:41.839157+00:00,2026-03-02 22:32:41.839157+00:00
334,C_DCK012,Dry Creek,,,flow,2,3,1,False,,False,,0c8c0edc-1cb0-4b2e-b7f9-172ae16dae11,"{1,3,4}",2,2,2026-03-02 22:32:41.839157+00:00,2026-03-02 22:32:41.839157+00:00
335,C_DCM019,Dry Creek (Merced),,1549,flow,2,3,1,False,,False,,525d25ba-db5a-4607-995b-cf81e7020b07,"{1,3,4}",2,2,2026-03-02 22:32:41.839157+00:00,2026-03-02 22:32:41.839157+00:00
336,C_DCM027,Dry Creek (Merced),,,flow,2,3,1,False,,False,,661805d3-640b-4e39-99c1-bb0c33311f1c,"{1,3,4}",2,2,2026-03-02 22:32:41.839157+00:00,2026-03-02 22:32:41.839157+00:00
337,C_DCT050,Dry Creek (Tuolumne),,1550,flow,2,3,1,False,,False,,85f73ee2-b528-42c4-b10d-988b54bd18c9,"{1,3,4}",2,2,2026-03-02 22:32:41.839157+00:00,2026-03-02 22:32:41.839157+00:00
338,C_DED003,Deadman Creek,,,flow,2,3,1,False,,False,,8ea74870-b2bc-4fca-adf4-b9adb67aeb84,"{1,3,4}",2,2,2026-03-02 22:32:41.839157+00:00,2026-03-02 22:32:41.839157+00:00
339,C_DED010,Deadman Creek,,1551,flow,2,3,1,False,,False,,c008c245-25bf-4477-927a-3f7251e8b0b9,"{1,3,4}",2,2,2026-03-02 22:32:41.839157+00:00,2026-03-02 22:32:41.839157+00:00
340,C_DED012,Deadman Creek,,,flow,2,3,1,False,,False,,a70d31b8-1201-4b42-86cd-d3fb5473939d,"{1,3,4}",2,2,2026-03-02 22:32:41.839157+00:00,2026-03-02 22:32:41.839157+00:00
341,C_DED019,Deadman Creek,,1552,flow,2,3,1,False,,False,,233ccd8b-0687-4c9e-88c0-8a7c011085af,"{1,3,4}",2,2,2026-03-02 22:32:41.839157+00:00,2026-03-02 22:32:41.839157+00:00
342,C_DED025,Deadman Creek,,,flow,2,3,1,False,,False,,b137ebff-0e1a-4538-870e-a3657209f5ad,"{1,3,4}",2,2,2026-03-02 22:32:41.839157+00:00,2026-03-02 22:32:41.839157+00:00
343,C_DED032,Deadman Creek,,1553,flow,2,3,1,False,,False,,8a53dd8f-c67e-4f43-8abd-b3059006579b,"{1,3,4}",2,2,2026-03-02 22:32:41.839157+00:00,2026-03-02 22:32:41.839157+00:00
344,C_DED035,Deadman Creek,,,flow,2,3,1,False,,False,,0d37721a-8a7d-4404-bb88-1b3665ee7180,"{1,3,4}",2,2,2026-03-02 22:32:41.839157+00:00,2026-03-02 22:32:41.839157+00:00
345,C_DED038,Deadman Creek,,1554,flow,2,3,1,False,,False,,304a143f-588e-4781-8834-e902e8137b98,"{1,3,4}",2,2,2026-03-02 22:32:41.839157+00:00,2026-03-02 22:32:41.839157+00:00
346,C_DED044,Deadman Creek,,,flow,2,3,1,False,,False,,d6c107f3-e33c-4539-99ba-9bce91bba0aa,"{1,3,4}",2,2,2026-03-02 22:32:41.839157+00:00,2026-03-02 22:32:41.839157+00:00
347,C_DEE020,Deer Creek (South),,1555,flow,2,3,1,False,,False,,e44abbd1-751a-4ef9-a26b-7366cc6de8cb,"{1,3,4}",2,2,2026-03-02 22:32:41.839157+00:00,2026-03-02 22:32:41.839157+00:00
348,C_DEE023,Deer Creek (South),,,flow,2,3,1,False,,False,,cc889b0e-9e31-4314-9cb8-1380e378d57c,"{1,3,4}",2,2,2026-03-02 22:32:41.839157+00:00,2026-03-02 22:32:41.839157+00:00
349,C_DELVE,,,1556,flow,2,3,1,False,,False,,5862a2f9-018b-4f90-a75f-850e074e48fd,"{1,3,4}",2,2,2026-03-02 22:32:41.839157+00:00,2026-03-02 22:32:41.839157+00:00
350,C_DER001,Deer Creek,,1557,flow,2,3,1,False,,False,,8389b395-55d1-4927-93c7-a0612b27921d,"{1,3,4}",2,2,2026-03-02 22:32:41.839157+00:00,2026-03-02 22:32:41.839157+00:00
351,C_DER002,Deer Creek,,,flow,2,3,1,False,,False,,cc81c462-ae3f-4d03-8083-64977babe66a,"{1,3,4}",2,2,2026-03-02 22:32:41.839157+00:00,2026-03-02 22:32:41.839157+00:00
352,C_DER004,Deer Creek,,1558,flow,2,3,1,False,,False,,8cebd613-caba-49a0-b40b-bb3d8b6f7dd3,"{1,3,4}",2,2,2026-03-02 22:32:41.839157+00:00,2026-03-02 22:32:41.839157+00:00
353,C_DER011,Deer Creek,,,flow,2,3,1,False,,False,,65bf0237-3c47-4aff-8f48-fda4f9f3659b,"{1,3,4}",2,2,2026-03-02 22:32:41.839157+00:00,2026-03-02 22:32:41.839157+00:00
354,C_DER018,Deer Creek,,1559,flow,2,3,1,False,,False,,1ec79552-f587-4298-aa26-fc43da3b6c4b,"{1,3,4}",2,2,2026-03-02 22:32:41.839157+00:00,2026-03-02 22:32:41.839157+00:00
355,C_DER022,Deer Creek,,,flow,2,3,1,False,,False,,4bb93498-8ec8-418e-a53f-0887499c99af,"{1,3,4}",2,2,2026-03-02 22:32:41.839157+00:00,2026-03-02 22:32:41.839157+00:00
356,C_DER027,South Fork Deer Creek,,1560,flow,2,3,1,False,,False,,93c108dc-0e4b-4143-b246-0446eb091990,"{1,3,4}",2,2,2026-03-02 22:32:41.839157+00:00,2026-03-02 22:32:41.839157+00:00
357,C_DES006,D+AC0-S Canal,,,flow,2,3,1,False,,False,,490d3ed3-4928-419b-852f-d0a8309a1730,"{1,3,4}",2,2,2026-03-02 22:32:41.839157+00:00,2026-03-02 22:32:41.839157+00:00
358,C_DFF005,,,,flow,2,3,1,False,,False,,d2259c64-7af2-4475-be6a-9401f27891f2,"{1,3,4}",2,2,2026-03-02 22:32:41.839157+00:00,2026-03-02 22:32:41.839157+00:00
359,C_DHC001,Dry/Hutchinson Creeks,,,flow,2,3,1,False,,False,,222b74fa-a96d-431f-aada-eb8d9912c3b1,"{1,3,4}",2,2,2026-03-02 22:32:41.839157+00:00,2026-03-02 22:32:41.839157+00:00
360,C_DHC021,Best Slough,,1561,flow,2,3,1,False,,False,,4150d9ae-d498-436f-aaee-6ea2880fb0b2,"{1,3,4}",2,2,2026-03-02 22:32:41.839157+00:00,2026-03-02 22:32:41.839157+00:00
361,C_DMC000,Delta+AC0-Mendota Canal,,2046,flow,2,3,1,False,,False,,3ac67df0-d6f1-40fb-9e70-32f73f82a08a,"{1,3,4}",2,2,2026-03-02 22:32:41.839157+00:00,2026-03-02 22:32:41.839157+00:00
362,C_DMC000_CVP_DELTA,,,1562,flow,2,3,1,False,,False,,9c110606-6656-45e7-bf28-f411eb70ebd5,"{1,3,4}",2,2,2026-03-02 22:32:41.839157+00:00,2026-03-02 22:32:41.839157+00:00
363,C_DMC003,Delta+AC0-Mendota Canal,,1563,flow,2,3,1,False,,False,,4de806c1-36ef-4b89-8829-b3593196379b,"{1,3,4}",2,2,2026-03-02 22:32:41.839157+00:00,2026-03-02 22:32:41.839157+00:00
364,C_DMC007,Delta+AC0-Mendota Canal,,,flow,2,3,1,False,,False,,a8d93478-3bad-4e65-97c2-f01c4912dab3,"{1,3,4}",2,2,2026-03-02 22:32:41.839157+00:00,2026-03-02 22:32:41.839157+00:00
365,C_DMC011,Delta+AC0-Mendota Canal,,1564,flow,2,3,1,False,,False,,af2a49e3-ea6a-4e2a-9beb-3d49c7d81a9e,"{1,3,4}",2,2,2026-03-02 22:32:41.839157+00:00,2026-03-02 22:32:41.839157+00:00
366,C_DMC016,Delta+AC0-Mendota Canal,,,flow,2,3,1,False,,False,,2223235d-94b2-4eb9-977d-c373efbb1a01,"{1,3,4}",2,2,2026-03-02 22:32:41.839157+00:00,2026-03-02 22:32:41.839157+00:00
367,C_DMC021,Delta+AC0-Mendota Canal,,1565,flow,2,3,1,False,,False,,ae4a39aa-9330-47ca-ba80-e3647b71da4a,"{1,3,4}",2,2,2026-03-02 22:32:41.839157+00:00,2026-03-02 22:32:41.839157+00:00
368,C_DMC024,Delta+AC0-Mendota Canal,,,flow,2,3,1,False,,False,,efbe355c-c8b4-44da-b5f2-dc939539e5bb,"{1,3,4}",2,2,2026-03-02 22:32:41.839157+00:00,2026-03-02 22:32:41.839157+00:00
369,C_DMC030,Delta+AC0-Mendota Canal,,1566,flow,2,3,1,False,,False,,1d3918c8-5535-4bb4-8851-822c6705b76d,"{1,3,4}",2,2,2026-03-02 22:32:41.839157+00:00,2026-03-02 22:32:41.839157+00:00
370,C_DMC034,Delta+AC0-Mendota Canal,,,flow,2,3,1,False,,False,,cc80758e-3923-47b2-9e2b-a5e5367200d8,"{1,3,4}",2,2,2026-03-02 22:32:41.839157+00:00,2026-03-02 22:32:41.839157+00:00
371,C_DMC039,Delta+AC0-Mendota Canal,,1567,flow,2,3,1,False,,False,,c16a802d-979a-4dc6-a5a9-4a2bca0137f4,"{1,3,4}",2,2,2026-03-02 22:32:41.839157+00:00,2026-03-02 22:32:41.839157+00:00
372,C_DMC044,Delta+AC0-Mendota Canal,,,flow,2,3,1,False,,False,,65a92e4f-89f9-4f02-ad24-6fd94e21f09c,"{1,3,4}",2,2,2026-03-02 22:32:41.839157+00:00,2026-03-02 22:32:41.839157+00:00
373,C_DMC049,Delta+AC0-Mendota Canal,,1568,flow,2,3,1,False,,False,,60df0965-ac65-4e8b-a592-8b8bda6ec4a6,"{1,3,4}",2,2,2026-03-02 22:32:41.839157+00:00,2026-03-02 22:32:41.839157+00:00
374,C_DMC054,Delta+AC0-Mendota Canal,,,flow,2,3,1,False,,False,,afa863d9-71b2-496d-8310-39918b5bb65b,"{1,3,4}",2,2,2026-03-02 22:32:41.839157+00:00,2026-03-02 22:32:41.839157+00:00
375,C_DMC058,Delta+AC0-Mendota Canal,,1569,flow,2,3,1,False,,False,,eda121ea-9074-4a1d-82e4-6407b7aa555e,"{1,3,4}",2,2,2026-03-02 22:32:41.839157+00:00,2026-03-02 22:32:41.839157+00:00
376,C_DMC064,Delta+AC0-Mendota Canal,,,flow,2,3,1,False,,False,,0554ef5c-ed90-428f-8311-47bf015e4947,"{1,3,4}",2,2,2026-03-02 22:32:41.839157+00:00,2026-03-02 22:32:41.839157+00:00
377,C_DMC070,Delta+AC0-Mendota Canal,,1570,flow,2,3,1,False,,False,,26c138c6-063d-445f-b2c7-42d23bfa2e28,"{1,3,4}",2,2,2026-03-02 22:32:41.839157+00:00,2026-03-02 22:32:41.839157+00:00
378,C_DMC074,Delta+AC0-Mendota Canal,,,flow,2,3,1,False,,False,,67847275-946a-4f90-a962-bb8c622126db,"{1,3,4}",2,2,2026-03-02 22:32:41.839157+00:00,2026-03-02 22:32:41.839157+00:00
379,C_DMC076,Delta+AC0-Mendota Canal,,1571,flow,2,3,1,False,,False,,8c39d572-5b01-48da-ab64-044076452daa,"{1,3,4}",2,2,2026-03-02 22:32:41.839157+00:00,2026-03-02 22:32:41.839157+00:00
380,C_DMC080,Delta+AC0-Mendota Canal,,,flow,2,3,1,False,,False,,33108977-2a28-4a53-b7ca-ad44027bb7cf,"{1,3,4}",2,2,2026-03-02 22:32:41.839157+00:00,2026-03-02 22:32:41.839157+00:00
381,C_DMC085,Delta+AC0-Mendota Canal,,1572,flow,2,3,1,False,,False,,a93d782e-2eeb-4627-b782-b2da04fa4b0f,"{1,3,4}",2,2,2026-03-02 22:32:41.839157+00:00,2026-03-02 22:32:41.839157+00:00
382,C_DMC091,Delta+AC0-Mendota Canal,,,flow,2,3,1,False,,False,,10162e8e-7e33-4021-bae1-e57a80f03e5c,"{1,3,4}",2,2,2026-03-02 22:32:41.839157+00:00,2026-03-02 22:32:41.839157+00:00
383,C_DMC097,Delta+AC0-Mendota Canal,,1573,flow,2,3,1,False,,False,,6ff85678-113c-43e4-9a02-7ad55c811beb,"{1,3,4}",2,2,2026-03-02 22:32:41.839157+00:00,2026-03-02 22:32:41.839157+00:00
384,C_DMC105,Delta+AC0-Mendota Canal,,,flow,2,3,1,False,,False,,ff74d1e3-182d-47ef-90e5-d8f62c9356f5,"{1,3,4}",2,2,2026-03-02 22:32:41.839157+00:00,2026-03-02 22:32:41.839157+00:00
385,C_DMC111,Delta+AC0-Mendota Canal,,1574,flow,2,3,1,False,,False,,845a18c6-dab2-4007-9612-f021be1b3c1b,"{1,3,4}",2,2,2026-03-02 22:32:41.839157+00:00,2026-03-02 22:32:41.839157+00:00
386,C_DMC116,Delta+AC0-Mendota Canal,,,flow,2,3,1,False,,False,,01d214d1-d6f6-4681-ae84-f0c7fd23d9c7,"{1,3,4}",2,2,2026-03-02 22:32:41.839157+00:00,2026-03-02 22:32:41.839157+00:00
387,C_DONLL,Middle Fork Stanislaus River,,1575,flow,2,3,1,False,,False,,78005bea-91b6-4a6a-bdb0-98628c63fdbf,"{1,3,4}",2,2,2026-03-02 22:32:41.839157+00:00,2026-03-02 22:32:41.839157+00:00
388,C_DPC008,Del Puerto Creek,,,flow,2,3,1,False,,False,,7f9367e7-0b49-4d36-8eb6-e90c09476c67,"{1,3,4}",2,2,2026-03-02 22:32:41.839157+00:00,2026-03-02 22:32:41.839157+00:00
389,C_DPH008,Donnell Tunnel,,1576,flow,2,3,1,False,,False,,0bb9fbc7-d63e-4acc-9287-359dee10081d,"{1,3,4}",2,2,2026-03-02 22:32:41.839157+00:00,2026-03-02 22:32:41.839157+00:00
390,C_DRC005,Deer Creek,,,flow,2,3,1,False,,False,,5056f9ed-dbfc-4180-ad90-cf90b16220df,"{1,3,4}",2,2,2026-03-02 22:32:41.839157+00:00,2026-03-02 22:32:41.839157+00:00
391,C_DRC010,Deer Creek,,1577,flow,2,3,1,False,,False,,ca072171-45b7-4748-9186-602327cd6b20,"{1,3,4}",2,2,2026-03-02 22:32:41.839157+00:00,2026-03-02 22:32:41.839157+00:00
392,C_DRC012,Deer Creek,,,flow,2,3,1,False,,False,,7cd60daf-0626-4c7f-9f2e-a958592f7f86,"{1,3,4}",2,2,2026-03-02 22:32:41.839157+00:00,2026-03-02 22:32:41.839157+00:00
393,C_DRM000,Drum Canal,,1578,flow,2,3,1,False,,False,,d593713f-708f-456e-94c9-e177be763d7f,"{1,3,4}",2,2,2026-03-02 22:32:41.839157+00:00,2026-03-02 22:32:41.839157+00:00
394,C_DRM001,Drum Canal,,,flow,2,3,1,False,,False,,9180f5eb-8d85-46eb-bd79-f5bd8696dd27,"{1,3,4}",2,2,2026-03-02 22:32:41.839157+00:00,2026-03-02 22:32:41.839157+00:00
395,C_DRM001_PGE,,,1579,flow,2,3,1,False,,False,,1c3ea994-596a-4505-9d60-94eda1c24703,"{1,3,4}",2,2,2026-03-02 22:32:41.839157+00:00,2026-03-02 22:32:41.839157+00:00
396,C_DRM002,Drum Canal,,1580,flow,2,3,1,False,,False,,ffb9e432-0220-4ff5-bd4b-de1ee6d3a9c0,"{1,3,4}",2,2,2026-03-02 22:32:41.839157+00:00,2026-03-02 22:32:41.839157+00:00
397,C_DRM002_PGE,,,,flow,2,3,1,False,,False,,c7d93196-106f-4e28-96db-5bf9aca699d2,"{1,3,4}",2,2,2026-03-02 22:32:41.839157+00:00,2026-03-02 22:32:41.839157+00:00
398,C_DRM003,Drum Canal,,,flow,2,3,1,False,,False,,3dc0e42a-7ed8-4107-b225-48b64adb6a1e,"{1,3,4}",2,2,2026-03-02 22:32:41.839157+00:00,2026-03-02 22:32:41.839157+00:00
399,C_DRM003_PGE,,,,flow,2,3,1,False,,False,,876d8291-2630-48c3-a971-f8c4adb4f81d,"{1,3,4}",2,2,2026-03-02 22:32:41.839157+00:00,2026-03-02 22:32:41.839157+00:00
400,C_DRM008,Drum Canal,,,flow,2,3,1,False,,False,,133decc5-aca5-47ef-9891-dfa1bbf207d6,"{1,3,4}",2,2,2026-03-02 22:32:41.839157+00:00,2026-03-02 22:32:41.839157+00:00
401,C_DRM008_PGE,,,1581,flow,2,3,1,False,,False,,13bb809d-44ce-4017-9c67-e43051053776,"{1,3,4}",2,2,2026-03-02 22:32:41.839157+00:00,2026-03-02 22:32:41.839157+00:00
402,C_DRM009,Drum Canal,,1582,flow,2,3,1,False,,False,,3de43bb3-ae76-4550-b202-1fdf14663228,"{1,3,4}",2,2,2026-03-02 22:32:41.839157+00:00,2026-03-02 22:32:41.839157+00:00
403,C_DRM009_PGE,,,,flow,2,3,1,False,,False,,ca432598-0220-455c-abc7-8f3c36d254b2,"{1,3,4}",2,2,2026-03-02 22:32:41.839157+00:00,2026-03-02 22:32:41.839157+00:00
404,C_DRM011,Drum Canal,,,flow,2,3,1,False,,False,,f331a64d-f6c1-4c6e-ab2e-a9865bea3261,"{1,3,4}",2,2,2026-03-02 22:32:41.839157+00:00,2026-03-02 22:32:41.839157+00:00
405,C_DSC008,Dry Creek/Sutter Creek,,1583,flow,2,3,1,False,,False,,db3f0e77-ccec-4bee-9569-f2b319f24ad7,"{1,3,4}",2,2,2026-03-02 22:32:41.839157+00:00,2026-03-02 22:32:41.839157+00:00
406,C_DSC012,Dry Creek/Sutter Creek,,,flow,2,3,1,False,,False,,611c5afd-424b-4675-a657-b956159fbc93,"{1,3,4}",2,2,2026-03-02 22:32:41.839157+00:00,2026-03-02 22:32:41.839157+00:00
407,C_DSC016,Dry Creek/Sutter Creek,,1584,flow,2,3,1,False,,False,,4ecd70bd-5c81-4185-98b6-5a5754f22742,"{1,3,4}",2,2,2026-03-02 22:32:41.839157+00:00,2026-03-02 22:32:41.839157+00:00
408,C_DSC023,Dry Creek/Sutter Creek,,,flow,2,3,1,False,,False,,a6db75d6-ff8c-4c3c-8723-a028146bfd1a,"{1,3,4}",2,2,2026-03-02 22:32:41.839157+00:00,2026-03-02 22:32:41.839157+00:00
409,C_DSC026,Dry Creek/Sutter Creek,,1585,flow,2,3,1,False,,False,,edec7398-753d-4338-90f2-74fc66163ac3,"{1,3,4}",2,2,2026-03-02 22:32:41.839157+00:00,2026-03-02 22:32:41.839157+00:00
410,C_DSC028,Dry Creek/Sutter Creek,,,flow,2,3,1,False,,False,,ba30d2cd-098f-4754-8b63-d6c3efd017e0,"{1,3,4}",2,2,2026-03-02 22:32:41.839157+00:00,2026-03-02 22:32:41.839157+00:00
411,C_DSC035,Dry Creek/Sutter Creek,,1586,flow,2,3,1,False,,False,,62da6686-0e7b-41a9-a472-61db929ea46b,"{1,3,4}",2,2,2026-03-02 22:32:41.839157+00:00,2026-03-02 22:32:41.839157+00:00
412,C_EBF001,East Branch North Fork Feather River,,,flow,2,3,1,False,,False,,2aa59674-f939-4ece-9512-db35d904a312,"{1,3,4}",2,2,2026-03-02 22:32:41.839157+00:00,2026-03-02 22:32:41.839157+00:00
413,C_EBF018,East Branch North Fork Feather River,,1587,flow,2,3,1,False,,False,,bea9a1eb-ebb3-48c0-a952-b63b9a62e399,"{1,3,4}",2,2,2026-03-02 22:32:41.839157+00:00,2026-03-02 22:32:41.839157+00:00
414,C_EBP001,Eastside Bypass,,,flow,2,3,1,False,,False,,b818ddd6-a96e-40c5-b3d4-5253666a582a,"{1,3,4}",2,2,2026-03-02 22:32:41.839157+00:00,2026-03-02 22:32:41.839157+00:00
415,C_EBP005,Eastside Bypass,,1588,flow,2,3,1,False,,False,,2a0cf9d8-fd7d-45da-921e-bdd6bb7e229b,"{1,3,4}",2,2,2026-03-02 22:32:41.839157+00:00,2026-03-02 22:32:41.839157+00:00
416,C_EBP016,Eastside Bypass,,2047,flow,2,3,1,False,,False,,3bcad3f9-3cb5-4708-8623-16bf41fade2a,"{1,3,4}",2,2,2026-03-02 22:32:41.839157+00:00,2026-03-02 22:32:41.839157+00:00
417,C_EBP019,Eastside Bypass,,1589,flow,2,3,1,False,,False,,0243e83b-2293-42dd-b730-0cddb1f4ba7e,"{1,3,4}",2,2,2026-03-02 22:32:41.839157+00:00,2026-03-02 22:32:41.839157+00:00
418,C_EBP022,Eastside Bypass,,,flow,2,3,1,False,,False,,7480317f-8def-4e94-9537-d413c7a68bf5,"{1,3,4}",2,2,2026-03-02 22:32:41.839157+00:00,2026-03-02 22:32:41.839157+00:00
419,C_EBP030,Eastside Bypass,,1590,flow,2,3,1,False,,False,,3b3cba84-32aa-4ef8-934f-926888ce064c,"{1,3,4}",2,2,2026-03-02 22:32:41.839157+00:00,2026-03-02 22:32:41.839157+00:00
420,C_EBP032,Eastside Bypass,,,flow,2,3,1,False,,False,,b0535190-2ce2-4e5e-9bf4-feb990812bd1,"{1,3,4}",2,2,2026-03-02 22:32:41.839157+00:00,2026-03-02 22:32:41.839157+00:00
421,C_EBP033,Eastside Bypass,,1591,flow,2,3,1,False,,False,,cb93b3f3-481d-41d7-8955-403f3fe0742d,"{1,3,4}",2,2,2026-03-02 22:32:41.839157+00:00,2026-03-02 22:32:41.839157+00:00
422,C_EBP041,Eastside Bypass,,,flow,2,3,1,False,,False,,cea07ada-e5a0-4c4d-b2f9-3c6013833892,"{1,3,4}",2,2,2026-03-02 22:32:41.839157+00:00,2026-03-02 22:32:41.839157+00:00
423,C_EBP042,Eastside Bypass,,1592,flow,2,3,1,False,,False,,1bf6891e-add1-4c06-995c-190ee4144d27,"{1,3,4}",2,2,2026-03-02 22:32:41.839157+00:00,2026-03-02 22:32:41.839157+00:00
424,C_EBP043,Eastside Bypass,,,flow,2,3,1,False,,False,,76541fa6-ee55-411a-a1a2-09fa457c73e0,"{1,3,4}",2,2,2026-03-02 22:32:41.839157+00:00,2026-03-02 22:32:41.839157+00:00
425,C_EBP048,Eastside Bypass,,1593,flow,2,3,1,False,,False,,5c2d367b-b87d-40a4-a6fd-af596a000cf7,"{1,3,4}",2,2,2026-03-02 22:32:41.839157+00:00,2026-03-02 22:32:41.839157+00:00
426,C_EBP050,Eastside Bypass,,,flow,2,3,1,False,,False,,8e8cae6e-b8b5-4740-91ff-d06abb8bcccf,"{1,3,4}",2,2,2026-03-02 22:32:41.839157+00:00,2026-03-02 22:32:41.839157+00:00
427,C_ECHOL,Echo Lake Conduit,,1594,flow,2,3,1,False,,False,,da814f5b-ffef-4b3c-9076-8a320390e058,"{1,3,4}",2,2,2026-03-02 22:32:41.839157+00:00,2026-03-02 22:32:41.839157+00:00
428,C_ECT001,Lake Eleanor Diversion Tunnel,,,flow,2,3,1,False,,False,,f8c1be3a-62ed-41f3-aeb3-2c72b48dfe3c,"{1,3,4}",2,2,2026-03-02 22:32:41.839157+00:00,2026-03-02 22:32:41.839157+00:00
429,C_EDC000,El Dorado Canal,,1595,flow,2,3,1,False,,False,,09fed092-215f-4c59-a244-7194673757f1,"{1,3,4}",2,2,2026-03-02 22:32:41.839157+00:00,2026-03-02 22:32:41.839157+00:00
430,C_EDC004,El Dorado Canal,,,flow,2,3,1,False,,False,,0f56d6cc-40ef-463f-8300-75b1c2d3a11c,"{1,3,4}",2,2,2026-03-02 22:32:41.839157+00:00,2026-03-02 22:32:41.839157+00:00
431,C_EDC007,El Dorado Canal,,1596,flow,2,3,1,False,,False,,287ca199-145d-4ae8-a03b-5f5e4db096b6,"{1,3,4}",2,2,2026-03-02 22:32:41.839157+00:00,2026-03-02 22:32:41.839157+00:00
432,C_EDC014,,,,flow,2,3,1,False,,False,,95d5be88-8eca-4476-b2b7-d5e9d09e574e,"{1,3,4}",2,2,2026-03-02 22:32:41.839157+00:00,2026-03-02 22:32:41.839157+00:00
433,C_EDP003,El Dorado Powerhouse Tailrace,,,flow,2,3,1,False,,False,,9a9ac314-dc40-404c-976b-325a5da99d44,"{1,3,4}",2,2,2026-03-02 22:32:41.839157+00:00,2026-03-02 22:32:41.839157+00:00
434,C_ELC001,Echo Lake Conduit,,1597,flow,2,3,1,False,,False,,3c946538-4913-46e2-8ecb-312980e831ed,"{1,3,4}",2,2,2026-03-02 22:32:41.839157+00:00,2026-03-02 22:32:41.839157+00:00
435,C_ELD005,Elder Creek,,,flow,2,3,1,False,,False,,8203c211-8673-43e7-9cf7-7092800b124a,"{1,3,4}",2,2,2026-03-02 22:32:41.839157+00:00,2026-03-02 22:32:41.839157+00:00
436,C_ELD012,Elder Creek,,1598,flow,2,3,1,False,,False,,5dbe0de3-b826-4d94-a121-705531dbd4e4,"{1,3,4}",2,2,2026-03-02 22:32:41.839157+00:00,2026-03-02 22:32:41.839157+00:00
437,C_ELD017,Elder Creek,,,flow,2,3,1,False,,False,,8f4c9b28-28b4-4337-a819-d54752254ef5,"{1,3,4}",2,2,2026-03-02 22:32:41.839157+00:00,2026-03-02 22:32:41.839157+00:00
438,C_ELD022,Elder Creek,,1599,flow,2,3,1,False,,False,,1274bf74-0032-40fd-ac13-2216b9b3dae2,"{1,3,4}",2,2,2026-03-02 22:32:41.839157+00:00,2026-03-02 22:32:41.839157+00:00
439,C_ELD027,Elder Creek,,,flow,2,3,1,False,,False,,88fa78f7-136a-4de0-94f5-a107e681a866,"{1,3,4}",2,2,2026-03-02 22:32:41.839157+00:00,2026-03-02 22:32:41.839157+00:00
440,C_ELENR,Eleanor Creek below Lake Eleanor dam.,,1600,flow,2,3,1,False,,False,,534d76ff-96a5-4268-b43c-2291d4256ad1,"{1,3,4}",2,2,2026-03-02 22:32:41.839157+00:00,2026-03-02 22:32:41.839157+00:00
441,C_ELN003,Eleanor Creek from ELN003 to Cherry Creek.,,,flow,2,3,1,False,,False,,cfda7508-6b99-4000-89e3-88e02a26d567,"{1,3,4}",2,2,2026-03-02 22:32:41.839157+00:00,2026-03-02 22:32:41.839157+00:00
442,C_ELT000,Electra Tunnel (MokAque),,,flow,2,3,1,False,,False,,6d0352d6-6221-43e0-b473-58aa8eb90b36,"{1,3,4}",2,2,2026-03-02 22:32:41.839157+00:00,2026-03-02 22:32:41.839157+00:00
443,C_ELT010,,,1601,flow,2,3,1,False,,False,,d6c6b724-3c65-4eed-8cf6-fb639547a6ae,"{1,3,4}",2,2,2026-03-02 22:32:41.839157+00:00,2026-03-02 22:32:41.839157+00:00
444,C_EMD001,Natomas East Main Drainage Canal,,1602,flow,2,3,1,False,,False,,2bf02a9f-2e01-4931-a0ad-25cd26ff5b6d,"{1,3,4}",2,2,2026-03-02 22:32:41.839157+00:00,2026-03-02 22:32:41.839157+00:00
445,C_EMD007,Natomas East Main Drainage Canal,,,flow,2,3,1,False,,False,,3b167878-b3fd-4cda-9c24-3d006b717aa1,"{1,3,4}",2,2,2026-03-02 22:32:41.839157+00:00,2026-03-02 22:32:41.839157+00:00
446,C_ENGLB,Yuba River,,1603,flow,2,3,1,False,,False,,3f18d787-b195-4fac-8d4f-b9e176fcc45c,"{1,3,4}",2,2,2026-03-02 22:32:41.839157+00:00,2026-03-02 22:32:41.839157+00:00
447,C_EPARK,Stony Creek,,,flow,2,3,1,False,,False,,c2e07491-e424-4d9e-bdbc-1905ec9e91cb,"{1,3,4}",2,2,2026-03-02 22:32:41.839157+00:00,2026-03-02 22:32:41.839157+00:00
448,C_ESB306,,,1604,flow,2,3,1,False,,False,,ddd8c849-b692-4484-88ea-f9f6151e88a3,"{1,3,4}",2,2,2026-03-02 22:32:41.839157+00:00,2026-03-02 22:32:41.839157+00:00
449,C_ESB324,,,1605,flow,2,3,1,False,,False,,c5347c17-09ff-40f1-ad88-6c1f9b24e685,"{1,3,4}",2,2,2026-03-02 22:32:41.839157+00:00,2026-03-02 22:32:41.839157+00:00
450,C_ESB347,,,1606,flow,2,3,1,False,,False,,d1c7f2f9-6217-4fc4-abfc-ede48e4e7e8b,"{1,3,4}",2,2,2026-03-02 22:32:41.839157+00:00,2026-03-02 22:32:41.839157+00:00
451,C_ESB355,,,1607,flow,2,3,1,False,,False,,47df3e51-6264-4f8a-91ff-b800234e6616,"{1,3,4}",2,2,2026-03-02 22:32:41.839157+00:00,2026-03-02 22:32:41.839157+00:00
452,C_ESB361,,,1608,flow,2,3,1,False,,False,,27b87c14-2767-4094-b418-6e22bf7c6539,"{1,3,4}",2,2,2026-03-02 22:32:41.839157+00:00,2026-03-02 22:32:41.839157+00:00
453,C_ESB403,,,1609,flow,2,3,1,False,,False,,3203b2a1-0397-4d44-8cec-3c02ba22bbe4,"{1,3,4}",2,2,2026-03-02 22:32:41.839157+00:00,2026-03-02 22:32:41.839157+00:00
454,C_ESB406,,,1610,flow,2,3,1,False,,False,,ea67b05e-bfee-453a-b59c-b7adb17e2244,"{1,3,4}",2,2,2026-03-02 22:32:41.839157+00:00,2026-03-02 22:32:41.839157+00:00
455,C_ESB407,,,1611,flow,2,3,1,False,,False,,08a61bd8-3b1d-41ca-838a-2a3d6ccdf5fd,"{1,3,4}",2,2,2026-03-02 22:32:41.839157+00:00,2026-03-02 22:32:41.839157+00:00
456,C_ESB408,,,1612,flow,2,3,1,False,,False,,40d99f99-2825-464c-8dc9-7271231a6b0a,"{1,3,4}",2,2,2026-03-02 22:32:41.839157+00:00,2026-03-02 22:32:41.839157+00:00
457,C_ESB413,,,1613,flow,2,3,1,False,,False,,89383783-e0e2-49ad-a958-1801879b8fe6,"{1,3,4}",2,2,2026-03-02 22:32:41.839157+00:00,2026-03-02 22:32:41.839157+00:00
458,C_ESB414,,,1614,flow,2,3,1,False,,False,,efa76842-b04a-4ed1-adc9-3fd5a0c4373b,"{1,3,4}",2,2,2026-03-02 22:32:41.839157+00:00,2026-03-02 22:32:41.839157+00:00
459,C_ESB415,,,1615,flow,2,3,1,False,,False,,d5f95434-97d4-4947-acc3-926442ec7d89,"{1,3,4}",2,2,2026-03-02 22:32:41.839157+00:00,2026-03-02 22:32:41.839157+00:00
460,C_ESB420,,,1616,flow,2,3,1,False,,False,,2a8c3632-092d-4683-9744-17232001f911,"{1,3,4}",2,2,2026-03-02 22:32:41.839157+00:00,2026-03-02 22:32:41.839157+00:00
461,C_ESB425,,,1617,flow,2,3,1,False,,False,,cc429b3a-61f6-4d76-8121-48ea7963e98f,"{1,3,4}",2,2,2026-03-02 22:32:41.839157+00:00,2026-03-02 22:32:41.839157+00:00
462,C_ESB433,,,1618,flow,2,3,1,False,,False,,fb180d2e-7c1d-4341-9848-e70dfdff6f25,"{1,3,4}",2,2,2026-03-02 22:32:41.839157+00:00,2026-03-02 22:32:41.839157+00:00
463,C_ESC000,,,1619,flow,2,3,1,False,,False,,f53e3b9f-ae5e-4e9c-b4e4-353f888f379d,"{1,3,4}",2,2,2026-03-02 22:32:41.839157+00:00,2026-03-02 22:32:41.839157+00:00
464,C_ESC004,,,,flow,2,3,1,False,,False,,df4a24a4-19de-4fca-a539-7167be097795,"{1,3,4}",2,2,2026-03-02 22:32:41.839157+00:00,2026-03-02 22:32:41.839157+00:00
465,C_ESC005,,,,flow,2,3,1,False,,False,,c004dd6e-74fc-4262-b619-c4b6efb9c844,"{1,3,4}",2,2,2026-03-02 22:32:41.839157+00:00,2026-03-02 22:32:41.839157+00:00
466,C_ESL008,Edgar Slough/Cherokee Creek,,,flow,2,3,1,False,,False,,c846df8c-a526-4245-b022-a2b74e710070,"{1,3,4}",2,2,2026-03-02 22:32:41.839157+00:00,2026-03-02 22:32:41.839157+00:00
467,C_ESL010,Edgar Slough,,1620,flow,2,3,1,False,,False,,d5bf5266-f5ab-4c10-ab9f-c48cf9c428c8,"{1,3,4}",2,2,2026-03-02 22:32:41.839157+00:00,2026-03-02 22:32:41.839157+00:00
468,C_ESTMN,Chowchilla River,,1621,flow,2,3,1,False,,False,,ba712f56-fc61-483f-aeb3-48c749c21b61,"{1,3,4}",2,2,2026-03-02 22:32:41.839157+00:00,2026-03-02 22:32:41.839157+00:00
469,C_FBW001,Firebaugh Wasteway,,,flow,2,3,1,False,,False,,8235ceab-1e3e-4a96-a883-da1a54b5fec5,"{1,3,4}",2,2,2026-03-02 22:32:41.839157+00:00,2026-03-02 22:32:41.839157+00:00
470,C_FCS006,French Camp Slough,,1622,flow,2,3,1,False,,False,,bef89cb1-614c-44c8-b33f-3d508015d0a5,"{1,3,4}",2,2,2026-03-02 22:32:41.839157+00:00,2026-03-02 22:32:41.839157+00:00
471,C_FCS007,French Camp Slough,,,flow,2,3,1,False,,False,,d2a72c10-3f27-4aa2-b574-9d4d446194c5,"{1,3,4}",2,2,2026-03-02 22:32:41.839157+00:00,2026-03-02 22:32:41.839157+00:00
472,C_FDC006,French Dry Creek,,1623,flow,2,3,1,False,,False,,8720ee1c-ad46-4612-a198-3e551d6a4a75,"{1,3,4}",2,2,2026-03-02 22:32:41.839157+00:00,2026-03-02 22:32:41.839157+00:00
473,C_FDC011,Fordyce Creek,,,flow,2,3,1,False,,False,,43ba45d4-a356-4099-8b06-9976a683b621,"{1,3,4}",2,2,2026-03-02 22:32:41.839157+00:00,2026-03-02 22:32:41.839157+00:00
474,C_FMT002,French Meadows Powerhouse Tailrace,,1624,flow,2,3,1,False,,False,,3b6a2ba9-eadb-49eb-9243-736c8afa856e,"{1,3,4}",2,2,2026-03-02 22:32:41.839157+00:00,2026-03-02 22:32:41.839157+00:00
475,C_FOLSM,American River,,2048,flow,2,3,1,False,,False,,83651ce3-7552-4730-933c-eca5313fc8ea,"{1,3,4}",2,2,2026-03-02 22:32:41.839157+00:00,2026-03-02 22:32:41.839157+00:00
476,C_FPT000,Forbestown Tunnel/Penstock/Powerhouse,,1625,flow,2,3,1,False,,False,,dd3cbc64-c6f5-41de-8686-a0e5f93dbac1,"{1,3,4}",2,2,2026-03-02 22:32:41.839157+00:00,2026-03-02 22:32:41.839157+00:00
477,C_FRDYC,Fordyce Creek,,1626,flow,2,3,1,False,,False,,8948cbb0-cf53-4d2a-b3cf-e6963ea83dd0,"{1,3,4}",2,2,2026-03-02 22:32:41.839157+00:00,2026-03-02 22:32:41.839157+00:00
478,C_FRMAN,,,,flow,2,3,1,False,,False,,a4736042-50b8-4cda-a402-06f97293bd5d,"{1,3,4}",2,2,2026-03-02 22:32:41.839157+00:00,2026-03-02 22:32:41.839157+00:00
479,C_FRMDW,Middle Fork American River,,,flow,2,3,1,False,,False,,f722a5b3-7b90-492b-873d-4a3736c1e2d5,"{1,3,4}",2,2,2026-03-02 22:32:41.839157+00:00,2026-03-02 22:32:41.839157+00:00
480,C_FRNCH,Little Last Chance Creek,,1627,flow,2,3,1,False,,False,,952246ad-5d4c-44ab-8c1a-f5389a31b77c,"{1,3,4}",2,2,2026-03-02 22:32:41.839157+00:00,2026-03-02 22:32:41.839157+00:00
481,C_FRS016,Fresno River,,,flow,2,3,1,False,,False,,b90cd945-4445-4c7e-87d1-213d45fd8381,"{1,3,4}",2,2,2026-03-02 22:32:41.839157+00:00,2026-03-02 22:32:41.839157+00:00
482,C_FRS020,Fresno River,,1628,flow,2,3,1,False,,False,,6852d760-d0ab-4a53-9525-60678cc29919,"{1,3,4}",2,2,2026-03-02 22:32:41.839157+00:00,2026-03-02 22:32:41.839157+00:00
483,C_FRS022,Fresno River,,,flow,2,3,1,False,,False,,12d8c845-5529-47f1-bc60-19f654089139,"{1,3,4}",2,2,2026-03-02 22:32:41.839157+00:00,2026-03-02 22:32:41.839157+00:00
484,C_FRS025,Fresno River,,1629,flow,2,3,1,False,,False,,71f719d2-6702-44ca-b427-85414a3348e2,"{1,3,4}",2,2,2026-03-02 22:32:41.839157+00:00,2026-03-02 22:32:41.839157+00:00
485,C_FRS032,Fresno River,,,flow,2,3,1,False,,False,,b3e8473a-c0e0-439f-a3e6-0a962014d37a,"{1,3,4}",2,2,2026-03-02 22:32:41.839157+00:00,2026-03-02 22:32:41.839157+00:00
486,C_FRS036,Fresno River,,1630,flow,2,3,1,False,,False,,14aff09f-4507-4daf-8d9c-fe2b234076c6,"{1,3,4}",2,2,2026-03-02 22:32:41.839157+00:00,2026-03-02 22:32:41.839157+00:00
487,C_FRS039,Fresno River,,,flow,2,3,1,False,,False,,79814034-f02a-4b91-bd4d-0d80d307c813,"{1,3,4}",2,2,2026-03-02 22:32:41.839157+00:00,2026-03-02 22:32:41.839157+00:00
488,C_FRS045,Fresno River,,1631,flow,2,3,1,False,,False,,7ae058d5-4172-437f-bf5f-d1aef08467ad,"{1,3,4}",2,2,2026-03-02 22:32:41.839157+00:00,2026-03-02 22:32:41.839157+00:00
489,C_FRS046,Fresno River,,,flow,2,3,1,False,,False,,2bac3db2-e4b1-4de4-b196-482c3d3aa9aa,"{1,3,4}",2,2,2026-03-02 22:32:41.839157+00:00,2026-03-02 22:32:41.839157+00:00
490,C_FRS048,Fresno River,,1632,flow,2,3,1,False,,False,,c2b66abd-7b5a-4dcb-9116-ea17dc60e986,"{1,3,4}",2,2,2026-03-02 22:32:41.839157+00:00,2026-03-02 22:32:41.839157+00:00
491,C_FSC003,Folsom South Canal,,,flow,2,3,1,False,,False,,c16a004e-bf22-4377-a1c6-f7e5ce5453ac,"{1,3,4}",2,2,2026-03-02 22:32:41.839157+00:00,2026-03-02 22:32:41.839157+00:00
492,C_FSC007,Folsom South Canal,,,flow,2,3,1,False,,False,,aa2a2534-fd15-4f12-87a4-4fa2cfe3d831,"{1,3,4}",2,2,2026-03-02 22:32:41.839157+00:00,2026-03-02 22:32:41.839157+00:00
493,C_FSC013,Folsom South Canal,,1633,flow,2,3,1,False,,False,,3d5c3687-951c-41b8-bc9b-21d9b997a631,"{1,3,4}",2,2,2026-03-02 22:32:41.839157+00:00,2026-03-02 22:32:41.839157+00:00
494,C_FSC015,Folsom South Canal,,,flow,2,3,1,False,,False,,35208c62-9391-4572-9020-46913bcab48b,"{1,3,4}",2,2,2026-03-02 22:32:41.839157+00:00,2026-03-02 22:32:41.839157+00:00
495,C_FSC025,Folsom South Canal,,1634,flow,2,3,1,False,,False,,67297968-e823-4bd1-8e81-f5c5ba1e6826,"{1,3,4}",2,2,2026-03-02 22:32:41.839157+00:00,2026-03-02 22:32:41.839157+00:00
496,C_FSL005,Fresno Slough,,,flow,2,3,1,False,,False,,31afb97e-0f42-48dd-8769-513c3fbb3bdd,"{1,3,4}",2,2,2026-03-02 22:32:41.839157+00:00,2026-03-02 22:32:41.839157+00:00
497,C_FSL012,Fresno Slough,,1635,flow,2,3,1,False,,False,,17f12456-39cd-43bf-affa-1153335e7b6b,"{1,3,4}",2,2,2026-03-02 22:32:41.839157+00:00,2026-03-02 22:32:41.839157+00:00
498,C_FTR003,Feather River,,2049,flow,2,3,1,False,,False,,244e0593-6e89-4c2b-a13e-bf3a2f8b7437,"{1,3,4}",2,2,2026-03-02 22:32:41.839157+00:00,2026-03-02 22:32:41.839157+00:00
499,C_FTR008,Feather River,,1636,flow,2,3,1,False,,False,,9221cf53-759d-4451-ab62-0ede9c7ccef1,"{1,3,4}",2,2,2026-03-02 22:32:41.839157+00:00,2026-03-02 22:32:41.839157+00:00
500,C_FTR012,Feather River,,2050,flow,2,3,1,False,,False,,f0767713-d8bd-4c49-8864-4b0a74b6cfbd,"{1,3,4}",2,2,2026-03-02 22:32:41.839157+00:00,2026-03-02 22:32:41.839157+00:00
501,C_FTR014,Feather River,,1637,flow,2,3,1,False,,False,,eccb010e-f83e-4af4-b688-03672ee6d9ec,"{1,3,4}",2,2,2026-03-02 22:32:41.839157+00:00,2026-03-02 22:32:41.839157+00:00
502,C_FTR016,Feather River,,,flow,2,3,1,False,,False,,95c50128-b21a-46ac-ac00-f92c74cd242d,"{1,3,4}",2,2,2026-03-02 22:32:41.839157+00:00,2026-03-02 22:32:41.839157+00:00
503,C_FTR018,Feather River,,1638,flow,2,3,1,False,,False,,9ac4024f-1db2-43da-b294-54bdbc366593,"{1,3,4}",2,2,2026-03-02 22:32:41.839157+00:00,2026-03-02 22:32:41.839157+00:00
504,C_FTR021,Feather River,,,flow,2,3,1,False,,False,,f9bab861-3518-4946-a0ae-ca1535f0d16d,"{1,3,4}",2,2,2026-03-02 22:32:41.839157+00:00,2026-03-02 22:32:41.839157+00:00
505,C_FTR025,Feather River,,1639,flow,2,3,1,False,,False,,439f5fd4-0f96-428a-9b0f-77535d01eeaf,"{1,3,4}",2,2,2026-03-02 22:32:41.839157+00:00,2026-03-02 22:32:41.839157+00:00
506,C_FTR028,Feather River,,2051,flow,2,3,1,False,,False,,2fa5b86f-ba1c-4e9c-9bd2-79a597088cb0,"{1,3,4}",2,2,2026-03-02 22:32:41.839157+00:00,2026-03-02 22:32:41.839157+00:00
507,C_FTR029,Feather River,,1640,flow,2,3,1,False,,False,,fb220323-126c-4c72-b55c-301a7123f5c2,"{1,3,4}",2,2,2026-03-02 22:32:41.839157+00:00,2026-03-02 22:32:41.839157+00:00
508,C_FTR030,Feather River,,,flow,2,3,1,False,,False,,9478d151-1722-43d0-bf6b-d32fafad8784,"{1,3,4}",2,2,2026-03-02 22:32:41.839157+00:00,2026-03-02 22:32:41.839157+00:00
509,C_FTR031,Feather River,,1641,flow,2,3,1,False,,False,,1e3c0068-d874-4d9a-b10c-64d3794fcbd9,"{1,3,4}",2,2,2026-03-02 22:32:41.839157+00:00,2026-03-02 22:32:41.839157+00:00
510,C_FTR036,Feather River,,,flow,2,3,1,False,,False,,c8731df8-b891-449b-9a0b-e1a1b1e499a4,"{1,3,4}",2,2,2026-03-02 22:32:41.839157+00:00,2026-03-02 22:32:41.839157+00:00
511,C_FTR039,Feather River,,1642,flow,2,3,1,False,,False,,7d16e72a-5813-4d54-9772-858253920f0e,"{1,3,4}",2,2,2026-03-02 22:32:41.839157+00:00,2026-03-02 22:32:41.839157+00:00
512,C_FTR045,Feather River,,,flow,2,3,1,False,,False,,7d2059f5-1beb-483b-a843-ec6e124a433d,"{1,3,4}",2,2,2026-03-02 22:32:41.839157+00:00,2026-03-02 22:32:41.839157+00:00
513,C_FTR048,Feather River,,1643,flow,2,3,1,False,,False,,2ee7afda-c55b-496f-8616-39abe6768de7,"{1,3,4}",2,2,2026-03-02 22:32:41.839157+00:00,2026-03-02 22:32:41.839157+00:00
514,C_FTR051,Feather River,,,flow,2,3,1,False,,False,,c3d2e95f-29f3-4368-af1b-1debca53efa2,"{1,3,4}",2,2,2026-03-02 22:32:41.839157+00:00,2026-03-02 22:32:41.839157+00:00
515,C_FTR053,Feather River,,1644,flow,2,3,1,False,,False,,e8751006-6337-423a-a039-91353c41d0ba,"{1,3,4}",2,2,2026-03-02 22:32:41.839157+00:00,2026-03-02 22:32:41.839157+00:00
516,C_FTR059,Feather River,,2052,flow,2,3,1,False,,False,,c616bbca-7355-4874-a9c5-723a1bdb0f37,"{1,3,4}",2,2,2026-03-02 22:32:41.839157+00:00,2026-03-02 22:32:41.839157+00:00
517,C_FTR059_DELTA,,,1645,flow,2,3,1,False,,False,,5f2a0141-a3d5-4afe-9a55-531ae6e2b504,"{1,3,4}",2,2,2026-03-02 22:32:41.839157+00:00,2026-03-02 22:32:41.839157+00:00
518,C_FTR059_DELTA_S,,,,flow,2,3,1,False,,False,,72e5c53b-14f8-4350-af21-1323fac9712c,"{1,3,4}",2,2,2026-03-02 22:32:41.839157+00:00,2026-03-02 22:32:41.839157+00:00
519,C_FTR063,Feather River,,1646,flow,2,3,1,False,,False,,e6461311-05a8-4f5f-a690-d72922534070,"{1,3,4}",2,2,2026-03-02 22:32:41.839157+00:00,2026-03-02 22:32:41.839157+00:00
520,C_FTR067,Feather River,,,flow,2,3,1,False,,False,,8e289bef-9874-4a2f-9fe5-e24e7397a225,"{1,3,4}",2,2,2026-03-02 22:32:41.839157+00:00,2026-03-02 22:32:41.839157+00:00
521,C_FTR068,Feather River,,1647,flow,2,3,1,False,,False,,e5a7cf92-36c2-4227-8a4d-7a924d4a42eb,"{1,3,4}",2,2,2026-03-02 22:32:41.839157+00:00,2026-03-02 22:32:41.839157+00:00
522,C_FTR072,Feather River,,,flow,2,3,1,False,,False,,aa201610-21f4-4e22-b649-c78781363e21,"{1,3,4}",2,2,2026-03-02 22:32:41.839157+00:00,2026-03-02 22:32:41.839157+00:00
523,C_FTR074,Feather River,,1648,flow,2,3,1,False,,False,,233352ba-dd09-4b13-aaee-5de925920a0d,"{1,3,4}",2,2,2026-03-02 22:32:41.839157+00:00,2026-03-02 22:32:41.839157+00:00
524,C_GCC007,Glenn Colusa Canal,,,flow,2,3,1,False,,False,,118ed9ed-79fc-477a-91e9-b58cef6a00fa,"{1,3,4}",2,2,2026-03-02 22:32:41.839157+00:00,2026-03-02 22:32:41.839157+00:00
525,C_GCC010,Glenn Colusa Canal,,1649,flow,2,3,1,False,,False,,03dc6792-5d85-415a-824e-1d224b71038f,"{1,3,4}",2,2,2026-03-02 22:32:41.839157+00:00,2026-03-02 22:32:41.839157+00:00
526,C_GCC015,Glenn Colusa Canal,,,flow,2,3,1,False,,False,,cc69519a-8053-47c4-8a8a-a2a45cddf7d9,"{1,3,4}",2,2,2026-03-02 22:32:41.839157+00:00,2026-03-02 22:32:41.839157+00:00
527,C_GCC022,Glenn Colusa Canal,,1650,flow,2,3,1,False,,False,,2df0b7b7-d2f0-42ea-85b8-19162f2f6f69,"{1,3,4}",2,2,2026-03-02 22:32:41.839157+00:00,2026-03-02 22:32:41.839157+00:00
528,C_GCC027,Glenn Colusa Canal,,,flow,2,3,1,False,,False,,09539e57-6369-4f14-b905-f308dcac0bbd,"{1,3,4}",2,2,2026-03-02 22:32:41.839157+00:00,2026-03-02 22:32:41.839157+00:00
529,C_GCC032,Glenn Colusa Canal,,1651,flow,2,3,1,False,,False,,b7530257-14a8-4bdf-b936-9bf0ce04f7cf,"{1,3,4}",2,2,2026-03-02 22:32:41.839157+00:00,2026-03-02 22:32:41.839157+00:00
530,C_GCC036,Glenn Colusa Canal,,,flow,2,3,1,False,,False,,8853e663-357a-4214-9041-c3c68159a3e6,"{1,3,4}",2,2,2026-03-02 22:32:41.839157+00:00,2026-03-02 22:32:41.839157+00:00
531,C_GCC039,Glenn Colusa Canal,,1652,flow,2,3,1,False,,False,,79f2c38c-3903-4286-8278-3f3084583131,"{1,3,4}",2,2,2026-03-02 22:32:41.839157+00:00,2026-03-02 22:32:41.839157+00:00
532,C_GCC042,Glenn Colusa Canal,,,flow,2,3,1,False,,False,,9cd4df17-b0b7-405b-bf8c-d6c09ecd9bde,"{1,3,4}",2,2,2026-03-02 22:32:41.839157+00:00,2026-03-02 22:32:41.839157+00:00
533,C_GCC046,Glenn Colusa Canal,,1653,flow,2,3,1,False,,False,,fcf5cfd5-d823-4ddb-86c0-8d670e794c45,"{1,3,4}",2,2,2026-03-02 22:32:41.839157+00:00,2026-03-02 22:32:41.839157+00:00
534,C_GCC050,Glenn Colusa Canal,,,flow,2,3,1,False,,False,,6e646861-9257-4bac-a7ea-11556c7cec57,"{1,3,4}",2,2,2026-03-02 22:32:41.839157+00:00,2026-03-02 22:32:41.839157+00:00
535,C_GCC056,Glenn Colusa Canal,,1654,flow,2,3,1,False,,False,,11d37ea0-f5dd-4178-9f97-c5c7367977b0,"{1,3,4}",2,2,2026-03-02 22:32:41.839157+00:00,2026-03-02 22:32:41.839157+00:00
536,C_GCC060,Glenn Colusa Canal,,,flow,2,3,1,False,,False,,7076283c-e7e2-49dd-a33f-652034e5b57e,"{1,3,4}",2,2,2026-03-02 22:32:41.839157+00:00,2026-03-02 22:32:41.839157+00:00
537,C_GCC065,Glenn Colusa Canal,,1655,flow,2,3,1,False,,False,,23ca04c0-faf4-4483-aa66-c4110c38c443,"{1,3,4}",2,2,2026-03-02 22:32:41.839157+00:00,2026-03-02 22:32:41.839157+00:00
538,C_GERLE,Gerle Creek,,,flow,2,3,1,False,,False,,415bd7a8-1d69-46d4-8035-d24f38df52b7,"{1,3,4}",2,2,2026-03-02 22:32:41.839157+00:00,2026-03-02 22:32:41.839157+00:00
539,C_GFT003,Grizzly Forebay Tunnel/Penstock/Powerhouse,,1656,flow,2,3,1,False,,False,,1e176cc9-6c80-49ac-96fb-72e4814e3ba6,"{1,3,4}",2,2,2026-03-02 22:32:41.839157+00:00,2026-03-02 22:32:41.839157+00:00
540,C_GRL001,,,,flow,2,3,1,False,,False,,0efc59d1-38c9-40ec-b5e1-5794193beb2d,"{1,3,4}",2,2,2026-03-02 22:32:41.839157+00:00,2026-03-02 22:32:41.839157+00:00
541,C_GRL010,Gerle Creek,,,flow,2,3,1,False,,False,,752208f3-af9a-4ea2-9b17-e4fd2c770a5a,"{1,3,4}",2,2,2026-03-02 22:32:41.839157+00:00,2026-03-02 22:32:41.839157+00:00
542,C_GRT003,Grizzly Tunnel,,1657,flow,2,3,1,False,,False,,98bf626a-c7d2-4bcb-b5ea-eed4fccf2480,"{1,3,4}",2,2,2026-03-02 22:32:41.839157+00:00,2026-03-02 22:32:41.839157+00:00
543,C_GRZ012,Garzas Creek,,,flow,2,3,1,False,,False,,946c4628-4450-41e6-8c24-e0579a148724,"{1,3,4}",2,2,2026-03-02 22:32:41.839157+00:00,2026-03-02 22:32:41.839157+00:00
544,C_GZL007,Grizzly Creek,,1658,flow,2,3,1,False,,False,,fefc9883-ba63-499a-a41a-a66921792cd4,"{1,3,4}",2,2,2026-03-02 22:32:41.839157+00:00,2026-03-02 22:32:41.839157+00:00
545,C_GZL008,Grizzly Creek,,,flow,2,3,1,False,,False,,c441b63e-cb79-48bc-a3a0-15b6f84d56be,"{1,3,4}",2,2,2026-03-02 22:32:41.839157+00:00,2026-03-02 22:32:41.839157+00:00
546,C_GZL009,Grizzly Creek,,1659,flow,2,3,1,False,,False,,b7f47f03-cf7a-4044-83eb-c9731dd626ff,"{1,3,4}",2,2,2026-03-02 22:32:41.839157+00:00,2026-03-02 22:32:41.839157+00:00
547,C_HGL006,,,,flow,2,3,1,False,,False,,1bc3e3e2-0623-4636-99d7-cc7d3d742c56,"{1,3,4}",2,2,2026-03-02 22:32:41.839157+00:00,2026-03-02 22:32:41.839157+00:00
548,C_HHOLE,Rubicon River,,,flow,2,3,1,False,,False,,a4d670c5-2dfd-4621-9439-864e533f3365,"{1,3,4}",2,2,2026-03-02 22:32:41.839157+00:00,2026-03-02 22:32:41.839157+00:00
549,C_HKC002,Hendricks Canal,,1660,flow,2,3,1,False,,False,,03d87377-2e8c-436f-a61f-41c45cc3f88a,"{1,3,4}",2,2,2026-03-02 22:32:41.839157+00:00,2026-03-02 22:32:41.839157+00:00
550,C_HNSLY,Fresno River,,,flow,2,3,1,False,,False,,6dba8ba2-2c75-4df4-811e-bb4e3b6777de,"{1,3,4}",2,2,2026-03-02 22:32:41.839157+00:00,2026-03-02 22:32:41.839157+00:00
551,C_HON004,South Honcut Creek,,1661,flow,2,3,1,False,,False,,42944b1f-a514-4ac6-b363-8b93fd348f67,"{1,3,4}",2,2,2026-03-02 22:32:41.839157+00:00,2026-03-02 22:32:41.839157+00:00
552,C_HON021,South Honcut Creek,,,flow,2,3,1,False,,False,,a785f372-381a-43b2-965b-b3465db15904,"{1,3,4}",2,2,2026-03-02 22:32:41.839157+00:00,2026-03-02 22:32:41.839157+00:00
553,C_HTCHY,Tuolumne River below Hetch Hetchy to USGSS gage 11276500,,1662,flow,2,3,1,False,,False,,95364015-6245-4078-82d6-6ea4f5a02f9d,"{1,3,4}",2,2,2026-03-02 22:32:41.839157+00:00,2026-03-02 22:32:41.839157+00:00
554,C_ICEHS,South Fork Silver Creek,,,flow,2,3,1,False,,False,,f5782f65-7426-4ad1-8b3f-17aac02750c2,"{1,3,4}",2,2,2026-03-02 22:32:41.839157+00:00,2026-03-02 22:32:41.839157+00:00
555,C_IHT002,Ice House Powerhouse Tailrace,,1663,flow,2,3,1,False,,False,,97122c46-53d5-4b0f-ac73-ebdadfae3970,"{1,3,4}",2,2,2026-03-02 22:32:41.839157+00:00,2026-03-02 22:32:41.839157+00:00
556,C_INDVL,North Fork Cache Creek,,,flow,2,3,1,False,,False,,967a851d-1bbf-46ff-bb4b-3517aa956880,"{1,3,4}",2,2,2026-03-02 22:32:41.839157+00:00,2026-03-02 22:32:41.839157+00:00
557,C_ING008,Ingram Creek,,1664,flow,2,3,1,False,,False,,0f15e563-dc51-41f5-a6b4-82474b57a13d,"{1,3,4}",2,2,2026-03-02 22:32:41.839157+00:00,2026-03-02 22:32:41.839157+00:00
558,C_JBC000,Joint Board Canal,,,flow,2,3,1,False,,False,,f5c67c7e-dcb1-4594-aa83-866171e10b31,"{1,3,4}",2,2,2026-03-02 22:32:41.839157+00:00,2026-03-02 22:32:41.839157+00:00
559,C_JBC002,Joint Board Canal,,1665,flow,2,3,1,False,,False,,a1112349-9139-4c57-85ff-9d3a5854697e,"{1,3,4}",2,2,2026-03-02 22:32:41.839157+00:00,2026-03-02 22:32:41.839157+00:00
560,C_JBC004,Joint Board Canal,,,flow,2,3,1,False,,False,,4a876b42-8be6-47ae-b5e8-70ed7a224f55,"{1,3,4}",2,2,2026-03-02 22:32:41.839157+00:00,2026-03-02 22:32:41.839157+00:00
561,C_JBC008,Joint Board Canal,,1666,flow,2,3,1,False,,False,,a1d2bc0b-f096-4a23-890d-9f70bda05b7c,"{1,3,4}",2,2,2026-03-02 22:32:41.839157+00:00,2026-03-02 22:32:41.839157+00:00
562,C_JBP006,James Bypass,,,flow,2,3,1,False,,False,,5bd8652b-1263-42a7-9eca-50815e986a01,"{1,3,4}",2,2,2026-03-02 22:32:41.839157+00:00,2026-03-02 22:32:41.839157+00:00
563,C_JBT004,,,1667,flow,2,3,1,False,,False,,5ccb7ff2-c2a1-4c88-80ce-e604c38b3fb1,"{1,3,4}",2,2,2026-03-02 22:32:41.839157+00:00,2026-03-02 22:32:41.839157+00:00
564,C_JCK002,Jack Slough,,,flow,2,3,1,False,,False,,1f320230-ce55-48cd-899a-70413b001519,"{1,3,4}",2,2,2026-03-02 22:32:41.839157+00:00,2026-03-02 22:32:41.839157+00:00
565,C_JKSMD,Middle Yuba River,,1668,flow,2,3,1,False,,False,,9847f5f2-def7-4a82-8013-17876e9ebdba,"{1,3,4}",2,2,2026-03-02 22:32:41.839157+00:00,2026-03-02 22:32:41.839157+00:00
566,C_JNKSN,Sly Park Creek,,,flow,2,3,1,False,,False,,0d1e5d17-6eee-45eb-ab33-dc5cad7327cf,"{1,3,4}",2,2,2026-03-02 22:32:41.839157+00:00,2026-03-02 22:32:41.839157+00:00
567,C_JWB001,Jawbone Creek,,1669,flow,2,3,1,False,,False,,f827f897-b7dd-4a82-bb7d-1c50aad88aaf,"{1,3,4}",2,2,2026-03-02 22:32:41.839157+00:00,2026-03-02 22:32:41.839157+00:00
568,C_JWS004,,,,flow,2,3,1,False,,False,,4b597afa-374d-478b-b054-9e54acaf4a4f,"{1,3,4}",2,2,2026-03-02 22:32:41.839157+00:00,2026-03-02 22:32:41.839157+00:00
569,C_KLR005,Knights Landing Ridgecut,,1670,flow,2,3,1,False,,False,,c478b169-7dec-4f08-b2ba-36c66c06f118,"{1,3,4}",2,2,2026-03-02 22:32:41.839157+00:00,2026-03-02 22:32:41.839157+00:00
570,C_KLR006,Knights Landing Ridgecut,,,flow,2,3,1,False,,False,,7939afda-8189-4a67-99f2-a4a196eed5c8,"{1,3,4}",2,2,2026-03-02 22:32:41.839157+00:00,2026-03-02 22:32:41.839157+00:00
571,C_KRT000,Kelly Ridge Tunnel/Powerhouse,,1671,flow,2,3,1,False,,False,,122adeee-a4ef-4ea8-8b42-50b9d093f6d1,"{1,3,4}",2,2,2026-03-02 22:32:41.839157+00:00,2026-03-02 22:32:41.839157+00:00
572,C_KSWCK,Sacramento River,,1672,flow,2,3,1,False,,False,,1f5a97ca-8a83-4cd1-8639-1d240c2c8908,"{1,3,4}",2,2,2026-03-02 22:32:41.839157+00:00,2026-03-02 22:32:41.839157+00:00
573,C_KSWCK_DELTA,,,,flow,2,3,1,False,,False,,c75ce6ea-42e7-468d-854a-d747bfbfe41b,"{1,3,4}",2,2,2026-03-02 22:32:41.839157+00:00,2026-03-02 22:32:41.839157+00:00
574,C_KSWCK_DELTA_S,,,,flow,2,3,1,False,,False,,90404dd0-c8e5-49b9-8c0b-6669d6fa5a32,"{1,3,4}",2,2,2026-03-02 22:32:41.839157+00:00,2026-03-02 22:32:41.839157+00:00
575,C_KSWCK_SWP,,,,flow,2,3,1,False,,False,,df52b4f9-51c1-4af6-9581-20ec30d89294,"{1,3,4}",2,2,2026-03-02 22:32:41.839157+00:00,2026-03-02 22:32:41.839157+00:00
576,C_LBC001,Lower Boardman Canal,,,flow,2,3,1,False,,False,,4a055db5-ee58-414a-b8e0-e2d30da71275,"{1,3,4}",2,2,2026-03-02 22:32:41.839157+00:00,2026-03-02 22:32:41.839157+00:00
577,C_LBC010,Lower Boardman Canal,,1673,flow,2,3,1,False,,False,,9ee1a63d-a4cd-4437-8959-99732ac9e698,"{1,3,4}",2,2,2026-03-02 22:32:41.839157+00:00,2026-03-02 22:32:41.839157+00:00
578,C_LBC030,Lower Boardman Canal,,,flow,2,3,1,False,,False,,c4200ac3-a264-41de-8367-b3e24bd2fb60,"{1,3,4}",2,2,2026-03-02 22:32:41.839157+00:00,2026-03-02 22:32:41.839157+00:00
579,C_LBC031,Lower Boardman Canal,,1674,flow,2,3,1,False,,False,,c293886f-3001-4c33-abbc-94458b59cff6,"{1,3,4}",2,2,2026-03-02 22:32:41.839157+00:00,2026-03-02 22:32:41.839157+00:00
580,C_LBC032,Lower Boardman Canal,,1675,flow,2,3,1,False,,False,,d7066f2b-660f-430a-878c-a118651cb838,"{1,3,4}",2,2,2026-03-02 22:32:41.839157+00:00,2026-03-02 22:32:41.839157+00:00
581,C_LBC038,Lower Boardman Canal,,,flow,2,3,1,False,,False,,462a9417-55d5-4dfe-b188-b0de2ec6b56a,"{1,3,4}",2,2,2026-03-02 22:32:41.839157+00:00,2026-03-02 22:32:41.839157+00:00
582,C_LBC040,Lower Boardman Canal,,1676,flow,2,3,1,False,,False,,c5ec56a5-61e9-4736-940e-427466cb4912,"{1,3,4}",2,2,2026-03-02 22:32:41.839157+00:00,2026-03-02 22:32:41.839157+00:00
583,C_LBC043,Lower Boardman Canal,,,flow,2,3,1,False,,False,,ac1c57ff-0d86-4225-8d03-d874a0c2bbd6,"{1,3,4}",2,2,2026-03-02 22:32:41.839157+00:00,2026-03-02 22:32:41.839157+00:00
584,C_LBC047,Lower Boardman Canal,,1677,flow,2,3,1,False,,False,,27b6b569-232a-42a8-8c49-bbb1044f9fde,"{1,3,4}",2,2,2026-03-02 22:32:41.839157+00:00,2026-03-02 22:32:41.839157+00:00
585,C_LBC049,Lower Boardman Canal,,1678,flow,2,3,1,False,,False,,89dfa8b3-cb9c-45a5-a707-784636bbcc9b,"{1,3,4}",2,2,2026-03-02 22:32:41.839157+00:00,2026-03-02 22:32:41.839157+00:00
586,C_LBEAR,Bear River (Mokelumne),,,flow,2,3,1,False,,False,,e7d4fd0e-fc21-4f25-a45b-55f21d3d6d09,"{1,3,4}",2,2,2026-03-02 22:32:41.839157+00:00,2026-03-02 22:32:41.839157+00:00
587,C_LBN008,Los Banos Creek,,1679,flow,2,3,1,False,,False,,29b5b880-7370-41ee-bcb3-9cdda5011d75,"{1,3,4}",2,2,2026-03-02 22:32:41.839157+00:00,2026-03-02 22:32:41.839157+00:00
588,C_LBN012,Los Banos Creek,,,flow,2,3,1,False,,False,,4105b594-e56f-4bbf-9b28-f3f6f2384e1d,"{1,3,4}",2,2,2026-03-02 22:32:41.839157+00:00,2026-03-02 22:32:41.839157+00:00
589,C_LBN025,Los Banos Creek,,1680,flow,2,3,1,False,,False,,affb340b-78fb-4970-85b2-b5db51c1eaf2,"{1,3,4}",2,2,2026-03-02 22:32:41.839157+00:00,2026-03-02 22:32:41.839157+00:00
590,C_LBR002,Little Bear River,,,flow,2,3,1,False,,False,,0d55fc85-09b3-49e5-b766-3f710650d4d7,"{1,3,4}",2,2,2026-03-02 22:32:41.839157+00:00,2026-03-02 22:32:41.839157+00:00
591,C_LBUCK,Bucks Creek,,1681,flow,2,3,1,False,,False,,b10b77e4-e954-4014-a5ce-7b8372e2e7fe,"{1,3,4}",2,2,2026-03-02 22:32:41.839157+00:00,2026-03-02 22:32:41.839157+00:00
592,C_LCA001,Lower Cherry Aqueduct,,,flow,2,3,1,False,,False,,280421b0-1759-47b8-92bb-55eed96e780a,"{1,3,4}",2,2,2026-03-02 22:32:41.839157+00:00,2026-03-02 22:32:41.839157+00:00
593,C_LCBRF,,,1682,flow,2,3,1,False,,False,,804df25c-7dbe-4e22-9f8d-e6c994976f48,"{1,3,4}",2,2,2026-03-02 22:32:41.839157+00:00,2026-03-02 22:32:41.839157+00:00
594,C_LCC016,Little Chico Creek,,,flow,2,3,1,False,,False,,6c101a88-68ea-4b18-97e0-3a1cbdcc8520,"{1,3,4}",2,2,2026-03-02 22:32:41.839157+00:00,2026-03-02 22:32:41.839157+00:00
595,C_LCC024,Little Chico Creek,,1683,flow,2,3,1,False,,False,,906c1577-9399-47e9-b9eb-3cf694d6cf88,"{1,3,4}",2,2,2026-03-02 22:32:41.839157+00:00,2026-03-02 22:32:41.839157+00:00
596,C_LCC026,Little Chico Creek,,,flow,2,3,1,False,,False,,7f99d94e-09af-42e4-b034-eea854ed04ec,"{1,3,4}",2,2,2026-03-02 22:32:41.839157+00:00,2026-03-02 22:32:41.839157+00:00
597,C_LCC029,Little Chico Creek,,1684,flow,2,3,1,False,,False,,8c5842da-6144-4c52-a530-a0b5cd1bebb7,"{1,3,4}",2,2,2026-03-02 22:32:41.839157+00:00,2026-03-02 22:32:41.839157+00:00
598,C_LCC038,Little Chico Creek,,,flow,2,3,1,False,,False,,a47597f5-7219-4886-b15e-9afed36bfc82,"{1,3,4}",2,2,2026-03-02 22:32:41.839157+00:00,2026-03-02 22:32:41.839157+00:00
599,C_LDC007,Little Dry Creek,,1685,flow,2,3,1,False,,False,,a906b806-a893-4414-97fc-ebddf01c6020,"{1,3,4}",2,2,2026-03-02 22:32:41.839157+00:00,2026-03-02 22:32:41.839157+00:00
600,C_LDC021,Little Dry Creek,,,flow,2,3,1,False,,False,,4c7d3cce-54c8-4e2c-84f7-5786a3cde747,"{1,3,4}",2,2,2026-03-02 22:32:41.839157+00:00,2026-03-02 22:32:41.839157+00:00
601,C_LDC029,Little Dry Creek,,1686,flow,2,3,1,False,,False,,836ea96f-6f00-40b7-a3eb-61370924442c,"{1,3,4}",2,2,2026-03-02 22:32:41.839157+00:00,2026-03-02 22:32:41.839157+00:00
602,C_LGRSV,South Fork Feather River,,,flow,2,3,1,False,,False,,1a23309b-6207-4485-b2dd-738e113af82a,"{1,3,4}",2,2,2026-03-02 22:32:41.839157+00:00,2026-03-02 22:32:41.839157+00:00
603,C_LJC010,Littlejohns Creek,,1687,flow,2,3,1,False,,False,,339fd9fb-646f-4f9f-9446-2f54cd6ae5ea,"{1,3,4}",2,2,2026-03-02 22:32:41.839157+00:00,2026-03-02 22:32:41.839157+00:00
604,C_LJC022,Littlejohns Creek,,,flow,2,3,1,False,,False,,fe4794b0-e8c6-4f68-a034-a5b7f9775324,"{1,3,4}",2,2,2026-03-02 22:32:41.839157+00:00,2026-03-02 22:32:41.839157+00:00
605,C_LKVLY,North Fork North Fork American River,,1688,flow,2,3,1,False,,False,,c278790b-0f72-4519-b475-91e27caa68b6,"{1,3,4}",2,2,2026-03-02 22:32:41.839157+00:00,2026-03-02 22:32:41.839157+00:00
606,C_LLC007,Little Last Chance Creek,,,flow,2,3,1,False,,False,,3b5318b5-b7a5-495d-a670-caacc55bfe03,"{1,3,4}",2,2,2026-03-02 22:32:41.839157+00:00,2026-03-02 22:32:41.839157+00:00
607,C_LLOYD,,,1689,flow,2,3,1,False,,False,,1e1e9a59-2baf-42cd-ab59-05ea7ca41332,"{1,3,4}",2,2,2026-03-02 22:32:41.839157+00:00,2026-03-02 22:32:41.839157+00:00
608,C_LLT000,Loon Lake Tunnel,,1690,flow,2,3,1,False,,False,,cf9bae52-55b8-4c68-86e6-8a6ef91b5002,"{1,3,4}",2,2,2026-03-02 22:32:41.839157+00:00,2026-03-02 22:32:41.839157+00:00
609,C_LNG012,Long Canyon Creek,,,flow,2,3,1,False,,False,,f9dc2ba6-f408-416c-ad50-333752a1a1a6,"{1,3,4}",2,2,2026-03-02 22:32:41.839157+00:00,2026-03-02 22:32:41.839157+00:00
610,C_LOONL,Gerle Creek,,1691,flow,2,3,1,False,,False,,cc23d440-0917-435a-806a-9297b24fb0e4,"{1,3,4}",2,2,2026-03-02 22:32:41.839157+00:00,2026-03-02 22:32:41.839157+00:00
611,C_LOSVQ,,,,flow,2,3,1,False,,False,,16ae2714-5897-43a6-87fb-ff7537287869,"{1,3,4}",2,2,2026-03-02 22:32:41.839157+00:00,2026-03-02 22:32:41.839157+00:00
612,C_LPC007,Little Panoche Creek,,1692,flow,2,3,1,False,,False,,833c4cb0-bae1-45e3-975e-a948705b3e31,"{1,3,4}",2,2,2026-03-02 22:32:41.839157+00:00,2026-03-02 22:32:41.839157+00:00
613,C_LRB003,Little Rubicon River,,,flow,2,3,1,False,,False,,2f700764-bdad-4b96-8416-4c3cb9f3a8c4,"{1,3,4}",2,2,2026-03-02 22:32:41.839157+00:00,2026-03-02 22:32:41.839157+00:00
614,C_LRB004,Little Rubicon River,,1693,flow,2,3,1,False,,False,,cb630880-9772-46e9-8719-044997e1a2df,"{1,3,4}",2,2,2026-03-02 22:32:41.839157+00:00,2026-03-02 22:32:41.839157+00:00
615,C_LRB005,Little Rubicon River,,,flow,2,3,1,False,,False,,b51377a3-ea7b-4001-a1e3-1b52d1cd6fd7,"{1,3,4}",2,2,2026-03-02 22:32:41.839157+00:00,2026-03-02 22:32:41.839157+00:00
616,C_LRT000,Lohman Ridge Tunnel,,1694,flow,2,3,1,False,,False,,be4f747f-6357-4794-9bb0-8eab48a8eace,"{1,3,4}",2,2,2026-03-02 22:32:41.839157+00:00,2026-03-02 22:32:41.839157+00:00
617,C_LST003,Lost Creek,,,flow,2,3,1,False,,False,,d68d3119-b35d-414b-b195-45f13092ce3f,"{1,3,4}",2,2,2026-03-02 22:32:41.839157+00:00,2026-03-02 22:32:41.839157+00:00
618,C_LST004,Lost Creek,,1695,flow,2,3,1,False,,False,,09e29937-fb7f-45db-a57f-cba3e7c38ba3,"{1,3,4}",2,2,2026-03-02 22:32:41.839157+00:00,2026-03-02 22:32:41.839157+00:00
619,C_LST007,Lost Creek,,,flow,2,3,1,False,,False,,69e3b4c7-75a5-4edb-bc44-5cd960b27d00,"{1,3,4}",2,2,2026-03-02 22:32:41.839157+00:00,2026-03-02 22:32:41.839157+00:00
620,C_LVC001,Lake Valley Canal,,1696,flow,2,3,1,False,,False,,0b219a18-3bda-4aae-a4b7-4815d1765fce,"{1,3,4}",2,2,2026-03-02 22:32:41.839157+00:00,2026-03-02 22:32:41.839157+00:00
621,C_LVP007,Los Vaqueros Pipeline,,,flow,2,3,1,False,,False,,33b15070-d9a7-4ee4-953b-e74ceb1b47d0,"{1,3,4}",2,2,2026-03-02 22:32:41.839157+00:00,2026-03-02 22:32:41.839157+00:00
622,C_LWSTN,Trinity River,,1697,flow,2,3,1,False,,False,,b50279fe-d5ff-4a55-8d22-5f8e4bd472d7,"{1,3,4}",2,2,2026-03-02 22:32:41.839157+00:00,2026-03-02 22:32:41.839157+00:00
623,C_LYONS,Tuolumne Main Ditch (Tuolumne Canal),,,flow,2,3,1,False,,False,,0522ed88-54d6-4336-bd43-aaf9cc543f68,"{1,3,4}",2,2,2026-03-02 22:32:41.839157+00:00,2026-03-02 22:32:41.839157+00:00
624,C_MAQ001,Mokelumne Aqueduct,,1698,flow,2,3,1,False,,False,,1f8ac15f-598e-4dc7-a0d5-a496c03b4597,"{1,3,4}",2,2,2026-03-02 22:32:41.839157+00:00,2026-03-02 22:32:41.839157+00:00
625,C_MAQ012,Mokelumne Aqueduct,,,flow,2,3,1,False,,False,,3eb37fda-66c6-476e-a66d-b9ca881ff3f3,"{1,3,4}",2,2,2026-03-02 22:32:41.839157+00:00,2026-03-02 22:32:41.839157+00:00
626,C_MAQ057,,,1699,flow,2,3,1,False,,False,,52040acc-f4ee-446c-822f-c171bf8cd52e,"{1,3,4}",2,2,2026-03-02 22:32:41.839157+00:00,2026-03-02 22:32:41.839157+00:00
627,C_MBT005,Milton+AC0-Bowman Tunnel,,1700,flow,2,3,1,False,,False,,3480ab6f-cb99-46eb-935d-c403cb86be75,"{1,3,4}",2,2,2026-03-02 22:32:41.839157+00:00,2026-03-02 22:32:41.839157+00:00
628,C_MCD002,Merced River,,,flow,2,3,1,False,,False,,3c70edf8-2886-4b5e-bd62-ffea57dfd303,"{1,3,4}",2,2,2026-03-02 22:32:41.839157+00:00,2026-03-02 22:32:41.839157+00:00
629,C_MCD005,Merced River,,1701,flow,2,3,1,False,,False,,736f9539-89d8-4c0f-abb4-e2dd9704f7cd,"{1,3,4}",2,2,2026-03-02 22:32:41.839157+00:00,2026-03-02 22:32:41.839157+00:00
630,C_MCD009,Merced River,,,flow,2,3,1,False,,False,,62f14d69-20e9-4cf4-ab64-17e3f7d9e695,"{1,3,4}",2,2,2026-03-02 22:32:41.839157+00:00,2026-03-02 22:32:41.839157+00:00
631,C_MCD014,Merced River,,1702,flow,2,3,1,False,,False,,90fdb768-68eb-4330-b7f1-b0da5509adfe,"{1,3,4}",2,2,2026-03-02 22:32:41.839157+00:00,2026-03-02 22:32:41.839157+00:00
632,C_MCD018,Merced River,,,flow,2,3,1,False,,False,,1ce5bc1e-be2b-4f59-b1e4-cf9bdeb77f3b,"{1,3,4}",2,2,2026-03-02 22:32:41.839157+00:00,2026-03-02 22:32:41.839157+00:00
633,C_MCD021,Merced River,,1703,flow,2,3,1,False,,False,,8e8f2c08-e657-4abe-97d4-60e8b063ebf2,"{1,3,4}",2,2,2026-03-02 22:32:41.839157+00:00,2026-03-02 22:32:41.839157+00:00
634,C_MCD028,Merced River,,,flow,2,3,1,False,,False,,3d3aab90-22c8-46aa-97b4-10543b0ec812,"{1,3,4}",2,2,2026-03-02 22:32:41.839157+00:00,2026-03-02 22:32:41.839157+00:00
635,C_MCD032,Merced River,,1704,flow,2,3,1,False,,False,,5ffe6da7-3a45-41a6-9757-bf3b8a118f2a,"{1,3,4}",2,2,2026-03-02 22:32:41.839157+00:00,2026-03-02 22:32:41.839157+00:00
636,C_MCD033,Merced River,,,flow,2,3,1,False,,False,,a5bd4093-c8e9-47a6-92ca-a86144746234,"{1,3,4}",2,2,2026-03-02 22:32:41.839157+00:00,2026-03-02 22:32:41.839157+00:00
637,C_MCD036,Merced River,,1705,flow,2,3,1,False,,False,,4706edda-3e36-426c-bb6d-6fcfe0eca2b7,"{1,3,4}",2,2,2026-03-02 22:32:41.839157+00:00,2026-03-02 22:32:41.839157+00:00
638,C_MCD042,Merced River,,,flow,2,3,1,False,,False,,6311e207-d6f5-4d86-a4a6-35504b7671ec,"{1,3,4}",2,2,2026-03-02 22:32:41.839157+00:00,2026-03-02 22:32:41.839157+00:00
639,C_MCD046,Merced River,,1706,flow,2,3,1,False,,False,,3a2cff4e-2112-4aa9-a5fa-77ef91da5fd6,"{1,3,4}",2,2,2026-03-02 22:32:41.839157+00:00,2026-03-02 22:32:41.839157+00:00
640,C_MCD048,Merced River,,,flow,2,3,1,False,,False,,57699a27-7f5b-44b7-9744-847e72bbc10b,"{1,3,4}",2,2,2026-03-02 22:32:41.839157+00:00,2026-03-02 22:32:41.839157+00:00
641,C_MCD050,Merced River,,1707,flow,2,3,1,False,,False,,d275d8ab-886a-4d36-93ec-3bcac3dc0e1a,"{1,3,4}",2,2,2026-03-02 22:32:41.839157+00:00,2026-03-02 22:32:41.839157+00:00
642,C_MCD052,Merced River,,,flow,2,3,1,False,,False,,c098bc68-4db8-448d-b8ed-7e7db8bfeada,"{1,3,4}",2,2,2026-03-02 22:32:41.839157+00:00,2026-03-02 22:32:41.839157+00:00
643,C_MCD054,Merced River,,1708,flow,2,3,1,False,,False,,5d107ff8-c322-46f8-889a-36e4b928fb05,"{1,3,4}",2,2,2026-03-02 22:32:41.839157+00:00,2026-03-02 22:32:41.839157+00:00
644,C_MCD055,Merced River,,,flow,2,3,1,False,,False,,a8e8caa0-7a3b-4914-9f5f-8882485ade77,"{1,3,4}",2,2,2026-03-02 22:32:41.839157+00:00,2026-03-02 22:32:41.839157+00:00
645,C_MCD056,Merced River,,1709,flow,2,3,1,False,,False,,f7815baf-8721-48a7-a144-317a9c942324,"{1,3,4}",2,2,2026-03-02 22:32:41.839157+00:00,2026-03-02 22:32:41.839157+00:00
646,C_MCD080,Merced River,,,flow,2,3,1,False,,False,,7e03265d-2359-46e7-bf63-18343bb6d9f7,"{1,3,4}",2,2,2026-03-02 22:32:41.839157+00:00,2026-03-02 22:32:41.839157+00:00
647,C_MCD086,Merced River,,,flow,2,3,1,False,,False,,374b38ab-031d-42e3-a0ef-6f58c381a5e2,"{1,3,4}",2,2,2026-03-02 22:32:41.839157+00:00,2026-03-02 22:32:41.839157+00:00
648,C_MCD096,Merced River,,,flow,2,3,1,False,,False,,6b81e7d6-03b5-42f8-88f9-81b3ea78fde6,"{1,3,4}",2,2,2026-03-02 22:32:41.839157+00:00,2026-03-02 22:32:41.839157+00:00
649,C_MCD102,Merced River,,,flow,2,3,1,False,,False,,93c99063-fca1-4cba-adae-b9b3d1d80f82,"{1,3,4}",2,2,2026-03-02 22:32:41.839157+00:00,2026-03-02 22:32:41.839157+00:00
650,C_MCD119,Merced River,,,flow,2,3,1,False,,False,,939e6e55-cacd-4a03-84e0-7e8be0a17900,"{1,3,4}",2,2,2026-03-02 22:32:41.839157+00:00,2026-03-02 22:32:41.839157+00:00
651,C_MCD128,Merced River,,,flow,2,3,1,False,,False,,10f63c00-85ff-49b8-81da-50835e663704,"{1,3,4}",2,2,2026-03-02 22:32:41.839157+00:00,2026-03-02 22:32:41.839157+00:00
652,C_MCLRE,Merced River,,,flow,2,3,1,False,,False,,c5160ae0-004c-40a1-ba29-bfb606922911,"{1,3,4}",2,2,2026-03-02 22:32:41.839157+00:00,2026-03-02 22:32:41.839157+00:00
653,C_MCW003,,,1710,flow,2,3,1,False,,False,,432f22f2-57bc-40d9-983e-ecbab9fdbad1,"{1,3,4}",2,2,2026-03-02 22:32:41.839157+00:00,2026-03-02 22:32:41.839157+00:00
654,C_MDC006,Madera Canal,,1711,flow,2,3,1,False,,False,,4f236379-e4de-4611-8476-3fb9efa0a2b2,"{1,3,4}",2,2,2026-03-02 22:32:41.839157+00:00,2026-03-02 22:32:41.839157+00:00
655,C_MDC019,Madera Canal,,,flow,2,3,1,False,,False,,8d5b4007-3f33-4eef-8815-b4d25b7c35f5,"{1,3,4}",2,2,2026-03-02 22:32:41.839157+00:00,2026-03-02 22:32:41.839157+00:00
656,C_MDC032,Madera Canal,,1712,flow,2,3,1,False,,False,,35f69bbd-a5b0-464c-95ae-eca547c821a3,"{1,3,4}",2,2,2026-03-02 22:32:41.839157+00:00,2026-03-02 22:32:41.839157+00:00
657,C_MDC032_16B,,,,flow,2,3,1,False,,False,,f0032a36-98fd-420b-a656-d45fd4739aa5,"{1,3,4}",2,2,2026-03-02 22:32:41.839157+00:00,2026-03-02 22:32:41.839157+00:00
658,C_MDC032_F,,,,flow,2,3,1,False,,False,,5e79db89-c309-40a3-8e83-0b632a7e3bec,"{1,3,4}",2,2,2026-03-02 22:32:41.839157+00:00,2026-03-02 22:32:41.839157+00:00
659,C_MDC032_M,,,,flow,2,3,1,False,,False,,4b9aa45b-84cb-450a-a24c-eafe624fdb58,"{1,3,4}",2,2,2026-03-02 22:32:41.839157+00:00,2026-03-02 22:32:41.839157+00:00
660,C_MDOTA,San Joaquin River,,,flow,2,3,1,False,,False,,782b6a5a-5a67-47e7-b3a6-744515af5454,"{1,3,4}",2,2,2026-03-02 22:32:41.839157+00:00,2026-03-02 22:32:41.839157+00:00
661,C_MDOTAE,,,1713,flow,2,3,1,False,,False,,2296a37f-ff2c-4904-9d82-a8ec5cbb21ad,"{1,3,4}",2,2,2026-03-02 22:32:41.839157+00:00,2026-03-02 22:32:41.839157+00:00
662,C_MDS003,Modesto Main Canal,,1714,flow,2,3,1,False,,False,,30c42fd2-4c69-4e1d-900f-6498501c10a2,"{1,3,4}",2,2,2026-03-02 22:32:41.839157+00:00,2026-03-02 22:32:41.839157+00:00
663,C_MELON,Stanislaus River,,2053,flow,2,3,1,False,,False,,4f18cc71-b609-4ac3-bad9-f8d1e1ba98d6,"{1,3,4}",2,2,2026-03-02 22:32:41.839157+00:00,2026-03-02 22:32:41.839157+00:00
664,C_MERLC,French Dry Creek,,1715,flow,2,3,1,False,,False,,734eae2f-82a3-4e23-bee0-ac23e92240c9,"{1,3,4}",2,2,2026-03-02 22:32:41.839157+00:00,2026-03-02 22:32:41.839157+00:00
665,C_MFA001,Middle Fork American River,,,flow,2,3,1,False,,False,,1b324846-6f3b-4fdd-8721-f2f13325da94,"{1,3,4}",2,2,2026-03-02 22:32:41.839157+00:00,2026-03-02 22:32:41.839157+00:00
666,C_MFA023,Middle Fork American River,,1716,flow,2,3,1,False,,False,,58e87f40-ee0c-4494-9a61-650238c06131,"{1,3,4}",2,2,2026-03-02 22:32:41.839157+00:00,2026-03-02 22:32:41.839157+00:00
667,C_MFA024,Middle Fork American River,,,flow,2,3,1,False,,False,,8c2a61b7-7991-4387-89e0-acdfefa72be2,"{1,3,4}",2,2,2026-03-02 22:32:41.839157+00:00,2026-03-02 22:32:41.839157+00:00
668,C_MFA025,Middle Fork American River,,1717,flow,2,3,1,False,,False,,6b60c4a0-ac8c-427d-a2c7-343ff0379172,"{1,3,4}",2,2,2026-03-02 22:32:41.839157+00:00,2026-03-02 22:32:41.839157+00:00
669,C_MFA026,Middle Fork American River,,,flow,2,3,1,False,,False,,c55828a3-ae07-4970-a342-9d0b8866d52d,"{1,3,4}",2,2,2026-03-02 22:32:41.839157+00:00,2026-03-02 22:32:41.839157+00:00
670,C_MFA035,Middle Fork American River,,1718,flow,2,3,1,False,,False,,20bdc0b2-7a1c-422b-b6ae-7d85bdaa89ca,"{1,3,4}",2,2,2026-03-02 22:32:41.839157+00:00,2026-03-02 22:32:41.839157+00:00
671,C_MFA036,Middle Fork American River,,,flow,2,3,1,False,,False,,424d9c36-fc11-46c0-b45c-e15269bf49b9,"{1,3,4}",2,2,2026-03-02 22:32:41.839157+00:00,2026-03-02 22:32:41.839157+00:00
672,C_MFA037,Middle Fork American River,,1719,flow,2,3,1,False,,False,,86224900-ecc9-4cf9-b512-a18d012009c8,"{1,3,4}",2,2,2026-03-02 22:32:41.839157+00:00,2026-03-02 22:32:41.839157+00:00
673,C_MFA038,Middle Fork American River,,,flow,2,3,1,False,,False,,54164242-234c-402d-934d-200a17a96261,"{1,3,4}",2,2,2026-03-02 22:32:41.839157+00:00,2026-03-02 22:32:41.839157+00:00
674,C_MFA040,Middle Fork American River,,1720,flow,2,3,1,False,,False,,92911349-e664-4df5-a850-8f8aa4a04082,"{1,3,4}",2,2,2026-03-02 22:32:41.839157+00:00,2026-03-02 22:32:41.839157+00:00
675,C_MFA047,Middle Fork American River,,,flow,2,3,1,False,,False,,7abf3ff9-0dc8-45f4-97d8-44a51b44e28e,"{1,3,4}",2,2,2026-03-02 22:32:41.839157+00:00,2026-03-02 22:32:41.839157+00:00
676,C_MFF019,Middle Fork Feather River,,1721,flow,2,3,1,False,,False,,d9d71c1a-cae9-4bb3-b7fe-d5382e092f0e,"{1,3,4}",2,2,2026-03-02 22:32:41.839157+00:00,2026-03-02 22:32:41.839157+00:00
677,C_MFF087,Middle Fork Feather River,,,flow,2,3,1,False,,False,,76951ea2-0df6-4fbe-b1a6-e38c31e83f44,"{1,3,4}",2,2,2026-03-02 22:32:41.839157+00:00,2026-03-02 22:32:41.839157+00:00
678,C_MFF088,Middle Fork Feather River,,1722,flow,2,3,1,False,,False,,ce488998-5c7a-4517-a132-5954cc48ae5c,"{1,3,4}",2,2,2026-03-02 22:32:41.839157+00:00,2026-03-02 22:32:41.839157+00:00
679,C_MFF095,Middle Fork Feather River,,,flow,2,3,1,False,,False,,2da037b0-0805-478d-92d3-bfa938e34b6d,"{1,3,4}",2,2,2026-03-02 22:32:41.839157+00:00,2026-03-02 22:32:41.839157+00:00
680,C_MFM001,Middle Fork Mokelumne River,,1723,flow,2,3,1,False,,False,,afdd7d07-c108-4f35-a36a-fdbb08f1d811,"{1,3,4}",2,2,2026-03-02 22:32:41.839157+00:00,2026-03-02 22:32:41.839157+00:00
681,C_MFM006,Middle Fork Mokelumne River,,,flow,2,3,1,False,,False,,dd62c87a-56df-491e-b0c8-64841b25b51f,"{1,3,4}",2,2,2026-03-02 22:32:41.839157+00:00,2026-03-02 22:32:41.839157+00:00
682,C_MFM007,Middle Fork Mokelumne River,,1724,flow,2,3,1,False,,False,,41e1c4c8-71b5-4389-a44d-cb95ec028e1e,"{1,3,4}",2,2,2026-03-02 22:32:41.839157+00:00,2026-03-02 22:32:41.839157+00:00
683,C_MFM008,Middle Fork Mokelumne River,,,flow,2,3,1,False,,False,,b78744b1-e8a0-44c3-8f24-5d0f98093533,"{1,3,4}",2,2,2026-03-02 22:32:41.839157+00:00,2026-03-02 22:32:41.839157+00:00
684,C_MFS012,Middle Fork Stanislaus River,,1725,flow,2,3,1,False,,False,,f80fdb2f-37ec-4f90-9d32-cd11480422e1,"{1,3,4}",2,2,2026-03-02 22:32:41.839157+00:00,2026-03-02 22:32:41.839157+00:00
685,C_MFS013,Middle Fork Stanislaus River,,,flow,2,3,1,False,,False,,2ea0a7c5-f997-4a35-8d1a-40fae22e6dd9,"{1,3,4}",2,2,2026-03-02 22:32:41.839157+00:00,2026-03-02 22:32:41.839157+00:00
686,C_MFS014,Middle Fork Stanislaus River,,1726,flow,2,3,1,False,,False,,978c4bc5-a154-494a-9801-02b29e405c78,"{1,3,4}",2,2,2026-03-02 22:32:41.839157+00:00,2026-03-02 22:32:41.839157+00:00
687,C_MFS015,Middle Fork Stanislaus River,,,flow,2,3,1,False,,False,,8b4714d9-3c61-44eb-9e82-b29a0f1a4208,"{1,3,4}",2,2,2026-03-02 22:32:41.839157+00:00,2026-03-02 22:32:41.839157+00:00
688,C_MFS016,Middle Fork Stanislaus River,,1727,flow,2,3,1,False,,False,,f646f720-a4f9-4ed5-8470-8a86f797f1f4,"{1,3,4}",2,2,2026-03-02 22:32:41.839157+00:00,2026-03-02 22:32:41.839157+00:00
689,C_MFS017,Middle Fork Stanislaus River,,,flow,2,3,1,False,,False,,9fb4bcec-3c14-432e-a7d9-4db095791b8c,"{1,3,4}",2,2,2026-03-02 22:32:41.839157+00:00,2026-03-02 22:32:41.839157+00:00
690,C_MFS021,Middle Fork Stanislaus River,,,flow,2,3,1,False,,False,,a3871309-e4aa-405b-99a0-a24cd7757e1d,"{1,3,4}",2,2,2026-03-02 22:32:41.839157+00:00,2026-03-02 22:32:41.839157+00:00
691,C_MFS022,Middle Fork Stanislaus River,,1728,flow,2,3,1,False,,False,,a318d93c-e330-4347-bb7b-dc408490947a,"{1,3,4}",2,2,2026-03-02 22:32:41.839157+00:00,2026-03-02 22:32:41.839157+00:00
692,C_MFS035,Middle Fork Stanislaus River,,,flow,2,3,1,False,,False,,27b68cd9-8ba5-4222-9ef4-87d4ee46792f,"{1,3,4}",2,2,2026-03-02 22:32:41.839157+00:00,2026-03-02 22:32:41.839157+00:00
693,C_MFS037,Middle Fork Stanislaus River,,,flow,2,3,1,False,,False,,dd453d3b-ec21-4e0d-963e-f0c06aee8e47,"{1,3,4}",2,2,2026-03-02 22:32:41.839157+00:00,2026-03-02 22:32:41.839157+00:00
694,C_MFS047,Middle Fork Stanislaus River,,,flow,2,3,1,False,,False,,0737c45d-75a2-4b39-bdf3-3a9c053a43c6,"{1,3,4}",2,2,2026-03-02 22:32:41.839157+00:00,2026-03-02 22:32:41.839157+00:00
695,C_MFS048,Middle Fork Stanislaus River,,,flow,2,3,1,False,,False,,29bbbfb6-6ef6-4009-a171-c0c0b02ee9ae,"{1,3,4}",2,2,2026-03-02 22:32:41.839157+00:00,2026-03-02 22:32:41.839157+00:00
696,C_MFT000,Middle Fork Tuolumne River,,1729,flow,2,3,1,False,,False,,325e3f97-1cb1-4ee3-9251-057fd10cd2c1,"{1,3,4}",2,2,2026-03-02 22:32:41.839157+00:00,2026-03-02 22:32:41.839157+00:00
697,C_MFT003,Middle Fork Tunnel,,,flow,2,3,1,False,,False,,2451ceee-9529-4cda-bda1-4f7a35e8860b,"{1,3,4}",2,2,2026-03-02 22:32:41.839157+00:00,2026-03-02 22:32:41.839157+00:00
698,C_MFT004,Middle Fork Tunnel,,1730,flow,2,3,1,False,,False,,5dea2fc4-9a6b-4483-ad7d-85c443a94a66,"{1,3,4}",2,2,2026-03-02 22:32:41.839157+00:00,2026-03-02 22:32:41.839157+00:00
699,C_MFT011,Middle Fork Tunnel,,,flow,2,3,1,False,,False,,f59f82bb-7574-44a5-ba6c-59623fce8954,"{1,3,4}",2,2,2026-03-02 22:32:41.839157+00:00,2026-03-02 22:32:41.839157+00:00
700,C_MFY005,Middle Yuba River,,1731,flow,2,3,1,False,,False,,c8493b14-67e8-460e-af93-c8d8eaaa929d,"{1,3,4}",2,2,2026-03-02 22:32:41.839157+00:00,2026-03-02 22:32:41.839157+00:00
701,C_MFY012,Middle Yuba River,,,flow,2,3,1,False,,False,,248cf449-4fc0-4aba-9322-07ba5d25af07,"{1,3,4}",2,2,2026-03-02 22:32:41.839157+00:00,2026-03-02 22:32:41.839157+00:00
702,C_MFY013,Middle Yuba River,,1732,flow,2,3,1,False,,False,,932f740e-0b68-4587-ab03-6f3398e64ed3,"{1,3,4}",2,2,2026-03-02 22:32:41.839157+00:00,2026-03-02 22:32:41.839157+00:00
703,C_MFY044,Middle Yuba River,,,flow,2,3,1,False,,False,,c533bb27-5f7a-4d22-b834-ba630de3d3f3,"{1,3,4}",2,2,2026-03-02 22:32:41.839157+00:00,2026-03-02 22:32:41.839157+00:00
704,C_MFY045,Middle Yuba River,,1733,flow,2,3,1,False,,False,,2a35f5cb-99a7-494b-bdf5-0549410aea9e,"{1,3,4}",2,2,2026-03-02 22:32:41.839157+00:00,2026-03-02 22:32:41.839157+00:00
705,C_MFY046,Middle Yuba River,,,flow,2,3,1,False,,False,,032a2b27-fc93-405a-84d0-bbbf2497ee3d,"{1,3,4}",2,2,2026-03-02 22:32:41.839157+00:00,2026-03-02 22:32:41.839157+00:00
706,C_MIL002,Mills Creek,,1734,flow,2,3,1,False,,False,,50c2a12f-f21e-4d7d-a1aa-d8e812af2d71,"{1,3,4}",2,2,2026-03-02 22:32:41.839157+00:00,2026-03-02 22:32:41.839157+00:00
707,C_MIL003,Mills Creek,,,flow,2,3,1,False,,False,,2a899c56-6cb4-4e91-b6ac-fbfd89dcab81,"{1,3,4}",2,2,2026-03-02 22:32:41.839157+00:00,2026-03-02 22:32:41.839157+00:00
708,C_MIO010,Miocene Canal,,1735,flow,2,3,1,False,,False,,62e6c75e-f872-4cc1-a507-32e3000db517,"{1,3,4}",2,2,2026-03-02 22:32:41.839157+00:00,2026-03-02 22:32:41.839157+00:00
709,C_MLC004,Mill Creek,,1736,flow,2,3,1,False,,False,,ce62facc-4aea-4bee-ba40-737185e543d2,"{1,3,4}",2,2,2026-03-02 22:32:41.839157+00:00,2026-03-02 22:32:41.839157+00:00
710,C_MLC006,Mill Creek,,,flow,2,3,1,False,,False,,89ebb2bc-b0a5-46ce-85c8-ab4601fabfeb,"{1,3,4}",2,2,2026-03-02 22:32:41.839157+00:00,2026-03-02 22:32:41.839157+00:00
711,C_MLRTN,San Joaquin River,,1737,flow,2,3,1,False,,False,,e64b9f74-8eb2-48aa-ad8f-1dd0b1d57716,"{1,3,4}",2,2,2026-03-02 22:32:41.839157+00:00,2026-03-02 22:32:41.839157+00:00
712,C_MLRTN_CVP,,,,flow,2,3,1,False,,False,,10ebddda-37da-4516-8494-d208e8e17235,"{1,3,4}",2,2,2026-03-02 22:32:41.839157+00:00,2026-03-02 22:32:41.839157+00:00
713,C_MLRTN_SWP,,,,flow,2,3,1,False,,False,,1a3b1c27-ce7e-4908-a73f-19528965762a,"{1,3,4}",2,2,2026-03-02 22:32:41.839157+00:00,2026-03-02 22:32:41.839157+00:00
714,C_MNS000,Minor Northeastern Streams,,,flow,2,3,1,False,,False,,361cc8fb-fa24-4bd7-b40b-37cfaf172aff,"{1,3,4}",2,2,2026-03-02 22:32:41.839157+00:00,2026-03-02 22:32:41.839157+00:00
715,C_MNT000,,,1738,flow,2,3,1,False,,False,,6d8340fa-bdd9-42d8-8452-55740dfec80d,"{1,3,4}",2,2,2026-03-02 22:32:41.839157+00:00,2026-03-02 22:32:41.839157+00:00
716,C_MNT020,,,1739,flow,2,3,1,False,,False,,eb84fe91-5470-4767-bf0e-bdc8d449132b,"{1,3,4}",2,2,2026-03-02 22:32:41.839157+00:00,2026-03-02 22:32:41.839157+00:00
717,C_MOC003,Moccasin Creek,,1740,flow,2,3,1,False,,False,,220f2c11-4dfa-48fe-90bc-82f3af7006b2,"{1,3,4}",2,2,2026-03-02 22:32:41.839157+00:00,2026-03-02 22:32:41.839157+00:00
718,C_MOK004,Mokelumne River,,,flow,2,3,1,False,,False,,65d85305-e797-4ab9-b7e6-23752b17685e,"{1,3,4}",2,2,2026-03-02 22:32:41.839157+00:00,2026-03-02 22:32:41.839157+00:00
719,C_MOK014,Mokelumne River,,1741,flow,2,3,1,False,,False,,8471a7a5-7702-4e59-94b7-17d05fc0965b,"{1,3,4}",2,2,2026-03-02 22:32:41.839157+00:00,2026-03-02 22:32:41.839157+00:00
720,C_MOK019,Mokelumne River,,2054,flow,2,3,1,False,,False,,20dd8619-7734-48ec-a8cf-81827277d202,"{1,3,4}",2,2,2026-03-02 22:32:41.839157+00:00,2026-03-02 22:32:41.839157+00:00
721,C_MOK022,Mokelumne River,,1742,flow,2,3,1,False,,False,,efd978b1-ffb1-4418-a222-eca48235ecc6,"{1,3,4}",2,2,2026-03-02 22:32:41.839157+00:00,2026-03-02 22:32:41.839157+00:00
722,C_MOK028,Mokelumne River,,2055,flow,2,3,1,False,,False,,aab678ab-172f-4be5-8b97-0bf8b6ab9a5c,"{1,3,4}",2,2,2026-03-02 22:32:41.839157+00:00,2026-03-02 22:32:41.839157+00:00
723,C_MOK033,Mokelumne River,,1743,flow,2,3,1,False,,False,,5167c8b0-0808-40c4-8a10-c10d7e32e739,"{1,3,4}",2,2,2026-03-02 22:32:41.839157+00:00,2026-03-02 22:32:41.839157+00:00
724,C_MOK034,Mokelumne River,,,flow,2,3,1,False,,False,,97d90881-ee55-47aa-8953-005cc38d6422,"{1,3,4}",2,2,2026-03-02 22:32:41.839157+00:00,2026-03-02 22:32:41.839157+00:00
725,C_MOK035,Mokelumne River,,1744,flow,2,3,1,False,,False,,2e79c895-eba0-4984-aaaa-16217c26da97,"{1,3,4}",2,2,2026-03-02 22:32:41.839157+00:00,2026-03-02 22:32:41.839157+00:00
726,C_MOK039,Mokelumne River,,,flow,2,3,1,False,,False,,eb3a002c-5cd8-432b-9cfc-fdac899182fd,"{1,3,4}",2,2,2026-03-02 22:32:41.839157+00:00,2026-03-02 22:32:41.839157+00:00
727,C_MOK044,Mokelumne River,,1745,flow,2,3,1,False,,False,,577620bd-07b4-4052-93d6-05754004f7b5,"{1,3,4}",2,2,2026-03-02 22:32:41.839157+00:00,2026-03-02 22:32:41.839157+00:00
728,C_MOK050,Mokelumne River,,,flow,2,3,1,False,,False,,ac8663f6-d74b-4176-9cc5-9a5dcf034264,"{1,3,4}",2,2,2026-03-02 22:32:41.839157+00:00,2026-03-02 22:32:41.839157+00:00
729,C_MOK055,Mokelumne River,,1746,flow,2,3,1,False,,False,,3a0e88e4-3a4a-4297-b11f-d51210d41da1,"{1,3,4}",2,2,2026-03-02 22:32:41.839157+00:00,2026-03-02 22:32:41.839157+00:00
730,C_MOK057,Mokelumne River,,,flow,2,3,1,False,,False,,e431fa12-a1f8-4097-b4fe-9bf161188cd1,"{1,3,4}",2,2,2026-03-02 22:32:41.839157+00:00,2026-03-02 22:32:41.839157+00:00
731,C_MOK079,Mokelumne River,,1747,flow,2,3,1,False,,False,,af42dfb4-249c-4500-87fd-401dbcd52334,"{1,3,4}",2,2,2026-03-02 22:32:41.839157+00:00,2026-03-02 22:32:41.839157+00:00
732,C_MOK082,Mokelumne River,,,flow,2,3,1,False,,False,,902f91b6-1d4d-4e5a-8b59-68433109a80d,"{1,3,4}",2,2,2026-03-02 22:32:41.839157+00:00,2026-03-02 22:32:41.839157+00:00
733,C_MOK088,Mokelumne River,,1748,flow,2,3,1,False,,False,,bc59985c-f8da-4eec-a025-d8755d5d8313,"{1,3,4}",2,2,2026-03-02 22:32:41.839157+00:00,2026-03-02 22:32:41.839157+00:00
734,C_MPS020,,,,flow,2,3,1,False,,False,,6398b144-183f-4d84-88c4-0ebe997efeff,"{1,3,4}",2,2,2026-03-02 22:32:41.839157+00:00,2026-03-02 22:32:41.839157+00:00
735,C_MPS038,Mariposa Creek,,,flow,2,3,1,False,,False,,c2eae82c-430c-4a16-82fc-c95bd442cdac,"{1,3,4}",2,2,2026-03-02 22:32:41.839157+00:00,2026-03-02 22:32:41.839157+00:00
736,C_MRM001,Shirland Canal/Mormon Ravine,,1749,flow,2,3,1,False,,False,,45c9e9f1-6ea8-485f-beb5-cef7837a0722,"{1,3,4}",2,2,2026-03-02 22:32:41.839157+00:00,2026-03-02 22:32:41.839157+00:00
737,C_MRS000,Merced River Slough,,,flow,2,3,1,False,,False,,3421db98-098a-4564-bc3a-d1090f23603e,"{1,3,4}",2,2,2026-03-02 22:32:41.839157+00:00,2026-03-02 22:32:41.839157+00:00
738,C_MSF001,South Fork Merced River,,,flow,2,3,1,False,,False,,95cb6ef3-106a-40a1-a818-3b439ac77f78,"{1,3,4}",2,2,2026-03-02 22:32:41.839157+00:00,2026-03-02 22:32:41.839157+00:00
739,C_MSF023,South Fork Merced River,,,flow,2,3,1,False,,False,,3b204061-e346-4b08-8b7a-b70f652c6e89,"{1,3,4}",2,2,2026-03-02 22:32:41.839157+00:00,2026-03-02 22:32:41.839157+00:00
740,C_MSH015,Marsh Creek,,1750,flow,2,3,1,False,,False,,22386d18-2c59-4839-8363-e9ad689f281e,"{1,3,4}",2,2,2026-03-02 22:32:41.839157+00:00,2026-03-02 22:32:41.839157+00:00
741,C_MSN004,Mud Slough,,,flow,2,3,1,False,,False,,ab862b54-b870-4b0b-b5ae-e41c314e43d3,"{1,3,4}",2,2,2026-03-02 22:32:41.839157+00:00,2026-03-02 22:32:41.839157+00:00
742,C_MSN005,Mud Slough,,1751,flow,2,3,1,False,,False,,5d99f8e5-7b64-4e5c-8bb0-9eefd5d8e9ac,"{1,3,4}",2,2,2026-03-02 22:32:41.839157+00:00,2026-03-02 22:32:41.839157+00:00
743,C_MSN009,Mud Slough,,,flow,2,3,1,False,,False,,1e7a8463-0f72-4580-91c4-0011fc5c86f5,"{1,3,4}",2,2,2026-03-02 22:32:41.839157+00:00,2026-03-02 22:32:41.839157+00:00
744,C_MSS014,Mud Slough,,1752,flow,2,3,1,False,,False,,9b534f2e-f57a-4149-a0e7-ec28e04116b4,"{1,3,4}",2,2,2026-03-02 22:32:41.839157+00:00,2026-03-02 22:32:41.839157+00:00
745,C_MTMDW,Hamilton Branch,,,flow,2,3,1,False,,False,,9546b674-9589-44d2-9e5b-291233ad093c,"{1,3,4}",2,2,2026-03-02 22:32:41.839157+00:00,2026-03-02 22:32:41.839157+00:00
746,C_NBA009,North Bay Aqueduct,,1753,flow,2,3,1,False,,False,,292f775e-8af1-4cba-b521-7cfc56a48b65,"{1,3,4}",2,2,2026-03-02 22:32:41.839157+00:00,2026-03-02 22:32:41.839157+00:00
747,C_NBA011,North Bay Aqueduct,,,flow,2,3,1,False,,False,,e9eefe8c-4078-4059-81d2-16b9bbddcf60,"{1,3,4}",2,2,2026-03-02 22:32:41.839157+00:00,2026-03-02 22:32:41.839157+00:00
748,C_NBA021,North Bay Aqueduct,,1754,flow,2,3,1,False,,False,,6ac96f08-79c9-4228-9362-fa03cb68ba77,"{1,3,4}",2,2,2026-03-02 22:32:41.839157+00:00,2026-03-02 22:32:41.839157+00:00
749,C_NBLDB,Yuba River/North Yuba River,,,flow,2,3,1,False,,False,,c2bb2ad5-a995-4f98-a1cd-fc88d9a76b7c,"{1,3,4}",2,2,2026-03-02 22:32:41.839157+00:00,2026-03-02 22:32:41.839157+00:00
750,C_NCM020,,,1755,flow,2,3,1,False,,False,,3f90ec48-6c14-4568-84cb-564c23af1d6d,"{1,3,4}",2,2,2026-03-02 22:32:41.839157+00:00,2026-03-02 22:32:41.839157+00:00
751,C_NCT001,,,1756,flow,2,3,1,False,,False,,42d2aac6-3ee5-4a10-bd39-be64b721f643,"{1,3,4}",2,2,2026-03-02 22:32:41.839157+00:00,2026-03-02 22:32:41.839157+00:00
752,C_NCW001,,,1757,flow,2,3,1,False,,False,,705dc4cc-55cf-4a54-805a-2da50f355025,"{1,3,4}",2,2,2026-03-02 22:32:41.839157+00:00,2026-03-02 22:32:41.839157+00:00
753,C_NFA011,North Fork American River,,1758,flow,2,3,1,False,,False,,b6189e64-e6b9-4560-ba91-dfb91402e1c6,"{1,3,4}",2,2,2026-03-02 22:32:41.839157+00:00,2026-03-02 22:32:41.839157+00:00
754,C_NFA016,North Fork American River,,,flow,2,3,1,False,,False,,1e3f87d4-2376-4f6e-aad5-c6e03c681119,"{1,3,4}",2,2,2026-03-02 22:32:41.839157+00:00,2026-03-02 22:32:41.839157+00:00
755,C_NFA019,North Fork American River,,1759,flow,2,3,1,False,,False,,974713e0-6c3c-46fd-b71e-33dc68852e76,"{1,3,4}",2,2,2026-03-02 22:32:41.839157+00:00,2026-03-02 22:32:41.839157+00:00
756,C_NFA022,North Fork American River,,,flow,2,3,1,False,,False,,cf3178d9-90d1-45ef-abce-fb9235817b87,"{1,3,4}",2,2,2026-03-02 22:32:41.839157+00:00,2026-03-02 22:32:41.839157+00:00
757,C_NFA048,North Fork American River,,1760,flow,2,3,1,False,,False,,8e45fac1-bce7-437d-9191-6289194a6f91,"{1,3,4}",2,2,2026-03-02 22:32:41.839157+00:00,2026-03-02 22:32:41.839157+00:00
758,C_NFA054,North Fork American River,,,flow,2,3,1,False,,False,,a7b7115b-f875-4e77-8318-837d76f4b026,"{1,3,4}",2,2,2026-03-02 22:32:41.839157+00:00,2026-03-02 22:32:41.839157+00:00
759,C_NFC005,North Fork Cache Creek,,1761,flow,2,3,1,False,,False,,42880937-8151-41a0-bdc9-81d2d79aeae7,"{1,3,4}",2,2,2026-03-02 22:32:41.839157+00:00,2026-03-02 22:32:41.839157+00:00
760,C_NFC013,North Fork Cache Creek,,,flow,2,3,1,False,,False,,ccc0db03-d18a-4721-81f7-f084b9b25f28,"{1,3,4}",2,2,2026-03-02 22:32:41.839157+00:00,2026-03-02 22:32:41.839157+00:00
761,C_NFC019,North Fork Cosumnes River,,,flow,2,3,1,False,,False,,b85c5c31-ad98-4ca7-a901-f5e042da3d86,"{1,3,4}",2,2,2026-03-02 22:32:41.839157+00:00,2026-03-02 22:32:41.839157+00:00
762,C_NFF008,North Fork Feather River,,1762,flow,2,3,1,False,,False,,0b66618d-e1db-4d7f-94f7-d9c380caad77,"{1,3,4}",2,2,2026-03-02 22:32:41.839157+00:00,2026-03-02 22:32:41.839157+00:00
763,C_NFF020,North Fork Feather River,,,flow,2,3,1,False,,False,,e77d9053-aa0c-40d0-9f2a-5269fa49bd95,"{1,3,4}",2,2,2026-03-02 22:32:41.839157+00:00,2026-03-02 22:32:41.839157+00:00
764,C_NFF027,North Fork Feather River,,,flow,2,3,1,False,,False,,1f436a56-79da-409a-84ea-3395e79c4734,"{1,3,4}",2,2,2026-03-02 22:32:41.839157+00:00,2026-03-02 22:32:41.839157+00:00
765,C_NFF028,North Fork Feather River,,1763,flow,2,3,1,False,,False,,79af7b97-5769-4e6b-8f97-8200547b050d,"{1,3,4}",2,2,2026-03-02 22:32:41.839157+00:00,2026-03-02 22:32:41.839157+00:00
766,C_NFF029,North Fork Feather River,,,flow,2,3,1,False,,False,,84a8e6dc-0f65-42fe-84f0-31724d2c118c,"{1,3,4}",2,2,2026-03-02 22:32:41.839157+00:00,2026-03-02 22:32:41.839157+00:00
767,C_NFF030,North Fork Feather River,,1764,flow,2,3,1,False,,False,,0145571d-0d33-469c-93e2-da71b33038fb,"{1,3,4}",2,2,2026-03-02 22:32:41.839157+00:00,2026-03-02 22:32:41.839157+00:00
768,C_NFF034,North Fork Feather River,,,flow,2,3,1,False,,False,,37f26d83-a29d-4943-adb5-e5195eb42a5b,"{1,3,4}",2,2,2026-03-02 22:32:41.839157+00:00,2026-03-02 22:32:41.839157+00:00
769,C_NFF035,North Fork Feather River,,1765,flow,2,3,1,False,,False,,52c542f0-ffc9-4d38-af05-fc54d211165a,"{1,3,4}",2,2,2026-03-02 22:32:41.839157+00:00,2026-03-02 22:32:41.839157+00:00
770,C_NFF037,North Fork Feather River,,,flow,2,3,1,False,,False,,a907dc6b-fcfc-42bf-8321-d6d9b889b109,"{1,3,4}",2,2,2026-03-02 22:32:41.839157+00:00,2026-03-02 22:32:41.839157+00:00
771,C_NFF038,North Fork Feather River,,1766,flow,2,3,1,False,,False,,51cb0925-a86a-4e8c-bb36-ef91208bbe93,"{1,3,4}",2,2,2026-03-02 22:32:41.839157+00:00,2026-03-02 22:32:41.839157+00:00
772,C_NFF039,North Fork Feather River,,,flow,2,3,1,False,,False,,7c11da09-ceea-43f5-a340-f3c4ee029043,"{1,3,4}",2,2,2026-03-02 22:32:41.839157+00:00,2026-03-02 22:32:41.839157+00:00
773,C_NFF045,North Fork Feather River,,1767,flow,2,3,1,False,,False,,522d3c60-6cce-4ebd-936b-c41409d023e8,"{1,3,4}",2,2,2026-03-02 22:32:41.839157+00:00,2026-03-02 22:32:41.839157+00:00
774,C_NFF046,North Fork Feather River,,,flow,2,3,1,False,,False,,934d95e9-5f07-4cfa-be01-8f0484d51320,"{1,3,4}",2,2,2026-03-02 22:32:41.839157+00:00,2026-03-02 22:32:41.839157+00:00
775,C_NFF048,North Fork Feather River,,1768,flow,2,3,1,False,,False,,5199b9b9-d0b5-4261-b781-e13958f1f666,"{1,3,4}",2,2,2026-03-02 22:32:41.839157+00:00,2026-03-02 22:32:41.839157+00:00
776,C_NFF050,North Fork Feather River,,,flow,2,3,1,False,,False,,74d5bb5c-fd61-4d04-a5cb-56e4d4ceae51,"{1,3,4}",2,2,2026-03-02 22:32:41.839157+00:00,2026-03-02 22:32:41.839157+00:00
777,C_NFF057,North Fork Feather River,,1769,flow,2,3,1,False,,False,,8e09b85b-a4c2-4284-8cfc-83c4f3fd31fc,"{1,3,4}",2,2,2026-03-02 22:32:41.839157+00:00,2026-03-02 22:32:41.839157+00:00
778,C_NFF058,North Fork Feather River,,,flow,2,3,1,False,,False,,055b3f0e-6be8-44a3-a2c7-7ccdab26190b,"{1,3,4}",2,2,2026-03-02 22:32:41.839157+00:00,2026-03-02 22:32:41.839157+00:00
779,C_NFF059,North Fork Feather River,,1770,flow,2,3,1,False,,False,,70c8a44d-337b-4647-9d6a-44ff0e1cf3ef,"{1,3,4}",2,2,2026-03-02 22:32:41.839157+00:00,2026-03-02 22:32:41.839157+00:00
780,C_NFF060,North Fork Feather River,,,flow,2,3,1,False,,False,,67e17073-f8d3-4a88-bbbe-9eef5f6ac5ad,"{1,3,4}",2,2,2026-03-02 22:32:41.839157+00:00,2026-03-02 22:32:41.839157+00:00
781,C_NFF069,North Fork Feather River,,1771,flow,2,3,1,False,,False,,1c0014d1-8fab-44a9-9433-2777ff92d4bb,"{1,3,4}",2,2,2026-03-02 22:32:41.839157+00:00,2026-03-02 22:32:41.839157+00:00
782,C_NFF080,Hamilton Branch,,,flow,2,3,1,False,,False,,208b1181-f895-447f-99b3-33697ad25a3b,"{1,3,4}",2,2,2026-03-02 22:32:41.839157+00:00,2026-03-02 22:32:41.839157+00:00
783,C_NFM006,North Fork Mokelumne River,,1772,flow,2,3,1,False,,False,,f4eb56c3-d8ba-4302-9a16-91bedb5b77a9,"{1,3,4}",2,2,2026-03-02 22:32:41.839157+00:00,2026-03-02 22:32:41.839157+00:00
784,C_NFM010,North Fork Mokelumne River,,,flow,2,3,1,False,,False,,7de4504e-e270-4128-b1ff-04af5710e97c,"{1,3,4}",2,2,2026-03-02 22:32:41.839157+00:00,2026-03-02 22:32:41.839157+00:00
785,C_NFM012,North Fork Mokelumne River,,1773,flow,2,3,1,False,,False,,eb7520c3-07e4-4da0-96a2-52bb67e4f107,"{1,3,4}",2,2,2026-03-02 22:32:41.839157+00:00,2026-03-02 22:32:41.839157+00:00
786,C_NFM013,North Fork Mokelumne River,,,flow,2,3,1,False,,False,,f6cd4faf-1aeb-4dbf-8b77-b609c7e6698d,"{1,3,4}",2,2,2026-03-02 22:32:41.839157+00:00,2026-03-02 22:32:41.839157+00:00
787,C_NFM024,North Fork Mokelumne River,,,flow,2,3,1,False,,False,,ea224997-e612-49cf-bc70-5467d8086c43,"{1,3,4}",2,2,2026-03-02 22:32:41.839157+00:00,2026-03-02 22:32:41.839157+00:00
788,C_NFM026,North Fork Mokelumne River,,1774,flow,2,3,1,False,,False,,515e2d26-611f-4e92-a056-e3922186ab4a,"{1,3,4}",2,2,2026-03-02 22:32:41.839157+00:00,2026-03-02 22:32:41.839157+00:00
789,C_NFM029,North Fork Mokelumne River,,1775,flow,2,3,1,False,,False,,db85b0b5-b8b1-4811-b63a-6afb654cbd17,"{1,3,4}",2,2,2026-03-02 22:32:41.839157+00:00,2026-03-02 22:32:41.839157+00:00
790,C_NFS003,North Fork Stanislaus River,,,flow,2,3,1,False,,False,,947ca755-b3fb-426b-b482-f80c932edf60,"{1,3,4}",2,2,2026-03-02 22:32:41.839157+00:00,2026-03-02 22:32:41.839157+00:00
791,C_NFS005,North Fork Stanislaus River,,1776,flow,2,3,1,False,,False,,69bbcabf-d1b7-442d-b801-415da07a74b6,"{1,3,4}",2,2,2026-03-02 22:32:41.839157+00:00,2026-03-02 22:32:41.839157+00:00
792,C_NFS006,North Fork Stanislaus River,,,flow,2,3,1,False,,False,,887f49f7-cc1b-4a00-a0cd-e09de614fe8b,"{1,3,4}",2,2,2026-03-02 22:32:41.839157+00:00,2026-03-02 22:32:41.839157+00:00
793,C_NFS007,North Fork Stanislaus River,,,flow,2,3,1,False,,False,,81f1c52f-e979-498a-b22f-f38855f3cf2a,"{1,3,4}",2,2,2026-03-02 22:32:41.839157+00:00,2026-03-02 22:32:41.839157+00:00
794,C_NFS008,North Fork Stanislaus River,,1777,flow,2,3,1,False,,False,,75a40f4b-848a-49d5-bba9-3fffc65632a7,"{1,3,4}",2,2,2026-03-02 22:32:41.839157+00:00,2026-03-02 22:32:41.839157+00:00
795,C_NFS009,North Fork Stanislaus River,,,flow,2,3,1,False,,False,,8f2f72b3-9f4e-4caf-b727-b08959c25a8c,"{1,3,4}",2,2,2026-03-02 22:32:41.839157+00:00,2026-03-02 22:32:41.839157+00:00
796,C_NFS027,North Fork Stanislaus River,,1778,flow,2,3,1,False,,False,,27ee5ba0-5307-420d-b244-e3f9ffc3c540,"{1,3,4}",2,2,2026-03-02 22:32:41.839157+00:00,2026-03-02 22:32:41.839157+00:00
797,C_NFS032,North Fork Stanislaus River,,,flow,2,3,1,False,,False,,7db603b5-da4a-4c19-a3f7-b872eb9e7543,"{1,3,4}",2,2,2026-03-02 22:32:41.839157+00:00,2026-03-02 22:32:41.839157+00:00
798,C_NFS033,North Fork Stanislaus River,,,flow,2,3,1,False,,False,,b334cdb7-fe70-4371-bf00-826b9e9e1da6,"{1,3,4}",2,2,2026-03-02 22:32:41.839157+00:00,2026-03-02 22:32:41.839157+00:00
799,C_NFT008,North Fork Tuolumne River,,1779,flow,2,3,1,False,,False,,675a8669-52d8-42fa-9aac-4b15d00ee65d,"{1,3,4}",2,2,2026-03-02 22:32:41.839157+00:00,2026-03-02 22:32:41.839157+00:00
800,C_NFY002,Yuba River/North Yuba River,,,flow,2,3,1,False,,False,,6aa670ac-2d35-44e1-8798-03e0bff5cfce,"{1,3,4}",2,2,2026-03-02 22:32:41.839157+00:00,2026-03-02 22:32:41.839157+00:00
801,C_NFY017,North Yuba River,,1780,flow,2,3,1,False,,False,,dbe94843-c3dc-4dfd-a963-fdea47930a46,"{1,3,4}",2,2,2026-03-02 22:32:41.839157+00:00,2026-03-02 22:32:41.839157+00:00
802,C_NFY029,North Yuba River,,,flow,2,3,1,False,,False,,828d8fdd-7e60-4074-b456-9bd887a76d2a,"{1,3,4}",2,2,2026-03-02 22:32:41.839157+00:00,2026-03-02 22:32:41.839157+00:00
803,C_NHGAN,Calaveras River,,1781,flow,2,3,1,False,,False,,182296c3-0913-4e42-806f-28f5b60017f6,"{1,3,4}",2,2,2026-03-02 22:32:41.839157+00:00,2026-03-02 22:32:41.839157+00:00
804,C_NLC002,North Fork Long Canyon Creek,,,flow,2,3,1,False,,False,,47977a65-0d89-4068-a62a-57e4bfb04df4,"{1,3,4}",2,2,2026-03-02 22:32:41.839157+00:00,2026-03-02 22:32:41.839157+00:00
805,C_NLC003,North Fork Long Canyon Creek,,1782,flow,2,3,1,False,,False,,ac4f756b-9ede-4d3a-b672-62bd98ae9ce9,"{1,3,4}",2,2,2026-03-02 22:32:41.839157+00:00,2026-03-02 22:32:41.839157+00:00
806,C_NLL016,North Channel Little Last Chance Creek,,,flow,2,3,1,False,,False,,09e54154-796a-4f6a-9594-c0b2eba25151,"{1,3,4}",2,2,2026-03-02 22:32:41.839157+00:00,2026-03-02 22:32:41.839157+00:00
807,C_NMA003,North Fork of Middle Fork American River,,1783,flow,2,3,1,False,,False,,a4c25bcc-1210-4930-b4ea-e7d5f3376c6d,"{1,3,4}",2,2,2026-03-02 22:32:41.839157+00:00,2026-03-02 22:32:41.839157+00:00
808,C_NMC000,Oakdale North Main Canal,,,flow,2,3,1,False,,False,,37967068-9e1d-4557-9607-e0ea58ae312a,"{1,3,4}",2,2,2026-03-02 22:32:41.839157+00:00,2026-03-02 22:32:41.839157+00:00
809,C_NMW004,Newman Wasteway,,,flow,2,3,1,False,,False,,f76434eb-ecfe-47fc-b66a-4c2cf37335b9,"{1,3,4}",2,2,2026-03-02 22:32:41.839157+00:00,2026-03-02 22:32:41.839157+00:00
810,C_NNA013,North Fork North Fork American River,,1784,flow,2,3,1,False,,False,,7dd2534a-bc14-4e93-bfd4-920472e8542a,"{1,3,4}",2,2,2026-03-02 22:32:41.839157+00:00,2026-03-02 22:32:41.839157+00:00
811,C_NTD000,North Fork Long Canyon Creek Diversion Tunnel,,,flow,2,3,1,False,,False,,023a9faf-5ea6-4d53-822b-95085ddc9a1a,"{1,3,4}",2,2,2026-03-02 22:32:41.839157+00:00,2026-03-02 22:32:41.839157+00:00
812,C_NTOMA,American River,,2056,flow,2,3,1,False,,False,,bc89d7a0-da2d-4857-88e3-392409aab83c,"{1,3,4}",2,2,2026-03-02 22:32:41.839157+00:00,2026-03-02 22:32:41.839157+00:00
813,C_NTOMA_DELTA,,,1785,flow,2,3,1,False,,False,,a699c90a-1c65-4a4b-a8b2-1ab7a726b1c6,"{1,3,4}",2,2,2026-03-02 22:32:41.839157+00:00,2026-03-02 22:32:41.839157+00:00
814,C_NTOMA_DELTA_S,,,,flow,2,3,1,False,,False,,13c208e1-5e4b-454e-999f-67463fc6418d,"{1,3,4}",2,2,2026-03-02 22:32:41.839157+00:00,2026-03-02 22:32:41.839157+00:00
815,C_OAK001,Oakdale South Main Canal,,1786,flow,2,3,1,False,,False,,3a440446-5f24-4b03-8c90-62b598e58b86,"{1,3,4}",2,2,2026-03-02 22:32:41.839157+00:00,2026-03-02 22:32:41.839157+00:00
816,C_OGN004,Oregon Creek,,,flow,2,3,1,False,,False,,458e520d-b932-497b-8f11-6ddb0c180ff3,"{1,3,4}",2,2,2026-03-02 22:32:41.839157+00:00,2026-03-02 22:32:41.839157+00:00
817,C_OGN005,Oregon Creek,,1787,flow,2,3,1,False,,False,,38787076-8d88-4860-a1e6-7728f87d8097,"{1,3,4}",2,2,2026-03-02 22:32:41.839157+00:00,2026-03-02 22:32:41.839157+00:00
818,C_OMR002,Old/Middle Rivers,,,flow,2,3,1,False,,False,,7e73529f-5507-406a-895f-e2df7172a489,"{1,3,4}",2,2,2026-03-02 22:32:41.839157+00:00,2026-03-02 22:32:41.839157+00:00
819,C_OMR013A,Old/Middle Rivers,,1788,flow,2,3,1,False,,False,,79fcbd9b-9a6d-4eb0-9bf9-04ea32f00856,"{1,3,4}",2,2,2026-03-02 22:32:41.839157+00:00,2026-03-02 22:32:41.839157+00:00
820,C_OMR013B,Rock Slough,,,flow,2,3,1,False,,False,,73c1e22b-7fce-419b-af4b-cd2c02782f26,"{1,3,4}",2,2,2026-03-02 22:32:41.839157+00:00,2026-03-02 22:32:41.839157+00:00
821,C_OMR014,Old/Middle Rivers,,1789,flow,2,3,1,False,,False,,08cdd392-1538-47bf-a895-35a4da4d897a,"{1,3,4}",2,2,2026-03-02 22:32:41.839157+00:00,2026-03-02 22:32:41.839157+00:00
822,C_OMR014_DELTA,,,,flow,2,3,1,False,,False,,bc2f4edd-e546-4a41-9ae7-39c15c5f65af,"{1,3,4}",2,2,2026-03-02 22:32:41.839157+00:00,2026-03-02 22:32:41.839157+00:00
823,C_OMR014_DELTA_S,,,,flow,2,3,1,False,,False,,e5659f22-601e-40db-9f71-4daf06ddacdb,"{1,3,4}",2,2,2026-03-02 22:32:41.839157+00:00,2026-03-02 22:32:41.839157+00:00
824,C_OMR018,Old/Middle Rivers,,,flow,2,3,1,False,,False,,e1d05667-ae26-4c82-a18e-ef1b77b5c043,"{1,3,4}",2,2,2026-03-02 22:32:41.839157+00:00,2026-03-02 22:32:41.839157+00:00
825,C_OMR021,Old/Middle Rivers,,1790,flow,2,3,1,False,,False,,d141f367-1aab-48a7-99aa-135054bf3dcf,"{1,3,4}",2,2,2026-03-02 22:32:41.839157+00:00,2026-03-02 22:32:41.839157+00:00
826,C_OMR024A,Rock Slough,,,flow,2,3,1,False,,False,,1968ad55-d513-4a97-9999-ec0accf52f23,"{1,3,4}",2,2,2026-03-02 22:32:41.839157+00:00,2026-03-02 22:32:41.839157+00:00
827,C_OMR024B,Victoria Canal,,1791,flow,2,3,1,False,,False,,59b0439b-4209-4003-a84b-bf478b6cef25,"{1,3,4}",2,2,2026-03-02 22:32:41.839157+00:00,2026-03-02 22:32:41.839157+00:00
828,C_OMR027,Old/Middle Rivers,,,flow,2,3,1,False,,False,,c3f539cb-9477-4c81-9b85-81cedff0cef3,"{1,3,4}",2,2,2026-03-02 22:32:41.839157+00:00,2026-03-02 22:32:41.839157+00:00
829,C_OMR028,Old/Middle Rivers,,1792,flow,2,3,1,False,,False,,88b3cec2-e1f7-439c-a1b1-1950847f5a50,"{1,3,4}",2,2,2026-03-02 22:32:41.839157+00:00,2026-03-02 22:32:41.839157+00:00
830,C_OMR039,Old/Middle Rivers,,,flow,2,3,1,False,,False,,ec71994b-ac74-4469-8c8f-69eac2590011,"{1,3,4}",2,2,2026-03-02 22:32:41.839157+00:00,2026-03-02 22:32:41.839157+00:00
831,C_OROVL,Feather River,,1793,flow,2,3,1,False,,False,,47ba5663-3828-4e98-9b29-104c06059710,"{1,3,4}",2,2,2026-03-02 22:32:41.839157+00:00,2026-03-02 22:32:41.839157+00:00
832,C_ORP000,Old River Pipeline,,,flow,2,3,1,False,,False,,5b0a0e28-4f9a-4f1c-9ec4-6193f1b10e4a,"{1,3,4}",2,2,2026-03-02 22:32:41.839157+00:00,2026-03-02 22:32:41.839157+00:00
833,C_ORT001,Orestimba Creek,,1794,flow,2,3,1,False,,False,,b40ce672-06b5-4c8a-8774-69e232451e93,"{1,3,4}",2,2,2026-03-02 22:32:41.839157+00:00,2026-03-02 22:32:41.839157+00:00
834,C_ORT009,Orestimba Creek,,,flow,2,3,1,False,,False,,6661fcb4-0446-44a1-8bde-ead3e92d3db3,"{1,3,4}",2,2,2026-03-02 22:32:41.839157+00:00,2026-03-02 22:32:41.839157+00:00
835,C_ORT014,Orestimba Creek,,1795,flow,2,3,1,False,,False,,385ceb9b-aefb-4532-8f6d-96be2fd5fdf7,"{1,3,4}",2,2,2026-03-02 22:32:41.839157+00:00,2026-03-02 22:32:41.839157+00:00
836,C_OWN011,Owens Creek,,,flow,2,3,1,False,,False,,55f63d18-3b14-4dff-b71e-4e40f7686c4f,"{1,3,4}",2,2,2026-03-02 22:32:41.839157+00:00,2026-03-02 22:32:41.839157+00:00
837,C_OWN040,Owens Creek,,1796,flow,2,3,1,False,,False,,0af74e70-cd70-46bb-bd56-e360a538e402,"{1,3,4}",2,2,2026-03-02 22:32:41.839157+00:00,2026-03-02 22:32:41.839157+00:00
838,C_OXB000,,,,flow,2,3,1,False,,False,,34af882b-68c5-4a87-aecd-f6cbd7a1fcb1,"{1,3,4}",2,2,2026-03-02 22:32:41.839157+00:00,2026-03-02 22:32:41.839157+00:00
839,C_OYS001,,,1797,flow,2,3,1,False,,False,,e8005233-52a5-4544-9880-2ee63fe2c2d0,"{1,3,4}",2,2,2026-03-02 22:32:41.839157+00:00,2026-03-02 22:32:41.839157+00:00
840,C_PARDE,Mokelumne River,,,flow,2,3,1,False,,False,,ca387250-3ea7-440a-95b6-9f81e2867fac,"{1,3,4}",2,2,2026-03-02 22:32:41.839157+00:00,2026-03-02 22:32:41.839157+00:00
841,C_PCRST,South Fork Stanislaus River,,1798,flow,2,3,1,False,,False,,645ef77c-04a6-4dac-b087-82d565e8cca4,"{1,3,4}",2,2,2026-03-02 22:32:41.839157+00:00,2026-03-02 22:32:41.839157+00:00
842,C_PEDRO,Tuolumne River,,,flow,2,3,1,False,,False,,014145b6-a47f-44ab-8bae-3a48a6f16d02,"{1,3,4}",2,2,2026-03-02 22:32:41.839157+00:00,2026-03-02 22:32:41.839157+00:00
843,C_PHP000,Philadelphia Ditch,,1799,flow,2,3,1,False,,False,,3e3c44bc-d54d-488a-abcf-1ded572d2377,"{1,3,4}",2,2,2026-03-02 22:32:41.839157+00:00,2026-03-02 22:32:41.839157+00:00
844,C_PLC006,Pilot Creek,,,flow,2,3,1,False,,False,,b243eef3-234e-434b-a752-a702316e23b2,"{1,3,4}",2,2,2026-03-02 22:32:41.839157+00:00,2026-03-02 22:32:41.839157+00:00
845,C_PLC007,Pilot Creek,,1800,flow,2,3,1,False,,False,,b8b2fa23-00cc-4327-a834-c22ee25c4ff5,"{1,3,4}",2,2,2026-03-02 22:32:41.839157+00:00,2026-03-02 22:32:41.839157+00:00
846,C_PLC009,Pilot Creek,,,flow,2,3,1,False,,False,,77b9f5e6-8769-4684-98ff-008ba6d41757,"{1,3,4}",2,2,2026-03-02 22:32:41.839157+00:00,2026-03-02 22:32:41.839157+00:00
847,C_PLM001,Plum Creek (S. Fk. American),,1801,flow,2,3,1,False,,False,,96676747-ed5f-4c7f-920f-8fed33de0d16,"{1,3,4}",2,2,2026-03-02 22:32:41.839157+00:00,2026-03-02 22:32:41.839157+00:00
848,C_POE006,Poe PH Tailwater,,,flow,2,3,1,False,,False,,b4d73019-edfd-48f3-9d6f-2a31da7f8cee,"{1,3,4}",2,2,2026-03-02 22:32:41.839157+00:00,2026-03-02 22:32:41.839157+00:00
849,C_PSC003,Putah South Canal,,1802,flow,2,3,1,False,,False,,15f95089-4a30-47c1-b654-76277d3edb21,"{1,3,4}",2,2,2026-03-02 22:32:41.839157+00:00,2026-03-02 22:32:41.839157+00:00
850,C_PSC006,Putah South Canal,,,flow,2,3,1,False,,False,,8b6759b7-74fc-4b77-8511-8684c8923588,"{1,3,4}",2,2,2026-03-02 22:32:41.839157+00:00,2026-03-02 22:32:41.839157+00:00
851,C_PSC013,Putah South Canal,,1803,flow,2,3,1,False,,False,,f55166f6-0faa-4111-be17-a1d00b66b339,"{1,3,4}",2,2,2026-03-02 22:32:41.839157+00:00,2026-03-02 22:32:41.839157+00:00
852,C_PSC015,Putah South Canal,,,flow,2,3,1,False,,False,,789a7867-05b0-47f6-ba1a-1439fdff7916,"{1,3,4}",2,2,2026-03-02 22:32:41.839157+00:00,2026-03-02 22:32:41.839157+00:00
853,C_PSC017,Putah South Canal,,1804,flow,2,3,1,False,,False,,00420e27-385c-483b-a607-7f084c054514,"{1,3,4}",2,2,2026-03-02 22:32:41.839157+00:00,2026-03-02 22:32:41.839157+00:00
854,C_PSC020,Putah South Canal,,,flow,2,3,1,False,,False,,1e4dfe0a-143a-493c-a982-69eb01b324b7,"{1,3,4}",2,2,2026-03-02 22:32:41.839157+00:00,2026-03-02 22:32:41.839157+00:00
855,C_PSC024,Putah South Canal,,1805,flow,2,3,1,False,,False,,68b4ca68-7a84-4061-a589-0488434b427b,"{1,3,4}",2,2,2026-03-02 22:32:41.839157+00:00,2026-03-02 22:32:41.839157+00:00
856,C_PSC033,Putah South Canal,,,flow,2,3,1,False,,False,,e529821f-7986-460a-81ae-9c46548127db,"{1,3,4}",2,2,2026-03-02 22:32:41.839157+00:00,2026-03-02 22:32:41.839157+00:00
857,C_PTH007,Putah Creek,,,flow,2,3,1,False,,False,,c1991119-0e4d-4fbf-af5f-cae38057b352,"{1,3,4}",2,2,2026-03-02 22:32:41.839157+00:00,2026-03-02 22:32:41.839157+00:00
858,C_PTH011,Putah Creek,,1806,flow,2,3,1,False,,False,,d9f7106f-fa9d-458a-90ef-8d877b7fad33,"{1,3,4}",2,2,2026-03-02 22:32:41.839157+00:00,2026-03-02 22:32:41.839157+00:00
859,C_PTH015,Putah Creek,,,flow,2,3,1,False,,False,,4851c972-7c04-4a24-a24b-7325caa74363,"{1,3,4}",2,2,2026-03-02 22:32:41.839157+00:00,2026-03-02 22:32:41.839157+00:00
860,C_PTH020,Putah Creek,,1807,flow,2,3,1,False,,False,,4b5e9e1b-aa64-4b13-97f7-e2276d71c47b,"{1,3,4}",2,2,2026-03-02 22:32:41.839157+00:00,2026-03-02 22:32:41.839157+00:00
861,C_PTH021,Putah Creek,,,flow,2,3,1,False,,False,,0f686e19-45ca-4b9c-9c45-042f206d11f8,"{1,3,4}",2,2,2026-03-02 22:32:41.839157+00:00,2026-03-02 22:32:41.839157+00:00
862,C_PTH024,Putah Creek,,1808,flow,2,3,1,False,,False,,954e6021-447a-4355-86e2-379213932e07,"{1,3,4}",2,2,2026-03-02 22:32:41.839157+00:00,2026-03-02 22:32:41.839157+00:00
863,C_PTH030,Putah Creek,,,flow,2,3,1,False,,False,,76539818-fb7d-4632-b584-55e3047977c8,"{1,3,4}",2,2,2026-03-02 22:32:41.839157+00:00,2026-03-02 22:32:41.839157+00:00
864,C_PTH070,Putah Creek,,1809,flow,2,3,1,False,,False,,0aba610a-6996-40f5-af49-3f00c5478c48,"{1,3,4}",2,2,2026-03-02 22:32:41.839157+00:00,2026-03-02 22:32:41.839157+00:00
865,C_PYN001,Paynes Creek,,,flow,2,3,1,False,,False,,8bfa968e-710a-4791-aa58-ba230617fe33,"{1,3,4}",2,2,2026-03-02 22:32:41.839157+00:00,2026-03-02 22:32:41.839157+00:00
866,C_PYR001,Pyramid Creek,,1810,flow,2,3,1,False,,False,,8f10eda3-eefc-46e0-ae5c-504d53e9d9fe,"{1,3,4}",2,2,2026-03-02 22:32:41.839157+00:00,2026-03-02 22:32:41.839157+00:00
867,C_PYRMD,,,,flow,2,3,1,False,,False,,f720c956-c7ec-4f66-83d2-775a027837ca,"{1,3,4}",2,2,2026-03-02 22:32:41.839157+00:00,2026-03-02 22:32:41.839157+00:00
868,C_QNT005,Quinto Creek,,,flow,2,3,1,False,,False,,17b84f9c-822d-4f46-a10f-ae2d393f46d5,"{1,3,4}",2,2,2026-03-02 22:32:41.839157+00:00,2026-03-02 22:32:41.839157+00:00
869,C_RCK001,,,1811,flow,2,3,1,False,,False,,c8ab14ae-bc3c-4f91-9f9a-a2782cd8bb4d,"{1,3,4}",2,2,2026-03-02 22:32:41.839157+00:00,2026-03-02 22:32:41.839157+00:00
870,C_RCT007,Rock Creek Tunnel/Penstock/Powerhouse,,1812,flow,2,3,1,False,,False,,f023ec32-c910-401a-ae20-f0d627a10e81,"{1,3,4}",2,2,2026-03-02 22:32:41.839157+00:00,2026-03-02 22:32:41.839157+00:00
871,C_RD1500,Sacramento Slough,,,flow,2,3,1,False,,False,,ced50903-2415-45b5-932b-3460e389ddc6,"{1,3,4}",2,2,2026-03-02 22:32:41.839157+00:00,2026-03-02 22:32:41.839157+00:00
872,C_RFS13,Return Flow Split,,1813,flow,2,3,1,False,,False,,5c90c474-83ae-4886-96a6-0e5df328e50b,"{1,3,4}",2,2,2026-03-02 22:32:41.839157+00:00,2026-03-02 22:32:41.839157+00:00
873,C_RFS17,Return Flow Split,,1814,flow,2,3,1,False,,False,,f9a83ac0-2658-4a1e-9547-bcfb4c1a4e9c,"{1,3,4}",2,2,2026-03-02 22:32:41.839157+00:00,2026-03-02 22:32:41.839157+00:00
874,C_RKC001,Rock Creek,,,flow,2,3,1,False,,False,,66c628d2-2900-46b5-be51-bc4aa843761c,"{1,3,4}",2,2,2026-03-02 22:32:41.839157+00:00,2026-03-02 22:32:41.839157+00:00
875,C_RLIEF,Summit Creek,,1815,flow,2,3,1,False,,False,,2ab51d59-2559-4960-af7b-c9e57d22eedb,"{1,3,4}",2,2,2026-03-02 22:32:41.839157+00:00,2026-03-02 22:32:41.839157+00:00
876,C_RLLNS,Bear River,,,flow,2,3,1,False,,False,,3ee19394-1428-4780-885b-0b162d4d3d06,"{1,3,4}",2,2,2026-03-02 22:32:41.839157+00:00,2026-03-02 22:32:41.839157+00:00
877,C_RLT007,Ralston Powerhouse Tailrace,,1816,flow,2,3,1,False,,False,,5346d7fc-d659-4bb7-9a40-dda619485de7,"{1,3,4}",2,2,2026-03-02 22:32:41.839157+00:00,2026-03-02 22:32:41.839157+00:00
878,C_RPT004,Robbs Peak PH Tailrace,,,flow,2,3,1,False,,False,,b167de6e-4048-4858-942f-7b7e7c483f65,"{1,3,4}",2,2,2026-03-02 22:32:41.839157+00:00,2026-03-02 22:32:41.839157+00:00
879,C_RRT000,Rubicon+AC0-Rockbound Tunnel,,1817,flow,2,3,1,False,,False,,d294b84f-7b3e-41ad-901a-4ff885ed5f64,"{1,3,4}",2,2,2026-03-02 22:32:41.839157+00:00,2026-03-02 22:32:41.839157+00:00
880,C_RSL001A,Rock Slough,,,flow,2,3,1,False,,False,,84dcd842-67cb-44b8-b410-0466733b434c,"{1,3,4}",2,2,2026-03-02 22:32:41.839157+00:00,2026-03-02 22:32:41.839157+00:00
881,C_RSL001B,Indian Slough,,1818,flow,2,3,1,False,,False,,4f74da29-8eb3-4cbd-bd25-33c39737c934,"{1,3,4}",2,2,2026-03-02 22:32:41.839157+00:00,2026-03-02 22:32:41.839157+00:00
882,C_RUB001,Rubicon River,,,flow,2,3,1,False,,False,,986d7f42-7619-4096-bb62-b207efe7f9c8,"{1,3,4}",2,2,2026-03-02 22:32:41.839157+00:00,2026-03-02 22:32:41.839157+00:00
883,C_RUB002,Rubicon River,,1819,flow,2,3,1,False,,False,,6c2915ca-5cad-4cd6-b5d0-84e4db9b9d49,"{1,3,4}",2,2,2026-03-02 22:32:41.839157+00:00,2026-03-02 22:32:41.839157+00:00
884,C_RUB004,Rubicon River,,,flow,2,3,1,False,,False,,b6e5d12e-2837-438d-8139-28af0bcb863e,"{1,3,4}",2,2,2026-03-02 22:32:41.839157+00:00,2026-03-02 22:32:41.839157+00:00
885,C_RUB005,Rubicon River,,1820,flow,2,3,1,False,,False,,2b89741c-cfea-4d54-a303-0e714449dc1e,"{1,3,4}",2,2,2026-03-02 22:32:41.839157+00:00,2026-03-02 22:32:41.839157+00:00
886,C_RUB023,Rubicon River,,,flow,2,3,1,False,,False,,2fbbfe32-ba10-4935-9911-3e08049f741b,"{1,3,4}",2,2,2026-03-02 22:32:41.839157+00:00,2026-03-02 22:32:41.839157+00:00
887,C_RUB031,Rubicon River,,1821,flow,2,3,1,False,,False,,d3ba2f38-31af-4748-8984-9d95e6b7dc79,"{1,3,4}",2,2,2026-03-02 22:32:41.839157+00:00,2026-03-02 22:32:41.839157+00:00
888,C_RUB032,Rubicon River,,,flow,2,3,1,False,,False,,c4e21369-8e58-440c-b4c9-a6ac34b69008,"{1,3,4}",2,2,2026-03-02 22:32:41.839157+00:00,2026-03-02 22:32:41.839157+00:00
889,C_RUB041,Rubicon River,,,flow,2,3,1,False,,False,,7a0f024b-3cf9-4290-ad16-bf7506cd71ed,"{1,3,4}",2,2,2026-03-02 22:32:41.839157+00:00,2026-03-02 22:32:41.839157+00:00
890,C_RUB044,Rubicon River,,1822,flow,2,3,1,False,,False,,055ce070-3db5-4a36-bf52-44d36e4da9d8,"{1,3,4}",2,2,2026-03-02 22:32:41.839157+00:00,2026-03-02 22:32:41.839157+00:00
891,C_RUB047,Rubicon River,,,flow,2,3,1,False,,False,,50e83f56-eae2-4933-8518-bb00f9f7192f,"{1,3,4}",2,2,2026-03-02 22:32:41.839157+00:00,2026-03-02 22:32:41.839157+00:00
892,C_RVC000,Richvale ID +AC0- Buttler Canal,,1823,flow,2,3,1,False,,False,,d6a4c087-7f22-4851-95ee-aa729b0c6aeb,"{1,3,4}",2,2,2026-03-02 22:32:41.839157+00:00,2026-03-02 22:32:41.839157+00:00
893,C_RVPHB,Philbrook Reservoir,,,flow,2,3,1,False,,False,,6946d796-6385-4da9-8202-38195ddfb75c,"{1,3,4}",2,2,2026-03-02 22:32:41.839157+00:00,2026-03-02 22:32:41.839157+00:00
894,C_SAC000,Sacramento River,,1824,flow,2,3,1,False,,False,,715ae762-5396-4ab4-b094-71b2ebf266cb,"{1,3,4}",2,2,2026-03-02 22:32:41.839157+00:00,2026-03-02 22:32:41.839157+00:00
895,C_SAC000_DELTA,,,,flow,2,3,1,False,,False,,c74c18cd-8d67-45f0-b89a-4b80f0e44055,"{1,3,4}",2,2,2026-03-02 22:32:41.839157+00:00,2026-03-02 22:32:41.839157+00:00
896,C_SAC003,Sacramento River,,,flow,2,3,1,False,,False,,033c18c6-3837-4982-8d6a-1bc2e21e8cae,"{1,3,4}",2,2,2026-03-02 22:32:41.839157+00:00,2026-03-02 22:32:41.839157+00:00
897,C_SAC007,Sacramento River,,1825,flow,2,3,1,False,,False,,67734aff-fd92-4e1b-816c-8461e4ea3acc,"{1,3,4}",2,2,2026-03-02 22:32:41.839157+00:00,2026-03-02 22:32:41.839157+00:00
898,C_SAC011,Sacramento River,,,flow,2,3,1,False,,False,,51a2bec0-7c10-4ec3-9168-6fb8467a0627,"{1,3,4}",2,2,2026-03-02 22:32:41.839157+00:00,2026-03-02 22:32:41.839157+00:00
899,C_SAC017,Sacramento River,,1826,flow,2,3,1,False,,False,,dbbfdc08-9114-4e43-be50-00259c9f069d,"{1,3,4}",2,2,2026-03-02 22:32:41.839157+00:00,2026-03-02 22:32:41.839157+00:00
900,C_SAC022,Sacramento River,,,flow,2,3,1,False,,False,,0e939988-80da-4b56-8b1c-f101a4a81af9,"{1,3,4}",2,2,2026-03-02 22:32:41.839157+00:00,2026-03-02 22:32:41.839157+00:00
901,C_SAC029A,Sacramento River,,1827,flow,2,3,1,False,,False,,caf407fa-30d5-4ea1-9e7a-fadd9e29a28f,"{1,3,4}",2,2,2026-03-02 22:32:41.839157+00:00,2026-03-02 22:32:41.839157+00:00
902,C_SAC029B,Georgianna Slough,,2057,flow,2,3,1,False,,False,,8443fe2d-8c33-4449-a657-7402bedba7fa,"{1,3,4}",2,2,2026-03-02 22:32:41.839157+00:00,2026-03-02 22:32:41.839157+00:00
903,C_SAC030,Sacramento River,,1828,flow,2,3,1,False,,False,,b5d2373a-d18b-4e1d-b08b-36417e0dbff4,"{1,3,4}",2,2,2026-03-02 22:32:41.839157+00:00,2026-03-02 22:32:41.839157+00:00
904,C_SAC036,Sacramento River,,,flow,2,3,1,False,,False,,26502439-7426-4884-89f3-6beaed09d496,"{1,3,4}",2,2,2026-03-02 22:32:41.839157+00:00,2026-03-02 22:32:41.839157+00:00
905,C_SAC041,Sacramento River,,1829,flow,2,3,1,False,,False,,4f440466-c09e-4755-b3f9-0b5896147097,"{1,3,4}",2,2,2026-03-02 22:32:41.839157+00:00,2026-03-02 22:32:41.839157+00:00
906,C_SAC041_DELTA,,,,flow,2,3,1,False,,False,,ffb3cf56-5566-47c5-ad34-a2ab613b166c,"{1,3,4}",2,2,2026-03-02 22:32:41.839157+00:00,2026-03-02 22:32:41.839157+00:00
907,C_SAC048,Sacramento River,,2058,flow,2,3,1,False,,False,,1bf59880-1232-42bd-a6b9-ac8db8be8945,"{1,3,4}",2,2,2026-03-02 22:32:41.839157+00:00,2026-03-02 22:32:41.839157+00:00
908,C_SAC049,Sacramento River,,1830,flow,2,3,1,False,,False,,c2d1ea1a-0208-4071-b7f1-1eecf2cc0fbb,"{1,3,4}",2,2,2026-03-02 22:32:41.839157+00:00,2026-03-02 22:32:41.839157+00:00
909,C_SAC050,Sacramento River,,,flow,2,3,1,False,,False,,a9c35681-9bfd-4cdf-9e35-41ca7bd15b3a,"{1,3,4}",2,2,2026-03-02 22:32:41.839157+00:00,2026-03-02 22:32:41.839157+00:00
910,C_SAC053,Sacramento River,,1831,flow,2,3,1,False,,False,,d8b1ce7c-e8a3-4d2d-8659-6e3ffa7d31dc,"{1,3,4}",2,2,2026-03-02 22:32:41.839157+00:00,2026-03-02 22:32:41.839157+00:00
911,C_SAC057,Sacramento River,,,flow,2,3,1,False,,False,,bb399482-3ec6-4590-95fa-25dae9a14c14,"{1,3,4}",2,2,2026-03-02 22:32:41.839157+00:00,2026-03-02 22:32:41.839157+00:00
912,C_SAC061,Sacramento River,,1832,flow,2,3,1,False,,False,,50410d05-5bcf-44ac-8ae6-2fff5425fd20,"{1,3,4}",2,2,2026-03-02 22:32:41.839157+00:00,2026-03-02 22:32:41.839157+00:00
913,C_SAC062,Sacramento River,,,flow,2,3,1,False,,False,,270a99d5-d3ea-412d-b267-2e146529d3c6,"{1,3,4}",2,2,2026-03-02 22:32:41.839157+00:00,2026-03-02 22:32:41.839157+00:00
914,C_SAC063,Sacramento River,,1833,flow,2,3,1,False,,False,,3b82fc3d-d90d-4e29-b579-fb2b850631c3,"{1,3,4}",2,2,2026-03-02 22:32:41.839157+00:00,2026-03-02 22:32:41.839157+00:00
915,C_SAC064,Sacramento River,,,flow,2,3,1,False,,False,,808eed80-eaab-43f4-a7a4-b16c8aec5dd0,"{1,3,4}",2,2,2026-03-02 22:32:41.839157+00:00,2026-03-02 22:32:41.839157+00:00
916,C_SAC065,Sacramento River,,1834,flow,2,3,1,False,,False,,098761e0-93d7-47b1-b14a-878478c44443,"{1,3,4}",2,2,2026-03-02 22:32:41.839157+00:00,2026-03-02 22:32:41.839157+00:00
917,C_SAC066,Sacramento River,,,flow,2,3,1,False,,False,,bc22122b-7c29-4d9a-a467-3610ce4305c4,"{1,3,4}",2,2,2026-03-02 22:32:41.839157+00:00,2026-03-02 22:32:41.839157+00:00
918,C_SAC074,Sacramento River,,1835,flow,2,3,1,False,,False,,7e5f778e-00a1-46ee-a576-0ef4c1010b20,"{1,3,4}",2,2,2026-03-02 22:32:41.839157+00:00,2026-03-02 22:32:41.839157+00:00
919,C_SAC075,Sacramento River,,,flow,2,3,1,False,,False,,f1a6b4b2-7cb2-4357-81da-053ff1742695,"{1,3,4}",2,2,2026-03-02 22:32:41.839157+00:00,2026-03-02 22:32:41.839157+00:00
920,C_SAC077,Sacramento River,,1836,flow,2,3,1,False,,False,,29ad8a05-5817-4386-9d00-b0455719badc,"{1,3,4}",2,2,2026-03-02 22:32:41.839157+00:00,2026-03-02 22:32:41.839157+00:00
921,C_SAC078,Sacramento River,,,flow,2,3,1,False,,False,,4e006c4b-37ac-4a71-aac5-7efb6f07fefe,"{1,3,4}",2,2,2026-03-02 22:32:41.839157+00:00,2026-03-02 22:32:41.839157+00:00
922,C_SAC081,Sacramento River,,1837,flow,2,3,1,False,,False,,502862bf-5803-44ee-8364-da3f15fb56c9,"{1,3,4}",2,2,2026-03-02 22:32:41.839157+00:00,2026-03-02 22:32:41.839157+00:00
923,C_SAC082,Sacramento River,,,flow,2,3,1,False,,False,,263bf284-6691-44b3-a30c-e61f9198eadd,"{1,3,4}",2,2,2026-03-02 22:32:41.839157+00:00,2026-03-02 22:32:41.839157+00:00
924,C_SAC083,Sacramento River,,1838,flow,2,3,1,False,,False,,c7441c79-97be-4f76-9171-d367dc52a46c,"{1,3,4}",2,2,2026-03-02 22:32:41.839157+00:00,2026-03-02 22:32:41.839157+00:00
925,C_SAC085,Sacramento River,,2059,flow,2,3,1,False,,False,,c6bd1898-0c05-4e19-b385-6687c6911caf,"{1,3,4}",2,2,2026-03-02 22:32:41.839157+00:00,2026-03-02 22:32:41.839157+00:00
926,C_SAC091,Sacramento River,,1839,flow,2,3,1,False,,False,,3bf4980a-95d5-43ab-9848-17740cc827d6,"{1,3,4}",2,2,2026-03-02 22:32:41.839157+00:00,2026-03-02 22:32:41.839157+00:00
927,C_SAC092,Sacramento River,,,flow,2,3,1,False,,False,,c92652ee-4c65-4da9-a6be-0b698f546dd9,"{1,3,4}",2,2,2026-03-02 22:32:41.839157+00:00,2026-03-02 22:32:41.839157+00:00
928,C_SAC093,Sacramento River,,1840,flow,2,3,1,False,,False,,066d757f-68a3-4ebd-b63f-c01f16ab391b,"{1,3,4}",2,2,2026-03-02 22:32:41.839157+00:00,2026-03-02 22:32:41.839157+00:00
929,C_SAC097,Sacramento River,,,flow,2,3,1,False,,False,,cba3e03b-8e83-40ed-8503-1398c6c67460,"{1,3,4}",2,2,2026-03-02 22:32:41.839157+00:00,2026-03-02 22:32:41.839157+00:00
930,C_SAC099,Sacramento River,,1841,flow,2,3,1,False,,False,,7361e86b-4618-4277-8d56-b4862648a71a,"{1,3,4}",2,2,2026-03-02 22:32:41.839157+00:00,2026-03-02 22:32:41.839157+00:00
931,C_SAC106,Sacramento River,,,flow,2,3,1,False,,False,,2ef332b4-ddc5-494d-8605-895ff765ce31,"{1,3,4}",2,2,2026-03-02 22:32:41.839157+00:00,2026-03-02 22:32:41.839157+00:00
932,C_SAC109,Sacramento River,,1842,flow,2,3,1,False,,False,,8dbabfa1-e976-4420-bfc4-0a393af0fbf3,"{1,3,4}",2,2,2026-03-02 22:32:41.839157+00:00,2026-03-02 22:32:41.839157+00:00
933,C_SAC115,Sacramento River,,,flow,2,3,1,False,,False,,b8c1bb7a-3f92-48b8-b6ca-c3eec593faba,"{1,3,4}",2,2,2026-03-02 22:32:41.839157+00:00,2026-03-02 22:32:41.839157+00:00
934,C_SAC120,Sacramento River,,1843,flow,2,3,1,False,,False,,53f875ee-0b77-447d-a598-a345e6e21ead,"{1,3,4}",2,2,2026-03-02 22:32:41.839157+00:00,2026-03-02 22:32:41.839157+00:00
935,C_SAC121,Sacramento River,,,flow,2,3,1,False,,False,,20c23b45-ece3-4cf4-8b72-94be150f4535,"{1,3,4}",2,2,2026-03-02 22:32:41.839157+00:00,2026-03-02 22:32:41.839157+00:00
936,C_SAC122,Sacramento River,,1844,flow,2,3,1,False,,False,,c5025a88-a245-48cc-b421-d4457737a0bb,"{1,3,4}",2,2,2026-03-02 22:32:41.839157+00:00,2026-03-02 22:32:41.839157+00:00
937,C_SAC129,Sacramento River,,,flow,2,3,1,False,,False,,f34ca3f0-f776-439f-96a2-73bbadd7f19b,"{1,3,4}",2,2,2026-03-02 22:32:41.839157+00:00,2026-03-02 22:32:41.839157+00:00
938,C_SAC134,Sacramento River,,1845,flow,2,3,1,False,,False,,34f6fa99-1df7-4065-b027-6dc0f9c26534,"{1,3,4}",2,2,2026-03-02 22:32:41.839157+00:00,2026-03-02 22:32:41.839157+00:00
939,C_SAC136,Sacramento River,,,flow,2,3,1,False,,False,,d3e9a863-a625-4166-99fb-30e5539f7a82,"{1,3,4}",2,2,2026-03-02 22:32:41.839157+00:00,2026-03-02 22:32:41.839157+00:00
940,C_SAC141,Sacramento River,,1846,flow,2,3,1,False,,False,,223e0401-0611-4ef1-a35d-e0c3a7341c17,"{1,3,4}",2,2,2026-03-02 22:32:41.839157+00:00,2026-03-02 22:32:41.839157+00:00
941,C_SAC146,Sacramento River,,,flow,2,3,1,False,,False,,3a6aae24-26ac-4003-8d46-ab8c7548efc4,"{1,3,4}",2,2,2026-03-02 22:32:41.839157+00:00,2026-03-02 22:32:41.839157+00:00
942,C_SAC148,Sacramento River,,1847,flow,2,3,1,False,,False,,6a123a1a-5310-4d7a-a81b-dc3fdbf9a0fb,"{1,3,4}",2,2,2026-03-02 22:32:41.839157+00:00,2026-03-02 22:32:41.839157+00:00
943,C_SAC154,Sacramento River,,,flow,2,3,1,False,,False,,0a0c0187-e4d5-4da2-a2fe-b30a14ea8bd8,"{1,3,4}",2,2,2026-03-02 22:32:41.839157+00:00,2026-03-02 22:32:41.839157+00:00
944,C_SAC159,Sacramento River,,1848,flow,2,3,1,False,,False,,8a83f4f7-5f62-47ee-93bd-397c2f17e9ae,"{1,3,4}",2,2,2026-03-02 22:32:41.839157+00:00,2026-03-02 22:32:41.839157+00:00
945,C_SAC162,Sacramento River,,,flow,2,3,1,False,,False,,17b9cd5a-5229-4f32-8de8-042f579b79b2,"{1,3,4}",2,2,2026-03-02 22:32:41.839157+00:00,2026-03-02 22:32:41.839157+00:00
946,C_SAC168,Sacramento River,,1849,flow,2,3,1,False,,False,,b0a04658-4a50-40be-b91f-d501e02b7eac,"{1,3,4}",2,2,2026-03-02 22:32:41.839157+00:00,2026-03-02 22:32:41.839157+00:00
947,C_SAC169,Sacramento River,,,flow,2,3,1,False,,False,,92e1efb2-17bb-4e62-bff1-c559747b90ba,"{1,3,4}",2,2,2026-03-02 22:32:41.839157+00:00,2026-03-02 22:32:41.839157+00:00
948,C_SAC174,Sacramento River,,1850,flow,2,3,1,False,,False,,bdcdbfb7-c181-415d-909a-b91e46b817e2,"{1,3,4}",2,2,2026-03-02 22:32:41.839157+00:00,2026-03-02 22:32:41.839157+00:00
949,C_SAC178,Sacramento River,,,flow,2,3,1,False,,False,,fafd3d08-237b-414c-a0d4-6ca87a228fc1,"{1,3,4}",2,2,2026-03-02 22:32:41.839157+00:00,2026-03-02 22:32:41.839157+00:00
950,C_SAC182,Sacramento River,,1851,flow,2,3,1,False,,False,,2ceea450-7af8-4e06-b4f9-7b897e8b12a1,"{1,3,4}",2,2,2026-03-02 22:32:41.839157+00:00,2026-03-02 22:32:41.839157+00:00
951,C_SAC185,Sacramento River,,,flow,2,3,1,False,,False,,e591eab0-3806-4873-af20-93a3cd1b14f2,"{1,3,4}",2,2,2026-03-02 22:32:41.839157+00:00,2026-03-02 22:32:41.839157+00:00
952,C_SAC188,Sacramento River,,1852,flow,2,3,1,False,,False,,60280187-49f3-4d15-909e-dbee1d18b943,"{1,3,4}",2,2,2026-03-02 22:32:41.839157+00:00,2026-03-02 22:32:41.839157+00:00
953,C_SAC193,Sacramento River,,,flow,2,3,1,False,,False,,0556e4ca-9f7f-4d3c-b44c-6b912c562a56,"{1,3,4}",2,2,2026-03-02 22:32:41.839157+00:00,2026-03-02 22:32:41.839157+00:00
954,C_SAC195,Sacramento River,,1853,flow,2,3,1,False,,False,,6cb87670-7d67-4870-a266-513b378631dd,"{1,3,4}",2,2,2026-03-02 22:32:41.839157+00:00,2026-03-02 22:32:41.839157+00:00
955,C_SAC196,Sacramento River,,,flow,2,3,1,False,,False,,9bb8a0ea-c8b7-4383-92ba-97569430ec74,"{1,3,4}",2,2,2026-03-02 22:32:41.839157+00:00,2026-03-02 22:32:41.839157+00:00
956,C_SAC201,Sacramento River,,1854,flow,2,3,1,False,,False,,f17a0c3d-e932-49c8-96ad-1478b9cc7b4b,"{1,3,4}",2,2,2026-03-02 22:32:41.839157+00:00,2026-03-02 22:32:41.839157+00:00
957,C_SAC207,Sacramento River,,,flow,2,3,1,False,,False,,9ab71f0c-8f7f-41a2-9f4c-9dadd4ebdb90,"{1,3,4}",2,2,2026-03-02 22:32:41.839157+00:00,2026-03-02 22:32:41.839157+00:00
958,C_SAC214,Sacramento River,,1855,flow,2,3,1,False,,False,,2128608e-d575-46f1-9506-c2fba6ad25c7,"{1,3,4}",2,2,2026-03-02 22:32:41.839157+00:00,2026-03-02 22:32:41.839157+00:00
959,C_SAC217,Sacramento River,,,flow,2,3,1,False,,False,,15e657f0-e12b-4baa-8014-cedd18784d56,"{1,3,4}",2,2,2026-03-02 22:32:41.839157+00:00,2026-03-02 22:32:41.839157+00:00
960,C_SAC218,Sacramento River,,1856,flow,2,3,1,False,,False,,bc91cc3a-186e-4290-b061-d6f0f94a488e,"{1,3,4}",2,2,2026-03-02 22:32:41.839157+00:00,2026-03-02 22:32:41.839157+00:00
961,C_SAC224,Sacramento River,,,flow,2,3,1,False,,False,,ad8d5049-fab9-4f3a-8d76-81f0ac75d0cf,"{1,3,4}",2,2,2026-03-02 22:32:41.839157+00:00,2026-03-02 22:32:41.839157+00:00
962,C_SAC228,Sacramento River,,1857,flow,2,3,1,False,,False,,d7274c94-d7a5-41e3-80cb-07c59f55f0a2,"{1,3,4}",2,2,2026-03-02 22:32:41.839157+00:00,2026-03-02 22:32:41.839157+00:00
963,C_SAC229,Sacramento River,,,flow,2,3,1,False,,False,,2ebf5b2c-ae66-4063-8ec8-1337720a7993,"{1,3,4}",2,2,2026-03-02 22:32:41.839157+00:00,2026-03-02 22:32:41.839157+00:00
964,C_SAC232,Sacramento River,,1858,flow,2,3,1,False,,False,,6b7f6b14-f0d6-489d-8637-b10fcb0fa23f,"{1,3,4}",2,2,2026-03-02 22:32:41.839157+00:00,2026-03-02 22:32:41.839157+00:00
965,C_SAC240,Sacramento River,,2060,flow,2,3,1,False,,False,,20f814e3-6533-4e23-9eb3-fa97a629bed0,"{1,3,4}",2,2,2026-03-02 22:32:41.839157+00:00,2026-03-02 22:32:41.839157+00:00
966,C_SAC247,Sacramento River,,1859,flow,2,3,1,False,,False,,304f871e-07b1-4e4e-9d88-30f687593ca6,"{1,3,4}",2,2,2026-03-02 22:32:41.839157+00:00,2026-03-02 22:32:41.839157+00:00
967,C_SAC250,Sacramento River,,,flow,2,3,1,False,,False,,bd5cb0e1-4f7f-4aae-88db-35ec31149ce7,"{1,3,4}",2,2,2026-03-02 22:32:41.839157+00:00,2026-03-02 22:32:41.839157+00:00
968,C_SAC254,Sacramento River,,1860,flow,2,3,1,False,,False,,1e071bc1-8242-4431-97d7-bfa6e596f80d,"{1,3,4}",2,2,2026-03-02 22:32:41.839157+00:00,2026-03-02 22:32:41.839157+00:00
969,C_SAC257,Sacramento River,,2061,flow,2,3,1,False,,False,,31c20df5-5cfc-4f79-9195-f001d5869842,"{1,3,4}",2,2,2026-03-02 22:32:41.839157+00:00,2026-03-02 22:32:41.839157+00:00
970,C_SAC259,Sacramento River,,1861,flow,2,3,1,False,,False,,0890fe74-14d3-48c8-b7f4-c08176fc5fcd,"{1,3,4}",2,2,2026-03-02 22:32:41.839157+00:00,2026-03-02 22:32:41.839157+00:00
971,C_SAC265,Sacramento River,,,flow,2,3,1,False,,False,,eeabdc5b-2e02-49d2-bf36-b789c5a5fa26,"{1,3,4}",2,2,2026-03-02 22:32:41.839157+00:00,2026-03-02 22:32:41.839157+00:00
972,C_SAC269,Sacramento River,,1862,flow,2,3,1,False,,False,,252eba13-7e99-4ee1-87be-a03ac8f69b50,"{1,3,4}",2,2,2026-03-02 22:32:41.839157+00:00,2026-03-02 22:32:41.839157+00:00
973,C_SAC271,Sacramento River,,,flow,2,3,1,False,,False,,b930e960-a6c0-4725-a5ca-d613038355a5,"{1,3,4}",2,2,2026-03-02 22:32:41.839157+00:00,2026-03-02 22:32:41.839157+00:00
974,C_SAC273,Sacramento River,,1863,flow,2,3,1,False,,False,,02128096-2609-4245-be8c-1176d1a2f776,"{1,3,4}",2,2,2026-03-02 22:32:41.839157+00:00,2026-03-02 22:32:41.839157+00:00
975,C_SAC275,Sacramento River,,,flow,2,3,1,False,,False,,0ee2429c-3940-4a87-aad9-34f76cfe684e,"{1,3,4}",2,2,2026-03-02 22:32:41.839157+00:00,2026-03-02 22:32:41.839157+00:00
976,C_SAC277,Sacramento River,,1864,flow,2,3,1,False,,False,,946c8644-62c9-48ce-979f-8855d0691efd,"{1,3,4}",2,2,2026-03-02 22:32:41.839157+00:00,2026-03-02 22:32:41.839157+00:00
977,C_SAC281,Sacramento River,,,flow,2,3,1,False,,False,,a19eae09-8874-4666-832f-eea53fcc4ef7,"{1,3,4}",2,2,2026-03-02 22:32:41.839157+00:00,2026-03-02 22:32:41.839157+00:00
978,C_SAC287,Sacramento River,,1865,flow,2,3,1,False,,False,,03776949-31e2-426e-b430-f746bc576109,"{1,3,4}",2,2,2026-03-02 22:32:41.839157+00:00,2026-03-02 22:32:41.839157+00:00
979,C_SAC289,Sacramento River,,2062,flow,2,3,1,False,,False,,289e8128-bf05-42fe-869e-fa63041cb4ac,"{1,3,4}",2,2,2026-03-02 22:32:41.839157+00:00,2026-03-02 22:32:41.839157+00:00
980,C_SAC294,Sacramento River,,1866,flow,2,3,1,False,,False,,a2d3aab4-7954-45a9-81b1-cf375c94be48,"{1,3,4}",2,2,2026-03-02 22:32:41.839157+00:00,2026-03-02 22:32:41.839157+00:00
981,C_SAC296,Sacramento River,,,flow,2,3,1,False,,False,,5532b0a2-7576-417b-9e9b-f6d042b36a2b,"{1,3,4}",2,2,2026-03-02 22:32:41.839157+00:00,2026-03-02 22:32:41.839157+00:00
982,C_SAC299,Sacramento River,,1867,flow,2,3,1,False,,False,,b04f049a-1670-4cf2-9556-9c7a82ec58fa,"{1,3,4}",2,2,2026-03-02 22:32:41.839157+00:00,2026-03-02 22:32:41.839157+00:00
983,C_SAC301,Sacramento River,,,flow,2,3,1,False,,False,,9279bf9f-401b-4cbe-a68d-65c449ec3de3,"{1,3,4}",2,2,2026-03-02 22:32:41.839157+00:00,2026-03-02 22:32:41.839157+00:00
984,C_SAL006,Salt Slough,,1868,flow,2,3,1,False,,False,,efcf4e7a-54dc-4131-82d5-6eb5ebdce3b3,"{1,3,4}",2,2,2026-03-02 22:32:41.839157+00:00,2026-03-02 22:32:41.839157+00:00
985,C_SAL017,Salt Slough,,,flow,2,3,1,False,,False,,f1e3ea6d-1dbf-4a93-a399-d27e4c487a2c,"{1,3,4}",2,2,2026-03-02 22:32:41.839157+00:00,2026-03-02 22:32:41.839157+00:00
986,C_SBA000,,,1869,flow,2,3,1,False,,False,,2736a051-b91c-43aa-8572-3ed3550786ec,"{1,3,4}",2,2,2026-03-02 22:32:41.839157+00:00,2026-03-02 22:32:41.839157+00:00
987,C_SBA009,,,1870,flow,2,3,1,False,,False,,cd1d7c03-c827-4905-9cd9-6b6d576d8549,"{1,3,4}",2,2,2026-03-02 22:32:41.839157+00:00,2026-03-02 22:32:41.839157+00:00
988,C_SBA016,,,1871,flow,2,3,1,False,,False,,f6497b09-2568-4507-8887-8cc6364d6836,"{1,3,4}",2,2,2026-03-02 22:32:41.839157+00:00,2026-03-02 22:32:41.839157+00:00
989,C_SBA019,,,1872,flow,2,3,1,False,,False,,a8203a82-c1ab-4104-a249-b7fd4991df22,"{1,3,4}",2,2,2026-03-02 22:32:41.839157+00:00,2026-03-02 22:32:41.839157+00:00
990,C_SBA020,,,1873,flow,2,3,1,False,,False,,99a5b8b7-e722-4b54-9a31-69988c117f69,"{1,3,4}",2,2,2026-03-02 22:32:41.839157+00:00,2026-03-02 22:32:41.839157+00:00
991,C_SBA029,,,1874,flow,2,3,1,False,,False,,ac1632df-5584-4562-a22d-57aea2cfe9e5,"{1,3,4}",2,2,2026-03-02 22:32:41.839157+00:00,2026-03-02 22:32:41.839157+00:00
992,C_SBA036,,,1875,flow,2,3,1,False,,False,,08512d65-5cc3-4404-98ce-5b59835ffd2c,"{1,3,4}",2,2,2026-03-02 22:32:41.839157+00:00,2026-03-02 22:32:41.839157+00:00
993,C_SBP012,Sutter Bypass,,1876,flow,2,3,1,False,,False,,67777929-d196-4983-bcc8-d192d97e907d,"{1,3,4}",2,2,2026-03-02 22:32:41.839157+00:00,2026-03-02 22:32:41.839157+00:00
994,C_SBP014,Sutter Bypass,,,flow,2,3,1,False,,False,,2465bcb6-bb23-462c-a568-af736aadcb17,"{1,3,4}",2,2,2026-03-02 22:32:41.839157+00:00,2026-03-02 22:32:41.839157+00:00
995,C_SBP018,Sutter Bypass,,1877,flow,2,3,1,False,,False,,963f1e4a-26f8-438b-a9de-740042ccdca1,"{1,3,4}",2,2,2026-03-02 22:32:41.839157+00:00,2026-03-02 22:32:41.839157+00:00
996,C_SBP021,Sutter Bypass,,,flow,2,3,1,False,,False,,1246c9e7-fb90-4eda-b944-9a92c8c161b2,"{1,3,4}",2,2,2026-03-02 22:32:41.839157+00:00,2026-03-02 22:32:41.839157+00:00
997,C_SBP024,Sutter Bypass,,1878,flow,2,3,1,False,,False,,fc2ce228-2e30-42a3-b3b9-eb332515e571,"{1,3,4}",2,2,2026-03-02 22:32:41.839157+00:00,2026-03-02 22:32:41.839157+00:00
998,C_SBP028,Sutter Bypass,,,flow,2,3,1,False,,False,,9b8b0736-6b01-4ef8-93f5-c069f528cb2c,"{1,3,4}",2,2,2026-03-02 22:32:41.839157+00:00,2026-03-02 22:32:41.839157+00:00
999,C_SBP031,Sutter Bypass,,1879,flow,2,3,1,False,,False,,f444c6c8-915d-404c-afe8-80ba6bc4593e,"{1,3,4}",2,2,2026-03-02 22:32:41.839157+00:00,2026-03-02 22:32:41.839157+00:00
1000,C_SCOTF,Deer Creek,,,flow,2,3,1,False,,False,,88afc6b5-a887-49a7-b70b-877eb2b23e8d,"{1,3,4}",2,2,2026-03-02 22:32:41.839157+00:00,2026-03-02 22:32:41.839157+00:00
1001,C_SCR002,Secret Ravine,,1880,flow,2,3,1,False,,False,,304b055d-5d6e-4c43-b6ad-c7f996174fcf,"{1,3,4}",2,2,2026-03-02 22:32:41.839157+00:00,2026-03-02 22:32:41.839157+00:00
1002,C_SCT000,Slate Creek Tunnel,,,flow,2,3,1,False,,False,,b3a25fcd-aa9d-44c9-812b-4fa6910fdb86,"{1,3,4}",2,2,2026-03-02 22:32:41.839157+00:00,2026-03-02 22:32:41.839157+00:00
1003,C_SCT001,Seneca Tunnel/Penstock/Powerhouse,,1881,flow,2,3,1,False,,False,,1bd18d7c-643b-4f8e-9437-385d9dc4f7bb,"{1,3,4}",2,2,2026-03-02 22:32:41.839157+00:00,2026-03-02 22:32:41.839157+00:00
1004,C_SCW004,South Fork Cottonwood Creek,,1882,flow,2,3,1,False,,False,,b2415309-69ee-4eef-b797-0f6c3c48b8f0,"{1,3,4}",2,2,2026-03-02 22:32:41.839157+00:00,2026-03-02 22:32:41.839157+00:00
1005,C_SCW008,South Fork Cottonwood Creek,,1883,flow,2,3,1,False,,False,,199449fe-e7cd-411e-9c9d-cc83bf944d80,"{1,3,4}",2,2,2026-03-02 22:32:41.839157+00:00,2026-03-02 22:32:41.839157+00:00
1006,C_SCW020,South Fork Cottonwood Creek,,,flow,2,3,1,False,,False,,b0bd9453-fcb4-4d4c-8871-f92158f0b78b,"{1,3,4}",2,2,2026-03-02 22:32:41.839157+00:00,2026-03-02 22:32:41.839157+00:00
1007,C_SCW025,South Fork Cottonwood Creek,,,flow,2,3,1,False,,False,,825cfe6b-4d79-4257-b5bc-5bfb8b994153,"{1,3,4}",2,2,2026-03-02 22:32:41.839157+00:00,2026-03-02 22:32:41.839157+00:00
1008,C_SDC001,Stockton Diverting Canal,,,flow,2,3,1,False,,False,,32580a82-5ee2-4e8f-8842-249ca7d43bda,"{1,3,4}",2,2,2026-03-02 22:32:41.839157+00:00,2026-03-02 22:32:41.839157+00:00
1009,C_SDT000,,,1884,flow,2,3,1,False,,False,,095c32cb-781a-4b88-ac95-39871d5224ae,"{1,3,4}",2,2,2026-03-02 22:32:41.839157+00:00,2026-03-02 22:32:41.839157+00:00
1010,C_SDT002,North Fork Diversion Tunnel,,,flow,2,3,1,False,,False,,fcf7ad09-d0a9-4d32-a139-5f94d4a72c68,"{1,3,4}",2,2,2026-03-02 22:32:41.839157+00:00,2026-03-02 22:32:41.839157+00:00
1011,C_SFA011,South Fork American River,,1885,flow,2,3,1,False,,False,,be5a38fa-13b8-4f8f-be02-e07925ed3e07,"{1,3,4}",2,2,2026-03-02 22:32:41.839157+00:00,2026-03-02 22:32:41.839157+00:00
1012,C_SFA017,South Fork American River,,1886,flow,2,3,1,False,,False,,fdfcf85d-f117-4dad-a425-95a5f2decb85,"{1,3,4}",2,2,2026-03-02 22:32:41.839157+00:00,2026-03-02 22:32:41.839157+00:00
1013,C_SFA030,South Fork American River,,1887,flow,2,3,1,False,,False,,65416d41-ae7d-49cb-ae4a-b11075acd1c5,"{1,3,4}",2,2,2026-03-02 22:32:41.839157+00:00,2026-03-02 22:32:41.839157+00:00
1014,C_SFA032,South Fork American River,,,flow,2,3,1,False,,False,,a7722634-2ba2-4fc3-ac26-c90c8a3ec686,"{1,3,4}",2,2,2026-03-02 22:32:41.839157+00:00,2026-03-02 22:32:41.839157+00:00
1015,C_SFA035,South Fork American River,,1888,flow,2,3,1,False,,False,,2e9a5935-64b4-4688-9f3e-5aea08ee0e24,"{1,3,4}",2,2,2026-03-02 22:32:41.839157+00:00,2026-03-02 22:32:41.839157+00:00
1016,C_SFA039,South Fork American River,,,flow,2,3,1,False,,False,,4a2b7104-89af-44a4-8b64-9b9ee1fe2767,"{1,3,4}",2,2,2026-03-02 22:32:41.839157+00:00,2026-03-02 22:32:41.839157+00:00
1017,C_SFA040,South Fork American River,,,flow,2,3,1,False,,False,,e215c7e5-a752-44fc-9176-955eb7421fb3,"{1,3,4}",2,2,2026-03-02 22:32:41.839157+00:00,2026-03-02 22:32:41.839157+00:00
1018,C_SFA044,South Fork American River,,1889,flow,2,3,1,False,,False,,ac5a98c6-61bc-47e0-99e3-603dda9ce41d,"{1,3,4}",2,2,2026-03-02 22:32:41.839157+00:00,2026-03-02 22:32:41.839157+00:00
1019,C_SFA045,South Fork American River,,1890,flow,2,3,1,False,,False,,05d462b5-8fa4-41f0-99c4-832ab339dbe1,"{1,3,4}",2,2,2026-03-02 22:32:41.839157+00:00,2026-03-02 22:32:41.839157+00:00
1020,C_SFA046,South Fork American River,,,flow,2,3,1,False,,False,,e4623f06-2a96-4b2a-9df9-7770a9155ca6,"{1,3,4}",2,2,2026-03-02 22:32:41.839157+00:00,2026-03-02 22:32:41.839157+00:00
1021,C_SFA048,South Fork American River,,1891,flow,2,3,1,False,,False,,88c24572-2075-41b9-9340-2e0937f4eed3,"{1,3,4}",2,2,2026-03-02 22:32:41.839157+00:00,2026-03-02 22:32:41.839157+00:00
1022,C_SFA059,South Fork American River,,,flow,2,3,1,False,,False,,4141fa37-f754-4259-b03d-1f65cff8343b,"{1,3,4}",2,2,2026-03-02 22:32:41.839157+00:00,2026-03-02 22:32:41.839157+00:00
1023,C_SFA063,South Fork American River,,1892,flow,2,3,1,False,,False,,de860f49-cff6-4c41-b7b3-a261039ac2f3,"{1,3,4}",2,2,2026-03-02 22:32:41.839157+00:00,2026-03-02 22:32:41.839157+00:00
1024,C_SFA065,South Fork American River,,,flow,2,3,1,False,,False,,5e36c053-d372-4dd9-b601-3ed2f5cf592a,"{1,3,4}",2,2,2026-03-02 22:32:41.839157+00:00,2026-03-02 22:32:41.839157+00:00
1025,C_SFA066,South Fork American River,,1893,flow,2,3,1,False,,False,,d4eeb7bc-6319-464b-8574-7a225eb2487d,"{1,3,4}",2,2,2026-03-02 22:32:41.839157+00:00,2026-03-02 22:32:41.839157+00:00
1026,C_SFA067,South Fork American River,,,flow,2,3,1,False,,False,,d441808e-0f13-4aa6-a959-417e7cecc83d,"{1,3,4}",2,2,2026-03-02 22:32:41.839157+00:00,2026-03-02 22:32:41.839157+00:00
1027,C_SFA068,South Fork American River,,,flow,2,3,1,False,,False,,2aa2cc86-2dea-4ddb-a878-8a8b3762a9fe,"{1,3,4}",2,2,2026-03-02 22:32:41.839157+00:00,2026-03-02 22:32:41.839157+00:00
1028,C_SFA076,South Fork American River,,1894,flow,2,3,1,False,,False,,bfab9cdf-aa5a-4688-8394-9251c5e2ffcb,"{1,3,4}",2,2,2026-03-02 22:32:41.839157+00:00,2026-03-02 22:32:41.839157+00:00
1029,C_SFA079,South Fork American River,,,flow,2,3,1,False,,False,,9faa8fbd-ab17-4583-9fa1-9a26dd1dc6ea,"{1,3,4}",2,2,2026-03-02 22:32:41.839157+00:00,2026-03-02 22:32:41.839157+00:00
1030,C_SFA085,South Fork American River,,1895,flow,2,3,1,False,,False,,78e82949-9bc8-44e6-8df9-51147b7be12a,"{1,3,4}",2,2,2026-03-02 22:32:41.839157+00:00,2026-03-02 22:32:41.839157+00:00
1031,C_SFD003,South Fork Deer Creek,,,flow,2,3,1,False,,False,,0109b7e9-0d87-45ce-a17e-316f26ccee74,"{1,3,4}",2,2,2026-03-02 22:32:41.839157+00:00,2026-03-02 22:32:41.839157+00:00
1032,C_SFF002,South Fork Feather River,,1896,flow,2,3,1,False,,False,,417baf0a-9a2b-4395-b0ab-f96fcfb72658,"{1,3,4}",2,2,2026-03-02 22:32:41.839157+00:00,2026-03-02 22:32:41.839157+00:00
1033,C_SFF008,South Fork Feather River,,,flow,2,3,1,False,,False,,af2d567d-1513-4269-98e8-e11d15373b62,"{1,3,4}",2,2,2026-03-02 22:32:41.839157+00:00,2026-03-02 22:32:41.839157+00:00
1034,C_SFF011,South Fork Feather River,,1897,flow,2,3,1,False,,False,,eba980a4-7731-4e3f-b892-64672c650523,"{1,3,4}",2,2,2026-03-02 22:32:41.839157+00:00,2026-03-02 22:32:41.839157+00:00
1035,C_SFF018,South Fork Feather River,,,flow,2,3,1,False,,False,,883e61f0-e55e-4d5a-9c5c-948e1562d564,"{1,3,4}",2,2,2026-03-02 22:32:41.839157+00:00,2026-03-02 22:32:41.839157+00:00
1036,C_SFF019,South Fork Feather River,,1898,flow,2,3,1,False,,False,,bcea371a-3e6f-4059-9f76-a96a6ce537e4,"{1,3,4}",2,2,2026-03-02 22:32:41.839157+00:00,2026-03-02 22:32:41.839157+00:00
1037,C_SFF020,South Fork Feather River,,1899,flow,2,3,1,False,,False,,90c7744f-233b-400b-bb68-9f22b37aea65,"{1,3,4}",2,2,2026-03-02 22:32:41.839157+00:00,2026-03-02 22:32:41.839157+00:00
1038,C_SFF028,South Fork Feather River,,,flow,2,3,1,False,,False,,026de03c-1677-46d5-95d7-6c572cd84ae2,"{1,3,4}",2,2,2026-03-02 22:32:41.839157+00:00,2026-03-02 22:32:41.839157+00:00
1039,C_SFF029,South Fork Feather River,,1900,flow,2,3,1,False,,False,,d1b2d89b-5d18-4019-a0dc-35be8538a9b0,"{1,3,4}",2,2,2026-03-02 22:32:41.839157+00:00,2026-03-02 22:32:41.839157+00:00
1040,C_SFF039,South Fork Feather River,,,flow,2,3,1,False,,False,,2c648af5-c965-44e6-83c4-5fbdb63f742b,"{1,3,4}",2,2,2026-03-02 22:32:41.839157+00:00,2026-03-02 22:32:41.839157+00:00
1041,C_SFM003,South Fork Mokelumne River,,1901,flow,2,3,1,False,,False,,5007483a-4205-49b6-984e-2a933c5327a4,"{1,3,4}",2,2,2026-03-02 22:32:41.839157+00:00,2026-03-02 22:32:41.839157+00:00
1042,C_SFM005,South Fork Mokelumne River,,,flow,2,3,1,False,,False,,89a89053-4957-4983-9a0c-eaa3eecc7615,"{1,3,4}",2,2,2026-03-02 22:32:41.839157+00:00,2026-03-02 22:32:41.839157+00:00
1043,C_SFR004,South Fork Rubicon River,,1902,flow,2,3,1,False,,False,,44115b82-5f9e-48a4-ad3f-f7063cadf926,"{1,3,4}",2,2,2026-03-02 22:32:41.839157+00:00,2026-03-02 22:32:41.839157+00:00
1044,C_SFR005,South Fork Rubicon River,,,flow,2,3,1,False,,False,,35ab85cd-86fa-4b2e-a2c5-028323139fcc,"{1,3,4}",2,2,2026-03-02 22:32:41.839157+00:00,2026-03-02 22:32:41.839157+00:00
1045,C_SFR006,South Fork Rubicon River,,1903,flow,2,3,1,False,,False,,cd64e205-18df-44da-a24c-54f4a0d50516,"{1,3,4}",2,2,2026-03-02 22:32:41.839157+00:00,2026-03-02 22:32:41.839157+00:00
1046,C_SFS013,South Fork Silver Creek,,,flow,2,3,1,False,,False,,3e17d0fe-b588-4f9f-a088-da1d88084ae9,"{1,3,4}",2,2,2026-03-02 22:32:41.839157+00:00,2026-03-02 22:32:41.839157+00:00
1047,C_SFS018,South Fork Stanislaus River,,,flow,2,3,1,False,,False,,4e50d7a1-f252-4a58-beaa-91ce7e9562cd,"{1,3,4}",2,2,2026-03-02 22:32:41.839157+00:00,2026-03-02 22:32:41.839157+00:00
1048,C_SFS026,South Fork Stanislaus River,,,flow,2,3,1,False,,False,,81811f2c-d30e-4b15-a765-3e32d02588bc,"{1,3,4}",2,2,2026-03-02 22:32:41.839157+00:00,2026-03-02 22:32:41.839157+00:00
1049,C_SFS030,South Fork Stanislaus River,,,flow,2,3,1,False,,False,,1ce697f6-1380-4bd6-b413-d8ec9ec067f8,"{1,3,4}",2,2,2026-03-02 22:32:41.839157+00:00,2026-03-02 22:32:41.839157+00:00
1050,C_SFS033,South Fork Stanislaus River,,1904,flow,2,3,1,False,,False,,2573b7bb-18e7-4deb-8573-32862d96118f,"{1,3,4}",2,2,2026-03-02 22:32:41.839157+00:00,2026-03-02 22:32:41.839157+00:00
1051,C_SFT000,Conceptual South Fork Tunnel,,,flow,2,3,1,False,,False,,059e1700-8a6d-4d8d-8b71-21dc954ce0f3,"{1,3,4}",2,2,2026-03-02 22:32:41.839157+00:00,2026-03-02 22:32:41.839157+00:00
1052,C_SFT002,South Fork Tuolumne River,,1905,flow,2,3,1,False,,False,,b8d206c2-2639-43c6-ae4c-13d33984e1a6,"{1,3,4}",2,2,2026-03-02 22:32:41.839157+00:00,2026-03-02 22:32:41.839157+00:00
1053,C_SFT003,South Fork Tuolumne River,,,flow,2,3,1,False,,False,,f522464a-4677-4417-b868-f576f80c606e,"{1,3,4}",2,2,2026-03-02 22:32:41.839157+00:00,2026-03-02 22:32:41.839157+00:00
1054,C_SFY007,South Yuba River,,1906,flow,2,3,1,False,,False,,a8f12efe-96bc-4d89-883a-ea8bb9021cc7,"{1,3,4}",2,2,2026-03-02 22:32:41.839157+00:00,2026-03-02 22:32:41.839157+00:00
1055,C_SFY033,South Yuba River,,,flow,2,3,1,False,,False,,a1aedcb3-42b3-4166-9198-a745e3f13895,"{1,3,4}",2,2,2026-03-02 22:32:41.839157+00:00,2026-03-02 22:32:41.839157+00:00
1056,C_SFY040,South Yuba River,,1907,flow,2,3,1,False,,False,,a6154890-3541-410d-8f1d-851852a02cbc,"{1,3,4}",2,2,2026-03-02 22:32:41.839157+00:00,2026-03-02 22:32:41.839157+00:00
1057,C_SFY041,South Yuba River,,,flow,2,3,1,False,,False,,416bfa45-f2c3-4ed5-a814-462becb45515,"{1,3,4}",2,2,2026-03-02 22:32:41.839157+00:00,2026-03-02 22:32:41.839157+00:00
1058,C_SFY043,South Yuba River,,1908,flow,2,3,1,False,,False,,02fbdb08-8f99-474d-bb4f-e33247c0e481,"{1,3,4}",2,2,2026-03-02 22:32:41.839157+00:00,2026-03-02 22:32:41.839157+00:00
1059,C_SFY043_PGE,,,,flow,2,3,1,False,,False,,2cad5b62-4e19-4dd4-82af-dd2bd1d42ddc,"{1,3,4}",2,2,2026-03-02 22:32:41.839157+00:00,2026-03-02 22:32:41.839157+00:00
1060,C_SFY044,South Yuba River,,,flow,2,3,1,False,,False,,830b71be-9e73-4b43-bb47-9f9ab053b3ef,"{1,3,4}",2,2,2026-03-02 22:32:41.839157+00:00,2026-03-02 22:32:41.839157+00:00
1061,C_SFY048,South Yuba River,,1909,flow,2,3,1,False,,False,,c5c3e98a-1a8a-406e-b1f8-de7f6c230290,"{1,3,4}",2,2,2026-03-02 22:32:41.839157+00:00,2026-03-02 22:32:41.839157+00:00
1062,C_SGRGE,Stony Creek,,,flow,2,3,1,False,,False,,187d97da-40d9-4703-aac5-98951315ec45,"{1,3,4}",2,2,2026-03-02 22:32:41.839157+00:00,2026-03-02 22:32:41.839157+00:00
1063,C_SHSTA,Sacramento River,,1910,flow,2,3,1,False,,False,,c1bbdb90-311c-49b6-9e3e-7fd4312b2091,"{1,3,4}",2,2,2026-03-02 22:32:41.839157+00:00,2026-03-02 22:32:41.839157+00:00
1064,C_SILVR,Silver Fork American River,,,flow,2,3,1,False,,False,,f9827ce7-dd46-4f77-beac-b68edbb9fba3,"{1,3,4}",2,2,2026-03-02 22:32:41.839157+00:00,2026-03-02 22:32:41.839157+00:00
1065,C_SJR006,San Joaquin River,,1911,flow,2,3,1,False,,False,,1dab0826-d74c-44ce-bdd4-e36d596faa81,"{1,3,4}",2,2,2026-03-02 22:32:41.839157+00:00,2026-03-02 22:32:41.839157+00:00
1066,C_SJR009,San Joaquin River,,,flow,2,3,1,False,,False,,a6aa9abc-7e02-4d28-af40-25e6f15f681f,"{1,3,4}",2,2,2026-03-02 22:32:41.839157+00:00,2026-03-02 22:32:41.839157+00:00
1067,C_SJR013,San Joaquin River,,1912,flow,2,3,1,False,,False,,6df7aed3-4c21-4921-9fa0-3644e4c3e45e,"{1,3,4}",2,2,2026-03-02 22:32:41.839157+00:00,2026-03-02 22:32:41.839157+00:00
1068,C_SJR022,San Joaquin River,,,flow,2,3,1,False,,False,,60823923-2c2c-4dd9-a25c-a901a4c4ed14,"{1,3,4}",2,2,2026-03-02 22:32:41.839157+00:00,2026-03-02 22:32:41.839157+00:00
1069,C_SJR023,San Joaquin River,,1913,flow,2,3,1,False,,False,,f1db7e84-5e82-47e6-8070-590fa6023fe3,"{1,3,4}",2,2,2026-03-02 22:32:41.839157+00:00,2026-03-02 22:32:41.839157+00:00
1070,C_SJR026,San Joaquin River,,,flow,2,3,1,False,,False,,586a9416-cc35-4af4-8e34-aad5e6164d90,"{1,3,4}",2,2,2026-03-02 22:32:41.839157+00:00,2026-03-02 22:32:41.839157+00:00
1071,C_SJR028,San Joaquin River,,1914,flow,2,3,1,False,,False,,3b1fae60-cbad-4ca2-afaa-21c7ed820b11,"{1,3,4}",2,2,2026-03-02 22:32:41.839157+00:00,2026-03-02 22:32:41.839157+00:00
1072,C_SJR033,San Joaquin River,,,flow,2,3,1,False,,False,,baded9be-760e-488d-a49b-e41b5f5293c7,"{1,3,4}",2,2,2026-03-02 22:32:41.839157+00:00,2026-03-02 22:32:41.839157+00:00
1073,C_SJR038,San Joaquin River,,1915,flow,2,3,1,False,,False,,e70cc1d4-cfd8-4de0-b8c4-1f52abf52149,"{1,3,4}",2,2,2026-03-02 22:32:41.839157+00:00,2026-03-02 22:32:41.839157+00:00
1074,C_SJR042,San Joaquin River,,,flow,2,3,1,False,,False,,3ca69e2f-3ebd-4978-bf56-315bf557e937,"{1,3,4}",2,2,2026-03-02 22:32:41.839157+00:00,2026-03-02 22:32:41.839157+00:00
1075,C_SJR043,San Joaquin River,,1916,flow,2,3,1,False,,False,,313c7e03-4132-4e14-ad0d-b290373247f6,"{1,3,4}",2,2,2026-03-02 22:32:41.839157+00:00,2026-03-02 22:32:41.839157+00:00
1076,C_SJR048,San Joaquin River,,,flow,2,3,1,False,,False,,a137ae90-3148-44a3-bcbf-18b8bacf01f7,"{1,3,4}",2,2,2026-03-02 22:32:41.839157+00:00,2026-03-02 22:32:41.839157+00:00
1077,C_SJR053A,San Joaquin River,,1917,flow,2,3,1,False,,False,,36fa2cdc-7fa9-4863-86b5-f3c8a67d042b,"{1,3,4}",2,2,2026-03-02 22:32:41.839157+00:00,2026-03-02 22:32:41.839157+00:00
1078,C_SJR053B,Old River,,,flow,2,3,1,False,,False,,23bd65c2-a57f-408d-9fc1-d382235c7d66,"{1,3,4}",2,2,2026-03-02 22:32:41.839157+00:00,2026-03-02 22:32:41.839157+00:00
1079,C_SJR053a,San Joaquin River,,,flow,2,3,1,False,,False,,20e530e5-e423-4843-a61e-2bf148fcb8ad,"{1,3,4}",2,2,2026-03-02 22:32:41.839157+00:00,2026-03-02 22:32:41.839157+00:00
1080,C_SJR056,San Joaquin River,,1918,flow,2,3,1,False,,False,,3aad59dc-f182-4715-8062-574804642d24,"{1,3,4}",2,2,2026-03-02 22:32:41.839157+00:00,2026-03-02 22:32:41.839157+00:00
1081,C_SJR062,San Joaquin River,,,flow,2,3,1,False,,False,,5baace5f-5a1f-4856-884a-77f28a1f306d,"{1,3,4}",2,2,2026-03-02 22:32:41.839157+00:00,2026-03-02 22:32:41.839157+00:00
1082,C_SJR070,San Joaquin River,,1919,flow,2,3,1,False,,False,,b457659a-c56d-4819-8552-fe2851618f87,"{1,3,4}",2,2,2026-03-02 22:32:41.839157+00:00,2026-03-02 22:32:41.839157+00:00
1083,C_SJR072,San Joaquin River,,,flow,2,3,1,False,,False,,62083eee-cfcc-4ed6-b608-c84519ef6937,"{1,3,4}",2,2,2026-03-02 22:32:41.839157+00:00,2026-03-02 22:32:41.839157+00:00
1084,C_SJR075,San Joaquin River,,1920,flow,2,3,1,False,,False,,441a8e81-0dc9-4332-aa83-cdacb16649e8,"{1,3,4}",2,2,2026-03-02 22:32:41.839157+00:00,2026-03-02 22:32:41.839157+00:00
1085,C_SJR081,San Joaquin River,,,flow,2,3,1,False,,False,,3bc61337-3d7c-425a-afce-46e35be4eb54,"{1,3,4}",2,2,2026-03-02 22:32:41.839157+00:00,2026-03-02 22:32:41.839157+00:00
1086,C_SJR082,San Joaquin River,,1921,flow,2,3,1,False,,False,,53c9de4b-b6f3-4439-a0d9-210da48a98e1,"{1,3,4}",2,2,2026-03-02 22:32:41.839157+00:00,2026-03-02 22:32:41.839157+00:00
1087,C_SJR087,San Joaquin River,,,flow,2,3,1,False,,False,,146553ad-de18-4a0d-8831-1501f1bd3a57,"{1,3,4}",2,2,2026-03-02 22:32:41.839157+00:00,2026-03-02 22:32:41.839157+00:00
1088,C_SJR090,San Joaquin River,,1922,flow,2,3,1,False,,False,,cbe2ed16-24df-4e0b-9654-afa5517cde51,"{1,3,4}",2,2,2026-03-02 22:32:41.839157+00:00,2026-03-02 22:32:41.839157+00:00
1089,C_SJR091,San Joaquin River,,,flow,2,3,1,False,,False,,680922a9-989f-452c-994b-aa1d4277b16f,"{1,3,4}",2,2,2026-03-02 22:32:41.839157+00:00,2026-03-02 22:32:41.839157+00:00
1090,C_SJR096,San Joaquin River,,1923,flow,2,3,1,False,,False,,e0abfe5e-cacc-4446-80ed-df7bfe24a63c,"{1,3,4}",2,2,2026-03-02 22:32:41.839157+00:00,2026-03-02 22:32:41.839157+00:00
1091,C_SJR101,San Joaquin River,,,flow,2,3,1,False,,False,,86271704-1632-46f2-9bf4-9fd306f8ee8c,"{1,3,4}",2,2,2026-03-02 22:32:41.839157+00:00,2026-03-02 22:32:41.839157+00:00
1092,C_SJR102,San Joaquin River,,1924,flow,2,3,1,False,,False,,2984c2ae-323a-462d-96e8-49c838c7522c,"{1,3,4}",2,2,2026-03-02 22:32:41.839157+00:00,2026-03-02 22:32:41.839157+00:00
1093,C_SJR105,San Joaquin River,,1925,flow,2,3,1,False,,False,,8a46657e-8cb8-4fe4-b578-1c62fa6b6f80,"{1,3,4}",2,2,2026-03-02 22:32:41.839157+00:00,2026-03-02 22:32:41.839157+00:00
1094,C_SJR106,San Joaquin River,,,flow,2,3,1,False,,False,,81f3f670-067b-4c95-906c-0b79d8705cd0,"{1,3,4}",2,2,2026-03-02 22:32:41.839157+00:00,2026-03-02 22:32:41.839157+00:00
1095,C_SJR111,San Joaquin River,,1926,flow,2,3,1,False,,False,,ab788782-7ad3-4a0e-b7ae-f2de1c99e863,"{1,3,4}",2,2,2026-03-02 22:32:41.839157+00:00,2026-03-02 22:32:41.839157+00:00
1096,C_SJR114,San Joaquin River,,,flow,2,3,1,False,,False,,4308af3c-5654-46fa-a309-30fed902a2c9,"{1,3,4}",2,2,2026-03-02 22:32:41.839157+00:00,2026-03-02 22:32:41.839157+00:00
1097,C_SJR115,San Joaquin River,,1927,flow,2,3,1,False,,False,,6a9e52b4-f775-4c97-ad37-ee8ad3cbea2e,"{1,3,4}",2,2,2026-03-02 22:32:41.839157+00:00,2026-03-02 22:32:41.839157+00:00
1098,C_SJR116,San Joaquin River,,,flow,2,3,1,False,,False,,8b5ec8fd-afdb-4f31-a178-34227e1236bb,"{1,3,4}",2,2,2026-03-02 22:32:41.839157+00:00,2026-03-02 22:32:41.839157+00:00
1099,C_SJR117,San Joaquin River,,1928,flow,2,3,1,False,,False,,036039c1-13f4-4a9e-9157-e56637519fb3,"{1,3,4}",2,2,2026-03-02 22:32:41.839157+00:00,2026-03-02 22:32:41.839157+00:00
1100,C_SJR119,San Joaquin River,,,flow,2,3,1,False,,False,,a9e2cb80-9adf-4258-917f-837b0b7cdcae,"{1,3,4}",2,2,2026-03-02 22:32:41.839157+00:00,2026-03-02 22:32:41.839157+00:00
1101,C_SJR123,San Joaquin River,,1929,flow,2,3,1,False,,False,,dfed2e2c-4869-497b-a5a4-517065a3585b,"{1,3,4}",2,2,2026-03-02 22:32:41.839157+00:00,2026-03-02 22:32:41.839157+00:00
1102,C_SJR127,San Joaquin River,,2063,flow,2,3,1,False,,False,,4d29dfa2-7756-426e-8129-766060cd30be,"{1,3,4}",2,2,2026-03-02 22:32:41.839157+00:00,2026-03-02 22:32:41.839157+00:00
1103,C_SJR131,San Joaquin River,,1930,flow,2,3,1,False,,False,,0ad9a354-adef-43db-9c50-af27d4ee17a1,"{1,3,4}",2,2,2026-03-02 22:32:41.839157+00:00,2026-03-02 22:32:41.839157+00:00
1104,C_SJR134,San Joaquin River,,,flow,2,3,1,False,,False,,6147a310-55fa-4da2-bb62-d44713bdb2de,"{1,3,4}",2,2,2026-03-02 22:32:41.839157+00:00,2026-03-02 22:32:41.839157+00:00
1105,C_SJR141,San Joaquin River,,1931,flow,2,3,1,False,,False,,1681873d-a0bc-4ed4-bb66-aab83beda9af,"{1,3,4}",2,2,2026-03-02 22:32:41.839157+00:00,2026-03-02 22:32:41.839157+00:00
1106,C_SJR145,San Joaquin River,,,flow,2,3,1,False,,False,,638bdd98-cc35-46af-be59-5ac1346f7605,"{1,3,4}",2,2,2026-03-02 22:32:41.839157+00:00,2026-03-02 22:32:41.839157+00:00
1107,C_SJR152,San Joaquin River,,1932,flow,2,3,1,False,,False,,fee2aa1c-faae-4d95-886f-4962f35e65ae,"{1,3,4}",2,2,2026-03-02 22:32:41.839157+00:00,2026-03-02 22:32:41.839157+00:00
1108,C_SJR157,San Joaquin River,,,flow,2,3,1,False,,False,,0d8cbbc4-b3c0-4e03-be55-9c1c7411b199,"{1,3,4}",2,2,2026-03-02 22:32:41.839157+00:00,2026-03-02 22:32:41.839157+00:00
1109,C_SJR166,San Joaquin River,,1933,flow,2,3,1,False,,False,,e07ea78d-29bc-4dcc-a852-c4b3237235dd,"{1,3,4}",2,2,2026-03-02 22:32:41.839157+00:00,2026-03-02 22:32:41.839157+00:00
1110,C_SJR173,San Joaquin River,,,flow,2,3,1,False,,False,,363af9c0-685e-4d0f-905c-a334677b3bc8,"{1,3,4}",2,2,2026-03-02 22:32:41.839157+00:00,2026-03-02 22:32:41.839157+00:00
1111,C_SJR179,San Joaquin River,,1934,flow,2,3,1,False,,False,,9b12ab0e-6472-4555-9473-7a0bc2f16d9f,"{1,3,4}",2,2,2026-03-02 22:32:41.839157+00:00,2026-03-02 22:32:41.839157+00:00
1112,C_SJR180,San Joaquin River,,2064,flow,2,3,1,False,,False,,ae1b084a-d836-409f-88b7-14385f03b994,"{1,3,4}",2,2,2026-03-02 22:32:41.839157+00:00,2026-03-02 22:32:41.839157+00:00
1113,C_SJR185,San Joaquin River,,1935,flow,2,3,1,False,,False,,ac1aa449-e570-4563-9ea9-3264c5c27e8e,"{1,3,4}",2,2,2026-03-02 22:32:41.839157+00:00,2026-03-02 22:32:41.839157+00:00
1114,C_SJR192,San Joaquin River,,,flow,2,3,1,False,,False,,adb97477-024b-4cba-9727-73f2ec9eaf29,"{1,3,4}",2,2,2026-03-02 22:32:41.839157+00:00,2026-03-02 22:32:41.839157+00:00
1115,C_SJR195,San Joaquin River,,1936,flow,2,3,1,False,,False,,812b4db4-ab03-4c5b-a4e1-edc281aaf8a1,"{1,3,4}",2,2,2026-03-02 22:32:41.839157+00:00,2026-03-02 22:32:41.839157+00:00
1116,C_SJR198,San Joaquin River,,,flow,2,3,1,False,,False,,b23c1c6c-0ad4-42c4-b049-26ed51101764,"{1,3,4}",2,2,2026-03-02 22:32:41.839157+00:00,2026-03-02 22:32:41.839157+00:00
1117,C_SJR200,San Joaquin River,,1937,flow,2,3,1,False,,False,,d6770fe1-a616-455b-b961-44425a664a13,"{1,3,4}",2,2,2026-03-02 22:32:41.839157+00:00,2026-03-02 22:32:41.839157+00:00
1118,C_SJR201,San Joaquin River,,,flow,2,3,1,False,,False,,811dcdb1-7a52-4e7e-b39c-36cbec0e10f6,"{1,3,4}",2,2,2026-03-02 22:32:41.839157+00:00,2026-03-02 22:32:41.839157+00:00
1119,C_SJR205,San Joaquin River,,1938,flow,2,3,1,False,,False,,c631d710-854f-498b-9daf-799718877547,"{1,3,4}",2,2,2026-03-02 22:32:41.839157+00:00,2026-03-02 22:32:41.839157+00:00
1120,C_SJR213,San Joaquin River,,,flow,2,3,1,False,,False,,1c6fe8f1-c8e3-4067-912b-ecd817bfc4dd,"{1,3,4}",2,2,2026-03-02 22:32:41.839157+00:00,2026-03-02 22:32:41.839157+00:00
1121,C_SJR214,San Joaquin River,,1939,flow,2,3,1,False,,False,,98be8da9-b672-4240-95bf-f9c0aa5f60ea,"{1,3,4}",2,2,2026-03-02 22:32:41.839157+00:00,2026-03-02 22:32:41.839157+00:00
1122,C_SJR221,San Joaquin River,,,flow,2,3,1,False,,False,,2dfbc67c-46a3-4b7e-b6ed-747dcad5ccc4,"{1,3,4}",2,2,2026-03-02 22:32:41.839157+00:00,2026-03-02 22:32:41.839157+00:00
1123,C_SJR225,San Joaquin River,,1940,flow,2,3,1,False,,False,,bbd5a81c-3248-4ce1-a53e-c910c704c184,"{1,3,4}",2,2,2026-03-02 22:32:41.839157+00:00,2026-03-02 22:32:41.839157+00:00
1124,C_SJR227,San Joaquin River,,,flow,2,3,1,False,,False,,f049f002-c984-4ebf-92a5-5015ccd50f1c,"{1,3,4}",2,2,2026-03-02 22:32:41.839157+00:00,2026-03-02 22:32:41.839157+00:00
1125,C_SJR235,San Joaquin River,,1941,flow,2,3,1,False,,False,,14c1ee11-eb7b-4c6f-a10d-345db759960b,"{1,3,4}",2,2,2026-03-02 22:32:41.839157+00:00,2026-03-02 22:32:41.839157+00:00
1126,C_SJR242,San Joaquin River,,,flow,2,3,1,False,,False,,e3ce42af-7169-4aad-97ee-5cc0b9657b6e,"{1,3,4}",2,2,2026-03-02 22:32:41.839157+00:00,2026-03-02 22:32:41.839157+00:00
1127,C_SJR249,San Joaquin River,,1942,flow,2,3,1,False,,False,,32148b2a-c4d7-4c46-8a41-2a2ec878561e,"{1,3,4}",2,2,2026-03-02 22:32:41.839157+00:00,2026-03-02 22:32:41.839157+00:00
1128,C_SJR256,San Joaquin River,,,flow,2,3,1,False,,False,,61c03bfb-6084-41ea-878e-060c2a4257f2,"{1,3,4}",2,2,2026-03-02 22:32:41.839157+00:00,2026-03-02 22:32:41.839157+00:00
1129,C_SJR258,San Joaquin River,,1943,flow,2,3,1,False,,False,,d8c57c9c-25f4-4a66-a841-0ff45e1f9994,"{1,3,4}",2,2,2026-03-02 22:32:41.839157+00:00,2026-03-02 22:32:41.839157+00:00
1130,C_SJR263,San Joaquin River,,,flow,2,3,1,False,,False,,8ab970f4-c618-4695-9bee-9e113c4645ee,"{1,3,4}",2,2,2026-03-02 22:32:41.839157+00:00,2026-03-02 22:32:41.839157+00:00
1131,C_SJR265,San Joaquin River,,1944,flow,2,3,1,False,,False,,46958881-a09e-42ad-a5c3-7ee2def6075f,"{1,3,4}",2,2,2026-03-02 22:32:41.839157+00:00,2026-03-02 22:32:41.839157+00:00
1132,C_SLC002,South Fork Long Canyon Creek,,,flow,2,3,1,False,,False,,6b163d07-06e9-44d8-b5fd-fd2dda862f27,"{1,3,4}",2,2,2026-03-02 22:32:41.839157+00:00,2026-03-02 22:32:41.839157+00:00
1133,C_SLC003,South Fork Long Canyon Creek,,1945,flow,2,3,1,False,,False,,c19a43f5-32f8-4f49-b1af-3e8cd394efe6,"{1,3,4}",2,2,2026-03-02 22:32:41.839157+00:00,2026-03-02 22:32:41.839157+00:00
1134,C_SLD002,,,,flow,2,3,1,False,,False,,af84a361-8882-4043-8c35-ab114b3c66c5,"{1,3,4}",2,2,2026-03-02 22:32:41.839157+00:00,2026-03-02 22:32:41.839157+00:00
1135,C_SLD027,San Luis Drain,,,flow,2,3,1,False,,False,,2ce35ad2-6f38-4bf5-8754-cc886aee93b4,"{1,3,4}",2,2,2026-03-02 22:32:41.839157+00:00,2026-03-02 22:32:41.839157+00:00
1136,C_SLF006,Silver Fork American River,,,flow,2,3,1,False,,False,,6b9506f9-2f8a-4dcb-a9d9-94c326268f1d,"{1,3,4}",2,2,2026-03-02 22:32:41.839157+00:00,2026-03-02 22:32:41.839157+00:00
1137,C_SLF009,Silver Fork American River,,1946,flow,2,3,1,False,,False,,1506491b-b4ef-4fc9-b9bb-f15581709306,"{1,3,4}",2,2,2026-03-02 22:32:41.839157+00:00,2026-03-02 22:32:41.839157+00:00
1138,C_SLF010,Silver Fork American River,,,flow,2,3,1,False,,False,,297034e9-f8f2-43f2-8e35-d8bd08044b98,"{1,3,4}",2,2,2026-03-02 22:32:41.839157+00:00,2026-03-02 22:32:41.839157+00:00
1139,C_SLF014,Silver Fork American River,,1947,flow,2,3,1,False,,False,,b3d8b666-e6b4-4dbb-9bd8-fa7a2f9da1ae,"{1,3,4}",2,2,2026-03-02 22:32:41.839157+00:00,2026-03-02 22:32:41.839157+00:00
1140,C_SLF015,Silver Fork American River,,,flow,2,3,1,False,,False,,9d1f7541-e224-4367-bd05-32cdfb8db3f1,"{1,3,4}",2,2,2026-03-02 22:32:41.839157+00:00,2026-03-02 22:32:41.839157+00:00
1141,C_SLO007,Salado Creek,,1948,flow,2,3,1,False,,False,,1e3edf95-0874-41d6-95d1-dc9a4887552e,"{1,3,4}",2,2,2026-03-02 22:32:41.839157+00:00,2026-03-02 22:32:41.839157+00:00
1142,C_SLT008,Slate Creek,,,flow,2,3,1,False,,False,,e6634066-4340-4926-94c0-c1e18c5646f6,"{1,3,4}",2,2,2026-03-02 22:32:41.839157+00:00,2026-03-02 22:32:41.839157+00:00
1143,C_SLT009,Slate Creek,,1949,flow,2,3,1,False,,False,,475402c1-3105-4dab-abe0-8b2f2ed1ba50,"{1,3,4}",2,2,2026-03-02 22:32:41.839157+00:00,2026-03-02 22:32:41.839157+00:00
1144,C_SLTSP,North Fork Mokelumne River,,,flow,2,3,1,False,,False,,c945c5bf-5d28-41f8-b7f3-1526d3961920,"{1,3,4}",2,2,2026-03-02 22:32:41.839157+00:00,2026-03-02 22:32:41.839157+00:00
1145,C_SLUIS,San Luis Canal,,1950,flow,2,3,1,False,,False,,dd93acb0-2207-4aad-8b8c-b15181c92d72,"{1,3,4}",2,2,2026-03-02 22:32:41.839157+00:00,2026-03-02 22:32:41.839157+00:00
1146,C_SLUIS_CVP,,,,flow,2,3,1,False,,False,,f402493f-6640-46b3-a9f0-2a4a27ac4846,"{1,3,4}",2,2,2026-03-02 22:32:41.839157+00:00,2026-03-02 22:32:41.839157+00:00
1147,C_SLUIS_SWP,,,,flow,2,3,1,False,,False,,49ab4b5d-58df-480f-9c6c-f299c3cd7d81,"{1,3,4}",2,2,2026-03-02 22:32:41.839157+00:00,2026-03-02 22:32:41.839157+00:00
1148,C_SLV001,,,,flow,2,3,1,False,,False,,f0a7660a-c54c-4875-aac9-834aaaed0c6e,"{1,3,4}",2,2,2026-03-02 22:32:41.839157+00:00,2026-03-02 22:32:41.839157+00:00
1149,C_SLV005,Silver Creek,,,flow,2,3,1,False,,False,,7278fa8e-7e2c-4a0f-b0b0-25c8d5def638,"{1,3,4}",2,2,2026-03-02 22:32:41.839157+00:00,2026-03-02 22:32:41.839157+00:00
1150,C_SLV006,Silver Creek,,1951,flow,2,3,1,False,,False,,485bd322-ba2e-4c9e-ad6d-4759e5417010,"{1,3,4}",2,2,2026-03-02 22:32:41.839157+00:00,2026-03-02 22:32:41.839157+00:00
1151,C_SLV007,Silver Creek,,,flow,2,3,1,False,,False,,74c350a5-69b7-4516-b2b4-8373e8105146,"{1,3,4}",2,2,2026-03-02 22:32:41.839157+00:00,2026-03-02 22:32:41.839157+00:00
1152,C_SLV014,Silver Creek,,1952,flow,2,3,1,False,,False,,c565c36d-95f6-4196-b31a-7b61e77adffd,"{1,3,4}",2,2,2026-03-02 22:32:41.839157+00:00,2026-03-02 22:32:41.839157+00:00
1153,C_SLV015,Silver Creek,,,flow,2,3,1,False,,False,,442e35f5-8eba-4454-ae89-12572387fafe,"{1,3,4}",2,2,2026-03-02 22:32:41.839157+00:00,2026-03-02 22:32:41.839157+00:00
1154,C_SLV016,Silver Creek,,1953,flow,2,3,1,False,,False,,eefc451b-c55b-4597-a14c-3be986f41cc2,"{1,3,4}",2,2,2026-03-02 22:32:41.839157+00:00,2026-03-02 22:32:41.839157+00:00
1155,C_SLV017,Silver Creek,,,flow,2,3,1,False,,False,,b1c9a4be-c61c-4d59-bf03-f853bee41e5a,"{1,3,4}",2,2,2026-03-02 22:32:41.839157+00:00,2026-03-02 22:32:41.839157+00:00
1156,C_SLYCK,Lost Creek,,1954,flow,2,3,1,False,,False,,3ee1a34c-d91f-4810-9d1e-0540f023e340,"{1,3,4}",2,2,2026-03-02 22:32:41.839157+00:00,2026-03-02 22:32:41.839157+00:00
1157,C_SPH000,,,,flow,2,3,1,False,,False,,c8808195-6a13-422f-b18e-256f57e42fa5,"{1,3,4}",2,2,2026-03-02 22:32:41.839157+00:00,2026-03-02 22:32:41.839157+00:00
1158,C_SPH012,,,,flow,2,3,1,False,,False,,6597119c-27dd-445f-b72d-7d6ae992792b,"{1,3,4}",2,2,2026-03-02 22:32:41.839157+00:00,2026-03-02 22:32:41.839157+00:00
1159,C_SPICE,Highland Creek,,,flow,2,3,1,False,,False,,1d7fc0d9-c9eb-4f14-a68e-40cf43c289df,"{1,3,4}",2,2,2026-03-02 22:32:41.839157+00:00,2026-03-02 22:32:41.839157+00:00
1160,C_SPLDG,South Yuba River,,1955,flow,2,3,1,False,,False,,d7cc9c80-d4c1-4320-8064-9c7af9ad6090,"{1,3,4}",2,2,2026-03-02 22:32:41.839157+00:00,2026-03-02 22:32:41.839157+00:00
1161,C_SPLDG_PGE,,,,flow,2,3,1,False,,False,,e59b232e-1251-4248-a5ad-44f7a7472318,"{1,3,4}",2,2,2026-03-02 22:32:41.839157+00:00,2026-03-02 22:32:41.839157+00:00
1162,C_SPT003,Spring Creek Power Conduit,,,flow,2,3,1,False,,False,,1ac10d48-ddb3-4fc6-bb5f-8a6ea5037a10,"{1,3,4}",2,2,2026-03-02 22:32:41.839157+00:00,2026-03-02 22:32:41.839157+00:00
1163,C_SSJ001,South San Joaquin Main Canal,,1956,flow,2,3,1,False,,False,,e1840763-5a10-430b-b50e-fe8ef4b10128,"{1,3,4}",2,2,2026-03-02 22:32:41.839157+00:00,2026-03-02 22:32:41.839157+00:00
1164,C_SSJ004,South San Joaquin Main Canal,,,flow,2,3,1,False,,False,,c535509d-2adf-40f1-8953-1a97dfb406b6,"{1,3,4}",2,2,2026-03-02 22:32:41.839157+00:00,2026-03-02 22:32:41.839157+00:00
1165,C_SSL001,Sutter Bypass,,2065,flow,2,3,1,False,,False,,f7b027bb-5b2b-48a5-8490-9a10f84919ea,"{1,3,4}",2,2,2026-03-02 22:32:41.839157+00:00,2026-03-02 22:32:41.839157+00:00
1166,C_SSR019,South Fork Stanislaus River,,,flow,2,3,1,False,,False,,8178256a-acbc-4c61-abcb-987fdeca731e,"{1,3,4}",2,2,2026-03-02 22:32:41.839157+00:00,2026-03-02 22:32:41.839157+00:00
1167,C_SSV013,,,1957,flow,2,3,1,False,,False,,b15f4d98-ae2b-44a7-9cb3-ed7ecf0dffcc,"{1,3,4}",2,2,2026-03-02 22:32:41.839157+00:00,2026-03-02 22:32:41.839157+00:00
1168,C_STC008,Stanislaus Consolidated,,1958,flow,2,3,1,False,,False,,56424ea6-7042-4727-bb98-ca3ea6b8b2a7,"{1,3,4}",2,2,2026-03-02 22:32:41.839157+00:00,2026-03-02 22:32:41.839157+00:00
1169,C_STC010,Stanislaus Consolidated,,1959,flow,2,3,1,False,,False,,fe81d804-5d10-4568-b803-4dac081bf37a,"{1,3,4}",2,2,2026-03-02 22:32:41.839157+00:00,2026-03-02 22:32:41.839157+00:00
1170,C_STD000,South Fork Long Canyon Diverison Tunnel,,,flow,2,3,1,False,,False,,45baaf0f-ff33-4652-b453-ea0d79ddd6cf,"{1,3,4}",2,2,2026-03-02 22:32:41.839157+00:00,2026-03-02 22:32:41.839157+00:00
1171,C_STH000,South Canal,,1960,flow,2,3,1,False,,False,,5635b2e4-1b5f-43d9-9b83-1650bfc72472,"{1,3,4}",2,2,2026-03-02 22:32:41.839157+00:00,2026-03-02 22:32:41.839157+00:00
1172,C_STH000_PGE,,,,flow,2,3,1,False,,False,,24bd7c13-233b-43d0-a786-abe24cec225f,"{1,3,4}",2,2,2026-03-02 22:32:41.839157+00:00,2026-03-02 22:32:41.839157+00:00
1173,C_STH001,South Canal,,,flow,2,3,1,False,,False,,383e352c-d8d7-4f21-802e-f1275fdc5cbb,"{1,3,4}",2,2,2026-03-02 22:32:41.839157+00:00,2026-03-02 22:32:41.839157+00:00
1174,C_STH001_PCWA,,,1961,flow,2,3,1,False,,False,,e9e4d088-692b-4098-9980-ec8254a8d7c0,"{1,3,4}",2,2,2026-03-02 22:32:41.839157+00:00,2026-03-02 22:32:41.839157+00:00
1175,C_STH001_PGE,,,1962,flow,2,3,1,False,,False,,cc04b8ab-7efe-4fe1-953f-8a69b5a67437,"{1,3,4}",2,2,2026-03-02 22:32:41.839157+00:00,2026-03-02 22:32:41.839157+00:00
1176,C_STH002,South Canal,,1963,flow,2,3,1,False,,False,,dcd22462-15df-4f62-8a49-6970adda9d77,"{1,3,4}",2,2,2026-03-02 22:32:41.839157+00:00,2026-03-02 22:32:41.839157+00:00
1177,C_STH002_PCWA,,,1964,flow,2,3,1,False,,False,,4709cdb2-edce-4aa6-b818-74f8b7d9288d,"{1,3,4}",2,2,2026-03-02 22:32:41.839157+00:00,2026-03-02 22:32:41.839157+00:00
1178,C_STH002_PGE,,,1965,flow,2,3,1,False,,False,,fe94de3a-6606-4c29-aa1b-e05558e56709,"{1,3,4}",2,2,2026-03-02 22:32:41.839157+00:00,2026-03-02 22:32:41.839157+00:00
1179,C_STH003,South Canal,,1966,flow,2,3,1,False,,False,,a89aa03c-04fb-4055-ae76-442b9381d5d8,"{1,3,4}",2,2,2026-03-02 22:32:41.839157+00:00,2026-03-02 22:32:41.839157+00:00
1180,C_STH003_PCWA,,,1967,flow,2,3,1,False,,False,,17a59160-5de1-4388-8374-90aa322be572,"{1,3,4}",2,2,2026-03-02 22:32:41.839157+00:00,2026-03-02 22:32:41.839157+00:00
1181,C_STH003_PGE,,,1968,flow,2,3,1,False,,False,,8bcd283f-b1bf-432a-9750-5485637b6774,"{1,3,4}",2,2,2026-03-02 22:32:41.839157+00:00,2026-03-02 22:32:41.839157+00:00
1182,C_STH004,South Canal,,1969,flow,2,3,1,False,,False,,4e4e71a2-9b47-44db-99cc-51a6d0572a24,"{1,3,4}",2,2,2026-03-02 22:32:41.839157+00:00,2026-03-02 22:32:41.839157+00:00
1183,C_STH004_PCWA,,,,flow,2,3,1,False,,False,,895dbc60-a5c7-4b9a-a7c0-6780558d23ca,"{1,3,4}",2,2,2026-03-02 22:32:41.839157+00:00,2026-03-02 22:32:41.839157+00:00
1184,C_STH004_PGE,,,,flow,2,3,1,False,,False,,5ec7577a-c896-4e5a-9624-54c671eee3e7,"{1,3,4}",2,2,2026-03-02 22:32:41.839157+00:00,2026-03-02 22:32:41.839157+00:00
1185,C_STH005,South Canal,,,flow,2,3,1,False,,False,,32fc7db9-9a5d-4994-b8f7-56ac092bdace,"{1,3,4}",2,2,2026-03-02 22:32:41.839157+00:00,2026-03-02 22:32:41.839157+00:00
1186,C_STH005_PCWA,,,1970,flow,2,3,1,False,,False,,1833bf50-fd54-4303-84c5-0ced2b21c26a,"{1,3,4}",2,2,2026-03-02 22:32:41.839157+00:00,2026-03-02 22:32:41.839157+00:00
1187,C_STH005_PGE,,,1971,flow,2,3,1,False,,False,,bf6386ec-9394-47eb-9235-294424ede34e,"{1,3,4}",2,2,2026-03-02 22:32:41.839157+00:00,2026-03-02 22:32:41.839157+00:00
1188,C_STH007,South Canal,,1972,flow,2,3,1,False,,False,,30ae6c37-f0bd-464a-b608-b5256ea5dfd2,"{1,3,4}",2,2,2026-03-02 22:32:41.839157+00:00,2026-03-02 22:32:41.839157+00:00
1189,C_STMPY,Pilot Creek,,,flow,2,3,1,False,,False,,d9beb462-6739-47bc-8698-4be48b20baf3,"{1,3,4}",2,2,2026-03-02 22:32:41.839157+00:00,2026-03-02 22:32:41.839157+00:00
1190,C_STN004,Stony Creek,,1973,flow,2,3,1,False,,False,,5a11b348-ce71-4737-97cb-e6c21e59cc3e,"{1,3,4}",2,2,2026-03-02 22:32:41.839157+00:00,2026-03-02 22:32:41.839157+00:00
1191,C_STN009,Stony Creek,,,flow,2,3,1,False,,False,,f4699996-a210-4641-9a6a-58c8fc4c8a66,"{1,3,4}",2,2,2026-03-02 22:32:41.839157+00:00,2026-03-02 22:32:41.839157+00:00
1192,C_STN014,Stony Creek,,1974,flow,2,3,1,False,,False,,03ca3654-2728-46e8-9be0-0d17148ac73b,"{1,3,4}",2,2,2026-03-02 22:32:41.839157+00:00,2026-03-02 22:32:41.839157+00:00
1193,C_STN021,Stony Creek,,,flow,2,3,1,False,,False,,dc4f0b09-d719-4ee6-ac0a-4cbbfe055326,"{1,3,4}",2,2,2026-03-02 22:32:41.839157+00:00,2026-03-02 22:32:41.839157+00:00
1194,C_STN026,Stony Creek,,1975,flow,2,3,1,False,,False,,06dc6181-7c50-48af-b27b-0a430ffd9039,"{1,3,4}",2,2,2026-03-02 22:32:41.839157+00:00,2026-03-02 22:32:41.839157+00:00
1195,C_STS004,Stanislaus River,,2066,flow,2,3,1,False,,False,,f41656a1-7947-4d33-8e4e-bca2830cf0ca,"{1,3,4}",2,2,2026-03-02 22:32:41.839157+00:00,2026-03-02 22:32:41.839157+00:00
1196,C_STS011,Stanislaus River,,2067,flow,2,3,1,False,,False,,a1de08e9-4217-41a5-9220-6b808e39037e,"{1,3,4}",2,2,2026-03-02 22:32:41.839157+00:00,2026-03-02 22:32:41.839157+00:00
1197,C_STS017,Stanislaus River,,1976,flow,2,3,1,False,,False,,758bd0c6-7224-4ba5-ba4b-e492575dc1de,"{1,3,4}",2,2,2026-03-02 22:32:41.839157+00:00,2026-03-02 22:32:41.839157+00:00
1198,C_STS020,Stanislaus River,,,flow,2,3,1,False,,False,,536782da-14c1-4267-846c-65c7defbf0e0,"{1,3,4}",2,2,2026-03-02 22:32:41.839157+00:00,2026-03-02 22:32:41.839157+00:00
1199,C_STS030,Stanislaus River,,1977,flow,2,3,1,False,,False,,bbcf84a1-281c-494e-bbfe-72fd68fb1f73,"{1,3,4}",2,2,2026-03-02 22:32:41.839157+00:00,2026-03-02 22:32:41.839157+00:00
1200,C_STS036,Stanislaus River,,,flow,2,3,1,False,,False,,bbc70a9e-8545-4314-a5b6-750473f635df,"{1,3,4}",2,2,2026-03-02 22:32:41.839157+00:00,2026-03-02 22:32:41.839157+00:00
1201,C_STS043,Stanislaus River,,1978,flow,2,3,1,False,,False,,3815fec8-1906-4250-957e-7bf28051d11c,"{1,3,4}",2,2,2026-03-02 22:32:41.839157+00:00,2026-03-02 22:32:41.839157+00:00
1202,C_STS048,Stanislaus River,,,flow,2,3,1,False,,False,,76a54034-25eb-4e31-8495-e5a19e768c63,"{1,3,4}",2,2,2026-03-02 22:32:41.839157+00:00,2026-03-02 22:32:41.839157+00:00
1203,C_STS050,Stanislaus River,,1979,flow,2,3,1,False,,False,,f57123dd-1eaa-4835-a9bb-694243185073,"{1,3,4}",2,2,2026-03-02 22:32:41.839157+00:00,2026-03-02 22:32:41.839157+00:00
1204,C_STS053,Stanislaus River,,,flow,2,3,1,False,,False,,174bbe8f-6a92-43b9-9aa5-e1f6aedbe48e,"{1,3,4}",2,2,2026-03-02 22:32:41.839157+00:00,2026-03-02 22:32:41.839157+00:00
1205,C_STS058,Stanislaus River,,1980,flow,2,3,1,False,,False,,db6205d8-1a43-4cd5-a2d7-70e70f603fa1,"{1,3,4}",2,2,2026-03-02 22:32:41.839157+00:00,2026-03-02 22:32:41.839157+00:00
1206,C_STS059,Stanislaus River,,2068,flow,2,3,1,False,,False,,19e90997-3970-4417-83f9-a6eeee472621,"{1,3,4}",2,2,2026-03-02 22:32:41.839157+00:00,2026-03-02 22:32:41.839157+00:00
1207,C_STS060,Stanislaus River,,1981,flow,2,3,1,False,,False,,9c43244d-313d-4e6d-aaed-1f4b155d6553,"{1,3,4}",2,2,2026-03-02 22:32:41.839157+00:00,2026-03-02 22:32:41.839157+00:00
1208,C_STS069,Stanislaus River,,,flow,2,3,1,False,,False,,03e66243-85aa-4c72-ad1c-d8318632a490,"{1,3,4}",2,2,2026-03-02 22:32:41.839157+00:00,2026-03-02 22:32:41.839157+00:00
1209,C_STS072,Stanislaus River,,,flow,2,3,1,False,,False,,3ee31f1d-9663-4671-8607-7ed016e97f6e,"{1,3,4}",2,2,2026-03-02 22:32:41.839157+00:00,2026-03-02 22:32:41.839157+00:00
1210,C_STS085,Stanislaus River,,1982,flow,2,3,1,False,,False,,1c87c1ea-c323-4175-ac2b-024aad838b5b,"{1,3,4}",2,2,2026-03-02 22:32:41.839157+00:00,2026-03-02 22:32:41.839157+00:00
1211,C_STS090,Stanislaus River,,,flow,2,3,1,False,,False,,1e132068-b15d-41aa-86bd-e5c888ecba48,"{1,3,4}",2,2,2026-03-02 22:32:41.839157+00:00,2026-03-02 22:32:41.839157+00:00
1212,C_STS091,Stanislaus River,,1983,flow,2,3,1,False,,False,,a319499f-6ab1-42e8-a668-26da77b3b626,"{1,3,4}",2,2,2026-03-02 22:32:41.839157+00:00,2026-03-02 22:32:41.839157+00:00
1213,C_STS093,Stanislaus River,,,flow,2,3,1,False,,False,,4bfcad0d-f097-422d-bddd-5b227b15ed7c,"{1,3,4}",2,2,2026-03-02 22:32:41.839157+00:00,2026-03-02 22:32:41.839157+00:00
1214,C_SVRWD,,,1984,flow,2,3,1,False,,False,,8442699f-5ff1-4728-b335-534de7317b16,"{1,3,4}",2,2,2026-03-02 22:32:41.839157+00:00,2026-03-02 22:32:41.839157+00:00
1215,C_SYC000,South Yuba Canal,,1985,flow,2,3,1,False,,False,,66e1f03c-c642-4ab5-94be-7b1fce04f5d5,"{1,3,4}",2,2,2026-03-02 22:32:41.839157+00:00,2026-03-02 22:32:41.839157+00:00
1216,C_SYC000_PGE,,,,flow,2,3,1,False,,False,,8e8ee1b9-81f9-41be-acbd-6d29140463d9,"{1,3,4}",2,2,2026-03-02 22:32:41.839157+00:00,2026-03-02 22:32:41.839157+00:00
1217,C_SYC001,South Yuba Canal,,,flow,2,3,1,False,,False,,ba8be525-12e7-426e-a06c-f2bbff003654,"{1,3,4}",2,2,2026-03-02 22:32:41.839157+00:00,2026-03-02 22:32:41.839157+00:00
1218,C_SYC001_PGE,,,1986,flow,2,3,1,False,,False,,925bdad5-7c4c-4109-b59f-a41911c09dd1,"{1,3,4}",2,2,2026-03-02 22:32:41.839157+00:00,2026-03-02 22:32:41.839157+00:00
1219,C_SYC002,South Yuba Canal,,1987,flow,2,3,1,False,,False,,4691b34c-420d-49d5-9c54-4a629dd11724,"{1,3,4}",2,2,2026-03-02 22:32:41.839157+00:00,2026-03-02 22:32:41.839157+00:00
1220,C_SYC002_PGE,,,,flow,2,3,1,False,,False,,cf840c78-2e79-44d1-95ae-84dbcd035616,"{1,3,4}",2,2,2026-03-02 22:32:41.839157+00:00,2026-03-02 22:32:41.839157+00:00
1221,C_SYC003,South Yuba Canal,,,flow,2,3,1,False,,False,,f5bf839d-c35b-4675-a68a-fd95431bb684,"{1,3,4}",2,2,2026-03-02 22:32:41.839157+00:00,2026-03-02 22:32:41.839157+00:00
1222,C_SYC003_PGE,,,1988,flow,2,3,1,False,,False,,7c5f8637-6f4b-4588-91c3-ed938ae63a39,"{1,3,4}",2,2,2026-03-02 22:32:41.839157+00:00,2026-03-02 22:32:41.839157+00:00
1223,C_SYC020,South Fork Deer Creek,,1989,flow,2,3,1,False,,False,,e9cd57fa-ff7a-4322-bcaa-fb9790f2d43c,"{1,3,4}",2,2,2026-03-02 22:32:41.839157+00:00,2026-03-02 22:32:41.839157+00:00
1224,C_SYC020_PGE,,,,flow,2,3,1,False,,False,,fac78178-e66e-4b71-81ad-a6d3b0380cc0,"{1,3,4}",2,2,2026-03-02 22:32:41.839157+00:00,2026-03-02 22:32:41.839157+00:00
1225,C_TAB000,Thermalito Afterbay Outlet,,,flow,2,3,1,False,,False,,c6d1c30a-59a6-4a89-9851-c288e3ab0ed1,"{1,3,4}",2,2,2026-03-02 22:32:41.839157+00:00,2026-03-02 22:32:41.839157+00:00
1226,C_TCC001,Tehama Colusa Canal,,1990,flow,2,3,1,False,,False,,49239080-0d42-42b0-a8e9-13c026035e57,"{1,3,4}",2,2,2026-03-02 22:32:41.839157+00:00,2026-03-02 22:32:41.839157+00:00
1227,C_TCC022,Tehama Colusa Canal,,,flow,2,3,1,False,,False,,2d7f1b3f-7c8e-4be8-872e-e199e6a6048d,"{1,3,4}",2,2,2026-03-02 22:32:41.839157+00:00,2026-03-02 22:32:41.839157+00:00
1228,C_TCC031,Tehama Colusa Canal,,1991,flow,2,3,1,False,,False,,112c0bd3-9757-42c9-8bec-7014c99bed7a,"{1,3,4}",2,2,2026-03-02 22:32:41.839157+00:00,2026-03-02 22:32:41.839157+00:00
1229,C_TCC036,Tehama Colusa Canal,,,flow,2,3,1,False,,False,,be6715f0-6772-4ca1-9e43-344df4c80068,"{1,3,4}",2,2,2026-03-02 22:32:41.839157+00:00,2026-03-02 22:32:41.839157+00:00
1230,C_TCC062,Tehama Colusa Canal,,1992,flow,2,3,1,False,,False,,a38808a1-922e-496a-8678-10f1ebfdcf5f,"{1,3,4}",2,2,2026-03-02 22:32:41.839157+00:00,2026-03-02 22:32:41.839157+00:00
1231,C_TCC066,Tehama Colusa Canal,,,flow,2,3,1,False,,False,,cc742e9c-b2bf-4eb8-8f71-91671452f791,"{1,3,4}",2,2,2026-03-02 22:32:41.839157+00:00,2026-03-02 22:32:41.839157+00:00
1232,C_TCC081,Tehama Colusa Canal,,1993,flow,2,3,1,False,,False,,5c7394d3-870a-4c7d-bb11-d37115006058,"{1,3,4}",2,2,2026-03-02 22:32:41.839157+00:00,2026-03-02 22:32:41.839157+00:00
1233,C_TCC085,Tehama Colusa Canal,,,flow,2,3,1,False,,False,,b4102c5b-1327-400b-8eec-6fe0c052baf8,"{1,3,4}",2,2,2026-03-02 22:32:41.839157+00:00,2026-03-02 22:32:41.839157+00:00
1234,C_TFR000,,,1994,flow,2,3,1,False,,False,,4294b28f-eb1b-42f0-81a5-0b761aaa40c2,"{1,3,4}",2,2,2026-03-02 22:32:41.839157+00:00,2026-03-02 22:32:41.839157+00:00
1235,C_TGC002,,,1995,flow,2,3,1,False,,False,,8dd8fa31-1426-4d8d-bf2e-c074f635badd,"{1,3,4}",2,2,2026-03-02 22:32:41.839157+00:00,2026-03-02 22:32:41.839157+00:00
1236,C_TGC003,,,,flow,2,3,1,False,,False,,45df3659-28f7-4465-9403-86dc82f81d5d,"{1,3,4}",2,2,2026-03-02 22:32:41.839157+00:00,2026-03-02 22:32:41.839157+00:00
1237,C_TGR000,Tiger Creek Regulatory Canal (MokAque),,1996,flow,2,3,1,False,,False,,c623ea16-ef65-4fb5-a548-6d6106b80063,"{1,3,4}",2,2,2026-03-02 22:32:41.839157+00:00,2026-03-02 22:32:41.839157+00:00
1238,C_TGR001,Tiger Creek Regulatory Canal (MokAque),,,flow,2,3,1,False,,False,,d177a175-20ac-4c43-b35a-b979984e267f,"{1,3,4}",2,2,2026-03-02 22:32:41.839157+00:00,2026-03-02 22:32:41.839157+00:00
1239,C_TGR002,Tiger Creek Regulatory Canal (MokAque),,1997,flow,2,3,1,False,,False,,17b81bc7-f57d-4e9f-86a1-029acef9e8ac,"{1,3,4}",2,2,2026-03-02 22:32:41.839157+00:00,2026-03-02 22:32:41.839157+00:00
1240,C_TGR006,Tiger Creek Regulatory Canal (MokAque),,,flow,2,3,1,False,,False,,343d002f-666a-4876-a2bc-d107da9c621e,"{1,3,4}",2,2,2026-03-02 22:32:41.839157+00:00,2026-03-02 22:32:41.839157+00:00
1241,C_TGR021,Tiger Creek Powerhouse Tailrace,,1998,flow,2,3,1,False,,False,,ed75a38e-16f0-4cf3-9012-b944a2784016,"{1,3,4}",2,2,2026-03-02 22:32:41.839157+00:00,2026-03-02 22:32:41.839157+00:00
1242,C_THM005,Thomes Creek,,,flow,2,3,1,False,,False,,3c3f7b5b-c9fe-4e56-87eb-86fd79a01058,"{1,3,4}",2,2,2026-03-02 22:32:41.839157+00:00,2026-03-02 22:32:41.839157+00:00
1243,C_THM012,Thomes Creek,,1999,flow,2,3,1,False,,False,,5ee92cbd-af7d-4c18-834f-3238997db9f0,"{1,3,4}",2,2,2026-03-02 22:32:41.839157+00:00,2026-03-02 22:32:41.839157+00:00
1244,C_THM017,Thomes Creek,,,flow,2,3,1,False,,False,,c2b42150-ef15-4e8b-9853-b7642a6416f6,"{1,3,4}",2,2,2026-03-02 22:32:41.839157+00:00,2026-03-02 22:32:41.839157+00:00
1245,C_THM021,Thomes Creek,,2000,flow,2,3,1,False,,False,,5cd9d319-9291-4bd8-9efd-dbdc8699b207,"{1,3,4}",2,2,2026-03-02 22:32:41.839157+00:00,2026-03-02 22:32:41.839157+00:00
1246,C_THM026,Thomes Creek,,,flow,2,3,1,False,,False,,d8cf7cda-9f1a-4c18-ba81-3ff30dd8bea8,"{1,3,4}",2,2,2026-03-02 22:32:41.839157+00:00,2026-03-02 22:32:41.839157+00:00
1247,C_THM028,Thomes Creek,,2001,flow,2,3,1,False,,False,,5c715951-3fcb-4635-901f-3e108a7e080b,"{1,3,4}",2,2,2026-03-02 22:32:41.839157+00:00,2026-03-02 22:32:41.839157+00:00
1248,C_THRMA,Conceptual Thermalito Afterbay,,,flow,2,3,1,False,,False,,389f8a3a-8cf9-4b4d-abc2-544f85de7c26,"{1,3,4}",2,2,2026-03-02 22:32:41.839157+00:00,2026-03-02 22:32:41.839157+00:00
1249,C_THRMF,Power Canal,,2002,flow,2,3,1,False,,False,,de744d40-8095-4ee3-ab8a-b1c3b7d75e01,"{1,3,4}",2,2,2026-03-02 22:32:41.839157+00:00,2026-03-02 22:32:41.839157+00:00
1250,C_TRN111,Trinity River,,2069,flow,2,3,1,False,,False,,bbc81b19-c9c2-4e79-9ca4-17ea6cccbc50,"{1,3,4}",2,2,2026-03-02 22:32:41.839157+00:00,2026-03-02 22:32:41.839157+00:00
1251,C_TRNSF,Los Vaqueros Pipeline,,2003,flow,2,3,1,False,,False,,ec04238d-f64a-4611-abf7-f64beec0200e,"{1,3,4}",2,2,2026-03-02 22:32:41.839157+00:00,2026-03-02 22:32:41.839157+00:00
1252,C_TRNTY,Trinity River,,2070,flow,2,3,1,False,,False,,85e18c08-ee9c-48ae-b9a2-7f9c7810c3bc,"{1,3,4}",2,2,2026-03-02 22:32:41.839157+00:00,2026-03-02 22:32:41.839157+00:00
1253,C_TTC000,Toadtown Canal,,2004,flow,2,3,1,False,,False,,585d1883-ad7e-42b4-9c28-972987bedb56,"{1,3,4}",2,2,2026-03-02 22:32:41.839157+00:00,2026-03-02 22:32:41.839157+00:00
1254,C_TTC002,Toadtown Canal,,,flow,2,3,1,False,,False,,25353803-2505-4417-ab2b-aae8fc81aa51,"{1,3,4}",2,2,2026-03-02 22:32:41.839157+00:00,2026-03-02 22:32:41.839157+00:00
1255,C_TULOC,Stanislaus River,,2005,flow,2,3,1,False,,False,,7b276037-6647-4af4-814f-19803b49d5de,"{1,3,4}",2,2,2026-03-02 22:32:41.839157+00:00,2026-03-02 22:32:41.839157+00:00
1256,C_TUO003,Tuolumne River,,2071,flow,2,3,1,False,,False,,0351d4b7-a31e-48dc-bbfe-c2a47997ef69,"{1,3,4}",2,2,2026-03-02 22:32:41.839157+00:00,2026-03-02 22:32:41.839157+00:00
1257,C_TUO004,Tuolumne River,,2006,flow,2,3,1,False,,False,,cc52fa77-3e8e-4d02-8a1e-d0908f4fce30,"{1,3,4}",2,2,2026-03-02 22:32:41.839157+00:00,2026-03-02 22:32:41.839157+00:00
1258,C_TUO010,Tuolumne River,,,flow,2,3,1,False,,False,,4bfaea43-01a8-4a3c-a110-579104660661,"{1,3,4}",2,2,2026-03-02 22:32:41.839157+00:00,2026-03-02 22:32:41.839157+00:00
1259,C_TUO015,Tuolumne River,,2007,flow,2,3,1,False,,False,,de381517-3c0f-45f1-9960-3dd6ee129999,"{1,3,4}",2,2,2026-03-02 22:32:41.839157+00:00,2026-03-02 22:32:41.839157+00:00
1260,C_TUO017,Tuolumne River,,,flow,2,3,1,False,,False,,ebed962b-fdfa-4a65-8555-3b75409d28c1,"{1,3,4}",2,2,2026-03-02 22:32:41.839157+00:00,2026-03-02 22:32:41.839157+00:00
1261,C_TUO022,Tuolumne River,,2008,flow,2,3,1,False,,False,,a20af63d-c77f-450d-a81d-621bdda21f08,"{1,3,4}",2,2,2026-03-02 22:32:41.839157+00:00,2026-03-02 22:32:41.839157+00:00
1262,C_TUO030,Tuolumne River,,,flow,2,3,1,False,,False,,6bfb5698-2fe3-498d-94a7-de8a46ab5f78,"{1,3,4}",2,2,2026-03-02 22:32:41.839157+00:00,2026-03-02 22:32:41.839157+00:00
1263,C_TUO036,Tuolumne River,,2009,flow,2,3,1,False,,False,,aa352846-e21e-4445-9196-59fa6e8a56c5,"{1,3,4}",2,2,2026-03-02 22:32:41.839157+00:00,2026-03-02 22:32:41.839157+00:00
1264,C_TUO043,Tuolumne River,,,flow,2,3,1,False,,False,,62e4bd84-ad7b-4bf3-9ded-d2407c7f403a,"{1,3,4}",2,2,2026-03-02 22:32:41.839157+00:00,2026-03-02 22:32:41.839157+00:00
1265,C_TUO047,Tuolumne River,,2010,flow,2,3,1,False,,False,,b4a5117a-c8e3-43d9-a508-5aeba7b08845,"{1,3,4}",2,2,2026-03-02 22:32:41.839157+00:00,2026-03-02 22:32:41.839157+00:00
1266,C_TUO053,Tuolumne River,,,flow,2,3,1,False,,False,,b2dd51d0-dfb0-4f81-8cab-03a2da4137c4,"{1,3,4}",2,2,2026-03-02 22:32:41.839157+00:00,2026-03-02 22:32:41.839157+00:00
1267,C_TUO054,Tuolumne River,,2011,flow,2,3,1,False,,False,,7ae629e6-075d-4d94-b894-45a419506361,"{1,3,4}",2,2,2026-03-02 22:32:41.839157+00:00,2026-03-02 22:32:41.839157+00:00
1268,C_TUO073,Tuolumne River,,,flow,2,3,1,False,,False,,8318059e-281a-4395-9c1c-6b272c89e06f,"{1,3,4}",2,2,2026-03-02 22:32:41.839157+00:00,2026-03-02 22:32:41.839157+00:00
1269,C_TUO081,Tuolumne River,,2012,flow,2,3,1,False,,False,,37e8e15c-03f9-4b27-8ca2-aeefb695946d,"{1,3,4}",2,2,2026-03-02 22:32:41.839157+00:00,2026-03-02 22:32:41.839157+00:00
1270,C_TUO091,Tuolumne River,,,flow,2,3,1,False,,False,,8bf172a4-a880-46bd-ac2d-0abb9dc81bff,"{1,3,4}",2,2,2026-03-02 22:32:41.839157+00:00,2026-03-02 22:32:41.839157+00:00
1271,C_TUO096,Tuolumne River,,2013,flow,2,3,1,False,,False,,27739ed3-05ab-4f4c-bd3c-cbf4a7ec3b00,"{1,3,4}",2,2,2026-03-02 22:32:41.839157+00:00,2026-03-02 22:32:41.839157+00:00
1272,C_TUO097,Tuolumne River,,,flow,2,3,1,False,,False,,a750e120-6f34-4d8a-b236-7dd534744f41,"{1,3,4}",2,2,2026-03-02 22:32:41.839157+00:00,2026-03-02 22:32:41.839157+00:00
1273,C_TUO102,Tuolumne River,,2014,flow,2,3,1,False,,False,,651cad6a-f64c-43d8-a0d5-fdf9e4917f48,"{1,3,4}",2,2,2026-03-02 22:32:41.839157+00:00,2026-03-02 22:32:41.839157+00:00
1274,C_TUO103,Tuolumne River,,,flow,2,3,1,False,,False,,10f1149c-ccc2-4ab0-9898-14067ff782d3,"{1,3,4}",2,2,2026-03-02 22:32:41.839157+00:00,2026-03-02 22:32:41.839157+00:00
1275,C_TUO104,Tuolumne River,,2015,flow,2,3,1,False,,False,,ef2b7910-6bb4-4776-baf1-d33e9576fd9e,"{1,3,4}",2,2,2026-03-02 22:32:41.839157+00:00,2026-03-02 22:32:41.839157+00:00
1276,C_TUO105,Tuolumne River,,,flow,2,3,1,False,,False,,95f044c2-220b-4d51-a2d4-4a79f03b9fee,"{1,3,4}",2,2,2026-03-02 22:32:41.839157+00:00,2026-03-02 22:32:41.839157+00:00
1277,C_TUO106,Tuolumne River,,2016,flow,2,3,1,False,,False,,d8f86365-0fca-482b-afa6-6bba3a0c0ddb,"{1,3,4}",2,2,2026-03-02 22:32:41.839157+00:00,2026-03-02 22:32:41.839157+00:00
1278,C_TUO116,Tuolumne River,,,flow,2,3,1,False,,False,,f32262e9-b6c3-4156-a616-f6cc5e6ece7a,"{1,3,4}",2,2,2026-03-02 22:32:41.839157+00:00,2026-03-02 22:32:41.839157+00:00
1279,C_TUR001,Turlock Main Canal,,2017,flow,2,3,1,False,,False,,07759d98-a68c-424e-a30a-b85c951ce1b5,"{1,3,4}",2,2,2026-03-02 22:32:41.839157+00:00,2026-03-02 22:32:41.839157+00:00
1280,C_TWL005,Towle Canal,,,flow,2,3,1,False,,False,,da7c0f0e-fb7b-4559-a19f-63a32158518b,"{1,3,4}",2,2,2026-03-02 22:32:41.839157+00:00,2026-03-02 22:32:41.839157+00:00
1281,C_UBEAR,,,2018,flow,2,3,1,False,,False,,eab1dd46-2d78-4f7e-8585-e17a66ad21b0,"{1,3,4}",2,2,2026-03-02 22:32:41.839157+00:00,2026-03-02 22:32:41.839157+00:00
1282,C_UFC000,Upper Farmington Canal,,,flow,2,3,1,False,,False,,9b8f5d88-67e8-4430-8db1-c343b3a7848a,"{1,3,4}",2,2,2026-03-02 22:32:41.839157+00:00,2026-03-02 22:32:41.839157+00:00
1283,C_UNVLY,Silver Creek,,2019,flow,2,3,1,False,,False,,2c025c15-1793-44e2-9cec-e7a3ce262d5a,"{1,3,4}",2,2,2026-03-02 22:32:41.839157+00:00,2026-03-02 22:32:41.839157+00:00
1284,C_UTC001,,,,flow,2,3,1,False,,False,,5f29bc3b-aa99-4495-841f-9ce2e70bd0a4,"{1,3,4}",2,2,2026-03-02 22:32:41.839157+00:00,2026-03-02 22:32:41.839157+00:00
1285,C_UTC014,,,,flow,2,3,1,False,,False,,204ebbc8-be0a-4274-9460-80e4f738b001,"{1,3,4}",2,2,2026-03-02 22:32:41.839157+00:00,2026-03-02 22:32:41.839157+00:00
1286,C_UVT001,,,,flow,2,3,1,False,,False,,1456f122-b99b-431c-8340-218f484c5c8d,"{1,3,4}",2,2,2026-03-02 22:32:41.839157+00:00,2026-03-02 22:32:41.839157+00:00
1287,C_VLW008,Volta Wasteway,,2020,flow,2,3,1,False,,False,,7dbacf58-4988-4680-a5fd-9da8303fa4b7,"{1,3,4}",2,2,2026-03-02 22:32:41.839157+00:00,2026-03-02 22:32:41.839157+00:00
1288,C_WBF006,West Branch Feather River,,,flow,2,3,1,False,,False,,d74b8031-0576-45d8-bfd2-efeee6c4b7a3,"{1,3,4}",2,2,2026-03-02 22:32:41.839157+00:00,2026-03-02 22:32:41.839157+00:00
1289,C_WBF015,West Branch Feather River,,2021,flow,2,3,1,False,,False,,8ff7eaff-1d25-4ecc-8315-de66f7a889f3,"{1,3,4}",2,2,2026-03-02 22:32:41.839157+00:00,2026-03-02 22:32:41.839157+00:00
1290,C_WBF030,West Branch Feather River,,,flow,2,3,1,False,,False,,da228064-9247-438c-809d-fbe0615d2fa6,"{1,3,4}",2,2,2026-03-02 22:32:41.839157+00:00,2026-03-02 22:32:41.839157+00:00
1291,C_WBF039,West Branch Feather River,,2022,flow,2,3,1,False,,False,,8f210a36-3d92-4e53-a8ae-3ed468371086,"{1,3,4}",2,2,2026-03-02 22:32:41.839157+00:00,2026-03-02 22:32:41.839157+00:00
1292,C_WBR001,Weber Creek,,,flow,2,3,1,False,,False,,64c05097-eeaf-43d6-b837-f8aaf40ec638,"{1,3,4}",2,2,2026-03-02 22:32:41.839157+00:00,2026-03-02 22:32:41.839157+00:00
1293,C_WBR011,Weber Creek,,,flow,2,3,1,False,,False,,6092f584-81d0-469a-b339-24b559ddd1ad,"{1,3,4}",2,2,2026-03-02 22:32:41.839157+00:00,2026-03-02 22:32:41.839157+00:00
1294,C_WEC000,Western Canal,,2023,flow,2,3,1,False,,False,,5a510dfd-9437-4b3c-8fa3-d5f5d73d6103,"{1,3,4}",2,2,2026-03-02 22:32:41.839157+00:00,2026-03-02 22:32:41.839157+00:00
1295,C_WKYTN,Clear Creek,,2072,flow,2,3,1,False,,False,,9bf0cdc3-1d97-45ae-bfd1-51000ce03eef,"{1,3,4}",2,2,2026-03-02 22:32:41.839157+00:00,2026-03-02 22:32:41.839157+00:00
1296,C_WKYTN_DELTA,,,2024,flow,2,3,1,False,,False,,12ef1b34-cb63-4afc-9c74-fbce3ade65e6,"{1,3,4}",2,2,2026-03-02 22:32:41.839157+00:00,2026-03-02 22:32:41.839157+00:00
1297,C_WKYTN_DELTA_S,,,,flow,2,3,1,False,,False,,09547779-cb4d-4ef7-b642-7713fa57a4c8,"{1,3,4}",2,2,2026-03-02 22:32:41.839157+00:00,2026-03-02 22:32:41.839157+00:00
1298,C_WLF013,Wolf Creek,,2025,flow,2,3,1,False,,False,,f8c5ef8e-30ec-441d-b33d-e5001b7b54d4,"{1,3,4}",2,2,2026-03-02 22:32:41.839157+00:00,2026-03-02 22:32:41.839157+00:00
1299,C_WLF017,Wolf Creek,,,flow,2,3,1,False,,False,,0c190ab1-3929-4189-ae32-e14136834f4e,"{1,3,4}",2,2,2026-03-02 22:32:41.839157+00:00,2026-03-02 22:32:41.839157+00:00
1300,C_WLF021,Wolf Creek,,2026,flow,2,3,1,False,,False,,707145bd-f181-49c1-8198-6ed597988baa,"{1,3,4}",2,2,2026-03-02 22:32:41.839157+00:00,2026-03-02 22:32:41.839157+00:00
1301,C_WLW000,,,,flow,2,3,1,False,,False,,c1bda482-4174-40c1-b2d0-0238cd2640b8,"{1,3,4}",2,2,2026-03-02 22:32:41.839157+00:00,2026-03-02 22:32:41.839157+00:00
1302,C_WLW005,,,,flow,2,3,1,False,,False,,a2215919-eebe-427b-ad2e-3868f8517a32,"{1,3,4}",2,2,2026-03-02 22:32:41.839157+00:00,2026-03-02 22:32:41.839157+00:00
1303,C_WPT005,Wish Poosh Tunnel/Penstock/Powerhouse,,,flow,2,3,1,False,,False,,40ece234-6688-4567-b053-60c1e57bf1c1,"{1,3,4}",2,2,2026-03-02 22:32:41.839157+00:00,2026-03-02 22:32:41.839157+00:00
1304,C_WPT006,Wish Poosh Tunnel/Penstock/Powerhouse,,,flow,2,3,1,False,,False,,94898049-d76d-456e-adab-83ed03f0a5d2,"{1,3,4}",2,2,2026-03-02 22:32:41.839157+00:00,2026-03-02 22:32:41.839157+00:00
1305,C_WRT000,,,,flow,2,3,1,False,,False,,083268dc-e7cf-495a-b6f0-9991df41c162,"{1,3,4}",2,2,2026-03-02 22:32:41.839157+00:00,2026-03-02 22:32:41.839157+00:00
1306,C_WRT004,White Rock Tunnel,,,flow,2,3,1,False,,False,,cc8eda42-88ac-4b50-9861-e9b9f0bd68c7,"{1,3,4}",2,2,2026-03-02 22:32:41.839157+00:00,2026-03-02 22:32:41.839157+00:00
1307,C_WRT005,White Rock Powerhouse Tailrace,,,flow,2,3,1,False,,False,,55f089d7-890d-4491-9c23-0e4c3cda3386,"{1,3,4}",2,2,2026-03-02 22:32:41.839157+00:00,2026-03-02 22:32:41.839157+00:00
1308,C_WSB000,Willow Slough Bypass,,,flow,2,3,1,False,,False,,445fb627-10a0-4e35-8110-511a3fc4653f,"{1,3,4}",2,2,2026-03-02 22:32:41.839157+00:00,2026-03-02 22:32:41.839157+00:00
1309,C_WSB001,Willow Slough Bypass,,,flow,2,3,1,False,,False,,f6badb2f-d636-4569-ad59-774f20826feb,"{1,3,4}",2,2,2026-03-02 22:32:41.839157+00:00,2026-03-02 22:32:41.839157+00:00
1310,C_WSB005,Willow Slough Bypass,,,flow,2,3,1,False,,False,,2ff3383c-069e-486c-abf6-7788f9a0c5a4,"{1,3,4}",2,2,2026-03-02 22:32:41.839157+00:00,2026-03-02 22:32:41.839157+00:00
1311,C_WSB006,Willow Slough Bypass,,,flow,2,3,1,False,,False,,54b6f10e-5598-4483-866c-42bbd24c39e9,"{1,3,4}",2,2,2026-03-02 22:32:41.839157+00:00,2026-03-02 22:32:41.839157+00:00
1312,C_WSB014,Willow Slough Bypass,,,flow,2,3,1,False,,False,,54a3081d-4fb9-42bd-8f26-1b1985915373,"{1,3,4}",2,2,2026-03-02 22:32:41.839157+00:00,2026-03-02 22:32:41.839157+00:00
1313,C_WSB026,Willow Slough Bypass,,,flow,2,3,1,False,,False,,425cc734-b614-4eb4-b56f-e963161ce33d,"{1,3,4}",2,2,2026-03-02 22:32:41.839157+00:00,2026-03-02 22:32:41.839157+00:00
1314,C_WSB027,Willow Slough Bypass,,,flow,2,3,1,False,,False,,f0725104-995d-4611-a9dd-95b3a7884982,"{1,3,4}",2,2,2026-03-02 22:32:41.839157+00:00,2026-03-02 22:32:41.839157+00:00
1315,C_WSB031,Willow Slough Bypass,,,flow,2,3,1,False,,False,,b27d1319-c9e3-4bb3-8e79-06fef80bea1c,"{1,3,4}",2,2,2026-03-02 22:32:41.839157+00:00,2026-03-02 22:32:41.839157+00:00
1316,C_WSE000,Wise Canal,,,flow,2,3,1,False,,False,,584e01f2-8265-4d7d-8b62-5736fb906c12,"{1,3,4}",2,2,2026-03-02 22:32:41.839157+00:00,2026-03-02 22:32:41.839157+00:00
1317,C_WSE003,Wise Canal,,,flow,2,3,1,False,,False,,c89e8fd2-e329-4b1e-996b-0640c3c85668,"{1,3,4}",2,2,2026-03-02 22:32:41.839157+00:00,2026-03-02 22:32:41.839157+00:00
1318,C_WSE004,Wise Canal,,2027,flow,2,3,1,False,,False,,8cb571c7-0dc2-4865-8f2b-09b78d96afbb,"{1,3,4}",2,2,2026-03-02 22:32:41.839157+00:00,2026-03-02 22:32:41.839157+00:00
1319,C_WSE006,Wise Canal,,,flow,2,3,1,False,,False,,70e3a6be-d0b4-4db2-966e-545081c5f58e,"{1,3,4}",2,2,2026-03-02 22:32:41.839157+00:00,2026-03-02 22:32:41.839157+00:00
1320,C_WSE008,Wise Canal,,,flow,2,3,1,False,,False,,9145d5e4-f8d0-4455-9373-4bf309824833,"{1,3,4}",2,2,2026-03-02 22:32:41.839157+00:00,2026-03-02 22:32:41.839157+00:00
1321,C_WWC006,Wadsworth Canal,,2028,flow,2,3,1,False,,False,,a89433bd-3872-4b10-a276-74e0c9f86a82,"{1,3,4}",2,2,2026-03-02 22:32:41.839157+00:00,2026-03-02 22:32:41.839157+00:00
1322,C_WWW001,Westely Wasteway,,,flow,2,3,1,False,,False,,33c22691-d252-4d97-89e7-a9aa8a9b7a9f,"{1,3,4}",2,2,2026-03-02 22:32:41.839157+00:00,2026-03-02 22:32:41.839157+00:00
1323,C_XCC010,Main Canal,,2029,flow,2,3,1,False,,False,,38b1b40a-f518-4788-97ab-e2a22ed98917,"{1,3,4}",2,2,2026-03-02 22:32:41.839157+00:00,2026-03-02 22:32:41.839157+00:00
1324,C_XCC025,Main Canal,,,flow,2,3,1,False,,False,,df3abd6d-b6ca-402a-b02b-4dc4d40aabc3,"{1,3,4}",2,2,2026-03-02 22:32:41.839157+00:00,2026-03-02 22:32:41.839157+00:00
1325,C_XCC033,Main Canal,,2030,flow,2,3,1,False,,False,,7995b3ec-03ea-4e5f-a6e1-34f4439b580a,"{1,3,4}",2,2,2026-03-02 22:32:41.839157+00:00,2026-03-02 22:32:41.839157+00:00
1326,C_XCC043,Main Canal,,,flow,2,3,1,False,,False,,4b7ee70c-6aee-4a15-9c91-061fbdf0a591,"{1,3,4}",2,2,2026-03-02 22:32:41.839157+00:00,2026-03-02 22:32:41.839157+00:00
1327,C_XCC053,Main Canal,,2031,flow,2,3,1,False,,False,,e1fb551d-e1cf-4559-9c4e-6a9b71409840,"{1,3,4}",2,2,2026-03-02 22:32:41.839157+00:00,2026-03-02 22:32:41.839157+00:00
1328,C_YBP002,Yolo Bypass,,,flow,2,3,1,False,,False,,9387c3af-cf7c-489d-bc26-6a9df301b5e9,"{1,3,4}",2,2,2026-03-02 22:32:41.839157+00:00,2026-03-02 22:32:41.839157+00:00
1329,C_YBP007,Yolo Bypass,,2032,flow,2,3,1,False,,False,,e4b98ec2-d373-402a-bb46-6263162691d0,"{1,3,4}",2,2,2026-03-02 22:32:41.839157+00:00,2026-03-02 22:32:41.839157+00:00
1330,C_YBP011,Yolo Bypass,,,flow,2,3,1,False,,False,,8fab8593-970f-4ca0-8d3e-e070d989f158,"{1,3,4}",2,2,2026-03-02 22:32:41.839157+00:00,2026-03-02 22:32:41.839157+00:00
1331,C_YBP014,Yolo Bypass,,2033,flow,2,3,1,False,,False,,feb7a196-9f63-4bae-a059-e9a3572544a8,"{1,3,4}",2,2,2026-03-02 22:32:41.839157+00:00,2026-03-02 22:32:41.839157+00:00
1332,C_YBP016,Yolo Bypass,,,flow,2,3,1,False,,False,,380b1a9b-c4a9-47fa-8d15-a02441ca6bec,"{1,3,4}",2,2,2026-03-02 22:32:41.839157+00:00,2026-03-02 22:32:41.839157+00:00
1333,C_YBP020,Yolo Bypass,,2034,flow,2,3,1,False,,False,,b6132cda-74d3-45d6-aa1f-1613914e321f,"{1,3,4}",2,2,2026-03-02 22:32:41.839157+00:00,2026-03-02 22:32:41.839157+00:00
1334,C_YBP020_DELTA,,,,flow,2,3,1,False,,False,,26797d3b-5905-41d4-9965-6d7a4d85d49f,"{1,3,4}",2,2,2026-03-02 22:32:41.839157+00:00,2026-03-02 22:32:41.839157+00:00
1335,C_YBP023,Yolo Bypass,,,flow,2,3,1,False,,False,,4e7525ff-ded1-40be-8b76-37e17e1b4d0b,"{1,3,4}",2,2,2026-03-02 22:32:41.839157+00:00,2026-03-02 22:32:41.839157+00:00
1336,C_YBP026,Yolo Bypass,,2035,flow,2,3,1,False,,False,,f5cea65d-8185-4de9-b8d6-e9e4b9d9b57b,"{1,3,4}",2,2,2026-03-02 22:32:41.839157+00:00,2026-03-02 22:32:41.839157+00:00
1337,C_YBP032,Yolo Bypass,,,flow,2,3,1,False,,False,,64268b10-d117-4e07-8cc2-5d82f3a30c93,"{1,3,4}",2,2,2026-03-02 22:32:41.839157+00:00,2026-03-02 22:32:41.839157+00:00
1338,C_YBP034,Yolo Bypass,,2036,flow,2,3,1,False,,False,,7f9938bb-4c99-4649-b5b9-10fed7740d11,"{1,3,4}",2,2,2026-03-02 22:32:41.839157+00:00,2026-03-02 22:32:41.839157+00:00
1339,C_YBP037,Yolo Bypass,,,flow,2,3,1,False,,False,,82684cfa-8a67-4560-b4a0-982c548f1d79,"{1,3,4}",2,2,2026-03-02 22:32:41.839157+00:00,2026-03-02 22:32:41.839157+00:00
1340,C_YUB002,Yuba River,,2037,flow,2,3,1,False,,False,,57e82458-9357-44ce-a092-c8c203da021c,"{1,3,4}",2,2,2026-03-02 22:32:41.839157+00:00,2026-03-02 22:32:41.839157+00:00
1341,C_YUB003,Yuba River,,,flow,2,3,1,False,,False,,26c7feff-f4bf-44af-b059-57674972f35c,"{1,3,4}",2,2,2026-03-02 22:32:41.839157+00:00,2026-03-02 22:32:41.839157+00:00
1342,C_YUB006,Yuba River,,2038,flow,2,3,1,False,,False,,272cca91-1f2e-4cd2-ad08-21443a105cbd,"{1,3,4}",2,2,2026-03-02 22:32:41.839157+00:00,2026-03-02 22:32:41.839157+00:00
1343,C_YUB011,Yuba River,,,flow,2,3,1,False,,False,,a20d7fe9-47b8-45f7-b329-39eca1524bcd,"{1,3,4}",2,2,2026-03-02 22:32:41.839157+00:00,2026-03-02 22:32:41.839157+00:00
1344,C_YUB013,Yuba River,,2039,flow,2,3,1,False,,False,,407d1771-a9e9-40b1-acdb-773d2aa9cfe0,"{1,3,4}",2,2,2026-03-02 22:32:41.839157+00:00,2026-03-02 22:32:41.839157+00:00
1345,C_YUB014,Yuba River,,,flow,2,3,1,False,,False,,40840c46-2ddf-4bd6-94e0-2230a5d1779f,"{1,3,4}",2,2,2026-03-02 22:32:41.839157+00:00,2026-03-02 22:32:41.839157+00:00
1346,C_YUB022,Yuba River,,2040,flow,2,3,1,False,,False,,82506cae-50ba-4afa-8733-bd53eaff19ce,"{1,3,4}",2,2,2026-03-02 22:32:41.839157+00:00,2026-03-02 22:32:41.839157+00:00
1347,C_YUB023,Yuba River,,,flow,2,3,1,False,,False,,225d8846-4a27-406f-86af-5b489f20d082,"{1,3,4}",2,2,2026-03-02 22:32:41.839157+00:00,2026-03-02 22:32:41.839157+00:00
1348,C_YUB024,Yuba River,,2041,flow,2,3,1,False,,False,,58c1e665-3ff2-4b47-bd5d-8a64c6e11eb2,"{1,3,4}",2,2,2026-03-02 22:32:41.839157+00:00,2026-03-02 22:32:41.839157+00:00
1349,C_YUB030,Yuba River/North Yuba River,,,flow,2,3,1,False,,False,,7ea2a913-6d48-4383-b388-994d55e12e57,"{1,3,4}",2,2,2026-03-02 22:32:41.839157+00:00,2026-03-02 22:32:41.839157+00:00
1350,C_YUB034,Yuba River/North Yuba River,,2042,flow,2,3,1,False,,False,,30c9a73d-5c09-4c48-9164-949e0ac6b937,"{1,3,4}",2,2,2026-03-02 22:32:41.839157+00:00,2026-03-02 22:32:41.839157+00:00
1351,C_YUB039,Yuba River/North Yuba River,,,flow,2,3,1,False,,False,,e70f2fd3-e11d-480d-a7db-fe135e16cc2e,"{1,3,4}",2,2,2026-03-02 22:32:41.839157+00:00,2026-03-02 22:32:41.839157+00:00
1352,I_GZL009,Grizzly Creek,,,flow,2,3,1,False,,False,,b2aea11f-a271-4239-96ae-6539d4ee4adb,"{1,3,4}",2,2,2026-03-02 22:32:41.839157+00:00,2026-03-02 22:32:41.839157+00:00
1353,C_AMR004_MIF,American River at I-80 Bridge — Minimum Instream Flow,"Model-computed binding minimum instream flow requirement (D-1641, BiOps, VAMP, eflows combined)",,flow,2,3,1,True,CalSim-III,False,,dd215aed-1329-4333-b03b-f2b4afdc427d,"{1,3,4}",2,2,2026-03-02 22:32:41.839157+00:00,2026-03-02 22:32:41.839157+00:00
1354,C_FTR003_MIF,Feather River — Minimum Instream Flow,"Model-computed binding minimum instream flow requirement (D-1641, BiOps, VAMP, eflows combined)",,flow,2,3,1,True,CalSim-III,False,,cb08bd9b-5b0f-4fe2-8dcc-2b45c56d64df,"{1,3,4}",2,2,2026-03-02 22:32:41.839157+00:00,2026-03-02 22:32:41.839157+00:00
1355,C_FTR029_MIF,Feather River at Yuba City — Minimum Instream Flow,"Model-computed binding minimum instream flow requirement (D-1641, BiOps, VAMP, eflows combined)",,flow,2,3,1,True,CalSim-III,False,,62b5f19a-605c-4b62-97e2-3677c089e526,"{1,3,4}",2,2,2026-03-02 22:32:41.839157+00:00,2026-03-02 22:32:41.839157+00:00
1356,C_FTR059_MIF,Feather River at Thermalito Afterbay — Minimum Instream Flow,"Model-computed binding minimum instream flow requirement (D-1641, BiOps, VAMP, eflows combined)",,flow,2,3,1,True,CalSim-III,False,,2278a1b5-9db2-41f3-8ec4-bbdd8ea10a16,"{1,3,4}",2,2,2026-03-02 22:32:41.839157+00:00,2026-03-02 22:32:41.839157+00:00
1357,C_KSWCK_MIF,Keswick Dam — Minimum Instream Flow,"Model-computed binding minimum instream flow requirement (D-1641, BiOps, VAMP, eflows combined)",,flow,2,3,1,True,CalSim-III,False,,418b4bd5-d333-413c-92bd-afe3f100e33c,"{1,3,4}",2,2,2026-03-02 22:32:41.839157+00:00,2026-03-02 22:32:41.839157+00:00
1358,C_MCD005_MIF,Merced River at Stevinson — Minimum Instream Flow,"Model-computed binding minimum instream flow requirement (D-1641, BiOps, VAMP, eflows combined)",,flow,2,3,1,True,CalSim-III,False,,c63d827d-459c-4685-921b-df715a941073,"{1,3,4}",2,2,2026-03-02 22:32:41.839157+00:00,2026-03-02 22:32:41.839157+00:00
1359,C_MOK028_MIF,Mokelumne River — Minimum Instream Flow,"Model-computed binding minimum instream flow requirement (D-1641, BiOps, VAMP, eflows combined)",,flow,2,3,1,True,CalSim-III,False,,45ade0ae-f72b-489e-95b1-e073df23d474,"{1,3,4}",2,2,2026-03-02 22:32:41.839157+00:00,2026-03-02 22:32:41.839157+00:00
1360,C_NTOMA_MIF,American River at Lake Natoma — Minimum Instream Flow,"Model-computed binding minimum instream flow requirement (D-1641, BiOps, VAMP, eflows combined)",,flow,2,3,1,True,CalSim-III,False,,c5e4e760-c6e5-47ca-bff6-9c422fa12a98,"{1,3,4}",2,2,2026-03-02 22:32:41.839157+00:00,2026-03-02 22:32:41.839157+00:00
1361,C_SAC049_MIF,Sacramento River at Freeport — Minimum Instream Flow,"Model-computed binding minimum instream flow requirement (D-1641, BiOps, VAMP, eflows combined)",,flow,2,3,1,True,CalSim-III,False,,5216d210-b04c-4ffd-9aae-d9e1c0f50a93,"{1,3,4}",2,2,2026-03-02 22:32:41.839157+00:00,2026-03-02 22:32:41.839157+00:00
1362,C_SAC122_MIF,Sacramento River at Tisdale Weir — Minimum Instream Flow,"Model-computed binding minimum instream flow requirement (D-1641, BiOps, VAMP, eflows combined)",,flow,2,3,1,True,CalSim-III,False,,9580f885-337c-4080-8df1-622442c42bb7,"{1,3,4}",2,2,2026-03-02 22:32:41.839157+00:00,2026-03-02 22:32:41.839157+00:00
1363,C_SAC148_MIF,Sacramento River at Colusa Weir — Minimum Instream Flow,"Model-computed binding minimum instream flow requirement (D-1641, BiOps, VAMP, eflows combined)",,flow,2,3,1,True,CalSim-III,False,,58de095c-e09b-48ce-a954-a6bd9cec9d4a,"{1,3,4}",2,2,2026-03-02 22:32:41.839157+00:00,2026-03-02 22:32:41.839157+00:00
1364,C_SAC257_MIF,Sacramento River at Bend Bridge — Minimum Instream Flow,"Model-computed binding minimum instream flow requirement (D-1641, BiOps, VAMP, eflows combined)",,flow,2,3,1,True,CalSim-III,False,,47af39fc-b571-4e80-b12b-925c71f5f627,"{1,3,4}",2,2,2026-03-02 22:32:41.839157+00:00,2026-03-02 22:32:41.839157+00:00
1365,C_SAC289_MIF,Sacramento River at South Bonnieville — Minimum Instream Flow,"Model-computed binding minimum instream flow requirement (D-1641, BiOps, VAMP, eflows combined)",,flow,2,3,1,True,CalSim-III,False,,b079a16e-1062-42f1-84ee-3887b62b4c46,"{1,3,4}",2,2,2026-03-02 22:32:41.839157+00:00,2026-03-02 22:32:41.839157+00:00
1366,C_SJR070_MIF,San Joaquin River at Vernalis — Minimum Instream Flow,"Model-computed binding minimum instream flow requirement (D-1641, BiOps, VAMP, eflows combined)",,flow,2,3,1,True,CalSim-III,False,,bd3de4f4-d4a9-4992-af5e-c8cf4b28c880,"{1,3,4}",2,2,2026-03-02 22:32:41.839157+00:00,2026-03-02 22:32:41.839157+00:00
1367,C_SJR127_MIF,San Joaquin River at Salt Slough — Minimum Instream Flow,"Model-computed binding minimum instream flow requirement (D-1641, BiOps, VAMP, eflows combined)",,flow,2,3,1,True,CalSim-III,False,,3ecff298-94ce-4b28-8605-00e558e87d4c,"{1,3,4}",2,2,2026-03-02 22:32:41.839157+00:00,2026-03-02 22:32:41.839157+00:00
1368,C_STS011_MIF,Stanislaus River — Minimum Instream Flow,"Model-computed binding minimum instream flow requirement (D-1641, BiOps, VAMP, eflows combined)",,flow,2,3,1,True,CalSim-III,False,,0f7e0365-77e1-4c99-84a0-57ad2686677f,"{1,3,4}",2,2,2026-03-02 22:32:41.839157+00:00,2026-03-02 22:32:41.839157+00:00
1369,C_STS059_MIF,Stanislaus River (upper) — Minimum Instream Flow,"Model-computed binding minimum instream flow requirement (D-1641, BiOps, VAMP, eflows combined)",,flow,2,3,1,True,CalSim-III,False,,7f140b4f-9dc3-435d-b43e-893d45809d66,"{1,3,4}",2,2,2026-03-02 22:32:41.839157+00:00,2026-03-02 22:32:41.839157+00:00
1370,C_TRN111_MIF,Trinity River at Lewiston — Minimum Instream Flow,"Model-computed binding minimum instream flow requirement (D-1641, BiOps, VAMP, eflows combined)",,flow,2,3,1,True,CalSim-III,False,,2cb7a897-c3b1-4ff1-85e7-4219a2047c9d,"{1,3,4}",2,2,2026-03-02 22:32:41.839157+00:00,2026-03-02 22:32:41.839157+00:00
1371,C_TUO003_MIF,Tuolumne River — Minimum Instream Flow,"Model-computed binding minimum instream flow requirement (D-1641, BiOps, VAMP, eflows combined)",,flow,2,3,1,True,CalSim-III,False,,6da8c223-14a1-41cd-96d7-63cd5372325c,"{1,3,4}",2,2,2026-03-02 22:32:41.839157+00:00,2026-03-02 22:32:41.839157+00:00
1372,C_YUB002_MIF,Yuba River at Marysville — Minimum Instream Flow,"Model-computed binding minimum instream flow requirement (D-1641, BiOps, VAMP, eflows combined)",,flow,2,3,1,True,CalSim-III,False,,a0fb4346-f332-4948-a3d4-a09fdd52afff,"{1,3,4}",2,2,2026-03-02 22:32:41.839157+00:00,2026-03-02 22:32:41.839157+00:00
1373,C_ISF001_OMR027,Interior SF Bay / Old-Middle River,Delta interior flow junction — Old River / Middle River confluence area,2043,flow,2,3,1,False,,False,,24866547-05ce-400e-bf89-40c333b7c9bc,"{1,3,4}",2,2,2026-03-02 22:32:41.839157+00:00,2026-03-02 22:32:41.839157+00:00
