id,network_arc_id,short_code,name,description,subtype,entity_type_id,schematic_type_id,hydrologic_region_id,boundary_condition,from_node,to_node,length_m,has_tiers,is_main,has_gis_data,entity_version_id,source_ids,watershed_short_code,unimp_sv_variable,has_mif,has_eflows,channel_class,is_active,created_at,created_by,updated_at,updated_by
1404,C_ABN000,East Side Canal/Natomas Cross Canal,,Canal,2,1,1,,ABN000,CRC002,7420.28975526427,,,True,1,1,"{1,3,4}",,,False,False,,True,2026-03-02 22:32:41.817242+00:00,2,2026-03-02 22:32:41.817242+00:00,2
1405,C_ABN010,Auburn Ravine,,Stream,2,1,1,,ABN010,ABN006,6270.99051383392,,,True,1,1,"{1,3,4}",,,False,False,,True,2026-03-02 22:32:41.817242+00:00,2,2026-03-02 22:32:41.817242+00:00,2
1406,C_ABN024,Auburn Ravine,,Stream,2,1,1,,ABN024,ABN014,15301.284302082,,,True,1,1,"{1,3,4}",,,False,False,,True,2026-03-02 22:32:41.817242+00:00,2,2026-03-02 22:32:41.817242+00:00,2
1407,C_ABN027,Auburn Ravine,,Stream,2,1,1,,ABN027,ABN026,1685.94113250432,,,True,1,1,"{1,3,4}",,,False,False,,True,2026-03-02 22:32:41.817242+00:00,2,2026-03-02 22:32:41.817242+00:00,2
1408,C_ALD001,Alder Creek,,Stream,2,1,1,,ALD001,SFA063,1435.22870456851,,,True,1,1,"{1,3,4}",,,False,False,,True,2026-03-02 22:32:41.817242+00:00,2,2026-03-02 22:32:41.817242+00:00,2
1409,C_ALD004,Alder Creek,,Stream,2,1,1,,ALD004,ALD002,4469.78550440921,,,True,1,1,"{1,3,4}",,,False,False,,True,2026-03-02 22:32:41.817242+00:00,2,2026-03-02 22:32:41.817242+00:00,2
1410,C_ALOHA,Pyramid Creek,,Stream,2,1,1,,ALOHA,PYR001,6035.73985119051,,,True,1,1,"{1,3,4}",,,False,False,,True,2026-03-02 22:32:41.817242+00:00,2,2026-03-02 22:32:41.817242+00:00,2
1411,C_AMR004,American River below H Street,,Stream,2,1,1,SAC,AMR004,SAC063,6437.37601583722,,,True,1,1,"{1,3,4}",UPPER_AMERICAN,UNIMP_FOLS,True,True,stream,True,2026-03-02 22:32:41.817242+00:00,2,2026-03-02 22:32:41.817242+00:00,2
1412,C_AMR007,American River,,Stream,2,1,1,,AMR007,AMR006,1222.80349061754,,,True,1,1,"{1,3,4}",,,False,False,,True,2026-03-02 22:32:41.817242+00:00,2,2026-03-02 22:32:41.817242+00:00,2
1413,C_AMR015,American River,,Stream,2,1,1,,AMR015,AMR009,9656.1122833388,,,True,1,1,"{1,3,4}",,,False,False,,True,2026-03-02 22:32:41.817242+00:00,2,2026-03-02 22:32:41.817242+00:00,2
1414,C_AMR020,American River,,Stream,2,1,1,,AMR020,AMR017,5511.65792080827,,,True,1,1,"{1,3,4}",,,False,False,,True,2026-03-02 22:32:41.817242+00:00,2,2026-03-02 22:32:41.817242+00:00,2
1415,C_ANC000,,,,2,1,,,,,,,,False,1,1,"{1,3,4}",,,False,False,,True,2026-03-02 22:32:41.817242+00:00,2,2026-03-02 22:32:41.817242+00:00,2
1416,C_ANG010,Angels Creek,,Stream,2,1,2,,,,,,,False,1,1,"{1,3,4}",,,False,False,,True,2026-03-02 22:32:41.817242+00:00,2,2026-03-02 22:32:41.817242+00:00,2
1417,C_ANG014,Angels Creek,,Stream,2,1,2,,ANG014,STS072,23008.2953298029,,,True,1,1,"{1,3,4}",,,False,False,,True,2026-03-02 22:32:41.817242+00:00,2,2026-03-02 22:32:41.817242+00:00,2
1418,C_ANG017,Angels  Creek,,Stream,2,1,2,,ANG017,ANG015,4568.73066044978,,,True,1,1,"{1,3,4}",,,False,False,,True,2026-03-02 22:32:41.817242+00:00,2,2026-03-02 22:32:41.817242+00:00,2
1419,C_ANT011,Antelope Creek,,Stream,2,1,1,,ANT011,ANT010,2259.63860313049,,,True,1,1,"{1,3,4}",,,False,False,,True,2026-03-02 22:32:41.817242+00:00,2,2026-03-02 22:32:41.817242+00:00,2
1420,C_ASL013,Ash Slough,,Stream,2,1,2,,ASL013,EBP022,20663.2532240635,,,True,1,1,"{1,3,4}",,,False,False,,True,2026-03-02 22:32:41.817242+00:00,2,2026-03-02 22:32:41.817242+00:00,2
1421,C_BCC004,Big Chico Creek,,Stream,2,1,1,,BCC004,SAC196,6437.37603144149,,,True,1,1,"{1,3,4}",,,False,False,,True,2026-03-02 22:32:41.817242+00:00,2,2026-03-02 22:32:41.817242+00:00,2
1422,C_BCC012,Big Chico Creek,,Stream,2,1,1,,BCC012,BCC006,9656.0640280873,,,True,1,1,"{1,3,4}",,,False,False,,True,2026-03-02 22:32:41.817242+00:00,2,2026-03-02 22:32:41.817242+00:00,2
1423,C_BCK006,Bear Creek,,Stream,2,1,2,,BCK006,EBP048,9656.08334951595,,,True,1,1,"{1,3,4}",,,False,False,,True,2026-03-02 22:32:41.817242+00:00,2,2026-03-02 22:32:41.817242+00:00,2
1424,C_BCK017,Bear Creek,,Stream,2,1,2,,BCK017,BCK010,11265.4304687753,,,True,1,1,"{1,3,4}",,,False,False,,True,2026-03-02 22:32:41.817242+00:00,2,2026-03-02 22:32:41.817242+00:00,2
1425,C_BCK031,Bear Creek,,Stream,2,1,2,,BCK031,BCK024,11265.4304733647,,,True,1,1,"{1,3,4}",,,False,False,,True,2026-03-02 22:32:41.817242+00:00,2,2026-03-02 22:32:41.817242+00:00,2
1426,C_BCK035,Bear Creek,,Stream,2,1,2,,BCK035,BCK033,2592.41776276704,,,True,1,1,"{1,3,4}",,,False,False,,True,2026-03-02 22:32:41.817242+00:00,2,2026-03-02 22:32:41.817242+00:00,2
1427,C_BCM003,Bear Creek (Mokelumne),,Stream,2,1,2,,BCM003,MFM008,4305.86073459881,,,True,1,1,"{1,3,4}",,,False,False,,True,2026-03-02 22:32:41.817242+00:00,2,2026-03-02 22:32:41.817242+00:00,2
1428,C_BCN010,Bear Creek (North),,Stream,2,1,1,,BCN010,BCN005,8046.70391393193,,,True,1,1,"{1,3,4}",,,False,False,,True,2026-03-02 22:32:41.817242+00:00,2,2026-03-02 22:32:41.817242+00:00,2
1429,C_BEC000,Bear River Canal,,Canal,2,1,1,,BEC000,BEC021,34240.4166642802,,,True,1,1,"{1,3,4}",,,False,False,,True,2026-03-02 22:32:41.817242+00:00,2,2026-03-02 22:32:41.817242+00:00,2
1430,C_BEC022,Halsey PH Penstock,,Canal,2,1,1,,BEC022,BEC024,2064.26734890472,,,True,1,1,"{1,3,4}",,,False,False,,True,2026-03-02 22:32:41.817242+00:00,2,2026-03-02 22:32:41.817242+00:00,2
1431,C_BGC002,Big Grizzly Creek,,Stream,2,1,1,,BGC002,MFF088,2522.20247517771,,,True,1,1,"{1,3,4}",,,False,False,,True,2026-03-02 22:32:41.817242+00:00,2,2026-03-02 22:32:41.817242+00:00,2
1432,C_BLKBT,Stony Creek,,Stream,2,1,1,,BLKBT,STN026,596.803692112069,,,True,1,1,"{1,3,4}",,,False,False,,True,2026-03-02 22:32:41.817242+00:00,2,2026-03-02 22:32:41.817242+00:00,2
1433,C_BLUMD,,,Stream,2,1,2,,BLUMD,SLTSP,6694.50688200438,,,True,1,1,"{1,3,4}",,,False,False,,True,2026-03-02 22:32:41.817242+00:00,2,2026-03-02 22:32:41.817242+00:00,2
1434,C_BOWMN_PWR,Canyon Creek Power,,Stream,2,1,1,,,,,,,False,1,1,"{1,3,4}",,,False,False,,True,2026-03-02 22:32:41.817242+00:00,2,2026-03-02 22:32:41.817242+00:00,2
1435,C_BRC002,Bear Creek,,Stream,2,1,1,,BRC002,CCH058,2613.51391164739,,,True,1,1,"{1,3,4}",,,False,False,,True,2026-03-02 22:32:41.817242+00:00,2,2026-03-02 22:32:41.817242+00:00,2
1436,C_BRR004,Bear River,,Stream,2,1,1,,BRR004,FTR012,6439.2582590619,,,True,1,1,"{1,3,4}",,,False,False,,True,2026-03-02 22:32:41.817242+00:00,2,2026-03-02 22:32:41.817242+00:00,2
1437,C_BRR017,Bear River,,Stream,2,1,1,,BRR017,BRR011,8660.30974841533,,,True,1,1,"{1,3,4}",,,False,False,,True,2026-03-02 22:32:41.817242+00:00,2,2026-03-02 22:32:41.817242+00:00,2
1438,C_BRR028,Bear River,,Stream,2,1,1,,BRR028,BRR023,7698.39776671299,,,True,1,1,"{1,3,4}",,,False,False,,True,2026-03-02 22:32:41.817242+00:00,2,2026-03-02 22:32:41.817242+00:00,2
1439,C_BRR049,Bear River,,Stream,2,1,1,,BRR049,CMBIE,20288.111475987,,,True,1,1,"{1,3,4}",,,False,False,,True,2026-03-02 22:32:41.817242+00:00,2,2026-03-02 22:32:41.817242+00:00,2
1440,C_BRR050_PGE,Bear River PGE,,,2,1,1,,,,,,,False,1,1,"{1,3,4}",,,False,False,,True,2026-03-02 22:32:41.817242+00:00,2,2026-03-02 22:32:41.817242+00:00,2
1441,C_BRR060,Bear River,,Stream,2,1,1,,BRR060,RLLNS,16747.8591780965,,,True,1,1,"{1,3,4}",,,False,False,,True,2026-03-02 22:32:41.817242+00:00,2,2026-03-02 22:32:41.817242+00:00,2
1442,C_BRR066,Bear River,,Stream,2,1,1,,BRR066,BRR061,8054.78382034604,,,True,1,1,"{1,3,4}",,,False,False,,True,2026-03-02 22:32:41.817242+00:00,2,2026-03-02 22:32:41.817242+00:00,2
1443,C_BRR072,Bear River,,Stream,2,1,1,,BRR072,BRR067,8437.15964876272,,,True,1,1,"{1,3,4}",,,False,False,,True,2026-03-02 22:32:41.817242+00:00,2,2026-03-02 22:32:41.817242+00:00,2
1444,C_BRR074,Bear River,,Stream,2,1,1,,BRR074,BRR073,1564.29360574516,,,True,1,1,"{1,3,4}",,,False,False,,True,2026-03-02 22:32:41.817242+00:00,2,2026-03-02 22:32:41.817242+00:00,2
1445,C_BRT003,Bear River Tunnel,,,2,1,1,,,,,,,False,1,1,"{1,3,4}",,,False,False,,True,2026-03-02 22:32:41.817242+00:00,2,2026-03-02 22:32:41.817242+00:00,2
1446,C_BRV002,Bear River (Mokelumne),,Stream,2,1,2,,BRV002,NFM024,2427.22033761959,,,True,1,1,"{1,3,4}",,,False,False,,True,2026-03-02 22:32:41.817242+00:00,2,2026-03-02 22:32:41.817242+00:00,2
1447,C_BRV005,Bear River (Mokelumne),,Stream,2,1,2,,BRV005,BRV003,6162.24558248032,,,True,1,1,"{1,3,4}",,,False,False,,True,2026-03-02 22:32:41.817242+00:00,2,2026-03-02 22:32:41.817242+00:00,2
1448,C_BSC000,Bowman-Spaulding Conduit,,Canal,2,1,1,,BSC000,BSC005,7616.93894606172,,,True,1,1,"{1,3,4}",,,False,False,,True,2026-03-02 22:32:41.817242+00:00,2,2026-03-02 22:32:41.817242+00:00,2
1449,C_BSC009,Bowman-Spaulding Conduit,,Canal,2,1,1,,BSC009,BSC010,219.557003071551,,,True,1,1,"{1,3,4}",,,False,False,,True,2026-03-02 22:32:41.817242+00:00,2,2026-03-02 22:32:41.817242+00:00,2
1450,C_BSC011,Bowman-Spaulding Conduit,,Canal,2,1,1,,BSC011,SPLDG,673.504205786377,,,True,1,1,"{1,3,4}",,,False,False,,True,2026-03-02 22:32:41.817242+00:00,2,2026-03-02 22:32:41.817242+00:00,2
1451,C_BSH003,Brush Creek,,Stream,2,1,1,,BSH003,BSH002,107.430613784173,,,True,1,1,"{1,3,4}",,,False,False,,True,2026-03-02 22:32:41.817242+00:00,2,2026-03-02 22:32:41.817242+00:00,2
1452,C_BSL001B,Butte Slough,,Stream,2,1,1,,BSL001,BSL004,4942.52875777672,,,True,1,1,"{1,3,4}",,,False,False,,True,2026-03-02 22:32:41.817242+00:00,2,2026-03-02 22:32:41.817242+00:00,2
1453,C_BTC003,Butte Creek,,Stream,2,1,1,,BTC003,BSL001,5452.40455501291,,,True,1,1,"{1,3,4}",,,False,False,,True,2026-03-02 22:32:41.817242+00:00,2,2026-03-02 22:32:41.817242+00:00,2
1454,C_BTC012,Butte Creek,,Stream,2,1,1,,BTC012,BTC007,8125.69499578106,,,True,1,1,"{1,3,4}",,,False,False,,True,2026-03-02 22:32:41.817242+00:00,2,2026-03-02 22:32:41.817242+00:00,2
1455,C_BTC016,Butte Creek,,Stream,2,1,1,,BTC016,BTC015,1820.68586298208,,,True,1,1,"{1,3,4}",,,False,False,,True,2026-03-02 22:32:41.817242+00:00,2,2026-03-02 22:32:41.817242+00:00,2
1456,C_BTC018,Butte Creek,,Stream,2,1,1,,BTC018,BTC017,2049.3266582552,,,True,1,1,"{1,3,4}",,,False,False,,True,2026-03-02 22:32:41.817242+00:00,2,2026-03-02 22:32:41.817242+00:00,2
1457,C_BTC029,Butte Creek,,Stream,2,1,1,,BTC029,BTC024,8046.81793909944,,,True,1,1,"{1,3,4}",,,False,False,,True,2026-03-02 22:32:41.817242+00:00,2,2026-03-02 22:32:41.817242+00:00,2
1458,C_BTC036,Butte Creek,,Stream,2,1,1,,BTC036,BTC032,7286.49313840663,,,True,1,1,"{1,3,4}",,,False,False,,True,2026-03-02 22:32:41.817242+00:00,2,2026-03-02 22:32:41.817242+00:00,2
1459,C_BTC043,Butte Creek,,Stream,2,1,1,,BTC043,BTC041,3083.98477401356,,,True,1,1,"{1,3,4}",,,False,False,,True,2026-03-02 22:32:41.817242+00:00,2,2026-03-02 22:32:41.817242+00:00,2
1460,C_BTC048,Butte Creek,,Stream,2,1,1,,BTC048,BTC045,4898.24213025656,,,True,1,1,"{1,3,4}",,,False,False,,True,2026-03-02 22:32:41.817242+00:00,2,2026-03-02 22:32:41.817242+00:00,2
1461,C_BTL006,Battle Creek,,Stream,2,1,1,,BTL006,SAC269,9267.31746488793,,,True,1,1,"{1,3,4}",,,False,False,,True,2026-03-02 22:32:41.817242+00:00,2,2026-03-02 22:32:41.817242+00:00,2
1462,C_BTT007,Butt Creek,,Stream,2,1,1,,BTT007,BTVLY,7868.52750405435,,,True,1,1,"{1,3,4}",,,False,False,,True,2026-03-02 22:32:41.817242+00:00,2,2026-03-02 22:32:41.817242+00:00,2
1463,C_BUCKS,Bucks Creek,,Stream,2,1,1,,BUCKS,LBUCK,2096.79250156334,,,True,1,1,"{1,3,4}",,,False,False,,True,2026-03-02 22:32:41.817242+00:00,2,2026-03-02 22:32:41.817242+00:00,2
1464,C_BUR005,Burns Creek,,Stream,2,1,2,,BUR005,BCK033,7378.28926928464,,,True,1,1,"{1,3,4}",,,False,False,,True,2026-03-02 22:32:41.817242+00:00,2,2026-03-02 22:32:41.817242+00:00,2
1465,C_BVT000,Butt Valley Tunnel,,,2,1,1,,,,,,,False,1,1,"{1,3,4}",,,False,False,,True,2026-03-02 22:32:41.817242+00:00,2,2026-03-02 22:32:41.817242+00:00,2
1466,C_BVT003,Butt Valley Tunnel,,Stream,2,1,1,,BVT003,BTT007,344.370332791627,,,True,1,1,"{1,3,4}",,,False,False,,True,2026-03-02 22:32:41.817242+00:00,2,2026-03-02 22:32:41.817242+00:00,2
1467,C_CAA002,California Aqueduct,,Canal,2,1,2,,CAA002,CAA003,2031.06995355134,,,True,1,1,"{1,3,4}",,,False,False,,True,2026-03-02 22:32:41.817242+00:00,2,2026-03-02 22:32:41.817242+00:00,2
1468,C_CAA003_DELTA,"California Aqueduct, Delta",,Canal,2,1,2,,,,,,,False,1,1,"{1,3,4}",,,False,False,,True,2026-03-02 22:32:41.817242+00:00,2,2026-03-02 22:32:41.817242+00:00,2
1469,C_CAA003_SWP,"California Aqueduct, Banks export for SWP",,Canal,8,1,2,DELTA,,,,,,,,1,"{1,3,4}",,,False,False,,True,2026-03-02 22:32:41.817242+00:00,2,2026-03-02 22:32:41.817242+00:00,2
1470,C_CAA003_CVP,"California Aqueduct, Banks export for CVP",,Canal,8,1,2,DELTA,,,,,,,,1,"{1,3,4}",,,False,False,,True,2026-03-02 22:32:41.817242+00:00,2,2026-03-02 22:32:41.817242+00:00,2
1471,C_CAA005,California Aqueduct,,Canal,2,1,2,,CAA005,CAA006,2232.08611450962,,,True,1,1,"{1,3,4}",,,False,False,,True,2026-03-02 22:32:41.817242+00:00,2,2026-03-02 22:32:41.817242+00:00,2
1472,C_CAA009,California Aqueduct,,Canal,2,1,2,,CAA009,CAA012,4910.81421044717,,,True,1,1,"{1,3,4}",,,False,False,,True,2026-03-02 22:32:41.817242+00:00,2,2026-03-02 22:32:41.817242+00:00,2
1473,C_CAA024,California Aqueduct,,Canal,2,1,2,,CAA024,CAA046,35470.6385194384,,,True,1,1,"{1,3,4}",,,False,False,,True,2026-03-02 22:32:41.817242+00:00,2,2026-03-02 22:32:41.817242+00:00,2
1474,C_CAA051,California Aqueduct,,Canal,2,1,2,,CAA051,CAA066,23528.7699784932,,,True,1,1,"{1,3,4}",,,False,False,,True,2026-03-02 22:32:41.817242+00:00,2,2026-03-02 22:32:41.817242+00:00,2
1475,C_CAA067,California Aqueduct,,Canal,2,1,2,,CAA067,CAA069,3546.23386943811,,,True,1,1,"{1,3,4}",,,False,False,,True,2026-03-02 22:32:41.817242+00:00,2,2026-03-02 22:32:41.817242+00:00,2
1476,C_CAA069_CVP,California Aqueduct 69 CVP,,,2,1,2,,,,,,,False,1,1,"{1,3,4}",,,False,False,,True,2026-03-02 22:32:41.817242+00:00,2,2026-03-02 22:32:41.817242+00:00,2
1477,C_CAA069_SWP,California Aqueduct 69 SWP,,,2,1,2,,,,,,,False,1,1,"{1,3,4}",,,False,False,,True,2026-03-02 22:32:41.817242+00:00,2,2026-03-02 22:32:41.817242+00:00,2
1478,C_CAA071,California Aqueduct,,Canal,2,1,2,,CAA071,CAA087,25525.3816623905,,,True,1,1,"{1,3,4}",,,False,False,,True,2026-03-02 22:32:41.817242+00:00,2,2026-03-02 22:32:41.817242+00:00,2
1479,C_CAA087_CVP,California Aqueduct 87 CVP,,,2,1,2,,,,,,,False,1,1,"{1,3,4}",,,False,False,,True,2026-03-02 22:32:41.817242+00:00,2,2026-03-02 22:32:41.817242+00:00,2
1480,C_CAA087_SWP,California Aqueduct 87 SWP,,,2,1,2,,,,,,,False,1,1,"{1,3,4}",,,False,False,,True,2026-03-02 22:32:41.817242+00:00,2,2026-03-02 22:32:41.817242+00:00,2
1481,C_CAA095,California Aqueduct,,Canal,2,1,2,,CAA095,CAA109,21653.9325325102,,,True,1,1,"{1,3,4}",,,False,False,,True,2026-03-02 22:32:41.817242+00:00,2,2026-03-02 22:32:41.817242+00:00,2
1482,C_CAA143,California Aqueduct,,Canal,2,1,2,,CAA143,CAA155,20135.1479540139,,,True,1,1,"{1,3,4}",,,False,False,,True,2026-03-02 22:32:41.817242+00:00,2,2026-03-02 22:32:41.817242+00:00,2
1483,C_CAA156,California Aqueduct,,Canal,2,1,2,,CAA156,CAA165,13104.761800835,,,True,1,1,"{1,3,4}",,,False,False,,True,2026-03-02 22:32:41.817242+00:00,2,2026-03-02 22:32:41.817242+00:00,2
1484,C_CAA172,California Aqueduct,,Canal,2,1,2,,CAA172,,1768.36935909101,,,True,1,1,"{1,3,4}",,,False,False,,True,2026-03-02 22:32:41.817242+00:00,2,2026-03-02 22:32:41.817242+00:00,2
1485,C_CBC000,Combie Ophir Canal,,Canal,2,1,1,,CBC000,CBC001,1242.02426785417,,,True,1,1,"{1,3,4}",,,False,False,,True,2026-03-02 22:32:41.817242+00:00,2,2026-03-02 22:32:41.817242+00:00,2
1486,C_CBD001,Colusa Basin Drainage Canal,,Canal,2,1,1,,CBD001,CBD000,619.077621773001,,,True,1,1,"{1,3,4}",,,False,False,,True,2026-03-02 22:32:41.817242+00:00,2,2026-03-02 22:32:41.817242+00:00,2
1487,C_CBD012,Colusa Basin Drainage Canal,,Canal,2,1,1,,CBD012,CBD005,11210.1018032915,,,True,1,1,"{1,3,4}",,,False,False,,True,2026-03-02 22:32:41.817242+00:00,2,2026-03-02 22:32:41.817242+00:00,2
1488,C_CBD023,Colusa Basin Drainage Canal,,Canal,2,1,1,,CBD023,CBD018,8046.72004050017,,,True,1,1,"{1,3,4}",,,False,False,,True,2026-03-02 22:32:41.817242+00:00,2,2026-03-02 22:32:41.817242+00:00,2
1489,C_CBD031,Colusa Basin Drainage Canal,,Canal,2,1,1,,CBD031,CBD028,5607.8451790205,,,True,1,1,"{1,3,4}",,,False,False,,True,2026-03-02 22:32:41.817242+00:00,2,2026-03-02 22:32:41.817242+00:00,2
1490,C_CBD038,Colusa Basin Drainage Canal,,Canal,2,1,1,,CBD038,CBD037,850.966415122549,,,True,1,1,"{1,3,4}",,,False,False,,True,2026-03-02 22:32:41.817242+00:00,2,2026-03-02 22:32:41.817242+00:00,2
1491,C_CBD044,Colusa Basin Drainage Canal,,Canal,2,1,1,,CBD044,CBD041,4828.03195479992,,,True,1,1,"{1,3,4}",,,False,False,,True,2026-03-02 22:32:41.817242+00:00,2,2026-03-02 22:32:41.817242+00:00,2
1492,C_CBD050,Colusa Basin Drainage Canal,,Canal,2,1,2,,,,,,,False,1,1,"{1,3,4}",,,False,False,,True,2026-03-02 22:32:41.817242+00:00,2,2026-03-02 22:32:41.817242+00:00,2
1493,C_CBD052,Colusa Basin Drainage Canal,,Canal,2,1,3,,,,,,,False,1,1,"{1,3,4}",,,False,False,,True,2026-03-02 22:32:41.817242+00:00,2,2026-03-02 22:32:41.817242+00:00,2
1494,C_CBD055,Colusa Basin Drainage Canal,,Canal,2,1,4,,,,,,,False,1,1,"{1,3,4}",,,False,False,,True,2026-03-02 22:32:41.817242+00:00,2,2026-03-02 22:32:41.817242+00:00,2
1495,C_CCH003,Cache Creek,,Stream,2,1,1,,CCH003,YBP032,4828.03198925103,,,True,1,1,"{1,3,4}",,,False,False,,True,2026-03-02 22:32:41.817242+00:00,2,2026-03-02 22:32:41.817242+00:00,2
1496,C_CCH012,Cache Creek,,Stream,2,1,1,,CCH012,CCH006,10342.6264774848,,,True,1,1,"{1,3,4}",,,False,False,,True,2026-03-02 22:32:41.817242+00:00,2,2026-03-02 22:32:41.817242+00:00,2
1497,C_CCH023,Cache Creek,,Stream,2,1,1,,CCH023,CCH017,9656.06387736875,,,True,1,1,"{1,3,4}",,,False,False,,True,2026-03-02 22:32:41.817242+00:00,2,2026-03-02 22:32:41.817242+00:00,2
1498,C_CCH032,Cache Creek,,Stream,2,1,1,,CCH032,CCH030,2871.31625672371,,,True,1,1,"{1,3,4}",,,False,False,,True,2026-03-02 22:32:41.817242+00:00,2,2026-03-02 22:32:41.817242+00:00,2
1499,C_CCH053,Cache Creek,,Stream,2,1,1,,CCH053,CCH052,2052.34428458469,,,True,1,1,"{1,3,4}",,,False,False,,True,2026-03-02 22:32:41.817242+00:00,2,2026-03-02 22:32:41.817242+00:00,2
1500,C_CCH075,Cache Creek,,Stream,2,1,1,,CCH075,CCH058,26673.3066693299,,,True,1,1,"{1,3,4}",,,False,False,,True,2026-03-02 22:32:41.817242+00:00,2,2026-03-02 22:32:41.817242+00:00,2
1501,C_CCK007,East Canal,,Canal,2,1,1,,CCK007,ABN000,4531.08550000004,,,True,1,1,"{1,3,4}",,,False,False,,True,2026-03-02 22:32:41.817242+00:00,2,2026-03-02 22:32:41.817242+00:00,2
1502,C_CCK036,Coon Creek,,Stream,2,1,1,,CCK036,CCK022,23637.3194142117,,,True,1,1,"{1,3,4}",,,False,False,,True,2026-03-02 22:32:41.817242+00:00,2,2026-03-02 22:32:41.817242+00:00,2
1503,C_CCS009,Canyon Creek (South),,Stream,2,1,1,,CCS009,SFY033,15216.837349488,,,True,1,1,"{1,3,4}",,,False,False,,True,2026-03-02 22:32:41.817242+00:00,2,2026-03-02 22:32:41.817242+00:00,2
1504,C_CCT011,Clear Creek Tunnel Outfall,,Canal,2,1,1,,CCT011,CLR025,126.974539596145,,,True,1,1,"{1,3,4}",,,False,False,,True,2026-03-02 22:32:41.817242+00:00,2,2026-03-02 22:32:41.817242+00:00,2
1505,C_CGT005,Colgate Tunnel/Penstock,,Canal,2,1,1,,CGT005,CGT006,657.191113409584,,,True,1,1,"{1,3,4}",,,False,False,,True,2026-03-02 22:32:41.817242+00:00,2,2026-03-02 22:32:41.817242+00:00,2
1506,C_CHCGO,Port Chicago,,Stream,2,1,1,,CHCGO,N/A,1990.57849999983,,,True,1,1,"{1,3,4}",,,False,False,,True,2026-03-02 22:32:41.817242+00:00,2,2026-03-02 22:32:41.817242+00:00,2
1507,C_CHW006,Chowchilla River,,Stream,2,1,2,,CHW006,EBP030,9656.08334502,,,True,1,1,"{1,3,4}",,,False,False,,True,2026-03-02 22:32:41.817242+00:00,2,2026-03-02 22:32:41.817242+00:00,2
1508,C_CHW017,Chowchilla River,,Stream,2,1,2,SJR,CHW017,CHW011,9273.4609616606,,,True,1,1,"{1,3,4}",,,False,False,canal,True,2026-03-02 22:32:41.817242+00:00,2,2026-03-02 22:32:41.817242+00:00,2
1509,C_CHW024,Chowchilla River,,Stream,2,1,2,,CHW024,CHW021,4828.04160826174,,,True,1,1,"{1,3,4}",,,False,False,,True,2026-03-02 22:32:41.817242+00:00,2,2026-03-02 22:32:41.817242+00:00,2
1510,C_CHW031,Chowchilla River,,Stream,2,1,2,,CHW031,CHW028,5941.77327980239,,,True,1,1,"{1,3,4}",,,False,False,,True,2026-03-02 22:32:41.817242+00:00,2,2026-03-02 22:32:41.817242+00:00,2
1511,C_CHY000,Cherry Creek,,Stream,2,1,2,,CHY000,TUO103,1161.01032946118,,,True,1,1,"{1,3,4}",,,False,False,,True,2026-03-02 22:32:41.817242+00:00,2,2026-03-02 22:32:41.817242+00:00,2
1512,C_CHY006,Cherry Creek ,,Stream,2,1,2,,CHY006,CHY001,3050.12976562506,,,True,1,1,"{1,3,4}",,,False,False,,True,2026-03-02 22:32:41.817242+00:00,2,2026-03-02 22:32:41.817242+00:00,2
1513,C_CHY011,Cherry Creek from CHY011 to Eleanor Creek inflow.,,Stream,2,1,2,,CHY011,CHY007,6204.39919308815,,,True,1,1,"{1,3,4}",,,False,False,,True,2026-03-02 22:32:41.817242+00:00,2,2026-03-02 22:32:41.817242+00:00,2
1514,C_CLR011,Clear Creek,,Stream,2,1,1,,CLR011,CLR009,2587.44426525652,,,True,1,1,"{1,3,4}",,,False,False,,True,2026-03-02 22:32:41.817242+00:00,2,2026-03-02 22:32:41.817242+00:00,2
1515,C_CLRLK,Cache Creek/Lower Lake,,Stream,2,1,1,,CLRLK,CCH083,4976.08996319618,,,True,1,1,"{1,3,4}",,,False,False,,True,2026-03-02 22:32:41.817242+00:00,2,2026-03-02 22:32:41.817242+00:00,2
1516,C_CLV006,Calaveras River,,Stream,2,1,2,,CLV006,CLV004,2782.33855899436,,,True,1,1,"{1,3,4}",,,False,False,,True,2026-03-02 22:32:41.817242+00:00,2,2026-03-02 22:32:41.817242+00:00,2
1517,C_CLV010,Calaveras River,,Stream,2,1,2,,CLV010,CLV009,1609.34716308768,,,True,1,1,"{1,3,4}",,,False,False,,True,2026-03-02 22:32:41.817242+00:00,2,2026-03-02 22:32:41.817242+00:00,2
1518,C_CLV023,Calaveras River,,Stream,2,1,2,,CLV023,CLV016,11265.4304987409,,,True,1,1,"{1,3,4}",,,False,False,,True,2026-03-02 22:32:41.817242+00:00,2,2026-03-02 22:32:41.817242+00:00,2
1519,C_CLV028,Calaveras River,,Stream,2,1,2,,CLV028,CLV026,2988.44525954439,,,True,1,1,"{1,3,4}",,,False,False,,True,2026-03-02 22:32:41.817242+00:00,2,2026-03-02 22:32:41.817242+00:00,2
1520,C_CLV037,Calaveras River,,Stream,2,1,2,,CLV037,CLV035,3385.2579671939,,,True,1,1,"{1,3,4}",,,False,False,,True,2026-03-02 22:32:41.817242+00:00,2,2026-03-02 22:32:41.817242+00:00,2
1521,C_CLV044,Calaveras River,,Stream,2,1,2,,CLV044,CLV043,697.18298454936,,,True,1,1,"{1,3,4}",,,False,False,,True,2026-03-02 22:32:41.817242+00:00,2,2026-03-02 22:32:41.817242+00:00,2
1522,C_CMCHE,Mokelumne River,,Stream,2,1,2,,CMCHE,MOK057,1965.97928795925,,,True,1,1,"{1,3,4}",,,False,False,,True,2026-03-02 22:32:41.817242+00:00,2,2026-03-02 22:32:41.817242+00:00,2
1523,C_CMN006,Camino Tunnel,,Stream,2,1,1,,CMN006,SFA045,42.7599097968202,,,True,1,1,"{1,3,4}",,,False,False,,True,2026-03-02 22:32:41.817242+00:00,2,2026-03-02 22:32:41.817242+00:00,2
1524,C_CMP005,Camp Creek,,Stream,2,1,2,,CMP005,CMP001,8192.18985837218,,,True,1,1,"{1,3,4}",,,False,False,,True,2026-03-02 22:32:41.817242+00:00,2,2026-03-02 22:32:41.817242+00:00,2
1525,C_CMPFW,Bear River,,Stream,2,1,1,,CMPFW,BRR017,1800.38268022869,,,True,1,1,"{1,3,4}",,,False,False,,True,2026-03-02 22:32:41.817242+00:00,2,2026-03-02 22:32:41.817242+00:00,2
1526,C_COL001,Cole Creek,,Stream,2,1,2,,COL001,NFM026,750.189984501815,,,True,1,1,"{1,3,4}",,,False,False,,True,2026-03-02 22:32:41.817242+00:00,2,2026-03-02 22:32:41.817242+00:00,2
1527,C_COL003,Cole Creek,,Stream,2,1,2,,COL003,COL002,549.482507520619,,,True,1,1,"{1,3,4}",,,False,False,,True,2026-03-02 22:32:41.817242+00:00,2,2026-03-02 22:32:41.817242+00:00,2
1528,C_COW003,Cow Creek,,Stream,2,1,1,,COW003,SAC277,4828.03199576576,,,True,1,1,"{1,3,4}",,,False,False,,True,2026-03-02 22:32:41.817242+00:00,2,2026-03-02 22:32:41.817242+00:00,2
1529,C_COW014,Cow Creek,,Stream,2,1,1,,COW014,COW007,10524.3072002585,,,True,1,1,"{1,3,4}",,,False,False,,True,2026-03-02 22:32:41.817242+00:00,2,2026-03-02 22:32:41.817242+00:00,2
1530,C_CPF001,Chicago Park Flume,,,2,1,1,,,,,,,False,1,1,"{1,3,4}",,,False,False,,True,2026-03-02 22:32:41.817242+00:00,2,2026-03-02 22:32:41.817242+00:00,2
1531,C_CRB002,Caribou PH No1 and No2 Tailwater,,Stream,2,1,1,,CRB002,NFF059,1630.59684560473,,,True,1,1,"{1,3,4}",,,False,False,,True,2026-03-02 22:32:41.817242+00:00,2,2026-03-02 22:32:41.817242+00:00,2
1532,C_CRK005,Cherokee Canal,,Canal,2,1,1,,CRK005,BTC003,15516.4733000007,,,True,1,1,"{1,3,4}",,,False,False,,True,2026-03-02 22:32:41.817242+00:00,2,2026-03-02 22:32:41.817242+00:00,2
1533,C_CSL004A,Cache Slough,,Stream,2,1,1,,CSL004,SAC017,6780.49327291705,,,True,1,1,"{1,3,4}",,,False,False,,True,2026-03-02 22:32:41.817242+00:00,2,2026-03-02 22:32:41.817242+00:00,2
1534,C_CSL005,Cache Slough,,Stream,2,1,1,,CSL005,CSL004,1122.83680910224,,,True,1,1,"{1,3,4}",,,False,False,,True,2026-03-02 22:32:41.817242+00:00,2,2026-03-02 22:32:41.817242+00:00,2
1535,C_CSM005,Cosumnes River,,Stream,2,1,2,,CSM005,CSM001,6460.04102529268,,,True,1,1,"{1,3,4}",,,False,False,,True,2026-03-02 22:32:41.817242+00:00,2,2026-03-02 22:32:41.817242+00:00,2
1536,C_CSM016,Cosumnes River,,Stream,2,1,2,,CSM016,CSM011,8131.28090396253,,,True,1,1,"{1,3,4}",,,False,False,,True,2026-03-02 22:32:41.817242+00:00,2,2026-03-02 22:32:41.817242+00:00,2
1537,C_CSM026,Cosumnes River,,Stream,2,1,2,,CSM026,CSM021,8046.71999861532,,,True,1,1,"{1,3,4}",,,False,False,,True,2026-03-02 22:32:41.817242+00:00,2,2026-03-02 22:32:41.817242+00:00,2
1538,C_CSM035,Cosumnes River,,Stream,2,1,2,,CSM035,CSM033,3344.50155152495,,,True,1,1,"{1,3,4}",,,False,False,,True,2026-03-02 22:32:41.817242+00:00,2,2026-03-02 22:32:41.817242+00:00,2
1539,C_CSTIC,,,,2,1,,,,,,,,False,1,1,"{1,3,4}",,,False,False,,True,2026-03-02 22:32:41.817242+00:00,2,2026-03-02 22:32:41.817242+00:00,2
1540,C_CVT000,Collerville Tunnel,,Canal,2,1,2,,CVT000,CVT005,7368.29866865985,,,True,1,1,"{1,3,4}",,,False,False,,True,2026-03-02 22:32:41.817242+00:00,2,2026-03-02 22:32:41.817242+00:00,2
1541,C_CVT009,Collerville Tunnel,,Canal,2,1,2,,CVT009,STN091,437.878368775417,,,True,1,1,"{1,3,4}",,,False,False,,True,2026-03-02 22:32:41.817242+00:00,2,2026-03-02 22:32:41.817242+00:00,2
1542,C_CWD004,Cottonwood Creek,,Stream,2,1,1,,CWD004,CWD003,2061.08218360958,,,True,1,1,"{1,3,4}",,,False,False,,True,2026-03-02 22:32:41.817242+00:00,2,2026-03-02 22:32:41.817242+00:00,2
1543,C_CWD013,Cottonwood Creek,,Stream,2,1,1,,,,,,,False,1,1,"{1,3,4}",,,False,False,,True,2026-03-02 22:32:41.817242+00:00,2,2026-03-02 22:32:41.817242+00:00,2
1544,C_CWD018,Cottonwood Creek,,Stream,2,1,1,,CWD018,CWD009,15281.3090210561,,,True,1,1,"{1,3,4}",,,False,False,,True,2026-03-02 22:32:41.817242+00:00,2,2026-03-02 22:32:41.817242+00:00,2
1545,C_CYN010,Canyon Creek,,Stream,2,1,1,,CYN010,CYN009,787.207915553404,,,True,1,1,"{1,3,4}",,,False,False,,True,2026-03-02 22:32:41.817242+00:00,2,2026-03-02 22:32:41.817242+00:00,2
1546,C_DBC014,Dry Creek/Berenda Creek (Conceptual Combination),,Stream,2,1,2,,DBC014,FRS022,22696.6125388021,,,True,1,1,"{1,3,4}",,,False,False,,True,2026-03-02 22:32:41.817242+00:00,2,2026-03-02 22:32:41.817242+00:00,2
1547,C_DCC008,Duncan Canyon Creek,,Stream,2,1,1,,DCC008,MFA040,14286.9095058298,,,True,1,1,"{1,3,4}",,,False,False,,True,2026-03-02 22:32:41.817242+00:00,2,2026-03-02 22:32:41.817242+00:00,2
1548,C_DCC010,Duncan Canyon Creek,,Stream,2,1,1,,DCC010,DCC009,361.625168038999,,,True,1,1,"{1,3,4}",,,False,False,,True,2026-03-02 22:32:41.817242+00:00,2,2026-03-02 22:32:41.817242+00:00,2
1549,C_DCM019,Dry Creek (Merced),,Stream,2,1,2,,DCM019,MCD032,30498.3511300413,,,True,1,1,"{1,3,4}",,,False,False,,True,2026-03-02 22:32:41.817242+00:00,2,2026-03-02 22:32:41.817242+00:00,2
1550,C_DCT050,Dry Creek (Tuolumne),,Stream,2,1,2,,DCT050,TUO017,80918.9862580653,,,True,1,1,"{1,3,4}",,,False,False,,True,2026-03-02 22:32:41.817242+00:00,2,2026-03-02 22:32:41.817242+00:00,2
1551,C_DED010,Deadman Creek,,Stream,2,1,2,,DED010,DED003,11237.5755536766,,,True,1,1,"{1,3,4}",,,False,False,,True,2026-03-02 22:32:41.817242+00:00,2,2026-03-02 22:32:41.817242+00:00,2
1552,C_DED019,Deadman Creek,,Stream,2,1,2,,DED019,DED012,10575.013598593,,,True,1,1,"{1,3,4}",,,False,False,,True,2026-03-02 22:32:41.817242+00:00,2,2026-03-02 22:32:41.817242+00:00,2
1553,C_DED032,Deadman Creek,,Stream,2,1,2,,DED032,DED025,11265.4305152653,,,True,1,1,"{1,3,4}",,,False,False,,True,2026-03-02 22:32:41.817242+00:00,2,2026-03-02 22:32:41.817242+00:00,2
1554,C_DED038,Deadman Creek,,Stream,2,1,2,,DED038,DED035,4828.04163007137,,,True,1,1,"{1,3,4}",,,False,False,,True,2026-03-02 22:32:41.817242+00:00,2,2026-03-02 22:32:41.817242+00:00,2
1555,C_DEE020,Deer Creek (South),,Stream,2,1,2,,DEE020,CSM011,32580.0574424773,,,True,1,1,"{1,3,4}",,,False,False,,True,2026-03-02 22:32:41.817242+00:00,2,2026-03-02 22:32:41.817242+00:00,2
1556,C_DELVE,,,,2,1,,,,,,,,False,1,1,"{1,3,4}",,,False,False,,True,2026-03-02 22:32:41.817242+00:00,2,2026-03-02 22:32:41.817242+00:00,2
1557,C_DER001,Deer Creek,,Stream,2,1,1,,DER001,YUB023,1609.36348720266,,,True,1,1,"{1,3,4}",,,False,False,,True,2026-03-02 22:32:41.817242+00:00,2,2026-03-02 22:32:41.817242+00:00,2
1558,C_DER004,Deer Creek,,Stream,2,1,1,,DER004,DER002,3012.30769270468,,,True,1,1,"{1,3,4}",,,False,False,,True,2026-03-02 22:32:41.817242+00:00,2,2026-03-02 22:32:41.817242+00:00,2
1559,C_DER018,Deer Creek,,Stream,2,1,1,,DER018,DER011,11239.9825031415,,,True,1,1,"{1,3,4}",,,False,False,,True,2026-03-02 22:32:41.817242+00:00,2,2026-03-02 22:32:41.817242+00:00,2
1560,C_DER027,South Fork Deer Creek,,Stream,2,1,1,,DER027,SCOTF,5067.28561015332,,,True,1,1,"{1,3,4}",,,False,False,,True,2026-03-02 22:32:41.817242+00:00,2,2026-03-02 22:32:41.817242+00:00,2
1561,C_DHC021,Best Slough,,Stream,2,1,1,,DHC021,DHC001,32574.9114582662,,,True,1,1,"{1,3,4}",,,False,False,,True,2026-03-02 22:32:41.817242+00:00,2,2026-03-02 22:32:41.817242+00:00,2
1562,C_DMC000_CVP_DELTA,Delta-Mendota Canal CVP Export from Delta,,,2,1,2,,,,,,,False,1,1,"{1,3,4}",,,False,False,,True,2026-03-02 22:32:41.817242+00:00,2,2026-03-02 22:32:41.817242+00:00,2
1563,C_DMC003,Delta-Mendota Canal,,Canal,2,1,2,SJR,DMC003,DMC007,7053.78876166083,,,True,1,1,"{1,3,4}",,,False,False,canal,True,2026-03-02 22:32:41.817242+00:00,2,2026-03-02 22:32:41.817242+00:00,2
1564,C_DMC011,Delta-Mendota Canal,,Canal,2,1,2,,DMC011,DMC016,7778.09526479445,,,True,1,1,"{1,3,4}",,,False,False,,True,2026-03-02 22:32:41.817242+00:00,2,2026-03-02 22:32:41.817242+00:00,2
1565,C_DMC021,Delta-Mendota Canal,,Canal,2,1,2,,DMC021,DMC024,6186.51379422094,,,True,1,1,"{1,3,4}",,,False,False,,True,2026-03-02 22:32:41.817242+00:00,2,2026-03-02 22:32:41.817242+00:00,2
1566,C_DMC030,Delta-Mendota Canal,,Canal,2,1,2,,DMC030,DMC034,7225.40886736255,,,True,1,1,"{1,3,4}",,,False,False,,True,2026-03-02 22:32:41.817242+00:00,2,2026-03-02 22:32:41.817242+00:00,2
1567,C_DMC039,Delta-Mendota Canal,,Canal,2,1,2,,DMC039,DMC044,9011.8947125815,,,True,1,1,"{1,3,4}",,,False,False,,True,2026-03-02 22:32:41.817242+00:00,2,2026-03-02 22:32:41.817242+00:00,2
1568,C_DMC049,Delta-Mendota Canal,,Canal,2,1,2,,DMC049,DMC054,9259.08457590793,,,True,1,1,"{1,3,4}",,,False,False,,True,2026-03-02 22:32:41.817242+00:00,2,2026-03-02 22:32:41.817242+00:00,2
1569,C_DMC058,Delta-Mendota Canal,,Canal,2,1,2,,DMC058,DMC064,9257.25709280538,,,True,1,1,"{1,3,4}",,,False,False,,True,2026-03-02 22:32:41.817242+00:00,2,2026-03-02 22:32:41.817242+00:00,2
1570,C_DMC070,Delta-Mendota Canal,,Canal,2,1,2,,DMC070,DMC074,7117.5872848893,,,True,1,1,"{1,3,4}",,,False,False,,True,2026-03-02 22:32:41.817242+00:00,2,2026-03-02 22:32:41.817242+00:00,2
1571,C_DMC076,Delta-Mendota Canal,,Canal,2,1,2,,DMC076,DMC080,5778.58921741022,,,True,1,1,"{1,3,4}",,,False,False,,True,2026-03-02 22:32:41.817242+00:00,2,2026-03-02 22:32:41.817242+00:00,2
1572,C_DMC085,Delta-Mendota Canal,,Canal,2,1,2,,DMC085,DMC091,8805.32307355331,,,True,1,1,"{1,3,4}",,,False,False,,True,2026-03-02 22:32:41.817242+00:00,2,2026-03-02 22:32:41.817242+00:00,2
1573,C_DMC097,Delta-Mendota Canal,,Canal,2,1,2,,DMC097,DMC105,13271.858190471,,,True,1,1,"{1,3,4}",,,False,False,,True,2026-03-02 22:32:41.817242+00:00,2,2026-03-02 22:32:41.817242+00:00,2
1574,C_DMC111,Delta-Mendota Canal,,Canal,2,1,2,,DMC111,DMC116,7034.39427967546,,,True,1,1,"{1,3,4}",,,False,False,,True,2026-03-02 22:32:41.817242+00:00,2,2026-03-02 22:32:41.817242+00:00,2
1575,C_DONLL,Middle Fork Stanislaus River,,Stream,2,1,2,,DONLL,MFS021,12740.322667123,,,True,1,1,"{1,3,4}",,,False,False,,True,2026-03-02 22:32:41.817242+00:00,2,2026-03-02 22:32:41.817242+00:00,2
1576,C_DPH008,Donnell Tunnel,,Canal,2,1,2,,DPH008,MFS021,75.8365028132421,,,True,1,1,"{1,3,4}",,,False,False,,True,2026-03-02 22:32:41.817242+00:00,2,2026-03-02 22:32:41.817242+00:00,2
1577,C_DRC010,Deer Creek,,Stream,2,1,1,,DRC010,DRC005,8341.18557875926,,,True,1,1,"{1,3,4}",,,False,False,,True,2026-03-02 22:32:41.817242+00:00,2,2026-03-02 22:32:41.817242+00:00,2
1578,C_DRM000,Drum Canal,,Canal,2,1,1,,DRM000,DRM001,1253.07913072722,,,True,1,1,"{1,3,4}",,,False,False,,True,2026-03-02 22:32:41.817242+00:00,2,2026-03-02 22:32:41.817242+00:00,2
1579,C_DRM001_PGE,Drum Canal PGE,,Canal,2,1,1,,,,,,,False,1,1,"{1,3,4}",,,False,False,,True,2026-03-02 22:32:41.817242+00:00,2,2026-03-02 22:32:41.817242+00:00,2
1580,C_DRM002,Drum Canal,,Canal,2,1,1,,DRM002,DRM008,9327.52097918372,,,True,1,1,"{1,3,4}",,,False,False,,True,2026-03-02 22:32:41.817242+00:00,2,2026-03-02 22:32:41.817242+00:00,2
1581,C_DRM008_PGE,Drum Canal PGE,,Canal,2,1,1,,,,,,,False,1,1,"{1,3,4}",,,False,False,,True,2026-03-02 22:32:41.817242+00:00,2,2026-03-02 22:32:41.817242+00:00,2
1582,C_DRM009,Drum Canal,,Canal,2,1,1,,DRM009,DRM011,1912.64715495188,,,True,1,1,"{1,3,4}",,,False,False,,True,2026-03-02 22:32:41.817242+00:00,2,2026-03-02 22:32:41.817242+00:00,2
1583,C_DSC008,Dry Creek/Sutter Creek,,Stream,2,1,2,,DSC008,CSM001,12020.7292416828,,,True,1,1,"{1,3,4}",,,False,False,,True,2026-03-02 22:32:41.817242+00:00,2,2026-03-02 22:32:41.817242+00:00,2
1584,C_DSC016,Dry Creek/Sutter Creek,,Stream,2,1,2,,DSC016,DSC012,6437.45424884748,,,True,1,1,"{1,3,4}",,,False,False,,True,2026-03-02 22:32:41.817242+00:00,2,2026-03-02 22:32:41.817242+00:00,2
1585,C_DSC026,Dry Creek/Sutter Creek,,Stream,2,1,2,,DSC026,DSC023,5709.4297941907,,,True,1,1,"{1,3,4}",,,False,False,,True,2026-03-02 22:32:41.817242+00:00,2,2026-03-02 22:32:41.817242+00:00,2
1586,C_DSC035,Dry Creek/Sutter Creek,,Stream,2,1,2,,DSC035,DSC028,11265.5450089878,,,True,1,1,"{1,3,4}",,,False,False,,True,2026-03-02 22:32:41.817242+00:00,2,2026-03-02 22:32:41.817242+00:00,2
1587,C_EBF018,East Branch North Fork Feather River,,Stream,2,1,1,,EBF018,EBF001,28643.4189471588,,,True,1,1,"{1,3,4}",,,False,False,,True,2026-03-02 22:32:41.817242+00:00,2,2026-03-02 22:32:41.817242+00:00,2
1588,C_EBP005,Eastside Bypass,,Bypass,2,1,2,,EBP005,EBP016,18178.1619084111,,,True,1,1,"{1,3,4}",,,False,False,,True,2026-03-02 22:32:41.817242+00:00,2,2026-03-02 22:32:41.817242+00:00,2
1589,C_EBP019,Eastside Bypass,,Bypass,2,1,2,,EBP019,EBP022,4932.44706961674,,,True,1,1,"{1,3,4}",,,False,False,,True,2026-03-02 22:32:41.817242+00:00,2,2026-03-02 22:32:41.817242+00:00,2
1590,C_EBP030,Eastside Bypass,,Bypass,2,1,2,,EBP030,EBP032,3435.89522261477,,,True,1,1,"{1,3,4}",,,False,False,,True,2026-03-02 22:32:41.817242+00:00,2,2026-03-02 22:32:41.817242+00:00,2
1591,C_EBP033,Eastside Bypass,,Bypass,2,1,2,,EBP033,EBP041,13388.5512931152,,,True,1,1,"{1,3,4}",,,False,False,,True,2026-03-02 22:32:41.817242+00:00,2,2026-03-02 22:32:41.817242+00:00,2
1592,C_EBP042,Eastside Bypass,,Bypass,2,1,2,,EBP042,EBP043,2013.56359814413,,,True,1,1,"{1,3,4}",,,False,False,,True,2026-03-02 22:32:41.817242+00:00,2,2026-03-02 22:32:41.817242+00:00,2
1593,C_EBP048,Eastside Bypass,,Bypass,2,1,2,,EBP048,EBP050,3032.6394416796,,,True,1,1,"{1,3,4}",,,False,False,,True,2026-03-02 22:32:41.817242+00:00,2,2026-03-02 22:32:41.817242+00:00,2
1594,C_ECHOL,Echo Lake Conduit,,Canal,2,1,1,,ECHOL,ELC001,842.828871259935,,,True,1,1,"{1,3,4}",,,False,False,,True,2026-03-02 22:32:41.817242+00:00,2,2026-03-02 22:32:41.817242+00:00,2
1595,C_EDC000,El Dorado Canal,,Canal,2,1,1,,EDC000,EDC004,5831.13691450094,,,True,1,1,"{1,3,4}",,,False,False,,True,2026-03-02 22:32:41.817242+00:00,2,2026-03-02 22:32:41.817242+00:00,2
1596,C_EDC007,El Dorado Canal,,Canal,2,1,1,,EDC007,EDC021,23137.9917528957,,,True,1,1,"{1,3,4}",,,False,False,,True,2026-03-02 22:32:41.817242+00:00,2,2026-03-02 22:32:41.817242+00:00,2
1597,C_ELC001,Echo Lake Conduit,,Canal,2,1,1,,ELC001,SFA085,1028.92701796765,,,True,1,1,"{1,3,4}",,,False,False,,True,2026-03-02 22:32:41.817242+00:00,2,2026-03-02 22:32:41.817242+00:00,2
1598,C_ELD012,Elder Creek,,Stream,2,1,1,,ELD012,ELD005,11265.4079514507,,,True,1,1,"{1,3,4}",,,False,False,,True,2026-03-02 22:32:41.817242+00:00,2,2026-03-02 22:32:41.817242+00:00,2
1599,C_ELD022,Elder Creek,,Stream,2,1,1,,ELD022,ELD017,8046.71998045059,,,True,1,1,"{1,3,4}",,,False,False,,True,2026-03-02 22:32:41.817242+00:00,2,2026-03-02 22:32:41.817242+00:00,2
1600,C_ELENR,Eleanor Creek below Lake Eleanor dam.,,Stream,2,1,2,,ELENR,ELN003,717.098216559447,,,True,1,1,"{1,3,4}",,,False,False,,True,2026-03-02 22:32:41.817242+00:00,2,2026-03-02 22:32:41.817242+00:00,2
1601,C_ELT010,Eltectra Tunnel,,,2,1,2,,,,,,,False,1,1,"{1,3,4}",,,False,False,,True,2026-03-02 22:32:41.817242+00:00,2,2026-03-02 22:32:41.817242+00:00,2
1602,C_EMD001,Natomas East Main Drainage Canal,,Canal,2,1,1,,EMD001,SAC064,1997.85020336283,,,True,1,1,"{1,3,4}",,,False,False,,True,2026-03-02 22:32:41.817242+00:00,2,2026-03-02 22:32:41.817242+00:00,2
1603,C_ENGLB,Yuba River,,Stream,2,1,1,,ENGLB,YUB024,664.184236965363,,,True,1,1,"{1,3,4}",,,False,False,,True,2026-03-02 22:32:41.817242+00:00,2,2026-03-02 22:32:41.817242+00:00,2
1604,C_ESB306,,,,2,1,,,,,,,,False,1,1,"{1,3,4}",,,False,False,,True,2026-03-02 22:32:41.817242+00:00,2,2026-03-02 22:32:41.817242+00:00,2
1605,C_ESB324,,,,2,1,,,,,,,,False,1,1,"{1,3,4}",,,False,False,,True,2026-03-02 22:32:41.817242+00:00,2,2026-03-02 22:32:41.817242+00:00,2
1606,C_ESB347,,,,2,1,,,,,,,,False,1,1,"{1,3,4}",,,False,False,,True,2026-03-02 22:32:41.817242+00:00,2,2026-03-02 22:32:41.817242+00:00,2
1607,C_ESB355,,,,2,1,,,,,,,,False,1,1,"{1,3,4}",,,False,False,,True,2026-03-02 22:32:41.817242+00:00,2,2026-03-02 22:32:41.817242+00:00,2
1608,C_ESB361,,,,2,1,,,,,,,,False,1,1,"{1,3,4}",,,False,False,,True,2026-03-02 22:32:41.817242+00:00,2,2026-03-02 22:32:41.817242+00:00,2
1609,C_ESB403,,,,2,1,,,,,,,,False,1,1,"{1,3,4}",,,False,False,,True,2026-03-02 22:32:41.817242+00:00,2,2026-03-02 22:32:41.817242+00:00,2
1610,C_ESB406,,,,2,1,,,,,,,,False,1,1,"{1,3,4}",,,False,False,,True,2026-03-02 22:32:41.817242+00:00,2,2026-03-02 22:32:41.817242+00:00,2
1611,C_ESB407,,,,2,1,,,,,,,,False,1,1,"{1,3,4}",,,False,False,,True,2026-03-02 22:32:41.817242+00:00,2,2026-03-02 22:32:41.817242+00:00,2
1612,C_ESB408,,,,2,1,,,,,,,,False,1,1,"{1,3,4}",,,False,False,,True,2026-03-02 22:32:41.817242+00:00,2,2026-03-02 22:32:41.817242+00:00,2
1613,C_ESB413,,,,2,1,,,,,,,,False,1,1,"{1,3,4}",,,False,False,,True,2026-03-02 22:32:41.817242+00:00,2,2026-03-02 22:32:41.817242+00:00,2
1614,C_ESB414,,,,2,1,,,,,,,,False,1,1,"{1,3,4}",,,False,False,,True,2026-03-02 22:32:41.817242+00:00,2,2026-03-02 22:32:41.817242+00:00,2
1615,C_ESB415,,,,2,1,,,,,,,,False,1,1,"{1,3,4}",,,False,False,,True,2026-03-02 22:32:41.817242+00:00,2,2026-03-02 22:32:41.817242+00:00,2
1616,C_ESB420,,,,2,1,,,,,,,,False,1,1,"{1,3,4}",,,False,False,,True,2026-03-02 22:32:41.817242+00:00,2,2026-03-02 22:32:41.817242+00:00,2
1617,C_ESB425,,,,2,1,,,,,,,,False,1,1,"{1,3,4}",,,False,False,,True,2026-03-02 22:32:41.817242+00:00,2,2026-03-02 22:32:41.817242+00:00,2
1618,C_ESB433,,,,2,1,,,,,,,,False,1,1,"{1,3,4}",,,False,False,,True,2026-03-02 22:32:41.817242+00:00,2,2026-03-02 22:32:41.817242+00:00,2
1619,C_ESC000,Eastside Canal,,Canal,2,1,2,,ESC000,EBP042,7708.48113996634,,,True,1,1,"{1,3,4}",,,False,False,,True,2026-03-02 22:32:41.817242+00:00,2,2026-03-02 22:32:41.817242+00:00,2
1620,C_ESL010,Edgar Slough/Cherokee Creek,,Stream,2,1,1,,,,,,,False,1,1,"{1,3,4}",,,False,False,,True,2026-03-02 22:32:41.817242+00:00,2,2026-03-02 22:32:41.817242+00:00,2
1621,C_ESTMN,Chowchilla River,,Stream,2,1,2,,ESTMN,CHW037,662.437312209226,,,True,1,1,"{1,3,4}",,,False,False,,True,2026-03-02 22:32:41.817242+00:00,2,2026-03-02 22:32:41.817242+00:00,2
1622,C_FCS006,French Camp Slough,,Stream,2,1,2,,FCS006,SJR043,9076.6618320037,,,True,1,1,"{1,3,4}",,,False,False,,True,2026-03-02 22:32:41.817242+00:00,2,2026-03-02 22:32:41.817242+00:00,2
1623,C_FDC006,French Dry Creek,,Stream,2,1,1,,FDC006,YUB014,9656.06388384654,,,True,1,1,"{1,3,4}",,,False,False,,True,2026-03-02 22:32:41.817242+00:00,2,2026-03-02 22:32:41.817242+00:00,2
1624,C_FMT002,French Meadows Powerhouse Tailrace,,Canal,2,1,1,,FMT002,RUB032,461.535667148904,,,True,1,1,"{1,3,4}",,,False,False,,True,2026-03-02 22:32:41.817242+00:00,2,2026-03-02 22:32:41.817242+00:00,2
1625,C_FPT000,Forbestown Tunnel,,,2,1,1,,,,,,,False,1,1,"{1,3,4}",,,False,False,,True,2026-03-02 22:32:41.817242+00:00,2,2026-03-02 22:32:41.817242+00:00,2
1626,C_FRDYC,Fordyce Creek,,Stream,2,1,1,,FRDYC,FDC011,264.55766426607,,,True,1,1,"{1,3,4}",,,False,False,,True,2026-03-02 22:32:41.817242+00:00,2,2026-03-02 22:32:41.817242+00:00,2
1627,C_FRNCH,Little Last Chance Creek,,Stream,2,1,1,,FRNCH,LLC007,95.2821169132592,,,True,1,1,"{1,3,4}",,,False,False,,True,2026-03-02 22:32:41.817242+00:00,2,2026-03-02 22:32:41.817242+00:00,2
1628,C_FRS020,Fresno River,,Stream,2,1,2,,FRS020,FRS016,6437.38884046895,,,True,1,1,"{1,3,4}",,,False,False,,True,2026-03-02 22:32:41.817242+00:00,2,2026-03-02 22:32:41.817242+00:00,2
1629,C_FRS025,Fresno River,,Stream,2,1,2,,FRS025,FRS022,4970.81066703894,,,True,1,1,"{1,3,4}",,,False,False,,True,2026-03-02 22:32:41.817242+00:00,2,2026-03-02 22:32:41.817242+00:00,2
1630,C_FRS036,Fresno River,,Stream,2,1,2,,FRS036,FRS032,6483.25086877578,,,True,1,1,"{1,3,4}",,,False,False,,True,2026-03-02 22:32:41.817242+00:00,2,2026-03-02 22:32:41.817242+00:00,2
1631,C_FRS045,Fresno River,,Stream,2,1,2,,FRS045,FRS039,8046.736166792,,,True,1,1,"{1,3,4}",,,False,False,,True,2026-03-02 22:32:41.817242+00:00,2,2026-03-02 22:32:41.817242+00:00,2
1632,C_FRS048,Fresno River,,Canal,2,1,2,,FRS048,FRS046,3405.50150408306,,,True,1,1,"{1,3,4}",,,False,False,,True,2026-03-02 22:32:41.817242+00:00,2,2026-03-02 22:32:41.817242+00:00,2
1633,C_FSC013,Folsom South Canal,,Canal,2,1,1,,FSC013,FSC015,3922.02889408081,,,True,1,1,"{1,3,4}",,,False,False,,True,2026-03-02 22:32:41.817242+00:00,2,2026-03-02 22:32:41.817242+00:00,2
1634,C_FSC025,Folsom South Canal,,Canal,2,1,2,,FSC025,FSC027,2868.46047413799,,,True,1,1,"{1,3,4}",,,False,False,,True,2026-03-02 22:32:41.817242+00:00,2,2026-03-02 22:32:41.817242+00:00,2
1635,C_FSL012,Fresno Slough,,Stream,2,1,2,,FSL012,FSL005,11426.9880267386,,,True,1,1,"{1,3,4}",,,False,False,,True,2026-03-02 22:32:41.817242+00:00,2,2026-03-02 22:32:41.817242+00:00,2
1636,C_FTR008,Feather River,,Stream,2,1,1,,FTR008,FTR003,8046.71997680753,,,True,1,1,"{1,3,4}",,,False,False,,True,2026-03-02 22:32:41.817242+00:00,2,2026-03-02 22:32:41.817242+00:00,2
1637,C_FTR014,Feather River,,Stream,2,1,1,,FTR014,FTR012,1793.23846241107,,,True,1,1,"{1,3,4}",,,False,False,,True,2026-03-02 22:32:41.817242+00:00,2,2026-03-02 22:32:41.817242+00:00,2
1638,C_FTR018,Feather River,,Stream,2,1,1,,FTR018,FTR016,4265.32452128515,,,True,1,1,"{1,3,4}",,,False,False,,True,2026-03-02 22:32:41.817242+00:00,2,2026-03-02 22:32:41.817242+00:00,2
1639,C_FTR025,Feather River,,Stream,2,1,1,,FTR025,FTR021,6157.68706187051,,,True,1,1,"{1,3,4}",,,False,False,,True,2026-03-02 22:32:41.817242+00:00,2,2026-03-02 22:32:41.817242+00:00,2
1640,C_FTR029,Feather River,,Stream,2,1,1,SAC,FTR029,FTR028,1503.90483846209,,,True,1,1,"{1,3,4}",UPPER_FEATHER,UNIMP_OROV,True,True,stream,True,2026-03-02 22:32:41.817242+00:00,2,2026-03-02 22:32:41.817242+00:00,2
1641,C_FTR031,Feather River,,Stream,2,1,1,,FTR031,FTR030,414.717475664069,,,True,1,1,"{1,3,4}",,,False,False,,True,2026-03-02 22:32:41.817242+00:00,2,2026-03-02 22:32:41.817242+00:00,2
1642,C_FTR039,Feather River,,Stream,2,1,1,,FTR039,FTR036,5400.3362316006,,,True,1,1,"{1,3,4}",,,False,False,,True,2026-03-02 22:32:41.817242+00:00,2,2026-03-02 22:32:41.817242+00:00,2
1643,C_FTR048,Feather River,,Stream,2,1,1,,FTR048,FTR045,5134.88889580415,,,True,1,1,"{1,3,4}",,,False,False,,True,2026-03-02 22:32:41.817242+00:00,2,2026-03-02 22:32:41.817242+00:00,2
1644,C_FTR053,Feather River,,Stream,2,1,1,,FTR053,FTR051,3218.52379899436,,,True,1,1,"{1,3,4}",,,False,False,,True,2026-03-02 22:32:41.817242+00:00,2,2026-03-02 22:32:41.817242+00:00,2
1645,C_FTR059_DELTA,Feather River Delta,,,2,1,1,,,,,,,False,1,1,"{1,3,4}",,,False,False,,True,2026-03-02 22:32:41.817242+00:00,2,2026-03-02 22:32:41.817242+00:00,2
1646,C_FTR063,Feather River,,Stream,2,1,1,,FTR063,FTR059,6178.4407374894,,,True,1,1,"{1,3,4}",,,False,False,,True,2026-03-02 22:32:41.817242+00:00,2,2026-03-02 22:32:41.817242+00:00,2
1647,C_FTR068,Feather River downstream of Thermalito Diversion Dam,,Stream,2,1,1,SAC,FTR068,FTR067,949.864727351537,,,True,1,1,"{1,3,4}",UPPER_FEATHER,UNIMP_OROV,False,False,stream,True,2026-03-02 22:32:41.817242+00:00,2,2026-03-02 22:32:41.817242+00:00,2
1648,C_FTR074,Feather River,,Stream,2,1,1,,FTR074,OROVL,2615.07590233993,,,True,1,1,"{1,3,4}",,,False,False,,True,2026-03-02 22:32:41.817242+00:00,2,2026-03-02 22:32:41.817242+00:00,2
1649,C_GCC010,Glenn Colusa Canal,,Canal,2,1,1,,GCC010,GCC015,8046.72003493417,,,True,1,1,"{1,3,4}",,,False,False,,True,2026-03-02 22:32:41.817242+00:00,2,2026-03-02 22:32:41.817242+00:00,2
1650,C_GCC022,Glenn Colusa Canal,,Canal,2,1,1,,GCC022,GCC027,8046.72001941126,,,True,1,1,"{1,3,4}",,,False,False,,True,2026-03-02 22:32:41.817242+00:00,2,2026-03-02 22:32:41.817242+00:00,2
1651,C_GCC032,Glenn Colusa Canal,,Canal,2,1,1,,GCC032,GCC036,6488.12156132075,,,True,1,1,"{1,3,4}",,,False,False,,True,2026-03-02 22:32:41.817242+00:00,2,2026-03-02 22:32:41.817242+00:00,2
1652,C_GCC039,Glenn Colusa Canal,,Canal,2,1,1,,GCC039,GCC042,4827.90648952306,,,True,1,1,"{1,3,4}",,,False,False,,True,2026-03-02 22:32:41.817242+00:00,2,2026-03-02 22:32:41.817242+00:00,2
1653,C_GCC046,Glenn Colusa Canal,,Canal,2,1,1,,GCC046,GCC050,6437.37600846241,,,True,1,1,"{1,3,4}",,,False,False,,True,2026-03-02 22:32:41.817242+00:00,2,2026-03-02 22:32:41.817242+00:00,2
1654,C_GCC056,Glenn Colusa Canal,,Canal,2,1,1,,GCC056,GCC060,7125.47360254253,,,True,1,1,"{1,3,4}",,,False,False,,True,2026-03-02 22:32:41.817242+00:00,2,2026-03-02 22:32:41.817242+00:00,2
1655,C_GCC065,Glenn Colusa Canal,,Canal,2,1,1,,GCC065,CBD031,4401.55433428559,,,True,1,1,"{1,3,4}",,,False,False,,True,2026-03-02 22:32:41.817242+00:00,2,2026-03-02 22:32:41.817242+00:00,2
1656,C_GFT003,Grizzly Forebay Tunnel,,,2,1,1,,GFT003,NFF038,401.74292249746,,,True,1,1,"{1,3,4}",,,False,False,,True,2026-03-02 22:32:41.817242+00:00,2,2026-03-02 22:32:41.817242+00:00,2
1657,C_GRT003,Grizzly Tunnel,,Canal,2,1,1,,GRT003,GZL009,67.204377519138,,,True,1,1,"{1,3,4}",,,False,False,,True,2026-03-02 22:32:41.817242+00:00,2,2026-03-02 22:32:41.817242+00:00,2
1658,C_GZL007,Grizzly Creek,,Stream,2,1,1,,GZL007,NFF034,11687.4047181693,,,True,1,1,"{1,3,4}",,,False,False,,True,2026-03-02 22:32:41.817242+00:00,2,2026-03-02 22:32:41.817242+00:00,2
1659,C_GZL009,Grizzly Creek,,Stream,2,1,1,,GZL009,GZL008,1154.17297138022,,,True,1,1,"{1,3,4}",,,False,False,,True,2026-03-02 22:32:41.817242+00:00,2,2026-03-02 22:32:41.817242+00:00,2
1660,C_HKC002,Hendricks Canal,,Canal,2,1,1,,HKC002,TTC000,9877.6184658564,,,True,1,1,"{1,3,4}",,,False,False,,True,2026-03-02 22:32:41.817242+00:00,2,2026-03-02 22:32:41.817242+00:00,2
1661,C_HON004,South Honcut Creek,,Stream,2,1,1,,HON004,FTR045,6011.52341626476,,,True,1,1,"{1,3,4}",,,False,False,,True,2026-03-02 22:32:41.817242+00:00,2,2026-03-02 22:32:41.817242+00:00,2
1662,C_HTCHY,Tuolumne River below Hetch Hetchy to USGSS gage 11276500,,Stream,2,1,2,,HTCHY,TUO116,1773.39994697668,,,True,1,1,"{1,3,4}",,,False,False,,True,2026-03-02 22:32:41.817242+00:00,2,2026-03-02 22:32:41.817242+00:00,2
1663,C_IHT002,Ice House Powerhouse Tailrace,,Stream,2,1,1,,IHT002,UNVLY,6102.39718561876,,,True,1,1,"{1,3,4}",,,False,False,,True,2026-03-02 22:32:41.817242+00:00,2,2026-03-02 22:32:41.817242+00:00,2
1664,C_ING008,Ingram Creek,,Stream,2,1,2,,ING008,SJR075,16475.2563626973,,,True,1,1,"{1,3,4}",,,False,False,,True,2026-03-02 22:32:41.817242+00:00,2,2026-03-02 22:32:41.817242+00:00,2
1665,C_JBC002,Joint Board Canal,,Canal,2,1,1,,JBC002,JBC004,3631.97016254919,,,True,1,1,"{1,3,4}",,,False,False,,True,2026-03-02 22:32:41.817242+00:00,2,2026-03-02 22:32:41.817242+00:00,2
1666,C_JBC008,Joint Board Canal,,Canal,2,1,1,,JBC008,SEC009,10007.7072006181,,,True,1,1,"{1,3,4}",,,False,False,,True,2026-03-02 22:32:41.817242+00:00,2,2026-03-02 22:32:41.817242+00:00,2
1667,C_JBT004,Jaybird Tunnel,,Stream,2,1,1,,JBT004,SLV007,23.6499078757616,,,True,1,1,"{1,3,4}",,,False,False,,True,2026-03-02 22:32:41.817242+00:00,2,2026-03-02 22:32:41.817242+00:00,2
1668,C_JKSMD,Middle Yuba River,,Stream,2,1,1,,JKSMD,MFY046,1168.25398803238,,,True,1,1,"{1,3,4}",,,False,False,,True,2026-03-02 22:32:41.817242+00:00,2,2026-03-02 22:32:41.817242+00:00,2
1669,C_JWB001,Jawbone Creek,,Stream,2,1,2,,JWB001,TUO102,1366.61381504347,,,True,1,1,"{1,3,4}",,,False,False,,True,2026-03-02 22:32:41.817242+00:00,2,2026-03-02 22:32:41.817242+00:00,2
1670,C_KLR005,Knights Landing Ridgecut,,Canal,2,1,1,,KLR005,KLR006,2372.92543411989,,,True,1,1,"{1,3,4}",,,False,False,,True,2026-03-02 22:32:41.817242+00:00,2,2026-03-02 22:32:41.817242+00:00,2
1671,C_KRT000,Kelly Ridge Tunnel/Powerhouse,,,2,1,1,,,,,,,False,1,1,"{1,3,4}",,,False,False,,True,2026-03-02 22:32:41.817242+00:00,2,2026-03-02 22:32:41.817242+00:00,2
1672,C_KSWCK,Sacramento River below Keswick,,Stream,2,1,1,SAC,KSWCK,SAC299,1213.58765475222,,,True,1,1,"{1,3,4}",SAC_UPPER,UNIMP_SHAS,True,False,stream,True,2026-03-02 22:32:41.817242+00:00,2,2026-03-02 22:32:41.817242+00:00,2
1673,C_LBC010,Lower Boardman Canal,,Canal,2,1,1,,LBC010,LBC030,32230.1093711634,,,True,1,1,"{1,3,4}",,,False,False,,True,2026-03-02 22:32:41.817242+00:00,2,2026-03-02 22:32:41.817242+00:00,2
1674,C_LBC031,Lower Boardman Canal,,Canal,2,1,1,,,,,,,False,1,1,"{1,3,4}",,,False,False,,True,2026-03-02 22:32:41.817242+00:00,2,2026-03-02 22:32:41.817242+00:00,2
1675,C_LBC032,Lower Boardman Canal,,Canal,2,1,1,,LBC032,LBC038,9506.43887271965,,,True,1,1,"{1,3,4}",,,False,False,,True,2026-03-02 22:32:41.817242+00:00,2,2026-03-02 22:32:41.817242+00:00,2
1676,C_LBC040,Lower Boardman Canal,,Canal,2,1,1,,LBC040,LBC043,4724.56863736911,,,True,1,1,"{1,3,4}",,,False,False,,True,2026-03-02 22:32:41.817242+00:00,2,2026-03-02 22:32:41.817242+00:00,2
1677,C_LBC047,Lower Boardman Canal,,Canal,2,1,1,,,,,,,False,1,1,"{1,3,4}",,,False,False,,True,2026-03-02 22:32:41.817242+00:00,2,2026-03-02 22:32:41.817242+00:00,2
1678,C_LBC049,Lower Boardman Canal,,Canal,2,1,1,,LBC049,SCR002,16318.7883354036,,,True,1,1,"{1,3,4}",,,False,False,,True,2026-03-02 22:32:41.817242+00:00,2,2026-03-02 22:32:41.817242+00:00,2
1679,C_LBN008,Los Banos Creek,,Stream,2,1,2,,LBN008,MSN004,12781.5276868464,,,True,1,1,"{1,3,4}",,,False,False,,True,2026-03-02 22:32:41.817242+00:00,2,2026-03-02 22:32:41.817242+00:00,2
1680,C_LBN025,Los Banos Creek,,Stream,2,1,2,,LBN025,LBN012,21343.4548572043,,,True,1,1,"{1,3,4}",,,False,False,,True,2026-03-02 22:32:41.817242+00:00,2,2026-03-02 22:32:41.817242+00:00,2
1681,C_LBUCK,Bucks Creek,,Stream,2,1,1,,LBUCK,BUK007,1714.3224746949,,,True,1,1,"{1,3,4}",,,False,False,,True,2026-03-02 22:32:41.817242+00:00,2,2026-03-02 22:32:41.817242+00:00,2
1682,C_LCBRF,,,Stream,2,1,1,,LCBRF,TFR000,3687.63750296198,,,True,1,1,"{1,3,4}",,,False,False,,True,2026-03-02 22:32:41.817242+00:00,2,2026-03-02 22:32:41.817242+00:00,2
1683,C_LCC024,Little Chico Creek,,Stream,2,1,1,,LCC024,LCC016,12559.4183906788,,,True,1,1,"{1,3,4}",,,False,False,,True,2026-03-02 22:32:41.817242+00:00,2,2026-03-02 22:32:41.817242+00:00,2
1684,C_LCC029,Little Chico Creek,,Stream,2,1,1,,LCC029,LCC026,8046.81786419032,,,True,1,1,"{1,3,4}",,,False,False,,True,2026-03-02 22:32:41.817242+00:00,2,2026-03-02 22:32:41.817242+00:00,2
1685,C_LDC007,Little Dry Creek,,Stream,2,1,1,,LDC007,BTC016,11970.9220546446,,,True,1,1,"{1,3,4}",,,False,False,,True,2026-03-02 22:32:41.817242+00:00,2,2026-03-02 22:32:41.817242+00:00,2
1686,C_LDC029,Little Dry Creek,,Stream,2,1,1,,LDC029,LDC021,13433.3014082406,,,True,1,1,"{1,3,4}",,,False,False,,True,2026-03-02 22:32:41.817242+00:00,2,2026-03-02 22:32:41.817242+00:00,2
1687,C_LJC010,Littlejohns Creek,,Stream,2,1,2,,LJC010,FCS007,23234.365578864,,,True,1,1,"{1,3,4}",,,False,False,,True,2026-03-02 22:32:41.817242+00:00,2,2026-03-02 22:32:41.817242+00:00,2
1688,C_LKVLY,North Fork North Fork American River,,Stream,2,1,1,,LKVLY,NNA013,4688.49279483084,,,True,1,1,"{1,3,4}",,,False,False,,True,2026-03-02 22:32:41.817242+00:00,2,2026-03-02 22:32:41.817242+00:00,2
1689,C_LLOYD,,,,2,1,,,,,,,,False,1,1,"{1,3,4}",,,False,False,,True,2026-03-02 22:32:41.817242+00:00,2,2026-03-02 22:32:41.817242+00:00,2
1690,C_LLT000,Loon Lake Tunnel,,Canal,2,1,1,,LLT000,GERLE,6341.21230714803,,,True,1,1,"{1,3,4}",,,False,False,,True,2026-03-02 22:32:41.817242+00:00,2,2026-03-02 22:32:41.817242+00:00,2
1691,C_LOONL,Gerle Creek,,Stream,2,1,1,,LOONL,GRL010,555.783990709658,,,True,1,1,"{1,3,4}",,,False,False,,True,2026-03-02 22:32:41.817242+00:00,2,2026-03-02 22:32:41.817242+00:00,2
1692,C_LPC007,Little Panoche Creek,,Stream,2,1,2,,LPC007,LPC000,14261.7342290963,,,True,1,1,"{1,3,4}",,,False,False,,True,2026-03-02 22:32:41.817242+00:00,2,2026-03-02 22:32:41.817242+00:00,2
1693,C_LRB004,Little Rubicon River,,Stream,2,1,1,,LRB004,LRB003,43.0723672296981,,,True,1,1,"{1,3,4}",,,False,False,,True,2026-03-02 22:32:41.817242+00:00,2,2026-03-02 22:32:41.817242+00:00,2
1694,C_LRT000,Lohman Ridge Tunnel,,Canal,2,1,1,,LRT000,OGN005,6089.69991093228,,,True,1,1,"{1,3,4}",,,False,False,,True,2026-03-02 22:32:41.817242+00:00,2,2026-03-02 22:32:41.817242+00:00,2
1695,C_LST004,Lost Creek,,Stream,2,1,1,,LST004,LST003,481.082877381115,,,True,1,1,"{1,3,4}",,,False,False,,True,2026-03-02 22:32:41.817242+00:00,2,2026-03-02 22:32:41.817242+00:00,2
1696,C_LVC001,Lake Valley Canal,,Canal,2,1,1,,LVC001,DRM002,2340.65572544793,,,True,1,1,"{1,3,4}",,,False,False,,True,2026-03-02 22:32:41.817242+00:00,2,2026-03-02 22:32:41.817242+00:00,2
1697,C_LWSTN,Trinity River,,Stream,2,1,1,SAC,LWSTN,TRN111,2003.55865665765,,,True,1,1,"{1,3,4}",TRINITY_RIVER,UNIMP_TRIN,False,False,reservoir_release,True,2026-03-02 22:32:41.817242+00:00,2,2026-03-02 22:32:41.817242+00:00,2
1698,C_MAQ001,Mokelumne Aqueduct,,Canal,2,1,2,,MAQ001,MAQ012,16429.9960523322,,,True,1,1,"{1,3,4}",,,False,False,,True,2026-03-02 22:32:41.817242+00:00,2,2026-03-02 22:32:41.817242+00:00,2
1699,C_MAQ057,Mokelumne Aqueduct,,Canal,2,1,1,,,,,,,False,1,1,"{1,3,4}",,,False,False,,True,2026-03-02 22:32:41.817242+00:00,2,2026-03-02 22:32:41.817242+00:00,2
1700,C_MBT005,Milton-Bowman Tunnel,,Canal,2,1,1,,MBT005,BOWMN,4147.41792379088,,,True,1,1,"{1,3,4}",,,False,False,,True,2026-03-02 22:32:41.817242+00:00,2,2026-03-02 22:32:41.817242+00:00,2
1701,C_MCD005,Merced River,,Stream,2,1,2,SJR,MCD005,MCD002,4108.90391096041,,,True,1,1,"{1,3,4}",UPPER_MERCED,UNIMP_ME,True,True,stream,True,2026-03-02 22:32:41.817242+00:00,2,2026-03-02 22:32:41.817242+00:00,2
1702,C_MCD014,Merced River,,Stream,2,1,2,,MCD014,MCD009,8046.73604121327,,,True,1,1,"{1,3,4}",,,False,False,,True,2026-03-02 22:32:41.817242+00:00,2,2026-03-02 22:32:41.817242+00:00,2
1703,C_MCD021,Merced River,,Stream,2,1,2,SJR,MCD021,MCD018,5613.36219018436,,,True,1,1,"{1,3,4}",UPPER_MERCED,UNIMP_ME,False,False,stream,True,2026-03-02 22:32:41.817242+00:00,2,2026-03-02 22:32:41.817242+00:00,2
1704,C_MCD032,Merced River,,Stream,2,1,2,,MCD032,MCD028,6474.68631285839,,,True,1,1,"{1,3,4}",,,False,False,,True,2026-03-02 22:32:41.817242+00:00,2,2026-03-02 22:32:41.817242+00:00,2
1705,C_MCD036,Merced River,,Stream,2,1,2,,MCD036,MCD033,5192.78887251395,,,True,1,1,"{1,3,4}",,,False,False,,True,2026-03-02 22:32:41.817242+00:00,2,2026-03-02 22:32:41.817242+00:00,2
1706,C_MCD046,Merced River,,Stream,2,1,2,,MCD046,MCD042,7149.10668463822,,,True,1,1,"{1,3,4}",,,False,False,,True,2026-03-02 22:32:41.817242+00:00,2,2026-03-02 22:32:41.817242+00:00,2
1707,C_MCD050,Merced River,,Stream,2,1,2,,MCD050,MCD048,3859.72342951099,,,True,1,1,"{1,3,4}",,,False,False,,True,2026-03-02 22:32:41.817242+00:00,2,2026-03-02 22:32:41.817242+00:00,2
1708,C_MCD054,Merced River,,Stream,2,1,2,,MCD054,MCD052,4134.71871309814,,,True,1,1,"{1,3,4}",,,False,False,,True,2026-03-02 22:32:41.817242+00:00,2,2026-03-02 22:32:41.817242+00:00,2
1709,C_MCD056,Merced River,,Stream,2,1,2,,MCD056,MCD055,1769.2561976236,,,True,1,1,"{1,3,4}",,,False,False,,True,2026-03-02 22:32:41.817242+00:00,2,2026-03-02 22:32:41.817242+00:00,2
1710,C_MCW003,,,,2,1,,,,,,,,False,1,1,"{1,3,4}",,,False,False,,True,2026-03-02 22:32:41.817242+00:00,2,2026-03-02 22:32:41.817242+00:00,2
1711,C_MDC006,Madera Canal,,Canal,2,1,2,,MDC006,MDC019,20362.6010158388,,,True,1,1,"{1,3,4}",,,False,False,,True,2026-03-02 22:32:41.817242+00:00,2,2026-03-02 22:32:41.817242+00:00,2
1712,C_MDC032,Madera Canal,,Canal,2,1,2,,MDC032,CHW028,6254.4729748486,,,True,1,1,"{1,3,4}",,,False,False,,True,2026-03-02 22:32:41.817242+00:00,2,2026-03-02 22:32:41.817242+00:00,2
1713,C_MDOTAE,,,,2,1,,,,,,,,False,1,1,"{1,3,4}",,,False,False,,True,2026-03-02 22:32:41.817242+00:00,2,2026-03-02 22:32:41.817242+00:00,2
1714,C_MDS003,Modesto Main Canal,,Canal,2,1,2,,MDS003,MDSTO,21455.8730355639,,,True,1,1,"{1,3,4}",,,False,False,,True,2026-03-02 22:32:41.817242+00:00,2,2026-03-02 22:32:41.817242+00:00,2
1715,C_MERLC,French Dry Creek,,Stream,2,1,1,,MERLC,FDC006,10275.2359825822,,,True,1,1,"{1,3,4}",,,False,False,,True,2026-03-02 22:32:41.817242+00:00,2,2026-03-02 22:32:41.817242+00:00,2
1716,C_MFA023,Middle Fork American River,,Stream,2,1,1,,MFA023,MFA001,34847.7831611938,,,True,1,1,"{1,3,4}",,,False,False,,True,2026-03-02 22:32:41.817242+00:00,2,2026-03-02 22:32:41.817242+00:00,2
1717,C_MFA025,Middle Fork American River,,Stream,2,1,1,,MFA025,MFA024,1020.69209463103,,,True,1,1,"{1,3,4}",,,False,False,,True,2026-03-02 22:32:41.817242+00:00,2,2026-03-02 22:32:41.817242+00:00,2
1718,C_MFA035,Middle Fork American River,,Stream,2,1,1,,MFA035,MFA026,16272.740555293,,,True,1,1,"{1,3,4}",,,False,False,,True,2026-03-02 22:32:41.817242+00:00,2,2026-03-02 22:32:41.817242+00:00,2
1719,C_MFA037,Middle Fork American River,,Stream,2,1,1,,MFA037,MFA036,597.003945948921,,,True,1,1,"{1,3,4}",,,False,False,,True,2026-03-02 22:32:41.817242+00:00,2,2026-03-02 22:32:41.817242+00:00,2
1720,C_MFA040,Middle Fork American River,,Stream,2,1,1,,MFA040,MFA038,5971.01142678148,,,True,1,1,"{1,3,4}",,,False,False,,True,2026-03-02 22:32:41.817242+00:00,2,2026-03-02 22:32:41.817242+00:00,2
1721,C_MFF019,Middle Fork Feather River,,Stream,2,1,1,,MFF019,SFF002,30435.4663381516,,,True,1,1,"{1,3,4}",,,False,False,,True,2026-03-02 22:32:41.817242+00:00,2,2026-03-02 22:32:41.817242+00:00,2
1722,C_MFF088,Middle Fork Feather River,,Stream,2,1,1,,MFF088,MFF087,1690.1672721206,,,True,1,1,"{1,3,4}",,,False,False,,True,2026-03-02 22:32:41.817242+00:00,2,2026-03-02 22:32:41.817242+00:00,2
1723,C_MFM001,Middle Fork Mokelumne River,,Stream,2,1,2,,MFM001,MOK088,2319.04394651284,,,True,1,1,"{1,3,4}",,,False,False,,True,2026-03-02 22:32:41.817242+00:00,2,2026-03-02 22:32:41.817242+00:00,2
1724,C_MFM007,Middle Fork Mokelumne River,,Stream,2,1,2,,MFM007,MFM006,1126.47959571863,,,True,1,1,"{1,3,4}",,,False,False,,True,2026-03-02 22:32:41.817242+00:00,2,2026-03-02 22:32:41.817242+00:00,2
1725,C_MFS012,Middle Fork Stanislaus River,,Stream,2,1,2,,MFS012,STN093,20067.655894906,,,True,1,1,"{1,3,4}",,,False,False,,True,2026-03-02 22:32:41.817242+00:00,2,2026-03-02 22:32:41.817242+00:00,2
1726,C_MFS014,Middle Fork Stanislaus River,,Stream,2,1,2,,MFS014,MFS013,1593.21919682647,,,True,1,1,"{1,3,4}",,,False,False,,True,2026-03-02 22:32:41.817242+00:00,2,2026-03-02 22:32:41.817242+00:00,2
1727,C_MFS016,Middle Fork Stanislaus River,,Stream,2,1,2,,MFS016,MFS015,1438.55803778062,,,True,1,1,"{1,3,4}",,,False,False,,True,2026-03-02 22:32:41.817242+00:00,2,2026-03-02 22:32:41.817242+00:00,2
1728,C_MFS022,Middle Fork Stanislaus River,,Stream,2,1,2,,MFS022,MFS021,361.471185112371,,,True,1,1,"{1,3,4}",,,False,False,,True,2026-03-02 22:32:41.817242+00:00,2,2026-03-02 22:32:41.817242+00:00,2
1729,C_MFT000,Middle Fork Tuolumne River,,Stream,2,1,2,,MFT000,SFT002,1325.68480053014,,,True,1,1,"{1,3,4}",,,False,False,,True,2026-03-02 22:32:41.817242+00:00,2,2026-03-02 22:32:41.817242+00:00,2
1730,C_MFT004,Middle Fork Tunnel,,Canal,2,1,1,,MFT004,MFT011,11020.6581803713,,,True,1,1,"{1,3,4}",,,False,False,,True,2026-03-02 22:32:41.817242+00:00,2,2026-03-02 22:32:41.817242+00:00,2
1731,C_MFY005,Middle Yuba River,,Stream,2,1,1,,MFY005,YUB039,7351.50266987405,,,True,1,1,"{1,3,4}",,,False,False,,True,2026-03-02 22:32:41.817242+00:00,2,2026-03-02 22:32:41.817242+00:00,2
1732,C_MFY013,Middle Yuba River,,Stream,2,1,1,,MFY013,MFY012,158.872753235534,,,True,1,1,"{1,3,4}",,,False,False,,True,2026-03-02 22:32:41.817242+00:00,2,2026-03-02 22:32:41.817242+00:00,2
1733,C_MFY045,Middle Yuba River,,Stream,2,1,1,,MFY045,MFY044,96.2595354786738,,,True,1,1,"{1,3,4}",,,False,False,,True,2026-03-02 22:32:41.817242+00:00,2,2026-03-02 22:32:41.817242+00:00,2
1734,C_MIL002,Mills Creek,,Stream,2,1,2,,,,3819.7124833828,,,True,1,1,"{1,3,4}",,,False,False,,True,2026-03-02 22:32:41.817242+00:00,2,2026-03-02 22:32:41.817242+00:00,2
1735,C_MIO010,Miocene Canal,,,2,1,1,,,,,,,False,1,1,"{1,3,4}",,,False,False,,True,2026-03-02 22:32:41.817242+00:00,2,2026-03-02 22:32:41.817242+00:00,2
1736,C_MLC004,Mill Creek,,Stream,2,1,1,,MLC004,SAC228,6437.37601617424,,,True,1,1,"{1,3,4}",,,False,False,,True,2026-03-02 22:32:41.817242+00:00,2,2026-03-02 22:32:41.817242+00:00,2
1737,C_MLRTN,San Joaquin River Friant Release,,Stream,2,1,2,SJR,MLRTN,SJR265,256.867035959378,,,True,1,1,"{1,3,4}",,,False,False,,True,2026-03-02 22:32:41.817242+00:00,2,2026-03-02 22:32:41.817242+00:00,2
1738,C_MNT000,Mountain Tunnel,,,2,1,2,,,,,,,False,1,1,"{1,3,4}",,,False,False,,True,2026-03-02 22:32:41.817242+00:00,2,2026-03-02 22:32:41.817242+00:00,2
1739,C_MNT020,Mountain Tunnel,,,2,1,2,,,,,,,False,1,1,"{1,3,4}",,,False,False,,True,2026-03-02 22:32:41.817242+00:00,2,2026-03-02 22:32:41.817242+00:00,2
1740,C_MOC003,Moccasin Creek,,Stream,2,1,2,,MOC003,TUO073,4474.38306311703,,,True,1,1,"{1,3,4}",,,False,False,,True,2026-03-02 22:32:41.817242+00:00,2,2026-03-02 22:32:41.817242+00:00,2
1741,C_MOK014,Mokelumne River,,Stream,2,1,1,,MOK014,MOK004,16953.8977748375,,,True,1,1,"{1,3,4}",,,False,False,,True,2026-03-02 22:32:41.817242+00:00,2,2026-03-02 22:32:41.817242+00:00,2
1742,C_MOK022,Mokelumne River,,Stream,2,1,2,,MOK022,MOK019,4258.55330081545,,,True,1,1,"{1,3,4}",,,False,False,,True,2026-03-02 22:32:41.817242+00:00,2,2026-03-02 22:32:41.817242+00:00,2
1743,C_MOK033,Mokelumne River,,Stream,2,1,2,,MOK033,MOK028,7387.27752122594,,,True,1,1,"{1,3,4}",,,False,False,,True,2026-03-02 22:32:41.817242+00:00,2,2026-03-02 22:32:41.817242+00:00,2
1744,C_MOK035,Mokelumne River,,Stream,2,1,2,,MOK035,MOK034,1241.33483253939,,,True,1,1,"{1,3,4}",,,False,False,,True,2026-03-02 22:32:41.817242+00:00,2,2026-03-02 22:32:41.817242+00:00,2
1745,C_MOK044,Mokelumne River,,Stream,2,1,2,,MOK044,MOK039,9790.07625447788,,,True,1,1,"{1,3,4}",,,False,False,,True,2026-03-02 22:32:41.817242+00:00,2,2026-03-02 22:32:41.817242+00:00,2
1746,C_MOK055,Mokelumne River,,Stream,2,1,2,,MOK055,MOK050,8046.71995671398,,,True,1,1,"{1,3,4}",,,False,False,,True,2026-03-02 22:32:41.817242+00:00,2,2026-03-02 22:32:41.817242+00:00,2
1747,C_MOK079,Mokelumne River,,Stream,2,1,2,,MOK079,PARDE,15093.3341926824,,,True,1,1,"{1,3,4}",,,False,False,,True,2026-03-02 22:32:41.817242+00:00,2,2026-03-02 22:32:41.817242+00:00,2
1748,C_MOK088,Mokelumne River,,Stream,2,1,2,,MOK088,MOK082,8691.2063647305,,,True,1,1,"{1,3,4}",,,False,False,,True,2026-03-02 22:32:41.817242+00:00,2,2026-03-02 22:32:41.817242+00:00,2
1749,C_MRM001,Shirland Canal/Mormon Ravine,,Stream,2,1,1,,MRM001,NFA011,743.127569867598,,,True,1,1,"{1,3,4}",,,False,False,,True,2026-03-02 22:32:41.817242+00:00,2,2026-03-02 22:32:41.817242+00:00,2
1750,C_MSH015,Marsh Creek,,Stream,2,1,1,,MSH015,SJR009,24774.1506997278,,,True,1,1,"{1,3,4}",,,False,False,,True,2026-03-02 22:32:41.817242+00:00,2,2026-03-02 22:32:41.817242+00:00,2
1751,C_MSN005,Mud Slough,,Stream,2,1,2,,MSN005,MSN004,2060.03472011224,,,True,1,1,"{1,3,4}",,,False,False,,True,2026-03-02 22:32:41.817242+00:00,2,2026-03-02 22:32:41.817242+00:00,2
1752,C_MSS014,Mud Slough,,Stream,2,1,2,,MSS014,SAL017,21960.1924773249,,,True,1,1,"{1,3,4}",,,False,False,,True,2026-03-02 22:32:41.817242+00:00,2,2026-03-02 22:32:41.817242+00:00,2
1753,C_NBA009,North Bay Aqueduct,,Canal,2,1,1,,NBA009,NBA011,2504.73792737919,,,True,1,1,"{1,3,4}",,,False,False,,True,2026-03-02 22:32:41.817242+00:00,2,2026-03-02 22:32:41.817242+00:00,2
1754,C_NBA021,North Bay Aqueduct,,Canal,2,1,1,,NBA021,NBA027,9656.08330538328,,,True,1,1,"{1,3,4}",,,False,False,,True,2026-03-02 22:32:41.817242+00:00,2,2026-03-02 22:32:41.817242+00:00,2
1755,C_NCM020,,,,2,1,,,,,,,,False,1,1,"{1,3,4}",,,False,False,,True,2026-03-02 22:32:41.817242+00:00,2,2026-03-02 22:32:41.817242+00:00,2
1756,C_NCT001,NF Long Canyon Creek Diversion Tunnel,,,2,1,1,,,,,,,False,1,1,"{1,3,4}",,,False,False,,True,2026-03-02 22:32:41.817242+00:00,2,2026-03-02 22:32:41.817242+00:00,2
1757,C_NCW001,,,,2,1,,,,,,,,False,1,1,"{1,3,4}",,,False,False,,True,2026-03-02 22:32:41.817242+00:00,2,2026-03-02 22:32:41.817242+00:00,2
1758,C_NFA011,North Fork American River,,Stream,2,1,1,,NFA011,FOLSM,17622.9999412833,,,True,1,1,"{1,3,4}",,,False,False,,True,2026-03-02 22:32:41.817242+00:00,2,2026-03-02 22:32:41.817242+00:00,2
1759,C_NFA019,North Fork American River,,Stream,2,1,1,,NFA019,NFA016,5531.73097220247,,,True,1,1,"{1,3,4}",,,False,False,,True,2026-03-02 22:32:41.817242+00:00,2,2026-03-02 22:32:41.817242+00:00,2
1760,C_NFA048,North Fork American River,,Stream,2,1,1,,NFA048,NFA022,42836.3204355171,,,True,1,1,"{1,3,4}",,,False,False,,True,2026-03-02 22:32:41.817242+00:00,2,2026-03-02 22:32:41.817242+00:00,2
1761,C_NFC005,North Fork Cache Creek,,Stream,2,1,1,,NFC005,CCH075,8316.15513936799,,,True,1,1,"{1,3,4}",,,False,False,,True,2026-03-02 22:32:41.817242+00:00,2,2026-03-02 22:32:41.817242+00:00,2
1762,C_NFF008,North Fork Feather River,,Stream,2,1,1,,NFF008,FTR074,13059.1500048436,,,True,1,1,"{1,3,4}",,,False,False,,True,2026-03-02 22:32:41.817242+00:00,2,2026-03-02 22:32:41.817242+00:00,2
1763,C_NFF028,North Fork Feather River,,Stream,2,1,1,,NFF028,NFF027,2226.1417527107,,,True,1,1,"{1,3,4}",,,False,False,,True,2026-03-02 22:32:41.817242+00:00,2,2026-03-02 22:32:41.817242+00:00,2
1764,C_NFF030,North Fork Feather River,,Stream,2,1,1,,NFF030,NFF029,4870.15722793415,,,True,1,1,"{1,3,4}",,,False,False,,True,2026-03-02 22:32:41.817242+00:00,2,2026-03-02 22:32:41.817242+00:00,2
1765,C_NFF035,North Fork Feather River,,Stream,2,1,1,,NFF037,NFF035,839.78053752293,,,True,1,1,"{1,3,4}",,,False,False,,True,2026-03-02 22:32:41.817242+00:00,2,2026-03-02 22:32:41.817242+00:00,2
1766,C_NFF038,North Fork Feather River,,Stream,2,1,1,,NFF038,NFF037,2841.38458859579,,,True,1,1,"{1,3,4}",,,False,False,,True,2026-03-02 22:32:41.817242+00:00,2,2026-03-02 22:32:41.817242+00:00,2
1767,C_NFF045,North Fork Feather River,,Stream,2,1,1,,NFF045,NFF039,8197.48944414345,,,True,1,1,"{1,3,4}",,,False,False,,True,2026-03-02 22:32:41.817242+00:00,2,2026-03-02 22:32:41.817242+00:00,2
1768,C_NFF048,North Fork Feather River,,Stream,2,1,1,,NFF048,NFF046,1099.96325762067,,,True,1,1,"{1,3,4}",,,False,False,,True,2026-03-02 22:32:41.817242+00:00,2,2026-03-02 22:32:41.817242+00:00,2
1769,C_NFF057,North Fork Feather River,,Stream,2,1,1,,NFF057,NFF050,9875.93379415681,,,True,1,1,"{1,3,4}",,,False,False,,True,2026-03-02 22:32:41.817242+00:00,2,2026-03-02 22:32:41.817242+00:00,2
1770,C_NFF059,North Fork Feather River,,Stream,2,1,1,,NFF059,NFF058,660.772792975868,,,True,1,1,"{1,3,4}",,,False,False,,True,2026-03-02 22:32:41.817242+00:00,2,2026-03-02 22:32:41.817242+00:00,2
1771,C_NFF069,North Fork Feather River,,Stream,2,1,1,,NFF069,NFF060,2135.1790485176,,,True,1,1,"{1,3,4}",,,False,False,,True,2026-03-02 22:32:41.817242+00:00,2,2026-03-02 22:32:41.817242+00:00,2
1772,C_NFM006,North Fork Mokelumne River,,Stream,2,1,2,,NFM006,MOK088,10792.3397968599,,,True,1,1,"{1,3,4}",,,False,False,,True,2026-03-02 22:32:41.817242+00:00,2,2026-03-02 22:32:41.817242+00:00,2
1773,C_NFM012,North Fork Mokelumne River,,Stream,2,1,2,,NFM012,NFM010,2041.64512876321,,,True,1,1,"{1,3,4}",,,False,False,,True,2026-03-02 22:32:41.817242+00:00,2,2026-03-02 22:32:41.817242+00:00,2
1774,C_NFM026,North Fork Mokelumne River,,,2,1,2,,,,,,,False,1,1,"{1,3,4}",,,False,False,,True,2026-03-02 22:32:41.817242+00:00,2,2026-03-02 22:32:41.817242+00:00,2
1775,C_NFM029,North Fork Mokelumne River,,Stream,2,1,2,,NFM029,NFM024,7950.77115213188,,,True,1,1,"{1,3,4}",,,False,False,,True,2026-03-02 22:32:41.817242+00:00,2,2026-03-02 22:32:41.817242+00:00,2
1776,C_NFS005,North Fork Stanislaus River,,Stream,2,1,2,,NFS005,NFS003,4192.60023869756,,,True,1,1,"{1,3,4}",,,False,False,,True,2026-03-02 22:32:41.817242+00:00,2,2026-03-02 22:32:41.817242+00:00,2
1777,C_NFS008,North Fork Stanislaus River,,Stream,2,1,2,,NFS008,NFS007,351.297328472126,,,True,1,1,"{1,3,4}",,,False,False,,True,2026-03-02 22:32:41.817242+00:00,2,2026-03-02 22:32:41.817242+00:00,2
1778,C_NFS027,North Fork Stanislaus River,,Stream,2,1,2,,NFS027,NFS009,29059.213594602,,,True,1,1,"{1,3,4}",,,False,False,,True,2026-03-02 22:32:41.817242+00:00,2,2026-03-02 22:32:41.817242+00:00,2
1779,C_NFT008,North Fork Tuolumne River,,Stream,2,1,2,,NFT008,TUO081,13219.0188688902,,,True,1,1,"{1,3,4}",,,False,False,,True,2026-03-02 22:32:41.817242+00:00,2,2026-03-02 22:32:41.817242+00:00,2
1780,C_NFY017,North Yuba River,,Stream,2,1,1,,NFY017,NBLDB,24509.3613863969,,,True,1,1,"{1,3,4}",,,False,False,,True,2026-03-02 22:32:41.817242+00:00,2,2026-03-02 22:32:41.817242+00:00,2
1781,C_NHGAN,Calaveras River,,Stream,2,1,2,,NHGAN,CLV044,1223.40247313584,,,True,1,1,"{1,3,4}",,,False,False,,True,2026-03-02 22:32:41.817242+00:00,2,2026-03-02 22:32:41.817242+00:00,2
1782,C_NLC003,North Fork Long Canyon Creek,,Stream,2,1,1,,NLC003,NLC002,257.692440898706,,,True,1,1,"{1,3,4}",,,False,False,,True,2026-03-02 22:32:41.817242+00:00,2,2026-03-02 22:32:41.817242+00:00,2
1783,C_NMA003,North Fork of Middle Fork American River,,Stream,2,1,1,,NMA003,MFA024,4185.25544901276,,,True,1,1,"{1,3,4}",,,False,False,,True,2026-03-02 22:32:41.817242+00:00,2,2026-03-02 22:32:41.817242+00:00,2
1784,C_NNA013,North Fork North Fork American River,,Stream,2,1,1,,NNA013,NFA054,21477.0193208812,,,True,1,1,"{1,3,4}",,,False,False,,True,2026-03-02 22:32:41.817242+00:00,2,2026-03-02 22:32:41.817242+00:00,2
1785,C_NTOMA_DELTA,American River Delta,,,2,1,1,,,,,,,False,1,1,"{1,3,4}",,,False,False,,True,2026-03-02 22:32:41.817242+00:00,2,2026-03-02 22:32:41.817242+00:00,2
1786,C_OAK001,Oakdale South Main Canal,,Canal,2,1,2,,OAK001,OAK020,31441.3167167098,,,True,1,1,"{1,3,4}",,,False,False,,True,2026-03-02 22:32:41.817242+00:00,2,2026-03-02 22:32:41.817242+00:00,2
1787,C_OGN005,Oregon Creek,,Stream,2,1,1,,OGN005,OGN004,143.28586710344,,,True,1,1,"{1,3,4}",,,False,False,,True,2026-03-02 22:32:41.817242+00:00,2,2026-03-02 22:32:41.817242+00:00,2
1788,C_OMR013A,Old/Middle Rivers,,Stream,2,1,1,,OMR013,OMR002,17852.0493333342,,,True,1,1,"{1,3,4}",,,False,False,,True,2026-03-02 22:32:41.817242+00:00,2,2026-03-02 22:32:41.817242+00:00,2
1789,C_OMR014,Old/Middle Rivers,,Stream,2,1,1,SJR,OMR014,OMR013,525.48874989184,,,True,1,1,"{1,3,4}",SAN_JOAQUIN,UNIMP_SJ,False,False,stream,True,2026-03-02 22:32:41.817242+00:00,2,2026-03-02 22:32:41.817242+00:00,2
1790,C_OMR021,Old/Middle Rivers,,Stream,2,1,1,,OMR021,OMR018,4236.08382201781,,,True,1,1,"{1,3,4}",,,False,False,,True,2026-03-02 22:32:41.817242+00:00,2,2026-03-02 22:32:41.817242+00:00,2
1791,C_OMR024B,Victoria Canal,,Canal,2,1,1,,OMR024,VCT002,3218.6944926819,,,True,1,1,"{1,3,4}",,,False,False,,True,2026-03-02 22:32:41.817242+00:00,2,2026-03-02 22:32:41.817242+00:00,2
1792,C_OMR028,Old/Middle Rivers,,Stream,2,1,1,,OMR028,OMR027,1456.8828847583,,,True,1,1,"{1,3,4}",,,False,False,,True,2026-03-02 22:32:41.817242+00:00,2,2026-03-02 22:32:41.817242+00:00,2
1793,C_OROVL,Feather River,,Stream,2,1,1,SAC,OROVL,FTR072,968.261438381566,,,True,1,1,"{1,3,4}",UPPER_FEATHER,UNIMP_OROV,False,False,reservoir_release,True,2026-03-02 22:32:41.817242+00:00,2,2026-03-02 22:32:41.817242+00:00,2
1794,C_ORT001,Orestimba Creek,,Stream,2,1,2,,ORT001,SJR106,2118.90725820487,,,True,1,1,"{1,3,4}",,,False,False,,True,2026-03-02 22:32:41.817242+00:00,2,2026-03-02 22:32:41.817242+00:00,2
1795,C_ORT014,Orestimba Creek,,Stream,2,1,2,,ORT014,ORT009,8046.73606844219,,,True,1,1,"{1,3,4}",,,False,False,,True,2026-03-02 22:32:41.817242+00:00,2,2026-03-02 22:32:41.817242+00:00,2
1796,C_OWN040,Owens Creek,,Stream,2,1,2,,OWN040,OWN011,45606.3223230962,,,True,1,1,"{1,3,4}",,,False,False,,True,2026-03-02 22:32:41.817242+00:00,2,2026-03-02 22:32:41.817242+00:00,2
1797,C_OYS001,Oyster Creek,,Stream,2,1,1,,OYS001,SLF014,1382.44155758886,,,True,1,1,"{1,3,4}",,,False,False,,True,2026-03-02 22:32:41.817242+00:00,2,2026-03-02 22:32:41.817242+00:00,2
1798,C_PCRST,South Fork Stanislaus River,,Stream,2,1,2,,PCRST,SFS033,2032.80880627472,,,True,1,1,"{1,3,4}",,,False,False,,True,2026-03-02 22:32:41.817242+00:00,2,2026-03-02 22:32:41.817242+00:00,2
1799,C_PHP000,Philadelphia Ditch,,Canal,2,1,2,,PHP000,MFS015,9220.57505027365,,,True,1,1,"{1,3,4}",,,False,False,,True,2026-03-02 22:32:41.817242+00:00,2,2026-03-02 22:32:41.817242+00:00,2
1800,C_PLC007,Pilot Creek,,Stream,2,1,1,,PLC007,PLC006,243.427090396854,,,True,1,1,"{1,3,4}",,,False,False,,True,2026-03-02 22:32:41.817242+00:00,2,2026-03-02 22:32:41.817242+00:00,2
1801,C_PLM001,Plum Creek (S. Fk. American),,Stream,2,1,1,,PLM001,SFA059,2194.25001766948,,,True,1,1,"{1,3,4}",,,False,False,,True,2026-03-02 22:32:41.817242+00:00,2,2026-03-02 22:32:41.817242+00:00,2
1802,C_PSC003,Putah South Canal,,Canal,2,1,1,,PSC003,PSC006,4962.47599989508,,,True,1,1,"{1,3,4}",,,False,False,,True,2026-03-02 22:32:41.817242+00:00,2,2026-03-02 22:32:41.817242+00:00,2
1803,C_PSC013,Putah South Canal,,Canal,2,1,1,,PSC013,PSC015,3273.41301131809,,,True,1,1,"{1,3,4}",,,False,False,,True,2026-03-02 22:32:41.817242+00:00,2,2026-03-02 22:32:41.817242+00:00,2
1804,C_PSC017,Putah South Canal,,Canal,2,1,1,,PSC017,PSC020,4520.70979286502,,,True,1,1,"{1,3,4}",,,False,False,,True,2026-03-02 22:32:41.817242+00:00,2,2026-03-02 22:32:41.817242+00:00,2
1805,C_PSC024,Putah South Canal,,Canal,2,1,1,,PSC024,PSC033,16084.0645279196,,,True,1,1,"{1,3,4}",,,False,False,,True,2026-03-02 22:32:41.817242+00:00,2,2026-03-02 22:32:41.817242+00:00,2
1806,C_PTH011,Putah Creek,,Stream,2,1,1,,PTH011,PTH007,6061.14958345941,,,True,1,1,"{1,3,4}",,,False,False,,True,2026-03-02 22:32:41.817242+00:00,2,2026-03-02 22:32:41.817242+00:00,2
1807,C_PTH020,Putah Creek,,Stream,2,1,1,,PTH020,PTH015,8046.71998254455,,,True,1,1,"{1,3,4}",,,False,False,,True,2026-03-02 22:32:41.817242+00:00,2,2026-03-02 22:32:41.817242+00:00,2
1808,C_PTH024,Putah Creek,,Stream,2,1,1,,PTH024,PTH021,4750.01231595891,,,True,1,1,"{1,3,4}",,,False,False,,True,2026-03-02 22:32:41.817242+00:00,2,2026-03-02 22:32:41.817242+00:00,2
1809,C_PTH070,Putah Creek,,Stream,2,1,1,,PTH070,BRYSA,91192.2333404787,,,True,1,1,"{1,3,4}",,,False,False,,True,2026-03-02 22:32:41.817242+00:00,2,2026-03-02 22:32:41.817242+00:00,2
1810,C_PYR001,Pyramid Creek,,Stream,2,1,1,,PYR001,SFA079,1669.80144475877,,,True,1,1,"{1,3,4}",,,False,False,,True,2026-03-02 22:32:41.817242+00:00,2,2026-03-02 22:32:41.817242+00:00,2
1811,C_RCK001,Rock Creek,,,2,1,1,,,,,,,False,1,1,"{1,3,4}",,,False,False,,True,2026-03-02 22:32:41.817242+00:00,2,2026-03-02 22:32:41.817242+00:00,2
1812,C_RCT007,Rock Creek Tunnel,,,2,1,1,,RCT007,NFF037,3354.77799290088,,,True,1,1,"{1,3,4}",,,False,False,,True,2026-03-02 22:32:41.817242+00:00,2,2026-03-02 22:32:41.817242+00:00,2
1813,C_RFS13,Return Flow Split,,,2,1,1,,,,,,,False,1,1,"{1,3,4}",,,False,False,,True,2026-03-02 22:32:41.817242+00:00,2,2026-03-02 22:32:41.817242+00:00,2
1814,C_RFS17,Return Flow Split,,,2,1,1,,,,,,,False,1,1,"{1,3,4}",,,False,False,,True,2026-03-02 22:32:41.817242+00:00,2,2026-03-02 22:32:41.817242+00:00,2
1815,C_RLIEF,Summit Creek,,Stream,2,1,2,,RLIEF,MFS048,1721.28987425248,,,True,1,1,"{1,3,4}",,,False,False,,True,2026-03-02 22:32:41.817242+00:00,2,2026-03-02 22:32:41.817242+00:00,2
1816,C_RLT007,Ralston Powerhouse Tailrace,,Stream,2,1,1,,RLT007,RUB001,35.7025853836508,,,True,1,1,"{1,3,4}",,,False,False,,True,2026-03-02 22:32:41.817242+00:00,2,2026-03-02 22:32:41.817242+00:00,2
1817,C_RRT000,Rubicon-Rockbound Tunnel,,Canal,2,1,1,,RRT000,LRB005,921.496684489012,,,True,1,1,"{1,3,4}",,,False,False,,True,2026-03-02 22:32:41.817242+00:00,2,2026-03-02 22:32:41.817242+00:00,2
1818,C_RSL001B,Indian Slough,,Stream,2,1,1,,RSL001,RSL004,11420.308807511,,,True,1,1,"{1,3,4}",,,False,False,,True,2026-03-02 22:32:41.817242+00:00,2,2026-03-02 22:32:41.817242+00:00,2
1819,C_RUB002,Rubicon River,,Stream,2,1,1,,RUB002,RUB001,1029.01473063852,,,True,1,1,"{1,3,4}",,,False,False,,True,2026-03-02 22:32:41.817242+00:00,2,2026-03-02 22:32:41.817242+00:00,2
1820,C_RUB005,Rubicon River,,Stream,2,1,1,,RUB005,RUB004,2641.12172303375,,,True,1,1,"{1,3,4}",,,False,False,,True,2026-03-02 22:32:41.817242+00:00,2,2026-03-02 22:32:41.817242+00:00,2
1821,C_RUB031,Rubicon River,,Stream,2,1,1,,RUB031,RUB023,12534.9222386557,,,True,1,1,"{1,3,4}",,,False,False,,True,2026-03-02 22:32:41.817242+00:00,2,2026-03-02 22:32:41.817242+00:00,2
1822,C_RUB044,Rubicon River,,Stream,2,1,1,,RUB044,RUB041,3659.00751694422,,,True,1,1,"{1,3,4}",,,False,False,,True,2026-03-02 22:32:41.817242+00:00,2,2026-03-02 22:32:41.817242+00:00,2
1823,C_RVC000,Richvale ID - Buttler Canal,,Canal,2,1,1,,RVC000,RVC005,7364.97312011841,,,True,1,1,"{1,3,4}",,,False,False,,True,2026-03-02 22:32:41.817242+00:00,2,2026-03-02 22:32:41.817242+00:00,2
1824,C_SAC000,Sacramento River,,Stream,2,1,1,SAC,SAC000,CHIPPS,,,,True,1,1,"{1,3,4}",SAC_LOWER,UNIMP_SRBB,False,True,stream,True,2026-03-02 22:32:41.817242+00:00,2,2026-03-02 22:32:41.817242+00:00,2
1825,C_SAC007,Sacramento River,,Stream,2,1,1,SAC,SAC007,SAC003,6437.37595516694,,,True,1,1,"{1,3,4}",SAC_LOWER,UNIMP_SRBB,False,False,stream,True,2026-03-02 22:32:41.817242+00:00,2,2026-03-02 22:32:41.817242+00:00,2
1826,C_SAC017,Sacramento River,,Stream,2,1,1,,SAC017,SAC011,9256.70836743719,,,True,1,1,"{1,3,4}",,,False,False,,True,2026-03-02 22:32:41.817242+00:00,2,2026-03-02 22:32:41.817242+00:00,2
1827,C_SAC029A,Sacramento River,,Stream,2,1,1,,SAC029,SAC022,11458.3682729878,,,True,1,1,"{1,3,4}",,,False,False,,True,2026-03-02 22:32:41.817242+00:00,2,2026-03-02 22:32:41.817242+00:00,2
1828,C_SAC030,Sacramento River,,Stream,2,1,1,,SAC030,SAC029,973.303383042203,,,True,1,1,"{1,3,4}",,,False,False,,True,2026-03-02 22:32:41.817242+00:00,2,2026-03-02 22:32:41.817242+00:00,2
1829,C_SAC041,Sacramento River at Hood,,Stream,2,1,1,DELTA,SAC041,SAC036,8046.71999659973,,,True,1,1,"{1,3,4}",SAC_LOWER,UNIMP_SRBB,False,False,stream,True,2026-03-02 22:32:41.817242+00:00,2,2026-03-02 22:32:41.817242+00:00,2
1830,C_SAC049,"Sacramento River downstream of American River, at Freeport",,Stream,2,1,1,SAC,SAC049,SAC048,1364.91856781194,,,True,1,1,"{1,3,4}",SAC_LOWER,UNIMP_SRBB,True,True,stream,True,2026-03-02 22:32:41.817242+00:00,2,2026-03-02 22:32:41.817242+00:00,2
1831,C_SAC053,Sacramento River,,Stream,2,1,1,,SAC053,SAC050,4827.87098246476,,,True,1,1,"{1,3,4}",,,False,False,,True,2026-03-02 22:32:41.817242+00:00,2,2026-03-02 22:32:41.817242+00:00,2
1832,C_SAC061,Sacramento River,,Stream,2,1,1,,SAC061,SAC057,8262.09210151904,,,True,1,1,"{1,3,4}",,,False,False,,True,2026-03-02 22:32:41.817242+00:00,2,2026-03-02 22:32:41.817242+00:00,2
1833,C_SAC063,Sacramento River,,Stream,2,1,1,,SAC063,SAC062,625.165385534433,,,True,1,1,"{1,3,4}",,,False,False,,True,2026-03-02 22:32:41.817242+00:00,2,2026-03-02 22:32:41.817242+00:00,2
1834,C_SAC065,Sacramento River,,Stream,2,1,1,,SAC065,SAC064,3379.84031239653,,,True,1,1,"{1,3,4}",,,False,False,,True,2026-03-02 22:32:41.817242+00:00,2,2026-03-02 22:32:41.817242+00:00,2
1835,C_SAC074,Sacramento River,,Stream,2,1,1,,SAC074,SAC066,12280.8297192622,,,True,1,1,"{1,3,4}",,,False,False,,True,2026-03-02 22:32:41.817242+00:00,2,2026-03-02 22:32:41.817242+00:00,2
1836,C_SAC077,Sacramento River,,Stream,2,1,1,,SAC077,SAC075,3218.44653964038,,,True,1,1,"{1,3,4}",,,False,False,,True,2026-03-02 22:32:41.817242+00:00,2,2026-03-02 22:32:41.817242+00:00,2
1837,C_SAC081,Sacramento River,,Stream,2,1,1,,SAC081,SAC078,5080.6451550226,,,True,1,1,"{1,3,4}",,,False,False,,True,2026-03-02 22:32:41.817242+00:00,2,2026-03-02 22:32:41.817242+00:00,2
1838,C_SAC083,Sacramento River,,Stream,2,1,1,SAC,SAC083,SAC082,1579.90198593392,,,True,1,1,"{1,3,4}",SAC_LOWER,UNIMP_SRBB,False,False,stream,True,2026-03-02 22:32:41.817242+00:00,2,2026-03-02 22:32:41.817242+00:00,2
1839,C_SAC091,Sacramento River,,Stream,2,1,1,,SAC091,SAC085,9152.87796426811,,,True,1,1,"{1,3,4}",,,False,False,,True,2026-03-02 22:32:41.817242+00:00,2,2026-03-02 22:32:41.817242+00:00,2
1840,C_SAC093,Sacramento River,,Stream,2,1,1,,SAC093,SAC092,586.123240220915,,,True,1,1,"{1,3,4}",,,False,False,,True,2026-03-02 22:32:41.817242+00:00,2,2026-03-02 22:32:41.817242+00:00,2
1841,C_SAC099,Sacramento River,,Stream,2,1,1,,SAC099,SAC097,3545.12444054996,,,True,1,1,"{1,3,4}",,,False,False,,True,2026-03-02 22:32:41.817242+00:00,2,2026-03-02 22:32:41.817242+00:00,2
1842,C_SAC109,Sacramento River,,Stream,2,1,1,,SAC109,SAC106,4346.49830360606,,,True,1,1,"{1,3,4}",,,False,False,,True,2026-03-02 22:32:41.817242+00:00,2,2026-03-02 22:32:41.817242+00:00,2
1843,C_SAC120,Sacramento River,,Stream,2,1,1,SAC,SAC120,SAC115,9547.47633897296,,,True,1,1,"{1,3,4}",SAC_LOWER,UNIMP_SRBB,False,False,stream,True,2026-03-02 22:32:41.817242+00:00,2,2026-03-02 22:32:41.817242+00:00,2
1844,C_SAC122,Sacramento River,,Stream,2,1,1,SAC,SAC122,SAC121,1433.25104932103,,,True,1,1,"{1,3,4}",SAC_LOWER,UNIMP_SRBB,True,True,stream,True,2026-03-02 22:32:41.817242+00:00,2,2026-03-02 22:32:41.817242+00:00,2
1845,C_SAC134,Sacramento River,,Stream,2,1,1,,SAC134,SAC129,8046.71998543938,,,True,1,1,"{1,3,4}",,,False,False,,True,2026-03-02 22:32:41.817242+00:00,2,2026-03-02 22:32:41.817242+00:00,2
1846,C_SAC141,Sacramento River,,Stream,2,1,1,,SAC141,SAC136,6719.23646577633,,,True,1,1,"{1,3,4}",,,False,False,,True,2026-03-02 22:32:41.817242+00:00,2,2026-03-02 22:32:41.817242+00:00,2
1847,C_SAC148,Sacramento River,,Stream,2,1,1,SAC,SAC148,SAC146,3413.83922573421,,,True,1,1,"{1,3,4}",SAC_LOWER,UNIMP_SRBB,True,True,stream,True,2026-03-02 22:32:41.817242+00:00,2,2026-03-02 22:32:41.817242+00:00,2
1848,C_SAC159,Sacramento River,,Stream,2,1,1,,SAC159,SAC154,8594.37782674483,,,True,1,1,"{1,3,4}",,,False,False,,True,2026-03-02 22:32:41.817242+00:00,2,2026-03-02 22:32:41.817242+00:00,2
1849,C_SAC168,Sacramento River,,Stream,2,1,1,,SAC168,SAC162,9656.0639217799,,,True,1,1,"{1,3,4}",,,False,False,,True,2026-03-02 22:32:41.817242+00:00,2,2026-03-02 22:32:41.817242+00:00,2
1850,C_SAC174,Sacramento River,,Stream,2,1,1,,SAC174,SAC169,7677.14555225064,,,True,1,1,"{1,3,4}",,,False,False,,True,2026-03-02 22:32:41.817242+00:00,2,2026-03-02 22:32:41.817242+00:00,2
1851,C_SAC182,Sacramento River,,Stream,2,1,1,,SAC182,SAC178,6437.37594733941,,,True,1,1,"{1,3,4}",,,False,False,,True,2026-03-02 22:32:41.817242+00:00,2,2026-03-02 22:32:41.817242+00:00,2
1852,C_SAC188,Sacramento River,,Stream,2,1,1,,SAC188,SAC185,4242.9711070621,,,True,1,1,"{1,3,4}",,,False,False,,True,2026-03-02 22:32:41.817242+00:00,2,2026-03-02 22:32:41.817242+00:00,2
1853,C_SAC195,Sacramento River,,Stream,2,1,1,,SAC195,SAC193,4837.96816056265,,,True,1,1,"{1,3,4}",,,False,False,,True,2026-03-02 22:32:41.817242+00:00,2,2026-03-02 22:32:41.817242+00:00,2
1854,C_SAC201,Sacramento River,,Stream,2,1,1,SAC,SAC201,SAC196,9126.65301931873,,,True,1,1,"{1,3,4}",SAC_LOWER,UNIMP_SRBB,False,False,stream,True,2026-03-02 22:32:41.817242+00:00,2,2026-03-02 22:32:41.817242+00:00,2
1855,C_SAC214,Sacramento River,,Stream,2,1,1,,SAC214,SAC207,11987.3224014946,,,True,1,1,"{1,3,4}",,,False,False,,True,2026-03-02 22:32:41.817242+00:00,2,2026-03-02 22:32:41.817242+00:00,2
1856,C_SAC218,Sacramento River,,Stream,2,1,1,,SAC218,SAC217,1544.60569602671,,,True,1,1,"{1,3,4}",,,False,False,,True,2026-03-02 22:32:41.817242+00:00,2,2026-03-02 22:32:41.817242+00:00,2
1857,C_SAC228,Sacramento River,,Stream,2,1,1,,SAC228,SAC224,6463.47188917418,,,True,1,1,"{1,3,4}",,,False,False,,True,2026-03-02 22:32:41.817242+00:00,2,2026-03-02 22:32:41.817242+00:00,2
1858,C_SAC232,Sacramento River,,Stream,2,1,1,,SAC232,SAC229,5398.74856580162,,,True,1,1,"{1,3,4}",,,False,False,,True,2026-03-02 22:32:41.817242+00:00,2,2026-03-02 22:32:41.817242+00:00,2
1859,C_SAC247,Sacramento River,,Stream,2,1,1,,SAC247,SAC240,11668.9121385668,,,True,1,1,"{1,3,4}",,,False,False,,True,2026-03-02 22:32:41.817242+00:00,2,2026-03-02 22:32:41.817242+00:00,2
1860,C_SAC254,Sacramento River,,Stream,2,1,1,,SAC254,SAC250,6647.60722307837,,,True,1,1,"{1,3,4}",,,False,False,,True,2026-03-02 22:32:41.817242+00:00,2,2026-03-02 22:32:41.817242+00:00,2
1861,C_SAC259,Sacramento River,,Stream,2,1,1,,SAC259,SAC257,2783.01124799203,,,True,1,1,"{1,3,4}",,,False,False,,True,2026-03-02 22:32:41.817242+00:00,2,2026-03-02 22:32:41.817242+00:00,2
1862,C_SAC269,Sacramento River,,Stream,2,1,1,,SAC269,SAC265,5699.67772521279,,,True,1,1,"{1,3,4}",,,False,False,,True,2026-03-02 22:32:41.817242+00:00,2,2026-03-02 22:32:41.817242+00:00,2
1863,C_SAC273,Sacramento River,,Stream,2,1,1,,SAC273,SAC271,4284.23624948776,,,True,1,1,"{1,3,4}",,,False,False,,True,2026-03-02 22:32:41.817242+00:00,2,2026-03-02 22:32:41.817242+00:00,2
1864,C_SAC277,Sacramento River,,Stream,2,1,1,,SAC277,SAC275,4040.04748925568,,,True,1,1,"{1,3,4}",,,False,False,,True,2026-03-02 22:32:41.817242+00:00,2,2026-03-02 22:32:41.817242+00:00,2
1865,C_SAC287,Sacramento River,,Stream,2,1,1,,SAC287,SAC281,8934.33030039032,,,True,1,1,"{1,3,4}",,,False,False,,True,2026-03-02 22:32:41.817242+00:00,2,2026-03-02 22:32:41.817242+00:00,2
1866,C_SAC294,Sacramento River,,Stream,2,1,1,,SAC294,SAC289,8547.94920782837,,,True,1,1,"{1,3,4}",,,False,False,,True,2026-03-02 22:32:41.817242+00:00,2,2026-03-02 22:32:41.817242+00:00,2
1867,C_SAC299,Sacramento River,,Stream,2,1,1,,SAC299,SAC296,4634.64143187482,,,True,1,1,"{1,3,4}",,,False,False,,True,2026-03-02 22:32:41.817242+00:00,2,2026-03-02 22:32:41.817242+00:00,2
1868,C_SAL006,Salt Slough,,Stream,2,1,2,,SAL006,SJR127,9384.61347602712,,,True,1,1,"{1,3,4}",,,False,False,,True,2026-03-02 22:32:41.817242+00:00,2,2026-03-02 22:32:41.817242+00:00,2
1869,C_SBA000,,,,2,1,,,,,,,,False,1,1,"{1,3,4}",,,False,False,,True,2026-03-02 22:32:41.817242+00:00,2,2026-03-02 22:32:41.817242+00:00,2
1870,C_SBA009,,,,2,1,,,,,,,,False,1,1,"{1,3,4}",,,False,False,,True,2026-03-02 22:32:41.817242+00:00,2,2026-03-02 22:32:41.817242+00:00,2
1871,C_SBA016,,,,2,1,,,,,,,,False,1,1,"{1,3,4}",,,False,False,,True,2026-03-02 22:32:41.817242+00:00,2,2026-03-02 22:32:41.817242+00:00,2
1872,C_SBA019,,,,2,1,,,,,,,,False,1,1,"{1,3,4}",,,False,False,,True,2026-03-02 22:32:41.817242+00:00,2,2026-03-02 22:32:41.817242+00:00,2
1873,C_SBA020,,,,2,1,,,,,,,,False,1,1,"{1,3,4}",,,False,False,,True,2026-03-02 22:32:41.817242+00:00,2,2026-03-02 22:32:41.817242+00:00,2
1874,C_SBA029,,,,2,1,,,,,,,,False,1,1,"{1,3,4}",,,False,False,,True,2026-03-02 22:32:41.817242+00:00,2,2026-03-02 22:32:41.817242+00:00,2
1875,C_SBA036,,,,2,1,,,,,,,,False,1,1,"{1,3,4}",,,False,False,,True,2026-03-02 22:32:41.817242+00:00,2,2026-03-02 22:32:41.817242+00:00,2
1876,C_SBP012,Sutter Bypass,,Bypass,2,1,1,,SBP012,SSL001,17322.087891181,,,True,1,1,"{1,3,4}",,,False,False,,True,2026-03-02 22:32:41.817242+00:00,2,2026-03-02 22:32:41.817242+00:00,2
1877,C_SBP018,Sutter Bypass,,Bypass,2,1,1,,SBP018,SBP014,6437.37598948458,,,True,1,1,"{1,3,4}",,,False,False,,True,2026-03-02 22:32:41.817242+00:00,2,2026-03-02 22:32:41.817242+00:00,2
1878,C_SBP024,Sutter Bypass,,Bypass,2,1,1,,SBP024,SBP021,4455.39200175394,,,True,1,1,"{1,3,4}",,,False,False,,True,2026-03-02 22:32:41.817242+00:00,2,2026-03-02 22:32:41.817242+00:00,2
1879,C_SBP031,Sutter Bypass,,Bypass,2,1,1,,SBP031,SBP028,5592.35749243028,,,True,1,1,"{1,3,4}",,,False,False,,True,2026-03-02 22:32:41.817242+00:00,2,2026-03-02 22:32:41.817242+00:00,2
1880,C_SCR002,Secret Ravine,,Stream,2,1,1,,SCR002,DCK012,10795.7931388036,,,True,1,1,"{1,3,4}",,,False,False,,True,2026-03-02 22:32:41.817242+00:00,2,2026-03-02 22:32:41.817242+00:00,2
1881,C_SCT001,Slate Creek Tunnel,,,2,1,1,,,,,,,False,1,1,"{1,3,4}",,,False,False,,True,2026-03-02 22:32:41.817242+00:00,2,2026-03-02 22:32:41.817242+00:00,2
1882,C_SCW004,South Fork Cottonwood Creek,,,2,1,1,,,,,,,False,1,1,"{1,3,4}",,,False,False,,True,2026-03-02 22:32:41.817242+00:00,2,2026-03-02 22:32:41.817242+00:00,2
1883,C_SCW008,South Fork Cottonwood Creek,,Stream,2,1,1,,SCW008,CWD009,12588.8664294363,,,True,1,1,"{1,3,4}",,,False,False,,True,2026-03-02 22:32:41.817242+00:00,2,2026-03-02 22:32:41.817242+00:00,2
1884,C_SDT000,South Fork Stanislaus Diversion Tunnel,,,2,1,2,,,,,,,False,1,1,"{1,3,4}",,,False,False,,True,2026-03-02 22:32:41.817242+00:00,2,2026-03-02 22:32:41.817242+00:00,2
1885,C_SFA011,South Fork American River,,,2,1,1,,,,,,,False,1,1,"{1,3,4}",,,False,False,,True,2026-03-02 22:32:41.817242+00:00,2,2026-03-02 22:32:41.817242+00:00,2
1886,C_SFA017,South Fork American River,,,2,1,1,,,,,,,False,1,1,"{1,3,4}",,,False,False,,True,2026-03-02 22:32:41.817242+00:00,2,2026-03-02 22:32:41.817242+00:00,2
1887,C_SFA030,South Fork American River,,Stream,2,1,1,,SFA030,FOLSM,47549.2309163967,,,True,1,1,"{1,3,4}",,,False,False,,True,2026-03-02 22:32:41.817242+00:00,2,2026-03-02 22:32:41.817242+00:00,2
1888,C_SFA035,South Fork American River,,Stream,2,1,1,,SFA035,SFA032,3684.99137339075,,,True,1,1,"{1,3,4}",,,False,False,,True,2026-03-02 22:32:41.817242+00:00,2,2026-03-02 22:32:41.817242+00:00,2
1889,C_SFA044,South Fork American River,,,2,1,1,,,,,,,False,1,1,"{1,3,4}",,,False,False,,True,2026-03-02 22:32:41.817242+00:00,2,2026-03-02 22:32:41.817242+00:00,2
1890,C_SFA045,South Fork American River,,Stream,2,1,1,,SFA045,SFA040,3130.64362960205,,,True,1,1,"{1,3,4}",,,False,False,,True,2026-03-02 22:32:41.817242+00:00,2,2026-03-02 22:32:41.817242+00:00,2
1891,C_SFA048,South Fork American River,,Stream,2,1,1,,SFA048,SFA046,3914.01553354849,,,True,1,1,"{1,3,4}",,,False,False,,True,2026-03-02 22:32:41.817242+00:00,2,2026-03-02 22:32:41.817242+00:00,2
1892,C_SFA063,South Fork American River,,Stream,2,1,1,,SFA063,SFA059,6125.24666221474,,,True,1,1,"{1,3,4}",,,False,False,,True,2026-03-02 22:32:41.817242+00:00,2,2026-03-02 22:32:41.817242+00:00,2
1893,C_SFA066,South Fork American River,,Stream,2,1,1,,SFA066,SFA065,965.006550930998,,,True,1,1,"{1,3,4}",,,False,False,,True,2026-03-02 22:32:41.817242+00:00,2,2026-03-02 22:32:41.817242+00:00,2
1894,C_SFA076,South Fork American River,,Stream,2,1,1,,SFA076,SFA068,13352.2532686779,,,True,1,1,"{1,3,4}",,,False,False,,True,2026-03-02 22:32:41.817242+00:00,2,2026-03-02 22:32:41.817242+00:00,2
1895,C_SFA085,South Fork American River,,Stream,2,1,1,,SFA084,SFA079,9445.0538703858,,,True,1,1,"{1,3,4}",,,False,False,,True,2026-03-02 22:32:41.817242+00:00,2,2026-03-02 22:32:41.817242+00:00,2
1896,C_SFF002,South Fork Feather River,,Stream,2,1,1,,SFF002,FTR074,3949.50054303062,,,True,1,1,"{1,3,4}",,,False,False,,True,2026-03-02 22:32:41.817242+00:00,2,2026-03-02 22:32:41.817242+00:00,2
1897,C_SFF011,South Fork Feather River,,Stream,2,1,1,,SFF011,SFF008,5281.00770918914,,,True,1,1,"{1,3,4}",,,False,False,,True,2026-03-02 22:32:41.817242+00:00,2,2026-03-02 22:32:41.817242+00:00,2
1898,C_SFF019,South Fork Feather River,,,2,1,1,,,,,,,False,1,1,"{1,3,4}",,,False,False,,True,2026-03-02 22:32:41.817242+00:00,2,2026-03-02 22:32:41.817242+00:00,2
1899,C_SFF020,South Fork Feather River,,Stream,2,1,1,,SFF020,SFF018,2548.90091646301,,,True,1,1,"{1,3,4}",,,False,False,,True,2026-03-02 22:32:41.817242+00:00,2,2026-03-02 22:32:41.817242+00:00,2
1900,C_SFF029,South Fork Feather River,,Stream,2,1,1,,SFF029,SFF028,183.471475460811,,,True,1,1,"{1,3,4}",,,False,False,,True,2026-03-02 22:32:41.817242+00:00,2,2026-03-02 22:32:41.817242+00:00,2
1901,C_SFM003,South Fork Mokelumne River,,Stream,2,1,2,,SFM003,MFM001,4405.13357635813,,,True,1,1,"{1,3,4}",,,False,False,,True,2026-03-02 22:32:41.817242+00:00,2,2026-03-02 22:32:41.817242+00:00,2
1902,C_SFR004,South Fork Rubicon River,,Stream,2,1,1,,SFR004,RUB023,8011.19796306067,,,True,1,1,"{1,3,4}",,,False,False,,True,2026-03-02 22:32:41.817242+00:00,2,2026-03-02 22:32:41.817242+00:00,2
1903,C_SFR006,South Fork Rubicon River,,Stream,2,1,1,,SFR006,SFR005,1976.02401465956,,,True,1,1,"{1,3,4}",,,False,False,,True,2026-03-02 22:32:41.817242+00:00,2,2026-03-02 22:32:41.817242+00:00,2
1904,C_SFS033,South Fork Stanislaus River,,Stream,2,1,2,,SFS033,SFS030,4361.63593346619,,,True,1,1,"{1,3,4}",,,False,False,,True,2026-03-02 22:32:41.817242+00:00,2,2026-03-02 22:32:41.817242+00:00,2
1905,C_SFT002,South Fork Tuolumne River,,Stream,2,1,2,,SFT002,TUO097,4016.28411455169,,,True,1,1,"{1,3,4}",,,False,False,,True,2026-03-02 22:32:41.817242+00:00,2,2026-03-02 22:32:41.817242+00:00,2
1906,C_SFY007,South Yuba River,,Stream,2,1,1,,SFY007,YUB030,11649.6817314132,,,True,1,1,"{1,3,4}",,,False,False,,True,2026-03-02 22:32:41.817242+00:00,2,2026-03-02 22:32:41.817242+00:00,2
1907,C_SFY040,South Yuba River,,Stream,2,1,1,,SFY040,SFY033,12235.8305122111,,,True,1,1,"{1,3,4}",,,False,False,,True,2026-03-02 22:32:41.817242+00:00,2,2026-03-02 22:32:41.817242+00:00,2
1908,C_SFY043,South Yuba River,,Stream,2,1,1,,SFY043,SPLDG,997.261579016788,,,True,1,1,"{1,3,4}",,,False,False,,True,2026-03-02 22:32:41.817242+00:00,2,2026-03-02 22:32:41.817242+00:00,2
1909,C_SFY048,South Yuba River,,Stream,2,1,1,,SFY048,SFY044,6828.08089684327,,,True,1,1,"{1,3,4}",,,False,False,,True,2026-03-02 22:32:41.817242+00:00,2,2026-03-02 22:32:41.817242+00:00,2
1910,C_SHSTA,Sacramento River below Shasta,,Stream,2,1,1,SAC,SHSTA,SAC301,14053.8007973605,,,True,1,1,"{1,3,4}",SAC_UPPER,UNIMP_SHAS,False,False,reservoir_release,True,2026-03-02 22:32:41.817242+00:00,2,2026-03-02 22:32:41.817242+00:00,2
1911,C_SJR006,San Joaquin River,,Stream,2,1,1,,SJR006,SAC000,9656.08330299599,,,True,1,1,"{1,3,4}",,,False,False,,True,2026-03-02 22:32:41.817242+00:00,2,2026-03-02 22:32:41.817242+00:00,2
1912,C_SJR013,San Joaquin River,,Stream,2,1,1,SJR,SJR013,SJR009,6437.24171052345,,,True,1,1,"{1,3,4}",SAN_JOAQUIN,UNIMP_SJ,False,False,stream,True,2026-03-02 22:32:41.817242+00:00,2,2026-03-02 22:32:41.817242+00:00,2
1913,C_SJR023,San Joaquin River,,Stream,2,1,1,,SJR023,SJR022,2559.39300092114,,,True,1,1,"{1,3,4}",,,False,False,,True,2026-03-02 22:32:41.817242+00:00,2,2026-03-02 22:32:41.817242+00:00,2
1914,C_SJR028,San Joaquin River,,Stream,2,1,1,,SJR028,SJR026,3756.44744163546,,,True,1,1,"{1,3,4}",,,False,False,,True,2026-03-02 22:32:41.817242+00:00,2,2026-03-02 22:32:41.817242+00:00,2
1915,C_SJR038,San Joaquin River,,Stream,2,1,1,,SJR038,SJR033,7948.56409471224,,,True,1,1,"{1,3,4}",,,False,False,,True,2026-03-02 22:32:41.817242+00:00,2,2026-03-02 22:32:41.817242+00:00,2
1916,C_SJR043,San Joaquin River,,Stream,2,1,2,,SJR043,SJR042,2003.93538894639,,,True,1,1,"{1,3,4}",,,False,False,,True,2026-03-02 22:32:41.817242+00:00,2,2026-03-02 22:32:41.817242+00:00,2
1917,C_SJR053A,San Joaquin River,,Stream,2,1,2,,SJR053,SJR048,8582.50948273297,,,True,1,1,"{1,3,4}",,,False,False,,True,2026-03-02 22:32:41.817242+00:00,2,2026-03-02 22:32:41.817242+00:00,2
1918,C_SJR056,San Joaquin River inflow to Delta,,Stream,2,1,1,DELTA,SJR056,SJR053,4278.82190724643,,,True,1,1,"{1,3,4}",,,False,False,,True,2026-03-02 22:32:41.817242+00:00,2,2026-03-02 22:32:41.817242+00:00,2
1919,C_SJR070,San Joaquin River at Vernalis,,Stream,2,1,2,SJR,SJR070,SJR062,13155.7009321381,,,True,1,1,"{1,3,4}",SAN_JOAQUIN,UNIMP_SJ,True,True,stream,True,2026-03-02 22:32:41.817242+00:00,2,2026-03-02 22:32:41.817242+00:00,2
1920,C_SJR075,San Joaquin River,,Stream,2,1,2,,SJR075,SJR072,3783.50716422691,,,True,1,1,"{1,3,4}",,,False,False,,True,2026-03-02 22:32:41.817242+00:00,2,2026-03-02 22:32:41.817242+00:00,2
1921,C_SJR082,San Joaquin River,,Stream,2,1,2,,SJR082,SJR081,433.974712109888,,,True,1,1,"{1,3,4}",,,False,False,,True,2026-03-02 22:32:41.817242+00:00,2,2026-03-02 22:32:41.817242+00:00,2
1922,C_SJR090,San Joaquin River,,Stream,2,1,2,,SJR090,SJR087,4328.68900799953,,,True,1,1,"{1,3,4}",,,False,False,,True,2026-03-02 22:32:41.817242+00:00,2,2026-03-02 22:32:41.817242+00:00,2
1923,C_SJR096,San Joaquin River,,Stream,2,1,2,,SJR096,SJR091,7954.73533601585,,,True,1,1,"{1,3,4}",,,False,False,,True,2026-03-02 22:32:41.817242+00:00,2,2026-03-02 22:32:41.817242+00:00,2
1924,C_SJR102,San Joaquin River,,,2,1,2,,,,,,,False,1,1,"{1,3,4}",,,False,False,,True,2026-03-02 22:32:41.817242+00:00,2,2026-03-02 22:32:41.817242+00:00,2
1925,C_SJR105,San Joaquin River,,Stream,2,1,2,,SJR105,SJR101,6690.66711174396,,,True,1,1,"{1,3,4}",,,False,False,,True,2026-03-02 22:32:41.817242+00:00,2,2026-03-02 22:32:41.817242+00:00,2
1926,C_SJR111,San Joaquin River,,Stream,2,1,2,,SJR111,SJR106,7357.9595622524,,,True,1,1,"{1,3,4}",,,False,False,,True,2026-03-02 22:32:41.817242+00:00,2,2026-03-02 22:32:41.817242+00:00,2
1927,C_SJR115,San Joaquin River,,Stream,2,1,2,SJR,SJR115,SJR114,2640.25382631199,,,True,1,1,"{1,3,4}",SAN_JOAQUIN,UNIMP_SJ,False,False,stream,True,2026-03-02 22:32:41.817242+00:00,2,2026-03-02 22:32:41.817242+00:00,2
1928,C_SJR117,San Joaquin River,,Stream,2,1,2,,SJR117,SJR116,1908.80061008585,,,True,1,1,"{1,3,4}",,,False,False,,True,2026-03-02 22:32:41.817242+00:00,2,2026-03-02 22:32:41.817242+00:00,2
1929,C_SJR123,San Joaquin River,,Stream,2,1,2,,SJR123,SJR119,6629.06654957698,,,True,1,1,"{1,3,4}",,,False,False,,True,2026-03-02 22:32:41.817242+00:00,2,2026-03-02 22:32:41.817242+00:00,2
1930,C_SJR131,San Joaquin River,,Stream,2,1,2,,SJR131,SJR127,6503.248882581,,,True,1,1,"{1,3,4}",,,False,False,,True,2026-03-02 22:32:41.817242+00:00,2,2026-03-02 22:32:41.817242+00:00,2
1931,C_SJR141,San Joaquin River,,Stream,2,1,2,,SJR141,SJR134,11682.3915860436,,,True,1,1,"{1,3,4}",,,False,False,,True,2026-03-02 22:32:41.817242+00:00,2,2026-03-02 22:32:41.817242+00:00,2
1932,C_SJR152,San Joaquin River,,Stream,2,1,2,,SJR152,SJR145,10723.0855004231,,,True,1,1,"{1,3,4}",,,False,False,,True,2026-03-02 22:32:41.817242+00:00,2,2026-03-02 22:32:41.817242+00:00,2
1933,C_SJR166,San Joaquin River,,Stream,2,1,2,,SJR166,SJR157,15195.0836575284,,,True,1,1,"{1,3,4}",,,False,False,,True,2026-03-02 22:32:41.817242+00:00,2,2026-03-02 22:32:41.817242+00:00,2
1934,C_SJR179,San Joaquin River,,Stream,2,1,2,,SJR179,SJR173,9973.25522988949,,,True,1,1,"{1,3,4}",,,False,False,,True,2026-03-02 22:32:41.817242+00:00,2,2026-03-02 22:32:41.817242+00:00,2
1935,C_SJR185,San Joaquin River,,Stream,2,1,2,,SJR185,SJR180,8046.73605686957,,,True,1,1,"{1,3,4}",,,False,False,,True,2026-03-02 22:32:41.817242+00:00,2,2026-03-02 22:32:41.817242+00:00,2
1936,C_SJR195,San Joaquin River,,Stream,2,1,2,,SJR195,SJR192,4927.01804139812,,,True,1,1,"{1,3,4}",,,False,False,,True,2026-03-02 22:32:41.817242+00:00,2,2026-03-02 22:32:41.817242+00:00,2
1937,C_SJR200,San Joaquin River,,Stream,2,1,2,,SJR200,SJR198,3218.6944550385,,,True,1,1,"{1,3,4}",,,False,False,,True,2026-03-02 22:32:41.817242+00:00,2,2026-03-02 22:32:41.817242+00:00,2
1938,C_SJR205,"San Joaquin River, flow below bifurcation to Mendota Pool",,Stream,2,1,2,SOD,SJR205,MDOTA,4114.91094389416,,,True,1,1,"{1,3,4}",,,False,False,,True,2026-03-02 22:32:41.817242+00:00,2,2026-03-02 22:32:41.817242+00:00,2
1939,C_SJR214,San Joaquin River,,Stream,2,1,2,,SJR214,SJR213,171.128564081629,,,True,1,1,"{1,3,4}",,,False,False,,True,2026-03-02 22:32:41.817242+00:00,2,2026-03-02 22:32:41.817242+00:00,2
1940,C_SJR225,San Joaquin River,,Stream,2,1,2,SJR,SJR225,SJR221,6647.82975828583,,,True,1,1,"{1,3,4}",SAN_JOAQUIN,UNIMP_SJ,False,False,stream,True,2026-03-02 22:32:41.817242+00:00,2,2026-03-02 22:32:41.817242+00:00,2
1941,C_SJR235,San Joaquin River,,Stream,2,1,2,,SJR235,SJR227,13632.529141613,,,True,1,1,"{1,3,4}",,,False,False,,True,2026-03-02 22:32:41.817242+00:00,2,2026-03-02 22:32:41.817242+00:00,2
1942,C_SJR249,San Joaquin River,,Stream,2,1,2,,SJR249,SJR242,11265.4305474335,,,True,1,1,"{1,3,4}",,,False,False,,True,2026-03-02 22:32:41.817242+00:00,2,2026-03-02 22:32:41.817242+00:00,2
1943,C_SJR258,San Joaquin River,,Stream,2,1,2,,SJR258,SJR256,3363.68565732413,,,True,1,1,"{1,3,4}",,,False,False,,True,2026-03-02 22:32:41.817242+00:00,2,2026-03-02 22:32:41.817242+00:00,2
1944,C_SJR265,San Joaquin River,,Stream,2,1,2,,SJR265,SJR263,2270.86460884232,,,True,1,1,"{1,3,4}",,,False,False,,True,2026-03-02 22:32:41.817242+00:00,2,2026-03-02 22:32:41.817242+00:00,2
1945,C_SLC003,South Fork Long Canyon Creek,,Stream,2,1,1,,SLC003,SLC002,79.8460687875082,,,True,1,1,"{1,3,4}",,,False,False,,True,2026-03-02 22:32:41.817242+00:00,2,2026-03-02 22:32:41.817242+00:00,2
1946,C_SLF009,Silver Fork American River,,Stream,2,1,1,,SLF009,SFA006,3512.1489766944,,,True,1,1,"{1,3,4}",,,False,False,,True,2026-03-02 22:32:41.817242+00:00,2,2026-03-02 22:32:41.817242+00:00,2
1947,C_SLF014,Silver Fork American River,,Stream,2,1,1,,SLF015,SLF010,6180.3054718869,,,True,1,1,"{1,3,4}",,,False,False,,True,2026-03-02 22:32:41.817242+00:00,2,2026-03-02 22:32:41.817242+00:00,2
1948,C_SLO007,Salado Creek,,Stream,2,1,2,,SLO007,SLO000,11983.966165418,,,True,1,1,"{1,3,4}",,,False,False,,True,2026-03-02 22:32:41.817242+00:00,2,2026-03-02 22:32:41.817242+00:00,2
1949,C_SLT009,Slate Creek,,Stream,2,1,1,,SLT009,SLT008,154.5484990822,,,True,1,1,"{1,3,4}",,,False,False,,True,2026-03-02 22:32:41.817242+00:00,2,2026-03-02 22:32:41.817242+00:00,2
1950,C_SLUIS,San Luis Canal,,Canal,2,1,2,,SLUIS,CAA069,3848.50651628725,,,True,1,1,"{1,3,4}",,,False,False,,True,2026-03-02 22:32:41.817242+00:00,2,2026-03-02 22:32:41.817242+00:00,2
1951,C_SLV006,Silver Creek,,Stream,2,1,1,,SLV006,SLV005,560.0927245393,,,True,1,1,"{1,3,4}",,,False,False,,True,2026-03-02 22:32:41.817242+00:00,2,2026-03-02 22:32:41.817242+00:00,2
1952,C_SLV014,Silver Creek,,Stream,2,1,1,,SLV014,SLV007,13805.0434665177,,,True,1,1,"{1,3,4}",,,False,False,,True,2026-03-02 22:32:41.817242+00:00,2,2026-03-02 22:32:41.817242+00:00,2
1953,C_SLV016,Silver Creek,,Stream,2,1,1,,SLV016,SLV015,391.304818035404,,,True,1,1,"{1,3,4}",,,False,False,,True,2026-03-02 22:32:41.817242+00:00,2,2026-03-02 22:32:41.817242+00:00,2
1954,C_SLYCK,Lost Creek,,Stream,2,1,1,,SLYCK,LST004,2683.16541535384,,,True,1,1,"{1,3,4}",,,False,False,,True,2026-03-02 22:32:41.817242+00:00,2,2026-03-02 22:32:41.817242+00:00,2
1955,C_SPLDG,South Yuba River,,Stream,2,1,1,,SPLDG,SFY041,920.602247762196,,,True,1,1,"{1,3,4}",,,False,False,,True,2026-03-02 22:32:41.817242+00:00,2,2026-03-02 22:32:41.817242+00:00,2
1956,C_SSJ001,"South San Joaquin Main Canal, etc",,Canal,2,1,2,,SSJ001,SSJ004,4492.2867174197,,,True,1,1,"{1,3,4}",,,False,False,,True,2026-03-02 22:32:41.817242+00:00,2,2026-03-02 22:32:41.817242+00:00,2
1957,C_SSV013,South Fork Silver Creek,,,2,1,1,,,,,,,False,1,1,"{1,3,4}",,,False,False,,True,2026-03-02 22:32:41.817242+00:00,2,2026-03-02 22:32:41.817242+00:00,2
1958,C_STC008,,,,2,1,,,,,,,,False,1,1,"{1,3,4}",,,False,False,,True,2026-03-02 22:32:41.817242+00:00,2,2026-03-02 22:32:41.817242+00:00,2
1959,C_STC010,,,,2,1,,,,,,,,False,1,1,"{1,3,4}",,,False,False,,True,2026-03-02 22:32:41.817242+00:00,2,2026-03-02 22:32:41.817242+00:00,2
1960,C_STH000,South Canal,,Canal,2,1,1,,STH000,STH001,621.622733891164,,,True,1,1,"{1,3,4}",,,False,False,,True,2026-03-02 22:32:41.817242+00:00,2,2026-03-02 22:32:41.817242+00:00,2
1961,C_STH001_PCWA,South Canal PCWA,,,2,1,1,,,,,,,False,1,1,"{1,3,4}",,,False,False,,True,2026-03-02 22:32:41.817242+00:00,2,2026-03-02 22:32:41.817242+00:00,2
1962,C_STH001_PGE,South Canal PGE,,,2,1,1,,,,,,,False,1,1,"{1,3,4}",,,False,False,,True,2026-03-02 22:32:41.817242+00:00,2,2026-03-02 22:32:41.817242+00:00,2
1963,C_STH002,South Canal,,,2,1,1,,,,,,,False,1,1,"{1,3,4}",,,False,False,,True,2026-03-02 22:32:41.817242+00:00,2,2026-03-02 22:32:41.817242+00:00,2
1964,C_STH002_PCWA,South Canal PCWA,,,2,1,1,,,,,,,False,1,1,"{1,3,4}",,,False,False,,True,2026-03-02 22:32:41.817242+00:00,2,2026-03-02 22:32:41.817242+00:00,2
1965,C_STH002_PGE,South Canal PGE,,,2,1,1,,,,,,,False,1,1,"{1,3,4}",,,False,False,,True,2026-03-02 22:32:41.817242+00:00,2,2026-03-02 22:32:41.817242+00:00,2
1966,C_STH003,South Canal,,,2,1,1,,,,,,,False,1,1,"{1,3,4}",,,False,False,,True,2026-03-02 22:32:41.817242+00:00,2,2026-03-02 22:32:41.817242+00:00,2
1967,C_STH003_PCWA,South Canal PCWA,,,2,1,1,,,,,,,False,1,1,"{1,3,4}",,,False,False,,True,2026-03-02 22:32:41.817242+00:00,2,2026-03-02 22:32:41.817242+00:00,2
1968,C_STH003_PGE,South Canal PGE,,,2,1,1,,,,,,,False,1,1,"{1,3,4}",,,False,False,,True,2026-03-02 22:32:41.817242+00:00,2,2026-03-02 22:32:41.817242+00:00,2
1969,C_STH004,South Canal,,Canal,2,1,1,,STH004,STH005,2532.79341327048,,,True,1,1,"{1,3,4}",,,False,False,,True,2026-03-02 22:32:41.817242+00:00,2,2026-03-02 22:32:41.817242+00:00,2
1970,C_STH005_PCWA,South Canal PCWA,,,2,1,1,,,,,,,False,1,1,"{1,3,4}",,,False,False,,True,2026-03-02 22:32:41.817242+00:00,2,2026-03-02 22:32:41.817242+00:00,2
1971,C_STH005_PGE,South Canal PGE,,,2,1,1,,,,,,,False,1,1,"{1,3,4}",,,False,False,,True,2026-03-02 22:32:41.817242+00:00,2,2026-03-02 22:32:41.817242+00:00,2
1972,C_STH007,South Canal,,Stream,2,1,1,,STH007,NFA011,549.011067771326,,,True,1,1,"{1,3,4}",,,False,False,,True,2026-03-02 22:32:41.817242+00:00,2,2026-03-02 22:32:41.817242+00:00,2
1973,C_STN004,Stony Creek,,Stream,2,1,1,,STN004,SAC193,5937.77962524744,,,True,1,1,"{1,3,4}",,,False,False,,True,2026-03-02 22:32:41.817242+00:00,2,2026-03-02 22:32:41.817242+00:00,2
1974,C_STN014,Stony Creek,,Stream,2,1,1,,STN014,STN009,8046.71993999928,,,True,1,1,"{1,3,4}",,,False,False,,True,2026-03-02 22:32:41.817242+00:00,2,2026-03-02 22:32:41.817242+00:00,2
1975,C_STN026,Stony Creek,,Stream,2,1,1,SJR,STN026,STN021,7570.78379045238,,,True,1,1,"{1,3,4}",UPPER_STANISLAUS,UNIMP_ST,False,False,stream,True,2026-03-02 22:32:41.817242+00:00,2,2026-03-02 22:32:41.817242+00:00,2
1976,C_STS017,Stanislaus River,,Stream,2,1,2,SJR,STS017,STS011,9443.64147185554,,,True,1,1,"{1,3,4}",UPPER_STANISLAUS,UNIMP_ST,False,False,stream,True,2026-03-02 22:32:41.817242+00:00,2,2026-03-02 22:32:41.817242+00:00,2
1977,C_STS030,Stanislaus River,,Stream,2,1,2,,STS030,STS020,16093.4722087246,,,True,1,1,"{1,3,4}",,,False,False,,True,2026-03-02 22:32:41.817242+00:00,2,2026-03-02 22:32:41.817242+00:00,2
1978,C_STS043,Stanislaus River,,Stream,2,1,2,,STS043,STS036,11265.4305619097,,,True,1,1,"{1,3,4}",,,False,False,,True,2026-03-02 22:32:41.817242+00:00,2,2026-03-02 22:32:41.817242+00:00,2
1979,C_STS050,Stanislaus River,,Stream,2,1,2,,STS050,STS048,3732.59444864253,,,True,1,1,"{1,3,4}",,,False,False,,True,2026-03-02 22:32:41.817242+00:00,2,2026-03-02 22:32:41.817242+00:00,2
1980,C_STS058,Stanislaus River,,Stream,2,1,2,,STS058,STS053,8775.19886467872,,,True,1,1,"{1,3,4}",,,False,False,,True,2026-03-02 22:32:41.817242+00:00,2,2026-03-02 22:32:41.817242+00:00,2
1981,C_STS060,Stanislaus River,,Stream,2,1,2,,STS060,STS059,2587.82413538541,,,True,1,1,"{1,3,4}",,,False,False,,True,2026-03-02 22:32:41.817242+00:00,2,2026-03-02 22:32:41.817242+00:00,2
1982,C_STS085,Stanislaus River,,Stream,2,1,2,,STS085,STS072,20464.5028051781,,,True,1,1,"{1,3,4}",,,False,False,,True,2026-03-02 22:32:41.817242+00:00,2,2026-03-02 22:32:41.817242+00:00,2
1983,C_STS091,Stanislaus River,,Stream,2,1,2,,STS091,STS090,705.377880998462,,,True,1,1,"{1,3,4}",,,False,False,,True,2026-03-02 22:32:41.817242+00:00,2,2026-03-02 22:32:41.817242+00:00,2
1984,C_SVRWD,,,,2,1,,,,,,,,False,1,1,"{1,3,4}",,,False,False,,True,2026-03-02 22:32:41.817242+00:00,2,2026-03-02 22:32:41.817242+00:00,2
1985,C_SYC000,South Yuba Canal,,Canal,2,1,1,,SYC000,SYC001,1047.72322517475,,,True,1,1,"{1,3,4}",,,False,False,,True,2026-03-02 22:32:41.817242+00:00,2,2026-03-02 22:32:41.817242+00:00,2
1986,C_SYC001_PGE,South Yuba Canal PGE,,,2,1,1,,,,,,,False,1,1,"{1,3,4}",,,False,False,,True,2026-03-02 22:32:41.817242+00:00,2,2026-03-02 22:32:41.817242+00:00,2
1987,C_SYC002,South Yuba Canal,,Canal,2,1,1,,SYC002,SYC003,112.783234181819,,,True,1,1,"{1,3,4}",,,False,False,,True,2026-03-02 22:32:41.817242+00:00,2,2026-03-02 22:32:41.817242+00:00,2
1988,C_SYC003_PGE,South Yuba Canal PGE,,,2,1,1,,,,,,,False,1,1,"{1,3,4}",,,False,False,,True,2026-03-02 22:32:41.817242+00:00,2,2026-03-02 22:32:41.817242+00:00,2
1989,C_SYC020,South Fork Deer Creek,,Canal,2,1,1,,SYC020,SFD003,119.44022660621,,,True,1,1,"{1,3,4}",,,False,False,,True,2026-03-02 22:32:41.817242+00:00,2,2026-03-02 22:32:41.817242+00:00,2
1990,C_TCC001,Tehama Colusa Canal,,Canal,2,1,1,,TCC001,TCC022,34607.775075432,,,True,1,1,"{1,3,4}",,,False,False,,True,2026-03-02 22:32:41.817242+00:00,2,2026-03-02 22:32:41.817242+00:00,2
1991,C_TCC031,Tehama Colusa Canal,,Canal,2,1,1,,TCC031,TCC036,8046.71995449497,,,True,1,1,"{1,3,4}",,,False,False,,True,2026-03-02 22:32:41.817242+00:00,2,2026-03-02 22:32:41.817242+00:00,2
1992,C_TCC062,Tehama Colusa Canal,,Canal,2,1,1,,TCC062,TCC066,6207.04060428468,,,True,1,1,"{1,3,4}",,,False,False,,True,2026-03-02 22:32:41.817242+00:00,2,2026-03-02 22:32:41.817242+00:00,2
1993,C_TCC081,Tehama Colusa Canal,,Canal,2,1,1,,TCC081,TCC085,7163.35324887844,,,True,1,1,"{1,3,4}",,,False,False,,True,2026-03-02 22:32:41.817242+00:00,2,2026-03-02 22:32:41.817242+00:00,2
1994,C_TFR000,"Texas, Fall, and Rucker Creeks",,Stream,2,1,1,,TFR000,SFY033,6629.30144472335,,,True,1,1,"{1,3,4}",,,False,False,,True,2026-03-02 22:32:41.817242+00:00,2,2026-03-02 22:32:41.817242+00:00,2
1995,C_TGC002,Tiger Creek,,Stream,2,1,2,,TGC002,NFM012,3154.25453792644,,,True,1,1,"{1,3,4}",,,False,False,,True,2026-03-02 22:32:41.817242+00:00,2,2026-03-02 22:32:41.817242+00:00,2
1996,C_TGR000,Tiger Creek Regulatory Canal (MokAque),,Canal,2,1,2,,TGR000,TGR001,273.552518024825,,,True,1,1,"{1,3,4}",,,False,False,,True,2026-03-02 22:32:41.817242+00:00,2,2026-03-02 22:32:41.817242+00:00,2
1997,C_TGR002,Tiger Creek Regulatory Canal (MokAque),,Canal,2,1,2,,TGR002,TGR006,7396.81340154486,,,True,1,1,"{1,3,4}",,,False,False,,True,2026-03-02 22:32:41.817242+00:00,2,2026-03-02 22:32:41.817242+00:00,2
1998,C_TGR021,Tiger Creek Powerhouse Tailrace,,Stream,2,1,2,,TGR021,NFM011,76.3794807034542,,,True,1,1,"{1,3,4}",,,False,False,,True,2026-03-02 22:32:41.817242+00:00,2,2026-03-02 22:32:41.817242+00:00,2
1999,C_THM012,Thomes Creek,,Stream,2,1,1,,THM012,THM005,11265.4078795498,,,True,1,1,"{1,3,4}",,,False,False,,True,2026-03-02 22:32:41.817242+00:00,2,2026-03-02 22:32:41.817242+00:00,2
2000,C_THM021,Thomes Creek,,Stream,2,1,1,,THM021,THM017,6437.37594680442,,,True,1,1,"{1,3,4}",,,False,False,,True,2026-03-02 22:32:41.817242+00:00,2,2026-03-02 22:32:41.817242+00:00,2
2001,C_THM028,Thomes Creek,,Stream,2,1,1,,THM028,THM026,2890.19239920237,,,True,1,1,"{1,3,4}",,,False,False,,True,2026-03-02 22:32:41.817242+00:00,2,2026-03-02 22:32:41.817242+00:00,2
2002,C_THRMF,Power Canal,,Canal,2,1,1,,THRMF,THRMA,2829.00486512312,,,True,1,1,"{1,3,4}",,,False,False,,True,2026-03-02 22:32:41.817242+00:00,2,2026-03-02 22:32:41.817242+00:00,2
2003,C_TRNSF,Los Vaqueros Pipeline,,Canal,2,1,1,,TRNSF,LVP007,11362.0542383403,,,True,1,1,"{1,3,4}",,,False,False,,True,2026-03-02 22:32:41.817242+00:00,2,2026-03-02 22:32:41.817242+00:00,2
2004,C_TTC000,Toadtown Canal,,Canal,2,1,1,,TTC000,TTC002,3576.09695368081,,,True,1,1,"{1,3,4}",,,False,False,,True,2026-03-02 22:32:41.817242+00:00,2,2026-03-02 22:32:41.817242+00:00,2
2005,C_TULOC,Stanislaus River,,Stream,2,1,2,,TULOC,STS060,340.000859262911,,,True,1,1,"{1,3,4}",,,False,False,,True,2026-03-02 22:32:41.817242+00:00,2,2026-03-02 22:32:41.817242+00:00,2
2006,C_TUO004,Tuolumne River,,Stream,2,1,2,,TUO004,TUO003,1180.73851192587,,,True,1,1,"{1,3,4}",,,False,False,,True,2026-03-02 22:32:41.817242+00:00,2,2026-03-02 22:32:41.817242+00:00,2
2007,C_TUO015,Tuolumne River,,Stream,2,1,2,,TUO015,TUO010,8046.73606807605,,,True,1,1,"{1,3,4}",,,False,False,,True,2026-03-02 22:32:41.817242+00:00,2,2026-03-02 22:32:41.817242+00:00,2
2008,C_TUO022,Tuolumne River,,Stream,2,1,2,,TUO022,TUO017,8671.03480652869,,,True,1,1,"{1,3,4}",,,False,False,,True,2026-03-02 22:32:41.817242+00:00,2,2026-03-02 22:32:41.817242+00:00,2
2009,C_TUO036,Tuolumne River,,Stream,2,1,2,,TUO036,TUO030,9656.08324268887,,,True,1,1,"{1,3,4}",,,False,False,,True,2026-03-02 22:32:41.817242+00:00,2,2026-03-02 22:32:41.817242+00:00,2
2010,C_TUO047,Tuolumne River,,Stream,2,1,2,,TUO047,TUO043,6437.3887999914,,,True,1,1,"{1,3,4}",,,False,False,,True,2026-03-02 22:32:41.817242+00:00,2,2026-03-02 22:32:41.817242+00:00,2
2011,C_TUO054,Tuolumne River,,Stream,2,1,2,,TUO054,TUO053,684.116429528325,,,True,1,1,"{1,3,4}",,,False,False,,True,2026-03-02 22:32:41.817242+00:00,2,2026-03-02 22:32:41.817242+00:00,2
2012,C_TUO081,Tuolumne River,,Stream,2,1,2,,TUO081,TUO073,13688.7819250785,,,True,1,1,"{1,3,4}",,,False,False,,True,2026-03-02 22:32:41.817242+00:00,2,2026-03-02 22:32:41.817242+00:00,2
2013,C_TUO096,Tuolumne River,,Stream,2,1,2,,TUO096,TUO091,8792.36955725261,,,True,1,1,"{1,3,4}",,,False,False,,True,2026-03-02 22:32:41.817242+00:00,2,2026-03-02 22:32:41.817242+00:00,2
2014,C_TUO102,Tuolumne River,,Stream,2,1,2,,TUO102,TUO097,8640.5024920332,,,True,1,1,"{1,3,4}",,,False,False,,True,2026-03-02 22:32:41.817242+00:00,2,2026-03-02 22:32:41.817242+00:00,2
2015,C_TUO104,Tuolumne River,,Stream,2,1,2,,TUO104,TUO103,823.272935596875,,,True,1,1,"{1,3,4}",,,False,False,,True,2026-03-02 22:32:41.817242+00:00,2,2026-03-02 22:32:41.817242+00:00,2
2016,C_TUO106,Tuolumne River,,Stream,2,1,2,,TUO106,TUO105,1091.43300830873,,,True,1,1,"{1,3,4}",,,False,False,,True,2026-03-02 22:32:41.817242+00:00,2,2026-03-02 22:32:41.817242+00:00,2
2017,C_TUR001,Turlock Main Canal,,Canal,2,1,2,,TUR001,TRLCK,18231.9380361174,,,True,1,1,"{1,3,4}",,,False,False,,True,2026-03-02 22:32:41.817242+00:00,2,2026-03-02 22:32:41.817242+00:00,2
2018,C_UBEAR,,,Stream,2,1,2,,UBEAR,LBEAR,4295.89205362892,,,True,1,1,"{1,3,4}",,,False,False,,True,2026-03-02 22:32:41.817242+00:00,2,2026-03-02 22:32:41.817242+00:00,2
2019,C_UNVLY,Silver Creek,,Stream,2,1,1,,UNVLY,SLV017,402.151308304758,,,True,1,1,"{1,3,4}",,,False,False,,True,2026-03-02 22:32:41.817242+00:00,2,2026-03-02 22:32:41.817242+00:00,2
2020,C_VLW008,Volta Wasteway,,Canal,2,1,2,,VLW008,LBN012,6608.31122435903,,,True,1,1,"{1,3,4}",,,False,False,,True,2026-03-02 22:32:41.817242+00:00,2,2026-03-02 22:32:41.817242+00:00,2
2021,C_WBF015,West Branch Feather River,,Stream,2,1,1,,WBF015,WBF006,14873.3778982285,,,True,1,1,"{1,3,4}",,,False,False,,True,2026-03-02 22:32:41.817242+00:00,2,2026-03-02 22:32:41.817242+00:00,2
2022,C_WBF039,West Branch Feather River,,Stream,2,1,1,,WBF039,WBF030,15381.9602026423,,,True,1,1,"{1,3,4}",,,False,False,,True,2026-03-02 22:32:41.817242+00:00,2,2026-03-02 22:32:41.817242+00:00,2
2023,C_WEC000,Western Canal,,Canal,2,1,1,,WEC000,WEC005,8046.99999027817,,,True,1,1,"{1,3,4}",,,False,False,,True,2026-03-02 22:32:41.817242+00:00,2,2026-03-02 22:32:41.817242+00:00,2
2024,C_WKYTN_DELTA,Clear Creek Delta,,,2,1,1,,,,,,,False,1,1,"{1,3,4}",,,False,False,,True,2026-03-02 22:32:41.817242+00:00,2,2026-03-02 22:32:41.817242+00:00,2
2025,C_WLF013,Wolf Creek,,Stream,2,1,1,,WLF013,BRR031,20898.5941994006,,,True,1,1,"{1,3,4}",,,False,False,,True,2026-03-02 22:32:41.817242+00:00,2,2026-03-02 22:32:41.817242+00:00,2
2026,C_WLF021,Wolf Creek,,Stream,2,1,1,,WLF021,WLF017,6645.1571631476,,,True,1,1,"{1,3,4}",,,False,False,,True,2026-03-02 22:32:41.817242+00:00,2,2026-03-02 22:32:41.817242+00:00,2
2027,C_WSE004,Wise Canal,,Canal,2,1,1,,WSE004,WSE008,7537.07914265657,,,True,1,1,"{1,3,4}",,,False,False,,True,2026-03-02 22:32:41.817242+00:00,2,2026-03-02 22:32:41.817242+00:00,2
2028,C_WWC006,Wadsworth Canal,,Canal,2,1,1,,WWC006,SBP028,10485.9028587873,,,True,1,1,"{1,3,4}",,,False,False,,True,2026-03-02 22:32:41.817242+00:00,2,2026-03-02 22:32:41.817242+00:00,2
2029,C_XCC010,Main Canal,,Canal,2,1,2,,XCC010,XCC025,24650.0715343232,,,True,1,1,"{1,3,4}",,,False,False,,True,2026-03-02 22:32:41.817242+00:00,2,2026-03-02 22:32:41.817242+00:00,2
2030,C_XCC033,Main Canal,,Canal,2,1,2,,XCC033,XCC043,15524.6471132173,,,True,1,1,"{1,3,4}",,,False,False,,True,2026-03-02 22:32:41.817242+00:00,2,2026-03-02 22:32:41.817242+00:00,2
2031,C_XCC053,Main Canal,,Canal,2,1,2,,XCC053,XCC054,1470.87328390257,,,True,1,1,"{1,3,4}",,,False,False,,True,2026-03-02 22:32:41.817242+00:00,2,2026-03-02 22:32:41.817242+00:00,2
2032,C_YBP007,Yolo Bypass,,Bypass,2,1,1,,YBP007,YBP002,8046.73613635105,,,True,1,1,"{1,3,4}",,,False,False,,True,2026-03-02 22:32:41.817242+00:00,2,2026-03-02 22:32:41.817242+00:00,2
2033,C_YBP014,Yolo Bypass,,Bypass,2,1,1,,YBP014,YBP011,4828.04164403989,,,True,1,1,"{1,3,4}",,,False,False,,True,2026-03-02 22:32:41.817242+00:00,2,2026-03-02 22:32:41.817242+00:00,2
2034,C_YBP020,Yolo Bypass inflow to Delta,,Bypass,2,1,1,DELTA,YBP020,YBP016,6321.06947604486,,,True,1,1,"{1,3,4}",SAC_LOWER,UNIMP_SRBB,False,False,stream,True,2026-03-02 22:32:41.817242+00:00,2,2026-03-02 22:32:41.817242+00:00,2
2035,C_YBP026,Yolo Bypass,,Bypass,2,1,1,,YBP026,YBP023,4231.36776281557,,,True,1,1,"{1,3,4}",,,False,False,,True,2026-03-02 22:32:41.817242+00:00,2,2026-03-02 22:32:41.817242+00:00,2
2036,C_YBP034,Yolo Bypass,,Bypass,2,1,1,,YBP034,YBP032,4002.78981253724,,,True,1,1,"{1,3,4}",,,False,False,,True,2026-03-02 22:32:41.817242+00:00,2,2026-03-02 22:32:41.817242+00:00,2
2037,C_YUB002,Yuba River,,Stream,2,1,1,SAC,YUB002,FTR028,3118.04331773276,,,True,1,1,"{1,3,4}",YUBA_RIVER,UNIMP_YUBA,True,True,stream,True,2026-03-02 22:32:41.817242+00:00,2,2026-03-02 22:32:41.817242+00:00,2
2038,C_YUB006,Yuba River,,Stream,2,1,1,,YUB006,YUB003,4828.03203248246,,,True,1,1,"{1,3,4}",,,False,False,,True,2026-03-02 22:32:41.817242+00:00,2,2026-03-02 22:32:41.817242+00:00,2
2039,C_YUB013,Yuba River,,Stream,2,1,1,,YUB013,YUB011,2724.39253730441,,,True,1,1,"{1,3,4}",,,False,False,,True,2026-03-02 22:32:41.817242+00:00,2,2026-03-02 22:32:41.817242+00:00,2
2040,C_YUB022,Yuba River,,Stream,2,1,1,,YUB022,YUB014,13562.7358852987,,,True,1,1,"{1,3,4}",,,False,False,,True,2026-03-02 22:32:41.817242+00:00,2,2026-03-02 22:32:41.817242+00:00,2
2041,C_YUB024,Yuba River,,Stream,2,1,1,,YUB024,YUB023,858.66209053447,,,True,1,1,"{1,3,4}",,,False,False,,True,2026-03-02 22:32:41.817242+00:00,2,2026-03-02 22:32:41.817242+00:00,2
2042,C_YUB034,Yuba River/North Yuba River,,Stream,2,1,1,,YUB034,YUB030,5016.03052883004,,,True,1,1,"{1,3,4}",,,False,False,,True,2026-03-02 22:32:41.817242+00:00,2,2026-03-02 22:32:41.817242+00:00,2
2043,C_ISF001_OMR027,C_ISF001_OMR027,Interior SF Bay / Old-Middle River junction,Delta interior flow junction — Old River / Middle River confluence,2,1,1,DELTA,ISF001_OMR027,,,,,False,0,1,"{1,3,4}",,,False,False,stream,True,2026-03-02 22:32:41.817242+00:00,2,2026-03-02 22:32:41.817242+00:00,2
2044,C_CAA003,C_CAA003,California Aqueduct at Harvey O. Banks PP,,2,1,1,SJR,CAA003,,,,,True,0,1,"{1,3,4}",,,False,False,canal,True,2026-03-02 22:32:41.817242+00:00,2,2026-03-02 22:32:41.817242+00:00,2
2045,C_CLV004,C_CLV004,Calaveras River,,2,1,1,SJR,CLV004,,,,,True,0,1,"{1,3,4}",,,False,False,canal,True,2026-03-02 22:32:41.817242+00:00,2,2026-03-02 22:32:41.817242+00:00,2
2046,C_DMC000,C_DMC000,Delta-Mendota Canal,,2,1,1,SJR,DMC000,,,,,True,0,1,"{1,3,4}",,,False,False,canal,True,2026-03-02 22:32:41.817242+00:00,2,2026-03-02 22:32:41.817242+00:00,2
2047,C_EBP016,C_EBP016,Eastside Bypass at Fresno River confluence,,2,1,1,SJR,EBP016,,,,,True,0,1,"{1,3,4}",SAN_JOAQUIN,UNIMP_SJ,False,False,stream,True,2026-03-02 22:32:41.817242+00:00,2,2026-03-02 22:32:41.817242+00:00,2
2048,C_FOLSM,C_FOLSM,American River at Folsom Dam,,2,1,1,SAC,FOLSM,,,,,True,0,1,"{1,3,4}",UPPER_AMERICAN,UNIMP_FOLS,False,False,reservoir_release,True,2026-03-02 22:32:41.817242+00:00,2,2026-03-02 22:32:41.817242+00:00,2
2049,C_FTR003,C_FTR003,Feather River,,2,1,1,SAC,FTR003,,,,,True,0,1,"{1,3,4}",UPPER_FEATHER,UNIMP_OROV,True,True,stream,True,2026-03-02 22:32:41.817242+00:00,2,2026-03-02 22:32:41.817242+00:00,2
2050,C_FTR012,C_FTR012,Feather River at Bear River confluence,,2,1,1,SAC,FTR012,,,,,True,0,1,"{1,3,4}",UPPER_FEATHER,UNIMP_OROV,False,False,stream,True,2026-03-02 22:32:41.817242+00:00,2,2026-03-02 22:32:41.817242+00:00,2
2051,C_FTR028,C_FTR028,Feather River at Yuba River confluence,,2,1,1,SAC,FTR028,,,,,True,0,1,"{1,3,4}",UPPER_FEATHER,UNIMP_OROV,False,False,stream,True,2026-03-02 22:32:41.817242+00:00,2,2026-03-02 22:32:41.817242+00:00,2
2052,C_FTR059,C_FTR059,Feather River at Thermalito Afterbay Outlet,,2,1,1,SAC,FTR059,,,,,True,0,1,"{1,3,4}",UPPER_FEATHER,UNIMP_OROV,True,False,stream,True,2026-03-02 22:32:41.817242+00:00,2,2026-03-02 22:32:41.817242+00:00,2
2053,C_MELON,C_MELON,Stanislaus River at New Melones Dam,,2,1,1,SJR,MELON,,,,,True,0,1,"{1,3,4}",UPPER_STANISLAUS,UNIMP_ST,False,False,reservoir_release,True,2026-03-02 22:32:41.817242+00:00,2,2026-03-02 22:32:41.817242+00:00,2
2054,C_MOK019,C_MOK019,Mokelumne River,,2,1,1,SJR,MOK019,,,,,True,0,1,"{1,3,4}",UPPER_MOKELUMNE,,False,False,stream,True,2026-03-02 22:32:41.817242+00:00,2,2026-03-02 22:32:41.817242+00:00,2
2055,C_MOK028,C_MOK028,Mokelumne River,,2,1,1,SJR,MOK028,,,,,True,0,1,"{1,3,4}",UPPER_MOKELUMNE,,True,True,stream,True,2026-03-02 22:32:41.817242+00:00,2,2026-03-02 22:32:41.817242+00:00,2
2056,C_NTOMA,C_NTOMA,American River at Lake Natoma / Folsom South Canal,,2,1,1,SAC,NTOMA,,,,,True,0,1,"{1,3,4}",UPPER_AMERICAN,UNIMP_FOLS,True,False,stream,True,2026-03-02 22:32:41.817242+00:00,2,2026-03-02 22:32:41.817242+00:00,2
2057,C_SAC029B,C_SAC029B,Sacramento River,,2,1,1,SAC,SAC029B,,,,,True,0,1,"{1,3,4}",SAC_LOWER,UNIMP_SRBB,False,False,stream,True,2026-03-02 22:32:41.817242+00:00,2,2026-03-02 22:32:41.817242+00:00,2
2058,C_SAC048,C_SAC048,Sacramento River,,2,1,1,SAC,SAC048,,,,,True,0,1,"{1,3,4}",SAC_LOWER,UNIMP_SRBB,False,False,stream,True,2026-03-02 22:32:41.817242+00:00,2,2026-03-02 22:32:41.817242+00:00,2
2059,C_SAC085,C_SAC085,Sacramento River at Knights Landing,,2,1,1,SAC,SAC085,,,,,True,0,1,"{1,3,4}",SAC_LOWER,UNIMP_SRBB,False,False,stream,True,2026-03-02 22:32:41.817242+00:00,2,2026-03-02 22:32:41.817242+00:00,2
2060,C_SAC240,C_SAC240,Sacramento River at Red Bluff Diversion Dam,,2,1,1,SAC,SAC240,,,,,True,0,1,"{1,3,4}",SAC_LOWER,UNIMP_SRBB,False,False,stream,True,2026-03-02 22:32:41.817242+00:00,2,2026-03-02 22:32:41.817242+00:00,2
2061,C_SAC257,C_SAC257,Sacramento River above Bend Bridge near Red Bluff,,2,1,1,SAC,SAC257,,,,,True,0,1,"{1,3,4}",SAC_LOWER,UNIMP_SRBB,True,True,stream,True,2026-03-02 22:32:41.817242+00:00,2,2026-03-02 22:32:41.817242+00:00,2
2062,C_SAC289,C_SAC289,Sacramento River at South Bonnieville Pumping Plant,,2,1,1,SAC,SAC289,,,,,True,0,1,"{1,3,4}",SAC_UPPER,UNIMP_SHAS,True,True,stream,True,2026-03-02 22:32:41.817242+00:00,2,2026-03-02 22:32:41.817242+00:00,2
2063,C_SJR127,C_SJR127,San Joaquin River at Salt Slough confluence,,2,1,1,SJR,SJR127,,,,,True,0,1,"{1,3,4}",SAN_JOAQUIN,UNIMP_SJ,True,True,stream,True,2026-03-02 22:32:41.817242+00:00,2,2026-03-02 22:32:41.817242+00:00,2
2064,C_SJR180,C_SJR180,San Joaquin River at Sack Dam diversion,,2,1,1,SJR,SJR180,,,,,True,0,1,"{1,3,4}",SAN_JOAQUIN,UNIMP_SJ,False,False,stream,True,2026-03-02 22:32:41.817242+00:00,2,2026-03-02 22:32:41.817242+00:00,2
2065,C_SSL001,C_SSL001,Sutter Bypass at Sacramento Slough confluence,,2,1,1,SAC,SSL001,,,,,True,0,1,"{1,3,4}",SAC_LOWER,UNIMP_SRBB,False,False,stream,True,2026-03-02 22:32:41.817242+00:00,2,2026-03-02 22:32:41.817242+00:00,2
2066,C_STS004,C_STS004,Stanislaus River,,2,1,1,SJR,STS004,,,,,True,0,1,"{1,3,4}",UPPER_STANISLAUS,UNIMP_ST,False,False,stream,True,2026-03-02 22:32:41.817242+00:00,2,2026-03-02 22:32:41.817242+00:00,2
2067,C_STS011,C_STS011,Stanislaus River,,2,1,1,SJR,STS011,,,,,True,0,1,"{1,3,4}",UPPER_STANISLAUS,UNIMP_ST,True,True,stream,True,2026-03-02 22:32:41.817242+00:00,2,2026-03-02 22:32:41.817242+00:00,2
2068,C_STS059,C_STS059,Stanislaus River,,2,1,1,SJR,STS059,,,,,True,0,1,"{1,3,4}",UPPER_STANISLAUS,UNIMP_ST,True,False,stream,True,2026-03-02 22:32:41.817242+00:00,2,2026-03-02 22:32:41.817242+00:00,2
2069,C_TRN111,C_TRN111,Trinity River at Lewiston,,2,1,1,NC,TRN111,,,,,True,0,1,"{1,3,4}",TRINITY_RIVER,UNIMP_TRIN,True,True,stream,True,2026-03-02 22:32:41.817242+00:00,2,2026-03-02 22:32:41.817242+00:00,2
2070,C_TRNTY,C_TRNTY,Trinity River at Trinity Dam (Clair Engle Lake),,2,1,1,NC,TRNTY,,,,,True,0,1,"{1,3,4}",TRINITY_RIVER,UNIMP_TRIN,False,False,reservoir_release,True,2026-03-02 22:32:41.817242+00:00,2,2026-03-02 22:32:41.817242+00:00,2
2071,C_TUO003,C_TUO003,Tuolumne River,,2,1,1,SJR,TUO003,,,,,True,0,1,"{1,3,4}",UPPER_TUOLUMNE,UNIMP_TU,True,True,stream,True,2026-03-02 22:32:41.817242+00:00,2,2026-03-02 22:32:41.817242+00:00,2
2072,C_WKYTN,C_WKYTN,Clear Creek at Whiskeytown Dam,,2,1,1,SAC,WKYTN,,,,,True,0,1,"{1,3,4}",CLEAR_CREEK,UNIMP_WH,False,False,reservoir_release,True,2026-03-02 22:32:41.817242+00:00,2,2026-03-02 22:32:41.817242+00:00,2
